date,slot,price_yuan_per_kwh,grid_purchase_plan_kwh,load_actual_kwh,pv_actual_kwh,soc_real_start_kwh,soc_real_end_kwh,plan_terminal_soc_kwh,x_real_kwh,y_real_kwh,q_real_kwh,z_real_kwh,emergency_purchase_kwh,planned_cost_slot_yuan,emergency_cost_slot_yuan,total_cost_slot_yuan,effective_contract_kwh,load_forecast_kwh,pv_forecast_kwh,run_label,rolling_primary_status,rolling_secondary_status,rolling_tertiary_status,rolling_primary_star,rolling_terminal_gap_star,rolling_max_violation,rolling_tertiary_throughput_star,initial_plan_cost_real_yuan,adjustment_cost_real_yuan,settled_total_cost_yuan,source_time
2025-03-20,1,0.4487,595.6955416666667,549.8448166666667,0.0,6000.0,6041.2656525,1199.9999999999998,45.85072500000001,549.8448166666667,0.0,0.0,0.0,267.28858954583336,0.0,267.28858954583336,595.6955416666667,584.9013,0.0,Q4 SMOKE / TEST ONLY,optimal,optimal,optimal,0.0,0.0,1e-07,34274.00591474379,267.28858954583336,0.0,267.28858954583336,00:10:00
2025-03-20,2,0.4373,582.9183583333333,570.3135,0.0,6041.2656525,6052.610025,1199.9999999999998,12.604858333333368,570.3135,0.0,0.0,0.0,254.91019809916668,0.0,254.91019809916668,582.9183583333333,580.637925,0.0,Q4 SMOKE / TEST ONLY,optimal,optimal,optimal,0.0,0.0,1e-07,34232.74026224333,254.91019809916668,0.0,254.91019809916668,00:20:00
2025-03-20,3,0.4311,604.9666666666666,613.8516666666667,0.0,6052.610025,6042.737802777778,1199.9999999999998,0.0,604.9666666666666,0.0,8.885000000000105,0.0,260.80112999999994,0.0,260.80112999999994,604.9666666666666,584.2533333333333,0.0,Q4 SMOKE / TEST ONLY,optimal,optimal,optimal,0.0,0.0,1e-07,34241.14033418661,260.80112999999994,0.0,260.80112999999994,00:30:00
2025-03-20,4,0.4344,604.2893666666666,579.4561666666666,0.0,6042.737802777778,6065.087682777777,1199.9999999999998,24.833200000000033,579.4561666666666,0.0,0.0,0.0,262.50330088,0.0,262.50330088,604.2893666666666,585.852525,0.0,Q4 SMOKE / TEST ONLY,optimal,optimal,optimal,0.0,0.0,1e-07,34231.26811196242,262.50330088,0.0,262.50330088,00:40:00
2025-03-20,5,0.4238,560.4954166666668,550.4449166666666,0.0,6065.087682777777,6074.133132777778,1199.9999999999998,10.05050000000017,550.4449166666666,0.0,0.0,0.0,237.53795758333337,0.0,237.53795758333337,560.4954166666668,581.061175,0.0,Q4 SMOKE / TEST ONLY,optimal,optimal,optimal,0.0,0.0,1e-07,34163.21654677499,237.53795758333337,0.0,237.53795758333337,00:50:00
2025-03-20,6,0.4296,563.5524999999999,571.1566666666666,0.0,6074.133132777778,6065.684058703704,1199.9999999999998,0.0,563.5524999999999,0.0,7.6041666666667425,0.0,242.10215399999996,0.0,242.10215399999996,563.5524999999999,574.9941666666666,0.0,Q4 SMOKE / TEST ONLY,optimal,optimal,optimal,0.0,0.0,1e-07,34145.64331899668,242.10215399999996,0.0,242.10215399999996,01:00:00
2025-03-20,7,0.4989,563.9215500000001,601.5890499999999,0.0,6065.684058703704,6023.831280925927,1199.9999999999998,0.0,563.9215500000001,0.0,37.66749999999979,0.0,281.34046129500007,0.0,281.34046129500007,563.9215500000001,574.9282666666667,0.0,Q4 SMOKE / TEST ONLY,optimal,optimal,optimal,0.0,0.0,1e-07,34196.44043011078,281.34046129500007,0.0,281.34046129500007,01:10:00
2025-03-20,8,0.5083,587.7014666666666,611.48375,0.0,6023.831280925927,5997.406521666668,1199.9999999999998,0.0,587.7014666666666,0.0,23.78228333333334,0.0,298.72865550666666,0.0,298.72865550666666,587.7014666666666,566.5154083333333,0.0,Q4 SMOKE / TEST ONLY,optimal,optimal,optimal,0.0,0.0,1e-07,34207.43717085436,298.72865550666666,0.0,298.72865550666666,01:20:00
2025-03-20,9,0.4468,1384.8266666666668,598.2166666666667,0.0,5997.406521666668,6705.355521666668,1199.9999999999998,786.6100000000001,598.2166666666667,0.0,0.0,0.0,618.7405546666668,0.0,618.7405546666668,1384.8266666666668,555.5416666666666,0.0,Q4 SMOKE / TEST ONLY,optimal,optimal,optimal,0.0,0.0,1e-07,34181.01241159561,618.7405546666668,0.0,618.7405546666668,01:30:00
2025-03-20,10,0.4284,1368.3710333333333,583.9359499999999,0.0,6705.355521666668,7411.347096666668,1199.9999999999998,784.4350833333334,583.9359499999999,0.0,0.0,0.0,586.21015068,0.0,586.21015068,1368.3710333333333,565.3116916666665,0.0,Q4 SMOKE / TEST ONLY,optimal,optimal,optimal,0.0,0.0,1e-07,33473.06341159539,586.21015068,0.0,586.21015068,01:40:00
2025-03-20,11,0.4436,587.3054500000001,590.99505,0.0,7411.347096666668,7407.247541111113,1199.9999999999998,0.0,587.3054500000001,0.0,3.6895999999999276,0.0,260.52869762,0.0,260.52869762,587.3054500000001,586.5803583333334,0.0,Q4 SMOKE / TEST ONLY,optimal,optimal,optimal,0.0,0.0,1e-07,32775.27094770626,260.52869762,0.0,260.52869762,01:50:00
2025-03-20,12,0.454,640.2366666666667,598.4433333333333,0.0,7407.247541111113,7444.861541111113,1199.9999999999998,41.79333333333341,598.4433333333333,0.0,0.0,0.0,290.6674466666667,0.0,290.6674466666667,640.2366666666667,599.0174999999999,0.0,Q4 SMOKE / TEST ONLY,optimal,optimal,optimal,0.0,0.0,1e-07,32771.17139215072,290.6674466666667,0.0,290.6674466666667,02:00:00
2025-03-20,13,0.4404,1397.4309916666666,565.9836166666666,0.0,7444.861541111113,8193.164178611114,1199.9999999999998,831.447375,565.9836166666666,0.0,0.0,0.0,615.42860873,0.0,615.42860873,1397.4309916666666,588.2001083333333,0.0,Q4 SMOKE / TEST ONLY,optimal,optimal,optimal,0.0,0.0,1e-07,32733.557392151288,615.42860873,0.0,615.42860873,02:10:00
2025-03-20,14,0.4405,1391.9107,546.1207666666667,0.0,8193.164178611114,8943.164178611114,1199.9999999999998,833.3333333333334,558.5773666666665,0.0,-3.410605131648481e-13,0.0,613.1366633499999,0.0,613.1366633499999,1391.9107,573.6596166666666,0.0,Q4 SMOKE / TEST ONLY,optimal,optimal,optimal,0.0,0.0,1e-07,31985.2547546516,613.1366633499999,0.0,613.1366633499999,02:20:00
2025-03-20,15,0.4545,574.0266666666668,565.7133333333334,0.0,8943.164178611114,8950.646178611114,1199.9999999999998,8.31333333333339,565.7133333333334,0.0,0.0,0.0,260.8951200000001,0.0,260.8951200000001,574.0266666666668,575.7566666666667,0.0,Q4 SMOKE / TEST ONLY,optimal,optimal,optimal,0.0,0.0,1e-07,31231.41031020675,260.8951200000001,0.0,260.8951200000001,02:30:00
2025-03-20,16,0.4389,603.5333833333334,597.9265666666666,0.0,8950.646178611114,8955.692313611115,1199.9999999999998,5.606816666666759,597.9265666666666,0.0,0.0,0.0,264.890801945,0.0,264.890801945,603.5333833333334,598.3176166666667,0.0,Q4 SMOKE / TEST ONLY,optimal,optimal,optimal,0.0,0.0,1e-07,31223.92831020624,264.890801945,0.0,264.890801945,02:40:00
2025-03-20,17,0.3868,620.2602749999999,600.9544666666666,0.0,8955.692313611115,8973.067541111115,1199.9999999999998,19.30580833333329,600.9544666666666,0.0,0.0,0.0,239.91667436999992,0.0,239.91667436999992,620.2602749999999,610.9324583333332,0.0,Q4 SMOKE / TEST ONLY,optimal,optimal,optimal,0.0,0.0,1e-07,31218.88217520521,239.91667436999992,0.0,239.91667436999992,02:50:00
2025-03-20,18,0.3634,613.2339249999991,587.1316666666667,0.0,8973.067541111115,8996.559573611114,1199.9999999999998,26.10225833333243,587.1316666666667,0.0,0.0,0.0,222.84920834499968,0.0,222.84920834499968,613.2339249999991,600.7908333333332,0.0,Q4 SMOKE / TEST ONLY,optimal,optimal,optimal,0.0,0.0,1e-07,31201.506947704016,222.84920834499968,0.0,222.84920834499968,03:00:00
2025-03-20,19,0.4416,1389.5688916666668,605.2103,0.0,8996.559573611114,9702.482306111113,1199.9999999999998,784.3585916666668,605.2103,0.0,0.0,0.0,613.63362256,0.0,613.63362256,1389.5688916666668,582.8030083333333,0.0,Q4 SMOKE / TEST ONLY,optimal,optimal,optimal,0.0,0.0,1e-07,31178.014915204352,613.63362256,0.0,613.63362256,03:10:00
2025-03-20,20,0.4839,569.9817416666666,621.8923833333333,0.0,9702.482306111113,9644.803815370373,1199.9999999999998,0.0,569.9817416666666,0.0,51.91064166666672,0.0,275.8141647925,0.0,275.8141647925,569.9817416666666,577.7906583333333,0.0,Q4 SMOKE / TEST ONLY,optimal,optimal,optimal,0.0,0.0,1e-07,30570.0960160381,275.8141647925,0.0,275.8141647925,03:20:00
2025-03-20,21,0.4574,516.3374999999999,620.1683333333333,0.0,9644.803815370373,9529.43622277778,1199.9999999999998,0.0,516.3374999999999,0.0,103.83083333333343,0.0,236.17277249999992,0.0,236.17277249999992,516.3374999999999,592.4341666666667,0.0,Q4 SMOKE / TEST ONLY,optimal,optimal,optimal,0.0,0.0,1e-07,30574.049006778172,236.17277249999992,0.0,236.17277249999992,03:30:00
2025-03-20,22,0.4575,579.2955416666666,616.6230833333333,0.0,9529.43622277778,9487.961176481484,1199.9999999999998,0.0,579.2955416666666,0.0,37.32754166666666,0.0,265.0277103125,0.0,265.0277103125,579.2955416666666,612.59555,0.0,Q4 SMOKE / TEST ONLY,optimal,optimal,optimal,0.0,0.0,1e-07,30467.631488259398,265.0277103125,0.0,265.0277103125,03:40:00
2025-03-20,23,0.4629,603.4300750000001,612.4637499999999,0.0,9487.961176481484,9477.923759814817,1199.9999999999998,0.0,603.4300750000001,0.0,9.03367499999979,0.0,279.32778171750005,0.0,279.32778171750005,603.4300750000001,604.7676916666667,0.0,Q4 SMOKE / TEST ONLY,optimal,optimal,optimal,0.0,0.0,1e-07,30443.258793815236,279.32778171750005,0.0,279.32778171750005,03:50:00
2025-03-20,24,0.4426,559.7333333333333,603.93,0.0,9477.923759814817,9428.81635240741,1199.9999999999998,0.0,559.7333333333333,0.0,44.1966666666666,0.0,247.73797333333334,0.0,247.73797333333334,559.7333333333333,589.3225,0.0,Q4 SMOKE / TEST ONLY,optimal,optimal,optimal,0.0,0.0,1e-07,30465.682488259532,247.73797333333334,0.0,247.73797333333334,04:00:00
2025-03-20,25,0.4023,593.0469583333334,589.79495,0.00031666666666666665,9428.81635240741,9431.74344490741,1199.9999999999998,3.2523250000000417,589.7946333333333,0.0,0.0,0.0,238.5827913375,0.0,238.5827913375,593.0469583333334,615.663375,0.0,Q4 SMOKE / TEST ONLY,optimal,optimal,optimal,0.0,0.0,1e-07,30366.316377147294,238.5827913375,0.0,238.5827913375,04:10:00
2025-03-20,26,0.4075,617.7696666666667,581.4640499999999,0.0,9431.74344490741,9464.41849990741,1199.9999999999998,36.305616666666765,581.4640499999999,0.0,0.0,0.0,251.74113916666667,0.0,251.74113916666667,617.7696666666667,619.0289166666666,0.0,Q4 SMOKE / TEST ONLY,optimal,optimal,optimal,0.0,0.0,1e-07,30360.59095131314,251.74113916666667,0.0,251.74113916666667,04:20:00
2025-03-20,27,0.452,1402.6108333333334,585.585,0.0,9464.41849990741,10199.741749907409,1199.9999999999998,817.0258333333334,585.585,0.0,0.0,0.0,633.9800966666667,0.0,633.9800966666667,1402.6108333333334,594.6616666666666,0.0,Q4 SMOKE / TEST ONLY,optimal,optimal,optimal,0.0,0.0,1e-07,30327.915896313458,633.9800966666667,0.0,633.9800966666667,04:30:00
2025-03-20,28,0.4646,597.8259583333332,599.72965,0.004516666666666666,10199.741749907409,10197.631555462964,1199.9999999999998,0.0,597.8259583333332,0.0,1.8991750000001275,0.0,277.74994024166665,0.0,277.74994024166665,597.8259583333332,604.3338749999999,0.0,Q4 SMOKE / TEST ONLY,optimal,optimal,optimal,0.0,0.0,1e-07,29582.350998165603,277.74994024166665,0.0,277.74994024166665,04:40:00
2025-03-20,29,0.4561,621.929225,616.7393166666666,0.0,10197.631555462964,10202.302472962963,1199.9999999999998,5.189908333333392,616.7393166666666,0.0,0.0,0.0,283.6619195225,0.0,283.6619195225,621.929225,620.3664666666666,0.0,Q4 SMOKE / TEST ONLY,optimal,optimal,optimal,0.0,0.0,1e-07,29580.240803721153,283.6619195225,0.0,283.6619195225,04:50:00
2025-03-20,30,0.4379,617.1441666666666,625.595,0.0,10202.302472962963,10192.912658148149,1199.9999999999998,0.0,617.1441666666666,0.0,8.450833333333435,0.0,270.2474305833333,0.0,270.2474305833333,617.1441666666666,618.6733333333333,0.0,Q4 SMOKE / TEST ONLY,optimal,optimal,optimal,0.0,0.0,1e-07,29590.951367702553,270.2474305833333,0.0,270.2474305833333,05:00:00
2025-03-20,31,0.4177,593.968375,619.49685,0.06293333333333333,10192.912658148149,10164.617611851852,1199.9999999999998,0.0,593.968375,0.0,25.46554166666658,0.0,248.10059023750003,0.0,248.10059023750003,593.968375,606.5288583333333,0.0,Q4 SMOKE / TEST ONLY,optimal,optimal,optimal,0.0,0.0,1e-07,29610.239460294935,248.10059023750003,0.0,248.10059023750003,05:10:00
2025-03-20,32,0.464,599.7643833333333,617.8444,0.0,10164.617611851852,10144.528704444445,1199.9999999999998,0.0,599.7643833333333,0.0,18.080016666666666,0.0,278.2906738666667,0.0,278.2906738666667,599.7643833333333,607.4131166666666,0.0,Q4 SMOKE / TEST ONLY,optimal,optimal,optimal,0.0,0.0,1e-07,29605.12504362827,278.2906738666667,0.0,278.2906738666667,05:20:00
2025-03-20,33,0.4802,625.0291666666667,607.115,0.0,10144.528704444445,10160.651454444445,1199.9999999999998,17.914166666666688,607.115,0.0,0.0,0.0,300.1390058333334,0.0,300.1390058333334,625.0291666666667,614.6016666666667,0.0,Q4 SMOKE / TEST ONLY,optimal,optimal,optimal,0.0,0.0,1e-07,29585.036136220937,300.1390058333334,0.0,300.1390058333334,05:30:00
2025-03-20,34,0.352,600.449075,576.3066333333334,0.8765666666666667,10160.651454444445,10183.168561944445,1199.9999999999998,25.019008333333318,575.4300666666667,0.0,0.0,0.0,211.3580744,0.0,211.3580744,600.449075,614.5317333333332,0.0,Q4 SMOKE / TEST ONLY,optimal,optimal,optimal,0.0,0.0,1e-07,29537.61858992389,211.3580744,0.0,211.3580744,05:40:00
2025-03-20,35,0.5794,637.8280416666668,671.4631166666666,0.0,10183.168561944445,10145.79625638889,1199.9999999999998,0.0,637.8280416666668,0.0,33.6350749999998,0.0,369.55756734166675,0.0,369.55756734166675,637.8280416666668,694.9179916666667,0.0,Q4 SMOKE / TEST ONLY,optimal,optimal,optimal,0.0,0.0,1e-07,29462.979537979012,369.55756734166675,0.0,369.55756734166675,05:50:00
2025-03-20,36,1.0185,20.252500000000055,827.015,0.0,10145.79625638889,9249.393478611113,1199.9999999999998,0.0,20.252500000000055,0.0,806.7624999999999,0.0,20.627171250000053,0.0,20.627171250000053,20.252500000000055,805.1675,0.0,Q4 SMOKE / TEST ONLY,optimal,optimal,optimal,0.0,0.0,1e-07,29474.157232423982,20.627171250000053,0.0,20.627171250000053,06:00:00
2025-03-20,37,0.995,0.0,817.5199666666667,25.57003333333333,9249.393478611113,8369.449108240742,1199.9999999999998,0.0,0.0,0.0,791.9499333333334,0.0,0.0,0.0,0.0,0.0,798.6984,48.19627973765087,Q4 SMOKE / TEST ONLY,optimal,optimal,optimal,0.0,0.0,1e-07,27191.705044977756,0.0,0.0,0.0,06:10:00
2025-03-20,38,0.8932,0.0,776.8039833333333,66.84066666666666,8369.449108240742,7580.600978611113,1199.9999999999998,0.0,0.0,0.0,709.9633166666667,0.0,0.0,0.0,0.0,0.0,794.1625333333333,96.39255947530174,Q4 SMOKE / TEST ONLY,optimal,optimal,optimal,0.0,0.0,1e-07,26338.856991959372,0.0,0.0,0.0,06:20:00
2025-03-20,39,0.9281,0.0,783.9583333333333,112.58749999999999,7580.600978611113,6834.6333860185205,1199.9999999999998,0.0,0.0,0.0,671.3708333333333,0.0,0.0,0.0,0.0,0.0,823.3599999999999,144.5888392129526,Q4 SMOKE / TEST ONLY,optimal,optimal,optimal,0.0,0.0,1e-07,25533.563690210125,0.0,0.0,0.0,06:30:00
2025-03-20,40,0.9231,0.0,787.8168000000001,158.77193333333332,6834.6333860185205,6135.694645277779,1199.9999999999998,0.0,0.0,0.0,629.0448666666667,0.0,0.0,0.0,0.0,0.0,802.5639249999999,192.78511895060348,Q4 SMOKE / TEST ONLY,optimal,optimal,optimal,0.0,0.0,1e-07,24830.40956565594,0.0,0.0,0.0,06:40:00
2025-03-20,41,0.902,0.0,803.2455499999999,217.08963333333332,6135.694645277779,5484.410293425927,1199.9999999999998,0.0,0.0,0.0,586.1559166666666,0.0,0.0,0.0,0.0,0.0,801.3430166666666,240.98139868825433,Q4 SMOKE / TEST ONLY,optimal,optimal,optimal,0.0,0.0,1e-07,24188.791488666975,0.0,0.0,0.0,06:50:00
2025-03-20,42,0.8707,0.0,813.3883333333333,282.20624999999995,5484.410293425927,4894.207978611113,1199.9999999999998,0.0,0.0,0.0,531.1820833333334,0.0,0.0,0.0,0.0,0.0,828.1533333333333,289.1776784259052,Q4 SMOKE / TEST ONLY,optimal,optimal,optimal,0.0,0.0,1e-07,23520.188088872645,0.0,0.0,0.0,07:00:00
2025-03-20,43,0.7992,177.94560797222528,781.5626833333333,334.9871833333333,4894.207978611113,4595.730320802474,1199.9999999999998,0.0,177.94560797222528,0.0,268.62989202777476,0.0,142.21412989140245,0.0,142.21412989140245,177.94560797222528,817.4738416666667,342.9134324475324,Q4 SMOKE / TEST ONLY,optimal,optimal,optimal,0.0,0.0,1e-07,22867.797086903938,142.21412989140245,0.0,142.21412989140245,07:10:00
2025-03-20,44,0.7957,414.63003611111117,785.5607666666666,384.31915000000004,4595.730320802474,4607.779898302474,1199.9999999999998,13.388419444444594,401.2416166666666,0.0,0.0,0.0,329.92111973361114,0.0,329.92111973361114,414.63003611111117,809.3215083333333,396.6491864691596,Q4 SMOKE / TEST ONLY,optimal,optimal,optimal,0.0,0.0,1e-07,22569.319429095223,329.92111973361114,0.0,329.92111973361114,07:20:00
2025-03-20,45,0.8046,342.9330249999999,804.5333333333333,434.95625,4607.779898302474,4578.175389043215,1199.9999999999998,0.0,342.9330249999999,0.0,26.64405833333342,0.0,275.9239119149999,0.0,275.9239119149999,342.9330249999999,800.4316666666666,450.3849404907868,Q4 SMOKE / TEST ONLY,optimal,optimal,optimal,0.0,0.0,1e-07,22600.670645278704,275.9239119149999,0.0,275.9239119149999,07:30:00
2025-03-20,46,0.7001,293.5511166666665,763.026,482.33579999999995,4578.175389043215,4589.750214043214,1199.9999999999998,12.86091666666647,280.6902,0.0,0.0,0.0,205.5151367783332,0.0,205.5151367783332,293.5511166666665,771.4150083333333,504.120694512414,Q4 SMOKE / TEST ONLY,optimal,optimal,optimal,0.0,0.0,1e-07,22571.06613601946,205.5151367783332,0.0,205.5151367783332,07:40:00
2025-03-20,47,0.8467,0.0,864.5061333333333,529.9280666666666,4589.750214043214,4217.996806635807,1199.9999999999998,0.0,0.0,0.0,334.5780666666667,0.0,0.0,0.0,0.0,0.0,906.9544583333333,557.8564485340412,Q4 SMOKE / TEST ONLY,optimal,optimal,optimal,0.0,0.0,1e-07,22527.22477072444,0.0,0.0,0.0,07:50:00
2025-03-20,48,1.1788,0.0,1067.5983333333334,579.4187499999999,4217.996806635807,3675.5750473765474,1199.9999999999998,0.0,0.0,0.0,488.1795833333334,0.0,0.0,0.0,0.0,0.0,1112.7583333333332,611.5922025556683,Q4 SMOKE / TEST ONLY,optimal,optimal,optimal,0.0,0.0,1e-07,22126.61236899603,0.0,0.0,0.0,08:00:00
2025-03-20,49,1.2356,0.0,1109.6747666666665,626.8709166666666,3675.5750473765474,3139.1263251543255,1199.9999999999998,0.0,0.0,0.0,482.8038499999999,0.0,0.0,0.0,0.0,0.0,1093.47255,662.4193962496479,Q4 SMOKE / TEST ONLY,optimal,optimal,optimal,0.0,0.0,1e-07,21699.192156958277,0.0,0.0,0.0,08:10:00
2025-03-20,50,1.1876,0.0,1101.1000166666665,662.7286166666667,3139.1263251543255,2652.0469918209924,1199.9999999999998,0.0,0.0,0.0,438.3713999999999,0.0,0.0,0.0,0.0,0.0,1061.1283833333332,713.2465899436274,Q4 SMOKE / TEST ONLY,optimal,optimal,optimal,0.0,0.0,1e-07,21363.83144942582,0.0,0.0,0.0,08:20:00
2025-03-20,51,1.1569,0.0,1114.545,703.3874999999999,2652.0469918209924,2195.2053251543257,1199.9999999999998,0.0,0.0,0.0,411.15750000000014,0.0,0.0,0.0,0.0,0.0,1097.8116666666665,764.0737836376072,Q4 SMOKE / TEST ONLY,optimal,optimal,optimal,330.9179004197165,0.0,1.0000002248489182e-07,20909.926495586034,0.0,0.0,0.0,08:30:00
2025-03-20,52,1.0869,0.0,1108.2959999999998,775.6238166666667,2195.2053251543257,1825.5695658950667,1199.9999999999998,0.0,0.0,0.0,332.6721833333331,0.0,0.0,0.0,0.0,0.0,1078.9321166666666,814.9009773315868,Q4 SMOKE / TEST ONLY,optimal,optimal,optimal,696.3579016983632,0.0,1e-07,20453.08482891939,0.0,0.0,0.0,08:40:00
2025-03-20,53,1.0527,0.0,1117.5889166666666,839.5837833333333,1825.5695658950667,1723.3599302166076,1199.9999999999998,0.0,0.0,0.0,91.9886721106132,186.01646122272012,0.0,979.0976436457873,979.0976436457873,0.0,1088.8490333333332,865.7281710255663,Q4 SMOKE / TEST ONLY,optimal,optimal,optimal,979.0976436457873,0.0,1e-07,20083.449069660022,0.0,0.0,979.0976436457873,08:50:00
2025-03-20,54,1.068,0.0,1126.3016666666667,863.4812499999999,1723.3599302166076,1431.3372450314223,1199.9999999999998,0.0,0.0,0.0,262.8204166666668,0.0,0.0,0.0,0.0,0.0,1129.3283333333334,916.5553647195459,Q4 SMOKE / TEST ONLY,optimal,optimal,optimal,264.5177940875563,0.0,1e-07,19981.23943398139,0.0,0.0,0.0,09:00:00
2025-03-20,55,1.0672,0.0,1082.3667333333333,861.0829666666666,1431.3372450314223,1200.0,1199.9999999999998,0.0,0.0,0.0,208.20352052828005,13.080246138386627,0.0,69.79619339443103,69.79619339443103,0.0,1104.7292333333332,959.001954262913,Q4 SMOKE / TEST ONLY,optimal,optimal,optimal,664.33297107079,0.0,1.0000007932831068e-07,19689.21674879615,0.0,0.0,69.79619339443103,09:10:00
2025-03-20,56,1.0563,0.0,1072.7398666666666,922.2214999999999,1200.0,1200.0,1199.9999999999998,0.0,0.0,0.0,0.0,150.51836666666668,0.0,794.9627535500001,794.9627535500001,0.0,1077.4548666666665,1001.4485438062802,Q4 SMOKE / TEST ONLY,optimal,optimal,optimal,987.9493356876447,0.0,1e-07,19457.87950376472,0.0,0.0,794.9627535500001,09:20:00
2025-03-20,57,1.0344,0.0,1095.1416666666667,1017.95625,1200.0,1200.0,1199.9999999999998,0.0,0.0,0.0,0.0,77.1854166666667,0.0,399.20297500000015,399.20297500000015,0.0,1080.4125,1043.895133349647,Q4 SMOKE / TEST ONLY,optimal,optimal,optimal,399.20297500000015,0.0,1.0000002248489182e-07,19457.879503764645,0.0,0.0,399.20297500000015,09:30:00
2025-03-20,58,0.9937,0.0,1066.5605833333334,1030.4658333333332,1200.0,1200.0,1199.9999999999998,0.0,0.0,0.0,0.0,36.094750000000204,0.0,179.33676537500102,179.33676537500102,0.0,1083.1350416666664,1086.341722893014,Q4 SMOKE / TEST ONLY,optimal,optimal,optimal,179.33676537500102,0.0,1e-07,19457.87950376449,0.0,0.0,179.33676537500102,09:40:00
2025-03-20,59,0.9971,0.0,1074.321683333333,1033.0643333333333,1200.0,1200.0,1199.9999999999998,0.0,0.0,0.0,0.0,41.25734999999986,0.0,205.6885184249993,205.6885184249993,0.0,1083.5523416666667,1128.7883124363811,Q4 SMOKE / TEST ONLY,optimal,optimal,optimal,205.6885184249993,0.0,1.0000002248489182e-07,19457.87950376435,0.0,0.0,205.6885184249993,09:50:00
2025-03-20,60,1.0131,0.0,1116.2383333333332,1071.03125,1200.0,1200.0,1199.9999999999998,0.0,0.0,0.0,0.0,45.20708333333323,0.0,228.99648062499944,228.99648062499944,0.0,1083.2483333333334,1171.2349019797484,Q4 SMOKE / TEST ONLY,optimal,optimal,optimal,228.99648062499944,0.0,1.0000002248489182e-07,19457.87950376424,0.0,0.0,228.99648062499944,10:00:00
2025-03-20,61,0.948,0.0,1096.3326,1112.54135,1200.0,1214.587875,1199.9999999999998,0.0,0.0,16.20875000000001,0.0,0.0,0.0,0.0,0.0,0.0,1080.4855083333332,1198.077498852158,Q4 SMOKE / TEST ONLY,optimal,optimal,optimal,0.0,0.0,1e-07,19457.879503764023,0.0,0.0,0.0,10:10:00
2025-03-20,62,0.9058,0.0,1074.2128666666667,1129.0006666666666,1214.587875,1263.8968949999999,1199.9999999999998,0.0,0.0,54.787799999999834,0.0,0.0,0.0,0.0,0.0,0.0,1076.8849083333332,1224.9200957245675,Q4 SMOKE / TEST ONLY,optimal,optimal,optimal,0.0,0.0,1e-07,19443.291628763836,0.0,0.0,0.0,10:20:00
2025-03-20,63,0.9279,0.0,1078.935,1146.5124999999998,1263.8968949999999,1324.7166449999997,1199.9999999999998,0.0,0.0,67.57749999999987,0.0,0.0,0.0,0.0,0.0,0.0,1069.5825,1251.7626925969773,Q4 SMOKE / TEST ONLY,optimal,optimal,optimal,0.0,0.0,1e-07,19393.98260876374,0.0,0.0,0.0,10:30:00
2025-03-20,64,0.927,0.0,1075.7058833333333,1211.41895,1324.7166449999997,1446.8584049999997,1199.9999999999998,0.0,0.0,135.7130666666667,0.0,0.0,0.0,0.0,0.0,0.0,1056.2942916666666,1278.6052894693871,Q4 SMOKE / TEST ONLY,optimal,optimal,optimal,0.0,0.0,1e-07,19333.162858763528,0.0,0.0,0.0,10:40:00
2025-03-20,65,0.7628,0.0,1058.7226666666666,1242.5592333333334,1446.8584049999997,1612.311315,1199.9999999999998,0.0,0.0,183.83656666666684,0.0,0.0,0.0,0.0,0.0,0.0,1057.3969083333332,1305.4478863417967,Q4 SMOKE / TEST ONLY,optimal,optimal,optimal,0.0,0.0,1e-07,19211.021098763318,0.0,0.0,0.0,10:50:00
2025-03-20,66,0.544,604.2995050777857,1046.6499999999999,1210.5,1612.311315,2303.645869570007,1199.9999999999998,0.0,604.2995050777857,768.1495050777859,0.0,0.0,328.7389307623155,0.0,328.7389307623155,604.2995050777857,1072.9708333333333,1332.2904832142065,Q4 SMOKE / TEST ONLY,optimal,optimal,optimal,0.0,0.0,1e-07,19045.568188763253,343.67953440000014,-7.470301818842324,336.20923258115783,11:00:00
2025-03-20,67,0.5346,486.60134862863595,1060.3406,1170.2779833333334,2303.645869570007,2840.5307283357797,1199.9999999999998,0.0,486.60134862863595,596.5387319619693,0.0,0.0,260.1370809768688,0.0,260.1370809768688,486.60134862863595,1079.940175,1337.1638330569906,Q4 SMOKE / TEST ONLY,optimal,optimal,optimal,0.0,0.0,1e-07,18354.23363419311,389.48555942999985,-64.67423922656555,324.8113202034343,11:10:00
2025-03-20,68,0.5872,0.0,1065.6395499999999,1175.4807,2840.5307283357797,2939.3877633357797,1199.9999999999998,0.0,0.0,109.8411500000002,0.0,0.0,0.0,0.0,0.0,0.0,1067.87255,1342.037182899775,Q4 SMOKE / TEST ONLY,optimal,optimal,optimal,0.0,0.0,1e-07,17817.34877542723,425.7291864177779,-212.86459320888895,212.86459320888895,11:20:00
2025-03-20,69,0.577,448.06754406366906,1060.0166666666667,1219.59375,2939.3877633357797,3486.2679279930817,1199.9999999999998,448.06754406366906,0.0,159.57708333333335,0.0,0.0,258.534972924737,0.0,258.534972924737,448.06754406366906,1056.8016666666667,1346.910532742559,Q4 SMOKE / TEST ONLY,optimal,optimal,optimal,256.72689671183406,0.0,1.0000002248489182e-07,17718.49173950403,374.2583463833336,-57.86168672929829,316.3966596540353,11:30:00
2025-03-20,70,0.5241,200.7348313467153,1070.6712666666667,1250.9388833333333,3486.2679279930817,3989.5300142246906,1199.9999999999998,0.0,200.7348313467153,559.1800958128987,0.0,178.17764779951673,105.20512510881349,466.91452605863356,572.119651167447,200.7348313467153,1071.4544833333332,1351.7838825853432,Q4 SMOKE / TEST ONLY,optimal,optimal,optimal,512.1089144545905,0.0,1.0000007932831068e-07,17171.61157530853,378.3769328716668,-136.58590388142665,708.7055550488737,11:40:00
2025-03-20,71,0.5111,500.77497283203536,1063.2702666666667,1272.5053833333332,3989.5300142246906,4715.112434008814,1199.9999999999998,500.77497283203536,0.0,305.42771581699037,0.0,96.19259915032374,255.94608861445326,245.82018712865232,501.76627574310555,500.77497283203536,1051.2295166666665,1356.6572324281274,Q4 SMOKE / TEST ONLY,optimal,optimal,optimal,290.94457818802965,0.0,1.0000002248489182e-07,16668.34948917687,382.67194765388876,-63.36292951971776,565.1292052628233,11:50:00
2025-03-20,72,0.5158,448.5101663828856,1028.0533333333333,1303.0749999999998,4715.112434008814,5440.23935777831,1199.9999999999998,448.5101663828856,0.0,357.1864155832209,0.0,82.16474891655439,231.3415438202924,211.90288745579377,443.2444312760862,448.5101663828856,1004.3441666666666,1361.5305822709115,Q4 SMOKE / TEST ONLY,optimal,optimal,optimal,256.9958557521554,0.0,1.0000002248489182e-07,15942.76706935491,350.28366569333343,-59.4710609365205,502.7154922126067,12:00:00
2025-03-20,73,0.4519,465.03874968789785,993.1352666666667,1347.1565833333334,5440.23935777831,6177.393417497417,1199.9999999999998,0.0,465.03874968789785,819.0600663545646,0.0,0.0,210.15101098396104,0.0,210.15101098396104,465.03874968789785,1002.6246,1314.503816414912,Q4 SMOKE / TEST ONLY,optimal,optimal,optimal,0.0,0.0,1e-07,15009.230503015531,311.54371872388896,-37.98998573604128,273.5537329878477,12:10:00
2025-03-20,74,0.4435,488.0894750387771,975.87165,1348.4284499999999,6177.393417497417,6927.3934174974165,1199.9999999999998,0.0,488.0894750387771,833.3333333333334,9.094947017729282e-13,0.0,216.46768217969765,0.0,216.46768217969765,488.0894750387771,1012.05115,1305.646286200257,Q4 SMOKE / TEST ONLY,optimal,optimal,optimal,0.0,0.0,1e-07,14272.076443296188,314.77897516527776,-49.155646492790055,265.6233286724877,12:20:00
2025-03-20,75,0.4915,517.6677831035073,980.6099999999999,1284.89375,6927.3934174974165,7667.149797290573,1199.9999999999998,517.6677831035073,0.0,304.28375000000005,0.0,0.0,254.43371539537384,0.0,254.43371539537384,517.6677831035073,1005.5158333333333,1296.7887559856017,Q4 SMOKE / TEST ONLY,optimal,optimal,optimal,0.0,0.0,1e-07,13522.076443296166,351.68010334166684,-48.623193973146506,303.05690936852034,12:30:00
2025-03-20,76,0.4972,522.6489419407283,1001.0465666666666,1200.876,7667.149797290573,8317.380335037229,1199.9999999999998,522.6489419407283,0.0,199.82943333333333,0.0,0.0,259.8610539329301,0.0,259.8610539329301,522.6489419407283,993.8768333333333,1287.9312257709469,Q4 SMOKE / TEST ONLY,optimal,optimal,optimal,0.0,0.0,1e-07,12782.320063503083,371.1939852622224,-51.03269386597465,320.16129139624775,12:40:00
2025-03-20,77,0.6604,127.27309614508056,1028.0591333333332,1201.1573666666666,8317.380335037229,8587.7145315678,1199.9999999999998,127.27309614508056,0.0,173.09823333333338,0.0,0.0,84.0511526942112,0.0,84.0511526942112,127.27309614508056,1001.3187166666667,1279.0736955562916,Q4 SMOKE / TEST ONLY,optimal,optimal,optimal,0.0,0.0,1e-07,12132.08952575643,337.08876368733667,-42.46765280235154,294.6211108849851,12:50:00
2025-03-20,78,0.9001,0.0,1058.5633333333333,1254.3,8587.7145315678,8763.877531567801,1199.9999999999998,0.0,0.0,195.73666666666668,0.0,0.0,0.0,0.0,0.0,0.0,1030.6374999999998,1270.2161653416365,Q4 SMOKE / TEST ONLY,optimal,optimal,optimal,0.0,0.0,1e-07,11861.75532922574,54.58837970166657,-27.294189850833284,27.294189850833284,13:00:00
2025-03-20,79,0.9125,0.0,1085.1036,1223.1791666666666,8763.877531567801,8888.145541567801,1199.9999999999998,0.0,0.0,138.07556666666665,0.0,0.0,0.0,0.0,0.0,0.0,1058.511125,1249.8351234779952,Q4 SMOKE / TEST ONLY,optimal,optimal,optimal,0.0,0.0,1e-07,11685.592329225645,0.0,0.0,0.0,13:10:00
2025-03-20,80,0.919,0.0,1059.80525,1150.1056333333331,8888.145541567801,8969.4158865678,1199.9999999999998,0.0,0.0,90.30038333333323,0.0,0.0,0.0,0.0,0.0,0.0,1056.6693,1229.4540816143544,Q4 SMOKE / TEST ONLY,optimal,optimal,optimal,0.0,0.0,1e-07,11561.324319225649,151.53604156944442,-75.76802078472221,75.76802078472221,13:20:00
2025-03-20,81,0.9817,0.0,1006.55,1101.6687499999998,8969.4158865678,9055.0227615678,1199.9999999999998,0.0,0.0,95.11874999999986,0.0,0.0,0.0,0.0,0.0,0.0,1044.8883333333333,1209.0730397507136,Q4 SMOKE / TEST ONLY,optimal,optimal,optimal,0.0,0.0,1e-07,11480.053974225697,0.0,0.0,0.0,13:30:00
2025-03-20,82,0.9361,0.0,1004.8308,1107.0299166666666,9055.0227615678,9147.0019665678,1199.9999999999998,0.0,0.0,102.19911666666667,0.0,0.0,0.0,0.0,0.0,0.0,1064.7725833333334,1188.6919978870724,Q4 SMOKE / TEST ONLY,optimal,optimal,optimal,0.0,0.0,1e-07,11394.447099225647,0.0,0.0,0.0,13:40:00
2025-03-20,83,0.8829,0.0,1029.6302166666665,1134.42295,9147.0019665678,9241.315426567799,1199.9999999999998,0.0,0.0,104.79273333333344,0.0,0.0,0.0,0.0,0.0,0.0,1053.599325,1168.3109560234313,Q4 SMOKE / TEST ONLY,optimal,optimal,optimal,0.0,0.0,1e-07,11302.467894225509,112.22707688999968,-56.11353844499984,56.11353844499984,13:50:00
2025-03-20,84,0.8924,0.0,1046.67,1133.3249999999998,9241.315426567799,9319.304926567798,1199.9999999999998,0.0,0.0,86.65499999999975,0.0,0.0,0.0,0.0,0.0,0.0,1022.7008333333333,1147.9299141597903,Q4 SMOKE / TEST ONLY,optimal,optimal,optimal,0.0,0.0,1e-07,11208.154434225373,0.0,0.0,0.0,14:00:00
2025-03-20,85,0.9351,0.0,1047.24705,1075.6022833333332,9319.304926567798,9344.824636567799,1199.9999999999998,0.0,0.0,28.355233333333217,0.0,0.0,0.0,0.0,0.0,0.0,1045.810475,1097.9423704701076,Q4 SMOKE / TEST ONLY,optimal,optimal,optimal,21.64331211561921,0.0,1.0000000116860974e-07,11102.563048645636,0.0,0.0,0.0,14:10:00
2025-03-20,86,0.9817,0.0,1052.4853333333333,1033.9314333333332,9344.824636567799,9324.209192123355,1199.9999999999998,0.0,0.0,0.0,18.553900000000112,0.0,0.0,0.0,0.0,0.0,1048.3293083333333,1047.9548267804246,Q4 SMOKE / TEST ONLY,optimal,optimal,optimal,70.90443687801918,0.0,1e-07,11077.043338657666,0.0,0.0,0.0,14:20:00
2025-03-20,87,1.0267,0.0,1058.7983333333332,1019.28125,9324.209192123355,9280.301321752984,1199.9999999999998,0.0,0.0,0.0,39.517083333333176,0.0,0.0,0.0,0.0,0.0,1025.878333333333,997.9672830907415,Q4 SMOKE / TEST ONLY,optimal,optimal,optimal,121.03305061200786,0.0,1.000000082740371e-07,11072.747047117435,0.0,0.0,0.0,14:30:00
2025-03-20,88,1.0547,0.0,1043.2368833333333,972.9436000000001,9280.301321752984,9202.197673604836,1199.9999999999998,0.0,0.0,0.0,70.29328333333319,0.0,0.0,0.0,0.0,0.0,1049.4725166666667,947.9797394010589,Q4 SMOKE / TEST ONLY,optimal,optimal,optimal,19.100761128673412,0.0,1.0000000116860974e-07,11012.520023830904,0.0,0.0,0.0,14:40:00
2025-03-20,89,0.9267,0.0,1031.6857666666665,905.3272499999999,9202.197673604836,9061.799321752984,1199.9999999999998,0.0,0.0,0.0,126.35851666666656,0.0,0.0,0.0,0.0,0.0,1061.2026916666666,897.9921957113759,Q4 SMOKE / TEST ONLY,optimal,optimal,optimal,0.0,0.0,1e-07,10876.982657522236,0.0,0.0,0.0,14:50:00
2025-03-20,90,0.7137,819.8768828248094,1026.1066666666666,845.4624999999999,9061.799321752984,9637.108766295312,1199.9999999999998,639.2327161581427,180.6441666666667,0.0,0.0,0.0,585.1461312720664,0.0,585.1461312720664,819.8768828248094,1041.1058333333333,848.0046520216929,Q4 SMOKE / TEST ONLY,optimal,optimal,optimal,0.0,0.0,1e-07,10736.584305670389,882.3258514199998,-148.58986007396666,733.7359913460332,15:00:00
2025-03-20,91,0.6525,337.87001405262333,1006.5609833333333,809.2424166666666,9637.108766295312,9763.605068942674,1199.9999999999998,140.55144738595664,197.3185666666667,0.0,0.0,0.0,220.4601841693367,0.0,220.4601841693367,337.87001405262333,1029.4447,794.3994052098788,Q4 SMOKE / TEST ONLY,optimal,optimal,optimal,0.0,0.0,1e-07,10161.27486112791,820.6833829999999,-300.1115994153316,520.5717835846683,15:10:00
2025-03-20,92,0.6799,391.68482945611663,1009.1131499999999,760.3063833333333,9763.605068942674,9892.195325453178,1199.9999999999998,142.87806278945004,248.8067666666666,0.0,0.0,0.0,266.3065155472137,0.0,266.3065155472137,391.68482945611663,1022.6769916666667,740.7941583980646,Q4 SMOKE / TEST ONLY,optimal,optimal,optimal,0.0,0.0,1e-07,10034.778558480364,334.36490101444457,-34.029192733615446,300.3357082808291,15:20:00
2025-03-20,93,0.7301,433.8604698596098,1031.28,691.1374999999999,9892.195325453178,9976.541498326827,1199.9999999999998,93.71796985960975,340.14250000000004,0.0,0.0,0.0,316.7615290445011,0.0,316.7615290445011,433.8604698596098,1022.9483333333333,687.1889115862505,Q4 SMOKE / TEST ONLY,optimal,optimal,optimal,0.0,0.0,1e-07,9906.188301969789,658.4003732867044,-170.81942212110167,487.58095116560276,15:30:00
2025-03-20,94,0.805,528.1130510095876,1032.5620166666665,629.7797499999999,9976.541498326827,10089.339204235457,1199.9999999999998,125.33078434292099,402.7822666666666,0.0,0.0,0.0,425.13100606271803,0.0,425.13100606271803,528.1130510095876,1037.5948583333334,633.5836647744364,Q4 SMOKE / TEST ONLY,optimal,optimal,optimal,0.0,0.0,1e-07,9821.842129096107,469.47967616666676,-22.17433505197443,447.30534111469234,15:40:00
2025-03-20,95,0.8788,443.65145260955444,1031.0229333333332,578.5704833333333,10089.339204235457,10079.560318246073,1199.9999999999998,0.0,443.65145260955444,0.0,8.800997390445445,0.0,389.88089655327644,0.0,389.88089655327644,443.65145260955444,1027.6772,579.9784179626222,Q4 SMOKE / TEST ONLY,optimal,optimal,optimal,0.0,0.0,1e-07,9719.608129771166,541.6741093111112,-75.89660637891738,465.77750293219384,15:50:00
2025-03-20,96,0.9089,603.2086827367559,1033.3616666666667,526.0374999999999,10079.560318246073,10165.856382709153,1199.9999999999998,95.88451607008915,507.32416666666677,0.0,0.0,0.0,548.2563717394374,0.0,548.2563717394374,603.2086827367559,1002.9283333333332,526.373171150808,Q4 SMOKE / TEST ONLY,optimal,optimal,optimal,0.0,0.0,1e-07,9709.829243781985,658.7983676408369,-55.270997950699694,603.5273696901372,16:00:00
2025-03-20,97,0.8767,580.2314563373911,1025.5623833333334,463.3008333333333,10165.856382709153,10182.029298412805,1199.9999999999998,17.969906337390967,562.2615500000002,0.0,0.0,0.0,508.6889177709908,0.0,508.6889177709908,580.2314563373911,1012.500425,477.60663073040047,Q4 SMOKE / TEST ONLY,optimal,optimal,optimal,0.0,0.0,1e-07,9623.533179319009,641.6302293072221,-66.47065576811559,575.1595735391065,16:10:00
2025-03-20,98,0.8888,627.5018006735306,1016.9598666666667,417.89265,10182.029298412805,10207.620424018982,1199.9999999999998,28.43458400686393,599.0672166666667,0.0,0.0,0.0,557.7236004386341,0.0,557.7236004386341,627.5018006735306,1023.1614333333332,428.8400903099928,Q4 SMOKE / TEST ONLY,optimal,optimal,optimal,0.0,0.0,1e-07,9607.360263615394,666.2626732422219,-54.26953640179395,611.993136840428,16:20:00
2025-03-20,99,0.9441,682.0749511906106,1019.8249999999999,389.06874999999997,10207.620424018982,10253.80725509053,1199.9999999999998,51.31870119061068,630.7562499999999,0.0,0.0,0.0,643.9469614190555,0.0,643.9469614190555,682.0749511906106,1018.3958333333333,380.0735498895851,Q4 SMOKE / TEST ONLY,optimal,optimal,optimal,0.0,0.0,1e-07,9581.769138009275,697.6053715799999,-26.829205080472185,670.7761664995277,16:30:00
2025-03-20,100,0.946,735.8050183743571,1034.9158166666666,346.1802666666666,10253.80725509053,10296.169776627452,1199.9999999999998,47.06946837435714,688.73555,0.0,0.0,0.0,696.0715473821418,0.0,696.0715473821418,735.8050183743571,1016.2929166666667,331.30700946917744,Q4 SMOKE / TEST ONLY,optimal,optimal,optimal,0.0,0.0,1e-07,9535.582306937711,719.1343845888889,-11.531418603373567,707.6029659855153,16:40:00
2025-03-20,101,0.9677,735.7855224812865,1031.6998333333331,288.97555,10296.169776627452,10288.4600423474,1199.9999999999998,0.0,735.7855224812865,0.0,6.938760852046585,0.0,712.019650105141,0.0,712.019650105141,735.7855224812865,1021.1669749999999,282.54046904876975,Q4 SMOKE / TEST ONLY,optimal,optimal,optimal,0.0,0.0,1e-07,9502.325957361008,777.8941069988887,-32.93722844687386,744.9568785520148,16:50:00
2025-03-20,102,1.0139,790.1645581547784,1017.0316666666665,229.61875,10288.4600423474,10290.9365196867,1199.9999999999998,2.7516414881118862,787.4129166666665,0.0,0.0,0.0,801.1478455131298,0.0,801.1478455131298,790.1645581547784,1026.9191666666666,233.77392862836206,Q4 SMOKE / TEST ONLY,optimal,optimal,optimal,0.0,0.0,1e-07,9487.992490006494,849.4638222850001,-24.157988385935106,825.305833899065,17:00:00
2025-03-20,103,1.0152,824.3540790178708,1023.8828166666667,180.65036666666666,10290.9365196867,10269.960551928778,1199.9999999999998,0.0,824.3540790178708,0.0,18.87837098212924,0.0,836.8842610189425,0.0,836.8842610189425,824.3540790178708,1022.8041,194.81160719030174,Q4 SMOKE / TEST ONLY,optimal,optimal,optimal,0.0,0.0,1e-07,9519.382584201177,877.1991997200001,-20.157469350528768,857.0417303694713,17:10:00
2025-03-20,104,1.0487,869.9731582142964,1012.5022333333333,138.64704999999998,10269.960551928778,10265.647190685404,1199.9999999999998,0.0,869.9731582142964,0.0,3.882025119036939,0.0,912.3408510193326,0.0,912.3408510193326,869.9731582142964,1007.2398999999998,155.8492857522414,Q4 SMOKE / TEST ONLY,optimal,optimal,optimal,0.0,0.0,1e-07,9507.033338930009,945.6570655313886,-16.658107256028014,928.9989582753607,17:20:00
2025-03-20,105,1.0879,931.9240927680758,1004.28,99.55624999999999,10265.647190685404,10290.127499176671,1199.9999999999998,27.200342768075757,904.72375,0.0,0.0,0.0,1013.8402205223897,0.0,1013.8402205223897,931.9240927680758,1016.0791666666665,116.88696431418103,Q4 SMOKE / TEST ONLY,optimal,optimal,optimal,0.0,0.0,1.0000000000000002e-07,9502.719977686687,1018.6875409946578,-2.423660236134024,1016.2638807585238,17:30:00
2025-03-20,106,1.0391,1017.6730452664816,1035.5736,62.48285,10290.127499176671,10330.251564916505,1199.9999999999998,44.58229526648165,973.09075,0.0,0.0,0.0,1057.4640613364008,0.0,1057.4640613364008,1017.6730452664816,1062.6250166666666,77.9246428761207,Q4 SMOKE / TEST ONLY,optimal,optimal,optimal,0.0,0.0,1e-07,9478.239669195376,1086.579749278611,-14.557843971105049,1072.021905307506,17:40:00
2025-03-20,107,1.0932,932.5157852215825,899.02445,26.021266666666666,10330.251564916505,10383.812906615929,1199.9999999999998,59.51260188824915,873.0031833333334,0.0,0.0,0.0,1019.426256404234,0.0,1019.426256404234,932.5157852215825,943.9289249999999,38.96232143806033,Q4 SMOKE / TEST ONLY,optimal,optimal,optimal,0.0,0.0,1e-07,9438.115603455506,1040.9859833766666,-10.779863486216264,1030.2061198904503,17:50:00
2025-03-20,108,1.2488,726.5908333333332,682.3533333333332,0.0,10383.812906615929,10423.626656615928,1199.9999999999998,44.237499999999955,682.3533333333332,0.0,0.0,0.0,907.3666326666664,0.0,907.3666326666664,726.5908333333332,726.3891666666666,0.0,Q4 SMOKE / TEST ONLY,optimal,optimal,optimal,0.0,0.0,1e-07,9384.554261756166,907.3666326666664,0.0,907.3666326666664,18:00:00
2025-03-20,109,1.2993,698.533075,697.9972833333333,0.0,10423.626656615928,10410.205205668566,1295.163697435982,0.0,698.533075,0.0,12.07930585262602,0.0,907.6040243475,0.0,907.6040243475,698.533075,695.059475,0.0,Q4 SMOKE / TEST ONLY,optimal,optimal,optimal,0.0,0.0,1.0000007932831068e-07,9128.462959079947,898.1760003775,14.142035954999903,912.3180363324999,18:10:00
2025-03-20,110,1.2761,605.3431257123303,740.2377833333333,0.9295666666666667,10410.205205668566,10261.355104608192,1295.163697435982,0.0,605.3431257123303,0.0,133.96509095433623,0.0,772.4783627215047,0.0,772.4783627215047,605.3431257123303,720.9185749999999,0.0,Q4 SMOKE / TEST ONLY,optimal,optimal,optimal,0.0,0.0,1.0000007932831068e-07,9155.907378165513,749.9001454362362,33.867325927902755,783.767471364139,18:20:00
2025-03-20,111,1.2567,0.0,709.2416666666666,0.0,10261.355104608192,9473.308808311896,1295.163697435982,0.0,0.0,0.0,709.2416666666668,0.0,0.0,0.0,0.0,0.0,715.3758333333333,0.0,Q4 SMOKE / TEST ONLY,optimal,optimal,optimal,0.0,0.0,1.0000007932831068e-07,8993.425795623667,0.0,0.0,0.0,18:30:00
2025-03-20,112,1.2773,0.0,714.4228166666667,0.0,9473.308808311896,8679.505678682266,1295.163697435982,0.0,0.0,0.0,714.4228166666671,0.0,0.0,0.0,0.0,0.0,721.9734916666666,0.0,Q4 SMOKE / TEST ONLY,optimal,optimal,optimal,0.0,0.0,1.0000007932831068e-07,8188.600221549614,0.0,0.0,0.0,18:40:00
2025-03-20,113,1.2813,0.0,745.0410666666667,0.06673333333333333,8679.505678682266,7851.756419423007,1295.163697435982,0.0,0.0,0.0,744.9743333333333,0.0,0.0,0.0,0.0,0.0,723.9703,0.0,Q4 SMOKE / TEST ONLY,optimal,optimal,optimal,0.0,0.0,1e-07,7441.472721549638,0.0,0.0,0.0,18:50:00
2025-03-20,114,1.2693,0.0,763.2066666666666,0.0,7851.756419423007,7003.7490120156,1295.163697435982,0.0,0.0,0.0,763.2066666666669,0.0,0.0,0.0,0.0,0.0,715.5775,0.0,Q4 SMOKE / TEST ONLY,optimal,optimal,optimal,0.0,0.0,1.0000007932831068e-07,6719.566054882998,0.0,0.0,0.0,19:00:00
2025-03-20,115,1.2899,0.0,746.7180333333333,0.0,7003.7490120156,6174.062308311895,1295.163697435982,0.0,0.0,0.0,746.7180333333345,0.0,0.0,0.0,0.0,0.0,713.4299583333334,0.0,Q4 SMOKE / TEST ONLY,optimal,optimal,optimal,0.0,0.0,1.0000007932831068e-07,5945.53214747564,0.0,0.0,0.0,19:10:00
2025-03-20,116,1.2669,0.0,714.2603,0.0048,6174.062308311895,5380.445086089673,1295.163697435982,0.0,0.0,0.0,714.2555,0.0,0.0,0.0,0.0,0.0,713.9882749999999,0.0,Q4 SMOKE / TEST ONLY,optimal,optimal,optimal,0.0,0.0,1.0000007932831068e-07,5116.439277105266,0.0,0.0,0.0,19:20:00
2025-03-20,117,1.2323,0.0,699.4633333333333,0.0,5380.445086089673,4603.263604608192,1295.163697435982,0.0,0.0,0.0,699.4633333333331,0.0,0.0,0.0,0.0,0.0,724.4941666666666,0.0,Q4 SMOKE / TEST ONLY,optimal,optimal,optimal,0.0,0.0,1.0000007932831068e-07,4267.197980808916,0.0,0.0,0.0,19:30:00
2025-03-20,118,1.2902,0.0,721.8114,0.0,4603.263604608192,3801.250937941525,1295.163697435982,0.0,0.0,0.0,721.8114,0.0,0.0,0.0,0.0,0.0,752.241325,0.0,Q4 SMOKE / TEST ONLY,optimal,optimal,optimal,0.0,0.0,1.0000030670198612e-07,3422.3944437719147,0.0,0.0,0.0,19:40:00
2025-03-20,119,1.2824,708.98405,728.4913499999999,0.00034999999999999994,3801.250937941525,3779.5765490526364,1295.163697435982,0.0,708.98405,0.0,19.506949999999847,0.0,909.20114572,0.0,909.20114572,708.98405,743.8909833333333,0.0,Q4 SMOKE / TEST ONLY,optimal,optimal,optimal,0.0,0.0,1.0000007932831068e-07,2586.159591920119,909.20114572,0.0,909.20114572,19:50:00
2025-03-20,120,1.2233,696.1691666666666,726.3683333333333,0.0,3779.5765490526364,3746.0219194230067,1295.163697435982,0.0,696.1691666666666,0.0,30.19916666666677,0.0,851.6237415833333,0.0,851.6237415833333,696.1691666666666,714.3341666666665,0.0,Q4 SMOKE / TEST ONLY,optimal,optimal,optimal,0.0,0.0,1.0000007932831068e-07,2591.227795623816,851.6237415833333,0.0,851.6237415833333,20:00:00
2025-03-20,121,1.2789,747.3498583333333,764.3365166666667,0.0,3746.0219194230067,3727.1478546081917,1295.163697435982,0.0,747.3498583333333,0.0,16.98665833333348,0.0,955.7857338224999,0.0,955.7857338224999,747.3498583333333,730.0081666666666,0.0,Q4 SMOKE / TEST ONLY,optimal,optimal,optimal,0.0,0.0,1.0000007932831068e-07,2595.42129562387,906.4851512849998,73.95087380625003,980.4360250912498,20:10:00
2025-03-20,122,1.2779,0.0,753.9438166666666,0.0,3727.1478546081917,2889.4325027563395,1295.163697435982,0.0,0.0,0.0,753.9438166666669,0.0,0.0,0.0,0.0,0.0,732.8160333333333,0.0,Q4 SMOKE / TEST ONLY,optimal,optimal,optimal,0.0,0.0,1.0000007932831068e-07,2623.497860438718,0.0,0.0,0.0,20:20:00
2025-03-20,123,1.2388,0.0,702.5616666666666,0.0,2889.4325027563395,2108.808428682266,1295.163697435982,0.0,0.0,0.0,702.5616666666665,0.0,0.0,0.0,0.0,0.0,713.1741666666667,0.0,Q4 SMOKE / TEST ONLY,optimal,optimal,optimal,0.0,0.0,1.0000030670198612e-07,1762.1991752534868,0.0,0.0,0.0,20:30:00
2025-03-20,124,1.3228,0.0,709.3744833333333,0.0,2108.808428682266,1320.6145583118955,1295.163697435982,0.0,0.0,0.0,709.3744833333335,0.0,0.0,0.0,0.0,0.0,724.0590583333333,0.0,Q4 SMOKE / TEST ONLY,optimal,optimal,optimal,0.0,0.0,1.0000007932831068e-07,948.94271229058,0.0,0.0,0.0,20:40:00
2025-03-20,125,1.1769,762.7891833333332,719.8359833333334,0.0,1320.6145583118955,1359.2724383118953,1295.163697435982,42.95319999999981,719.8359833333334,0.0,0.0,0.0,897.7265898649999,0.0,897.7265898649999,762.7891833333332,746.7855416666666,0.0,Q4 SMOKE / TEST ONLY,optimal,optimal,optimal,0.0,0.0,1.0000030670198612e-07,160.7488419202473,844.0971693275,80.44413080624992,924.5413001337499,20:50:00
2025-03-20,126,0.8862,758.6491666666666,709.5416666666666,0.0,1359.2724383118953,1388.2635487840262,1295.163697435982,32.21234496903435,726.4368216976322,0.0,0.0,0.0,672.3148914999999,0.0,672.3148914999999,758.6491666666666,752.0391666666667,0.0,Q4 SMOKE / TEST ONLY,optimal,optimal,optimal,0.0,0.0,1.0000007932831068e-07,122.09096192017387,660.3430680000001,17.95773524999976,678.30080325,21:00:00
2025-03-20,127,0.917,741.8761999999998,715.0446833333333,0.0,1388.2635487840262,1388.2635487840262,1295.163697435982,0.0,741.8761999999998,0.0,0.0,0.0,680.3004753999999,0.0,680.3004753999999,741.8761999999998,730.3366749999999,0.0,Q4 SMOKE / TEST ONLY,optimal,optimal,optimal,0.0,0.0,1e-07,93.09985144806706,680.3004753999999,0.0,680.3004753999999,21:10:00
2025-03-20,128,0.9999,741.4855833333332,736.4505999999999,0.0,1388.2635487840262,1388.2635487840262,1295.163697435982,0.0,741.4855833333332,0.0,0.0,0.0,741.4114347749999,0.0,741.4114347749999,741.4855833333332,717.3826166666666,0.0,Q4 SMOKE / TEST ONLY,optimal,optimal,optimal,0.0,0.0,1.0000007932831068e-07,93.09985144814164,741.4114347749999,0.0,741.4114347749999,21:20:00
2025-03-20,129,0.9964,745.2841666666666,758.9333333333334,0.0,1388.2635487840262,1373.0978080432853,1295.163697435982,0.0,745.2841666666666,0.0,13.649166666666815,0.0,742.6011436666665,0.0,742.6011436666665,745.2841666666666,727.0691666666667,0.0,Q4 SMOKE / TEST ONLY,optimal,optimal,optimal,0.0,0.0,1.0000007932831068e-07,123.43133292983839,742.6011436666665,0.0,742.6011436666665,21:30:00
2025-03-20,130,1.0003,710.1871416666667,754.3754666666666,0.0,1373.0978080432853,1323.9996691543965,1295.163697435982,0.0,710.1871416666667,0.0,44.18832499999996,0.0,710.4001978091667,0.0,710.4001978091667,710.1871416666667,728.5747666666666,0.0,Q4 SMOKE / TEST ONLY,optimal,optimal,optimal,0.0,0.0,1.0000007932831068e-07,165.60048107806142,710.4001978091667,0.0,710.4001978091667,21:40:00
2025-03-20,131,0.7708,616.3402,666.9375333333332,0.0,1323.9996691543965,1267.7804098951374,1295.163697435982,0.0,616.3402,0.0,50.59733333333327,0.0,475.07502616,0.0,475.07502616,616.3402,650.204975,0.0,Q4 SMOKE / TEST ONLY,optimal,optimal,optimal,0.0,0.0,1.0000007932831068e-07,153.6858051522022,475.07502616,0.0,475.07502616,21:50:00
2025-03-20,132,0.419,566.905,553.1566666666666,0.0,1267.7804098951374,1280.1539098951373,1295.163697435982,13.748333333333335,553.1566666666666,0.0,0.0,0.0,237.53319499999998,0.0,237.53319499999998,566.905,544.7316666666666,0.0,Q4 SMOKE / TEST ONLY,optimal,optimal,optimal,0.0,0.0,1.0000007932831068e-07,97.46654589299033,237.53319499999998,0.0,237.53319499999998,22:00:00
2025-03-20,133,0.3484,579.639610871518,538.9014666666667,0.0,1280.1539098951373,1316.8182396795034,1295.163697435982,40.738144204851324,538.9014666666667,0.0,0.0,0.0,201.94644042763687,0.0,201.94644042763687,579.639610871518,544.2448583333332,0.0,Q4 SMOKE / TEST ONLY,optimal,optimal,optimal,0.0,0.0,1.0000007932831068e-07,85.0930458929588,201.94644042763687,0.0,201.94644042763687,22:10:00
2025-03-20,134,0.3833,574.8878,553.3285,0.0,1316.8182396795034,1330.2053265620098,1295.163697435982,14.874540980562642,560.0132590194373,0.0,0.0,0.0,220.35449373999998,0.0,220.35449373999998,574.8878,564.943325,0.0,Q4 SMOKE / TEST ONLY,optimal,optimal,optimal,0.0,0.0,1.0000007932831068e-07,48.42871610853308,220.35449373999998,0.0,220.35449373999998,22:20:00
2025-03-20,135,0.3903,547.532926051114,542.64,0.0,1330.2053265620098,1330.2053265620098,1295.163697435982,0.0,547.532926051114,0.0,0.0,0.0,213.7021010377498,0.0,213.7021010377498,547.532926051114,561.3791666666666,0.0,Q4 SMOKE / TEST ONLY,optimal,optimal,optimal,0.0,0.0,1.0000007932831068e-07,35.041629026026385,213.33155209494544,0.5558234142065497,213.88737550915198,22:30:00
2025-03-20,136,0.4126,576.69495,524.0220999999999,0.0,1330.2053265620098,1330.2053265620098,1295.163697435982,0.0,576.69495,0.0,0.0,0.0,237.94433637,0.0,237.94433637,576.69495,568.2916333333333,0.0,Q4 SMOKE / TEST ONLY,optimal,optimal,optimal,0.0,0.0,1.0000007932831068e-07,35.041629026027294,237.94433637,0.0,237.94433637,22:40:00
2025-03-20,137,0.4343,593.4731999999999,526.9695666666667,0.0,1330.2053265620098,1330.2053265620098,1295.163697435982,0.0,593.4731999999999,0.0,0.0,0.0,257.74541075999997,0.0,257.74541075999997,593.4731999999999,567.622875,0.0,Q4 SMOKE / TEST ONLY,optimal,optimal,optimal,0.0,0.0,1.0000007932831068e-07,35.041629026028204,257.74541075999997,0.0,257.74541075999997,22:50:00
2025-03-20,138,0.4428,556.6488492505633,549.4,0.0,1330.2053265620098,1330.2053265620098,1295.163697435982,0.0,556.6488492505633,0.0,0.0,0.0,246.48411044814947,0.0,246.48411044814947,556.6488492505633,564.9208333333333,0.0,Q4 SMOKE / TEST ONLY,optimal,optimal,optimal,0.0,0.0,1.0000007932831068e-07,35.04162902602775,242.81380800000002,5.505453672224156,248.31926167222417,23:00:00
2025-03-20,139,0.4397,584.0878166666666,559.40135,0.0,1330.2053265620098,1330.2053265620098,1295.163697435982,0.0,584.0878166666666,0.0,0.0,0.0,256.8234129883333,0.0,256.8234129883333,584.0878166666666,585.1075833333333,0.0,Q4 SMOKE / TEST ONLY,optimal,optimal,optimal,0.0,0.0,1.0000007932831068e-07,35.041629026028204,256.8234129883333,0.0,256.8234129883333,23:10:00
2025-03-20,140,0.4049,578.0750083333334,543.6279333333333,0.0,1330.2053265620098,1330.2053265620098,1295.163697435982,0.0,578.0750083333334,0.0,0.0,0.0,234.06257087416665,0.0,234.06257087416665,578.0750083333334,582.3503166666667,0.0,Q4 SMOKE / TEST ONLY,optimal,optimal,optimal,0.0,0.0,1.0000007932831068e-07,35.041629026028204,234.06257087416665,0.0,234.06257087416665,23:20:00
2025-03-20,141,0.3814,579.1133333333332,544.6216666666667,0.0,1330.2053265620098,1330.2053265620098,1295.163697435982,0.0,579.1133333333332,0.0,0.0,0.0,220.87382533333331,0.0,220.87382533333331,579.1133333333332,563.0616666666666,0.0,Q4 SMOKE / TEST ONLY,optimal,optimal,optimal,0.0,0.0,1.0000007932831068e-07,35.04162902602775,199.3314838790611,32.3135121814083,231.6449960604694,23:30:00
2025-03-20,142,0.4248,592.3400083333332,600.6793333333333,0.0,1330.2053265620098,1320.939409895343,1295.163697435982,0.0,592.3400083333332,0.0,8.33932500000003,0.0,251.62603553999998,0.0,251.62603553999998,592.3400083333332,569.7430333333333,0.0,Q4 SMOKE / TEST ONLY,optimal,optimal,optimal,0.0,0.0,1.0000007932831068e-07,35.04162902602775,251.62603553999998,15.214951859999989,266.84098739999996,23:40:00
2025-03-20,143,0.3795,526.2121666666667,540.9781833333333,0.0,1320.939409895343,1299.746104875002,1295.163697435982,0.0,526.2121666666667,0.0,19.073974518307065,6.617444900424222e-24,199.69751725,1.255660169855496e-23,199.69751725,526.2121666666667,514.2492666666667,0.0,Q4 SMOKE / TEST ONLY,optimal,optimal,optimal,0.0,0.0,1.0000030670198612e-07,25.77571235936091,199.69751725,8.407805867592522,208.10532311759252,23:50:00
2025-03-20,144,0.2794,416.4216666666666,400.16666666666663,0.0,1299.746104875002,1295.1636975359818,1295.163697435982,0.0,416.4216666666666,0.0,4.124166605118097,0.0,116.34821366666665,0.0,116.34821366666665,416.4216666666666,420.5458333333333,0.0,Q4 SMOKE / TEST ONLY,optimal,optimal,optimal,0.0,0.0,1.0000007932831068e-07,4.582407339020108,116.34821366666665,0.0,116.34821366666665,0:00+1
2025-03-21,1,0.3172,418.4608472176162,393.23795,0.0,1295.1636975359818,1317.8643050318365,1199.9999999999998,25.222897217616207,393.23795,0.0,0.0,0.0,132.73578073742786,0.0,132.73578073742786,418.4608472176162,410.5867833333333,0.0,Q4 SMOKE / TEST ONLY,optimal,optimal,optimal,0.0,0.0,1e-07,28976.83528733524,132.73578073742786,0.0,132.73578073742786,00:10:00
2025-03-21,2,0.3548,435.64362500000004,427.63655,0.0,1317.8643050318365,1325.0706725318364,1199.9999999999998,8.007075000000043,427.63655,0.0,0.0,0.0,154.56635815,0.0,154.56635815,435.64362500000004,419.24766666666665,0.0,Q4 SMOKE / TEST ONLY,optimal,optimal,optimal,0.0,0.0,1e-07,28954.13467984589,154.56635815,0.0,154.56635815,00:20:00
2025-03-21,3,0.3402,427.0216666666666,429.21333333333337,0.0,1325.0706725318364,1322.6354873466512,1199.9999999999998,0.0,427.0216666666666,0.0,2.1916666666667766,0.0,145.27277099999998,0.0,145.27277099999998,427.0216666666666,404.6658333333333,0.0,Q4 SMOKE / TEST ONLY,optimal,optimal,optimal,0.0,0.0,1e-07,28951.798682716602,145.27277099999998,0.0,145.27277099999998,00:30:00
2025-03-21,4,0.3566,393.4693416666667,419.69265,0.0,1322.6354873466512,1293.498478087392,1199.9999999999998,0.0,393.4693416666667,0.0,26.223308333333307,0.0,140.31116723833333,0.0,140.31116723833333,393.4693416666667,394.7924083333333,0.0,Q4 SMOKE / TEST ONLY,optimal,optimal,optimal,0.0,0.0,1e-07,29004.697367903664,140.31116723833333,0.0,140.31116723833333,00:40:00
2025-03-21,5,0.3495,413.32174166666664,411.53908333333334,0.0,1293.498478087392,1295.1028705873919,1199.9999999999998,1.782658333333302,411.53908333333334,0.0,0.0,0.0,144.45594871249997,0.0,144.45594871249997,413.32174166666664,408.83410833333335,0.0,Q4 SMOKE / TEST ONLY,optimal,optimal,optimal,0.0,0.0,1e-07,28975.560358645434,144.45594871249997,0.0,144.45594871249997,00:50:00
2025-03-21,6,0.3096,426.90666666666664,408.69166666666666,0.0,1295.1028705873919,1311.4963705873918,1199.9999999999998,18.214999999999975,408.69166666666666,0.0,0.0,0.0,132.170304,0.0,132.170304,426.90666666666664,429.4425,0.0,Q4 SMOKE / TEST ONLY,optimal,optimal,optimal,0.0,0.0,1e-07,28968.32078095864,132.170304,0.0,132.170304,01:00:00
2025-03-21,7,0.2969,444.1138416666667,411.3135333333333,0.0,1311.4963705873918,1341.0166480873918,1199.9999999999998,32.80030833333342,411.3135333333333,0.0,0.0,0.0,131.85739959083335,0.0,131.85739959083335,444.1138416666667,420.74150833333334,0.0,Q4 SMOKE / TEST ONLY,optimal,optimal,optimal,0.0,0.0,1e-07,28951.927280956268,131.85739959083335,0.0,131.85739959083335,01:10:00
2025-03-21,8,0.319,1238.3284916666667,424.3117333333333,0.0,1341.0166480873918,2073.6317305873918,1199.9999999999998,814.0167583333334,424.3117333333333,0.0,0.0,0.0,395.02678884166664,0.0,395.02678884166664,1238.3284916666667,406.2393333333333,0.0,Q4 SMOKE / TEST ONLY,optimal,optimal,optimal,0.0,0.0,1e-07,28922.40700345658,395.02678884166664,0.0,395.02678884166664,01:20:00
2025-03-21,9,0.3348,1230.4575,438.34999999999997,0.0,2073.6317305873918,2786.5284805873916,1199.9999999999998,792.1075000000001,438.34999999999997,0.0,0.0,0.0,411.95717099999996,0.0,411.95717099999996,1230.4575,405.7208333333333,0.0,Q4 SMOKE / TEST ONLY,optimal,optimal,optimal,0.0,0.0,1e-07,28189.791920958745,411.95717099999996,0.0,411.95717099999996,01:30:00
2025-03-21,10,0.2987,905.606208831215,435.501,0.0,2786.5284805873916,3209.623168535485,1199.9999999999998,470.105208831215,435.501,0.0,0.0,0.0,270.50457457788394,0.0,270.50457457788394,905.606208831215,418.042225,0.0,Q4 SMOKE / TEST ONLY,optimal,optimal,optimal,0.0,0.0,1e-07,27476.895170957774,270.50457457788394,0.0,270.50457457788394,01:40:00
2025-03-21,11,0.2831,414.66527499999995,425.37193333333335,0.0,3209.623168535485,3197.7268815769426,1199.9999999999998,0.0,414.66527499999995,0.0,10.706658262688165,7.064522833388764e-08,117.3917393525,9.999832070661797e-08,117.39173945249831,414.66527499999995,434.10158333333334,0.0,Q4 SMOKE / TEST ONLY,optimal,optimal,optimal,0.0,0.0,1e-07,27034.401260773575,117.3917393525,0.0,117.39173945249831,01:50:00
2025-03-21,12,0.3196,458.48916666666673,423.615,0.0,3197.7268815769426,3229.1136315769427,1199.9999999999998,34.874166666666724,423.615,0.0,0.0,0.0,146.53313766666668,0.0,146.53313766666668,458.48916666666673,443.06916666666666,0.0,Q4 SMOKE / TEST ONLY,optimal,optimal,optimal,0.0,0.0,1e-07,27022.504973667586,146.53313766666668,0.0,146.53313766666668,02:00:00
2025-03-21,13,0.3679,436.79746666666654,436.5751,0.0,3229.1136315769427,3229.3137615769424,1199.9999999999998,0.22236666666651672,436.5751,0.0,0.0,0.0,160.6977879866666,0.0,160.6977879866666,436.79746666666654,435.78369999999995,0.0,Q4 SMOKE / TEST ONLY,optimal,optimal,optimal,0.0,0.0,1e-07,26991.118223668418,160.6977879866666,0.0,160.6977879866666,02:10:00
2025-03-21,14,0.3883,412.4562383087059,439.04361666666665,0.0,3229.3137615769424,3199.772230068097,1199.9999999999998,0.0,412.4562383087059,0.0,26.587378357960745,0.0,160.1567573352705,0.0,160.1567573352705,412.4562383087059,410.53069999999997,0.0,Q4 SMOKE / TEST ONLY,optimal,optimal,optimal,0.0,0.0,1e-07,27050.001156688308,160.1567573352705,0.0,160.1567573352705,02:20:00
2025-03-21,15,0.3775,1213.1033333333335,435.255,0.0,3199.772230068097,3899.8357300680973,1199.9999999999998,777.8483333333335,435.255,0.0,0.0,0.0,457.9465083333334,0.0,457.9465083333334,1213.1033333333335,389.92083333333335,0.0,Q4 SMOKE / TEST ONLY,optimal,optimal,optimal,0.0,0.0,1e-07,27020.45962518194,457.9465083333334,0.0,457.9465083333334,02:30:00
2025-03-21,16,0.3651,1243.5959750000002,453.35414999999995,0.0,3899.8357300680973,4611.053372568098,1199.9999999999998,790.2418250000003,453.35414999999995,0.0,0.0,0.0,454.03689047250003,0.0,454.03689047250003,1243.5959750000002,404.48514166666666,0.0,Q4 SMOKE / TEST ONLY,optimal,optimal,optimal,0.0,0.0,1e-07,26320.396125184117,454.03689047250003,0.0,454.03689047250003,02:40:00
2025-03-21,17,0.3651,437.04150000000016,468.5789333333333,0.0,4611.053372568098,4576.011779975505,1199.9999999999998,0.0,437.04150000000016,0.0,31.537433333333126,0.0,159.56385165000006,0.0,159.56385165000006,437.04150000000016,427.64413333333334,0.0,Q4 SMOKE / TEST ONLY,optimal,optimal,optimal,25.68806164229839,0.0,1e-07,25646.21992383118,159.56385165000006,0.0,159.56385165000006,02:50:00
2025-03-21,18,0.3531,0.0,459.19333333333327,0.0,4576.011779975505,4065.8197892592584,1199.9999999999998,0.0,0.0,0.0,459.17279164462207,0.02054168871109141,0.0,0.03626635141943189,0.03626635141943189,0.0,442.50666666666666,0.0,Q4 SMOKE / TEST ONLY,optimal,optimal,optimal,54.18771310222805,0.0,1e-07,25611.178331237155,0.0,0.0,0.03626635141943189,03:00:00
2025-03-21,19,0.3061,445.80329999999987,430.9861833333333,0.0,4065.8197892592584,4079.155194259258,1199.9999999999998,14.81711666666655,430.9861833333333,0.0,0.0,0.0,136.46039012999995,0.0,136.46039012999995,445.80329999999987,452.5250333333333,0.0,Q4 SMOKE / TEST ONLY,optimal,optimal,optimal,21.67064278039966,0.0,1.0000000472132342e-07,25127.657150519542,136.46039012999995,0.0,136.46039012999995,03:10:00
2025-03-21,20,0.3341,446.1569666666666,430.5171,0.0,4079.155194259258,4093.231074259258,1199.9999999999998,15.639866666666592,430.5171,0.0,0.0,0.0,149.06104256333333,0.0,149.06104256333333,446.1569666666666,446.57779999999997,0.0,Q4 SMOKE / TEST ONLY,optimal,optimal,optimal,0.0,0.0,1e-07,25141.856142472105,149.06104256333333,0.0,149.06104256333333,03:20:00
2025-03-21,21,0.3952,414.04333333333335,453.47,0.0,4093.231074259258,4049.4236668518506,1199.9999999999998,0.0,414.04333333333335,0.0,39.42666666666668,0.0,163.62992533333335,0.0,163.62992533333335,414.04333333333335,430.18833333333333,0.0,Q4 SMOKE / TEST ONLY,optimal,optimal,optimal,39.31022927928905,0.0,1.0000000116860974e-07,25128.397625520363,163.62992533333335,0.0,163.62992533333335,03:30:00
2025-03-21,22,0.3411,398.40144999999984,452.9327166666667,0.0,4049.4236668518506,4040.412307777777,1199.9999999999998,0.0,398.40144999999984,0.0,8.110223166666081,46.42104350000077,135.89473459499996,79.17108968925132,215.06582428425128,398.40144999999984,425.281575,0.0,Q4 SMOKE / TEST ONLY,optimal,optimal,optimal,86.25471573752556,0.0,1e-07,25084.590218112913,135.89473459499996,0.0,215.06582428425128,03:40:00
2025-03-21,23,0.3314,433.02956666666654,453.22024999999996,0.0,4040.412307777777,4040.412307777777,1199.9999999999998,0.0,433.02956666666654,0.0,0.0,20.190683333333425,143.50599839333327,33.455962283333484,176.96196067666676,433.02956666666654,436.67479999999995,0.0,Q4 SMOKE / TEST ONLY,optimal,optimal,optimal,34.43909932487445,0.0,1.0000000116860974e-07,25075.578859038782,143.50599839333327,0.0,176.96196067666676,03:50:00
2025-03-21,24,0.3858,488.3399999999999,453.23499999999996,0.0,4040.412307777777,4072.0068077777773,1199.9999999999998,35.10499999999996,453.23499999999996,0.0,0.0,0.0,188.40157199999996,0.0,188.40157199999996,488.3399999999999,453.395,0.0,Q4 SMOKE / TEST ONLY,optimal,optimal,optimal,0.7698075520604631,0.0,1e-07,25075.86685903935,188.40157199999996,0.0,188.40157199999996,04:00:00
2025-03-21,25,0.3601,471.89103333333327,428.8209333333333,0.0003833333333333333,4072.0068077777773,4110.770242777778,1199.9999999999998,43.0704833333333,428.82054999999997,0.0,0.0,0.0,169.9279611033333,0.0,169.9279611033333,471.89103333333327,457.3898833333333,0.0,Q4 SMOKE / TEST ONLY,optimal,optimal,optimal,0.0,0.0,1e-07,25045.292621547178,169.9279611033333,0.0,169.9279611033333,04:10:00
2025-03-21,26,0.3237,423.94571666666667,435.381,0.0,4110.770242777778,4098.064372407409,1199.9999999999998,0.0,423.94571666666667,0.0,11.435283333332139,1.1638476278494076e-12,137.231228485,1.8836873856742663e-12,137.23122848500188,423.94571666666667,448.0550583333333,0.0,Q4 SMOKE / TEST ONLY,optimal,optimal,optimal,0.0,0.0,1e-07,24978.364612472258,137.231228485,0.0,137.23122848500188,04:20:00
2025-03-21,27,0.3382,417.89250000000004,463.1133333333333,0.0,4098.064372407409,4047.8190020370384,1199.9999999999998,0.0,417.89250000000004,0.0,45.220833333333246,0.0,141.33124350000003,0.0,141.33124350000003,417.89250000000004,443.27666666666664,0.0,Q4 SMOKE / TEST ONLY,optimal,optimal,optimal,0.0,0.0,1e-07,25009.74022358316,141.33124350000003,0.0,141.33124350000003,04:30:00
2025-03-21,28,0.3813,483.203625,446.17206666666664,0.0053,4047.8190020370384,4081.1521745370383,1199.9999999999998,37.03685833333333,446.16676666666666,0.0,0.0,0.0,184.24554221249997,0.0,184.24554221249997,483.203625,461.29836666666665,0.0,Q4 SMOKE / TEST ONLY,optimal,optimal,optimal,0.0,0.0,1e-07,24959.494853213455,184.24554221249997,0.0,184.24554221249997,04:40:00
2025-03-21,29,0.357,485.64019166666657,434.32966666666664,0.0,4081.1521745370383,4127.331647037038,1199.9999999999998,51.31052499999993,434.32966666666664,0.0,0.0,0.0,173.37354842499997,0.0,173.37354842499997,485.64019166666657,467.59734166666664,0.0,Q4 SMOKE / TEST ONLY,optimal,optimal,optimal,0.0,0.0,1e-07,24926.16168071342,173.37354842499997,0.0,173.37354842499997,04:50:00
2025-03-21,30,0.299,420.9266666666667,450.04333333333335,0.0,4127.331647037038,4094.979795259507,1199.9999999999998,0.0,420.9266666666667,0.0,29.11666659977834,6.688833309453912e-08,125.85707333333333,9.999805797633598e-08,125.8570734333314,420.9266666666667,455.7475,0.0,Q4 SMOKE / TEST ONLY,optimal,optimal,optimal,0.0,0.0,1e-07,24867.30628228037,125.85707333333333,0.0,125.8570734333314,05:00:00
2025-03-21,31,0.3359,416.381925,462.98946666666666,0.07376666666666666,4094.979795259507,4043.2756008150623,1199.9999999999998,0.0,416.381925,0.0,46.53377499999999,0.0,139.8626886075,0.0,139.8626886075,416.381925,452.2719166666667,0.0,Q4 SMOKE / TEST ONLY,optimal,optimal,optimal,0.0,0.0,1e-07,24858.607282211568,139.8626886075,0.0,139.8626886075,05:10:00
2025-03-21,32,0.3867,449.53505687134236,461.1494333333333,0.0,4043.2756008150623,4030.3707380795167,1199.9999999999998,0.0,449.53505687134236,0.0,11.614376461990958,0.0,173.83520649214807,0.0,173.83520649214807,449.53505687134236,450.12377499999997,0.0,Q4 SMOKE / TEST ONLY,optimal,optimal,optimal,0.0,0.0,1e-07,24831.404550730826,173.83520649214807,0.0,173.83520649214807,05:20:00
2025-03-21,33,0.359,1274.4,455.6116666666667,0.0,4030.3707380795167,4767.2802380795165,1199.9999999999998,818.7883333333334,455.6116666666667,0.0,0.0,0.0,457.50960000000003,0.0,457.50960000000003,1274.4,442.56583333333333,0.0,Q4 SMOKE / TEST ONLY,optimal,optimal,optimal,0.0,0.0,1.0000000000000002e-07,24818.49968799589,457.50960000000003,0.0,457.50960000000003,05:30:00
2025-03-21,34,0.2788,444.2598583333334,465.7543333333333,1.02755,4767.2802380795165,4744.539210381444,1199.9999999999998,0.0,444.2598583333334,0.0,20.46692492826503,7.173485983003047e-08,123.85964850333335,9.999839460306248e-08,123.85964860333173,444.2598583333334,436.26165,0.0,Q4 SMOKE / TEST ONLY,optimal,optimal,optimal,0.0,0.0,1e-07,24127.07224353381,123.85964850333335,0.0,123.85964860333173,05:40:00
2025-03-21,35,0.4535,0.0,473.1871833333333,0.0,4744.539210381444,4239.984212962963,1199.9999999999998,0.0,0.0,0.0,454.09949767663284,19.087685656700614,0.0,43.28132722656864,43.28132722656864,0.0,452.85452499999997,0.0,Q4 SMOKE / TEST ONLY,optimal,optimal,optimal,43.28132722656864,0.0,1.0000000116860974e-07,24107.097821640684,0.0,0.0,43.28132722656864,05:50:00
2025-03-21,36,0.7742,0.0,465.435,0.0,4239.984212962963,3722.834212962963,1199.9999999999998,0.0,0.0,0.0,465.43499999999995,0.0,0.0,0.0,0.0,0.0,472.265,0.0,Q4 SMOKE / TEST ONLY,optimal,optimal,optimal,0.0,0.0,1e-07,23587.365046444364,0.0,0.0,0.0,06:00:00
2025-03-21,37,0.8068,0.0,449.4866,28.639699999999998,3722.834212962963,3255.2265462962964,1199.9999999999998,0.0,0.0,0.0,420.8469,0.0,0.0,0.0,0.0,0.0,452.5690583333333,43.53281127681804,Q4 SMOKE / TEST ONLY,optimal,optimal,optimal,0.0,0.0,1e-07,22761.349500801374,0.0,0.0,0.0,06:10:00
2025-03-21,38,0.7532,0.0,446.8888,68.20651666666666,3255.2265462962964,2834.4684537037037,1199.9999999999998,0.0,0.0,0.0,378.6822833333333,0.0,0.0,0.0,0.0,0.0,443.01373333333333,87.06562255363608,Q4 SMOKE / TEST ONLY,optimal,optimal,optimal,0.0,0.0,1e-07,22344.26221758744,0.0,0.0,0.0,06:20:00
2025-03-21,39,0.738,0.0,458.0383333333333,110.27499999999999,2834.4684537037037,2448.06475,1199.9999999999998,0.0,0.0,0.0,347.7633333333333,0.0,0.0,0.0,0.0,0.0,449.7366666666667,130.5984338304541,Q4 SMOKE / TEST ONLY,optimal,optimal,optimal,0.0,0.0,1e-07,21987.115459432844,0.0,0.0,0.0,06:30:00
2025-03-21,40,0.6845,0.0,469.32759999999996,158.66258333333332,2448.06475,2102.881398148148,1199.9999999999998,0.0,0.0,0.0,310.66501666666665,0.0,0.0,0.0,0.0,0.0,438.96586666666667,174.13124510727215,Q4 SMOKE / TEST ONLY,optimal,optimal,optimal,0.0,0.0,1.0000000000000002e-07,21702.557078189486,0.0,0.0,0.0,06:40:00
2025-03-21,41,0.6712,131.45522546466833,506.9368,204.43355,2102.881398148148,1923.3462156087728,1199.9999999999998,0.0,131.45522546466833,0.0,161.58166428543768,9.466360249893967,88.23274733188539,31.769104998644153,120.00185233052954,131.45522546466833,477.96925,217.66405638409015,Q4 SMOKE / TEST ONLY,optimal,optimal,optimal,31.769104998644153,0.0,1.0000000116860974e-07,21430.110828857887,0.0,132.34912099782807,164.11822599647223,06:50:00
2025-03-21,42,0.6935,0.0,546.5216666666666,252.525,1923.3462156087728,1604.708475972745,1199.9999999999998,0.0,0.0,0.0,286.77396567242505,7.22270099424162,0.0,25.04471569753282,25.04471569753282,0.0,547.9708333333333,261.1968676609082,Q4 SMOKE / TEST ONLY,optimal,optimal,optimal,25.04471569753282,0.0,1.0000000116860974e-07,21250.57564631832,0.0,0.0,25.04471569753282,07:00:00
2025-03-21,43,0.6599,0.0,534.4570666666666,316.48929999999996,1604.708475972745,1362.5220685653376,1199.9999999999998,0.0,0.0,0.0,217.96776666666665,0.0,0.0,0.0,0.0,0.0,553.6562916666667,330.01467976181254,Q4 SMOKE / TEST ONLY,optimal,optimal,optimal,0.0,0.0,1e-07,20919.329361707798,0.0,0.0,0.0,07:10:00
2025-03-21,44,0.6208,0.0,538.6449333333333,376.76628333333326,1362.5220685653376,1200.0,1199.9999999999998,0.0,0.0,0.0,146.2698617088038,15.608788291196191,0.0,48.44967885587298,48.44967885587298,0.0,539.4285083333333,398.8324918627169,Q4 SMOKE / TEST ONLY,optimal,optimal,optimal,48.44967885587298,0.0,1.0000000116860974e-07,20689.751499273327,0.0,0.0,48.44967885587298,07:20:00
2025-03-21,45,0.5691,74.79556815639319,559.8199999999999,436.20625,1200.0,1200.0,1199.9999999999998,-4.263256414560601e-14,74.79556815639323,0.0,0.0,48.818181843606695,42.56615783780337,138.91213643598286,181.47829427378622,74.79556815639319,534.3558333333333,467.65030396362124,Q4 SMOKE / TEST ONLY,optimal,optimal,optimal,138.912136435983,0.0,1e-07,20527.22943070755,0.0,63.849236756705054,202.76137319268793,07:30:00
2025-03-21,46,0.4824,0.0,533.3480166666666,517.3082833333333,1200.0,1200.0,1199.9999999999998,0.0,0.0,0.0,0.0,16.039733333333288,0.0,38.68783679999989,38.68783679999989,0.0,523.7250583333332,536.4681160645256,Q4 SMOKE / TEST ONLY,optimal,optimal,optimal,38.68783679999989,0.0,1e-07,20527.229430707066,0.0,0.0,38.68783679999989,07:40:00
2025-03-21,47,0.6353,0.0,522.1882166666667,598.0763666666667,1200.0,1268.299335,1199.9999999999998,0.0,0.0,75.88815,0.0,0.0,0.0,0.0,0.0,0.0,522.5146833333333,605.2859281654299,Q4 SMOKE / TEST ONLY,optimal,optimal,optimal,0.0,0.0,1e-07,20527.229430706855,0.0,0.0,0.0,07:50:00
2025-03-21,48,0.9037,0.0,535.9166666666666,654.65,1268.299335,1375.1593349999998,1199.9999999999998,0.0,0.0,118.73333333333335,0.0,0.0,0.0,0.0,0.0,0.0,527.2691666666666,674.1037402663343,Q4 SMOKE / TEST ONLY,optimal,optimal,optimal,0.0,0.0,1e-07,20458.930095707077,0.0,0.0,0.0,08:00:00
2025-03-21,49,0.8655,0.0,524.6581333333334,684.4751833333332,1375.1593349999998,1518.9946799999998,1199.9999999999998,0.0,0.0,159.81704999999988,0.0,0.0,0.0,0.0,0.0,0.0,519.9191000000001,724.7527716698103,Q4 SMOKE / TEST ONLY,optimal,optimal,optimal,0.0,0.0,1e-07,20352.07009570702,0.0,0.0,0.0,08:10:00
2025-03-21,50,0.7845,0.0,541.6352499999999,729.5257333333334,1518.9946799999998,1688.0961149999998,1199.9999999999998,0.0,0.0,187.89048333333346,0.0,0.0,0.0,0.0,0.0,0.0,527.5210833333333,775.4018030732861,Q4 SMOKE / TEST ONLY,optimal,optimal,optimal,0.0,0.0,1e-07,20208.234750706848,0.0,0.0,0.0,08:20:00
2025-03-21,51,0.7703,0.0,563.515,790.3874999999999,1688.0961149999998,1892.2813649999998,1199.9999999999998,0.0,0.0,226.87249999999995,0.0,0.0,0.0,0.0,0.0,0.0,540.6916666666666,826.0508344767622,Q4 SMOKE / TEST ONLY,optimal,optimal,optimal,0.0,0.0,1e-07,20039.13331570672,0.0,0.0,0.0,08:30:00
2025-03-21,52,0.6818,0.0,518.4480666666666,830.7737333333332,1892.2813649999998,2173.374465,1199.9999999999998,0.0,0.0,312.3256666666666,0.0,0.0,0.0,0.0,0.0,0.0,530.2688166666667,876.6998658802382,Q4 SMOKE / TEST ONLY,optimal,optimal,optimal,0.0,0.0,1e-07,19834.948065706074,0.0,0.0,0.0,08:40:00
2025-03-21,53,0.6884,0.0,544.4419166666667,874.3743333333333,2173.374465,2470.31364,1199.9999999999998,0.0,0.0,329.93241666666665,0.0,0.0,0.0,0.0,0.0,0.0,574.4859583333333,927.3488972837142,Q4 SMOKE / TEST ONLY,optimal,optimal,optimal,0.0,0.0,1e-07,19553.854965705334,0.0,0.0,0.0,08:50:00
2025-03-21,54,0.794,0.0,623.9233333333333,910.6187499999999,2470.31364,2728.3395149999997,1199.9999999999998,0.0,0.0,286.6954166666666,0.0,0.0,0.0,0.0,0.0,0.0,652.9658333333332,977.9979286871902,Q4 SMOKE / TEST ONLY,optimal,optimal,optimal,0.0,0.0,1e-07,19256.91579070509,0.0,0.0,0.0,09:00:00
2025-03-21,55,0.813,0.0,604.1303,904.5523,2728.3395149999997,2998.7193149999994,1199.9999999999998,0.0,0.0,300.4219999999999,0.0,0.0,0.0,0.0,0.0,0.0,658.4881,1012.4950367718013,Q4 SMOKE / TEST ONLY,optimal,optimal,optimal,0.0,0.0,1e-07,18998.889915705226,0.0,0.0,0.0,09:10:00
2025-03-21,56,0.7837,0.0,619.2490833333333,920.0186166666667,2998.7193149999994,3269.4118949999993,1199.9999999999998,0.0,0.0,300.76953333333347,0.0,0.0,0.0,0.0,0.0,0.0,638.3489166666666,1046.992144856413,Q4 SMOKE / TEST ONLY,optimal,optimal,optimal,0.0,0.0,1e-07,18728.510115705394,0.0,0.0,0.0,09:20:00
2025-03-21,57,0.7427,0.0,672.3983333333333,978.1499999999999,3269.4118949999993,3544.5883949999993,1199.9999999999998,0.0,0.0,305.75166666666655,0.0,0.0,0.0,0.0,0.0,0.0,632.9975,1081.4892529410242,Q4 SMOKE / TEST ONLY,optimal,optimal,optimal,0.0,0.0,1e-07,18457.817535705355,0.0,0.0,0.0,09:30:00
2025-03-21,58,0.6811,0.0,624.7448666666667,1038.2509499999999,3544.5883949999993,3916.7438699999993,1199.9999999999998,0.0,0.0,413.5060833333332,0.0,0.0,0.0,0.0,0.0,0.0,632.6280833333333,1115.9863610256357,Q4 SMOKE / TEST ONLY,optimal,optimal,optimal,0.0,0.0,1e-07,18182.641035705088,0.0,0.0,0.0,09:40:00
2025-03-21,59,0.6473,0.0,584.9065333333333,1084.5234999999998,3916.7438699999993,4366.3991399999995,1199.9999999999998,0.0,0.0,499.6169666666665,0.0,0.0,0.0,0.0,0.0,0.0,615.7675916666666,1150.483469110247,Q4 SMOKE / TEST ONLY,optimal,optimal,optimal,0.0,0.0,1e-07,17810.485560704772,0.0,0.0,0.0,09:50:00
2025-03-21,60,0.6482,0.0,608.3383333333334,1116.6625,4366.3991399999995,4823.89089,1199.9999999999998,0.0,0.0,508.32416666666654,0.0,0.0,0.0,0.0,0.0,0.0,602.0091666666666,1184.9805771948581,Q4 SMOKE / TEST ONLY,optimal,optimal,optimal,0.0,0.0,1e-07,17360.830290704576,0.0,0.0,0.0,10:00:00
2025-03-21,61,0.6397,0.0,638.8362333333333,1144.3659499999999,4823.89089,5278.867635,1199.9999999999998,0.0,0.0,505.52971666666656,0.0,0.0,0.0,0.0,0.0,0.0,629.819925,1214.914567745866,Q4 SMOKE / TEST ONLY,optimal,optimal,optimal,0.0,0.0,1e-07,16903.33854070448,0.0,0.0,0.0,10:10:00
2025-03-21,62,0.606,0.0,643.9225833333333,1182.7385666666667,5278.867635,5763.80202,1199.9999999999998,0.0,0.0,538.8159833333334,0.0,0.0,0.0,0.0,0.0,0.0,642.3247666666666,1244.8485582968738,Q4 SMOKE / TEST ONLY,optimal,optimal,optimal,0.0,0.0,1e-07,16448.361795704397,0.0,0.0,0.0,10:20:00
2025-03-21,63,0.589,0.0,626.65,1236.3374999999999,5763.80202,6312.52077,1199.9999999999998,0.0,0.0,609.6874999999999,0.0,0.0,0.0,0.0,0.0,0.0,627.3566666666666,1274.7825488478816,Q4 SMOKE / TEST ONLY,optimal,optimal,optimal,0.0,0.0,1e-07,15963.427410704244,0.0,0.0,0.0,10:30:00
2025-03-21,64,0.6157,0.0,617.27735,1295.50805,6312.52077,6922.9284,1199.9999999999998,0.0,0.0,678.2307,0.0,0.0,0.0,0.0,0.0,0.0,625.3329666666666,1304.7165393988894,Q4 SMOKE / TEST ONLY,optimal,optimal,optimal,0.0,0.0,1e-07,15414.708660704027,0.0,0.0,0.0,10:40:00
2025-03-21,65,0.4675,0.0,639.3030833333332,1341.1442,6922.9284,7554.585405,1199.9999999999998,0.0,0.0,701.8411166666667,0.0,0.0,0.0,0.0,0.0,0.0,613.1372166666666,1334.6505299498972,Q4 SMOKE / TEST ONLY,optimal,optimal,optimal,0.0,0.0,1e-07,14804.301030703855,0.0,0.0,0.0,10:50:00
2025-03-21,66,0.227,0.0,660.8516666666667,1355.8625,7554.585405,8180.095155,1199.9999999999998,0.0,0.0,695.0108333333333,0.0,0.0,0.0,0.0,0.0,0.0,601.3833333333333,1364.584520500905,Q4 SMOKE / TEST ONLY,optimal,optimal,optimal,0.0,0.0,1e-07,14172.64402570375,0.0,0.0,0.0,11:00:00
2025-03-21,67,0.208,0.0,629.1357666666667,1345.1078666666667,8180.095155,8824.470045,1199.9999999999998,0.0,0.0,715.9721000000001,0.0,0.0,0.0,0.0,0.0,0.0,626.4391083333333,1368.5398871121147,Q4 SMOKE / TEST ONLY,optimal,optimal,optimal,0.0,0.0,1e-07,13547.134275703558,0.0,0.0,0.0,11:10:00
2025-03-21,68,0.208,0.0,617.3747833333333,1384.7060999999999,8824.470045,9515.06823,1199.9999999999998,0.0,0.0,767.3313166666666,0.0,0.0,0.0,0.0,0.0,0.0,629.6221833333333,1372.4952537233244,Q4 SMOKE / TEST ONLY,optimal,optimal,optimal,0.0,0.0,1e-07,12902.759385703335,0.0,0.0,0.0,11:20:00
2025-03-21,69,0.1656,0.0,643.5816666666666,1451.7875,9515.06823,10242.45348,1199.9999999999998,0.0,0.0,808.2058333333333,0.0,0.0,0.0,0.0,0.0,0.0,605.815,1376.4506203345336,Q4 SMOKE / TEST ONLY,optimal,optimal,optimal,0.0,0.0,1e-07,12212.161200703307,0.0,0.0,0.0,11:30:00
2025-03-21,70,0.2205,0.0,651.1271166666667,1451.80405,10242.45348,10313.624512954533,1199.9999999999998,0.0,0.0,79.07892550503675,0.0,0.0,0.0,0.0,0.0,0.0,608.2628749999999,1380.4059869457433,Q4 SMOKE / TEST ONLY,optimal,optimal,optimal,0.0,0.0,1e-07,11484.775950703595,0.0,0.0,0.0,11:40:00
2025-03-21,71,0.2295,0.0,634.8849166666666,1463.0396833333334,10313.624512954533,10313.624512954533,1199.9999999999998,0.0,0.0,0.0,0.0,0.0,0.0,0.0,0.0,0.0,613.5161083333332,1384.361353556953,Q4 SMOKE / TEST ONLY,optimal,optimal,optimal,0.0,0.0,1e-07,11413.604917749246,0.0,0.0,0.0,11:50:00
2025-03-21,72,0.1806,0.0,623.885,1484.41875,10313.624512954533,10313.624512954533,1199.9999999999998,0.0,0.0,0.0,0.0,0.0,0.0,0.0,0.0,0.0,609.4208333333333,1388.3167201681626,Q4 SMOKE / TEST ONLY,optimal,optimal,optimal,0.0,0.0,1e-07,11413.604917749039,0.0,0.0,0.0,12:00:00
2025-03-21,73,0.2057,0.0,642.6170666666667,1436.1980333333333,10313.624512954533,10434.92251787758,1199.9999999999998,0.0,0.0,134.77556102560712,0.0,0.0,0.0,0.0,0.0,0.0,611.4825583333334,1428.3480556667432,Q4 SMOKE / TEST ONLY,optimal,optimal,optimal,0.0,0.0,1e-07,11359.93074168554,0.0,0.0,0.0,12:10:00
2025-03-21,74,0.1996,0.0,621.1401833333333,1413.9203,10434.92251787758,10434.92251787758,1199.9999999999998,0.0,0.0,0.0,0.0,0.0,0.0,0.0,0.0,0.0,620.1617416666666,1405.1189720821687,Q4 SMOKE / TEST ONLY,optimal,optimal,optimal,0.0,0.0,1e-07,11238.632736762249,0.0,0.0,0.0,12:20:00
2025-03-21,75,0.1365,0.0,579.7733333333333,1434.9125,10434.92251787758,10434.92251787758,1199.9999999999998,0.0,0.0,0.0,0.0,0.0,0.0,0.0,0.0,0.0,623.15,1381.889888497594,Q4 SMOKE / TEST ONLY,optimal,optimal,optimal,0.0,0.0,1e-07,11238.632736761829,0.0,0.0,0.0,12:30:00
2025-03-21,76,0.1352,0.0,610.1972,1417.0670333333333,10434.92251787758,10434.92251787758,1199.9999999999998,0.0,0.0,0.0,0.0,0.0,0.0,0.0,0.0,0.0,606.8305916666666,1358.6608049130195,Q4 SMOKE / TEST ONLY,optimal,optimal,optimal,0.0,0.0,1e-07,11238.632736761492,0.0,0.0,0.0,12:40:00
2025-03-21,77,0.3171,0.0,636.7426333333333,1373.66655,10434.92251787758,10434.92251787758,1199.9999999999998,0.0,0.0,0.0,0.0,0.0,0.0,0.0,0.0,0.0,586.7543333333333,1335.431721328445,Q4 SMOKE / TEST ONLY,optimal,optimal,optimal,0.0,0.0,1e-07,11238.632736761312,0.0,0.0,0.0,12:50:00
2025-03-21,78,0.5654,0.0,621.795,1332.625,10434.92251787758,10434.92251787758,1199.9999999999998,0.0,0.0,0.0,0.0,0.0,0.0,0.0,0.0,0.0,580.1208333333333,1312.2026377438704,Q4 SMOKE / TEST ONLY,optimal,optimal,optimal,0.0,0.0,1e-07,11238.63273676125,0.0,0.0,0.0,13:00:00
2025-03-21,79,0.6184,0.0,602.7656666666667,1306.72825,10434.92251787758,10434.92251787758,1199.9999999999998,0.0,0.0,0.0,0.0,0.0,0.0,0.0,0.0,0.0,591.7893833333333,1285.3952055396303,Q4 SMOKE / TEST ONLY,optimal,optimal,optimal,0.0,0.0,1e-07,11238.632736761276,0.0,0.0,0.0,13:10:00
2025-03-21,80,0.5805,0.0,592.0163,1290.5802333333331,10434.92251787758,10434.92251787758,1199.9999999999998,0.0,0.0,0.0,0.0,0.0,0.0,0.0,0.0,0.0,601.2307916666666,1258.5877733353905,Q4 SMOKE / TEST ONLY,optimal,optimal,optimal,0.0,0.0,1e-07,11238.632736761176,0.0,0.0,0.0,13:20:00
2025-03-21,81,0.5725,0.0,581.7666666666667,1275.2937499999998,10434.92251787758,10434.92251787758,1199.9999999999998,0.0,0.0,0.0,0.0,0.0,0.0,0.0,0.0,0.0,604.8233333333333,1231.7803411311504,Q4 SMOKE / TEST ONLY,optimal,optimal,optimal,0.0,0.0,1e-07,11238.63273676084,0.0,0.0,0.0,13:30:00
2025-03-21,82,0.6163,0.0,563.9814833333332,1256.1704333333332,10434.92251787758,10434.92251787758,1199.9999999999998,0.0,0.0,0.0,0.0,0.0,0.0,0.0,0.0,0.0,613.4406583333333,1204.9729089269106,Q4 SMOKE / TEST ONLY,optimal,optimal,optimal,0.0,0.0,1e-07,11238.632736760466,0.0,0.0,0.0,13:40:00
2025-03-21,83,0.6518,0.0,578.7424833333333,1240.2158,10434.92251787758,10434.92251787758,1199.9999999999998,0.0,0.0,0.0,0.0,0.0,0.0,0.0,0.0,0.0,605.0078333333333,1178.1654767226705,Q4 SMOKE / TEST ONLY,optimal,optimal,optimal,0.0,0.0,1e-07,11238.632736760228,0.0,0.0,0.0,13:50:00
2025-03-21,84,0.657,0.0,614.28,1207.8062499999999,10434.92251787758,10434.92251787758,1199.9999999999998,0.0,0.0,0.0,0.0,0.0,0.0,0.0,0.0,0.0,590.7308333333333,1151.3580445184305,Q4 SMOKE / TEST ONLY,optimal,optimal,optimal,0.0,0.0,1e-07,11238.63273676013,0.0,0.0,0.0,14:00:00
2025-03-21,85,0.6635,0.0,614.79725,1128.5381166666666,10434.92251787758,10434.92251787758,1199.9999999999998,0.0,0.0,0.0,0.0,0.0,0.0,0.0,0.0,0.0,606.06085,1106.139697336816,Q4 SMOKE / TEST ONLY,optimal,optimal,optimal,0.0,0.0,1e-07,11238.632736760024,0.0,0.0,0.0,14:10:00
2025-03-21,86,0.6879,0.0,603.33885,1045.4608833333332,10434.92251787758,10434.92251787758,1199.9999999999998,0.0,0.0,0.0,0.0,0.0,0.0,0.0,0.0,0.0,617.6644666666666,1060.9213501552017,Q4 SMOKE / TEST ONLY,optimal,optimal,optimal,0.0,0.0,1e-07,11238.632736759915,0.0,0.0,0.0,14:20:00
2025-03-21,87,0.7335,0.0,597.3483333333334,983.78125,10434.92251787758,10434.92251787758,1199.9999999999998,0.0,0.0,0.0,0.0,0.0,0.0,0.0,0.0,0.0,604.7133333333334,1015.7030029735877,Q4 SMOKE / TEST ONLY,optimal,optimal,optimal,0.0,0.0,1e-07,11238.632736759868,0.0,0.0,0.0,14:30:00
2025-03-21,88,0.762,0.0,591.2195833333333,937.0163833333332,10434.92251787758,10434.92251787758,1199.9999999999998,0.0,0.0,0.0,0.0,0.0,0.0,0.0,0.0,0.0,580.0640666666666,970.4846557919732,Q4 SMOKE / TEST ONLY,optimal,optimal,optimal,0.0,0.0,1e-07,11238.632736759879,0.0,0.0,0.0,14:40:00
2025-03-21,89,0.6193,0.0,590.5133,916.8027666666667,10434.92251787758,10434.92251787758,1199.9999999999998,0.0,0.0,0.0,0.0,0.0,0.0,0.0,0.0,0.0,569.5351333333333,925.2663086103588,Q4 SMOKE / TEST ONLY,optimal,optimal,optimal,0.0,0.0,1e-07,11238.632736759802,0.0,0.0,0.0,14:50:00
2025-03-21,90,0.4027,0.0,588.0616666666666,911.3687499999999,10434.92251787758,10434.92251787758,1199.9999999999998,0.0,0.0,0.0,0.0,0.0,0.0,0.0,0.0,0.0,575.9849999999999,880.0479614287444,Q4 SMOKE / TEST ONLY,optimal,optimal,optimal,0.0,0.0,1e-07,11238.63273675957,0.0,0.0,0.0,15:00:00
2025-03-21,91,0.3845,0.0,571.5420166666667,890.9352166666665,10434.92251787758,10434.92251787758,1199.9999999999998,0.0,0.0,0.0,0.0,0.0,0.0,0.0,0.0,0.0,579.0912583333333,844.911566331846,Q4 SMOKE / TEST ONLY,optimal,optimal,optimal,0.0,0.0,1e-07,11238.632736759315,0.0,0.0,0.0,15:10:00
2025-03-21,92,0.4221,0.0,569.6767666666666,865.8473999999999,10434.92251787758,10434.92251787758,1199.9999999999998,0.0,0.0,0.0,0.0,0.0,0.0,0.0,0.0,0.0,570.05705,809.7751712349473,Q4 SMOKE / TEST ONLY,optimal,optimal,optimal,0.0,0.0,1e-07,11238.63273675906,0.0,0.0,0.0,15:20:00
2025-03-21,93,0.4466,0.0,586.1366666666667,829.40625,10434.92251787758,10434.92251787758,1199.9999999999998,0.0,0.0,0.0,0.0,0.0,0.0,0.0,0.0,0.0,560.8375,774.6387761380486,Q4 SMOKE / TEST ONLY,optimal,optimal,optimal,0.0,0.0,1e-07,11238.632736758856,0.0,0.0,0.0,15:30:00
2025-03-21,94,0.5206,0.0,592.3508833333333,763.3850666666667,10434.92251787758,10434.92251787758,1199.9999999999998,0.0,0.0,0.0,0.0,0.0,0.0,0.0,0.0,0.0,571.8341416666667,739.50238104115,Q4 SMOKE / TEST ONLY,optimal,optimal,optimal,0.0,0.0,1e-07,11238.632736758835,0.0,0.0,0.0,15:40:00
2025-03-21,95,0.5223,0.0,574.2744666666666,710.57665,10434.92251787758,10434.92251787758,1199.9999999999998,0.0,0.0,0.0,0.0,0.0,0.0,0.0,0.0,0.0,587.1548583333333,704.3659859442513,Q4 SMOKE / TEST ONLY,optimal,optimal,optimal,0.0,0.0,1e-07,11238.6327367587,10.893299170833354,-5.446649585416677,5.446649585416677,15:50:00
2025-03-21,96,0.4752,0.0,557.0433333333333,674.34375,10434.92251787758,10434.92251787758,1199.9999999999998,0.0,0.0,0.0,0.0,0.0,0.0,0.0,0.0,0.0,587.6883333333333,669.2295908473527,Q4 SMOKE / TEST ONLY,optimal,optimal,optimal,0.0,0.0,1e-07,11238.632736758333,0.9294886280871738,-0.4647443140435869,0.4647443140435869,16:00:00
2025-03-21,97,0.5319,0.0,575.71035,614.1343166666666,10434.92251787758,10434.92251787758,1199.9999999999998,0.0,0.0,0.0,0.0,0.0,0.0,0.0,0.0,0.0,570.1572833333333,603.9414274064137,Q4 SMOKE / TEST ONLY,optimal,optimal,optimal,0.0,0.0,1e-07,11238.632736758205,47.10765755683801,-23.553828778419003,23.553828778419003,16:10:00
2025-03-21,98,0.5949,27.278031427428346,568.7598499999999,533.8931833333334,10434.92251787758,10430.624265302496,1199.9999999999998,0.0,27.278031427428346,0.0,3.8684273175747874,3.7202079216634276,16.227700896177122,11.065758462987866,27.293459359164988,27.278031427428346,568.5775416666665,538.6532639654747,Q4 SMOKE / TEST ONLY,optimal,optimal,optimal,12.831574538889896,0.0,1e-07,11238.632736608688,69.05897971999993,-26.415639411911403,53.70909877107639,16:20:00
2025-03-21,99,0.6306,95.24576358502486,550.2833333333333,454.13124999999997,10430.624265302496,10429.617243359931,1199.9999999999998,0.0,95.24576358502486,0.0,0.9063197483084764,0.0,60.061978516716685,0.0,60.061978516716685,95.24576358502486,584.0583333333333,473.3651005245357,Q4 SMOKE / TEST ONLY,optimal,optimal,optimal,0.0,0.0,1e-07,11204.736776557267,113.48444183499991,-26.711231659141617,86.7732101758583,16:30:00
2025-03-21,100,0.6941,168.83513142176088,585.8236499999999,391.93146666666667,10429.617243359931,10401.776074569296,1199.9999999999998,0.0,168.83513142176088,0.0,25.057051911572387,0.0,117.18846471984423,0.0,117.18846471984423,168.83513142176088,576.6485333333333,408.0769370835967,Q4 SMOKE / TEST ONLY,optimal,optimal,optimal,38.300533075120484,0.0,1e-07,11232.85309878161,149.2985809088889,-16.055058094522337,133.24352281436657,16:40:00
2025-03-21,101,0.6881,185.90657630071144,553.6576166666666,332.0850333333333,10401.776074569296,10401.776074569296,1199.9999999999998,0.0,185.90657630071144,0.0,0.0,35.666007032621906,127.92231515251954,122.70889719573567,250.63121234825522,185.90657630071144,514.2523249999999,342.7887736426577,Q4 SMOKE / TEST ONLY,optimal,optimal,optimal,202.15087717703193,0.0,1e-07,11179.014485093136,144.9605112686111,-8.519098058045776,259.150310406301,16:50:00
2025-03-21,102,0.6353,170.7562513825151,454.12166666666667,268.78749999999997,10401.776074569296,10401.776074569296,1199.9999999999998,0.0,170.7562513825151,0.0,0.0,14.5779152841516,108.48144650331184,46.30674790010756,154.7881944034194,170.7562513825151,445.53249999999997,277.5006102017187,Q4 SMOKE / TEST ONLY,optimal,optimal,optimal,133.50744215471036,0.0,1e-07,11174.110634241533,120.27639366,-5.89747357834408,160.6856679817635,17:00:00
2025-03-21,103,0.6674,213.4584904723338,419.16615,211.97548333333333,10401.776074569296,10407.417115994396,1199.9999999999998,6.2678238056671205,207.1906666666667,0.0,0.0,0.0,142.46219654123558,0.0,142.46219654123558,213.4584904723338,455.433,231.25050850143222,Q4 SMOKE / TEST ONLY,optimal,optimal,optimal,32.786875270802774,0.0,1.0000000116860974e-07,11185.392717091692,160.68983311388888,-9.113818286326657,151.57601482756223,17:10:00
2025-03-21,104,0.7157,292.52538850886435,428.21365,164.18721666666664,10407.417115994396,10433.066175652375,1199.9999999999998,28.498955175531023,264.02643333333333,0.0,0.0,0.0,209.3604205557942,0.0,209.3604205557942,292.52538850886435,464.813425,185.0004068011458,Q4 SMOKE / TEST ONLY,optimal,optimal,optimal,0.0,0.0,1e-07,11202.098768589041,225.14220224444452,-7.177035883759701,217.9651663606848,17:20:00
2025-03-21,105,0.7139,342.22280372773866,441.67833333333334,120.45,10433.066175652375,10451.961199007339,1199.9999999999998,20.99447039440531,321.22833333333335,0.0,0.0,0.0,244.31285958123263,0.0,244.31285958123263,342.22280372773866,446.3041666666667,138.75030510085935,Q4 SMOKE / TEST ONLY,optimal,optimal,optimal,26.79687910550846,0.0,1e-07,11157.904419585102,262.49497374833334,-1.442371267027708,261.05260248130566,17:30:00
2025-03-21,106,0.6932,391.8973611111111,445.5400833333333,73.47745,10451.961199007339,10469.812454007339,1199.9999999999998,19.834727777777744,372.06263333333334,0.0,0.0,0.0,271.66325072222224,0.0,271.66325072222224,391.8973611111111,449.2631583333333,92.50020340057287,Q4 SMOKE / TEST ONLY,optimal,optimal,optimal,70.36419506140612,0.0,1e-07,11111.469975109154,271.66325072222224,0.0,271.66325072222224,17:40:00
2025-03-21,107,0.8471,137.81551670172024,444.05315,28.8115,10469.812454007339,10161.561194787027,1199.9999999999998,0.0,137.81551670172024,0.0,277.42613329827975,0.0,116.74352419802722,0.0,116.74352419802722,137.81551670172024,456.2985083333333,46.250101700286436,Q4 SMOKE / TEST ONLY,optimal,optimal,optimal,88.67495378314459,0.0,1e-07,11093.618720109254,75.38974347164576,62.030671089572174,137.42041456121794,17:50:00
2025-03-21,108,1.0876,0.0,445.2883333333333,0.0,10161.561194787027,9666.796379972213,1199.9999999999998,0.0,0.0,0.0,445.28833333333387,0.0,0.0,0.0,0.0,0.0,453.92999999999995,0.0,Q4 SMOKE / TEST ONLY,optimal,optimal,optimal,58.349697211046745,0.0,1.0000000116860974e-07,10785.367460889116,0.0,0.0,0.0,18:00:00
2025-03-21,109,1.1224,0.0,452.2605166666666,0.0,9666.796379972213,9164.284694787028,1199.9999999999998,0.0,0.0,0.0,452.2605166666672,0.0,0.0,0.0,0.0,0.0,449.09745,0.0,Q4 SMOKE / TEST ONLY,optimal,optimal,optimal,0.0,0.0,1e-07,9887.0386376169,0.0,0.0,0.0,18:10:00
2025-03-21,110,1.119,0.0,450.48769999999996,0.9997333333333334,9164.284694787028,8664.853620712953,1199.9999999999998,0.0,0.0,0.0,449.48796666666664,0.0,0.0,0.0,0.0,0.0,443.92428333333334,0.0,Q4 SMOKE / TEST ONLY,optimal,optimal,optimal,0.0,0.0,1e-07,9396.890693172687,0.0,0.0,0.0,18:20:00
2025-03-21,111,1.1477,0.0,435.71000000000004,0.0,8664.853620712953,8180.7313984907305,1199.9999999999998,0.0,0.0,0.0,435.71000000000004,0.0,0.0,0.0,0.0,0.0,439.4758333333333,0.0,Q4 SMOKE / TEST ONLY,optimal,optimal,optimal,0.0,0.0,1e-07,8889.091100580461,0.0,0.0,0.0,18:30:00
2025-03-21,112,1.1148,0.0,423.5798,0.0,8180.7313984907305,7710.087176268507,1199.9999999999998,0.0,0.0,0.0,423.57980000000043,0.0,0.0,0.0,0.0,0.0,436.83134999999993,0.0,Q4 SMOKE / TEST ONLY,optimal,optimal,optimal,0.0,0.0,1e-07,8375.520989469489,0.0,0.0,0.0,18:40:00
2025-03-21,113,1.1269,0.0,448.0878333333333,0.07178333333333334,7710.087176268507,7212.291565157397,1199.9999999999998,0.0,0.0,0.0,448.01605,0.0,0.0,0.0,0.0,0.0,435.7728833333333,0.0,Q4 SMOKE / TEST ONLY,optimal,optimal,optimal,0.0,0.0,1e-07,7932.08380428442,0.0,0.0,0.0,18:50:00
2025-03-21,114,1.1778,0.0,480.57833333333326,0.0,7212.291565157397,6678.315639231471,1199.9999999999998,0.0,0.0,0.0,480.5783333333329,0.0,0.0,0.0,0.0,0.0,439.88083333333327,0.0,Q4 SMOKE / TEST ONLY,optimal,optimal,optimal,0.0,0.0,1e-07,7524.7270820625035,0.0,0.0,0.0,19:00:00
2025-03-21,115,1.1421,0.0,457.1183,0.0,6678.315639231471,6170.406417009249,1199.9999999999998,0.0,0.0,0.0,457.1183000000001,0.0,0.0,0.0,0.0,0.0,449.37587499999995,0.0,Q4 SMOKE / TEST ONLY,optimal,optimal,optimal,0.0,0.0,1e-07,7007.956545025701,0.0,0.0,0.0,19:10:00
2025-03-21,116,1.0779,0.0,438.2265,0.00515,6170.406417009249,5683.493805898138,1199.9999999999998,0.0,0.0,0.0,438.22135,0.0,0.0,0.0,0.0,0.0,436.983875,0.0,Q4 SMOKE / TEST ONLY,optimal,optimal,optimal,0.0,0.0,1e-07,6502.7972672480055,0.0,0.0,0.0,19:20:00
2025-03-21,117,1.0561,0.0,454.32666666666665,0.0,5683.493805898138,5178.68639849073,1199.9999999999998,0.0,0.0,0.0,454.3266666666668,0.0,0.0,0.0,0.0,0.0,424.28666666666663,0.0,Q4 SMOKE / TEST ONLY,optimal,optimal,optimal,0.0,0.0,1e-07,6082.640211692487,0.0,0.0,0.0,19:30:00
2025-03-21,118,1.0917,0.0,477.2536333333333,0.0,5178.68639849073,4648.404583675915,1199.9999999999998,0.0,0.0,0.0,477.2536333333337,0.0,0.0,0.0,0.0,0.0,458.7238333333333,0.0,Q4 SMOKE / TEST ONLY,optimal,optimal,optimal,0.0,0.0,1e-07,5619.010137618483,0.0,0.0,0.0,19:40:00
2025-03-21,119,1.1173,0.0,492.04021666666665,0.00036666666666666667,4648.404583675915,4101.693639231471,1199.9999999999998,0.0,0.0,0.0,492.03985,0.0,0.0,0.0,0.0,0.0,471.74698333333333,0.0,Q4 SMOKE / TEST ONLY,optimal,optimal,optimal,0.0,0.0,1e-07,5133.823582063013,0.0,0.0,0.0,19:50:00
2025-03-21,120,1.1105,0.0,482.5516666666666,0.0,4101.693639231471,3565.5251207129522,1199.9999999999998,0.0,0.0,0.0,482.55166666666673,0.0,0.0,0.0,0.0,0.0,448.9475,0.0,Q4 SMOKE / TEST ONLY,optimal,optimal,optimal,0.0,0.0,1e-07,4661.788563544572,0.0,0.0,0.0,20:00:00
2025-03-21,121,1.1102,0.0,446.72555,0.0,3565.5251207129522,3069.16339849073,1199.9999999999998,0.0,0.0,0.0,446.7255500000001,0.0,0.0,0.0,0.0,0.0,444.0831416666666,0.0,Q4 SMOKE / TEST ONLY,optimal,optimal,optimal,0.0,0.0,1e-07,4131.492063544692,0.0,0.0,0.0,20:10:00
2025-03-21,122,1.1385,0.0,454.9432166666666,0.0,3069.16339849073,2563.6709355277667,1199.9999999999998,0.0,0.0,0.0,454.943216666667,0.0,0.0,0.0,0.0,0.0,449.14889999999997,0.0,Q4 SMOKE / TEST ONLY,optimal,optimal,optimal,0.0,0.0,1e-07,3648.006600581909,0.0,0.0,0.0,20:20:00
2025-03-21,123,1.1788,0.0,494.82499999999993,0.0,2563.6709355277667,2013.8653799722115,1199.9999999999998,0.0,0.0,0.0,494.8249999999998,0.0,0.0,0.0,0.0,0.0,452.75249999999994,0.0,Q4 SMOKE / TEST ONLY,optimal,optimal,optimal,75.53723445690764,0.0,1e-07,3187.477200466269,0.0,0.0,0.0,20:30:00
2025-03-21,124,1.1666,0.0,483.5268166666666,0.0,2013.8653799722115,1476.6133614536932,1199.9999999999998,0.0,0.0,0.0,483.5268166666665,0.0,0.0,0.0,0.0,0.0,457.02487499999995,0.0,Q4 SMOKE / TEST ONLY,optimal,optimal,optimal,191.08393502076393,0.0,1e-07,2637.6716449108317,0.0,0.0,0.0,20:40:00
2025-03-21,125,0.9932,202.0565663583419,458.33371666666665,0.0,1476.6133614536932,1200.0,1199.9999999999998,0.0,202.0565663583419,0.0,248.95202530832384,7.325125000000895,200.6825817071052,36.37657075000445,237.05915245710963,202.0565663583419,465.78109166666667,0.0,Q4 SMOKE / TEST ONLY,optimal,optimal,optimal,156.22501012981448,0.0,1.0000002248489182e-07,2100.4196263923723,0.0,301.02387256065776,337.40044331066224,20:50:00
2025-03-21,126,0.7711,481.30136831275746,448.37166666666667,0.0,1200.0,1229.6367314814818,1199.9999999999998,32.92970164609079,448.37166666666667,0.0,0.0,0.0,371.1314851059673,0.0,371.1314851059673,481.30136831275746,471.4275,0.0,Q4 SMOKE / TEST ONLY,optimal,optimal,optimal,50.77754407510336,0.0,1e-07,1865.3067649387467,371.1314851059673,0.0,371.1314851059673,21:00:00
2025-03-21,127,0.745,462.2587666666666,445.5922166666667,0.0,1229.6367314814818,1244.6366264814817,1199.9999999999998,16.666549999999916,445.5922166666667,0.0,0.0,0.0,344.38278116666663,0.0,344.38278116666663,462.2587666666666,462.3124833333333,0.0,Q4 SMOKE / TEST ONLY,optimal,optimal,optimal,2.2287007613878607,0.0,1e-07,1865.6698234573523,344.38278116666663,0.0,344.38278116666663,21:10:00
2025-03-21,128,0.7656,430.7586413923163,450.55286666666666,0.0,1244.6366264814817,1222.6430428433146,1199.9999999999998,0.0,430.7586413923163,0.0,19.794225274350367,0.0,329.7888158499573,0.0,329.7888158499573,430.7586413923163,456.66847499999994,0.0,Q4 SMOKE / TEST ONLY,optimal,optimal,optimal,0.0,0.0,1e-07,1840.0568348695824,329.7888158499573,0.0,329.7888158499573,21:20:00
2025-03-21,129,0.7761,465.63833333333326,468.72333333333336,0.0,1222.6430428433146,1219.2152650655366,1199.9999999999998,0.0,465.63833333333326,0.0,3.0850000000000932,0.0,361.38191049999995,0.0,361.38191049999995,465.63833333333326,465.9291666666666,0.0,Q4 SMOKE / TEST ONLY,optimal,optimal,optimal,0.0,0.0,1e-07,1824.2725104907668,361.38191049999995,0.0,361.38191049999995,21:30:00
2025-03-21,130,0.8209,464.6288263333333,491.0152166666667,0.0,1219.2152650655366,1200.0,1199.9999999999998,0.0,464.6288263333333,0.0,17.293738558982977,9.092651774350418,381.4138035370333,37.32078920782129,418.7345927448546,464.6288263333333,478.71865833333334,0.0,Q4 SMOKE / TEST ONLY,optimal,optimal,optimal,39.131159049491615,0.0,1.0000000116860974e-07,1825.2485670416545,381.4138035370333,0.0,418.7345927448546,21:40:00
2025-03-21,131,0.6005,457.82871666666665,446.1972166666667,0.0,1200.0,1210.4683499999999,1199.9999999999998,11.63149999999996,446.1972166666667,0.0,0.0,0.0,274.9261443583333,0.0,274.9261443583333,457.82871666666665,452.63958333333335,0.0,Q4 SMOKE / TEST ONLY,optimal,optimal,optimal,0.0,0.0,1e-07,1808.7492600007818,274.9261443583333,0.0,274.9261443583333,21:50:00
2025-03-21,132,0.2516,391.9696208888904,370.4316666666667,0.0,1210.4683499999999,1229.8525088000013,1199.9999999999998,21.537954222223732,370.4316666666667,0.0,0.0,0.0,98.61955661564483,0.0,98.61955661564483,391.9696208888904,397.395,0.0,Q4 SMOKE / TEST ONLY,optimal,optimal,optimal,0.0,0.0,1e-07,1786.2245119855634,96.52969466666667,3.13479292346723,99.6644875901339,22:00:00
2025-03-21,133,0.2468,1215.1592083333333,379.84864999999996,0.0,1229.8525088000013,1979.852508800001,1199.9999999999998,833.3333333333334,381.8258749999999,0.0,2.2737367544323206e-13,0.0,299.90129261666664,0.0,299.90129261666664,1215.1592083333333,370.7600583333333,0.0,Q4 SMOKE / TEST ONLY,optimal,optimal,optimal,0.0,0.0,1e-07,1766.840353185551,299.90129261666664,0.0,299.90129261666664,22:10:00
2025-03-21,134,0.3199,401.15739999999994,420.18748333333326,0.0,1979.852508800001,1958.707971762964,1199.9999999999998,0.0,401.15739999999994,0.0,19.03008333333329,3.2823175592189206e-14,128.33025225999998,5.250066935970664e-14,128.33025226000004,401.15739999999994,382.7391666666666,0.0,Q4 SMOKE / TEST ONLY,optimal,optimal,optimal,0.0,0.0,1e-07,1059.1294272596965,125.61949696916666,4.066132936249988,129.6856299054167,22:20:00
2025-03-21,135,0.3082,593.5333333333334,428.68833333333333,0.0,1958.707971762964,2098.3464309928513,1199.9999999999998,155.15384358876344,438.37948974457,0.0,0.0,0.0,182.92697333333334,0.0,182.92697333333334,593.5333333333334,401.87333333333333,0.0,Q4 SMOKE / TEST ONLY,optimal,optimal,optimal,0.0,0.0,1e-07,1037.9848902227386,182.92697333333334,0.0,182.92697333333334,22:30:00
2025-03-21,136,0.3096,395.59750833333334,397.2578166666666,0.0,2098.3464309928513,2096.5016440275913,1199.9999999999998,0.0,395.59750833333334,0.0,1.6603082687338429,6.459941914727096e-08,122.47698858,9.999990083997546e-08,122.47698867999989,395.59750833333334,387.19419166666665,0.0,Q4 SMOKE / TEST ONLY,optimal,optimal,optimal,0.0,0.0,1e-07,902.0360050638078,122.47698858,0.0,122.47698867999989,22:40:00
2025-03-21,137,0.2958,403.5352666666666,390.7609333333333,0.0,2096.5016440275913,2098.3464309928677,1199.9999999999998,2.0497632947514717,401.4855033719151,0.0,0.0,0.0,119.36573187999998,0.0,119.36573187999998,403.5352666666666,373.48494999999997,0.0,Q4 SMOKE / TEST ONLY,optimal,optimal,optimal,0.0,0.0,1e-07,900.1912179581439,111.30938327009986,12.084522914850176,123.39390618495003,22:50:00
2025-03-21,138,0.2748,398.9232687701595,402.99333333333334,0.0,2098.3464309928677,2093.8241371146523,1199.9999999999998,0.0,398.9232687701595,0.0,4.070064490393747,7.278009661604301e-08,109.62411425803982,9.99998527504431e-08,109.62411435803968,398.9232687701595,376.79499999999996,0.0,Q4 SMOKE / TEST ONLY,optimal,optimal,optimal,0.0,0.0,1e-07,907.3910188897028,108.95110099999998,1.0095198870597548,109.96062098705958,23:00:00
2025-03-21,139,0.3009,381.6485333333333,376.56061666666665,0.0,2093.8241371146523,2097.213356921399,1199.9999999999998,3.765799785274112,377.8827335480592,0.0,0.0,0.0,114.83804368,0.0,114.83804368,381.6485333333333,382.6683,0.0,Q4 SMOKE / TEST ONLY,optimal,optimal,optimal,0.0,0.0,1e-07,900.6025767281453,114.83804368,0.0,114.83804368,23:10:00
2025-03-21,140,0.3281,1.2043237022969671e-05,398.49354999999997,0.0,2097.213356921399,1647.3333333680196,1199.9999999999998,0.0,1.2043237022969671e-05,0.0,404.8920211980413,0.0,3.951386067236349e-06,0.0,3.951386067236349e-06,1.2043237022969671e-05,404.8920333333333,0.0,Q4 SMOKE / TEST ONLY,optimal,optimal,optimal,0.0,0.0,1.0000030670198612e-07,897.2133568213987,0.0,5.927079100854524e-06,5.927079100854524e-06,23:20:00
2025-03-21,141,0.3349,442.3225,445.205,0.0,1647.3333333680196,1644.1305556565965,1199.9999999999998,0.0,442.3225,0.0,2.8824999402806952,5.971929795123287e-08,148.13380525,9.999996441933945e-08,148.13380534999996,442.3225,426.2708333333333,0.0,Q4 SMOKE / TEST ONLY,optimal,optimal,optimal,0.0,0.0,1e-07,453.7388887214929,148.13380525,0.0,148.13380534999996,23:30:00
2025-03-21,142,0.3405,452.1435416821893,402.79061666666666,0.0,1644.1305556565965,1644.1305556565967,1199.9999999999998,1.7053025658242404e-13,452.14354168218915,0.0,0.0,0.0,153.95487594278546,0.0,153.95487594278546,452.1435416821893,410.14565,0.0,Q4 SMOKE / TEST ONLY,optimal,optimal,optimal,0.0,0.0,1e-07,450.5361108795622,153.95487594278546,0.0,153.95487594278546,23:40:00
2025-03-21,143,0.3286,406.3452499999999,380.8200166666666,0.0,1644.1305556565967,1647.3333332680909,1199.9999999999998,3.558641790549075,402.78660820945083,0.0,0.0,0.0,133.52504914999997,0.0,133.52504914999997,406.3452499999999,394.38235,0.0,Q4 SMOKE / TEST ONLY,optimal,optimal,optimal,0.0,0.0,1e-07,450.53611087958507,133.52504914999997,0.0,133.52504914999997,23:50:00
2025-03-21,144,0.3013,0.0,408.4316666666667,0.0,1647.3333332680909,1200.0000000737543,1199.9999999999998,0.0,0.0,0.0,402.59999987490295,5.831666791763731,0.0,8.785406021792062,8.785406021792062,0.0,402.59999999999997,0.0,Q4 SMOKE / TEST ONLY,optimal,optimal,optimal,8.785405921792062,0.0,1e-07,447.3333331943366,0.0,0.0,8.785406021792062,0:00+1
2025-03-22,1,0.2868,462.0878249336211,405.05203333333327,0.0,1200.0000000737543,1251.3322125140135,1199.9999999999998,57.03579160028784,405.05203333333327,0.0,0.0,0.0,132.52678819096252,0.0,132.52678819096252,462.0878249336211,421.828775,0.0,Q4 SMOKE / TEST ONLY,optimal,optimal,optimal,0.0,0.0,1.0000000000000002e-07,29513.871234910122,132.52678819096252,0.0,132.52678819096252,00:10:00
2025-03-22,2,0.3052,473.7564083333333,400.8842833333333,0.0,1251.3322125140135,1316.9171250140134,1199.9999999999998,72.87212499999998,400.8842833333333,0.0,0.0,0.0,144.59045582333334,0.0,144.59045582333334,473.7564083333333,427.1689083333333,0.0,Q4 SMOKE / TEST ONLY,optimal,optimal,optimal,0.0,0.0,1e-07,29462.53902248149,144.59045582333334,0.0,144.59045582333334,00:20:00
2025-03-22,3,0.3172,1274.6125,408.3433333333333,0.0,1316.9171250140134,2066.9171250140134,1199.9999999999998,833.3333333333334,441.2791666666666,0.0,2.2737367544323206e-13,0.0,404.307085,0.0,404.307085,1274.6125,418.9233333333333,0.0,Q4 SMOKE / TEST ONLY,optimal,optimal,optimal,0.0,0.0,1e-07,29396.95410999108,404.307085,0.0,404.307085,00:30:00
2025-03-22,4,0.2747,442.84145,404.73319999999995,0.0,2066.9171250140134,2101.2145500140136,1199.9999999999998,38.108250000000055,404.73319999999995,0.0,0.0,0.0,121.648546315,0.0,121.648546315,442.84145,417.9412083333333,0.0,Q4 SMOKE / TEST ONLY,optimal,optimal,optimal,0.0,0.0,1e-07,28646.95410998845,121.648546315,0.0,121.648546315,00:40:00
2025-03-22,5,0.312,1210.7677666666666,412.86106666666666,0.0,2101.2145500140136,2819.330580014014,1199.9999999999998,797.9067,412.86106666666666,0.0,0.0,0.0,377.7595432,0.0,377.7595432,1210.7677666666666,416.59029999999996,0.0,Q4 SMOKE / TEST ONLY,optimal,optimal,optimal,0.0,0.0,1e-07,28612.656684991627,377.7595432,0.0,377.7595432,00:50:00
2025-03-22,6,0.3775,1226.2908333333335,420.8983333333333,0.0,2819.330580014014,3544.183830014014,1199.9999999999998,805.3925000000002,420.8983333333333,0.0,0.0,0.0,462.9247895833334,0.0,462.9247895833334,1226.2908333333335,413.7083333333333,0.0,Q4 SMOKE / TEST ONLY,optimal,optimal,optimal,0.0,0.0,1e-07,27894.54065500064,462.9247895833334,0.0,462.9247895833334,01:00:00
2025-03-22,7,0.2906,408.4687166666666,393.5677166666667,0.0,3544.183830014014,3557.5947300140137,1199.9999999999998,14.900999999999897,393.5677166666667,0.0,0.0,0.0,118.70100906333332,0.0,118.70100906333332,408.4687166666666,417.89669166666664,0.0,Q4 SMOKE / TEST ONLY,optimal,optimal,optimal,0.0,0.0,1e-07,27148.736349442956,118.70100906333332,0.0,118.70100906333332,01:10:00
2025-03-22,8,0.2694,420.92962962962577,385.4092833333333,0.0,3557.5947300140137,3589.563041680677,1199.9999999999998,35.52034629629247,385.4092833333333,0.0,0.0,0.0,113.39844222222116,0.0,113.39844222222116,420.92962962962577,421.5516083333333,0.0,Q4 SMOKE / TEST ONLY,optimal,optimal,optimal,0.0,0.0,1e-07,27133.94327454231,113.39844222222116,0.0,113.39844222222116,01:20:00
2025-03-22,9,0.3655,1249.5583333333334,417.0583333333333,0.0,3589.563041680677,4338.813041680677,1199.9999999999998,832.5000000000001,417.0583333333333,0.0,0.0,0.0,456.71357083333334,0.0,456.71357083333334,1249.5583333333334,420.2458333333333,0.0,Q4 SMOKE / TEST ONLY,optimal,optimal,optimal,0.0,0.0,1e-07,27101.97496287943,456.71357083333334,0.0,456.71357083333334,01:30:00
2025-03-22,10,0.4039,436.05890833333336,451.0360833333333,0.0,4338.813041680677,4322.171736125121,1199.9999999999998,0.0,436.05890833333336,0.0,14.977174999999932,0.0,176.12419307583335,0.0,176.12419307583335,436.05890833333336,418.60013333333336,0.0,Q4 SMOKE / TEST ONLY,optimal,optimal,optimal,0.0,0.0,1e-07,26386.00757399445,176.12419307583335,0.0,176.12419307583335,01:40:00
2025-03-22,11,0.3785,418.494875,447.0386833333333,0.0,4322.171736125121,4290.456393532529,1199.9999999999998,0.0,418.494875,0.0,28.543808333333345,0.0,158.4003101875,0.0,158.4003101875,418.494875,427.22452499999997,0.0,Q4 SMOKE / TEST ONLY,optimal,optimal,optimal,0.0,0.0,1e-07,26413.39773140374,158.4003101875,0.0,158.4003101875,01:50:00
2025-03-22,12,0.3356,1256.5266666666666,413.59833333333336,0.0,4290.456393532529,5040.45639353253,1199.9999999999998,833.3333333333334,423.19333333333327,0.0,-9.094947017729282e-13,0.0,421.69034933333336,0.0,421.69034933333336,1256.5266666666666,442.6475,0.0,Q4 SMOKE / TEST ONLY,optimal,optimal,optimal,0.0,0.0,1e-07,26381.6823888117,421.69034933333336,0.0,421.69034933333336,02:00:00
2025-03-22,13,0.3186,449.7514583333334,397.09293333333335,0.0,5040.45639353253,5087.84906603253,1199.9999999999998,52.658525000000054,397.09293333333335,0.0,0.0,0.0,143.29081462500002,0.0,143.29081462500002,449.7514583333334,448.96005833333334,0.0,Q4 SMOKE / TEST ONLY,optimal,optimal,optimal,0.0,0.0,1e-07,25631.682388811023,143.29081462500002,0.0,143.29081462500002,02:10:00
2025-03-22,14,0.3294,436.2898583333332,399.8299833333333,0.0,5087.84906603253,5120.662953532529,1199.9999999999998,36.4598749999999,399.8299833333333,0.0,0.0,0.0,143.71387933499997,0.0,143.71387933499997,436.2898583333332,443.2443666666667,0.0,Q4 SMOKE / TEST ONLY,optimal,optimal,optimal,0.0,0.0,1e-07,25568.835253347024,143.71387933499997,0.0,143.71387933499997,02:20:00
2025-03-22,15,0.346,451.0208333333334,417.4766666666667,0.0,5120.662953532529,5150.85270353253,1199.9999999999998,33.54416666666674,417.4766666666667,0.0,0.0,0.0,156.05320833333334,0.0,156.05320833333334,451.0208333333334,443.075,0.0,Q4 SMOKE / TEST ONLY,optimal,optimal,optimal,0.0,0.0,1e-07,25536.02136584639,156.05320833333334,0.0,156.05320833333334,02:30:00
2025-03-22,16,0.3462,471.26802500000014,445.24694999999997,0.0,5150.85270353253,5174.271671032529,1199.9999999999998,26.021075000000167,445.24694999999997,0.0,0.0,0.0,163.15299025500005,0.0,163.15299025500005,471.26802500000014,465.490525,0.0,Q4 SMOKE / TEST ONLY,optimal,optimal,optimal,0.0,0.0,1.0000000000000002e-07,25505.8316158462,163.15299025500005,0.0,163.15299025500005,02:40:00
2025-03-22,17,0.3563,760.7701110955413,457.8584833333333,0.0,5174.271671032529,5446.892136018517,1199.9999999999998,302.911627762208,457.8584833333333,0.0,0.0,0.0,271.06239058334137,0.0,271.06239058334137,760.7701110955413,460.21236666666664,0.0,Q4 SMOKE / TEST ONLY,optimal,optimal,optimal,0.0,0.0,1e-07,25482.412648347192,271.06239058334137,0.0,271.06239058334137,02:50:00
2025-03-22,18,0.3625,1279.42,447.0483333333333,0.0,5446.892136018517,6196.026636018517,1199.9999999999998,832.3716666666668,447.0483333333333,0.0,0.0,0.0,463.78975,0.0,463.78975,1279.42,431.0175,0.0,Q4 SMOKE / TEST ONLY,optimal,optimal,optimal,0.0,0.0,1e-07,25209.79218336277,463.78975,0.0,463.78975,03:00:00
2025-03-22,19,0.3224,410.6446416666667,429.53638333333333,0.0,6196.026636018517,6175.035812013369,1199.9999999999998,0.0,410.6446416666667,0.0,18.89174160463324,6.203339353305637e-08,132.39183247333335,9.999783037528688e-08,132.3918325733312,410.6446416666667,432.18349166666667,0.0,Q4 SMOKE / TEST ONLY,optimal,optimal,optimal,0.0,0.0,1e-07,24454.77522039917,132.39183247333335,0.0,132.3918325733312,03:10:00
2025-03-22,20,0.2882,418.6869333333333,431.43013333333334,0.0,6175.035812013369,6160.876700979363,1199.9999999999998,0.0,418.6869333333333,0.0,12.743199930605101,6.939495733604417e-08,120.66557418666666,9.999813352123966e-08,120.66557428666479,418.6869333333333,437.1628833333333,0.0,Q4 SMOKE / TEST ONLY,optimal,optimal,optimal,0.0,0.0,1e-07,24421.044951795368,120.66557418666666,0.0,120.66557428666479,03:20:00
2025-03-22,21,0.2928,454.9683333333333,441.04499999999996,0.0,6160.876700979363,6173.407700979363,1199.9999999999998,13.923333333333346,441.04499999999996,0.0,0.0,0.0,133.214728,0.0,133.214728,454.9683333333333,431.6866666666666,0.0,Q4 SMOKE / TEST ONLY,optimal,optimal,optimal,0.0,0.0,1e-07,24406.88584062192,133.214728,0.0,133.214728,03:30:00
2025-03-22,22,0.3201,459.6169166666667,424.52088333333336,0.0,6173.407700979363,6204.994130979363,1199.9999999999998,35.09603333333337,424.52088333333336,0.0,0.0,0.0,147.12337502500003,0.0,147.12337502500003,459.6169166666667,431.965775,0.0,Q4 SMOKE / TEST ONLY,optimal,optimal,optimal,0.0,0.0,1e-07,24394.354840621607,147.12337502500003,0.0,147.12337502500003,03:40:00
2025-03-22,23,0.334,438.8181416666666,417.17263333333335,0.0,6204.994130979363,6224.475088479363,1199.9999999999998,21.645508333333225,417.17263333333335,0.0,0.0,0.0,146.56525931666664,0.0,146.56525931666664,438.8181416666666,442.463375,0.0,Q4 SMOKE / TEST ONLY,optimal,optimal,optimal,0.0,0.0,1e-07,24354.667892102705,146.56525931666664,0.0,146.56525931666664,03:50:00
2025-03-22,24,0.347,450.4291666666666,433.2983333333333,0.0,6224.475088479363,6239.892838479363,1199.9999999999998,17.130833333333328,433.2983333333333,0.0,0.0,0.0,156.2989208333333,0.0,156.2989208333333,450.4291666666666,450.58916666666664,0.0,Q4 SMOKE / TEST ONLY,optimal,optimal,optimal,0.0,0.0,1e-07,24334.831379046977,156.2989208333333,0.0,156.2989208333333,04:00:00
2025-03-22,25,0.3899,412.89708333333334,449.00783333333334,0.00045,6239.892838479363,6199.770282923807,1199.9999999999998,0.0,412.89708333333334,0.0,36.110299999999995,0.0,160.98857279166668,0.0,160.98857279166668,412.89708333333334,441.46641666666665,0.0,Q4 SMOKE / TEST ONLY,optimal,optimal,optimal,0.0,0.0,1e-07,24336.17133275166,160.98857279166668,0.0,160.98857279166668,04:10:00
2025-03-22,26,0.3617,420.25340833333337,444.26789999999994,0.0,6199.770282923807,6173.087514405289,1199.9999999999998,0.0,420.25340833333337,0.0,24.014491666666572,0.0,152.0056577941667,0.0,152.0056577941667,420.25340833333337,444.36275,0.0,Q4 SMOKE / TEST ONLY,optimal,optimal,optimal,0.0,0.0,1e-07,24295.837999418574,152.0056577941667,0.0,152.0056577941667,04:20:00
2025-03-22,27,0.3084,435.36416666666673,437.15999999999997,0.0,6173.087514405289,6171.092144106974,1199.9999999999998,0.0,435.36416666666673,0.0,1.7958332684836478,6.484958703367738e-08,134.26630900000004,9.999806320593053e-08,134.2663090999981,435.36416666666673,460.74833333333333,0.0,Q4 SMOKE / TEST ONLY,optimal,optimal,optimal,0.0,0.0,1e-07,24216.736712376507,134.26630900000004,0.0,134.2663090999981,04:30:00
2025-03-22,28,0.3755,446.689625,461.7474833333333,0.006266666666666667,6171.092144106974,6154.368153366233,1199.9999999999998,0.0,446.689625,0.0,15.051591666666695,0.0,167.73195418749998,0.0,167.73195418749998,446.689625,461.82122499999997,0.0,Q4 SMOKE / TEST ONLY,optimal,optimal,optimal,0.0,0.0,1e-07,24214.56354564151,167.73195418749998,0.0,167.73195418749998,04:40:00
2025-03-22,29,0.3954,420.38444999999996,471.8125166666667,0.0,6154.368153366233,6097.225857069937,1199.9999999999998,0.0,420.38444999999996,0.0,51.42806666666672,0.0,166.22001152999997,0.0,166.22001152999997,420.38444999999996,453.65212499999996,0.0,Q4 SMOKE / TEST ONLY,optimal,optimal,optimal,0.0,0.0,1e-07,24238.19598082749,166.22001152999997,0.0,166.22001152999997,04:50:00
2025-03-22,30,0.3361,446.2658333333333,461.8566666666666,0.0,6097.225857069937,6079.902708921789,1199.9999999999998,0.0,446.2658333333333,0.0,15.590833333333308,0.0,149.98994658333334,0.0,149.98994658333334,446.2658333333333,451.96999999999997,0.0,Q4 SMOKE / TEST ONLY,optimal,optimal,optimal,0.0,0.0,1e-07,24203.02405490178,149.98994658333334,0.0,149.98994658333334,05:00:00
2025-03-22,31,0.3361,428.6798416666667,470.3219833333333,0.08723333333333333,6079.902708921789,6033.730588551419,1199.9999999999998,0.0,428.6798416666667,0.0,41.55490833333329,0.0,144.07929478416668,0.0,144.07929478416668,428.6798416666667,464.56983333333335,0.0,Q4 SMOKE / TEST ONLY,optimal,optimal,optimal,0.0,0.0,1e-07,24198.28961045696,144.07929478416668,0.0,144.07929478416668,05:10:00
2025-03-22,32,0.3562,0.0,468.6152666666667,0.0,6033.730588551419,5513.046958921788,1199.9999999999998,0.0,0.0,0.0,468.6152666666676,0.0,0.0,0.0,0.0,0.0,466.6986416666667,0.0,Q4 SMOKE / TEST ONLY,optimal,optimal,optimal,0.0,0.0,1e-07,24156.37665675276,0.0,0.0,0.0,05:20:00
2025-03-22,33,0.3391,466.59916666666663,455.66833333333335,0.0,5513.046958921788,5522.884708921788,1199.9999999999998,10.930833333333283,455.66833333333335,0.0,0.0,0.0,158.22377741666665,0.0,158.22377741666665,466.59916666666663,453.5533333333333,0.0,Q4 SMOKE / TEST ONLY,optimal,optimal,optimal,0.0,0.0,1e-07,23635.693027122812,158.22377741666665,0.0,158.22377741666665,05:30:00
2025-03-22,34,0.307,472.64955,462.3114333333333,1.2150333333333332,5522.884708921788,5533.282543921788,1199.9999999999998,11.553150000000016,461.09639999999996,0.0,0.0,0.0,145.10341185,0.0,145.10341185,472.64955,444.18441666666666,0.0,Q4 SMOKE / TEST ONLY,optimal,optimal,optimal,0.0,0.0,1e-07,23625.855277122606,145.10341185,0.0,145.10341185,05:40:00
2025-03-22,35,0.4698,0.0,468.04194999999993,0.0,5533.282543921788,5013.235932810676,1199.9999999999998,0.0,0.0,0.0,468.0419500000007,0.0,0.0,0.0,0.0,0.0,440.797325,0.0,Q4 SMOKE / TEST ONLY,optimal,optimal,optimal,0.0,0.0,1e-07,23676.00105323351,0.0,0.0,0.0,05:50:00
2025-03-22,36,0.7311,0.0,459.47499999999997,0.0,5013.235932810676,4502.7081550328985,1199.9999999999998,0.0,0.0,0.0,459.4749999999999,0.0,0.0,0.0,0.0,0.0,443.59166666666664,0.0,Q4 SMOKE / TEST ONLY,optimal,optimal,optimal,0.0,0.0,1e-07,23191.25073841863,0.0,0.0,0.0,06:00:00
2025-03-22,37,0.7663,0.0,448.1833333333333,34.19906666666667,4502.7081550328985,4042.7256365143803,1199.9999999999998,0.0,0.0,0.0,413.9842666666666,0.0,0.0,0.0,0.0,0.0,453.63092499999993,45.39544030978578,Q4 SMOKE / TEST ONLY,optimal,optimal,optimal,0.0,0.0,1e-07,22442.059381291565,0.0,0.0,0.0,06:10:00
2025-03-22,38,0.7387,0.0,461.36685,83.03144999999999,4042.7256365143803,3622.3529698477137,1199.9999999999998,0.0,0.0,0.0,378.3354,0.0,0.0,0.0,0.0,0.0,465.2335083333333,90.79088061957157,Q4 SMOKE / TEST ONLY,optimal,optimal,optimal,0.0,0.0,1e-07,21990.727467853823,0.0,0.0,0.0,06:20:00
2025-03-22,39,0.7365,0.0,474.77666666666664,131.5375,3622.3529698477137,3240.976117995862,1199.9999999999998,0.0,0.0,0.0,343.2391666666666,0.0,0.0,0.0,0.0,0.0,467.7358333333333,136.18632092935738,Q4 SMOKE / TEST ONLY,optimal,optimal,optimal,0.0,0.0,1e-07,21596.331810659685,0.0,0.0,0.0,06:30:00
2025-03-22,40,0.6857,0.0,445.2213333333333,178.2065333333333,3240.976117995862,2944.293006884751,1199.9999999999998,0.0,0.0,0.0,267.0148,0.0,0.0,0.0,0.0,0.0,459.6306,181.58176123914313,Q4 SMOKE / TEST ONLY,optimal,optimal,optimal,0.0,0.0,1e-07,21190.434872672537,0.0,0.0,0.0,06:40:00
2025-03-22,41,0.6627,0.0,468.30168333333336,227.78933333333333,2944.293006884751,2677.0570624403063,1199.9999999999998,0.0,0.0,0.0,240.51235000000003,0.0,0.0,0.0,0.0,0.0,485.90164999999996,226.97720154892892,Q4 SMOKE / TEST ONLY,optimal,optimal,optimal,0.0,0.0,1e-07,20852.835987225455,0.0,0.0,0.0,06:50:00
2025-03-22,42,0.6897,0.0,539.3233333333333,281.9375,2677.0570624403063,2391.072803181047,1199.9999999999998,0.0,0.0,0.0,257.38583333333327,0.0,0.0,0.0,0.0,0.0,530.2458333333334,272.37264185871476,Q4 SMOKE / TEST ONLY,optimal,optimal,optimal,0.0,0.0,1e-07,20584.517024688867,0.0,0.0,0.0,07:00:00
2025-03-22,43,0.7062,0.0,552.4073999999999,338.01505,2391.072803181047,2152.859080958825,1199.9999999999998,0.0,0.0,0.0,214.39234999999996,0.0,0.0,0.0,0.0,0.0,530.5439833333334,319.8416650367101,Q4 SMOKE / TEST ONLY,optimal,optimal,optimal,0.0,0.0,1e-07,20306.732835881878,0.0,0.0,0.0,07:10:00
2025-03-22,44,0.6984,0.0,538.0065666666667,394.19166666666666,2152.859080958825,1993.0647476254917,1199.9999999999998,0.0,0.0,0.0,143.81490000000002,0.0,0.0,0.0,0.0,0.0,530.6619499999999,367.31068821470535,Q4 SMOKE / TEST ONLY,optimal,optimal,optimal,0.0,0.0,1e-07,20025.10497635961,0.0,0.0,0.0,07:20:00
2025-03-22,45,0.6479,0.0,531.9533333333333,444.74375,1993.0647476254917,1896.1652105884548,1199.9999999999998,0.0,0.0,0.0,87.20958333333328,0.0,0.0,0.0,0.0,0.0,544.1175,414.7797113927006,Q4 SMOKE / TEST ONLY,optimal,optimal,optimal,0.0,0.0,1e-07,19771.69240908438,0.0,0.0,0.0,07:30:00
2025-03-22,46,0.5671,0.0,534.00045,485.17196666666666,1896.1652105884548,1841.9113402180844,1199.9999999999998,0.0,0.0,0.0,48.82848333333334,0.0,0.0,0.0,0.0,0.0,537.8536416666666,462.248734570696,Q4 SMOKE / TEST ONLY,optimal,optimal,optimal,0.0,0.0,1e-07,19615.289708130476,0.0,0.0,0.0,07:40:00
2025-03-22,47,0.6504,0.0,522.3355333333333,531.2488999999999,1841.9113402180844,1849.9333702180845,1199.9999999999998,0.0,0.0,8.913366666666661,0.0,0.0,0.0,0.0,0.0,0.0,522.9730749999999,509.71775774869127,Q4 SMOKE / TEST ONLY,optimal,optimal,optimal,0.0,0.0,1e-07,19531.57957720152,0.0,0.0,0.0,07:50:00
2025-03-22,48,0.8544,0.0,515.1583333333333,576.4812499999999,1849.9333702180845,1905.1239952180845,1199.9999999999998,0.0,0.0,61.32291666666663,0.0,0.0,0.0,0.0,0.0,0.0,519.3991666666666,557.1867809266865,Q4 SMOKE / TEST ONLY,optimal,optimal,optimal,0.0,0.0,1e-07,19523.557547201235,0.0,0.0,0.0,08:00:00
2025-03-22,49,0.9228,0.0,547.9785166666666,603.48345,1905.1239952180845,1955.0784352180845,1199.9999999999998,0.0,0.0,55.50493333333338,0.0,0.0,0.0,0.0,0.0,0.0,533.7543833333333,602.6264409437571,Q4 SMOKE / TEST ONLY,optimal,optimal,optimal,0.0,0.0,1e-07,19468.366922201385,0.0,0.0,0.0,08:10:00
2025-03-22,50,0.879,0.0,549.27195,657.6467333333333,1955.0784352180845,2052.6157402180843,1199.9999999999998,0.0,0.0,108.37478333333331,0.0,0.0,0.0,0.0,0.0,0.0,532.7839916666667,648.0661009608276,Q4 SMOKE / TEST ONLY,optimal,optimal,optimal,0.0,0.0,1e-07,19418.412482201853,0.0,0.0,0.0,08:20:00
2025-03-22,51,0.8055,0.0,511.5566666666667,728.19375,2052.6157402180843,2247.5891152180843,1199.9999999999998,0.0,0.0,216.63708333333335,0.0,0.0,0.0,0.0,0.0,0.0,516.8675000000001,693.5057609778983,Q4 SMOKE / TEST ONLY,optimal,optimal,optimal,0.0,0.0,1e-07,19320.87517720217,0.0,0.0,0.0,08:30:00
2025-03-22,52,0.7644,0.0,512.2501,755.4684666666667,2247.5891152180843,2466.4856452180843,1199.9999999999998,0.0,0.0,243.21836666666672,0.0,0.0,0.0,0.0,0.0,0.0,524.9850583333332,738.9454209949688,Q4 SMOKE / TEST ONLY,optimal,optimal,optimal,0.0,0.0,1e-07,19125.901802202166,0.0,0.0,0.0,08:40:00
2025-03-22,53,0.7882,0.0,598.2109499999999,772.1406666666667,2466.4856452180843,2623.022390218084,1199.9999999999998,0.0,0.0,173.92971666666676,0.0,0.0,0.0,0.0,0.0,0.0,574.2034166666667,784.3850810120394,Q4 SMOKE / TEST ONLY,optimal,optimal,optimal,0.0,0.0,1e-07,18907.005272202157,0.0,0.0,0.0,08:50:00
2025-03-22,54,0.8388,0.0,694.5166666666667,816.2375,2623.022390218084,2732.571140218084,1199.9999999999998,0.0,0.0,121.7208333333333,0.0,0.0,0.0,0.0,0.0,0.0,629.5091666666667,829.8247410291099,Q4 SMOKE / TEST ONLY,optimal,optimal,optimal,0.0,0.0,1e-07,18750.46852720242,0.0,0.0,0.0,09:00:00
2025-03-22,55,0.8357,0.0,672.4147333333333,892.1261666666666,2732.571140218084,2930.311430218084,1199.9999999999998,0.0,0.0,219.71143333333328,0.0,0.0,0.0,0.0,0.0,0.0,635.8207333333332,865.0551215791165,Q4 SMOKE / TEST ONLY,optimal,optimal,optimal,0.0,0.0,1e-07,18640.91977720275,0.0,0.0,0.0,09:10:00
2025-03-22,56,0.7841,0.0,635.6066,945.7011666666667,2930.311430218084,3209.396540218084,1199.9999999999998,0.0,0.0,310.09456666666676,0.0,0.0,0.0,0.0,0.0,0.0,639.64905,900.2855021291231,Q4 SMOKE / TEST ONLY,optimal,optimal,optimal,0.0,0.0,1e-07,18443.17948720282,0.0,0.0,0.0,09:20:00
2025-03-22,57,0.7509,0.0,638.42,956.175,3209.396540218084,3495.3760402180837,1199.9999999999998,0.0,0.0,317.755,0.0,0.0,0.0,0.0,0.0,0.0,653.6483333333333,935.5158826791294,Q4 SMOKE / TEST ONLY,optimal,optimal,optimal,0.0,0.0,1e-07,18164.09437720267,0.0,0.0,0.0,09:30:00
2025-03-22,58,0.7926,0.0,638.4952166666667,953.5883166666667,3495.3760402180837,3778.959830218084,1199.9999999999998,0.0,0.0,315.09310000000005,0.0,0.0,0.0,0.0,0.0,0.0,643.8592916666666,970.746263229136,Q4 SMOKE / TEST ONLY,optimal,optimal,optimal,0.0,0.0,1e-07,17878.114877202777,0.0,0.0,0.0,09:40:00
2025-03-22,59,0.7748,0.0,640.5507833333334,978.7438,3778.959830218084,4083.3335452180836,1199.9999999999998,0.0,0.0,338.1930166666666,0.0,0.0,0.0,0.0,0.0,0.0,628.3528833333332,1005.9766437791426,Q4 SMOKE / TEST ONLY,optimal,optimal,optimal,0.0,0.0,1e-07,17594.531087202875,0.0,0.0,0.0,09:50:00
2025-03-22,60,0.7006,0.0,637.385,1037.75,4083.3335452180836,4443.662045218083,1199.9999999999998,0.0,0.0,400.365,0.0,0.0,0.0,0.0,0.0,0.0,626.0775,1041.2070243291491,Q4 SMOKE / TEST ONLY,optimal,optimal,optimal,0.0,0.0,1e-07,17290.15737220268,0.0,0.0,0.0,10:00:00
2025-03-22,61,0.7026,0.0,613.7173,1100.2375333333332,4443.662045218083,4881.530255218083,1199.9999999999998,0.0,0.0,486.5202333333332,0.0,0.0,0.0,0.0,0.0,0.0,637.7315416666665,1083.2483318144868,Q4 SMOKE / TEST ONLY,optimal,optimal,optimal,0.0,0.0,1e-07,16929.828872202554,0.0,0.0,0.0,10:10:00
2025-03-22,62,0.6952,0.0,617.8692,1139.382,4881.530255218083,5350.891775218083,1199.9999999999998,0.0,0.0,521.5128000000001,0.0,0.0,0.0,0.0,0.0,0.0,642.9798833333332,1125.289639299824,Q4 SMOKE / TEST ONLY,optimal,optimal,optimal,0.0,0.0,1e-07,16491.960662202437,0.0,0.0,0.0,10:20:00
2025-03-22,63,0.6527,0.0,631.9449999999999,1175.5124999999998,5350.891775218083,5840.102525218083,1199.9999999999998,0.0,0.0,543.5674999999999,0.0,0.0,0.0,0.0,0.0,0.0,634.9966666666667,1167.3309467851616,Q4 SMOKE / TEST ONLY,optimal,optimal,optimal,0.0,0.0,1e-07,16022.599142202163,0.0,0.0,0.0,10:30:00
2025-03-22,64,0.6216,0.0,591.68345,1247.25715,5840.102525218083,6430.118855218083,1199.9999999999998,0.0,0.0,655.5736999999999,0.0,0.0,0.0,0.0,0.0,0.0,624.6224416666666,1209.372254270499,Q4 SMOKE / TEST ONLY,optimal,optimal,optimal,0.0,0.0,1e-07,15533.388392201876,0.0,0.0,0.0,10:40:00
2025-03-22,65,0.4832,0.0,573.0117333333333,1286.9089,6430.118855218083,7072.626305218083,1199.9999999999998,0.0,0.0,713.8971666666666,0.0,0.0,0.0,0.0,0.0,0.0,618.7864166666666,1251.4135617558363,Q4 SMOKE / TEST ONLY,optimal,optimal,optimal,0.0,0.0,1e-07,14943.372062201764,0.0,0.0,0.0,10:50:00
2025-03-22,66,0.2853,0.0,598.7666666666667,1288.8,7072.626305218083,7693.656305218083,1199.9999999999998,0.0,0.0,690.0333333333333,0.0,0.0,0.0,0.0,0.0,0.0,621.6766666666666,1293.454869241174,Q4 SMOKE / TEST ONLY,optimal,optimal,optimal,0.0,0.0,1e-07,14300.864612201773,0.0,0.0,0.0,11:00:00
2025-03-22,67,0.2241,0.0,614.28625,1307.8726833333333,7693.656305218083,8317.884095218084,1199.9999999999998,0.0,0.0,693.5864333333333,0.0,0.0,0.0,0.0,0.0,0.0,630.2593166666666,1317.1536670107275,Q4 SMOKE / TEST ONLY,optimal,optimal,optimal,0.0,0.0,1e-07,13679.834612201517,0.0,0.0,0.0,11:10:00
2025-03-22,68,0.2506,0.0,611.4100166666666,1290.04695,8317.884095218084,8928.657335218084,1199.9999999999998,0.0,0.0,678.6369333333333,0.0,0.0,0.0,0.0,0.0,0.0,620.3667333333333,1340.8524647802815,Q4 SMOKE / TEST ONLY,optimal,optimal,optimal,0.0,0.0,1e-07,13055.606822201204,0.0,0.0,0.0,11:20:00
2025-03-22,69,0.2582,0.0,601.9816666666666,1267.8062499999999,8928.657335218084,9527.899460218085,1199.9999999999998,0.0,0.0,665.8245833333333,0.0,0.0,0.0,0.0,0.0,0.0,597.1424999999999,1364.551262549835,Q4 SMOKE / TEST ONLY,optimal,optimal,optimal,0.0,0.0,1e-07,12444.833582200969,0.0,0.0,0.0,11:30:00
2025-03-22,70,0.1901,0.0,604.0989333333333,1335.2861666666665,9527.899460218085,10185.967970218084,1199.9999999999998,0.0,0.0,731.1872333333332,0.0,0.0,0.0,0.0,0.0,0.0,593.9683416666667,1388.2500603193887,Q4 SMOKE / TEST ONLY,optimal,optimal,optimal,0.0,0.0,1e-07,11845.591457200391,0.0,0.0,0.0,11:40:00
2025-03-22,71,0.1607,0.0,629.1526166666666,1379.7402666666667,10185.967970218084,10202.213706747327,1199.9999999999998,0.0,0.0,18.05081836582556,0.0,0.0,0.0,0.0,0.0,0.0,617.5210666666667,1411.9488580889424,Q4 SMOKE / TEST ONLY,optimal,optimal,optimal,0.0,0.0,1e-07,11187.522947199603,0.0,0.0,0.0,11:50:00
2025-03-22,72,0.1784,0.0,638.4983333333332,1365.19375,10202.213706747327,10202.213706747327,1199.9999999999998,0.0,0.0,0.0,0.0,0.0,0.0,0.0,0.0,0.0,636.7725,1435.6476558584961,Q4 SMOKE / TEST ONLY,optimal,optimal,optimal,0.0,0.0,1e-07,11171.277210669738,0.0,0.0,0.0,12:00:00
2025-03-22,73,0.1546,0.0,581.4682333333333,1355.9115499999998,10202.213706747327,10444.3161869773,1199.9999999999998,0.0,0.0,269.00275581108065,0.0,0.0,0.0,0.0,0.0,0.0,611.5036,1373.0463886531688,Q4 SMOKE / TEST ONLY,optimal,optimal,optimal,0.0,0.0,1e-07,11259.86697067945,0.0,0.0,0.0,12:10:00
2025-03-22,74,0.2005,0.0,548.0254166666666,1302.0528333333332,10444.3161869773,10444.3161869773,1199.9999999999998,0.0,0.0,0.0,0.0,0.0,0.0,0.0,0.0,0.0,585.7614333333332,1358.204142468133,Q4 SMOKE / TEST ONLY,optimal,optimal,optimal,0.0,0.0,1e-07,11017.764490449328,0.0,0.0,0.0,12:20:00
2025-03-22,75,0.2739,0.0,564.0883333333334,1213.6812499999999,10444.3161869773,10444.3161869773,1199.9999999999998,0.0,0.0,0.0,0.0,0.0,0.0,0.0,0.0,0.0,589.3774999999999,1343.3618962830974,Q4 SMOKE / TEST ONLY,optimal,optimal,optimal,0.0,0.0,1e-07,11017.76449044925,0.0,0.0,0.0,12:30:00
2025-03-22,76,0.2309,0.0,572.82525,1177.37285,10444.3161869773,10444.3161869773,1199.9999999999998,0.0,0.0,0.0,0.0,0.0,0.0,0.0,0.0,0.0,610.9810249999999,1328.5196500980617,Q4 SMOKE / TEST ONLY,optimal,optimal,optimal,0.0,0.0,1e-07,11017.764490449084,0.0,0.0,0.0,12:40:00
2025-03-22,77,0.3247,0.0,584.25685,1222.6877666666664,10444.3161869773,10444.3161869773,1199.9999999999998,0.0,0.0,0.0,0.0,0.0,0.0,0.0,0.0,0.0,618.3311916666667,1313.677403913026,Q4 SMOKE / TEST ONLY,optimal,optimal,optimal,0.0,0.0,1e-07,11017.764490448855,0.0,0.0,0.0,12:50:00
2025-03-22,78,0.5467,0.0,601.68,1281.1812499999999,10444.3161869773,10444.3161869773,1199.9999999999998,0.0,0.0,0.0,0.0,0.0,0.0,0.0,0.0,0.0,607.655,1298.83515772799,Q4 SMOKE / TEST ONLY,optimal,optimal,optimal,0.0,0.0,1e-07,11017.764490448704,0.0,0.0,0.0,13:00:00
2025-03-22,79,0.6192,0.0,609.2394833333333,1244.5746666666666,10444.3161869773,10444.3161869773,1199.9999999999998,0.0,0.0,0.0,0.0,0.0,0.0,0.0,0.0,0.0,600.8249000000001,1253.8387845986674,Q4 SMOKE / TEST ONLY,optimal,optimal,optimal,0.0,0.0,1e-07,11017.764490448742,0.0,0.0,0.0,13:10:00
2025-03-22,80,0.6385,0.0,612.01285,1173.7238833333333,10444.3161869773,10444.3161869773,1199.9999999999998,0.0,0.0,0.0,0.0,0.0,0.0,0.0,0.0,0.0,589.999775,1208.8424114693444,Q4 SMOKE / TEST ONLY,optimal,optimal,optimal,0.0,0.0,1e-07,11017.764490448983,0.0,0.0,0.0,13:20:00
2025-03-22,81,0.6846,0.0,607.1566666666666,1113.8999999999999,10444.3161869773,10444.3161869773,1199.9999999999998,0.0,0.0,0.0,0.0,0.0,0.0,0.0,0.0,0.0,579.5775,1163.846038340022,Q4 SMOKE / TEST ONLY,optimal,optimal,optimal,0.0,0.0,1e-07,11017.764490449345,0.0,0.0,0.0,13:30:00
2025-03-22,82,0.7242,0.0,589.7963166666666,1060.5286166666665,10444.3161869773,10444.3161869773,1199.9999999999998,0.0,0.0,0.0,0.0,0.0,0.0,0.0,0.0,0.0,586.754475,1118.8496652106992,Q4 SMOKE / TEST ONLY,optimal,optimal,optimal,0.0,0.0,1e-07,11017.764490449712,0.0,0.0,0.0,13:40:00
2025-03-22,83,0.7285,0.0,597.6549,1042.6090333333332,10444.3161869773,10444.3161869773,1199.9999999999998,0.0,0.0,0.0,0.0,0.0,0.0,0.0,0.0,0.0,600.0125833333333,1073.8532920813764,Q4 SMOKE / TEST ONLY,optimal,optimal,optimal,0.0,0.0,1e-07,11017.764490449965,0.0,0.0,0.0,13:50:00
2025-03-22,84,0.6955,0.0,611.6183333333333,1049.13125,10444.3161869773,10444.3161869773,1199.9999999999998,0.0,0.0,0.0,0.0,0.0,0.0,0.0,0.0,0.0,605.5333333333333,1028.8569189520535,Q4 SMOKE / TEST ONLY,optimal,optimal,optimal,0.0,0.0,1e-07,11017.764490450025,0.0,0.0,0.0,14:00:00
2025-03-22,85,0.6572,0.0,576.08895,1034.2348666666667,10444.3161869773,10444.3161869773,1199.9999999999998,0.0,0.0,0.0,0.0,0.0,0.0,0.0,0.0,0.0,595.5753416666666,996.731319353009,Q4 SMOKE / TEST ONLY,optimal,optimal,optimal,0.0,0.0,1e-07,11017.764490449932,0.0,0.0,0.0,14:10:00
2025-03-22,86,0.6788,0.0,556.9430333333332,1008.0778499999999,10444.3161869773,10444.3161869773,1199.9999999999998,0.0,0.0,0.0,0.0,0.0,0.0,0.0,0.0,0.0,567.5788666666666,964.6057197539646,Q4 SMOKE / TEST ONLY,optimal,optimal,optimal,0.0,0.0,1e-07,11017.764490449952,0.0,0.0,0.0,14:20:00
2025-03-22,87,0.7532,0.0,580.0016666666667,977.7437499999999,10444.3161869773,10444.3161869773,1199.9999999999998,0.0,0.0,0.0,0.0,0.0,0.0,0.0,0.0,0.0,549.045,932.4801201549202,Q4 SMOKE / TEST ONLY,optimal,optimal,optimal,0.0,0.0,1e-07,11017.764490450154,0.0,0.0,0.0,14:30:00
2025-03-22,88,0.7833,0.0,603.4314999999999,938.0560833333334,10444.3161869773,10444.3161869773,1199.9999999999998,0.0,0.0,0.0,0.0,0.0,0.0,0.0,0.0,0.0,574.3399166666666,900.3545205558756,Q4 SMOKE / TEST ONLY,optimal,optimal,optimal,0.0,0.0,1e-07,11017.76449045022,0.0,0.0,0.0,14:40:00
2025-03-22,89,0.642,0.0,600.5787333333333,904.0596166666666,10444.3161869773,10444.3161869773,1199.9999999999998,0.0,0.0,0.0,0.0,0.0,0.0,0.0,0.0,0.0,592.4062083333333,868.2289209568313,Q4 SMOKE / TEST ONLY,optimal,optimal,optimal,0.0,0.0,1e-07,11017.764490450227,0.0,0.0,0.0,14:50:00
2025-03-22,90,0.4471,0.0,575.0566666666666,868.50625,10444.3161869773,10444.3161869773,1199.9999999999998,0.0,0.0,0.0,0.0,0.0,0.0,0.0,0.0,0.0,585.16,836.1033213577867,Q4 SMOKE / TEST ONLY,optimal,optimal,optimal,0.0,0.0,1e-07,11017.764490450336,0.0,0.0,0.0,15:00:00
2025-03-22,91,0.4594,0.0,553.7620999999999,809.4586166666666,10444.3161869773,10444.3161869773,1199.9999999999998,0.0,0.0,0.0,0.0,0.0,0.0,0.0,0.0,0.0,582.316475,788.0143590570228,Q4 SMOKE / TEST ONLY,optimal,optimal,optimal,0.0,0.0,1e-07,11017.764490450434,0.0,0.0,0.0,15:10:00
2025-03-22,92,0.5157,0.0,552.9443666666666,754.7803999999999,10444.3161869773,10444.3161869773,1199.9999999999998,0.0,0.0,0.0,0.0,0.0,0.0,0.0,0.0,0.0,585.893225,739.9253967562591,Q4 SMOKE / TEST ONLY,optimal,optimal,optimal,0.0,0.0,1e-07,11017.764490450518,0.0,0.0,0.0,15:20:00
2025-03-22,93,0.5121,0.0,562.6933333333333,708.4812499999999,10444.3161869773,10444.3161869773,1199.9999999999998,0.0,0.0,0.0,0.0,0.0,0.0,0.0,0.0,0.0,583.3475,691.8364344554954,Q4 SMOKE / TEST ONLY,optimal,optimal,optimal,0.0,0.0,1e-07,11017.764490450632,0.0,0.0,0.0,15:30:00
2025-03-22,94,0.511,0.0,561.9606333333334,649.8975,10444.3161869773,10444.3161869773,1199.9999999999998,0.0,0.0,0.0,0.0,0.0,0.0,0.0,0.0,0.0,565.4352916666666,643.7474721547314,Q4 SMOKE / TEST ONLY,optimal,optimal,optimal,0.0,0.0,1e-07,11017.764490450732,0.0,0.0,0.0,15:40:00
2025-03-22,95,0.5593,0.0,576.08125,604.188,10444.3161869773,10444.3161869773,1199.9999999999998,0.0,0.0,0.0,0.0,0.0,0.0,0.0,0.0,0.0,562.7226499999999,595.6585098539676,Q4 SMOKE / TEST ONLY,optimal,optimal,optimal,0.0,0.0,1e-07,11017.764490450852,3.0679400352993698,-1.5339700176496849,1.5339700176496849,15:50:00
2025-03-22,96,0.6285,43.33347678697862,598.4449999999999,564.875,10444.3161869773,10453.10331608558,1199.9999999999998,9.763476786978686,33.569999999999936,0.0,0.0,0.0,27.23509016061606,0.0,27.23509016061606,43.33347678697862,581.075,547.5695475532038,Q4 SMOKE / TEST ONLY,optimal,optimal,optimal,0.15121711384816883,0.0,1.0000000000287557e-07,11017.648304855269,34.72213195000004,-3.7435208946919887,30.97861105530805,16:00:00
2025-03-22,97,0.6456,89.98383343712436,590.8783833333333,500.9182166666667,10453.10331608558,10453.124616178993,1199.9999999999998,0.02366677045773713,89.96016666666662,0.0,0.0,0.0,58.093562867007485,0.0,58.093562867007485,89.98383343712436,592.3924833333333,500.0250764294184,Q4 SMOKE / TEST ONLY,optimal,optimal,optimal,0.0,0.0,1e-07,11003.680531416743,88.74047203139985,-15.323454582196181,73.41701744920367,16:10:00
2025-03-22,98,0.64,118.7961984206035,564.4169666666667,454.58759999999995,10453.124616178993,10461.194764757536,1199.9999999999998,8.966831753936788,109.82936666666671,0.0,0.0,0.0,76.02956698918625,0.0,76.02956698918625,118.7961984206035,573.9230499999999,452.48060530563293,Q4 SMOKE / TEST ONLY,optimal,optimal,optimal,0.0,0.0,1e-07,10997.778684048408,112.6169119999999,-18.293672505406832,94.32323949459307,16:20:00
2025-03-22,99,0.6428,137.9496653032612,549.2016666666666,431.96875,10461.194764757536,10479.839838530472,1199.9999999999998,20.716748636594616,117.2329166666666,0.0,0.0,0.0,88.67404485693632,0.0,88.67404485693632,137.9496653032612,556.67,404.9361341818475,Q4 SMOKE / TEST ONLY,optimal,optimal,optimal,0.0,0.0,1e-07,10959.076978770077,117.79187332333326,-14.558914233198474,103.23295909013478,16:30:00
2025-03-22,100,0.6531,195.93855618647098,559.6329499999999,393.66204999999997,10479.839838530472,10506.810729098295,1199.9999999999998,29.967656186471004,165.97089999999997,0.0,0.0,0.0,127.9674710453842,0.0,127.9674710453842,195.93855618647098,583.5164916666665,357.3916630580619,Q4 SMOKE / TEST ONLY,optimal,optimal,optimal,0.0,0.0,1e-07,10873.351299614558,173.77488869999996,-22.903708827307884,150.87117987269207,16:40:00
2025-03-22,101,0.6438,246.8616057896482,526.6263833333333,338.43608333333333,10506.810729098295,10534.597035428911,1199.9999999999998,30.873673700684236,215.98793208896396,0.0,0.0,0.0,158.92950180737552,0.0,158.92950180737552,246.8616057896482,543.9290833333333,309.8471919342764,Q4 SMOKE / TEST ONLY,optimal,optimal,optimal,0.0,0.0,1.0000000000000002e-07,10846.380409046662,179.79867745500007,-10.43458782381228,169.3640896311878,16:50:00
2025-03-22,102,0.6292,205.93285002118765,468.53666666666663,278.59999999999997,10534.597035428911,10534.597035428911,1199.9999999999998,0.0,205.93285002118765,0.0,0.0,0.0,129.57294923333126,0.0,129.57294923333126,205.93285002118765,452.49666666666667,262.3027208104909,Q4 SMOKE / TEST ONLY,optimal,optimal,optimal,0.0,0.0,1e-07,10818.594102715992,147.04279208666665,-8.734921426667697,138.30787065999897,17:00:00
2025-03-22,103,0.6548,215.37920001765627,472.36375,224.66298333333333,10534.597035428911,10498.684183596677,1199.9999999999998,0.0,215.37920001765627,0.0,32.32156664901038,0.0,141.03030017156135,0.0,141.03030017156135,215.37920001765627,440.2561416666666,218.58560067540913,Q4 SMOKE / TEST ONLY,optimal,optimal,optimal,0.0,0.0,1e-07,10876.439048661388,168.13261585222222,-13.551157840330433,154.58145801189178,17:10:00
2025-03-22,104,0.6965,288.5321897696829,469.90201666666667,167.20206666666667,10498.684183596677,10482.942227785214,1199.9999999999998,0.0,288.5321897696829,0.0,14.167760230317128,0.0,200.96267017458413,0.0,200.96267017458413,288.5321897696829,450.68829999999997,174.86848054032728,Q4 SMOKE / TEST ONLY,optimal,optimal,optimal,0.0,0.0,1e-07,10872.010108452128,226.63566536527776,-12.836497595346819,213.79916776993093,17:20:00
2025-03-22,105,0.7125,343.21059055326333,437.8633333333333,110.98749999999998,10482.942227785214,10497.64350928315,1199.9999999999998,16.334757219930054,326.8758333333333,0.0,0.0,0.0,244.53754576920014,0.0,244.53754576920014,343.21059055326333,443.30916666666667,131.15136040524544,Q4 SMOKE / TEST ONLY,optimal,optimal,optimal,0.0,0.0,1e-07,10856.268152640649,254.13320459876564,-4.474404359647354,249.65880023911828,17:30:00
2025-03-22,106,0.7072,391.04623334039604,425.16639999999995,71.6645,10497.64350928315,10527.606656569378,1199.9999999999998,33.292385873585204,357.75384746681084,0.0,0.0,0.0,276.5478962183281,0.0,276.5478962183281,391.04623334039604,438.881675,87.43424027016367,Q4 SMOKE / TEST ONLY,optimal,optimal,optimal,0.0,0.0,1e-07,10841.566871142739,278.62720172444443,-1.0396527530581714,277.58754897138624,17:40:00
2025-03-22,107,0.856,308.1541126961632,430.0163,32.84565,10527.606656569378,10428.699392898448,1199.9999999999998,0.0,308.1541126961632,0.0,89.0165373038368,0.0,263.7799204679157,0.0,263.7799204679157,308.1541126961632,443.8929833333333,43.717120135081835,Q4 SMOKE / TEST ONLY,optimal,optimal,optimal,0.0,0.0,1e-07,10804.92547230486,263.7799204679157,0.0,263.7799204679157,17:50:00
2025-03-22,108,1.0851,0.0,439.24666666666667,0.0,10428.699392898448,9940.647541046597,1199.9999999999998,0.0,0.0,0.0,439.246666666666,0.0,0.0,0.0,0.0,0.0,452.46916666666664,0.0,Q4 SMOKE / TEST ONLY,optimal,optimal,optimal,0.0,0.0,1e-07,10676.634875300577,0.0,0.0,0.0,18:00:00
2025-03-22,109,1.128,0.0,446.4558833333333,0.0,9940.647541046597,9444.585448454001,1199.9999999999998,0.0,0.0,0.0,446.4558833333358,0.0,0.0,0.0,0.0,0.0,455.4556333333333,0.0,Q4 SMOKE / TEST ONLY,optimal,optimal,optimal,0.0,0.0,1e-07,9828.851483667298,0.0,0.0,0.0,18:10:00
2025-03-22,110,1.1061,0.0,461.84068333333335,1.22355,9444.585448454001,8932.788633639186,1199.9999999999998,0.0,0.0,0.0,460.61713333333336,0.0,0.0,0.0,0.0,0.0,462.0320083333333,0.0,Q4 SMOKE / TEST ONLY,optimal,optimal,optimal,0.0,0.0,1e-07,9329.645224408128,0.0,0.0,0.0,18:20:00
2025-03-22,111,1.1081,0.0,465.58833333333337,0.0,8932.788633639186,8415.468263268815,1199.9999999999998,0.0,0.0,0.0,465.58833333333405,0.0,0.0,0.0,0.0,0.0,466.3308333333333,0.0,Q4 SMOKE / TEST ONLY,optimal,optimal,optimal,0.0,0.0,1e-07,8816.198409593317,0.0,0.0,0.0,18:30:00
2025-03-22,112,1.1049,0.0,430.26011666666665,0.0,8415.468263268815,7937.401466972518,1199.9999999999998,0.0,0.0,0.0,430.26011666666636,0.0,0.0,0.0,0.0,0.0,452.685075,0.0,Q4 SMOKE / TEST ONLY,optimal,optimal,optimal,0.0,0.0,1e-07,8249.044798482264,0.0,0.0,0.0,18:40:00
2025-03-22,113,1.1248,0.0,429.9805833333333,0.08785,7937.401466972518,7459.7428743799255,1199.9999999999998,0.0,0.0,0.0,429.8927333333333,0.0,0.0,0.0,0.0,0.0,443.9781083333333,0.0,Q4 SMOKE / TEST ONLY,optimal,optimal,optimal,0.0,0.0,1e-07,7739.677168852783,0.0,0.0,0.0,18:50:00
2025-03-22,114,1.1446,0.0,462.9333333333333,0.0,7459.7428743799255,6945.372504009554,1199.9999999999998,0.0,0.0,0.0,462.9333333333343,0.0,0.0,0.0,0.0,0.0,447.2608333333333,0.0,Q4 SMOKE / TEST ONLY,optimal,optimal,optimal,0.0,0.0,1e-07,7296.846354038131,0.0,0.0,0.0,19:00:00
2025-03-22,115,1.1075,0.0,453.21805,0.0,6945.372504009554,6441.796892898443,1199.9999999999998,0.0,0.0,0.0,453.2180500000004,0.0,0.0,0.0,0.0,0.0,448.683975,0.0,Q4 SMOKE / TEST ONLY,optimal,optimal,optimal,0.0,0.0,1e-07,6792.551705890097,0.0,0.0,0.0,19:10:00
2025-03-22,116,1.0855,0.0,433.96823333333333,0.0063,6441.796892898443,5959.616966972517,1199.9999999999998,0.0,0.0,0.0,433.9619333333333,0.0,0.0,0.0,0.0,0.0,453.04950833333334,0.0,Q4 SMOKE / TEST ONLY,optimal,optimal,optimal,0.0,0.0,1e-07,6246.559261445783,0.0,0.0,0.0,19:20:00
2025-03-22,117,1.0844,0.0,433.5333333333333,0.0,5959.616966972517,5477.913263268813,1199.9999999999998,0.0,0.0,0.0,433.53333333333285,0.0,0.0,0.0,0.0,0.0,458.8458333333333,0.0,Q4 SMOKE / TEST ONLY,optimal,optimal,optimal,0.0,0.0,1e-07,5708.129335519987,0.0,0.0,0.0,19:30:00
2025-03-22,118,1.0496,0.0,444.87764999999996,0.0,5477.913263268813,4983.604763268813,1199.9999999999998,0.0,0.0,0.0,444.87765000000036,0.0,0.0,0.0,0.0,0.0,455.4065333333333,0.0,Q4 SMOKE / TEST ONLY,optimal,optimal,optimal,0.0,0.0,1e-07,5203.028113297736,0.0,0.0,0.0,19:40:00
2025-03-22,119,1.0712,0.0,452.48516666666666,0.00045,4983.604763268813,4480.843966972517,1199.9999999999998,0.0,0.0,0.0,452.48471666666666,0.0,0.0,0.0,0.0,0.0,441.2922083333333,0.0,Q4 SMOKE / TEST ONLY,optimal,optimal,optimal,0.0,0.0,1e-07,4733.591854038426,0.0,0.0,0.0,19:50:00
2025-03-22,120,1.1374,0.0,448.63666666666666,0.0,4480.843966972517,3982.3587817873313,1199.9999999999998,0.0,0.0,0.0,448.63666666666677,0.0,0.0,0.0,0.0,0.0,435.96,0.0,Q4 SMOKE / TEST ONLY,optimal,optimal,optimal,0.0,0.0,1e-07,4259.001428112599,0.0,0.0,0.0,20:00:00
2025-03-22,121,1.1398,0.0,438.8105833333333,0.0,3982.3587817873313,3494.7914669725164,1199.9999999999998,0.0,0.0,0.0,438.8105833333334,0.0,0.0,0.0,0.0,0.0,459.288075,0.0,Q4 SMOKE / TEST ONLY,optimal,optimal,optimal,0.0,0.0,1e-07,3715.0107058905414,0.0,0.0,0.0,20:10:00
2025-03-22,122,1.139,0.0,442.03175,0.0,3494.7914669725164,3003.6450780836276,1199.9999999999998,0.0,0.0,0.0,442.0317500000001,0.0,0.0,0.0,0.0,0.0,462.0394083333333,0.0,Q4 SMOKE / TEST ONLY,optimal,optimal,optimal,0.0,0.0,1e-07,3182.981928112955,0.0,0.0,0.0,20:20:00
2025-03-22,123,1.1642,0.0,457.06333333333333,0.0,3003.6450780836276,2495.796929935479,1199.9999999999998,0.0,0.0,0.0,457.0633333333335,0.0,0.0,0.0,0.0,0.0,447.22416666666663,0.0,Q4 SMOKE / TEST ONLY,optimal,optimal,optimal,0.0,0.0,1e-07,2713.7003540390488,0.0,0.0,0.0,20:30:00
2025-03-22,124,1.1549,0.0,462.79409999999996,0.0,2495.796929935479,1981.5812632688123,1199.9999999999998,0.0,0.0,0.0,462.79410000000007,0.0,0.0,0.0,0.0,0.0,464.4633166666666,0.0,Q4 SMOKE / TEST ONLY,optimal,optimal,optimal,0.0,0.0,1e-07,2202.1428355205517,0.0,0.0,0.0,20:40:00
2025-03-22,125,1.0024,86.36222139139562,453.48021666666665,0.0,1981.5812632688123,1573.6723796296224,1199.9999999999998,0.0,86.36222139139562,0.0,367.117995275271,0.0,86.56949072273497,0.0,86.56949072273497,86.36222139139562,473.2889333333333,0.0,Q4 SMOKE / TEST ONLY,optimal,optimal,optimal,0.0,0.0,1e-07,1643.9077984835149,0.0,129.85423608410244,129.85423608410244,20:50:00
2025-03-22,126,0.7936,492.7225,443.22166666666664,0.0,1573.6723796296224,1573.6723796296224,1199.9999999999998,0.0,492.7225,0.0,0.0,0.0,391.024576,0.0,391.024576,492.7225,464.16833333333335,0.0,Q4 SMOKE / TEST ONLY,optimal,optimal,optimal,0.0,0.0,1e-07,1235.9989148444156,391.024576,0.0,391.024576,21:00:00
2025-03-22,127,0.746,470.46115833333323,452.77166666666665,0.0,1573.6723796296224,1573.6723796296224,1199.9999999999998,0.0,470.46115833333323,0.0,0.0,0.0,350.96402411666656,0.0,350.96402411666656,470.46115833333323,470.51487499999996,0.0,Q4 SMOKE / TEST ONLY,optimal,optimal,optimal,0.0,0.0,1e-07,1235.8795444740817,350.96402411666656,0.0,350.96402411666656,21:10:00
2025-03-22,128,0.7759,485.5201249999999,467.08731666666665,0.0,1573.6723796296224,1573.6723796296224,1199.9999999999998,0.0,485.5201249999999,0.0,0.0,0.0,376.71506498749994,0.0,376.71506498749994,485.5201249999999,481.51577499999996,0.0,Q4 SMOKE / TEST ONLY,optimal,optimal,optimal,0.0,0.0,1e-07,1235.8795444741063,376.71506498749994,0.0,376.71506498749994,21:20:00
2025-03-22,129,0.799,497.6233305469898,474.8333333333333,0.0,1573.6723796296224,1573.6723796296224,1199.9999999999998,0.0,497.6233305469898,0.0,0.0,0.0,397.60104110704486,0.0,397.60104110704486,497.6233305469898,494.82916666666665,0.0,Q4 SMOKE / TEST ONLY,optimal,optimal,optimal,0.0,0.0,1e-07,1235.8795444741427,395.1361283333333,3.697369160567307,398.8334974939006,21:30:00
2025-03-22,130,0.7838,458.91581436967704,472.4906,0.0,1573.6723796296224,1558.589284484819,1199.9999999999998,0.0,458.91581436967704,0.0,13.574785630322936,0.0,359.69821530295286,0.0,359.69821530295286,458.91581436967704,510.12042499999995,0.0,Q4 SMOKE / TEST ONLY,optimal,optimal,optimal,0.0,0.0,1e-07,1152.2577111407018,307.78997224985784,77.86236457964256,385.6523368295004,21:40:00
2025-03-22,131,0.6095,465.21478333333323,438.2858,0.0,1558.589284484819,1558.589284484819,1199.9999999999998,0.0,465.21478333333323,0.0,0.0,0.0,283.54841044166665,0.0,283.54841044166665,465.21478333333323,460.0256499999999,0.0,Q4 SMOKE / TEST ONLY,optimal,optimal,optimal,0.0,0.0,1e-07,1137.1746159958147,283.54841044166665,0.0,283.54841044166665,21:50:00
2025-03-22,132,0.3671,406.43246556052827,386.675,0.0,1558.589284484819,1558.589284484819,1199.9999999999998,0.0,406.43246556052827,0.0,0.0,0.0,149.20135810726993,0.0,149.20135810726993,406.43246556052827,383.84916666666663,0.0,Q4 SMOKE / TEST ONLY,optimal,optimal,optimal,0.0,0.0,1e-07,1137.1746159958839,135.87013425,19.99683578590489,155.8669700359049,22:00:00
2025-03-22,133,0.2993,426.09529166666664,364.4008833333333,0.0,1558.589284484819,1558.589284484819,1199.9999999999998,0.0,426.09529166666664,0.0,0.0,0.0,127.53032079583333,0.0,127.53032079583333,426.09529166666664,392.91117499999996,0.0,Q4 SMOKE / TEST ONLY,optimal,optimal,optimal,0.0,0.0,1e-07,1137.174615995883,121.21065455460563,9.47949936184155,130.69015391644717,22:10:00
2025-03-22,134,0.3201,415.886975,382.17806666666667,0.0,1558.589284484819,1558.589284484819,1199.9999999999998,0.0,415.886975,0.0,0.0,0.0,133.1254206975,0.0,133.1254206975,415.886975,397.4687416666667,0.0,Q4 SMOKE / TEST ONLY,optimal,optimal,optimal,0.0,0.0,1e-07,1137.1746159958702,130.412970655,4.068675063749987,134.48164571875,22:20:00
2025-03-22,135,0.3521,398.39416666666676,408.52666666666664,0.0,1558.589284484819,1547.3309511514858,1199.9999999999998,0.0,398.39416666666676,0.0,10.13249999999988,0.0,140.2745860833334,0.0,140.2745860833334,398.39416666666676,380.3725,0.0,Q4 SMOKE / TEST ONLY,optimal,optimal,optimal,0.0,0.0,1e-07,1159.691282662634,140.2745860833334,0.0,140.2745860833334,22:30:00
2025-03-22,136,0.3933,419.81115,399.3849333333333,0.0,1547.3309511514858,1547.3309511514858,1199.9999999999998,0.0,419.81115,0.0,0.0,0.0,165.11172529499999,0.0,165.11172529499999,419.81115,411.4078333333333,0.0,Q4 SMOKE / TEST ONLY,optimal,optimal,optimal,0.0,0.0,1e-07,1148.4329493294135,165.11172529499999,0.0,165.11172529499999,22:40:00
2025-03-22,137,0.3728,445.81069999999994,389.55721666666665,0.0,1547.3309511514858,1547.3309511514858,1199.9999999999998,0.0,445.81069999999994,0.0,0.0,0.0,166.19822896,0.0,166.19822896,445.81069999999994,415.7603833333333,0.0,Q4 SMOKE / TEST ONLY,optimal,optimal,optimal,0.0,0.0,1e-07,1148.432949329488,154.50579870575467,17.538645381367985,172.04444408712266,22:50:00
2025-03-22,138,0.2959,425.26160518226953,393.9566666666666,0.0,1547.3309511514858,1547.3309511514858,1199.9999999999998,0.0,425.26160518226953,0.0,0.0,0.0,125.83490897343356,0.0,125.83490897343356,425.26160518226953,384.23749999999995,0.0,Q4 SMOKE / TEST ONLY,optimal,optimal,optimal,0.0,0.0,1e-07,1148.432949329488,119.51894166666665,9.473950960150342,128.992892626817,23:00:00
2025-03-22,139,0.255,385.83378333333326,397.6480833333333,0.0,1547.3309511514858,1534.2039512386316,1199.9999999999998,0.0,385.83378333333326,0.0,11.814299921568704,7.843137254901961e-08,98.38761474999998,1e-07,98.38761484999998,385.83378333333326,386.8535499999999,0.0,Q4 SMOKE / TEST ONLY,optimal,optimal,optimal,0.0,0.0,1e-07,1172.4208011465448,98.38761474999998,0.0,98.38761484999998,23:10:00
2025-03-22,140,0.3103,394.7680833333333,423.27223333333336,0.0,1534.2039512386316,1502.532673532469,1199.9999999999998,0.0,394.7680833333333,0.0,28.50414993554631,6.44537544311956e-08,122.49653625833334,9.999999999999998e-08,122.49653635833333,394.7680833333333,399.04339166666665,0.0,Q4 SMOKE / TEST ONLY,optimal,optimal,optimal,0.0,0.0,1e-07,1213.13567146083,122.49653625833334,0.0,122.49653635833333,23:20:00
2025-03-22,141,0.3833,413.43249999999995,437.31833333333327,0.0,1502.532673532469,1475.9928587176544,1199.9999999999998,0.0,413.43249999999995,0.0,23.885833333333224,9.921352060592151e-14,158.46867724999996,1.9014271224124856e-13,158.46867725000016,413.43249999999995,397.38083333333327,0.0,Q4 SMOKE / TEST ONLY,optimal,optimal,optimal,0.0,0.0,1e-07,1234.5440232549454,158.46867724999996,0.0,158.46867725000016,23:30:00
2025-03-22,142,0.3372,1253.6879936965577,394.27548333333334,0.0,1475.9928587176544,1941.9985335789445,1199.9999999999998,517.7840831792112,735.9039105173465,0.0,0.0,0.0,422.7435914744793,0.0,422.7435914744793,1253.6879936965577,397.7579416666666,0.0,Q4 SMOKE / TEST ONLY,optimal,optimal,optimal,0.0,0.0,1e-07,1208.0042084402332,422.7435914744793,0.0,422.7435914744793,23:40:00
2025-03-22,143,0.3112,353.85586972078863,453.75261666666665,0.0,1941.9985335789445,1819.0194444946542,1199.9999999999998,0.0,353.85586972078863,0.0,110.68118017586127,1.3234889800848443e-23,110.11994665710941,2.0593488530120175e-23,110.11994665710941,353.85586972078863,464.53705,0.0,Q4 SMOKE / TEST ONLY,optimal,optimal,optimal,0.0,0.0,1.0000030670198612e-07,741.9985334789443,110.11994665710941,0.0,110.11994665710941,23:50:00
2025-03-22,144,0.3593,0.0,581.2366666666667,0.0,1819.0194444946542,1200.0000000618486,1199.9999999999998,0.0,0.0,0.0,557.1174999895251,24.11916667714165,0.0,43.330082935484974,43.330082935484974,0.0,557.1175,0.0,Q4 SMOKE / TEST ONLY,optimal,optimal,optimal,43.33008283548497,0.0,1e-07,619.0194444328057,0.0,0.0,43.330082935484974,0:00+1
