date,run_label,alpha,lambda,soc_start_kwh,scenario_count_00,soc_00_kwh,plan_primary_status_00,plan_secondary_status_00,plan_cost_00_yuan,increase_00_kwh,decrease_00_kwh,scenario_count_06,soc_06_kwh,plan_primary_status_06,plan_secondary_status_06,adjustment_cost_06_yuan,increase_06_kwh,decrease_06_kwh,rho_06,scenario_count_12,soc_12_kwh,plan_primary_status_12,plan_secondary_status_12,adjustment_cost_12_yuan,increase_12_kwh,decrease_12_kwh,rho_12,scenario_count_18,soc_18_kwh,plan_primary_status_18,plan_secondary_status_18,adjustment_cost_18_yuan,increase_18_kwh,decrease_18_kwh,rho_18,soc_end_kwh,soc_min_kwh,soc_max_kwh,adjustment_cost_total_yuan,actual_emergency_purchase_kwh,actual_emergency_cost_yuan,total_actual_cost_yuan,emergency_slot_count,actual_throughput_kwh,simultaneous_slots,max_constraint_violation,actual_primary_status,actual_secondary_status,actual_tertiary_status
2025-02-01,ANNUAL REFERENCE ONLY,0.85,0.5,6000.0,2,6000.0,optimal,optimal,21719.94543355953,0.0,0.0,2,9642.039444444446,optimal,optimal,-984.1827128643607,0.0,3016.4040319831397,0.6203361283146992,2,7124.128017037038,optimal,optimal,-75.30368939828337,0.0,195.5807070193136,0.5219275667876406,2,10197.944476851852,optimal,optimal,-30.973470065879933,0.0,62.756499171064675,0.5,1200.0000001,1200.0000001,10800.000000000002,-1090.459872328524,31.888854328703772,115.43195186634222,20744.91751309735,2,30842.755403720774,0,1.0000030670198612e-07,optimal,optimal,optimal
2025-02-02,ANNUAL REFERENCE ONLY,0.85,0.5,1200.0000001,3,1200.0000001,optimal,optimal,57517.54812983773,0.0,0.0,3,10771.232306534257,optimal,optimal,-1230.9051505970278,9.157730099887885,3718.2643555403542,0.630420805544078,3,7656.592467969517,optimal,optimal,-331.93170582893845,29.538682462048087,1163.9228574933964,0.5328440473078151,3,10800.0,optimal,optimal,1e-07,1.5797814902119475e-07,3.410605131648481e-13,0.5,1225.0407358327404,1200.0000001,10800.0,-1562.8368563259662,12.212987546772625,26.459437518749873,55981.170711030514,1,40766.17092579354,0,1.000043994281441e-07,optimal,optimal,optimal
2025-02-03,ANNUAL REFERENCE ONLY,0.85,0.5,1225.0407358327404,4,1225.0407358327404,optimal,optimal,59093.483250711615,0.0,0.0,4,10794.161419753087,optimal,optimal,-1626.7411086855655,0.0,4624.542503455043,0.6081206271476367,4,7638.409423039329,optimal,optimal,-515.3194351759602,0.0,1537.895757497677,0.5188848576958215,4,10786.822222222223,optimal,optimal,22.27663809999573,11.859999999998864,0.0,0.5,1277.7602025957685,1225.0407358327404,10800.0,-2119.78390576153,104.40272012886243,391.4275183615578,57365.12686331165,6,41442.29992097,0,1.0001531336456537e-07,optimal,optimal,optimal
2025-02-04,ANNUAL REFERENCE ONLY,0.85,0.5,1277.7602025957685,5,1277.7602025957685,optimal,optimal,60971.52230515436,0.0,0.0,5,10799.999999999998,optimal,optimal,-1334.8143194555164,159.7802744378369,4231.801876667103,0.604213286359979,5,7942.732885092671,optimal,optimal,-848.0840445519358,0.0,2483.764666450724,0.5361436228440177,5,10792.654320987655,optimal,optimal,12.417650100003051,6.611111111110802,0.0,0.5,1274.1064432698436,1274.1064432698436,10800.000000000002,-2170.480713907449,83.70572715419613,223.29167144809873,59024.33326269501,6,42191.69591488561,0,1.0001213013310917e-07,optimal,optimal,optimal
2025-02-05,ANNUAL REFERENCE ONLY,0.85,0.5,1274.1064432698436,6,1274.1064432698436,optimal,optimal,57353.28572830621,0.0,0.0,6,10800.0,optimal,optimal,-267.18698224363544,336.8706296869674,1899.7964132371671,0.6073189178332172,6,7057.38118332164,optimal,optimal,-408.1269078834019,0.0,1094.7274017514192,0.5500793609993078,6,10800.000000000002,optimal,optimal,9.999999999999997e-08,2.162790833295915e-07,1.7518848703585688e-07,0.5,1277.087736885722,1274.1064432698436,10800.000000000002,-675.3138900270374,134.38244404139152,426.8030190966246,57104.7748573758,7,42260.00712870706,0,1.000075826596003e-07,optimal,optimal,optimal
2025-02-06,ANNUAL REFERENCE ONLY,0.85,0.5,1277.087736885722,7,1277.087736885722,optimal,optimal,61391.93015291434,0.0,0.0,7,10797.222530864196,optimal,optimal,-1815.5893762746714,0.0,4965.72317452106,0.6235349872124988,7,7765.6333975336265,optimal,optimal,-1117.3476043010094,0.0,3153.4712019698864,0.5707119684648804,7,10796.047530864198,optimal,optimal,6.681530599990914,3.5572222222231424,1.2505552149377763e-12,0.5,1278.7043781571924,1277.087736885722,10800.0,-2926.2554499756898,106.16394737009921,232.25368047291914,58697.92838341157,4,41791.391708738294,0,1.0000962902267929e-07,optimal,optimal,optimal
2025-02-07,ANNUAL REFERENCE ONLY,0.85,0.5,1278.7043781571924,8,1278.7043781571924,optimal,optimal,23851.720728373584,0.0,0.0,8,10018.20918856481,optimal,optimal,-910.8759252884274,0.0,3046.168995338865,0.6423505795163891,8,7397.719001932886,optimal,optimal,-478.11078029290616,0.0,1639.8628938070833,0.6644873138638798,8,9857.922070987655,optimal,optimal,-9.330032625282763,2.1627467501535476e-07,18.90392627240077,0.5,1320.8816027725682,1210.2488996913573,10800.0,-1398.3167382066163,107.51145435483433,426.8322420687706,22880.236232235737,4,35506.697576749386,0,1.000091742753284e-07,optimal,optimal,optimal
2025-02-08,ANNUAL REFERENCE ONLY,0.85,0.5,1320.8816027725682,9,1320.8816027725682,optimal,optimal,19424.548034831714,0.0,0.0,9,8242.787497424419,optimal,optimal,-104.94118497430026,7.326614365056628,294.7452128419915,0.6251944679866634,9,7403.960154091084,optimal,optimal,-22.44188726002614,0.9439153216314935,56.5684138900976,0.7212701175370082,9,9849.687000841885,optimal,optimal,180.92621674656235,125.93790892067346,35.08105583333514,0.5,1340.9964118699256,1268.093527777773,10800.0,53.543144512235955,247.85580427363567,880.1652821218959,20358.256461465848,15,34607.403620368554,0,1.0000803740695119e-07,optimal,optimal,optimal
2025-02-09,ANNUAL REFERENCE ONLY,0.85,0.5,1340.9964118699256,10,1340.9964118699256,optimal,optimal,56985.85712554537,0.0,0.0,10,10798.01286111111,optimal,optimal,-768.4629026791089,0.36215565518421045,1818.4737788712844,0.6518986649382474,10,8071.035553913798,optimal,optimal,-699.8100620893609,1.316063368296227,2184.339249642506,0.7139956059165149,10,10767.603727927324,optimal,optimal,21.80114135740147,18.44831153207531,15.398746906124298,0.5,1294.772563116267,1290.434279907404,10800.0,-1446.4718234110683,125.97083898409281,472.01529352389105,56011.40059565819,6,41305.68219981941,0,1.0002258932217956e-07,optimal,optimal,optimal
2025-02-10,ANNUAL REFERENCE ONLY,0.85,0.5,1294.772563116267,11,1294.772563116267,optimal,optimal,54050.6707679425,0.0,0.0,11,10166.123414552472,optimal,optimal,-2221.2853855399667,0.302668587834205,6211.445603563929,0.632296215923355,11,7605.153757887789,optimal,optimal,334.8105051345547,486.3897454459442,791.7726682287673,0.7122470447481396,11,10800.0,optimal,optimal,-11.562962377339169,0.0,28.82069329427781,0.5,1204.7374252454224,1204.7374252454224,10800.000000000002,-1898.037842782751,202.71168247792588,482.7860116731452,52635.418936832895,4,40904.575992667225,0,1.0000803740695119e-07,optimal,optimal,optimal
2025-02-11,ANNUAL REFERENCE ONLY,0.85,0.5,1204.7374252454224,12,1204.7374252454224,optimal,optimal,54941.78268913884,0.0,0.0,12,9885.878620370368,optimal,optimal,-1713.5635435201339,0.05186519627159214,4468.022090392035,0.6087291375097827,12,6734.128055948087,optimal,optimal,-696.6548579705568,0.0,1839.059878052694,0.7061748899852236,12,10800.0,optimal,optimal,-11.182430956389759,0.0,27.04084567519289,0.5,1268.9469032395027,1200.0,10800.0,-2421.4008324470806,680.1319924307104,2116.5810487997055,54636.96290549147,18,42618.47186958191,0,1.0000803740695119e-07,optimal,optimal,optimal
2025-02-12,ANNUAL REFERENCE ONLY,0.85,0.5,1268.9469032395027,13,1268.9469032395027,optimal,optimal,54505.41480022284,0.0,0.0,13,10559.814568395064,optimal,optimal,-1894.491299962109,0.6889335652032287,5187.313764245162,0.6160564084196161,13,7380.463001757218,optimal,optimal,-506.80962986016,2.8784392027361037,1506.5016477428203,0.7216505498964687,13,10618.715140465874,optimal,optimal,225.34177979234582,163.15637358071308,9.985632402389342,0.5,1269.2048637080843,1199.9999999999998,10800.0,-2175.9591500299234,702.54714524343,2420.697835613892,54750.15348580681,27,41847.08411636837,0,1.0000871952797752e-07,optimal,optimal,optimal
2025-02-13,ANNUAL REFERENCE ONLY,0.85,0.5,1269.2048637080843,14,1269.2048637080843,optimal,optimal,50956.889375791405,0.0,0.0,14,9794.124149598754,optimal,optimal,-1496.1226828871881,55.453303790128416,4482.683215072037,0.6239763911438716,14,7441.310768617303,optimal,optimal,688.639367344563,742.9213822144388,498.4319038465514,0.7152704096105844,14,10800.0,optimal,optimal,-31.900032551672513,0.0,49.5303666666645,0.5,1406.9839886141795,1269.2048637080843,10800.0,-839.3833480942977,147.44205033078637,483.910900452083,50601.416928149185,4,40502.30616224052,0,1.0000053407566156e-07,optimal,optimal,optimal
2025-02-14,ANNUAL REFERENCE ONLY,0.85,0.5,1406.9839886141795,14,1406.9839886141795,optimal,optimal,19000.86169863848,0.0,0.0,14,8092.513494257855,optimal,optimal,178.0572275826736,235.85622848557963,375.7658069444444,0.6139351606603018,14,6890.333610368964,optimal,optimal,332.439476003835,265.6132466541495,1.1368683772161603e-13,0.6610797178699424,14,9972.38726251374,optimal,optimal,157.919683732279,112.64321479904622,-1.1368683772161603e-13,0.5,1337.076487477903,1337.076487477903,10800.0,668.4163873187877,75.79765172098185,162.69173392699236,19831.96981988426,5,33620.68349922793,0,1.0000803740695119e-07,optimal,optimal,optimal
2025-02-15,ANNUAL REFERENCE ONLY,0.85,0.5,1337.076487477903,14,1337.076487477903,optimal,optimal,18896.537754148325,0.0,0.0,14,6541.912112500001,optimal,optimal,-374.66312671601435,49.625856906724806,1332.1563562049646,0.6534422560226923,14,6527.794023086344,optimal,optimal,164.6989148819477,134.9595278483303,1.1368683772161603e-13,0.5906384331605111,14,9899.536931063356,optimal,optimal,238.73067805772752,172.2961673221758,-5.684341886080802e-14,0.5,1209.9411180555553,1200.0,10729.114588802522,28.76646622366087,516.6292859458042,1399.348099861015,20324.652320233,18,33429.17670948656,0,1.000043994281441e-07,optimal,optimal,optimal
2025-02-16,ANNUAL REFERENCE ONLY,0.85,0.5,1209.9411180555553,14,1209.9411180555553,optimal,optimal,53747.738373925444,0.0,0.0,14,9948.85699493827,optimal,optimal,-1638.2611224868817,134.79757949999953,4898.308084238745,0.6479058734291734,14,6475.79283194408,optimal,optimal,-142.70342665856225,0.0,362.9901350027015,0.5846020608283324,14,10469.60529918246,optimal,optimal,405.53593644181746,297.35523073578656,1.1368683772161603e-13,0.5,1313.1402056737659,1209.9411180555553,10737.728129453391,-1375.4286127036264,66.54178704308762,148.86699772886766,52521.176758950685,2,41011.074327948976,0,1.00000761449337e-07,optimal,optimal,optimal
2025-02-17,ANNUAL REFERENCE ONLY,0.85,0.5,1313.1402056737659,14,1313.1402056737659,optimal,optimal,53475.63346225208,0.0,0.0,14,10144.973198721551,optimal,optimal,-1839.1806829210122,83.95443802641955,5686.901285209342,0.6703462412443004,14,8167.793452487444,optimal,optimal,-824.0760839226502,20.939399458832668,2880.750239399962,0.5739117568211114,14,10486.48164454216,optimal,optimal,261.734631566341,210.01321050347022,0.0,0.5,1270.5965411671934,1243.5945167592592,10512.27259954216,-2401.5221352773215,1.4133579833425733e-07,2.999998672388756e-07,51074.11132727476,0,36978.29155421247,0,1.00000761449337e-07,optimal,optimal,optimal
2025-02-18,ANNUAL REFERENCE ONLY,0.85,0.5,1270.5965411671934,14,1270.5965411671934,optimal,optimal,47537.982547774904,0.0,0.0,14,9070.314163888892,optimal,optimal,338.4628639755528,481.550725299119,68.859463424924,0.7300710487666738,14,7500.167656466513,optimal,optimal,-108.48420356217761,3.530926905544902,279.91258883275805,0.5798435495271779,14,10340.502285904022,optimal,optimal,583.116156904397,378.345635236104,-1.1368683772161603e-13,0.5,1286.4752939562425,1245.0126468518483,10340.502285904022,813.0948173177723,817.7485078652917,2951.9302888453167,51303.007653937995,11,37666.33717084909,0,1.0000053407566156e-07,optimal,optimal,optimal
2025-02-19,ANNUAL REFERENCE ONLY,0.85,0.5,1286.4752939562425,14,1286.4752939562425,optimal,optimal,48071.9624460308,0.0,0.0,14,9189.9306883857,optimal,optimal,-57.75490588780744,215.4333680108449,934.5640725391954,0.7097006428897662,14,5855.855879559622,optimal,optimal,1951.209246903228,1950.9290777894448,41.636470196585606,0.5568894837691477,14,10529.199255937827,optimal,optimal,177.65266138566875,221.19907120989305,0.0,0.5,1200.0000000519697,1199.9999999999998,10539.977640937826,2071.107002401089,322.3385510623715,810.0469573855876,50953.116405817476,12,40940.85133923634,0,1.0000098882301245e-07,optimal,optimal,optimal
2025-02-20,ANNUAL REFERENCE ONLY,0.85,0.5,1200.0000000519697,14,1200.0000000519697,optimal,optimal,49736.83480751015,0.0,0.0,14,9617.02906126543,optimal,optimal,560.447054325777,1052.6893527262343,1949.1802089795347,0.6941123663921002,14,6772.058897893499,optimal,optimal,-311.9077517277263,0.0,928.8031887547608,0.5773763433242316,14,10591.71274411743,optimal,optimal,235.26250984355934,184.53494304312278,0.0,0.5,1297.4461046930758,1200.0000000519697,10688.28070911404,483.8018124416101,1.5582819573501033e-07,4.000010388703231e-07,50220.63662035177,0,39512.12125373869,0,1.000011716314475e-07,optimal,optimal,optimal
2025-02-21,ANNUAL REFERENCE ONLY,0.85,0.5,1297.4461046930758,14,1297.4461046930758,optimal,optimal,18026.399464076232,0.0,0.0,14,7049.579923533197,optimal,optimal,29.311250690539126,37.83427476792161,50.337459987843594,0.6807243089816691,14,8207.083151681345,optimal,optimal,121.68022221301467,99.14614970155773,55.07696246618491,0.6081860077554624,14,9770.923712962964,optimal,optimal,399.41077389159017,268.4177882391783,0.0,0.5,1268.563291424901,1240.0399864374585,10405.40856707386,550.402246795144,261.8699710888456,1348.5410388397393,19925.342749711115,5,31920.694989676384,0,1.0000712245528121e-07,optimal,optimal,optimal
2025-02-22,ANNUAL REFERENCE ONLY,0.85,0.5,1268.563291424901,14,1268.563291424901,optimal,optimal,18302.375933176772,0.0,0.0,14,6073.594481296294,optimal,optimal,405.73250493207274,401.3023267335912,64.5523189937551,0.6548405726401891,14,7078.572937246088,optimal,optimal,-126.36747542128327,0.0,364.77977856690313,0.6266667170020838,14,9850.860556068474,optimal,optimal,563.362045929438,392.12433785677024,0.0,0.5,1278.6337876049931,1225.23477724609,10617.88204688213,842.7270754402274,75.9676847834507,190.83290794114566,19335.935916558145,4,31508.310492777757,0,1.0000245765695582e-07,optimal,optimal,optimal
2025-02-23,ANNUAL REFERENCE ONLY,0.85,0.5,1278.6337876049931,14,1278.6337876049931,optimal,optimal,49145.93332774186,0.0,0.0,14,9706.434043703703,optimal,optimal,776.2026347159764,759.4108883824263,137.68192966084416,0.642413030745127,14,6424.836044544404,optimal,optimal,-586.0268367413672,0.0,1623.4099334121347,0.644139191617846,14,10691.01968751134,optimal,optimal,159.20175294746883,94.7847812397947,0.0,0.5,1266.0254158827172,1200.7739159827174,10715.05127772512,349.377550922078,1.9802261367905167e-07,9.000061586950324e-07,49495.31087956395,0,41440.11278215563,0,1.0000793690778663e-07,optimal,optimal,optimal
2025-02-24,ANNUAL REFERENCE ONLY,0.85,0.5,1266.0254158827172,14,1266.0254158827172,optimal,optimal,47332.37220156112,0.0,0.0,14,9959.559259259258,optimal,optimal,671.7267992536209,1015.2214087188307,30.057949435991645,0.6201905997217892,14,6951.247466071702,optimal,optimal,-519.3565315548701,0.0,1414.3183062181486,0.6697042553529229,14,10589.161833969698,optimal,optimal,334.55372647290704,186.45684942727146,0.0,0.5,1250.3110678773062,1228.8141513261266,10800.0,486.92399417165785,264.7095364783586,1299.27712651489,49118.57332224767,6,37142.927119283544,0,1.0000245765695582e-07,optimal,optimal,optimal
2025-02-25,ANNUAL REFERENCE ONLY,0.85,0.5,1250.3110678773062,14,1250.3110678773062,optimal,optimal,48760.63566357293,0.0,0.0,14,9790.613740185187,optimal,optimal,7.489784241223816,555.4231426843305,1538.31712413672,0.5659958479968336,14,7886.708540866863,optimal,optimal,-1011.7637921914728,0.0,3287.382427789039,0.6663253470070647,14,10650.923894361476,optimal,optimal,228.92573100852582,130.87099507467258,0.0,0.5,1240.9519433376474,1200.0000000526593,10799.600805000002,-775.3482769417233,19.605926266443966,41.368504551807234,48026.655891183014,1,37704.6208191862,0,1.0000095358009275e-07,optimal,optimal,optimal
2025-02-26,ANNUAL REFERENCE ONLY,0.85,0.5,1240.9519433376474,14,1240.9519433376474,optimal,optimal,44268.92478590214,0.0,0.0,14,9781.31303416564,optimal,optimal,1179.4021307637731,1434.403688446207,0.8259715350013814,0.5725853594492636,14,6512.430960479324,optimal,optimal,1509.8348872857161,1534.001777376592,27.47167100847423,0.6948286788827562,14,10570.369490919293,optimal,optimal,349.3874613899054,197.37912483930478,2.2737367544323206e-13,0.5,1237.7515350086078,1222.730562939045,10677.812960091565,3038.6244794393942,291.9336097466184,1427.262639636564,48734.8119049781,9,40011.272363252116,0,1.0000741212934372e-07,optimal,optimal,optimal
2025-02-27,ANNUAL REFERENCE ONLY,0.85,0.5,1237.7515350086078,14,1237.7515350086078,optimal,optimal,45675.51388434909,0.0,0.0,14,9914.93780259259,optimal,optimal,221.77170187326476,645.7538210198124,1525.6345913393184,0.5833796644757399,14,6827.52946935362,optimal,optimal,90.88711721984798,130.8535029763912,189.66197515540188,0.694164167752262,14,10484.25616767275,optimal,optimal,446.40201923510824,284.169449256821,0.0,0.5,1247.3875738542604,1200.0,10797.495209999997,759.060838328221,223.20703131959053,1063.3598632288113,47497.93458590613,9,40870.181954387095,0,1.0000189831771422e-07,optimal,optimal,optimal
2025-02-28,ANNUAL REFERENCE ONLY,0.85,0.5,1247.3875738542604,14,1247.3875738542604,optimal,optimal,17571.98794354687,0.0,0.0,14,6008.26367908979,optimal,optimal,-85.00638650237204,33.505603924759725,267.5011804835792,0.5840047976994293,14,9034.26697863582,optimal,optimal,85.97084296934113,77.8227926973164,50.97755316679484,0.6861676199693404,14,9661.910368426565,optimal,optimal,389.1369940756442,248.98421837045476,0.0,0.5,1252.1361915120976,1202.7995426148889,10521.809325836435,390.1014505426133,1.9291126329443066e-07,6.000040709366657e-07,17962.089394689487,0,31457.72579095099,0,1.0000524071074323e-07,optimal,optimal,optimal
2025-03-01,ANNUAL REFERENCE ONLY,0.85,0.5,1252.1361915120976,14,1252.1361915120976,optimal,optimal,20187.285845772523,0.0,0.0,14,9751.567759259256,optimal,optimal,-274.659247490178,10.125808099325695,999.8277818013927,0.5715688806782705,14,10286.876731060995,optimal,optimal,-112.62866150123304,0.0,280.01723333245377,0.6753199760646394,14,9817.88500925926,optimal,optimal,396.43607366999385,298.6440879354931,0.0,0.5,1244.3491478935198,1226.968184081475,10799.999999999998,9.14816467858276,47.111807152086264,246.30838167940223,20442.74239213051,2,29125.3423121255,0,1.000043994281441e-07,optimal,optimal,optimal
2025-03-02,ANNUAL REFERENCE ONLY,0.85,0.5,1244.3491478935198,14,1244.3491478935198,optimal,optimal,51932.148915888116,0.0,0.0,14,9689.14443832593,optimal,optimal,719.0937603773028,945.289109393383,967.9580605890509,0.5859467581707153,14,7960.4331313136345,optimal,optimal,-851.656933727566,0.0,2573.9163022943926,0.6744831662607093,14,10465.438038564838,optimal,optimal,387.8902632678626,290.5771220211791,0.0,0.5,1229.8503848412827,1200.000000052411,10800.0,255.3270899175995,15.695012176456181,33.19776775663262,52220.67377356235,2,40312.863757884246,0,1.00000761449337e-07,optimal,optimal,optimal
2025-03-03,ANNUAL REFERENCE ONLY,0.85,0.5,1229.8503848412827,14,1229.8503848412827,optimal,optimal,53263.62109903963,0.0,0.0,14,9890.436572623456,optimal,optimal,-969.778815263876,351.5190731766022,3938.629162871708,0.5977997556604822,14,8277.464924709673,optimal,optimal,-525.0436760909005,116.48003328813411,2349.2953262183346,0.6631549236624823,14,10255.575101594173,optimal,optimal,392.013116359488,289.16660089481513,0.0,0.5,1229.1785893296073,1200.0,10576.751598256105,-1102.8093749952886,23.23189167554131,109.92004904073545,52270.73177308508,2,38961.04867120641,0,1.0001531336456537e-07,optimal,optimal,optimal
2025-03-04,ANNUAL REFERENCE ONLY,0.85,0.5,1229.1785893296073,14,1229.1785893296073,optimal,optimal,47474.43161805729,0.0,0.0,14,10005.065740740742,optimal,optimal,287.9853893594476,516.8870166977531,315.76361251838705,0.6143047116896048,14,7829.61036328098,optimal,optimal,-425.1007513823068,0.0,1517.5128814551038,0.6618508705692833,14,10286.893041977188,optimal,optimal,514.1715241656485,461.79626222052843,0.0,0.5,1206.7188339932698,1200.000000052411,10800.0,377.05616214278933,243.24853937815385,810.9389246964878,48662.42670489657,6,38173.94336321193,0,1.0000858901548782e-07,optimal,optimal,optimal
2025-03-05,ANNUAL REFERENCE ONLY,0.85,0.5,1206.7188339932698,14,1206.7188339932698,optimal,optimal,49916.36041290327,0.0,0.0,14,9671.621606916055,optimal,optimal,-796.4069604940529,42.69894304425043,2478.4399033388304,0.615307660510601,14,8785.544087131033,optimal,optimal,-1285.3642525870098,12.675845992183213,4279.112044492644,0.6095466662302056,14,10310.008535736517,optimal,optimal,485.2129513954925,417.52542676049984,0.0,0.5,1227.7405085325374,1200.073647421423,10539.168829138276,-1596.5582616855704,127.69928458602823,544.1933219375147,48863.99547315521,3,35824.171667267496,0,1.0000212569138967e-07,optimal,optimal,optimal
2025-03-06,ANNUAL REFERENCE ONLY,0.85,0.5,1227.7405085325374,14,1227.7405085325374,optimal,optimal,46288.070522186536,0.0,0.0,14,9985.96574074074,optimal,optimal,-453.90406303069966,72.85661938540511,1557.9365246152342,0.6267243695810517,14,7253.229031469502,optimal,optimal,-302.5621489079284,58.61820121822393,1195.3905740884618,0.592395757172064,14,10482.404661320026,optimal,optimal,406.16009581851836,241.86308256385954,0.0,0.5,1200.0000000519697,1200.0000000519697,10799.999999999998,-350.30611612010966,285.78280045182,1023.4696834326111,46961.234089499034,12,38187.697000252185,0,1.0000245765695582e-07,optimal,optimal,optimal
2025-03-07,ANNUAL REFERENCE ONLY,0.85,0.5,1200.0000000519697,14,1200.0000000519697,optimal,optimal,18443.82805018933,0.0,0.0,14,6873.96810962963,optimal,optimal,-532.8976118861091,0.0,1314.1282089228318,0.6247225147424333,14,10742.26624426999,optimal,optimal,-81.30456401250012,0.0,191.1883265836763,0.5933547259654912,14,9874.25497873061,optimal,optimal,29.986175039087502,48.436791193267254,3.3701874592781613,0.5,1220.2925156926285,1200.0000000519697,10742.26624426999,-584.2160008595217,22.445726754569268,47.113581074041335,17906.725630403853,1,28694.205762665715,0,1.0000524071074323e-07,optimal,optimal,optimal
2025-03-08,ANNUAL REFERENCE ONLY,0.85,0.5,1220.2925156926285,14,1220.2925156926285,optimal,optimal,17042.942009608872,0.0,0.0,14,5536.6354678788475,optimal,optimal,-228.3672010322178,0.0,533.7677953245044,0.6466203253419684,14,10586.000276300898,optimal,optimal,35.273304962108455,46.040949051520556,3.868546411862678,0.5788451861355582,14,9897.640682062589,optimal,optimal,9.927101990055382,15.76481164055406,0.0,0.5,1202.858017379119,1202.858017379119,10800.0,-183.16679408005396,13.580600314932045,28.424196596901314,16888.19941212572,1,28999.41572599177,0,1.00000761449337e-07,optimal,optimal,optimal
2025-03-09,ANNUAL REFERENCE ONLY,0.85,0.5,1202.858017379119,14,1202.858017379119,optimal,optimal,47915.99114943257,0.0,0.0,14,9402.26851645051,optimal,optimal,-1994.843799210365,1.4843769295407583,6184.619085201126,0.6451156423535155,14,7192.644339312397,optimal,optimal,-230.53715096418534,243.43227978543536,1631.6879274965265,0.561685315085434,14,10444.249986873,optimal,optimal,309.82179864295466,199.14023241174607,88.34162086110081,0.5,1205.4768738452701,1202.858017379119,10542.36916733061,-1915.5591515315957,102.46112765781372,495.4706335590793,46495.902631460056,4,38362.454868370565,0,1.0000803740695119e-07,optimal,optimal,optimal
2025-03-10,ANNUAL REFERENCE ONLY,0.85,0.5,1205.4768738452701,14,1205.4768738452701,optimal,optimal,45599.472170449466,0.0,0.0,14,9932.570538888882,optimal,optimal,67.40593222793458,597.7043247161105,1659.1702292313907,0.6591773041260458,14,6855.659655782735,optimal,optimal,-155.80849054097132,98.66665865828361,824.1607536505965,0.5694817941234427,14,10476.26230970279,optimal,optimal,352.3091079136276,214.91114002296345,0.0,0.5,1200.0000000519697,1200.0000000519697,10789.195538888882,263.9065496005909,164.78168428342326,770.1738741120168,46633.55259416207,8,39555.426272773584,0,1.0000030670198612e-07,optimal,optimal,optimal
2025-03-11,ANNUAL REFERENCE ONLY,0.85,0.5,1200.0000000519697,14,1200.0000000519697,optimal,optimal,40722.1875950631,0.0,0.0,14,9982.150925925926,optimal,optimal,3418.4767682438614,4124.452779485768,2.2737367544323206e-13,0.636085468987753,14,6913.539222282551,optimal,optimal,-295.6711096999795,0.0,734.0224497206958,0.5680371344828185,14,10492.511950676522,optimal,optimal,413.53410130803894,276.73924439112994,0.0,0.5,1205.9293635636652,1200.0000000519697,10800.0,3536.3397598519205,32.769021869585494,136.90389151872816,44395.43124643375,3,38909.61038463099,0,1.0000395650422434e-07,optimal,optimal,optimal
2025-03-12,ANNUAL REFERENCE ONLY,0.85,0.5,1205.9293635636652,14,1205.9293635636652,optimal,optimal,47856.581732105114,0.0,0.0,14,9204.353653487662,optimal,optimal,-2640.0921118297283,1.1160701563434259,8324.18389286114,0.6560580958531174,14,7781.433730119439,optimal,optimal,-307.59709661408203,165.55818857316208,1752.91975819693,0.5399984401412427,14,10420.461922685186,optimal,optimal,315.22791481432,180.90330701016964,0.0,0.5,1200.7225880362146,1200.7225880362146,10468.374980847106,-2632.4612936294907,368.51656277890413,1486.0329757174666,46710.1534141931,16,36973.514277516886,0,1.0001531336456537e-07,optimal,optimal,optimal
2025-03-13,ANNUAL REFERENCE ONLY,0.85,0.5,1200.7225880362146,14,1200.7225880362146,optimal,optimal,47574.270134159124,0.0,0.0,14,9423.612628981484,optimal,optimal,-1103.3884807030631,177.10218567097513,4108.938198391906,0.6387062446289143,14,7951.288008226342,optimal,optimal,-283.45286351980826,24.936729638995075,1184.8220382744184,0.5458782883609149,14,10525.4559379818,optimal,optimal,105.08048911440973,65.6804000674083,20.749455886625107,0.5,1208.8042499941262,1200.0000000520304,10565.315289042854,-1281.7608551084616,220.8822668492995,1230.4712415782624,47522.980520628924,4,37754.154892125196,0,1.0000803740695119e-07,optimal,optimal,optimal
2025-03-14,ANNUAL REFERENCE ONLY,0.85,0.5,1208.8042499941262,14,1208.8042499941262,optimal,optimal,16264.942461816554,0.0,0.0,14,5089.461374492105,optimal,optimal,184.7410975710183,258.78144757870973,155.9762343842009,0.6539428791476438,14,10381.184623296267,optimal,optimal,-40.73464683797721,27.323397156201906,186.35351049015466,0.533223195554687,14,9630.140240740744,optimal,optimal,392.8465254152063,218.42709999999695,16.49116076147495,0.5,1272.9516111754806,1208.8042499941262,10649.096786990702,536.8529761482474,64.1468402256724,253.98401544284775,17055.77945340765,2,28430.17202441292,0,1.0000858901548782e-07,optimal,optimal,optimal
2025-03-15,ANNUAL REFERENCE ONLY,0.85,0.5,1272.9516111754806,14,1272.9516111754806,optimal,optimal,15451.628038639406,0.0,0.0,14,4471.333836111112,optimal,optimal,257.15255909465225,291.97845059788904,91.41734110523706,0.6218591920046695,14,8274.461166915118,optimal,optimal,-9.199832161429338,31.33086708349316,122.92501277861625,0.5614954490340502,14,9804.828385756247,optimal,optimal,259.2297492626041,144.28201115271042,11.458822090178538,0.5,1200.0000000519697,1200.0000000519697,10643.016684521679,507.182476195827,785.8729047682612,1809.6571805913932,17768.467695426625,21,27902.07948069129,0,1.000011716314475e-07,optimal,optimal,optimal
2025-03-16,ANNUAL REFERENCE ONLY,0.85,0.5,1200.0000000519697,14,1200.0000000519697,optimal,optimal,45027.513777558706,0.0,0.0,14,9347.28811006173,optimal,optimal,-755.3327281163301,13.880730965063435,2424.2780926608134,0.5813955069181171,14,7270.585125313926,optimal,optimal,-518.7760502547834,23.9438416666668,1560.0177406759149,0.5981624245819492,14,10484.815434010123,optimal,optimal,398.99346774669095,267.37277605755514,0.0,0.5,1246.981565114019,1200.0000000519697,10562.687606722062,-875.1153106244227,400.9225007454194,1440.8587626711767,45593.25722960546,12,38007.84720276437,0,1.0001108967117034e-07,optimal,optimal,optimal
2025-03-17,ANNUAL REFERENCE ONLY,0.85,0.5,1246.981565114019,14,1246.981565114019,optimal,optimal,41471.72951255231,0.0,0.0,14,9328.344283425922,optimal,optimal,-1902.778211590427,3.4348184476714323,6970.327069942306,0.5486254321164702,14,6137.003116877177,optimal,optimal,418.19304692680373,574.9700901671085,376.6874331776694,0.6121487272201767,14,10237.874768558971,optimal,optimal,525.2900460042575,316.6873420040425,0.0,0.5,1230.9203706067783,1200.0,10372.41225078247,-959.2951186593658,912.5622154330978,3898.4511111798793,44410.88550507282,19,38019.60689066065,0,1.0001108967117034e-07,optimal,optimal,optimal
2025-03-18,ANNUAL REFERENCE ONLY,0.85,0.5,1230.9203706067783,14,1230.9203706067783,optimal,optimal,47800.40390729038,0.0,0.0,14,9410.466028796294,optimal,optimal,-1723.549842312278,192.210292315068,6325.848201727543,0.5534793120615912,14,6872.219567263181,optimal,optimal,-909.7418790917372,0.0,2748.1208058927523,0.6320757713266153,14,10541.291048214454,optimal,optimal,370.9511010938614,216.5447232736579,0.0,0.5,1257.8584915641022,1230.9203706067783,10635.352728994996,-2262.340620310154,2.0050459409764423e-07,6.999954710138808e-07,45538.06328768023,0,37391.707640352906,0,1.0000044733260439e-07,optimal,optimal,optimal
2025-03-19,ANNUAL REFERENCE ONLY,0.85,0.5,1257.8584915641022,14,1257.8584915641022,optimal,optimal,39361.379059470266,0.0,0.0,14,9417.68267601851,optimal,optimal,1121.887867551915,1314.067265576707,1726.768751024719,0.555083801606982,14,4973.27128346317,optimal,optimal,1115.0550343908976,1298.9106711742597,22.203780421736813,0.683135864879147,14,10616.03856559554,optimal,optimal,253.02588845724267,149.27195763067988,0.0,0.5,1280.0827805740294,1257.8584915641022,10644.8472939906,2489.9687904000552,94.3262973582498,209.027075413149,42060.37492528347,1,37693.79126161778,0,1.0000858901548782e-07,optimal,optimal,optimal
2025-03-20,ANNUAL REFERENCE ONLY,0.85,0.5,1280.0827805740294,14,1280.0827805740294,optimal,optimal,44584.48620689886,0.0,0.0,14,9265.726026944449,optimal,optimal,-1853.994742232907,316.8766735592453,7467.778309908715,0.5534805697044803,14,5408.885437615304,optimal,optimal,326.0571362680414,409.57108936204776,0.0,0.6529613453245442,14,10456.840434627358,optimal,optimal,353.28358549268813,261.28976450196876,0.0,0.5,1324.979515731474,1200.0,10456.840434627358,-1174.6540204721773,620.0461961397884,2143.4109256657007,45553.24311209239,8,37812.62823118428,0,1.00000761449337e-07,optimal,optimal,optimal
2025-03-21,ANNUAL REFERENCE ONLY,0.85,0.5,1324.979515731474,14,1324.979515731474,optimal,optimal,15285.42415001455,0.0,0.0,14,3722.834212962963,optimal,optimal,153.8488521668144,343.91335201071195,576.9407360971115,0.5401286105414042,14,10272.675705686992,optimal,optimal,75.99650199545354,71.00730616576377,88.20300802902383,0.6582630896959252,14,9658.310601851847,optimal,optimal,421.28504276077024,256.9064571519607,0.0,0.5,1351.2650173202849,1200.0,10459.806652515706,651.1303969230382,127.97371440720892,489.21437095665976,16425.76891789425,7,26494.981508460885,0,1.0000712245528121e-07,optimal,optimal,optimal
2025-03-22,ANNUAL REFERENCE ONLY,0.85,0.5,1351.2650173202849,14,1351.2650173202849,optimal,optimal,16442.774960644332,0.0,0.0,14,4774.712308091112,optimal,optimal,-106.55428367536739,0.0,248.8237650833315,0.5894160965675708,14,10167.468439022696,optimal,optimal,-143.44442165908083,12.966269817195325,357.5223614468516,0.6778761296245728,14,9846.086278901417,optimal,optimal,325.2036392296951,181.03721618519262,0.0,0.5,1320.6741431201935,1278.7609875327141,10558.198417563353,75.20493389524688,3.416061540910148e-07,1.4000114107242551e-06,16517.97989593959,0,26586.286331459258,0,1.0000712245528121e-07,optimal,optimal,optimal
2025-03-23,ANNUAL REFERENCE ONLY,0.85,0.5,1320.6741431201935,14,1320.6741431201935,optimal,optimal,45573.80441660837,0.0,0.0,14,9243.42653299383,optimal,optimal,-1503.1597123228278,0.0,4480.328477161957,0.604680337046331,14,7653.573116349159,optimal,optimal,-916.0703833611776,0.0,3081.6062448872817,0.6606491051688281,14,10472.669523070055,optimal,optimal,507.2068753542036,278.37367054349653,0.0,0.5,1299.4111522773176,1200.0,10630.879269497522,-1912.023220329802,15.212571884675187,98.38352420052523,43760.16472047909,2,34795.15513763236,0,1.000014018472939e-07,optimal,optimal,optimal
2025-03-24,ANNUAL REFERENCE ONLY,0.85,0.5,1299.4111522773176,14,1299.4111522773176,optimal,optimal,42639.02674031739,0.0,0.0,14,9458.230814722227,optimal,optimal,-749.9918261245483,504.3149612135689,4420.101723161653,0.625847212400099,14,7713.291381845208,optimal,optimal,-556.9535849785032,0.7919058238492198,2220.875557556319,0.6680930884731737,14,10612.703613381178,optimal,optimal,264.5324232678147,152.10278489902615,0.0,0.4968047411243277,1245.0004183997726,1245.0004183997726,10637.330933752603,-1042.4129878352367,3.2099745340929453e-07,1.3000058971399997e-06,41596.613753782156,0,36708.24055699646,0,1.0000529982789886e-07,optimal,optimal,optimal
2025-03-25,ANNUAL REFERENCE ONLY,0.85,0.5,1245.0004183997726,14,1245.0004183997726,optimal,optimal,47395.04185155561,0.0,0.0,14,8483.56682145272,optimal,optimal,-2758.7498862391744,1.0295290954165353,8768.410449758201,0.6367138138872621,14,7335.478295113419,optimal,optimal,-564.6359262613339,13.256597371547207,2322.118850721694,0.6452323882228014,14,10341.81648636104,optimal,optimal,573.1940374141369,385.9743133223694,0.0,0.5037799605761082,1256.2025108899154,1200.0,10344.749467842521,-2750.1917750863713,422.02430837558956,1719.3927063943875,46364.24278286362,15,34029.87715138935,0,1.00000761449337e-07,optimal,optimal,optimal
2025-03-26,ANNUAL REFERENCE ONLY,0.85,0.5,1256.2025108899154,14,1256.2025108899154,optimal,optimal,40476.17367315924,0.0,0.0,14,9687.677346635803,optimal,optimal,-651.7405241026729,0.6269573070817387,2192.225024357812,0.6371733192991729,14,7182.051527672135,optimal,optimal,-783.9224145286723,15.306161773196095,2700.5302603466625,0.6186870025368991,14,10575.08193424348,optimal,optimal,380.1572961060512,199.14280834769363,0.0,0.4989177013686874,1337.6137420459693,1256.2025108899154,10585.972071944445,-1055.505642525294,2.404621976101705e-07,5.000001610440449e-07,39420.668031133944,0,36313.63574667321,0,1.00000761449337e-07,optimal,optimal,optimal
2025-03-27,ANNUAL REFERENCE ONLY,0.85,0.5,1337.6137420459693,14,1337.6137420459693,optimal,optimal,43328.97843294261,0.0,0.0,14,9608.715734783946,optimal,optimal,-664.2777805603699,519.3098677027267,4013.2492235890795,0.6494599042311157,14,7705.384619306052,optimal,optimal,-861.7456271826459,0.0,2770.9524153017705,0.6550543943706506,14,10562.984638967833,optimal,optimal,384.1095764246886,209.8305138244555,0.0,0.49442850001477917,1337.552799995771,1274.6047244821912,10564.497924016725,-1141.9138313183273,3.391926852547703e-07,1.2000004268704289e-06,42187.064602824285,0,35603.05270700333,0,1.0000186193792614e-07,optimal,optimal,optimal
2025-03-28,ANNUAL REFERENCE ONLY,0.85,0.5,1337.552799995771,14,1337.552799995771,optimal,optimal,15633.294394301636,0.0,0.0,14,5027.2746486731,optimal,optimal,-55.411468050028695,51.89767036753818,221.8323983053912,0.6557618751627033,14,10551.688100375963,optimal,optimal,-46.7520721028221,0.0,101.47415453682457,0.6722824725269285,14,9802.661341338384,optimal,optimal,359.3052296446469,206.05972976237453,0.0,0.4932652057912807,1334.1264359542593,1262.4492839329687,10597.350397018747,257.1416894917961,1.2051201406142393e-07,5.999960619898048e-07,15890.436084393428,0,26856.659909431768,0,1.0000116321862151e-07,optimal,optimal,optimal
2025-03-29,ANNUAL REFERENCE ONLY,0.85,0.5,1334.1264359542593,14,1334.1264359542593,optimal,optimal,14920.566281505928,0.0,0.0,14,4255.768323831075,optimal,optimal,412.7498811576581,312.7862292324271,57.651361277355655,0.6491035754663508,14,10311.88559042888,optimal,optimal,-11.861404157731924,11.209450915376308,48.94081214345877,0.6576525656718423,14,9759.882247866486,optimal,optimal,377.49956489725275,211.08808260692064,0.0,0.4892728972851948,1363.8372524401696,1334.1264359542593,10593.119228888714,778.3880418971789,11.512974104115075,61.836183646475604,15760.790507049582,1,25993.0712195723,0,1.0000007932831068e-07,optimal,optimal,optimal
2025-03-30,ANNUAL REFERENCE ONLY,0.85,0.5,1363.8372524401696,14,1363.8372524401696,optimal,optimal,41893.92045188289,0.0,0.0,14,9464.901052993828,optimal,optimal,-1859.1980482489384,1.9665026559997325,6527.216106816532,0.6774188755970981,14,6985.291226063105,optimal,optimal,-711.4606856264226,97.71248000803999,2694.459844243075,0.6638361125423499,14,10449.957082152989,optimal,optimal,410.1717260580983,298.8927552829074,0.0,0.49386075930982226,1294.4625047871948,1294.4625047871948,10449.957082152989,-2160.487007817263,320.06943326106375,1175.7253590964133,40909.15880316204,7,35450.20693756481,0,1.0000053407566156e-07,optimal,optimal,optimal
2025-03-31,ANNUAL REFERENCE ONLY,0.85,0.5,1294.4625047871948,14,1294.4625047871948,optimal,optimal,36491.555484822784,0.0,0.0,14,9559.534256697529,optimal,optimal,3872.656189732863,4198.670338550274,55.64269431104242,0.7007541112959871,14,7436.669734475313,optimal,optimal,-733.9015586517133,80.3258880565179,2248.8840909433266,0.6196350307683708,14,10468.890870484023,optimal,optimal,359.4560417875793,270.02300521310315,0.0,0.5001585889713717,1286.5296219973068,1286.5296219973068,10519.15146657407,3498.2106728687286,1.0793457245678683e-07,2.999975841546984e-07,39989.76615799151,0,36058.52095412804,0,1.00000761449337e-07,optimal,optimal,optimal
2025-04-01,ANNUAL REFERENCE ONLY,0.85,0.5,1286.5296219973068,14,1286.5296219973068,optimal,optimal,44259.48687108602,0.0,0.0,14,9428.528601882716,optimal,optimal,-1003.8496197457216,239.86274596983102,3801.424913459451,0.6913151977904117,14,8985.551855139998,optimal,optimal,-874.2028579824264,0.0,3329.3308647050676,0.6313767006042824,14,10413.677731773085,optimal,optimal,454.67558859343177,242.91274449078844,31.10505586359915,0.4972912453923081,1252.1867728294662,1239.192225855223,10486.841845767683,-1423.3768891347163,124.38536740542409,638.5937576128832,43474.70373956419,6,32936.017673485716,0,1.00000761449337e-07,optimal,optimal,optimal
2025-04-02,ANNUAL REFERENCE ONLY,0.85,0.5,1252.1867728294662,14,1252.1867728294662,optimal,optimal,42231.95951271309,0.0,0.0,14,9516.204534629627,optimal,optimal,296.03282576079,835.4633710378762,1563.2857352654287,0.6858448122388939,14,8197.45614238612,optimal,optimal,-691.8212007852027,0.0,2511.387913834422,0.6469556504080453,14,10419.613088643217,optimal,optimal,349.5316769939447,191.7440972674824,59.6947920307088,0.4982120151269431,1257.5318226624286,1200.0,10550.243384983036,-46.25669803046799,45.42640150756534,307.4763216836613,42493.17913636628,3,34835.15634520597,0,1.0000803740695119e-07,optimal,optimal,optimal
2025-04-03,ANNUAL REFERENCE ONLY,0.85,0.5,1257.5318226624286,14,1257.5318226624286,optimal,optimal,43840.67397045926,0.0,0.0,14,9739.363097129632,optimal,optimal,-2087.7802694368816,0.0,6341.504891762615,0.6716607669290972,14,8328.689343237758,optimal,optimal,-519.9987195830842,83.91517339314032,2177.124309069556,0.6263611627275693,14,10543.440483219703,optimal,optimal,331.63539642872564,214.0031794362317,0.0,0.5010187762420668,1235.621586940422,1231.114931348327,10643.266653133223,-2276.14359259124,30.466796074729523,65.03537269604738,41629.56575056407,2,34925.32433877116,0,1.0000020870393201e-07,optimal,optimal,optimal
2025-04-04,ANNUAL REFERENCE ONLY,0.85,0.5,1235.621586940422,14,1235.621586940422,optimal,optimal,14349.446895041594,0.0,0.0,14,4009.8284021604904,optimal,optimal,-69.92341650550847,3.067091803087711,170.146511899284,0.7094430859168679,14,10434.522729336153,optimal,optimal,55.940148923799974,88.57528452379916,0.0,0.6192805849579917,14,9739.784626115388,optimal,optimal,456.8600556502506,300.538889405948,0.0,0.4998240333546893,1306.7790231852634,1235.621586940422,10479.598003851585,442.8767880685421,1.8832053137356062e-07,3.9999993909891595e-07,14792.323683510136,0,25327.509667353603,0,1.00000761449337e-07,optimal,optimal,optimal
2025-04-05,ANNUAL REFERENCE ONLY,0.85,0.5,1306.7790231852634,14,1306.7790231852634,optimal,optimal,13924.897438335469,0.0,0.0,14,3270.572737651044,optimal,optimal,104.64507868067008,232.09991160800612,100.83300505855618,0.6762029553813047,14,10438.346534626557,optimal,optimal,-29.84772012135988,0.0,58.88470163589409,0.599186518018132,14,9568.585455463393,optimal,optimal,611.8214444867018,357.8994123749632,95.16377795560939,0.504379573288567,1254.516273015445,1217.5672933595417,10463.639201427111,686.618803046012,220.36296858004215,1033.193203182295,15644.709444563776,6,24827.197842906207,0,1.0000098882301245e-07,optimal,optimal,optimal
2025-04-06,ANNUAL REFERENCE ONLY,0.85,0.5,1254.516273015445,14,1254.516273015445,optimal,optimal,40676.91727797549,0.0,0.0,14,9847.834467870367,optimal,optimal,-1362.7091943355852,179.26000870236754,5325.866821029882,0.6695448291013596,14,7097.563632353887,optimal,optimal,79.71225899466602,219.87474027343336,968.570697592732,0.5999473299642929,14,10613.028200788116,optimal,optimal,271.4143947336699,146.05199033779283,0.0,0.5095663463864637,1257.4784548468772,1254.516273015445,10668.502523425923,-1011.5825406072493,77.66605568497245,278.44643322369086,39943.78117059193,4,37428.86206572229,0,1.00000761449337e-07,optimal,optimal,optimal
2025-04-07,ANNUAL REFERENCE ONLY,0.85,0.5,1257.4784548468772,14,1257.4784548468772,optimal,optimal,35547.639301335126,0.0,0.0,14,9595.862438796294,optimal,optimal,1258.0802894747678,1123.8523962969543,363.8650658743101,0.6489355204906598,14,7161.245643570939,optimal,optimal,-82.0893334941073,0.0,184.0851580520902,0.6085036587709575,14,10583.788776710897,optimal,optimal,320.1456930050364,175.9946343800164,0.0,0.504914426033732,1250.5314518270752,1222.071195175672,10603.872951292344,1496.1366489856969,6.438234701942032,13.58467522275619,37057.36062554358,1,36959.87550959144,0,1.0000803740695119e-07,optimal,optimal,optimal
2025-04-08,ANNUAL REFERENCE ONLY,0.85,0.5,1250.5314518270752,14,1250.5314518270752,optimal,optimal,42149.4196186644,0.0,0.0,14,9923.065841296295,optimal,optimal,-1416.2441220906408,203.12554819431787,5081.783994763641,0.6734807836550142,14,7025.637959298837,optimal,optimal,-664.8925974166496,0.0,2271.122315826828,0.5998208452657893,14,10580.861642270787,optimal,optimal,310.30354414346147,166.65479712618225,0.0,0.5042844884466241,1200.0000000519697,1200.0000000519697,10751.256582037036,-1770.8331753638288,63.813175721525255,153.7471414134279,40532.333584714,5,37224.21375777657,0,1.0002258932217956e-07,optimal,optimal,optimal
2025-04-09,ANNUAL REFERENCE ONLY,0.85,0.5,1200.0000000519697,14,1200.0000000519697,optimal,optimal,40782.483563459806,0.0,0.0,14,9937.934762499995,optimal,optimal,-54.567082142749165,50.528647541298874,422.06760405877594,0.6834713667078797,14,4991.97777966017,optimal,optimal,487.2739045087866,655.2210734205753,199.86907216936274,0.5804985346684775,14,10569.70511092445,optimal,optimal,311.4345856849061,170.53002093392584,2.4092492740742424e-06,0.503154632052482,1200.0000000519697,1200.0000000519697,10742.631984722218,744.1414080509435,71.5422272790561,150.97361014104453,41677.59858165179,3,37555.1636150779,0,1.0000803740695119e-07,optimal,optimal,optimal
2025-04-10,ANNUAL REFERENCE ONLY,0.85,0.5,1200.0000000519697,14,1200.0000000519697,optimal,optimal,39941.59783826374,0.0,0.0,14,9837.52282157408,optimal,optimal,-164.32217742493307,0.0,485.5943395464941,0.6968524037986352,14,6359.003203024446,optimal,optimal,-773.5677658448775,0.0,1996.8630343930472,0.5851150357648676,14,10573.548447035375,optimal,optimal,342.5508324649228,191.91611136774515,0.0,0.5018979100426225,1212.7777168898078,1200.0000000519697,10667.759395648154,-595.3391108048878,16.18587612880258,33.97415406671435,39380.23288152557,1,37424.06618560565,0,1.0001531336456537e-07,optimal,optimal,optimal
2025-04-11,ANNUAL REFERENCE ONLY,0.85,0.5,1212.7777168898078,14,1212.7777168898078,optimal,optimal,13114.021900859796,0.0,0.0,14,2890.495047899212,optimal,optimal,540.954350260884,398.3963686181199,0.0,0.6406059088795468,14,9598.085063289795,optimal,optimal,-72.38794140226022,5.11532556163769,164.02282629887844,0.5893266957832822,14,9661.977893840221,optimal,optimal,490.0681799556316,314.73140428734007,0.0,0.5043051561119479,1206.3722223262223,1200.0,10598.026110222763,958.6345888142553,145.66869394909753,465.29722163985195,14537.953711313903,5,24640.885314445146,0,1.0000258043874055e-07,optimal,optimal,optimal
2025-04-12,ANNUAL REFERENCE ONLY,0.85,0.5,1206.3722223262223,14,1206.3722223262223,optimal,optimal,15096.491040779045,0.0,0.0,14,3411.4997993216957,optimal,optimal,-568.4290918063789,0.0,1354.0432314122968,0.6672594618968734,14,10612.82042797406,optimal,optimal,48.14670688494804,35.640839713278574,0.0,0.5893240458451492,14,9702.143698753453,optimal,optimal,458.16978335604585,259.80941193975514,2.9152505270709526,0.5037448283990364,1219.2818355750312,1206.3722223262223,10612.82042797406,-62.112601565385035,1.208569399270713e-07,6.000012745313143e-07,15034.378439813661,0,24228.59663165552,0,1.0000245765695582e-07,optimal,optimal,optimal
2025-04-13,ANNUAL REFERENCE ONLY,0.85,0.5,1219.2818355750312,14,1219.2818355750312,optimal,optimal,38298.852785964606,0.0,0.0,14,9967.8,optimal,optimal,-1219.7533178554595,0.0,3672.6441044962176,0.6936873228154161,14,6434.519881291273,optimal,optimal,238.87492024525565,224.14983388171385,250.6778252569701,0.590654658396544,14,10478.442594763728,optimal,optimal,523.7672279772587,283.39060080635625,49.93403581466993,0.4988526446594867,1201.7844539495054,1201.3347955738088,10800.0,-457.1111696329451,587.3918231298292,2623.9127954711703,40465.65441180283,17,36523.37624926059,0,1.0000189831771422e-07,optimal,optimal,optimal
2025-04-14,ANNUAL REFERENCE ONLY,0.85,0.5,1201.7844539495054,14,1201.7844539495054,optimal,optimal,40799.39544653961,0.0,0.0,14,9597.057275832678,optimal,optimal,-2837.1465144199988,0.0,8380.243200434868,0.6787565671771497,14,5999.720507244107,optimal,optimal,-430.6971969258018,0.0,1216.0742247067435,0.6081907264652692,14,10465.806784748444,optimal,optimal,552.5743684437832,302.180476361725,0.0,0.5022004431023772,1201.7310464448851,1200.0,10465.806784748444,-2715.2693429020173,369.1165235554197,1913.7586713155206,39997.88477495311,18,35862.68061441825,0,1.0000098882301245e-07,optimal,optimal,optimal
2025-04-15,ANNUAL REFERENCE ONLY,0.85,0.5,1201.7310464448851,14,1201.7310464448851,optimal,optimal,35301.90781115549,0.0,0.0,14,10007.58888888889,optimal,optimal,1014.8267639440048,1156.849241184546,1843.919123107938,0.6631824258594174,14,8289.422071900193,optimal,optimal,-331.0897702040573,15.238454893433072,1181.30293913597,0.6042793466045485,14,10411.705815154097,optimal,optimal,685.5950033934269,365.1490559499284,54.14892178246865,0.5028888103214648,1206.7952866196597,1201.7310464448851,10800.000000000002,1369.3319971333744,130.52149625749405,629.1401738994044,37300.37998218827,4,33775.95663683417,0,1.0001108967117034e-07,optimal,optimal,optimal
2025-04-16,ANNUAL REFERENCE ONLY,0.85,0.5,1206.7952866196597,14,1206.7952866196597,optimal,optimal,38989.603967996125,0.0,0.0,14,9832.712260738976,optimal,optimal,523.2756944683418,988.84427680616,2558.511368125429,0.6460894092234675,14,6479.18218895366,optimal,optimal,-144.1665980857077,32.164035781213215,596.8389147865021,0.5905654569337081,14,10650.905471337353,optimal,optimal,237.22389900691195,132.83861576856094,54.14897725771013,0.5115926708380105,1200.0000000519697,1200.0000000519697,10673.677114407117,616.3329953895461,117.82467416543012,287.24195626276975,39893.17891964844,6,36443.26658359859,0,1.0000803740695119e-07,optimal,optimal,optimal
2025-04-17,ANNUAL REFERENCE ONLY,0.85,0.5,1200.0000000519697,14,1200.0000000519697,optimal,optimal,36161.63100138478,0.0,0.0,14,9299.453479074076,optimal,optimal,145.4577984183113,224.56766564331124,58.37006500813141,0.6195968484936182,14,5840.760829625624,optimal,optimal,-8.418234691148278,16.64811818363205,154.71579056503327,0.6027059062547465,14,10497.966895305535,optimal,optimal,506.0890789592224,271.4652276943401,54.142674906174044,0.510166951221623,1200.3024034672887,1200.0000000519697,10770.345145740741,643.1286426863854,6.156293815551913e-08,2.000040636223275e-07,36804.75964427117,0,37000.302191845156,0,1.5196951608231757e-07,optimal,optimal,optimal
2025-04-18,ANNUAL REFERENCE ONLY,0.85,0.5,1200.3024034672887,14,1200.3024034672887,optimal,optimal,13469.007264110263,0.0,0.0,14,2971.3172133373055,optimal,optimal,85.53845121203918,137.62159979359555,289.5306605760692,0.645089905047508,14,9855.26468577672,optimal,optimal,15.233594711994709,35.41925926336535,15.216573272848372,0.571131874574879,14,9843.712734107403,optimal,optimal,273.9460013669306,178.8570222480082,0.0,0.5112610386975741,1225.1013845215568,1200.3024034672887,10594.209044705567,374.7180472909645,9.360012563246065e-08,2e-07,13843.725311601227,0,24745.907972561658,0,1.0000258043874055e-07,optimal,optimal,optimal
2025-04-19,ANNUAL REFERENCE ONLY,0.85,0.5,1225.1013845215568,14,1225.1013845215568,optimal,optimal,13036.752242997369,0.0,0.0,14,3380.0587937145397,optimal,optimal,33.21537043727327,71.21756836221019,247.1620626543209,0.6319473992529635,14,10535.921952594254,optimal,optimal,376.4906791146169,363.6058797731018,0.0,0.5826997005768462,14,9734.401932669905,optimal,optimal,402.31616919215696,264.2673136734053,124.03037659749627,0.5080215898416776,1208.1552836158512,1208.1552836158512,10535.921952594254,812.0222187440472,1.4542699281172877e-07,2.999999380690952e-07,13848.774462041416,0,24371.29657607512,0,1.0000621841754764e-07,optimal,optimal,optimal
2025-04-20,ANNUAL REFERENCE ONLY,0.85,0.5,1208.1552836158512,14,1208.1552836158512,optimal,optimal,36088.67365350254,0.0,0.0,14,9789.343758611116,optimal,optimal,-433.3938279657091,62.931175616510586,2143.723524343977,0.6073341468644926,14,6339.245908796299,optimal,optimal,-164.97618823487664,51.53020983881743,880.9977194405244,0.6111158833352179,14,10719.346504021483,optimal,optimal,142.09345754859095,75.74024717868679,0.0,0.5132304054344883,1200.0000000519697,1200.0000000519697,10744.580853400823,-456.2765586519948,54.0973556136598,115.66014684939321,35748.057241699935,1,36764.16093255687,0,1.0000245765695582e-07,optimal,optimal,optimal
2025-04-21,ANNUAL REFERENCE ONLY,0.85,0.5,1200.0000000519697,14,1200.0000000519697,optimal,optimal,38101.101184752,0.0,0.0,14,9742.144045805087,optimal,optimal,-2390.5507961883495,0.0,8863.662986165102,0.6253216562577153,14,7037.515347101386,optimal,optimal,-262.3122898912632,22.241788002306862,787.7886318869787,0.6007158765197587,14,10405.96464393706,optimal,optimal,671.4860400138671,350.29779355288474,0.0,0.5134253152998147,1213.3488956858812,1200.0000000519697,10506.730619879161,-1981.3770460657458,148.72652320324974,541.4911216759323,36661.21526036219,8,33970.82697449777,0,1.0000803740695119e-07,optimal,optimal,optimal
2025-04-22,ANNUAL REFERENCE ONLY,0.85,0.5,1213.3488956858812,14,1213.3488956858812,optimal,optimal,34231.22830609743,0.0,0.0,14,9604.317892862997,optimal,optimal,1453.0168918809495,1159.1433987730834,0.0,0.6435025635047428,14,7582.987781288922,optimal,optimal,-336.0635476785435,56.08231162415507,1398.86006165654,0.6296844276844874,14,10655.960983130692,optimal,optimal,224.6804487354849,120.72353981084007,13.131528589543917,0.5113693121866998,1200.0000000519694,1200.0000000519694,10660.961802898877,1341.633792937891,275.5652498993902,895.1688171940966,36468.03091622942,7,33588.11801749368,0,1.0000529982789886e-07,optimal,optimal,optimal
2025-04-23,ANNUAL REFERENCE ONLY,0.85,0.5,1200.0000000519694,14,1200.0000000519694,optimal,optimal,32951.821813029215,0.0,0.0,14,8963.023607898935,optimal,optimal,1127.7209960222526,1157.670730929397,0.0,0.6652018081171397,14,6566.550073748079,optimal,optimal,-2.105656972512258,12.716306338421418,95.18800566745504,0.634829254027098,14,10419.531295014529,optimal,optimal,636.3001025540391,333.0193998396803,6.394371128801129,0.5036252860087479,1200.0000000519697,1200.0000000519694,10429.769830121157,1761.9154416037795,108.77841655619139,362.3781899892194,35076.11544462221,4,35204.516446363064,0,1.0001531336456537e-07,optimal,optimal,optimal
2025-04-24,ANNUAL REFERENCE ONLY,0.85,0.5,1200.0000000519697,14,1200.0000000519697,optimal,optimal,34013.58721355458,0.0,0.0,14,9921.716972624074,optimal,optimal,-274.4848599580663,83.50168848739145,1812.1726204359506,0.6912673015858386,14,7563.164771327778,optimal,optimal,195.25444166255616,197.2454806039654,227.75943795191046,0.6520926938239926,14,10686.214904418784,optimal,optimal,141.42603862608945,86.82199886132105,60.32854712724236,0.5028857172901148,1200.0000000519697,1200.0000000519697,10699.127712978941,62.19562033057932,19.529506174905407,41.75408420050368,34117.536918085665,1,33447.347567065524,0,1.00000761449337e-07,optimal,optimal,optimal
2025-04-25,ANNUAL REFERENCE ONLY,0.85,0.5,1200.0000000519697,14,1200.0000000519697,optimal,optimal,13162.117599521469,0.0,0.0,14,2867.5690835493824,optimal,optimal,53.36509141646745,105.20665586575228,306.9530385373126,0.6817311944384786,14,10573.542808229575,optimal,optimal,-176.96380004243008,0.0,376.4051895282337,0.6363749218033539,14,9845.894234691967,optimal,optimal,277.3555774992184,222.63257015237713,0.0,0.49178572554188016,1228.2599297986194,1200.0,10573.542808229577,153.75686887325577,143.15183877611543,517.872739778977,13833.747208173701,7,23268.246739491795,0,1.00000761449337e-07,optimal,optimal,optimal
2025-04-26,ANNUAL REFERENCE ONLY,0.85,0.5,1228.2599297986194,14,1228.2599297986194,optimal,optimal,12643.428341427065,0.0,0.0,14,2314.8801187654303,optimal,optimal,104.25392294054305,82.71787913444808,26.31601703078212,0.68235784829596,14,10161.287082841636,optimal,optimal,45.605343007865635,80.62453578873159,37.60628900995249,0.6546457848793954,14,9853.843890091872,optimal,optimal,265.69834719333085,180.21403471888513,7.614158334778458e-07,0.48895997035494543,1200.0000000519697,1200.0,10594.498019810371,415.5576131417395,218.5984204599169,869.8550683285537,13928.841022897359,9,23462.65509921018,0,1.00000761449337e-07,optimal,optimal,optimal
2025-04-27,ANNUAL REFERENCE ONLY,0.85,0.5,1200.0000000519697,14,1200.0000000519697,optimal,optimal,33121.95574977607,0.0,0.0,14,9265.05965027777,optimal,optimal,161.00931821566604,369.51054453080667,1247.0052363686727,0.6685449852451066,14,7311.9127560185125,optimal,optimal,-25.32011342767618,112.48515586002839,497.5226981621781,0.6363660385418936,14,10303.52025526257,optimal,optimal,730.067527237562,411.57884057281524,0.0,0.48601436749670646,1200.0000000519697,1200.0000000519697,10678.056316944438,865.7567320255519,810.0835310749459,3313.013856339724,37300.72633814135,20,35940.654458974284,0,1.00000761449337e-07,optimal,optimal,optimal
2025-04-28,ANNUAL REFERENCE ONLY,0.85,0.5,1200.0000000519697,14,1200.0000000519697,optimal,optimal,40095.91926981936,0.0,0.0,14,10010.672139074073,optimal,optimal,-583.1303733065076,71.64043845709989,2340.49926069351,0.6360380262969082,14,6168.971731525031,optimal,optimal,-154.66734745435022,67.16745224448891,804.9207598607934,0.6472560070857856,14,10532.792556043032,optimal,optimal,386.09417254323415,241.49596550759554,0.0,0.49128042178914716,1213.593310628464,1200.0000000519697,10786.048064999999,-351.7035482176237,2.494700233603631e-07,1.0000130260621517e-06,39744.21572260175,0,36127.86251379817,0,1.0002258932217956e-07,optimal,optimal,optimal
2025-04-29,ANNUAL REFERENCE ONLY,0.85,0.5,1213.593310628464,14,1213.593310628464,optimal,optimal,34138.500867535506,0.0,0.0,14,9313.882943425924,optimal,optimal,10.099431307618069,341.95315588537125,1807.7413275091485,0.5976011825390406,14,9217.510062499998,optimal,optimal,93.08616166350397,126.23535488859977,165.00555386015054,0.6543095372023991,14,10471.417821698042,optimal,optimal,510.39974352583806,293.0812421513053,0.0,0.4937930323404398,1218.1521943015882,1213.593310628464,10678.813998981479,613.58533649696,335.98547454633524,1354.8282063213928,36106.91441035386,6,32648.473833936197,0,1.000085205760115e-07,optimal,optimal,optimal
2025-04-30,ANNUAL REFERENCE ONLY,0.85,0.5,1218.1521943015882,14,1218.1521943015882,optimal,optimal,32791.58347019952,0.0,0.0,14,8120.271669430345,optimal,optimal,-159.48001353434015,0.0,670.3381947937172,0.5740318658404769,14,6185.030997022938,optimal,optimal,-71.31908656602616,0.0,145.7884722711375,0.67107790681695,14,10310.569337960822,optimal,optimal,707.6033815419788,440.9093441262498,0.0,0.4975611829940708,1200.0000000519694,1199.9999999999998,10394.343093637817,476.8042814416125,139.3967421620486,536.3481552194374,33804.735906860566,8,33225.34099310854,0,1.0000292149925372e-07,optimal,optimal,optimal
2025-05-01,ANNUAL REFERENCE ONLY,0.85,0.5,1200.0000000519694,14,1200.0000000519694,optimal,optimal,34317.95511068403,0.0,0.0,14,9208.606455092593,optimal,optimal,-286.39579520568884,35.75118382566625,1331.9611157591405,0.5620565283427029,14,7269.762892685189,optimal,optimal,-154.20220779724048,0.0,333.6572996556357,0.6419027216171779,14,10302.125823643972,optimal,optimal,749.4453921865381,436.587985477994,0.0,0.50271368485792,1200.000000050103,1200.0,10533.953695833334,308.8473891836088,2427.5252106559674,11271.154900283473,45897.957400151114,29,36080.441349785106,0,1.0000087513617473e-07,optimal,optimal,optimal
2025-05-02,ANNUAL REFERENCE ONLY,0.85,0.5,1200.000000050103,14,1200.000000050103,optimal,optimal,15992.47174951489,0.0,0.0,14,3221.667199919796,optimal,optimal,-51.53249410207975,0.0,99.52934295108267,0.5564958485916337,14,8952.730366508582,optimal,optimal,-41.80955228369643,0.0,84.72090420344738,0.6609513899290419,14,9009.251658012106,optimal,optimal,2327.6954924794823,1241.8148084002764,0.0,0.5059890836015601,1440.638733424599,1200.000000050103,9270.348809924728,2234.353446093706,485.6181697046043,2387.3794732028764,20614.20466881147,8,21913.85536950207,0,1.0000252359532169e-07,optimal,optimal,optimal
2025-05-03,ANNUAL REFERENCE ONLY,0.85,0.5,1440.638733424599,14,1440.638733424599,optimal,optimal,15039.7993443958,0.0,0.0,14,3026.6999979173597,optimal,optimal,-90.1671340121746,0.0,188.42888622240565,0.5394404610795432,14,9197.430273163549,optimal,optimal,198.81837423984652,134.2936973746307,0.0,0.6475721298297373,14,8869.051031427622,optimal,optimal,2488.445003904343,1328.73123495502,0.0,0.503318333021994,1619.8370244732018,1200.0000000159278,9198.02835146899,2597.0962441320153,426.3992899429922,2490.895221385383,20127.7908099132,7,21404.7710076204,0,1.0000258043874055e-07,optimal,optimal,optimal
2025-05-04,ANNUAL REFERENCE ONLY,0.85,0.5,1619.8370244732018,14,1619.8370244732018,optimal,optimal,37022.58645536434,0.0,0.0,14,9981.62497191282,optimal,optimal,-748.3864425670698,131.85372082267963,4037.2965697574896,0.5430646147471601,14,8282.646757722869,optimal,optimal,-399.18024471757303,0.0,962.6095143473715,0.6401290513762119,14,8701.033192191073,optimal,optimal,3357.7522402821955,1837.6054538067333,0.0,0.5013300733504729,1451.205436243542,1200.0000000000002,10662.98469413504,2210.185552997553,1218.2647431453045,5797.79891635129,45030.57092471318,21,27334.32046007969,0,1.0000195516113308e-07,optimal,optimal,optimal
2025-05-05,ANNUAL REFERENCE ONLY,0.85,0.5,1451.205436243542,14,1451.205436243542,optimal,optimal,39125.056186817405,0.0,0.0,14,10015.800491574082,optimal,optimal,-1026.8003833606058,0.0,2609.3398492870733,0.5324815600799475,14,6497.596846777229,optimal,optimal,-364.7012550988446,9.236303761805061,1389.609066287701,0.6431997159404194,14,8748.98057217637,optimal,optimal,3413.2626731141136,1831.4612864510368,1.8172042184808928,0.500828878493704,1532.9286510199677,1200.0,10739.244473055564,2021.761034654663,940.3560815152557,4561.060103694101,45707.87732516617,16,32391.848904507857,0,1.0000411521104979e-07,optimal,optimal,optimal
2025-05-06,ANNUAL REFERENCE ONLY,0.85,0.5,1532.9286510199677,14,1532.9286510199677,optimal,optimal,33372.43841770785,0.0,0.0,14,7036.774313024704,optimal,optimal,1136.0242164998847,1053.7317538173206,380.0114713794505,0.5646785068807457,14,5121.018105000001,optimal,optimal,1291.582686220888,1409.9273395473233,92.81843298220006,0.6044219334885613,14,8723.903595893793,optimal,optimal,3278.413778552636,1772.5843479907155,0.0,0.5055075724842293,1200.0000000519694,1200.0,8723.903595893793,5706.020681273409,1499.851620376848,7587.219456652518,46665.67855563377,24,30719.901777547962,0,1.000012430267816e-07,optimal,optimal,optimal
2025-05-07,ANNUAL REFERENCE ONLY,0.85,0.5,1200.0000000519694,14,1200.0000000519694,optimal,optimal,36998.317852506894,0.0,0.0,14,9459.616278913918,optimal,optimal,360.6692427462984,322.22822557707207,353.8105743815926,0.566875293551075,14,6149.834950141673,optimal,optimal,-103.10815300431645,1.0628374789409918,253.69972768401462,0.5889126347063195,14,9184.929664632167,optimal,optimal,2814.6367342613767,1437.7497231710968,20.71957852513908,0.5070298171669906,1454.3673016214611,1200.0000000159275,10590.049352949061,3072.1978240033586,1065.8523442527523,5979.545464128768,46050.061140639016,20,33287.03926556712,0,1.0000454864211861e-07,optimal,optimal,optimal
2025-05-08,ANNUAL REFERENCE ONLY,0.85,0.5,1454.3673016214611,14,1454.3673016214611,optimal,optimal,40943.73518961174,0.0,0.0,14,9832.532684310543,optimal,optimal,-817.5579192749144,260.4210388547574,4548.420947717052,0.5851807619954906,14,6258.748317111436,optimal,optimal,272.74249324099884,283.50585314012835,203.04184664533653,0.5887850983901098,14,9195.08199872238,optimal,optimal,2822.5594996036884,1429.9203603123424,60.64611785671889,0.4990362085800908,1589.3201532765981,1208.168972254624,10555.055832458691,2277.744073569773,956.4758884558516,4148.647748785841,47370.12701196736,16,31563.838771220897,0,1.0001531336456537e-07,optimal,optimal,optimal
2025-05-09,ANNUAL REFERENCE ONLY,0.85,0.5,1589.3201532765981,14,1589.3201532765981,optimal,optimal,16201.240504569276,0.0,0.0,14,3178.562086138846,optimal,optimal,506.1309366854358,329.6375819898668,6.360040653972646,0.5828378273268697,14,8348.511141342758,optimal,optimal,54.216932748956566,107.456326912408,278.69241717947585,0.6106769077868192,14,9181.86126538529,optimal,optimal,2672.933244711404,1450.2284136272767,63.27726821558107,0.5084599939648704,1753.7225703349181,1280.6254115852944,9181.86126538529,3233.281114145796,5.297110264718655e-07,1.7000083837354398e-06,19434.521620415082,0,20855.34892207986,0,1.000043994281441e-07,optimal,optimal,optimal
2025-05-10,ANNUAL REFERENCE ONLY,0.85,0.5,1753.7225703349181,14,1753.7225703349181,optimal,optimal,16240.149017685695,0.0,0.0,14,3840.3303396567635,optimal,optimal,894.9577850902289,621.4734771772885,2.2737367544323206e-13,0.6124674265745421,14,8358.207873686952,optimal,optimal,-117.26109455704577,5.890700932848517,277.1481644461071,0.6135156098982888,14,9155.063245849424,optimal,optimal,2683.140940196364,1457.6579516649476,57.377358931516156,0.5174193229173041,1720.594395724232,1372.940331890747,9155.063245849424,3460.8376307295475,257.0784212207424,1156.6450314342815,20857.631679849525,5,19656.942263504112,0,1.0000803740695119e-07,optimal,optimal,optimal
2025-05-11,ANNUAL REFERENCE ONLY,0.85,0.5,1720.594395724232,14,1720.594395724232,optimal,optimal,39546.25225493843,0.0,0.0,14,9682.498899296466,optimal,optimal,126.82041759451305,637.4445543799758,2571.742703382129,0.6128798386458739,14,6628.243233864985,optimal,optimal,17.294144578612087,166.95734802437448,1043.3235384767122,0.6064088480203318,14,9221.653755490546,optimal,optimal,2753.0639594761037,1401.2068044529383,60.21281765764097,0.5179237835685995,1434.0793337567027,1200.0000000159278,10351.61510300017,2897.178521649229,519.1035985959107,2917.1256685954413,45360.5564451831,10,30715.091538279925,0,1.0000420058986493e-07,optimal,optimal,optimal
2025-05-12,ANNUAL REFERENCE ONLY,0.85,0.5,1434.0793337567027,14,1434.0793337567027,optimal,optimal,35565.04376891213,0.0,0.0,14,9249.57826931708,optimal,optimal,2114.384652383086,1809.4684905103618,0.0,0.6222051305743269,14,7267.466639415335,optimal,optimal,68.729990379644,85.64308828936282,289.27892271892983,0.6042043258947416,14,9196.770415463592,optimal,optimal,2817.312938715898,1423.8477147803096,37.47504244405959,0.5147239641943456,1520.7585809916789,1200.000000015928,10563.747102611484,5000.427581478628,411.4623519437378,1997.4848132660475,42562.95616365681,9,28231.358121416997,0,1.0000420058986493e-07,optimal,optimal,optimal
2025-05-13,ANNUAL REFERENCE ONLY,0.85,0.5,1520.7585809916789,14,1520.7585809916789,optimal,optimal,41109.73303016239,0.0,0.0,14,9958.63257176732,optimal,optimal,-929.5429758623729,701.181001857177,6066.764793298185,0.6096449450743807,14,6464.4309588685965,optimal,optimal,107.1574882138367,247.0892091681826,837.6413381380596,0.6109347968771492,14,9178.303874978816,optimal,optimal,2815.044723875674,1430.5974184113384,59.94792061944504,0.5129126391594787,1491.8199808067,1200.000000015928,10727.189778518514,1992.659236227138,512.7859980928499,2732.0896044031642,45834.48187079269,13,30359.644444278805,0,1.0000343513638653e-07,optimal,optimal,optimal
2025-05-14,ANNUAL REFERENCE ONLY,0.85,0.5,1491.8199808067,14,1491.8199808067,optimal,optimal,40357.98264935253,0.0,0.0,14,9823.683350800433,optimal,optimal,-229.01864325416034,43.75656948844181,837.8371729202865,0.6287185154858466,14,5976.513928134442,optimal,optimal,-625.9097967431153,0.0,1846.401108038339,0.5923866460924188,14,9229.097970968809,optimal,optimal,2692.7389123639364,1376.5358952090512,5.675818206111733,0.5051761010413914,1439.1097029777475,1221.1001146392937,10549.163443393025,1837.8104723666606,6.875880888749181e-07,1.9999982303521388e-06,42195.793123719195,0,30325.312018049786,0,1.0000803740695119e-07,optimal,optimal,optimal
2025-05-15,ANNUAL REFERENCE ONLY,0.85,0.5,1439.1097029777475,14,1439.1097029777475,optimal,optimal,41287.924687986626,0.0,0.0,14,9825.39950253771,optimal,optimal,382.1403226460381,376.1947385066439,249.88825376338852,0.5880965951884245,14,6956.976016787548,optimal,optimal,-831.6093416573505,0.0,2335.5054035871017,0.6413907975808933,14,9573.51272837848,optimal,optimal,2069.9533043344304,1070.0433612305474,5.441433416944586,0.5023496857229169,1432.1251491025757,1432.1251491025757,10658.174397981937,1620.484285323118,3.624576476664681e-07,9.000028768804896e-07,42908.40897420974,0,30905.974582588286,0,1.0000339045745932e-07,optimal,optimal,optimal
2025-05-16,ANNUAL REFERENCE ONLY,0.85,0.5,1432.1251491025757,14,1432.1251491025757,optimal,optimal,17292.98627322774,0.0,0.0,14,2494.2775622501063,optimal,optimal,-88.9641981999947,0.0,170.36238605186887,0.5807333829636694,14,8350.241883688737,optimal,optimal,-238.87036640921616,0.0,508.1952925455445,0.6697991599322327,14,9206.784334737587,optimal,optimal,2546.5349216885365,1400.8519790209475,161.93213093636723,0.49022271234302023,1442.6634466536989,1432.1251491025757,9206.78433473759,2218.700357079326,6.718758701173992e-07,1.6999885647976046e-06,19511.68663200705,0,18593.17847811267,0,1.000043994281441e-07,optimal,optimal,optimal
2025-05-17,ANNUAL REFERENCE ONLY,0.85,0.5,1442.6634466536989,14,1442.6634466536989,optimal,optimal,17223.480433647077,0.0,0.0,14,2191.4009985585117,optimal,optimal,-27.598449495245298,14.149494059005985,107.71263400064657,0.5642788474441499,14,8339.421007749097,optimal,optimal,-31.45241354328104,71.00807514870644,308.30347037868916,0.6626488208544578,14,9175.87728300497,optimal,optimal,2665.8509807597957,1440.0883002934506,116.7821805744777,0.47940430771132864,1614.7608138496385,1423.2521596762308,9175.87728300497,2606.8001177212695,283.5014627222016,1317.804302960244,21148.08485432859,6,19230.127174901354,0,1.0000099996432255e-07,optimal,optimal,optimal
2025-05-18,ANNUAL REFERENCE ONLY,0.85,0.5,1614.7608138496385,14,1614.7608138496385,optimal,optimal,42987.0731332787,0.0,0.0,14,9677.182590334487,optimal,optimal,-715.8775211260008,290.9198312549435,4039.7122378392933,0.5552544511539624,14,6413.96071819923,optimal,optimal,-136.95359261180496,43.33162759536219,603.217126373868,0.6579382952051857,14,9761.883435594584,optimal,optimal,1773.6841856500394,898.6603927995645,2.0353284117503563,0.4951790349470917,1561.4758264320155,1561.4758264320155,10372.567364986915,920.8530719122335,4.969242251804305e-07,1.1000181195787264e-06,43907.926206290955,0,31764.216820980935,0,1.0000099996432255e-07,optimal,optimal,optimal
2025-05-19,ANNUAL REFERENCE ONLY,0.85,0.5,1561.4758264320155,14,1561.4758264320155,optimal,optimal,38955.44311086151,0.0,0.0,14,10071.468341944443,optimal,optimal,-374.4694937030881,526.7611598038457,4354.717600985628,0.57627531086384,14,7948.693469608389,optimal,optimal,-103.26078954086618,13.171213204102198,465.0222471126391,0.6551490172527845,14,9588.478522003046,optimal,optimal,2104.9949492421033,1068.2367679481772,94.21086239676637,0.4869027646502461,1675.481579905635,1441.7722801833522,10755.473897499998,1627.264665998149,8.232500535175628,55.52409804999818,40638.23187490965,1,28984.617007395034,0,1.0000415471722592e-07,optimal,optimal,optimal
2025-05-20,ANNUAL REFERENCE ONLY,0.85,0.5,1675.481579905635,14,1675.481579905635,optimal,optimal,38878.82212109028,0.0,0.0,14,10128.53287037037,optimal,optimal,528.2935237348639,651.407384605484,1179.91303231538,0.5737972755335464,14,6519.470889329675,optimal,optimal,74.9135765049424,126.83056077104396,22.896523709505264,0.6409757704854452,14,9375.873051057548,optimal,optimal,2444.6203033933552,1229.8013525544684,72.65531757783675,0.4864471924874341,1688.9940181080378,1573.198300839255,10800.0,3047.8274036331613,119.66933698652775,462.0745609510525,42388.7240856745,2,29360.08429098068,0,1.0000339045745932e-07,optimal,optimal,optimal
2025-05-21,ANNUAL REFERENCE ONLY,0.85,0.5,1688.9940181080378,14,1688.9940181080378,optimal,optimal,36506.687282671766,0.0,0.0,14,8451.070934457131,optimal,optimal,1259.5702475997598,1489.1581480077925,0.0,0.5685082670468646,14,6876.197349956988,optimal,optimal,228.79523957439164,329.27542016715734,870.431669767257,0.6532667259997932,14,9322.759767210486,optimal,optimal,2557.507346259938,1319.1807814299646,0.0,0.49013871318365915,1575.2274385040882,1556.3844385619925,9695.319934418201,4045.8728334340894,140.4900793342655,526.657626221314,41079.21774232717,3,28186.97179854964,0,1.0000420058986493e-07,optimal,optimal,optimal
2025-05-22,ANNUAL REFERENCE ONLY,0.85,0.5,1575.2274385040882,14,1575.2274385040882,optimal,optimal,36944.8308052657,0.0,0.0,14,9381.812150246915,optimal,optimal,-267.4571299364841,37.5732730109745,900.0338107973716,0.591923604047443,14,7601.856583580248,optimal,optimal,-347.3598067876744,0.0,716.7639370746887,0.6250893073790399,14,9774.569430417694,optimal,optimal,1828.6029993456132,927.2335481395996,0.0,0.4967499063622417,1357.7283224477683,1357.7283224477683,10641.365279876543,1213.7860626214547,106.15458770014894,387.5147473199263,38546.13161520708,4,30723.78489755438,0,1.0001531336456537e-07,optimal,optimal,optimal
2025-05-23,ANNUAL REFERENCE ONLY,0.85,0.5,1357.7283224477683,14,1357.7283224477683,optimal,optimal,15283.09591247152,0.0,0.0,14,2133.463310987655,optimal,optimal,-32.60878892875266,0.0,65.31160947633668,0.6286188202783171,14,9401.546623559398,optimal,optimal,125.19342073122532,196.58557538232418,0.0,0.5954141752638227,14,9373.425168405522,optimal,optimal,1960.81743531641,1048.8131477234404,-1.1368683772161603e-13,0.5052994604995769,1616.4566561714576,1357.7283224477683,9420.80940510924,2053.4020671188828,1.4575841773031147e-07,3.0000028137824304e-07,17336.4979798904,0,20062.90329658609,0,1.000043994281441e-07,optimal,optimal,optimal
2025-05-24,ANNUAL REFERENCE ONLY,0.85,0.5,1616.4566561714576,14,1616.4566561714576,optimal,optimal,16050.940523495708,0.0,0.0,14,1874.9894271296291,optimal,optimal,-208.49472901481644,52.58750261240726,561.1823133455557,0.6142470598441125,14,9048.979801577356,optimal,optimal,-142.81609544454733,0.0,263.9840035625434,0.5634376313290766,14,9594.983822639106,optimal,optimal,1770.1526756766864,1070.2908482641092,0.0,0.5062499574038256,1657.3868935205096,1325.6106075632229,9642.36957368241,1418.8418512173225,1.0845217411241257e-07,2.999988424155162e-07,17469.78237501303,0,19147.965924086406,0,1.0000030670198612e-07,optimal,optimal,optimal
2025-05-25,ANNUAL REFERENCE ONLY,0.85,0.5,1657.3868935205096,14,1657.3868935205096,optimal,optimal,37390.50544238932,0.0,0.0,14,9862.812304876545,optimal,optimal,-862.6614178959434,29.207720583335114,3589.8504831895866,0.6349394761297966,14,9237.028047302656,optimal,optimal,-86.53948240467511,2.2737367544323206e-13,146.43442483515776,0.5513013261352812,14,9667.191333904155,optimal,optimal,2029.4952827511584,1023.780087201834,-1.1368683772161603e-13,0.4863585004275528,1505.6620421415557,1446.880220670051,10799.999999999998,1080.2943824505398,103.25815344951077,520.9841128325598,38991.78393767242,5,28687.267019817915,0,1.0000030670198612e-07,optimal,optimal,optimal
2025-05-26,ANNUAL REFERENCE ONLY,0.85,0.5,1505.6620421415557,14,1505.6620421415557,optimal,optimal,36474.595736021,0.0,0.0,14,9366.26546697216,optimal,optimal,-387.72825059141263,21.113230870459915,886.0941768604777,0.6219222320018284,14,4507.971293638828,optimal,optimal,1256.9769330004485,1786.9982706390986,0.0,0.5518940192800226,14,10049.185946641457,optimal,optimal,1264.6027368257446,679.7414556300434,0.0,0.4973434985470992,1440.08647962062,1409.814145680561,10603.826948453641,2133.85141923478,110.10412267336271,426.7521603863901,39035.199315642174,5,33287.74051410777,0,1.0000240990848397e-07,optimal,optimal,optimal
2025-05-27,ANNUAL REFERENCE ONLY,0.85,0.5,1440.08647962062,14,1440.08647962062,optimal,optimal,34431.917980457365,0.0,0.0,14,6813.430310000003,optimal,optimal,1735.420672162399,2225.396617657492,0.0,0.6357303952212594,14,5861.698040000003,optimal,optimal,-364.45228117801236,8.609488567719453,1163.9252396387365,0.5838652431269783,14,10163.607483081698,optimal,optimal,901.7993647341128,582.3981558415118,0.0,0.4886651889197987,1352.5205937432838,1352.5205937432838,10197.61048313866,2272.7677557184993,1.4124178241126408e-07,2.999998344151208e-07,36704.68573647587,0,31602.837682425685,0,1.0000007932831068e-07,optimal,optimal,optimal
2025-05-28,ANNUAL REFERENCE ONLY,0.85,0.5,1352.5205937432838,14,1352.5205937432838,optimal,optimal,38090.780686163125,0.0,0.0,14,9972.600306358021,optimal,optimal,-399.62903322048885,356.5024501794322,3112.711668799797,0.5908321569580908,14,6342.713792048473,optimal,optimal,-460.1282741912008,193.52929724843105,2701.3512198347207,0.5951818170057571,14,10065.74896214028,optimal,optimal,923.1016938086897,498.91667242373774,0.0,0.4837875310871463,1332.2466475194908,1332.2466475194908,10669.667898950614,63.344386396999994,1.0899990826693119e-07,3.000024576569558e-07,38154.12507286013,0,31789.838848932774,0,1.0000245765695582e-07,optimal,optimal,optimal
2025-05-29,ANNUAL REFERENCE ONLY,0.85,0.5,1332.2466475194908,14,1332.2466475194908,optimal,optimal,37018.75755868067,0.0,0.0,14,9658.287763086417,optimal,optimal,411.59389471202235,385.13048357488753,207.22485659236486,0.5763922328316364,14,7280.500142822838,optimal,optimal,-793.1271160023614,14.945965820254514,3036.9399362910326,0.5866434162268607,14,10297.314898679948,optimal,optimal,764.7535493612734,478.0857307806688,0.0,0.48108784470784305,1219.46879531192,1202.241641975309,10326.502114938268,383.22032807093433,517.8811069864481,2430.033077125626,39832.010963877234,16,33072.657702142256,0,1.0000053407566156e-07,optimal,optimal,optimal
2025-05-30,ANNUAL REFERENCE ONLY,0.85,0.5,1219.46879531192,14,1219.46879531192,optimal,optimal,14350.529128204966,0.0,0.0,14,2349.2937016666665,optimal,optimal,289.9699317233909,274.93501440372836,72.65652991829072,0.5411803619026859,14,10149.750696644853,optimal,optimal,167.5922578937945,136.8738707865516,126.24838509132992,0.5706245179616362,14,9935.832239052057,optimal,optimal,802.2494463300783,539.9396144136184,0.0,0.4741642960742968,1308.5852126358627,1219.46879531192,10309.843028761636,1259.8116359472638,2.9759436405173964e-07,6.999977538706843e-07,15610.340764852228,0,22096.442754232696,0,1.0000053407566156e-07,optimal,optimal,optimal
2025-05-31,ANNUAL REFERENCE ONLY,0.85,0.5,1308.5852126358627,14,1308.5852126358627,optimal,optimal,16047.450057256608,0.0,0.0,14,2847.674103950725,optimal,optimal,-430.2725350156695,0.0,978.603686786339,0.5552075506942729,14,10509.943452839614,optimal,optimal,-116.3605333424028,12.11839360209328,273.9008788090285,0.605237812413648,14,10300.48458057705,optimal,optimal,370.3544152547576,249.58111521580207,0.0,0.48422532798077766,1200.00000005197,1200.00000005197,10538.772315244305,-176.27865310331475,58.58257101089981,125.24953682118675,15996.420940974482,1,22643.6543664274,0,1.0000258043874055e-07,optimal,optimal,optimal
2025-06-01,ANNUAL REFERENCE ONLY,0.85,0.5,1200.00000005197,14,1200.00000005197,optimal,optimal,47589.73526164365,0.0,0.0,14,8062.089532314816,optimal,optimal,608.4085182286279,1822.7045058314188,4404.651860622898,0.5666485845600128,14,7132.530454745861,optimal,optimal,-1236.7706985276027,0.0,3398.312213541193,0.6415188020531732,14,10341.911905204022,optimal,optimal,790.1730170549519,427.1648144546321,0.0,0.4818533196753399,1200.000000050103,1199.9999999999998,10385.30454732053,161.8108367559771,4499.169765940227,20158.755898886695,67910.30199728633,49,35809.8410371365,0,1.0000587735703448e-07,optimal,optimal,optimal
2025-06-02,ANNUAL REFERENCE ONLY,0.85,0.5,1200.000000050103,14,1200.000000050103,optimal,optimal,50049.42792455294,0.0,0.0,14,8391.731087709879,optimal,optimal,-2224.037580481332,51.851214870247645,7539.682774337553,0.5870249423054743,14,5622.610907696113,optimal,optimal,3283.273678886565,3160.199528956008,592.7006525014875,0.6439861693109434,14,8378.927166494279,optimal,optimal,3664.4813009960335,1922.6872950873203,0.0,0.48757590409122953,1277.9061143674262,1200.000000050103,9151.119976598768,4723.717399401266,808.05502253466,3877.9357103369293,58651.08103429113,14,32648.77950581941,0,1.0002986527979374e-07,optimal,optimal,optimal
2025-06-03,ANNUAL REFERENCE ONLY,0.85,0.5,1277.9061143674262,14,1277.9061143674262,optimal,optimal,46150.48237008837,0.0,0.0,14,8350.692538790301,optimal,optimal,2229.914683593131,2195.817848633903,2116.2315825101127,0.600796204059773,14,7258.503225602513,optimal,optimal,192.01794277125654,337.4127001560363,736.5830183062305,0.623137584468961,14,8656.986408367438,optimal,optimal,3418.932500198334,1813.4738489105202,68.08355637285476,0.49230641353782917,1379.5124417319207,1277.9061143674262,9126.417075827338,5840.865126562721,116.92072868283371,790.5243047555732,52781.87180140666,4,30209.402984627992,0,1.00000761449337e-07,optimal,optimal,optimal
2025-06-04,ANNUAL REFERENCE ONLY,0.85,0.5,1379.5124417319207,14,1379.5124417319207,optimal,optimal,53289.941688520266,0.0,0.0,14,7852.025758181703,optimal,optimal,-3526.773897925269,129.92312898488305,10808.86440097014,0.5954185206083834,14,7542.665926065885,optimal,optimal,1696.9445750460209,1568.884957445115,0.0,0.6221504156147986,14,8749.704560471742,optimal,optimal,3193.816568930268,1693.2135201471285,64.73943227551356,0.50561548891682,1328.0967124453232,1200.0000000159278,9442.803462226004,1363.98724605102,116.44365661815655,805.2391169894657,55459.16805156076,4,30281.75792065165,0,1.0000110250985017e-07,optimal,optimal,optimal
2025-06-05,ANNUAL REFERENCE ONLY,0.85,0.5,1328.0967124453232,14,1328.0967124453232,optimal,optimal,45331.64034173788,0.0,0.0,14,8024.817365175996,optimal,optimal,1358.782515270816,1757.6165211763177,1883.0341703194158,0.6271448997395878,14,5141.729776778784,optimal,optimal,2835.9268798769185,2715.4124810346516,19.74552770872436,0.6119180322598419,14,8622.747966740362,optimal,optimal,3383.2916058311303,1812.0157738846565,64.94107114992644,0.5039157795352526,1200.0000000519697,1200.0000000159275,8845.847582193253,7578.001000978865,596.8990899551053,3676.3145596776812,56585.95590239443,7,33362.06581728075,0,1.00000761449337e-07,optimal,optimal,optimal
2025-06-06,ANNUAL REFERENCE ONLY,0.85,0.5,1200.0000000519697,14,1200.0000000519697,optimal,optimal,22351.308199566178,0.0,0.0,14,2879.159543279905,optimal,optimal,-472.1434855410523,49.35699987834865,1179.1431390899115,0.6491237145562508,14,6919.181587932712,optimal,optimal,-281.91854297672836,0.0,639.3468988760674,0.6193737432473572,14,8639.809562493763,optimal,optimal,3700.9497525931247,1947.4378311578275,12.441261338643823,0.5068166741019111,1538.5485368838472,1200.0000000159275,8639.809562493763,2946.887724075344,2242.966746097789,10775.096307950884,36073.29223159241,20,20666.979070559246,0,1.0000383099395549e-07,optimal,optimal,optimal
2025-06-07,ANNUAL REFERENCE ONLY,0.85,0.5,1538.5485368838472,14,1538.5485368838472,optimal,optimal,22699.93231084654,0.0,0.0,14,5844.735038755317,optimal,optimal,-714.6821595354493,0.0,2025.7267281153308,0.630734207783951,14,7243.443361791996,optimal,optimal,661.4180470155032,511.7227365736669,130.69117010665627,0.619506135247758,14,8663.133231467495,optimal,optimal,3689.1615920921413,1920.2798746102876,0.0,0.5075122047091997,1640.400665580795,1200.0000000159278,8663.133231467495,3635.897479572195,1695.5734214762986,8635.100716886102,34970.93050730484,16,20196.749688676977,0,1.0001167538575828e-07,optimal,optimal,optimal
2025-06-08,ANNUAL REFERENCE ONLY,0.85,0.5,1640.400665580795,14,1640.400665580795,optimal,optimal,47365.017904950626,0.0,0.0,14,9879.346319455255,optimal,optimal,567.7915642078361,897.4704061253836,892.7719741751545,0.6311028432083742,14,8201.754495888425,optimal,optimal,277.8714902393032,383.18080480873704,515.5137098548703,0.5873036668672389,14,9337.269421896997,optimal,optimal,2578.0503918895292,1305.5474661643696,0.0,0.5185860629251362,1780.5602999416694,1201.003314847217,10568.398171307106,3423.7134463366683,121.01960683245936,816.2167372114893,51604.948088498786,1,29140.496040274393,0,1.0000420058986493e-07,optimal,optimal,optimal
2025-06-09,ANNUAL REFERENCE ONLY,0.85,0.5,1780.5602999416694,14,1780.5602999416694,optimal,optimal,53623.736988849356,0.0,0.0,14,9280.661095057136,optimal,optimal,-1004.4718842829394,0.0,2467.283142978147,0.6421747253364459,14,8177.013559857241,optimal,optimal,-217.1026685585312,0.0,661.1572706136906,0.5550189168663944,14,9337.269421896997,optimal,optimal,2586.912338391906,1310.1877116011788,0.0,0.5076792954802422,1697.6574727553136,1200.000000015928,10262.388719623294,1365.3377855504352,230.24947531541923,1568.3925009759002,56557.46727537569,2,32916.3991319458,0,1.0000420058986493e-07,optimal,optimal,optimal
2025-06-10,ANNUAL REFERENCE ONLY,0.85,0.5,1697.6574727553136,14,1697.6574727553136,optimal,optimal,50392.0313251248,0.0,0.0,14,10100.721406944444,optimal,optimal,711.2762836002503,1041.6668408504456,121.02229060524886,0.6359704973850039,14,5874.562223885971,optimal,optimal,2032.2259679871477,2034.6685934795096,80.22293570329418,0.5514512131454722,14,9317.300739890215,optimal,optimal,2654.621520278567,1334.3924459557143,0.0,0.5001111296016376,1660.604660992357,1348.147331810427,10782.4269625,5398.123771865965,5.44325828224401e-07,1.8000579469784495e-06,55790.15509879083,0,35448.78281887506,0,1.0000420058986493e-07,optimal,optimal,optimal
2025-06-11,ANNUAL REFERENCE ONLY,0.85,0.5,1660.604660992357,14,1660.604660992357,optimal,optimal,54689.81417289106,0.0,0.0,14,10050.490914074073,optimal,optimal,1407.7917027394278,2028.9363833694936,480.18864674575076,0.6599042917744563,14,5074.487363610157,optimal,optimal,366.7978256253838,488.2115939163683,308.23115628900024,0.5395194116416968,14,9337.269421896995,optimal,optimal,2486.924989622653,1265.2712656992767,0.0,0.48826100731901323,1623.783717325199,1200.0,10774.579339999998,4261.514517987464,448.6750769335044,2107.3386883203625,61058.667379198894,9,39257.9275663584,0,1.0000415471722592e-07,optimal,optimal,optimal
2025-06-12,ANNUAL REFERENCE ONLY,0.85,0.5,1623.783717325199,14,1623.783717325199,optimal,optimal,53434.01413924628,0.0,0.0,14,10039.324085989441,optimal,optimal,993.9127763233474,1451.028330459652,62.253158841548,0.6301193606221761,14,7570.564958100729,optimal,optimal,-308.8305129830049,2.65349650110511,762.7364469032913,0.5744243290526387,14,9337.145217533582,optimal,optimal,2603.7096515892545,1319.7509063006244,0.0,0.5018332704546623,1608.1561623074879,1454.893294624184,10791.006956359812,3288.7919149295967,5.81813040378157e-07,2.0000288519653622e-06,56722.80605617591,0,34681.552498792036,0,1.0000420058986493e-07,optimal,optimal,optimal
2025-06-13,ANNUAL REFERENCE ONLY,0.85,0.5,1608.1561623074879,14,1608.1561623074879,optimal,optimal,23663.225559855775,0.0,0.0,14,4125.747516313272,optimal,optimal,-713.5325524214139,0.0,1681.0387533882015,0.6242399681456574,14,7073.131250123655,optimal,optimal,424.4079691518084,345.39016858000207,77.4529758470374,0.5669753230324613,14,8715.08256462825,optimal,optimal,3664.739329988158,1881.7023675545151,2.2737367544323206e-13,0.5099189288390025,1604.0118786636303,1200.0000000159275,8715.08256462825,3375.6147467185524,1132.4076204125317,5362.030845746959,32400.871152321284,15,20015.40235232752,0,1.000043994281441e-07,optimal,optimal,optimal
2025-06-14,ANNUAL REFERENCE ONLY,0.85,0.5,1604.0118786636303,14,1604.0118786636303,optimal,optimal,23765.09656284257,0.0,0.0,14,3591.144465551844,optimal,optimal,-402.1752896833648,0.0,918.3187959303998,0.6235149057632725,14,6921.300460935408,optimal,optimal,-248.10104977916927,0.0,564.3122616909536,0.5762993327995513,14,8735.293532048676,optimal,optimal,3612.955489516967,1863.574390209932,1.5845418406669318,0.5132157683447175,1542.1965348701106,1200.0000000159275,8735.293532048676,2962.679150054433,1064.169838868508,4968.454650407162,31696.230363304167,14,19201.31362961325,0,1.0001286909755436e-07,optimal,optimal,optimal
2025-06-15,ANNUAL REFERENCE ONLY,0.85,0.5,1542.1965348701106,14,1542.1965348701106,optimal,optimal,52412.85396787435,0.0,0.0,14,10108.6604475,optimal,optimal,2807.585183152877,4024.688078971287,292.4497541322791,0.6146972657557176,14,6148.8723018967885,optimal,optimal,1024.1483584151056,1103.550232378819,119.23804579046121,0.5517131793820905,14,9336.91873601934,optimal,optimal,2463.380402701906,1248.5318642431457,0.0,0.5184838190839023,1487.840205399755,1370.4549105488272,10793.7604475,6295.113944269889,4.35109748764154e-07,1.5999772837512414e-06,58707.967913744214,0,37846.44279656432,0,1.0000415471722592e-07,optimal,optimal,optimal
2025-06-16,ANNUAL REFERENCE ONLY,0.85,0.5,1487.840205399755,14,1487.840205399755,optimal,optimal,54583.34434339773,0.0,0.0,14,9971.78544710683,optimal,optimal,2142.7121965568213,3012.2479640451947,153.04352443224352,0.6193389243829498,14,5710.645113848646,optimal,optimal,382.1806045671175,529.8493148117809,379.29931634379454,0.5741348667196463,14,9398.562077897499,optimal,optimal,2503.140259165395,1243.0515661445215,0.0,0.513763216558851,1624.5273792248959,1200.0,10782.426962499998,5028.033060289334,216.35909603611964,1056.4996038523636,60667.87700753942,5,38539.7345739038,0,1.0002258932217956e-07,optimal,optimal,optimal
2025-06-17,ANNUAL REFERENCE ONLY,0.85,0.5,1624.5273792248959,14,1624.5273792248959,optimal,optimal,55470.5286230956,0.0,0.0,14,10088.136221759258,optimal,optimal,2927.5724825336515,3857.369735846126,106.33768485023333,0.5949626481298967,14,6701.612425724264,optimal,optimal,238.3737483592623,381.3090623106159,352.56710144854253,0.5631299982467897,14,9398.334601576751,optimal,optimal,2424.779717653476,1204.0781989106924,0.0,0.5658927919111729,1687.6314100721042,1620.6578636917363,10782.426962499998,5590.725948546389,3.212095292636562e-07,1.2999788671265378e-06,61061.254572941965,0,37817.84359350208,0,1.0000343513638653e-07,optimal,optimal,optimal
2025-06-18,ANNUAL REFERENCE ONLY,0.85,0.5,1687.6314100721042,14,1687.6314100721042,optimal,optimal,55816.44827167425,0.0,0.0,14,10128.018166203703,optimal,optimal,2955.079342822405,3904.7833102520867,63.61638199896913,0.6020235205475214,14,7919.448219661304,optimal,optimal,-816.2121437481701,0.3050514107219442,2279.1244158895884,0.5498425464571668,14,9398.613395145145,optimal,optimal,2536.731221646386,1259.1695042263718,-1.9326762412674725e-12,0.5630220884129864,1763.3507366679119,1687.6314100721042,10800.0,4675.598420720621,2.9146475447274436e-07,8.999948133388443e-07,60492.04669329486,0,34523.417427871995,0,1.0000420058986493e-07,optimal,optimal,optimal
2025-06-19,ANNUAL REFERENCE ONLY,0.85,0.5,1763.3507366679119,14,1763.3507366679119,optimal,optimal,52875.05109676276,0.0,0.0,14,10014.486109577756,optimal,optimal,16.190411006616312,137.0943572236281,340.3370923709537,0.5577903607428186,14,7740.7633410690105,optimal,optimal,1770.140356298259,1777.1992150127332,53.81561276303535,0.5989886677092385,14,9398.613395145145,optimal,optimal,2578.2940136502575,1281.0185121982859,1.1368683772161603e-13,0.5464077990122872,1853.1801053728573,1763.3507366679119,10729.875979909195,4364.624780955133,2.9355160626312844e-07,9.000212629373776e-07,57239.67587861792,0,30285.536564819497,0,1.0001525652114651e-07,optimal,optimal,optimal
2025-06-20,ANNUAL REFERENCE ONLY,0.85,0.5,1853.1801053728573,14,1853.1801053728573,optimal,optimal,24663.743995737637,0.0,0.0,14,4245.16601090164,optimal,optimal,144.90135578252298,130.43000995269037,1.1368683772161603e-13,0.578479287725168,14,7028.625958908415,optimal,optimal,-10.341517471021547,57.42796771810734,87.47566890729718,0.5815499330392405,14,9175.69014521105,optimal,optimal,2700.182624040567,1406.9101034873174,3.410605131648481e-13,0.5757366746932912,1852.6591592350783,1852.6591592350783,9175.69014521105,2834.7424623520687,2.9302809223571364e-07,9.99997610038372e-07,27498.4864590897,0,18025.27523484126,0,1.0000529982789886e-07,optimal,optimal,optimal
2025-06-21,ANNUAL REFERENCE ONLY,0.85,0.5,1852.6591592350783,14,1852.6591592350783,optimal,optimal,24050.884511157805,0.0,0.0,14,3719.041485973211,optimal,optimal,440.29604973275775,352.4370654637504,0.0,0.5927749342757916,14,7122.680389272783,optimal,optimal,-224.9230536107978,0.0,466.67333800327157,0.5738372418743976,14,9445.5980951116,optimal,optimal,2367.468850044166,1205.9190905800115,0.0,0.559413731876346,1963.7069488354443,1852.6591592350783,9445.5980951116,2582.8418461661263,4.5708968576655444e-07,1.3999913020488748e-06,26633.726358723925,0,19209.116439268415,0,1.0000423708333984e-07,optimal,optimal,optimal
2025-06-22,ANNUAL REFERENCE ONLY,0.85,0.5,1963.7069488354443,14,1963.7069488354443,optimal,optimal,47896.186701058854,0.0,0.0,14,10063.04974835922,optimal,optimal,1103.5209906483717,910.2646502417938,56.98746290168109,0.5728972797433772,14,6081.306098965656,optimal,optimal,1490.451367781213,1581.5530110908712,35.59991407396592,0.570835193695159,14,9715.238147094198,optimal,optimal,1954.9636178133544,999.4149624558505,81.872867472715,0.555524516666299,1731.3409385393568,1719.8977039750016,10716.250291530167,4548.935976242939,3.6128964569447115e-07,9.999927086093976e-07,52445.122678301785,0,34500.88872330167,0,1.0000229480056077e-07,optimal,optimal,optimal
2025-06-23,ANNUAL REFERENCE ONLY,0.85,0.5,1731.3409385393568,14,1731.3409385393568,optimal,optimal,49082.87502144109,0.0,0.0,14,10108.193055555555,optimal,optimal,1590.508951353331,1271.9211205074037,39.45437807459557,0.5478457584488032,14,7454.605415887501,optimal,optimal,-180.60018413681325,0.0,457.45513410523756,0.5619297357762374,14,9702.10582684443,optimal,optimal,1887.9977832016514,986.8407623377825,0.0,0.5720722180019336,1785.9789667740488,1731.3409385393568,10800.0,3297.906550418169,3.439206148281988e-07,1.0000103234252038e-06,52380.78157285927,0,33478.67165507048,0,1.0000315205616061e-07,optimal,optimal,optimal
2025-06-24,ANNUAL REFERENCE ONLY,0.85,0.5,1785.9789667740488,14,1785.9789667740488,optimal,optimal,56252.14640174367,0.0,0.0,14,9784.163720502645,optimal,optimal,2.253113540842053,439.1441400400638,1429.5523814458306,0.5532714297404863,14,7055.105896859234,optimal,optimal,-308.1060214836552,0.0,893.251162542386,0.571298303327644,14,10042.245949005135,optimal,optimal,1197.6464108367977,610.7844498131942,-1.1368683772161603e-13,0.5349504933453456,1565.3048649635396,1565.3048649635396,10527.536081613758,891.7935028939846,4.677096127890276e-08,9.999297253525578e-08,57143.93990473764,0,38718.070825639144,0,1.0001531336456537e-07,optimal,optimal,optimal
2025-06-25,ANNUAL REFERENCE ONLY,0.85,0.5,1565.3048649635396,14,1565.3048649635396,optimal,optimal,49243.71550644505,0.0,0.0,14,10098.926867191352,optimal,optimal,2151.475213626981,2217.5556691233605,1389.3793255077949,0.5550212135591391,14,8951.3151445699,optimal,optimal,337.40843547890773,610.1185701569041,1361.5994746889405,0.571904353746946,14,10027.949556025984,optimal,optimal,1257.8226923776156,661.1505080265999,71.09991554759586,0.4999812136413801,1640.1241876648169,1565.3048649635396,10770.143070895056,3746.7063414835043,9.397509005840307e-08,1.9999877831978665e-07,52990.42184812856,0,34314.36417125024,0,1.0000099996432255e-07,optimal,optimal,optimal
2025-06-26,ANNUAL REFERENCE ONLY,0.85,0.5,1640.1241876648169,14,1640.1241876648169,optimal,optimal,47457.85192946614,0.0,0.0,14,10096.770582716044,optimal,optimal,1825.1348660358556,1984.787782752075,62.948386069325124,0.6154476994763852,14,7769.601114860745,optimal,optimal,71.1633281269234,194.79159031022147,235.63473197663154,0.5203880635663166,14,9867.506315747938,optimal,optimal,1330.2973074462782,689.8394549812849,81.81755840829408,0.5057891811807994,1689.3718635977796,1640.1241876648169,10790.595582716045,3226.5955016090575,1.4068091467760033e-07,2.99999594624478e-07,50684.4474313752,0,31321.59967454836,0,1.0002986527979374e-07,optimal,optimal,optimal
2025-06-27,ANNUAL REFERENCE ONLY,0.85,0.5,1689.3718635977796,14,1689.3718635977796,optimal,optimal,22135.47471820759,0.0,0.0,14,3996.9264196604945,optimal,optimal,53.714249391344595,58.198726504439236,80.53420780797791,0.6066326695946632,14,8370.845884567269,optimal,optimal,-382.2949719756114,40.6406246117892,947.997147193199,0.5512498505646977,14,9892.805260039373,optimal,optimal,1424.9351344734619,804.9440292762541,0.0,0.4697623913490641,1919.2988869337498,1689.3718635977796,9892.805260039373,1096.354411889195,2.1701124905266582e-07,5.999983015252837e-07,23231.829130696784,0,20535.985056939964,0,1.0000803740695119e-07,optimal,optimal,optimal
2025-06-28,ANNUAL REFERENCE ONLY,0.85,0.5,1919.2988869337498,14,1919.2988869337498,optimal,optimal,20706.321051403636,0.0,0.0,14,3183.104475308647,optimal,optimal,30.77640446699585,28.33940960543198,0.0,0.6263606816706172,14,9416.665956186533,optimal,optimal,461.8554396033061,374.60484122154753,0.0,0.5493182795582746,14,10186.916358764283,optimal,optimal,967.1940544867657,513.7149061446164,0.0,0.4702148716167222,1735.4713401742008,1735.4713401742008,10186.916358764283,1459.8258985570676,1.6778436239207806e-07,7.000224760133278e-07,22166.146950660728,0,21516.6815713255,0,1.0000395650422434e-07,optimal,optimal,optimal
2025-06-29,ANNUAL REFERENCE ONLY,0.85,0.5,1735.4713401742008,14,1735.4713401742008,optimal,optimal,44304.70387507255,0.0,0.0,14,9456.545434135804,optimal,optimal,1010.2241233841843,1036.510858339383,980.1983581456532,0.6246779494178623,14,6671.516653497231,optimal,optimal,1296.4601424249481,1510.1787092330042,0.0,0.5793197463728676,14,10718.81292450529,optimal,optimal,27.58909352388147,32.570296983786875,54.85642910432676,0.4645075981095681,1282.0522248493694,1277.8194799302337,10775.236192525012,2334.2733593330136,653.2402186509765,2479.718158801865,49118.695393207425,10,35536.505367104066,0,1.0001531336456537e-07,optimal,optimal,optimal
2025-06-30,ANNUAL REFERENCE ONLY,0.85,0.5,1282.0522248493694,14,1282.0522248493694,optimal,optimal,50371.23625053515,0.0,0.0,14,10039.720411111106,optimal,optimal,-683.1087569269155,271.87309033477106,3031.1639985686347,0.6433867460932854,14,6079.992080361415,optimal,optimal,-281.21708869691867,41.9174190189849,883.3428996107504,0.6233322134458623,14,10666.9567018719,optimal,optimal,39.28034524803219,262.3512780608231,190.3880733816145,0.456541570106709,1200.0000000519697,1200.0000000519697,10800.0,-925.0455003758019,235.61074193195955,733.5572688540665,50179.74801901341,4,37363.28977078797,0,1.0001531336456537e-07,optimal,optimal,optimal
2025-07-01,ANNUAL REFERENCE ONLY,0.85,0.5,1200.0000000519697,14,1200.0000000519697,optimal,optimal,43808.93281280634,0.0,0.0,14,7812.491165708045,optimal,optimal,1875.0880798397332,1889.4855773782783,35.38308724951867,0.6223888745227221,14,3147.9807011732187,optimal,optimal,1175.6643671292181,1296.8153048658055,77.88289609555989,0.6339064583071483,14,10261.3271074311,optimal,optimal,474.88359704359675,336.02572507593015,0.0,0.4503187111115669,1200.000000050103,1199.9999999999998,10284.624630222186,3525.636044012548,9833.588086982381,38910.10120260846,86244.67005942736,71,38480.09142818267,0,1.0000258043874055e-07,optimal,optimal,optimal
2025-07-02,ANNUAL REFERENCE ONLY,0.85,0.5,1200.000000050103,14,1200.000000050103,optimal,optimal,49313.15218301338,0.0,0.0,14,8559.891693449386,optimal,optimal,219.88281054283937,335.7371636624687,95.39447875156543,0.6318581878861456,14,3946.46061640167,optimal,optimal,2014.9917320808593,2105.8710316965553,111.32003572359577,0.6565159889571802,14,9531.395915956706,optimal,optimal,2167.642323789615,1075.9608590190196,0.0,0.4807376963185259,1287.9253200368992,1200.000000015928,9539.272441133784,4402.516866413314,569.8928261241723,3218.1527376955733,56933.821787122266,17,34893.54775775326,0,1.0000803740695119e-07,optimal,optimal,optimal
2025-07-03,ANNUAL REFERENCE ONLY,0.85,0.5,1287.9253200368992,14,1287.9253200368992,optimal,optimal,54929.13990522473,0.0,0.0,14,8455.041909447857,optimal,optimal,2684.6290176016246,2499.5625277253166,1095.2624140745847,0.6293130427185609,14,8125.836138220463,optimal,optimal,-655.4663129998161,55.73444568638092,2383.434842810325,0.6484613479486222,14,9005.233160651767,optimal,optimal,3213.753506835051,1604.821754136311,-4.547473508864641e-13,0.48495836823884836,1240.5236325365522,1200.0000000225125,9813.272316043396,5242.916211436859,1391.4456780306034,3620.9217074348066,63792.97782409639,19,35010.07648658176,0,1.0000343513638653e-07,optimal,optimal,optimal
2025-07-04,ANNUAL REFERENCE ONLY,0.85,0.5,1240.5236325365522,14,1240.5236325365522,optimal,optimal,23518.804479066126,0.0,0.0,14,2491.4866430413704,optimal,optimal,814.1281694009006,631.2962111288762,0.0,0.6117813098637833,14,8776.374886366,optimal,optimal,-53.94350874095547,5.124453896055684,158.17467100901123,0.6291220723833791,14,8709.113698007117,optimal,optimal,3645.77238174312,1873.7620178209536,71.92872328208409,0.4768004473645112,1200.0000000519697,1200.0000000159275,8805.362932175543,4405.957042403065,803.8663179891054,4238.855488871424,32163.617010340615,13,20984.93413186046,0,1.0001167538575828e-07,optimal,optimal,optimal
2025-07-05,ANNUAL REFERENCE ONLY,0.85,0.5,1200.0000000519697,14,1200.0000000519697,optimal,optimal,24808.558065047728,0.0,0.0,14,3318.4982989994696,optimal,optimal,-310.0070438627089,0.0,699.6716751020437,0.5799769342284965,14,7363.02187011028,optimal,optimal,415.01793221707635,317.5967465536054,0.0,0.62099626206334,14,8390.708175173122,optimal,optimal,4316.401787953044,2173.307814125789,0.0,0.47722337628354167,1235.7025198733434,1200.0000000159275,8390.708175173122,4421.412676307411,1800.3233320149936,8810.06097591252,38040.03171726766,15,20830.93185969061,0,1.000043994281441e-07,optimal,optimal,optimal
2025-07-06,ANNUAL REFERENCE ONLY,0.85,0.5,1235.7025198733434,14,1235.7025198733434,optimal,optimal,52527.208047162654,0.0,0.0,14,8882.40355507595,optimal,optimal,3524.3613988471316,4170.836446482709,79.76386153957698,0.602757847203642,14,4409.573573606406,optimal,optimal,2515.3475364821124,2290.908560515247,29.932082343774823,0.6149385538492571,14,9127.844571059204,optimal,optimal,3024.749633442395,1506.3138385787367,-2.2737367544323206e-13,0.4995744855278361,1284.3578871483583,1200.0,9689.24293775307,9064.458568771639,1162.4367178716634,6574.720248969472,68166.38686490376,14,37161.087107827894,0,1.0000110250985017e-07,optimal,optimal,optimal
2025-07-07,ANNUAL REFERENCE ONLY,0.85,0.5,1284.3578871483583,14,1284.3578871483583,optimal,optimal,53949.62472161309,0.0,0.0,14,9137.183146395126,optimal,optimal,-1904.375037337188,0.0,5556.13139186859,0.5892678260807079,14,5169.267625496953,optimal,optimal,3405.4848045542453,3289.6067681342374,68.80331608652716,0.5702832642182791,14,8998.306657390824,optimal,optimal,3065.092292487519,1575.193912263796,0.0,0.4902076745875216,1356.7250478266335,1200.0000000159275,9849.380877837672,4566.202059704577,408.5682291515862,2781.211180663731,61297.0379619814,3,33553.46948808593,0,1.000049660433433e-07,optimal,optimal,optimal
2025-07-08,ANNUAL REFERENCE ONLY,0.85,0.5,1356.7250478266335,14,1356.7250478266335,optimal,optimal,62542.99499308973,0.0,0.0,14,9751.926648527497,optimal,optimal,-2220.801301993227,136.87212896227936,6708.198930654229,0.6014441198810454,14,7432.93202222841,optimal,optimal,408.6620734956442,359.4716929732614,154.1858198927067,0.5318654791787983,14,8998.30665739082,optimal,optimal,3174.4289372959124,1595.3415489137765,0.0,0.4955390161746349,1866.6039225536115,1255.2364220329525,10506.739148527497,1362.2897087983297,3.9908830953587663e-07,1.4000067530048e-06,63905.28470328806,0,32891.86886045184,0,1.0000803740695119e-07,optimal,optimal,optimal
2025-07-09,ANNUAL REFERENCE ONLY,0.85,0.5,1866.6039225536115,14,1866.6039225536115,optimal,optimal,61723.637547327824,0.0,0.0,14,9638.997428148148,optimal,optimal,-1850.830960958673,50.45655073007481,5192.674379268476,0.604398050773774,14,8547.896222297737,optimal,optimal,-264.10880503528534,193.96193006895476,1827.5465556531722,0.520608619646706,14,8998.30665739082,optimal,optimal,3170.401584578608,1599.4961904383656,0.0,0.5072446008422778,1793.8737900773726,1393.347255211442,10361.87428,1055.4618185846498,2.685000437897605,18.10092899998182,62797.20029491245,1,30436.059206325346,0,1.000009651761502e-07,optimal,optimal,optimal
2025-07-10,ANNUAL REFERENCE ONLY,0.85,0.5,1793.8737900773726,14,1793.8737900773726,optimal,optimal,57482.63486543809,0.0,0.0,14,10009.159191759256,optimal,optimal,-497.37045143512734,576.3763210412583,3950.041713705528,0.5934121845975558,14,5242.554772353317,optimal,optimal,1954.1846357847312,1997.660460270992,17.76085452619941,0.5607540624811105,14,8998.306657390822,optimal,optimal,3152.5911163516503,1589.7525080214796,0.0,0.5070689334858468,1741.8113949072151,1202.137709572747,10741.649932499997,4609.405300701254,5.221838441791047e-07,1.8000032496828682e-06,62092.040167939354,0,32948.593224140626,0,1.0002258932217956e-07,optimal,optimal,optimal
2025-07-11,ANNUAL REFERENCE ONLY,0.85,0.5,1741.8113949072151,14,1741.8113949072151,optimal,optimal,30281.138112892513,0.0,0.0,14,5791.165779317478,optimal,optimal,-273.5546243258256,1.8413593599923261,786.2664858243053,0.5926042405347488,14,6301.709387519272,optimal,optimal,-327.25974187177417,0.0,744.3983426089458,0.5693215717201286,14,8396.431887861787,optimal,optimal,4218.633486253851,2162.6781998597207,0.0,0.508539228862091,1694.128396110261,1409.5546027948951,8396.431887861787,3617.8191200562505,559.9940386911237,2630.0870093600497,36529.04424230881,11,20089.562366407925,0,1.000043994281441e-07,optimal,optimal,optimal
2025-07-12,ANNUAL REFERENCE ONLY,0.85,0.5,1694.128396110261,14,1694.128396110261,optimal,optimal,28664.55084342059,0.0,0.0,14,5378.132945563623,optimal,optimal,717.0191596674551,567.9379744556576,14.487504077094272,0.606576767075662,14,6365.399384377298,optimal,optimal,368.43598823307474,313.09696926399465,0.0,0.5806300519809174,14,8502.879733650103,optimal,optimal,4084.6986988597514,2065.42459771342,0.0,0.5085334659069823,1671.9430409437782,1200.0000000159275,8502.879733650103,5170.153846760281,569.9819309047125,2925.3290673549486,36760.03375753582,10,19599.571737028415,0,1.0000667849396905e-07,optimal,optimal,optimal
2025-07-13,ANNUAL REFERENCE ONLY,0.85,0.5,1671.9430409437782,14,1671.9430409437782,optimal,optimal,61886.470456423005,0.0,0.0,14,10064.354166666664,optimal,optimal,-3000.278631076858,0.0,7981.279939533048,0.6267020258670438,14,6791.558545100267,optimal,optimal,-576.4417770313822,0.0,1374.7677553181097,0.5668323577579993,14,8998.306657390822,optimal,optimal,3133.162493867188,1617.482339840969,0.0,0.4905380460918264,1606.0417389026013,1200.0000000159278,10799.999999999998,-443.557914241052,91.23744957157894,632.7871274017699,62075.69966958372,2,31170.075534131676,0,1.0002258932217956e-07,optimal,optimal,optimal
2025-07-14,ANNUAL REFERENCE ONLY,0.85,0.5,1606.0417389026013,14,1606.0417389026013,optimal,optimal,57580.47181447156,0.0,0.0,14,10029.172685185185,optimal,optimal,-1733.4581974232647,147.37056712899437,5647.614968910666,0.6450013501404055,14,7411.886947248908,optimal,optimal,629.3597625253528,590.7250914999538,99.84643713846935,0.5834369520900139,14,8926.608898149609,optimal,optimal,3306.220087807919,1674.7341366543872,0.0,0.48453850799441545,1558.562325974864,1200.000000015928,10800.0,2202.121652910007,230.90084497994957,1566.3491560331063,61348.942623414674,2,30315.0133770533,0,1.0000803740695119e-07,optimal,optimal,optimal
2025-07-15,ANNUAL REFERENCE ONLY,0.85,0.5,1558.562325974864,14,1558.562325974864,optimal,optimal,65591.53647634744,0.0,0.0,14,10036.193055555555,optimal,optimal,-2424.739218828385,224.73190473905356,7735.866472475945,0.6506489292797772,14,8433.351803348925,optimal,optimal,-367.0148445840031,3.8837373420459316,1183.1219633882245,0.6088113474966974,14,8998.306657390825,optimal,optimal,3145.5811085648807,1600.166993863038,0.0,0.5101322637149865,1504.5147768541565,1504.5147768541565,10800.0,353.82704515249225,2.1415196185426625e-07,7.999781333168472e-07,65945.3635222999,0,30134.84762791841,0,1.0000343513638653e-07,optimal,optimal,optimal
2025-07-16,ANNUAL REFERENCE ONLY,0.85,0.5,1504.5147768541565,14,1504.5147768541565,optimal,optimal,63998.083192645136,0.0,0.0,14,9935.46574074074,optimal,optimal,-2357.832213915449,0.0,6188.876544584544,0.6311860433981887,14,7917.01140330507,optimal,optimal,793.0428728706023,882.2025450434747,43.06649526584032,0.5807522912369402,14,8998.306657490819,optimal,optimal,3013.12267661804,1565.821881291482,0.0,0.5069650481154939,1582.5881070792184,1504.5147768541565,10799.999999999998,1448.3333355731934,1.3931934922043794e-07,5.999846822400286e-07,65446.416528818314,0,29022.57196605341,0,1.0000420058986493e-07,optimal,optimal,optimal
2025-07-17,ANNUAL REFERENCE ONLY,0.85,0.5,1582.5881070792184,14,1582.5881070792184,optimal,optimal,62452.04552069759,0.0,0.0,14,10019.576851851849,optimal,optimal,-368.7449415987073,488.24234420690965,2729.331695649652,0.6472194924808269,14,8173.369418637551,optimal,optimal,298.41572514617945,287.27696057235465,297.8196745725933,0.5804425848915047,14,8998.30665739082,optimal,optimal,3158.4872702559287,1594.640316560674,0.0,0.4855623145837197,1700.8766483249033,1582.5881070792184,10799.999999999996,3088.158053803401,1.3025253751159158e-07,4.999767307987895e-07,65540.20357500097,0,29846.119567809073,0,1.0002258932217956e-07,optimal,optimal,optimal
2025-07-18,ANNUAL REFERENCE ONLY,0.85,0.5,1700.8766483249033,14,1700.8766483249033,optimal,optimal,36636.38582801153,0.0,0.0,14,8993.966633417893,optimal,optimal,-925.9402885587195,33.92761390636588,2955.9053198768456,0.6665750117721818,14,7596.342540914459,optimal,optimal,-522.0608753269776,2.3098968380818405,1344.3638536995825,0.5893982797533883,14,8998.306657390822,optimal,optimal,3181.370967345068,1638.9672849706358,0.0,0.48855617495764103,1802.5416490036027,1700.8766483249033,9792.989725971556,1733.3698034593708,1.7693426931653466e-07,5.999984134566147e-07,38369.7556320709,0,18886.489387567333,0,1.0000343513638653e-07,optimal,optimal,optimal
2025-07-19,ANNUAL REFERENCE ONLY,0.85,0.5,1802.5416490036027,14,1802.5416490036027,optimal,optimal,35876.85233530282,0.0,0.0,14,7137.875280848607,optimal,optimal,-1359.3597453373957,41.47357646686385,4003.6527698872574,0.6808718762423347,14,6134.917198691423,optimal,optimal,52.89208368598261,86.7800974452183,174.32446897589546,0.5993598314486152,14,8916.930537120192,optimal,optimal,3308.4833145674447,1643.0389217690129,0.0,0.5057960428083532,1949.3068375626804,1802.5416490036027,8916.930537120192,2002.0156529160317,1.3625920212900973e-07,4.999937747427792e-07,37878.86798871885,0,17618.10097593131,0,1.0000420058986493e-07,optimal,optimal,optimal
2025-07-20,ANNUAL REFERENCE ONLY,0.85,0.5,1949.3068375626804,14,1949.3068375626804,optimal,optimal,65078.8051949401,0.0,0.0,14,10059.50925925926,optimal,optimal,-1797.991071174722,19.260238721726296,5332.125795696702,0.6443010835617982,14,10108.397897016743,optimal,optimal,-1299.2344448295053,47.42570818239816,5023.783112323908,0.6141895715509814,14,9304.803901764473,optimal,optimal,2713.8730914586185,1348.4286922492884,0.0,0.5064420781720695,2014.746197325796,1949.3068375626804,10800.0,-383.35242454560876,2.519886279462161e-07,8.000133745374115e-07,64695.452771194505,0,28472.163345598085,0,1.0001525652114651e-07,optimal,optimal,optimal
2025-07-21,ANNUAL REFERENCE ONLY,0.85,0.5,2014.746197325796,14,2014.746197325796,optimal,optimal,62103.87501354885,0.0,0.0,14,9932.35059722222,optimal,optimal,-1123.3439049624003,188.7252044844115,4236.281848235925,0.6194333230147602,14,8948.032506049472,optimal,optimal,-463.02744498032644,27.478100265333296,1829.6927559977737,0.629078853246667,14,8799.355487229226,optimal,optimal,3369.3131062559105,1739.5899119985456,0.0,0.5134354369374285,2026.1976058693274,2001.5048837630338,10705.090874999996,1782.9417563131838,2.0766542786268057e-07,8.000126191385789e-07,63886.81677066205,0,28044.318401740922,0,1.0000413749366999e-07,optimal,optimal,optimal
2025-07-22,ANNUAL REFERENCE ONLY,0.85,0.5,2026.1976058693274,14,2026.1976058693274,optimal,optimal,58287.39129984106,0.0,0.0,14,9880.413398382465,optimal,optimal,1529.7027795401223,1418.1178734713403,576.1775478176871,0.5993431724678634,14,8880.249667887982,optimal,optimal,-1541.3704841243316,0.0,4839.697714870129,0.6384158458164514,14,9733.146797306383,optimal,optimal,1780.6041104696153,986.8358762513398,0.0,0.5052835955299944,1641.3734245416942,1641.3734245416942,10679.455528012095,1768.936405885406,3.268194705670458e-07,8.000155906031978e-07,60056.32770652648,0,31627.736788137496,0,1.0001531336456537e-07,optimal,optimal,optimal
2025-07-23,ANNUAL REFERENCE ONLY,0.85,0.5,1641.3734245416942,14,1641.3734245416942,optimal,optimal,65647.44818884564,0.0,0.0,14,9667.720218706692,optimal,optimal,-3591.413452899623,6.989054363012315,10325.537226785058,0.5532181002391109,14,7755.039136939491,optimal,optimal,-1054.377236849309,0.0,3513.9321738971516,0.6827085152670207,14,9678.644151194629,optimal,optimal,1812.7108568878136,1004.4697660054486,0.0,0.5064264684426584,1633.7858592061805,1633.7858592061805,10422.652163151137,-2833.079832861118,2.3313622541556066e-07,6.000044952727875e-07,62814.36835658452,0,33665.54595646591,0,1.00000761449337e-07,optimal,optimal,optimal
2025-07-24,ANNUAL REFERENCE ONLY,0.85,0.5,1633.7858592061805,14,1633.7858592061805,optimal,optimal,64912.158132272365,0.0,0.0,14,9965.501851851852,optimal,optimal,-3030.6787212976783,0.0,8723.235466970487,0.5681151815794115,14,8473.332313943898,optimal,optimal,-1259.9845702005991,0.0,3942.563439456746,0.6722880502106728,14,9699.724258637023,optimal,optimal,1854.0771645998345,1023.5483138417558,0.0,0.5175804121251129,1733.6725219966636,1633.7858592061805,10800.0,-2436.5861268984427,3.4804589236469493e-07,8.000203213583517e-07,62475.57200617394,0,32899.88306994468,0,1.00000761449337e-07,optimal,optimal,optimal
2025-07-25,ANNUAL REFERENCE ONLY,0.85,0.5,1733.6725219966636,14,1733.6725219966636,optimal,optimal,28389.209020646813,0.0,0.0,14,4595.708406006392,optimal,optimal,34.708947072976265,110.69913895331057,344.39130417778154,0.5879387658426031,14,7905.392661355672,optimal,optimal,-295.4993597550572,9.514838143947578,682.6572239625386,0.6771507577489974,14,9592.488133807046,optimal,optimal,1996.8381295811407,1096.3780165102003,0.0,0.520445022069929,1821.8207555037222,1733.6725219966636,9592.488133807046,1736.0477168990599,1.9689803274939996e-07,9.000028440415918e-07,30125.256738445874,0,20109.8218076929,0,1.0000529982789886e-07,optimal,optimal,optimal
2025-07-26,ANNUAL REFERENCE ONLY,0.85,0.5,1821.8207555037222,14,1821.8207555037222,optimal,optimal,29393.303703054982,0.0,0.0,14,6073.234225584088,optimal,optimal,102.33908292805347,250.35247710057388,1174.3173221125348,0.5524001479890683,14,7909.235285002927,optimal,optimal,-168.10015219074637,29.58117415790704,424.6278089055936,0.6929331862144068,14,9602.811554576012,optimal,optimal,2103.132969931003,1106.6837975561982,0.0,0.4997036655370702,1885.1366269305754,1821.8207555037222,9602.811554576012,2037.3719006683102,3.5675269441275343e-07,9.999911414662166e-07,31430.67560472328,0,20710.460295513996,0,1.0000803740695119e-07,optimal,optimal,optimal
2025-07-27,ANNUAL REFERENCE ONLY,0.85,0.5,1885.1366269305754,14,1885.1366269305754,optimal,optimal,53889.01552595614,0.0,0.0,14,9981.995018796297,optimal,optimal,805.2102319937178,687.2901415969765,0.0,0.5572692996239261,14,7150.12311921376,optimal,optimal,873.2448657939086,963.1701945818893,0.0,0.7022875778576999,14,9842.066939076081,optimal,optimal,1689.5760030849262,877.5417516615497,0.0,0.5079411092011257,2006.3270162547008,1885.1366269305754,10774.5612225,3368.031100872553,9.441463202823835e-08,2.000004473326044e-07,57257.0466270287,0,33293.7214352742,0,1.0000803740695119e-07,optimal,optimal,optimal
2025-07-28,ANNUAL REFERENCE ONLY,0.85,0.5,2006.3270162547008,14,2006.3270162547008,optimal,optimal,56107.20559254011,0.0,0.0,14,10048.331481481482,optimal,optimal,2119.79929134318,2196.480846493747,110.95496095157432,0.5669349841822207,14,6171.702436994459,optimal,optimal,-50.884478726665144,1.3451347058435204e-07,84.58840449417477,0.6987673547957276,14,9992.50010179982,optimal,optimal,1452.9495686348375,721.4674940051261,0.0,0.5089455842339056,1985.5722090049449,1590.7650976354996,10800.0,3521.864381251352,9.416599891414117e-08,1.999998928818968e-07,59629.06997399146,0,36724.19620619109,0,1.0000803740695119e-07,optimal,optimal,optimal
2025-07-29,ANNUAL REFERENCE ONLY,0.85,0.5,1985.5722090049449,14,1985.5722090049449,optimal,optimal,50052.658464326625,0.0,0.0,14,9790.622399429036,optimal,optimal,2760.1498269290955,3248.600541654032,324.18596547633706,0.5914602178437613,14,6609.310022492471,optimal,optimal,33.003004764569674,33.471864553380215,55.214081076628645,0.6868136429178141,14,10800.0,optimal,optimal,-35.886067345120715,0.0,55.085531020020795,0.510491972858503,1208.8493012926724,1208.8493012926724,10800.0,2757.2667643485443,20.76351728104565,131.50057614979343,52941.42580482497,3,37159.347677648795,0,1.0003714123740792e-07,optimal,optimal,optimal
2025-07-30,ANNUAL REFERENCE ONLY,0.85,0.5,1208.8493012926724,14,1208.8493012926724,optimal,optimal,47061.11491885453,0.0,0.0,14,9842.34983502994,optimal,optimal,4527.681601527706,5262.2796019723055,33.20188674819576,0.654204473306902,14,5949.571460735204,optimal,optimal,1014.3142406793913,1304.5510114568547,45.16919251215768,0.652497963327409,14,10767.521444444445,optimal,optimal,7.112828410873705,12.823209711966797,50.56246784724712,0.5000731589747589,1231.2965116678727,1208.8493012926724,10800.0,5549.108670617971,9.360012563246065e-08,2e-07,52610.2235896725,0,37796.91274107031,0,1.0001531336456537e-07,optimal,optimal,optimal
2025-07-31,ANNUAL REFERENCE ONLY,0.85,0.5,1231.2965116678727,14,1231.2965116678727,optimal,optimal,51612.99962894518,0.0,0.0,14,9743.74491503086,optimal,optimal,-655.469738665525,285.73742957499854,3223.198590891872,0.6613648342625045,14,7014.720941105721,optimal,optimal,299.95013529162605,363.1549433449852,49.183074483982864,0.6200909042655893,14,10767.274101233039,optimal,optimal,39.65168409511822,30.521979890210446,35.127560086453215,0.5071376805535281,1200.0000000519697,1200.0000000000005,10800.0,-315.86791927878073,920.4201847494486,3921.7160215688737,55218.84773123527,18,39944.951312542355,0,1.0001531336456537e-07,optimal,optimal,optimal
2025-08-01,ANNUAL REFERENCE ONLY,0.85,0.5,1200.0000000519697,14,1200.0000000519697,optimal,optimal,24782.96818152158,0.0,0.0,14,2246.514187515738,optimal,optimal,-318.4751415701729,196.73832221477443,1329.5009498131694,0.6423474842960483,14,10311.178871497523,optimal,optimal,-332.3449662680146,0.0,747.4672894530484,0.615474445307042,14,10585.778150582417,optimal,optimal,101.0541402094415,142.6060272259351,0.0,0.5045150786150058,1233.8197195628113,1200.0000000519697,10796.960285962175,-549.7659676287461,329.88921518832905,792.6367404083584,25025.83895430119,7,23734.876847147447,0,1.0000030670198612e-07,optimal,optimal,optimal
2025-08-02,ANNUAL REFERENCE ONLY,0.85,0.5,1233.8197195628113,14,1233.8197195628113,optimal,optimal,26147.351147666268,0.0,0.0,14,3319.8870579629624,optimal,optimal,-768.23215131521,0.0,1924.9684389730821,0.6637971135427935,14,10163.529619071724,optimal,optimal,-210.42868035121205,0.0,515.3178825604463,0.5888508494191401,14,10761.904345367617,optimal,optimal,-11.195508410834762,155.21461974582138,171.4586014575424,0.5079195232936229,1211.3151369298039,1211.3151369298039,10800.0,-989.8563400772568,9.416609975608578e-08,2.000001082298695e-07,25157.49480778901,0,23511.05506541134,0,1.0000098882301245e-07,optimal,optimal,optimal
2025-08-03,ANNUAL REFERENCE ONLY,0.85,0.5,1211.3151369298039,14,1211.3151369298039,optimal,optimal,45346.82644677522,0.0,0.0,14,9115.367020277787,optimal,optimal,352.4665098378457,582.4477578209853,1513.0138065867777,0.6943276497015121,14,7421.9645202777865,optimal,optimal,-579.552959773101,0.0,1456.2656100547097,0.5710653724186749,14,10692.773520813727,optimal,optimal,28.799340111646565,73.34271481514763,28.427758901154675,0.49877163418668213,1218.3976932605046,1199.9999999999998,10765.797767621487,-198.2871098236087,663.7590046549223,2856.447988010068,48004.98732496169,18,35305.648315043625,0,1.0000013617172954e-07,optimal,optimal,optimal
2025-08-04,ANNUAL REFERENCE ONLY,0.85,0.5,1218.3976932605046,14,1218.3976932605046,optimal,optimal,49079.84322624478,0.0,0.0,14,9883.699775907418,optimal,optimal,-749.8656906795813,0.0,2776.823303370863,0.6781838080750646,14,7604.113729883029,optimal,optimal,-1035.1582332660628,0.0,3119.5089797583846,0.5356602184347384,14,10217.821582023074,optimal,optimal,802.0436469599726,499.37034101646566,0.0,0.4980777765779526,1262.8584868365203,1218.3976932605046,10799.999999999998,-982.9802769856715,49.44041652533127,218.1306820755154,48314.993631334626,2,33578.83192772894,0,1.0001531336456537e-07,optimal,optimal,optimal
2025-08-05,ANNUAL REFERENCE ONLY,0.85,0.5,1262.8584868365203,14,1262.8584868365203,optimal,optimal,48173.397243447354,0.0,0.0,14,9933.66062046845,optimal,optimal,-583.911114524003,0.0,2369.658730544287,0.6514070044717825,14,6626.184740792075,optimal,optimal,-594.6529544797168,6.662596888535177,1838.276631124049,0.5443884935415514,14,10525.053174297604,optimal,optimal,330.87254535227044,250.26133027768606,0.0,0.48534017238128213,1329.1264859172425,1262.8584868365203,10772.67325627092,-847.6915236514494,1.884451889911224e-07,4.0000025097033356e-07,47325.70572019591,0,34328.75733206046,0,1.0000030670198612e-07,optimal,optimal,optimal
2025-08-06,ANNUAL REFERENCE ONLY,0.85,0.5,1329.1264859172425,14,1329.1264859172425,optimal,optimal,53825.02256295549,0.0,0.0,14,9842.136726665298,optimal,optimal,-2265.400723305059,0.0,6784.112261331456,0.6525128315425098,14,7745.021040439844,optimal,optimal,-459.66521263944094,143.5303346351931,1657.2587491721133,0.5641193725018402,14,10417.745590255892,optimal,optimal,117.31787453827847,227.34413599939552,50.000739476815966,0.4982502357568159,1303.364767880259,1303.364767880259,10800.0,-2607.7480614062215,2.365374553131503e-07,5.000001331907697e-07,51217.274502049266,0,35253.74488740877,0,1.0000030670198612e-07,optimal,optimal,optimal
2025-08-07,ANNUAL REFERENCE ONLY,0.85,0.5,1303.364767880259,14,1303.364767880259,optimal,optimal,52982.5407324659,0.0,0.0,14,9906.359890123456,optimal,optimal,-2115.7208627093064,431.17745767505176,9909.295541030386,0.6429302233506177,14,7589.12711709882,optimal,optimal,-607.1406059017835,320.83639454869547,3221.1370319863586,0.5904319249953356,14,10438.413034856987,optimal,optimal,132.91768324786892,87.49669668260063,0.0,0.49365180016289073,1352.3365955262884,1303.364767880259,10710.781911442687,-2589.943785363221,8.555416902629434,57.804673208336006,50450.40162031102,1,34782.58964966592,0,1.0002258932217956e-07,optimal,optimal,optimal
2025-08-08,ANNUAL REFERENCE ONLY,0.85,0.5,1352.3365955262884,14,1352.3365955262884,optimal,optimal,24060.066328176796,0.0,0.0,14,3780.6090831219135,optimal,optimal,-95.80422814044326,13.980826043954664,262.7984512605529,0.6613503777986639,14,10285.351126959113,optimal,optimal,-1.6854213580489557,50.23910156505576,151.29505623716287,0.6143149845224394,14,10471.702038386944,optimal,optimal,236.79402996789864,160.20253591057497,0.0,0.48978286400541393,1363.8576163992004,1352.3365955262884,10701.08000927621,139.30438046940642,2.773103246856271e-07,1.0000104455163638e-06,24199.370709646213,0,24512.683816336044,0,1.0000858901548782e-07,optimal,optimal,optimal
2025-08-09,ANNUAL REFERENCE ONLY,0.85,0.5,1363.8576163992004,14,1363.8576163992004,optimal,optimal,24203.476867744685,0.0,0.0,14,3301.8366821296727,optimal,optimal,-241.60040292247214,0.0,549.6712148007106,0.6663683445946732,14,10772.192790326153,optimal,optimal,151.7645464492663,174.8860079121951,152.09613546610478,0.6094412019941925,14,10606.087786526228,optimal,optimal,2.8428007355279648,2.022410123510188,0.0,0.48784474955739615,1444.7576704884798,1363.8576163992004,10800.0,-86.99305573767788,3.0972799282401e-07,9.999964307397021e-07,24116.483813007002,0,24500.55495091042,0,1.0000181009672815e-07,optimal,optimal,optimal
2025-08-10,ANNUAL REFERENCE ONLY,0.85,0.5,1444.7576704884798,14,1444.7576704884798,optimal,optimal,50288.750889333955,0.0,0.0,14,9529.18927450617,optimal,optimal,-1833.7416111274658,11.002994117816046,6334.387411718899,0.6211170180936489,14,7998.3063691358,optimal,optimal,-350.5660921211461,131.53870937068126,1130.339885058092,0.5994622316985663,14,10533.015592602209,optimal,optimal,92.24597803189606,228.33276625512343,85.95319311603953,0.48912844105552206,1355.5109892635894,1355.5109892635894,10799.999999999996,-2092.061725216716,1.8797314677148302e-07,4e-07,48196.68916451724,0,33767.887338356806,0,1.00000761449337e-07,optimal,optimal,optimal
2025-08-11,ANNUAL REFERENCE ONLY,0.85,0.5,1355.5109892635894,14,1355.5109892635894,optimal,optimal,48141.43245206808,0.0,0.0,14,10057.579629629627,optimal,optimal,-539.42306697587,346.7180668196165,4274.491573730666,0.6385870856108259,14,7565.504982037034,optimal,optimal,-351.31654944550326,234.31142642652162,2320.385601607003,0.6294949192170012,14,10522.782210990019,optimal,optimal,234.9667632230077,149.22299147194428,0.0,0.48150932555188575,1361.0655113942755,1355.5109892635894,10799.999999999996,-655.7728531983656,136.3375146450133,631.3434342851159,48117.00303315483,5,35185.92023667703,0,1.0000030670198612e-07,optimal,optimal,optimal
2025-08-12,ANNUAL REFERENCE ONLY,0.85,0.5,1361.0655113942755,14,1361.0655113942755,optimal,optimal,51985.44042635658,0.0,0.0,14,9669.841582535777,optimal,optimal,-1030.1947413009116,563.847223237995,6187.351301073102,0.6579314646080543,14,7530.978089022061,optimal,optimal,-568.0968824454621,131.2483452442428,2263.1769584423428,0.6305485638247644,14,10402.226880257705,optimal,optimal,155.26697496776174,224.1195085798422,0.0,0.4938825578324993,1381.8744824154114,1361.0655113942755,10558.297411023745,-1443.024648778612,1.4111735844761362e-07,3.000000164594894e-07,50542.41577787797,0,33239.97310232786,0,1.0000030670198612e-07,optimal,optimal,optimal
2025-08-13,ANNUAL REFERENCE ONLY,0.85,0.5,1381.8744824154114,14,1381.8744824154114,optimal,optimal,46940.95405570281,0.0,0.0,14,9772.463151626296,optimal,optimal,-784.7703519115103,1.2766334466185754,3147.8227492875153,0.6636250719910565,14,6550.20225181148,optimal,optimal,175.73936175031048,259.1174720218868,282.95496717919923,0.6375764052198012,14,10234.730063586438,optimal,optimal,792.3736249282875,421.9988628774818,0.0,0.48636710448639064,1325.4387137407316,1325.4387137407316,10620.404398539877,183.34263476708782,72.06168896990647,411.6641382900807,47535.96082875998,3,33382.275878635184,0,1.0000803740695119e-07,optimal,optimal,optimal
2025-08-14,ANNUAL REFERENCE ONLY,0.85,0.5,1325.4387137407316,14,1325.4387137407316,optimal,optimal,47230.077520615225,0.0,0.0,14,9135.610966882708,optimal,optimal,958.8355782131683,1203.7596452871317,66.9251288355886,0.6482080247719977,14,5965.884835364202,optimal,optimal,-792.1214197640518,0.0,2141.032117502876,0.6253723534546054,14,10520.797024216288,optimal,optimal,220.32409894269873,194.87038654796373,0.0,0.49129040229744053,1317.1901486074128,1317.1901486074128,10756.57170550207,387.03825739181525,35.284883521305,242.11117342082383,47859.22695142787,3,37881.167340815766,0,1.0000030670198612e-07,optimal,optimal,optimal
2025-08-15,ANNUAL REFERENCE ONLY,0.85,0.5,1317.1901486074128,14,1317.1901486074128,optimal,optimal,24706.002116798685,0.0,0.0,14,3066.527045827099,optimal,optimal,-341.43037528541504,0.0,744.6831708387631,0.5942642764271766,14,10722.318348587296,optimal,optimal,-187.35596386062105,9.194654794805274,417.3809521689967,0.6003820666342511,14,10651.384831703841,optimal,optimal,150.80616119157196,115.17674177131403,0.0,0.49087435448079364,1254.1071720742007,1254.1071720742007,10764.673862995956,-377.9801779544641,2.3265078595367625e-07,7.000087195028755e-07,24328.02193954423,0,25390.877450011452,0,1.0000858901548782e-07,optimal,optimal,optimal
2025-08-16,ANNUAL REFERENCE ONLY,0.85,0.5,1254.1071720742007,14,1254.1071720742007,optimal,optimal,25682.489187114024,0.0,0.0,14,2183.8584907407408,optimal,optimal,-649.6339466678776,284.79851474476226,2323.4708630250116,0.6479028246009881,14,10767.619701330124,optimal,optimal,-209.62720872939903,14.604036111110304,493.8431827152925,0.650273640697687,14,10716.308098764768,optimal,optimal,57.65043148932378,47.05572251223482,0.0,0.48962799250387584,1415.3403788615356,1200.0,10800.0,-801.6107239079529,327.1388474842807,910.2754362385718,25791.153899444642,6,23784.97435802604,0,1.000043994281441e-07,optimal,optimal,optimal
2025-08-17,ANNUAL REFERENCE ONLY,0.85,0.5,1415.3403788615356,14,1415.3403788615356,optimal,optimal,47638.49233625503,0.0,0.0,14,9925.273771119242,optimal,optimal,-812.2539234748335,47.51356780687638,3275.3762047471682,0.6915579962073286,14,8256.905726139477,optimal,optimal,-74.8096350431669,415.98294799276584,2580.2219892278504,0.687609971666008,14,10489.960267728857,optimal,optimal,426.5745874134584,226.59762516651497,0.0,0.4890451458000555,1252.0808807756075,1252.0808807756075,10702.170530378502,-460.4889711045421,57.3234115081434,189.1672578122225,47367.170622962716,1,35006.512677234496,0,1.0001531336456537e-07,optimal,optimal,optimal
2025-08-18,ANNUAL REFERENCE ONLY,0.85,0.5,1252.0808807756075,14,1252.0808807756075,optimal,optimal,46851.24968603777,0.0,0.0,14,9401.039090185588,optimal,optimal,-204.68053098417369,1.3085666393783413,440.1920879827629,0.6781507460751997,14,7691.699341265835,optimal,optimal,-849.3768945106793,0.0,2667.8652383490958,0.7021593032559368,14,10705.957785156495,optimal,optimal,35.77034021400246,107.63924963250597,81.38075980893188,0.4956374248803409,1218.6874267138028,1218.6874267138028,10800.0,-1018.2870852808506,49.65758342693425,337.0190717833387,46169.98167254026,4,36802.756622915986,0,1.0001531336456537e-07,optimal,optimal,optimal
2025-08-19,ANNUAL REFERENCE ONLY,0.85,0.5,1218.6874267138028,14,1218.6874267138028,optimal,optimal,45520.792548453464,0.0,0.0,14,8792.210994660494,optimal,optimal,-673.6069034351538,3.5977837921413993,1722.0332540848663,0.6762293729044987,14,7246.420394290126,optimal,optimal,-44.656554470196006,144.1416110294349,928.0423043549479,0.7092207232563178,14,10718.688898058863,optimal,optimal,41.68673047933696,91.99564243514337,60.98510750882656,0.48853685624552856,1216.5677336637036,1200.0,10799.999999947588,-676.5767274260129,358.6424193099201,1137.823875659799,45982.03969668725,6,36242.207397332124,0,1.0000007932831068e-07,optimal,optimal,optimal
2025-08-20,ANNUAL REFERENCE ONLY,0.85,0.5,1216.5677336637036,14,1216.5677336637036,optimal,optimal,50327.13614503732,0.0,0.0,14,9903.163108703702,optimal,optimal,-453.4800372476754,805.678771255232,4708.609102297698,0.6574229186077033,14,6912.6580500890095,optimal,optimal,-616.5315671670769,0.0,2012.944745011814,0.7019358162136711,14,10401.728915130068,optimal,optimal,613.542762759119,368.6489397113277,36.696403161284024,0.4949869553886707,1205.9169142686717,1205.9169142686717,10765.758871601558,-456.46884165563336,865.4237401325227,2497.2554411314477,52367.92274451314,16,39038.55126216414,0,1.0000030670198612e-07,optimal,optimal,optimal
2025-08-21,ANNUAL REFERENCE ONLY,0.85,0.5,1205.9169142686717,14,1205.9169142686717,optimal,optimal,48130.28239980848,0.0,0.0,14,9560.866470185181,optimal,optimal,-997.4686219632941,102.01985698730732,4021.342446582545,0.6557292115046435,14,8061.4492158427765,optimal,optimal,-489.8736996057929,0.0,1696.954912750131,0.701031780265046,14,10764.223825614476,optimal,optimal,35.33779443833115,28.38259254585705,12.151238080434714,0.4890039359765646,1200.0000000519697,1200.0000000519697,10799.157651415331,-1452.0045271307558,18.236304125477695,38.90886492243535,46717.18673760016,3,35328.401363509256,0,1.000001930151484e-07,optimal,optimal,optimal
2025-08-22,ANNUAL REFERENCE ONLY,0.85,0.5,1200.0000000519697,14,1200.0000000519697,optimal,optimal,24248.893906189456,0.0,0.0,14,2571.4857565740745,optimal,optimal,-195.0448236501514,201.34623650012387,1071.4080819279257,0.6583197393672393,14,10485.020445241273,optimal,optimal,-108.38593488261617,0.0,236.3505715679205,0.6948573172098758,14,10697.488793497716,optimal,optimal,128.42300765261933,100.99261423447388,22.482049062910697,0.4915124480488121,1217.862961246755,1200.0,10800.0,-175.0077508801482,447.9936644576196,1643.9360854208232,25717.822240730133,9,25905.71575315315,0,1.00000761449337e-07,optimal,optimal,optimal
2025-08-23,ANNUAL REFERENCE ONLY,0.85,0.5,1217.862961246755,14,1217.862961246755,optimal,optimal,23325.787146657047,0.0,0.0,14,3574.7137800925925,optimal,optimal,522.2635728317173,381.6410164535359,5.884555246914662,0.6058134901014761,14,10800.0,optimal,optimal,516.5337792470665,377.1464683414604,1.1368683772161603e-13,0.6601162024122131,14,10636.28278071815,optimal,optimal,-6.9357332975749495,0.0,10.781236471796118,0.5029916316476155,1212.1064815854813,1212.1064815854813,10800.0,1031.8616187812088,3.1403762094333016,6.706273393923233,24364.35503883218,1,25130.23515511542,0,1.0000098882301245e-07,optimal,optimal,optimal
2025-08-24,ANNUAL REFERENCE ONLY,0.85,0.5,1212.1064815854813,14,1212.1064815854813,optimal,optimal,46606.8800486176,0.0,0.0,14,8518.790363086418,optimal,optimal,-726.9581731464941,111.72015273760073,1987.0362472566808,0.5308569644877952,14,6756.781176404672,optimal,optimal,902.364732094247,896.2731384225699,673.0485793410088,0.6662297406499984,14,10310.840568628737,optimal,optimal,577.4488012622123,297.1775703133746,-1.1368683772161603e-13,0.5073888090741119,1214.0905173865422,1212.1064815854813,10409.717693886614,752.8553602099652,18.48418595274507,57.18960595660271,47416.92501478417,3,36834.80918645636,0,1.0000053407566156e-07,optimal,optimal,optimal
2025-08-25,ANNUAL REFERENCE ONLY,0.85,0.5,1214.0905173865422,14,1214.0905173865422,optimal,optimal,59837.67995701586,0.0,0.0,14,9505.626055246914,optimal,optimal,-2174.0491932043305,136.06465094172893,5950.3211640235695,0.499913215657138,14,7953.91768855117,optimal,optimal,-1697.6382321778876,5.8111994527866955,4934.544681827707,0.6300758947746071,14,10477.31667045839,optimal,optimal,360.7947031045325,266.5717284418232,0.0,0.5027275256935653,1231.541016925654,1214.0905173865422,10534.547014266078,-3510.8927222776856,50.07922652752126,106.06215190585365,56432.84938664403,2,35571.96867001304,0,1.0000053407566156e-07,optimal,optimal,optimal
2025-08-26,ANNUAL REFERENCE ONLY,0.85,0.5,1231.541016925654,14,1231.541016925654,optimal,optimal,46929.94475587344,0.0,0.0,14,9342.140458024685,optimal,optimal,1575.2109580510073,2366.345029893911,0.0,0.5979866448858352,14,6970.027170997402,optimal,optimal,-653.3517977405874,3.7910033418467037,2109.5505252155654,0.6922316638062922,14,10605.883440865098,optimal,optimal,184.52665329400693,162.17223827255862,20.79170632153817,0.5063891595728066,1251.85122155534,1231.541016925654,10755.677435030862,1106.3858136044269,9.360012563246065e-08,2e-07,48036.33056967787,0,36921.94028418775,0,1.0000803740695119e-07,optimal,optimal,optimal
2025-08-27,ANNUAL REFERENCE ONLY,0.85,0.5,1251.85122155534,14,1251.85122155534,optimal,optimal,47334.15481806892,0.0,0.0,14,9861.18843470424,optimal,optimal,4200.501111808699,5164.829117415764,0.0,0.6062777887328278,14,7561.362283938916,optimal,optimal,-286.96529381777583,163.97739250445096,1978.6734531532093,0.6933488819564549,14,10553.326742896705,optimal,optimal,285.37152257076673,171.1257050782008,1.1368683772161603e-13,0.4985681945747256,1267.0901834329502,1251.85122155534,10697.768990259796,4198.907340561689,9.360012563246065e-08,2e-07,51533.06215883061,0,35702.872346504075,0,1.0001531336456537e-07,optimal,optimal,optimal
2025-08-28,ANNUAL REFERENCE ONLY,0.85,0.5,1267.0901834329502,14,1267.0901834329502,optimal,optimal,45462.03341625277,0.0,0.0,14,9751.84215796409,optimal,optimal,4941.183774877789,5624.534928858909,-1.1368683772161603e-13,0.5940174345430578,14,5697.180921862,optimal,optimal,534.95764853715,436.4407563515581,163.2899090705697,0.7006368353842833,14,10570.611391617827,optimal,optimal,261.7833190445155,152.3797198912056,0.0,0.5019018731063353,1245.8884275979758,1245.8884275979758,10619.37641722335,5737.924742459454,25.554630287689807,99.80190240781172,51299.76006112003,2,37598.83704026064,0,1.0000803740695119e-07,optimal,optimal,optimal
2025-08-29,ANNUAL REFERENCE ONLY,0.85,0.5,1245.8884275979758,14,1245.8884275979758,optimal,optimal,26278.380347194805,0.0,0.0,14,4760.066535246911,optimal,optimal,-733.3849387842973,0.0,1740.9554205217223,0.6068280399524457,14,10730.733045187528,optimal,optimal,472.5975754267158,383.33335460231103,11.67708457292129,0.699339001927485,14,10643.571880046446,optimal,optimal,4.841000600407972,3.443958667097513,0.0,0.5021990957497002,1282.248278444481,1245.8884275979758,10752.667545361477,-255.94636275717355,2.653045961234261e-07,6.999989950467353e-07,26022.433985137628,0,26482.12945768919,0,1.000011716314475e-07,optimal,optimal,optimal
2025-08-30,ANNUAL REFERENCE ONLY,0.85,0.5,1282.248278444481,14,1282.248278444481,optimal,optimal,25699.639160795086,0.0,0.0,14,3554.9406819928895,optimal,optimal,-391.3557413753886,127.65767615752625,1441.2592677621424,0.630167851511901,14,10763.128395711736,optimal,optimal,-64.43168043454975,24.420765188068803,251.52457245242874,0.7088846325347387,14,10638.731398148147,optimal,optimal,4.512195727659804,3.210042064285405,0.0,0.49209123444232894,1200.0000000519697,1200.0000000519697,10800.0,-451.27522608227855,79.91422612383772,169.61724330784975,25417.98117802066,4,25232.207576809586,0,1.0000095358009275e-07,optimal,optimal,optimal
2025-08-31,ANNUAL REFERENCE ONLY,0.85,0.5,1200.0000000519697,14,1200.0000000519697,optimal,optimal,47876.285785355365,0.0,0.0,14,9133.32824074074,optimal,optimal,-158.20861981839053,62.672768027545544,564.784022025497,0.663126539336752,14,5428.853922222222,optimal,optimal,-441.52580453837516,54.07718193800463,1453.0160313798388,0.7116215683822784,14,10348.74522851636,optimal,optimal,568.7944564335105,311.29056614354164,0.0,0.4881845379014907,1226.8883140252287,1200.0000000519697,10800.0,-30.939967923255153,344.4658412996328,1389.148332377248,49234.49414980936,9,37857.31071998637,0,1.00000761449337e-07,optimal,optimal,optimal
2025-09-01,ANNUAL REFERENCE ONLY,0.85,0.5,1226.8883140252287,14,1226.8883140252287,optimal,optimal,53456.26754546754,0.0,0.0,14,9824.78889555555,optimal,optimal,-2949.1230446652635,0.0,8546.597528814877,0.6857825686932912,14,7748.979567798209,optimal,optimal,217.39929638519146,672.4307178953736,2795.0783660214,0.7027734359632896,14,10626.632791128806,optimal,optimal,64.91848644645066,45.266788187748595,7.649555439688016e-07,0.4926448635117142,1263.652942358403,1226.8883140252287,10725.511050670717,-2666.8052618336214,4.677268475210477e-08,1e-07,50789.46228373392,0,32379.468671186834,0,1.0002258932217956e-07,optimal,optimal,optimal
2025-09-02,ANNUAL REFERENCE ONLY,0.85,0.5,1263.652942358403,14,1263.652942358403,optimal,optimal,47373.88139559941,0.0,0.0,14,9958.661574074074,optimal,optimal,1222.9705801163575,1294.438153566015,33.593215980528385,0.6467821852969481,14,7661.328699967662,optimal,optimal,-678.2010172045564,50.11867827139713,2986.0916423739045,0.6591325437812325,14,10637.907088138016,optimal,optimal,75.95041285174662,52.25085747924147,0.0,0.4946689038145473,1421.3506784116303,1263.652942358403,10800.0,620.7199757635477,9.360012563246065e-08,2e-07,47994.60137156296,0,32958.97132174098,0,1.0000803740695119e-07,optimal,optimal,optimal
2025-09-03,ANNUAL REFERENCE ONLY,0.85,0.5,1421.3506784116303,14,1421.3506784116303,optimal,optimal,50211.95509288676,0.0,0.0,14,9973.114351851851,optimal,optimal,-1106.856103434541,121.70779625374087,4277.975432179932,0.6330887283931688,14,7830.432015784187,optimal,optimal,-373.0512128038616,164.74913900761788,2502.3754082630576,0.6585883797181437,14,10671.363351525606,optimal,optimal,20.046632749333334,14.724348885335196,1.1368683772161603e-13,0.5006507811115972,1553.4496196339692,1421.3506784116303,10800.0,-1459.860683489069,9.360012563246065e-08,2e-07,48752.094409597696,0,32201.458904030333,0,1.0000803740695119e-07,optimal,optimal,optimal
2025-09-04,ANNUAL REFERENCE ONLY,0.85,0.5,1553.4496196339692,14,1553.4496196339692,optimal,optimal,49924.71108662551,0.0,0.0,14,9967.729413333333,optimal,optimal,-971.5656639598598,112.9078569279759,3695.294621182318,0.6470932374180206,14,8639.691097460527,optimal,optimal,-659.1882386310181,11.697648808055192,2350.8738585726733,0.6595582772279038,14,10696.603146671312,optimal,optimal,15.87450081236526,11.293352953660072,7.614322633365123e-07,0.49963566447790875,1693.8630206235682,1553.4496196339692,10800.0,-1614.8794017785124,4.677268475210477e-08,1e-07,48309.831684947,0,34196.656615563275,0,1.0000110250985017e-07,optimal,optimal,optimal
2025-09-05,ANNUAL REFERENCE ONLY,0.85,0.5,1693.8630206235682,14,1693.8630206235682,optimal,optimal,24997.398676500765,0.0,0.0,14,6285.144829938268,optimal,optimal,-461.00538193364343,0.0,1039.2174262261735,0.643060192890471,14,10753.312135659555,optimal,optimal,-54.30209181257017,0.0,117.57327603183415,0.6614877220633096,14,10800.0,optimal,optimal,-2.252073203274301,0.0,3.585818491002757,0.49731762989364126,2008.5284793561607,1693.8630206235682,10800.0,-517.559546949488,1.8219991624772314e-07,8.000004921133951e-07,24479.839130351276,0,23196.261296316574,0,1.0000803740695119e-07,optimal,optimal,optimal
2025-09-06,ANNUAL REFERENCE ONLY,0.85,0.5,2008.5284793561607,14,2008.5284793561607,optimal,optimal,24457.905534330668,0.0,0.0,14,5970.086744799631,optimal,optimal,-327.49091017485694,0.0,726.6372478395754,0.629681704470789,14,10798.729765283795,optimal,optimal,-248.3569082780094,16.10554624663803,585.0619172471138,0.6401143806251246,14,10800.0,optimal,optimal,-2.3832466974007147,9.319020716722166,13.111471706759914,0.5015551084953167,2010.3578754840128,2008.5284793561607,10800.0,-578.2310651502671,1.9707879482137736e-07,9.00023772651548e-07,23879.674470080427,0,23715.99110153311,0,1.0000803740695119e-07,optimal,optimal,optimal
2025-09-07,ANNUAL REFERENCE ONLY,0.85,0.5,2010.3578754840128,14,2010.3578754840128,optimal,optimal,46821.967287641746,0.0,0.0,14,9970.99445037037,optimal,optimal,519.0674686570774,821.2135171939423,482.23520427688845,0.6191595196935172,14,8067.127983797601,optimal,optimal,-708.5242184213137,10.474732872794156,2447.944438680178,0.5952285741769116,14,10800.0,optimal,optimal,-24.437849878050514,156.22385739605627,191.24742488031586,0.5047063537616997,2016.3825261163202,2010.3578754840128,10800.0,-213.8945996422868,9.360012563246065e-08,2e-07,46608.07268819946,0,33852.50494407867,0,1.0000803740695119e-07,optimal,optimal,optimal
2025-09-08,ANNUAL REFERENCE ONLY,0.85,0.5,2016.3825261163202,14,2016.3825261163202,optimal,optimal,47311.68626618151,0.0,0.0,14,9888.266311666668,optimal,optimal,-1695.3562681452104,0.0,4836.843846567053,0.5890050815376172,14,8655.089780221935,optimal,optimal,396.31764991334717,839.4608825492129,2383.2335774729445,0.6161005294772953,14,10789.198746075383,optimal,optimal,-17.451222083110068,153.8981762357536,177.82391991463004,0.5044000864482837,2135.5518898068303,2016.3825261163202,10800.0,-1316.4898403149732,9.360012563246065e-08,2e-07,45995.19642606654,0,33942.32733754532,0,1.0001531336456537e-07,optimal,optimal,optimal
2025-09-09,ANNUAL REFERENCE ONLY,0.85,0.5,2135.5518898068303,14,2135.5518898068303,optimal,optimal,41004.82402011495,0.0,0.0,14,9981.140277777778,optimal,optimal,270.13144693730936,329.7290627358361,474.5619554013908,0.5832907549539084,14,8779.686509259262,optimal,optimal,125.68705899675764,108.78915367336089,0.0,0.605951522756062,14,10800.0,optimal,optimal,-23.055610297059353,148.06732400633481,181.56506510665469,0.5041177237320598,2229.5323781298785,2135.5518898068303,10800.0,372.76289563700766,9.360012563246065e-08,2e-07,41377.586915951964,0,33605.66603317845,0,1.0000030670198612e-07,optimal,optimal,optimal
2025-09-10,ANNUAL REFERENCE ONLY,0.85,0.5,2229.5323781298785,14,2229.5323781298785,optimal,optimal,48321.84054237214,0.0,0.0,14,9910.323185185185,optimal,optimal,-2384.5059641712596,0.0,6824.955601509946,0.5988800152636744,14,7747.849924382542,optimal,optimal,1062.1338862141852,1141.6613226282416,1100.4429757856421,0.5945906680289522,14,10800.0,optimal,optimal,-25.443162456170143,151.59166339197725,188.1003015583462,0.49891275148838615,2275.536831846124,2229.5323781298785,10800.0,-1347.8152404132445,9.360012563246065e-08,2e-07,46974.0253021589,0,35905.857994484206,0,1.0001531336456537e-07,optimal,optimal,optimal
2025-09-11,ANNUAL REFERENCE ONLY,0.85,0.5,2275.536831846124,14,2275.536831846124,optimal,optimal,48343.94379436415,0.0,0.0,14,9977.201879814815,optimal,optimal,-3076.500141362756,0.0,9807.996157281399,0.5880415537816107,14,6890.503450113788,optimal,optimal,-500.2545020555123,60.406322183253614,2262.6397293655336,0.6259278212838969,14,10800.0,optimal,optimal,-57.35157160334788,100.51579120872304,188.15220763395894,0.49993537315028147,2354.6758235866696,2139.2003057407405,10800.0,-3634.106215021616,9.360012563246065e-08,2e-07,44709.83757954254,0,34942.493894524145,0,1.0000030670198612e-07,optimal,optimal,optimal
2025-09-12,ANNUAL REFERENCE ONLY,0.85,0.5,2354.6758235866696,14,2354.6758235866696,optimal,optimal,19911.908774666517,0.0,0.0,14,4776.944911944445,optimal,optimal,-94.21227530910332,4.0042527777779355,220.78652778083998,0.6520319708155243,14,10800.0,optimal,optimal,622.171370564417,486.0701309949714,23.5853166666667,0.6564116385705948,14,10800.0,optimal,optimal,-6.044737513565303,0.0,12.2474642765236,0.5015770938912641,2553.630795457616,2354.6758235866696,10800.0,521.9143577417483,15.595933447926033,96.0163640838635,20529.839496492128,1,24859.802781125167,0,1.00000761449337e-07,optimal,optimal,optimal
2025-09-13,ANNUAL REFERENCE ONLY,0.85,0.5,2553.630795457616,14,2553.630795457616,optimal,optimal,19972.486030518063,0.0,0.0,14,5091.101735185183,optimal,optimal,131.6314887716791,109.51676695548977,3.7950230434461343e-06,0.6284207535701016,14,10727.242583914329,optimal,optimal,232.3428368474772,189.05268903032155,23.585313807136277,0.6742835971285835,14,10800.0,optimal,optimal,1.0000181898940354e-07,7.962137490292254e-08,7.961920059573528e-08,0.4962766172060653,2611.805073860873,2527.1712613340187,10800.0,363.9743257191581,32.45626563029997,147.92970935588696,20484.390065593107,2,24102.979617820547,0,1.0000098882301245e-07,optimal,optimal,optimal
2025-09-14,ANNUAL REFERENCE ONLY,0.85,0.5,2611.805073860873,14,2611.805073860873,optimal,optimal,48556.15206908152,0.0,0.0,14,9986.40375925926,optimal,optimal,-1620.5639436312558,319.1581695817255,5493.051303202974,0.5997059312486834,14,8187.598462759649,optimal,optimal,-401.9627190634427,2.6013453378186595,1813.139162411955,0.6705761840013984,14,10800.0,optimal,optimal,9.999636202119292e-08,1.5590327723915328e-07,0.0,0.4999769143926499,2312.436521338512,2116.8701714814797,10800.0,-2022.5266625947022,1.4542688540512691e-07,2.9999970956187093e-07,46533.62540678682,0,32579.973215700003,0,1.0000167094403878e-07,optimal,optimal,optimal
2025-09-15,ANNUAL REFERENCE ONLY,0.85,0.5,2312.436521338512,14,2312.436521338512,optimal,optimal,34771.500650619346,0.0,0.0,14,8861.136929806482,optimal,optimal,394.40693186705084,580.4452248551835,709.4111170666109,0.6397064326178523,14,7090.78443,optimal,optimal,-31.539701444815385,208.98590808244205,452.66461576562415,0.6536509014215771,14,10799.999999957698,optimal,optimal,-152.17674413030622,0.0,236.74368689728016,0.5046865898593866,1271.7410648613516,1200.0,10800.0,210.69048629192926,3546.4528793890286,16075.896552270833,51058.08768918211,48,36934.0783783335,0,1.0000985639635473e-07,optimal,optimal,optimal
2025-09-16,ANNUAL REFERENCE ONLY,0.85,0.5,1271.7410648613516,14,1271.7410648613516,optimal,optimal,45536.96248369038,0.0,0.0,14,9268.524421356035,optimal,optimal,-956.1538747767127,233.39547546128068,3813.763933726512,0.6305962899285288,14,7952.406674326028,optimal,optimal,-821.7791037950674,31.413391102518954,3203.6445523999887,0.6633295134036267,14,10692.64190804721,optimal,optimal,195.39742517242408,97.25219027592418,0.0,0.5020586530000306,1200.0000000519697,1200.0,10800.0,-1582.5355533993559,743.9977070945047,2493.906723596284,46448.33365388731,23,36487.3072356091,0,1.0000803740695119e-07,optimal,optimal,optimal
2025-09-17,ANNUAL REFERENCE ONLY,0.85,0.5,1200.0000000519697,14,1200.0000000519697,optimal,optimal,43961.64246972828,0.0,0.0,14,9637.223199814804,optimal,optimal,-533.1516371990591,276.7542685194546,2857.4946317694044,0.6569124032531548,14,6659.793598023253,optimal,optimal,-741.2458784830677,0.0,2261.7841108184925,0.7042296545107055,14,10800.0,optimal,optimal,9.99963620211929e-08,7.32061236150855e-08,7.320541331438393e-08,0.5065692278951262,1466.0638182230314,1200.0000000519697,10800.0,-1274.3975155821304,2.3570685927675616e-07,4.999998416977177e-07,42687.24495464614,0,37067.65206280407,0,1.0000030670198612e-07,optimal,optimal,optimal
2025-09-18,ANNUAL REFERENCE ONLY,0.85,0.5,1466.0638182230314,14,1466.0638182230314,optimal,optimal,38673.543922970974,0.0,0.0,14,9665.468057558195,optimal,optimal,3983.3433743795376,4966.846646958702,1.1368683772161603e-13,0.6625954661139571,14,7655.07750835277,optimal,optimal,-480.6234954672552,0.0,1819.9048382896428,0.7085562913375641,14,10800.0,optimal,optimal,1.0000727595761418e-07,7.321516580589953e-08,7.321668707746896e-08,0.504025400438964,1431.566647651784,1200.0,10800.0,3502.7198790122893,213.6272297215808,925.3456202271905,43101.60942221046,5,37605.4063232762,0,1.00000761449337e-07,optimal,optimal,optimal
2025-09-19,ANNUAL REFERENCE ONLY,0.85,0.5,1431.566647651784,14,1431.566647651784,optimal,optimal,18074.169513227625,0.0,0.0,14,3304.1970370370364,optimal,optimal,391.34111680108725,350.83314956135695,0.0,0.6040508381564603,14,10799.999999999998,optimal,optimal,-73.90709285890154,0.0,142.3664862302242,0.6796524299449376,14,10797.007318264887,optimal,optimal,-10.181679237432798,0.0,30.66967800249224,0.507404420116446,1846.1802336188039,1200.0,10800.0,307.25234470475294,115.7439541159599,328.1262672521833,18709.548125184563,9,26716.86735815228,0,1.0000030670198612e-07,optimal,optimal,optimal
2025-09-20,ANNUAL REFERENCE ONLY,0.85,0.5,1846.1802336188039,14,1846.1802336188039,optimal,optimal,18163.64920431401,0.0,0.0,14,3926.5789067631245,optimal,optimal,14.431178761741794,71.88973352767582,137.44518292694738,0.618494856602712,14,10730.328557591745,optimal,optimal,-124.86986233663704,3.32225633883354e-06,266.64964586651234,0.6813228947568293,14,10715.144451538881,optimal,optimal,53.24426072244141,47.95867440236391,0.0,0.5136720437185134,1760.297311554847,1200.0,10800.0,-57.19442285245384,57.82205390094237,217.76210824481404,18324.216889706368,3,27897.340581164393,0,1.00000761449337e-07,optimal,optimal,optimal
2025-09-21,ANNUAL REFERENCE ONLY,0.85,0.5,1760.297311554847,14,1760.297311554847,optimal,optimal,43833.9490605986,0.0,0.0,14,9681.519879999996,optimal,optimal,-685.4134858852931,2.8638922880780235,1888.1287338798998,0.6346557534713684,14,8125.677658829305,optimal,optimal,-506.4355918068475,191.10424271402192,2934.723932359457,0.671496083884096,14,10779.953018518518,optimal,optimal,-9.52548863003252,35.493526713810894,49.33972721380883,0.5098321209063945,1426.0019453210257,1200.0,10800.0,-1201.374566322173,16.73851073605901,106.4952373518918,42739.06973162832,2,34285.991094357625,0,1.0000007932831068e-07,optimal,optimal,optimal
2025-09-22,ANNUAL REFERENCE ONLY,0.85,0.5,1426.0019453210257,14,1426.0019453210257,optimal,optimal,47083.11821050088,0.0,0.0,14,9687.832926574056,optimal,optimal,-1862.8833115772873,0.0,6031.089417404291,0.5961856585986904,14,7401.418647922203,optimal,optimal,-955.5355387514435,0.0,3121.5431501089834,0.6889689027780561,14,10800.0,optimal,optimal,-21.15056198008536,18.75501616666438,50.643499999996266,0.5062345508562796,1378.589804949415,1349.6409758333332,10800.0,-2839.569412308816,10.90666690205111,73.52184049999421,44317.07063869206,1,36671.91236224996,0,1.0000124461839732e-07,optimal,optimal,optimal
2025-09-23,ANNUAL REFERENCE ONLY,0.85,0.5,1378.589804949415,14,1378.589804949415,optimal,optimal,46419.04246525401,0.0,0.0,14,9851.377266111103,optimal,optimal,-1142.321396376116,0.0,3408.632553124363,0.6007918642121185,14,7519.94992175687,optimal,optimal,-662.1392882635132,0.0,2589.02257082361,0.7102688362697962,14,10800.0,optimal,optimal,-21.150561980092647,18.755016166663616,50.64349999999541,0.5065599454064115,1510.7285231128717,1199.9999999999998,10800.0,-1825.6112466197217,63.14258791531407,188.9492080627141,44782.380426697004,3,37567.673028014775,0,1.0000030670198612e-07,optimal,optimal,optimal
2025-09-24,ANNUAL REFERENCE ONLY,0.85,0.5,1510.7285231128717,14,1510.7285231128717,optimal,optimal,40034.75557448581,0.0,0.0,14,9569.610170092588,optimal,optimal,258.38827612418345,272.90295478226744,0.0,0.5845800036227553,14,5769.953019720671,optimal,optimal,1272.2533548391218,1416.2043658872703,0.0,0.6814649911595012,14,10500.43032722222,optimal,optimal,435.14921213938874,274.94304465083445,11.84214397240366,0.48410891445068943,1563.9959846322868,1324.1543822222227,10518.889218373759,1965.790843102694,470.2543411247376,1695.1020541385037,43695.64847172701,13,35545.131460329634,0,1.0000803740695119e-07,optimal,optimal,optimal
2025-09-25,ANNUAL REFERENCE ONLY,0.85,0.5,1563.9959846322868,14,1563.9959846322868,optimal,optimal,44808.95342203455,0.0,0.0,14,9664.068998703693,optimal,optimal,254.66603891264742,621.713568500066,886.6529634197508,0.6106822775604211,14,7609.598567617327,optimal,optimal,-574.6242920366426,0.0,2399.9495540384582,0.6951975924865397,14,10671.707032265858,optimal,optimal,139.60328035109995,115.4636709607289,13.65499999999933,0.4935107371796599,1381.558978663552,1381.558978663552,10794.542730000001,-180.35497277289522,15.371666996656941,103.49743236666174,44732.09588162832,1,34568.02527415219,0,1.00000761449337e-07,optimal,optimal,optimal
2025-09-26,ANNUAL REFERENCE ONLY,0.85,0.5,1381.558978663552,14,1381.558978663552,optimal,optimal,19483.58074863794,0.0,0.0,14,4825.19830131147,optimal,optimal,-489.7517048086891,3.883452967482433e-06,1198.446380175631,0.5936470483673373,14,10549.759125677621,optimal,optimal,-81.54240228420244,3.883404517002343e-06,178.37554036966924,0.6908282922012393,14,10800.0,optimal,optimal,-8.498193983708326,0.0,13.655007766857317,0.4917545984170671,1564.8093292418314,1381.558978663552,10800.0,-579.7923010765999,1.4076993147153636e-07,2.999999883788405e-07,18903.78844786134,0,26882.781096511404,0,1.0000803740695119e-07,optimal,optimal,optimal
2025-09-27,ANNUAL REFERENCE ONLY,0.85,0.5,1564.8093292418314,14,1564.8093292418314,optimal,optimal,18260.883655417576,0.0,0.0,14,4102.892342508859,optimal,optimal,877.8749113016095,728.0971364908287,0.0,0.6131489689521806,14,10505.555451875469,optimal,optimal,-82.15169418516129,2.568608328840899e-06,204.04643371532094,0.6867856362317303,14,10775.948927283707,optimal,optimal,5.1254036887050125,7.990966198414291,3.322358764455306e-06,0.49981201675419523,1200.0000000519697,1200.0,10800.0,800.8486208051531,194.8882755129364,485.9949801630412,19547.727256385773,6,28166.44550461324,0,1.000043994281441e-07,optimal,optimal,optimal
2025-09-28,ANNUAL REFERENCE ONLY,0.85,0.5,1200.0000000519697,14,1200.0000000519697,optimal,optimal,45976.58631878716,0.0,0.0,14,9848.427553425923,optimal,optimal,1521.1399282237464,1853.8367327312292,92.52226305919972,0.6321563900124563,14,7690.308654218391,optimal,optimal,-926.2346824282948,2.268818239150119,3024.453981679939,0.7126581472204747,14,10579.262391124987,optimal,optimal,316.9218418086995,206.2089950074292,0.0,0.5,1200.0000000519694,1200.0000000519694,10792.259206558232,911.8270876041511,189.01789608114825,790.4213138928629,47678.83472028417,8,36387.57223113229,0,1.00000761449337e-07,optimal,optimal,optimal
2025-09-29,ANNUAL REFERENCE ONLY,0.85,0.5,1200.0000000519694,14,1200.0000000519694,optimal,optimal,48619.73980337668,0.0,0.0,14,9695.118990370362,optimal,optimal,-2276.20084437327,0.0,6983.508363960398,0.6144343877010789,14,6862.246010476507,optimal,optimal,-583.9948914447023,0.0,1884.7199820194382,0.719233625917075,14,10720.060193121637,optimal,optimal,74.8849938836785,78.82852683982387,0.0,0.5,1200.0000000519694,1200.0000000519694,10730.943278121636,-2785.3107419342937,150.42023733683965,415.16181702166756,46249.590878464056,5,37520.30649460261,0,1.0000121619668789e-07,optimal,optimal,optimal
2025-09-30,ANNUAL REFERENCE ONLY,0.85,0.5,1200.0000000519694,14,1200.0000000519694,optimal,optimal,48456.66651976793,0.0,0.0,14,9764.664970370372,optimal,optimal,-956.1834627260481,0.9291908393122412,2450.4201280833804,0.5785224911004776,14,6094.151415070062,optimal,optimal,-327.64398159812197,0.2159905529073285,910.8396039123052,0.7006620415934224,14,10729.298148148147,optimal,optimal,74.46737111491811,70.94129305500118,0.0,0.5,1222.0234077029074,1200.0000000519694,10800.0,-1209.360073209252,16.92645014542694,114.3635597250001,47361.67000628368,1,39644.16291078231,0,1.00000761449337e-07,optimal,optimal,optimal
2025-10-01,ANNUAL REFERENCE ONLY,0.85,0.5,1222.0234077029074,14,1222.0234077029074,optimal,optimal,44612.09487393265,0.0,0.0,14,9828.95943396602,optimal,optimal,-1037.9339157680229,93.78037072321365,3708.8848590725984,0.6042615832452569,14,7517.752163014279,optimal,optimal,-1023.4966964711066,19.43563084389791,3929.605111423277,0.6756748356135558,14,10776.61759259259,optimal,optimal,10.913681330249494,17.273993975473733,0.0,0.5,1202.98131474581,1202.98131474581,10800.0,-2050.51693090888,9.125879909992401e-08,3.999995094796759e-07,42561.57794342377,0,36423.791601587334,0,1.0000245765695582e-07,optimal,optimal,optimal
2025-10-02,ANNUAL REFERENCE ONLY,0.85,0.5,1202.98131474581,14,1202.98131474581,optimal,optimal,49858.22635153111,0.0,0.0,14,9488.698416171212,optimal,optimal,-2632.853315044057,0.35555054459166513,7236.064624595219,0.5675653477939547,14,7529.8896425809635,optimal,optimal,-1184.983244073767,0.2159905529073285,4268.331718779483,0.674236325977098,14,10800.0,optimal,optimal,-0.0061778297902831125,0.2159905529072947,0.2159905529073285,0.5,1275.0947180391329,1202.98131474581,10800.0,-3817.842736947615,1.2330967956057512e-07,4.000043195948819e-07,46040.383614983504,0,34346.42666761877,0,1.0000245765695582e-07,optimal,optimal,optimal
2025-10-03,ANNUAL REFERENCE ONLY,0.85,0.5,1275.0947180391329,14,1275.0947180391329,optimal,optimal,17667.534762022864,0.0,0.0,14,4622.212363672839,optimal,optimal,-24.678495816343307,5.2592229465856235,100.8469940339673,0.6140312385817182,14,10482.441218137528,optimal,optimal,129.58083026774983,120.23182867530068,83.75415456372511,0.721302899256523,14,10723.73484061725,optimal,optimal,-7.228588986116699,0.0,11.82494600506553,0.5,1470.046166990146,1275.0947180391329,10800.0,97.67374546528981,1.9472700909977032e-07,1.1000041074818e-06,17765.20850858816,0,26864.1575403963,0,1.5196997082966845e-07,optimal,optimal,optimal
2025-10-04,ANNUAL REFERENCE ONLY,0.85,0.5,1470.046166990146,14,1470.046166990146,optimal,optimal,19945.831743165618,0.0,0.0,14,5876.2570536414505,optimal,optimal,-321.76728297823576,0.0,1053.3684148087405,0.5931058327415998,14,10800.0,optimal,optimal,-125.02303990621556,0.0,295.0672580338953,0.7237860924086845,14,10800.0,optimal,optimal,-7.086976291987263,0.0,34.340656215379724,0.5,1609.3221358948988,1470.046166990146,10800.0,-453.87729917643856,1.6504974223356878e-07,9.000090540463134e-07,19491.95444488919,0,28125.82221663845,0,1.5196951608231757e-07,optimal,optimal,optimal
2025-10-05,ANNUAL REFERENCE ONLY,0.85,0.5,1609.3221358948988,14,1609.3221358948988,optimal,optimal,48460.65123458192,0.0,0.0,14,9806.25924212962,optimal,optimal,-2724.084247152075,0.0,8693.468730727856,0.615012849808885,14,7932.339585815142,optimal,optimal,-683.7472776171279,8.201175637529216,2811.8055270767145,0.7160787742827459,14,10795.361111111111,optimal,optimal,4.441730205059833,4.174999999999727,5.866443342111599,0.5,1505.4579982645157,1505.4579982645157,10800.0,-3403.3897945641434,6.159972212775793e-08,2.0000095358009274e-07,45057.26144021778,0,34622.04797588932,0,1.51969743455993e-07,optimal,optimal,optimal
2025-10-06,ANNUAL REFERENCE ONLY,0.85,0.5,1505.4579982645157,14,1505.4579982645157,optimal,optimal,41731.020255451265,0.0,0.0,14,9946.739594814813,optimal,optimal,245.37048523090849,351.1750792529376,67.4575409781413,0.6664023081337624,14,6208.96756900841,optimal,optimal,-499.7132604576917,19.47907483302106,1564.7521246904766,0.703363351169106,14,10785.926851851851,optimal,optimal,8.194233819015754,7.910400283382955,6.47235645935903,0.5,1595.5760843465607,1505.4579982645157,10800.0,-246.14854140776748,116.74168425817174,415.934704970678,41900.806419014174,3,37011.41007226438,0,1.0001531336456537e-07,optimal,optimal,optimal
2025-10-07,ANNUAL REFERENCE ONLY,0.85,0.5,1595.5760843465607,14,1595.5760843465607,optimal,optimal,44438.978408902694,0.0,0.0,14,9837.995570728164,optimal,optimal,-678.9023578447894,22.79820413952251,2500.497351399432,0.7054307139853566,14,7605.948993128341,optimal,optimal,-314.94831795110906,164.38970786779916,2259.6737631131527,0.6870807020300234,14,10800.0,optimal,optimal,-1.492400956264498,0.0,6.980360412805673,0.5,1623.9870227558554,1595.5760843465607,10800.0,-995.343076752163,44.601605247037014,169.92616444731055,43613.56149659784,3,36514.32822279997,0,1.0000044733260439e-07,optimal,optimal,optimal
2025-10-08,ANNUAL REFERENCE ONLY,0.85,0.5,1623.9870227558554,14,1623.9870227558554,optimal,optimal,41264.28636972814,0.0,0.0,14,9921.03224575902,optimal,optimal,-834.0290456625452,0.0,3020.6726268406833,0.6856846870882619,14,6065.689659709024,optimal,optimal,-468.14461046827716,0.9887234648091408,1760.206404265986,0.7039747817089401,14,10653.378955331695,optimal,optimal,236.4721812403978,131.9589402014735,0.0,0.5,1785.3498118677874,1495.394049488686,10800.0,-1065.7014748904246,4.6827440880355886e-08,9.999999999999998e-08,40198.58489493772,0,38112.28474253402,0,1.0000030670198612e-07,optimal,optimal,optimal
2025-10-09,ANNUAL REFERENCE ONLY,0.85,0.5,1785.3498118677874,14,1785.3498118677874,optimal,optimal,48230.5920034009,0.0,0.0,14,9673.469538148152,optimal,optimal,-4312.180731348417,0.0,13649.361634397705,0.7076360083793053,14,6181.736280773949,optimal,optimal,-397.7606039748068,46.0223348765054,1987.6595883834252,0.6817761195095178,14,10643.366377690401,optimal,optimal,252.68696349151952,134.813593411973,9.607157745359473,0.5,1830.4580626164116,1785.3498118677874,10800.0,-4457.254371831705,104.97655092595953,427.4822443979001,44200.8198759671,4,36814.30961246456,0,1.00000761449337e-07,optimal,optimal,optimal
2025-10-10,ANNUAL REFERENCE ONLY,0.85,0.5,1830.4580626164116,14,1830.4580626164116,optimal,optimal,17242.501259947727,0.0,0.0,14,4839.006920066762,optimal,optimal,-276.66564861629814,0.0,651.7054889923265,0.7229791324986041,14,10799.999999999998,optimal,optimal,-9.202051845443592,50.223624488700466,183.29829439985332,0.6251893437062719,14,10199.994558209983,optimal,optimal,277.8410763189051,153.44656427768075,7.22232399945847,0.5,2097.118222147732,1389.2714571037995,10800.0,-8.026624142836624,170.62093686959136,852.3511743308052,18086.825810135695,3,28277.223958130253,0,1.00000761449337e-07,optimal,optimal,optimal
2025-10-11,ANNUAL REFERENCE ONLY,0.85,0.5,2097.118222147732,14,2097.118222147732,optimal,optimal,17791.60169047123,0.0,0.0,14,5798.21084500481,optimal,optimal,-86.92445604175994,15.90018127764688,254.95800536022162,0.7294486736746663,14,10800.0,optimal,optimal,11.851751462895805,63.61026497086851,178.86226693828002,0.6691803681742314,14,10196.165948152211,optimal,optimal,245.09089510990006,135.41731332967623,9.471356754173165,0.5,2153.097426983576,1919.8772592592577,10800.000000000002,170.01819053103594,8.031332321579196,39.19290160078856,18000.812782603054,1,28155.95178988918,0,1.000043994281441e-07,optimal,optimal,optimal
2025-10-12,ANNUAL REFERENCE ONLY,0.85,0.5,2153.097426983576,14,2153.097426983576,optimal,optimal,40720.070045054286,0.0,0.0,14,9946.876133703703,optimal,optimal,-285.6837808263961,177.17357178340313,1493.3159615772852,0.6990063100453638,14,7670.242234032138,optimal,optimal,-287.906617342626,228.02148269497775,2419.205004384614,0.6616851296961284,14,10525.409462610869,optimal,optimal,161.97759514794882,109.39627556818814,3.1025195099221354e-07,0.5,1948.448581793652,1847.2888369094126,10797.91593,-411.6128030210733,656.621753746789,2627.436569816616,42935.893811849826,16,34368.19266170375,0,1.00000761449337e-07,optimal,optimal,optimal
2025-10-13,ANNUAL REFERENCE ONLY,0.85,0.5,1948.448581793652,14,1948.448581793652,optimal,optimal,42619.19980735403,0.0,0.0,14,9870.466342937681,optimal,optimal,-1487.9818571392768,37.74540979675644,5138.601445411066,0.6560808539672203,14,6883.683406709258,optimal,optimal,-318.5686404992091,211.81515978150367,2296.462910458932,0.6592464914403803,14,10434.369410949319,optimal,optimal,292.75636252607654,207.1682733122788,-1.1368683772161603e-13,0.5,2233.8879687880144,1686.4907305752045,10800.0,-1513.7941351124093,396.1948094514097,1406.1024956574188,42511.50816789904,5,36574.076505626246,0,1.0000394468079321e-07,optimal,optimal,optimal
2025-10-14,ANNUAL REFERENCE ONLY,0.85,0.5,2233.8879687880144,14,2233.8879687880144,optimal,optimal,44263.71203478945,0.0,0.0,14,9750.355791295611,optimal,optimal,-2093.9401320550764,19.567457144630602,7491.7829697176985,0.6356180682518217,14,5157.058256611433,optimal,optimal,636.8955583771743,814.8860284640471,154.54185333929644,0.6289051318304175,14,10722.227799137754,optimal,optimal,-23.967636968220937,0.0,41.52329943222765,0.5,1686.5196824100656,1258.0747799620042,10800.0,-1481.0122106461229,404.27908606066535,1060.6725754249462,43843.37239956828,10,37324.41203163194,0,1.0000258043874055e-07,optimal,optimal,optimal
2025-10-15,ANNUAL REFERENCE ONLY,0.85,0.5,1686.5196824100656,14,1686.5196824100656,optimal,optimal,44614.097905184186,0.0,0.0,14,9532.820373425928,optimal,optimal,-2147.1026018171187,0.0,7084.435523297682,0.6241099840039948,14,6797.306390663495,optimal,optimal,-163.41875900495586,8.754204505147868,531.4789112566616,0.612734340928349,14,10799.99999944117,optimal,optimal,-18.930578539186932,0.0,35.2867040022031,0.5,1254.7866245934483,1200.0,10800.0,-2329.451939361262,995.5090861005241,4679.329234357486,46963.97520018041,17,37715.88381078405,0,1.0000121619668789e-07,optimal,optimal,optimal
2025-10-16,ANNUAL REFERENCE ONLY,0.85,0.5,1254.7866245934483,14,1254.7866245934483,optimal,optimal,43002.28864866641,0.0,0.0,14,9485.900000740736,optimal,optimal,-183.76195099297263,578.4855522260516,3079.008678547974,0.6240783348975945,14,6943.562817300069,optimal,optimal,-33.091353840639215,44.487110217443444,338.6396726787233,0.6058262606377399,14,10351.276986099349,optimal,optimal,363.16438967425637,261.2164041772524,0.0,0.5,1234.063542384168,1200.0,10796.368043085577,146.31108484064453,369.7458796710132,1565.5641166444066,44714.16385015145,12,39022.681869637745,0,1.00000761449337e-07,optimal,optimal,optimal
2025-10-17,ANNUAL REFERENCE ONLY,0.85,0.5,1234.063542384168,14,1234.063542384168,optimal,optimal,15382.567861093117,0.0,0.0,14,4907.653792037036,optimal,optimal,924.8916253483537,710.900370112572,-1.1368683772161603e-13,0.595429986245888,14,9850.939599796322,optimal,optimal,352.1863474817175,265.6438189592591,2.2737367544323206e-13,0.5953783339604475,14,9901.090536200401,optimal,optimal,-9.577111067955082,0.0,19.40454091369354,0.5,1231.6874351793115,1211.135185237216,10800.0,1267.5008617621163,203.5800900574368,431.35975886341754,17081.428481718653,7,28588.241292907274,0,1.0000621841754764e-07,optimal,optimal,optimal
2025-10-18,ANNUAL REFERENCE ONLY,0.85,0.5,1231.6874351793115,14,1231.6874351793115,optimal,optimal,18573.95338598934,0.0,0.0,14,5066.76108212963,optimal,optimal,-430.2842978028392,146.53838480242243,1505.574569568705,0.6162718245639713,14,10382.358397464553,optimal,optimal,-218.67395323040625,0.0,577.5959500304965,0.5800187525540095,14,10004.453435185183,optimal,optimal,92.15522388094192,60.286038025715015,0.0,0.5,1661.5635273329701,1231.6874351793115,10800.0,-556.8030271523036,1.8958602746447317e-07,3.9999986295715645e-07,18017.15035923704,0,28717.336262399076,0,1.000043994281441e-07,optimal,optimal,optimal
2025-10-19,ANNUAL REFERENCE ONLY,0.85,0.5,1661.5635273329701,14,1661.5635273329701,optimal,optimal,48157.3131235498,0.0,0.0,14,9359.277396975313,optimal,optimal,-1305.5286353073611,17.17370748751523,3675.5932278362466,0.5959382686137891,14,6717.189664160935,optimal,optimal,-845.9336254171511,14.895554651925977,2729.1401554807694,0.641273597980538,14,10645.148562650074,optimal,optimal,250.3266359087858,137.18962694826791,46.681172536664775,0.5,1303.834192559701,1199.9999999999998,10645.148562650074,-1901.1356248157265,139.2465724116687,587.4966891044506,46843.67418783853,6,38618.34278470136,0,1.0001531336456537e-07,optimal,optimal,optimal
2025-10-20,ANNUAL REFERENCE ONLY,0.85,0.5,1303.834192559701,14,1303.834192559701,optimal,optimal,51678.28299543419,0.0,0.0,14,8631.019813274144,optimal,optimal,-1598.747308664265,0.0,4153.9488154025685,0.6081069385819874,14,7662.1201186633825,optimal,optimal,-1209.5723529298707,0.0,3928.011955036125,0.6499756723256045,14,10769.563055476992,optimal,optimal,36.2234966559146,27.393250070706813,57.800805048467566,0.5,1247.0775339776424,1247.0775339776424,10800.0,-2772.096164938221,2.882402783428594e-07,5.999996803192516e-07,48906.18683109596,0,35476.18306488535,0,1.00000761449337e-07,optimal,optimal,optimal
2025-10-21,ANNUAL REFERENCE ONLY,0.85,0.5,1247.0775339776424,14,1247.0775339776424,optimal,optimal,50320.46545989487,0.0,0.0,14,8702.930050617284,optimal,optimal,-764.2311316694546,326.9352731079161,3028.6592560594218,0.6039133043197872,14,6518.758853107336,optimal,optimal,-1077.1719796053371,3.883942305115397,3077.433234557201,0.6976568241940679,14,10678.048744166668,optimal,optimal,193.80349208762632,109.75613024999632,54.77667990616119,0.5,1417.8892476263047,1247.0775339776424,10799.78035787037,-1647.5996191871652,2.409412193781303e-07,5.000003032094355e-07,48672.865841207706,0,39448.80559310521,0,1.0002258932217956e-07,optimal,optimal,optimal
2025-10-22,ANNUAL REFERENCE ONLY,0.85,0.5,1417.8892476263047,14,1417.8892476263047,optimal,optimal,48292.501180118124,0.0,0.0,14,9860.147518518514,optimal,optimal,-1844.2747647428487,3.2979358424527163,4858.51992864015,0.6333220614856504,14,6973.904761097081,optimal,optimal,12.786624828716384,404.19424006703076,1783.0693414276498,0.7184096883531815,14,10622.730544074075,optimal,optimal,290.5570447133206,159.5425103333322,49.46524578938677,0.5,1200.0550884614865,1200.0550884614865,10799.999999999996,-1540.9310952008118,406.2836473066766,1851.0512066350273,48602.62129155234,14,39117.68688655144,0,1.0000803740695119e-07,optimal,optimal,optimal
2025-10-23,ANNUAL REFERENCE ONLY,0.85,0.5,1200.0550884614865,14,1200.0550884614865,optimal,optimal,55791.33667124476,0.0,0.0,14,9611.32753441358,optimal,optimal,-4129.632325401617,36.04210690417665,12086.452458000647,0.6232857971048535,14,7700.35178790537,optimal,optimal,-936.993715841535,7.229241299133378,3380.3841295821503,0.7293140175437892,14,10609.761022361028,optimal,optimal,315.02545711620695,170.8159048750747,39.695675221663755,0.5,1351.8223824337738,1200.0550884614865,10736.697728379548,-4751.600584126945,223.13619072529133,1111.6513189110854,52151.3874060289,5,36546.29129810245,0,1.00000761449337e-07,optimal,optimal,optimal
2025-10-24,ANNUAL REFERENCE ONLY,0.85,0.5,1351.8223824337738,14,1351.8223824337738,optimal,optimal,17771.83110698845,0.0,0.0,14,5781.103819817262,optimal,optimal,-79.01837243888332,36.31428922798523,318.67184816259237,0.6597195528603261,14,10136.524993891338,optimal,optimal,-85.90517418948441,0.0,210.44968729264014,0.7400301973414284,14,9731.763611111111,optimal,optimal,321.9618727949002,177.19965549999853,11.87491301841398,0.5,1318.6336369067578,1200.0,10414.134553757129,157.0383261665325,253.96475853320425,1225.8321202473526,19154.701553402338,10,29769.245870110768,0,1.00000761449337e-07,optimal,optimal,optimal
2025-10-25,ANNUAL REFERENCE ONLY,0.85,0.5,1318.6336369067578,14,1318.6336369067578,optimal,optimal,18622.817458027323,0.0,0.0,14,6932.759314629627,optimal,optimal,-307.19666496844985,19.885468742925863,1045.4922388165814,0.6527394262979661,14,10675.362867477306,optimal,optimal,-49.37023644475343,34.193823264228854,261.37861928233036,0.7205918945388222,14,9855.89033573785,optimal,optimal,175.32044880547178,104.4077895026017,8.739078874413043,0.5,1257.3997242572161,1208.1405000575853,10800.0,-181.24645260773147,22.705802009007588,47.10064115700875,18488.6716465766,3,29785.8223222827,0,1.00000761449337e-07,optimal,optimal,optimal
2025-10-26,ANNUAL REFERENCE ONLY,0.85,0.5,1257.3997242572161,14,1257.3997242572161,optimal,optimal,51979.230037561894,0.0,0.0,14,9644.183478902733,optimal,optimal,-3166.5492785810784,52.10373194498413,9227.239574071478,0.6914850993062307,14,7124.6065093437865,optimal,optimal,-521.1704701495335,0.0,1735.500389028,0.6585080158449913,14,10586.76485497986,optimal,optimal,323.9677370932871,173.55579718479385,33.28668919649703,0.5,1271.816521198979,1257.3997242572161,10675.318770900909,-3363.752011637325,343.6749899480264,1691.3216729291717,50306.79969885374,7,37704.1459159712,0,1.0002258932217956e-07,optimal,optimal,optimal
2025-10-27,ANNUAL REFERENCE ONLY,0.85,0.5,1271.816521198979,14,1271.816521198979,optimal,optimal,47504.60191973676,0.0,0.0,14,9710.207624537039,optimal,optimal,-173.43703933677216,52.856914900375045,637.8892540562654,0.6855013025672245,14,7033.277451322447,optimal,optimal,-692.5715726819554,3.488962271136643,2211.1559546442713,0.6656010325838919,14,10633.451321307542,optimal,optimal,233.76033760192414,131.53797748987915,53.47410960654512,0.5,1268.9913412681149,1268.9913412681149,10673.502473149634,-632.2482744168035,19.74493347552742,92.48526803333924,46964.8389133533,1,38099.096652154716,0,1.0000053407566156e-07,optimal,optimal,optimal
2025-10-28,ANNUAL REFERENCE ONLY,0.85,0.5,1268.9913412681149,14,1268.9913412681149,optimal,optimal,47398.44815244663,0.0,0.0,14,9770.709757222226,optimal,optimal,-457.55679669942845,91.80932788142638,1421.6658206496122,0.6581267460430973,14,6476.899630510731,optimal,optimal,-279.5582045070845,0.0,789.922711635038,0.6537784065972004,14,10627.070671640662,optimal,optimal,248.06142068226757,137.28056219006896,47.3460544228374,0.5,1214.3667274943084,1214.3667274943084,10689.74756256171,-489.0535805242454,372.1436940650457,1669.7199291511147,48579.1145010735,14,38911.3696760754,0,1.0000042038882384e-07,optimal,optimal,optimal
2025-10-29,ANNUAL REFERENCE ONLY,0.85,0.5,1214.3667274943084,14,1214.3667274943084,optimal,optimal,52814.17403050433,0.0,0.0,14,7341.344522530864,optimal,optimal,630.3057379945742,1331.4265696670286,3225.03834942718,0.6626436549441066,14,7047.001590523006,optimal,optimal,-1031.6843910648388,1.3963182911980994,3052.7503338055903,0.6250178719797282,14,10593.431804019292,optimal,optimal,308.41833708589104,167.55554304930564,44.027145887558135,0.5,1205.834525370267,1205.834525370267,10654.708499019293,-92.96031598437355,173.6810680294582,684.2245415988482,53405.4382561188,6,35874.38052887772,0,1.0000053407566156e-07,optimal,optimal,optimal
2025-10-30,ANNUAL REFERENCE ONLY,0.85,0.5,1205.834525370267,14,1205.834525370267,optimal,optimal,46835.96928755623,0.0,0.0,14,9918.751601851847,optimal,optimal,-928.1438753799093,119.22521168668447,3094.943088723957,0.6859141030998875,14,7291.179112845885,optimal,optimal,-435.5440334776147,0.0,1590.6065746991574,0.6005136020708411,14,10591.002424859162,optimal,optimal,311.96681586529587,169.74198429342152,41.762378770045196,0.5,1215.2430866616178,1205.834525370267,10799.999999999996,-1051.721092992228,461.3599769212933,1958.9993539836705,47743.247548547675,14,39464.16083130412,0,1.0000181009672815e-07,optimal,optimal,optimal
2025-10-31,ANNUAL REFERENCE ONLY,0.85,0.5,1215.2430866616178,14,1215.2430866616178,optimal,optimal,20426.001287096013,0.0,0.0,14,6908.731244166671,optimal,optimal,-771.0806275878193,0.0,2267.7726941828546,0.6507488524084334,14,9993.138942314821,optimal,optimal,-198.4310365469416,0.0,509.91758858001265,0.6198523595818243,14,10004.809667951413,optimal,optimal,98.6942845804581,71.93527939373024,32.81243980152967,0.5,1234.7073865500574,1215.2430866616178,10800.0,-870.8173795543029,1.8902016017289947e-07,3.999999826125532e-07,19555.183907941708,0,31151.23075339289,0,1.00000761449337e-07,optimal,optimal,optimal
2025-11-01,ANNUAL REFERENCE ONLY,0.85,0.5,1234.7073865500574,14,1234.7073865500574,optimal,optimal,18207.149917762777,0.0,0.0,14,5621.911563796292,optimal,optimal,-29.602551131020704,156.87899723319254,512.9683221607958,0.6410246185903478,14,9874.380135166506,optimal,optimal,-83.24895409628014,0.0,215.53380869075826,0.6317449824394097,14,9786.479326881645,optimal,optimal,199.81023498694518,129.13126413985327,30.351936268854605,0.5,1266.9511260637764,1234.7073865500574,10695.839863487881,86.95872975964433,2.414916948457039e-07,1.2000030424635042e-06,18294.108648722424,0,30359.090046258494,0,1.0000803740695119e-07,optimal,optimal,optimal
2025-11-02,ANNUAL REFERENCE ONLY,0.85,0.5,1266.9511260637764,14,1266.9511260637764,optimal,optimal,47583.10916262127,0.0,0.0,14,9737.187424907403,optimal,optimal,1567.0392734626073,2083.4569417009043,130.2706022791599,0.5994814303277578,14,6413.610352963251,optimal,optimal,-702.7384715513188,0.0,1822.6238408879085,0.6503119814650782,14,10683.59546125792,optimal,optimal,81.11437410772412,64.57035190682849,0.0,0.5,1249.0343186873183,1200.0,10745.511405944178,945.4151760190126,24.92241406820772,164.0212463943342,48692.54558503462,3,42188.70824911839,0,1.0000120198583318e-07,optimal,optimal,optimal
2025-11-03,ANNUAL REFERENCE ONLY,0.85,0.5,1249.0343186873183,14,1249.0343186873183,optimal,optimal,50467.39840922227,0.0,0.0,14,9517.618360950155,optimal,optimal,-730.0197159014944,57.46966964180852,2339.5222637528504,0.5896482199902451,14,7051.866485038849,optimal,optimal,-634.4276846156071,0.0,1804.5852408103956,0.6739523527996194,14,10591.06795469137,optimal,optimal,253.49742830566493,140.71547956784866,1.0345641378953587,0.5,1200.852777881778,1200.852777881778,10754.525254354718,-1110.9499722114365,11.925057948137207,25.465962000084158,49381.914399010915,1,37191.515994481975,0,1.0001531336456537e-07,optimal,optimal,optimal
2025-11-04,ANNUAL REFERENCE ONLY,0.85,0.5,1200.852777881778,14,1200.852777881778,optimal,optimal,46609.18671093431,0.0,0.0,14,9849.855806759258,optimal,optimal,704.7038869611923,1052.497800711475,384.7951673585417,0.6281012898687836,14,7226.723680010797,optimal,optimal,-531.7265286460832,0.0,1608.403859016143,0.673179015848715,14,10493.36404363367,optimal,optimal,420.5453600598328,229.18824024999947,10.863124017664404,0.5,1224.8721164745318,1200.852777881778,10751.130593796295,593.5227183749419,321.73606878986664,1759.6967082185483,48962.4061375278,10,37480.83326119493,0,1.0000053407566156e-07,optimal,optimal,optimal
2025-11-05,ANNUAL REFERENCE ONLY,0.85,0.5,1224.8721164745318,14,1224.8721164745318,optimal,optimal,52353.68834807967,0.0,0.0,14,9567.02019700616,optimal,optimal,-1798.4887958590484,0.0,5178.232564328154,0.5920785111541341,14,6151.628219653346,optimal,optimal,-288.1548554884145,1.4042873372869735,851.050413913979,0.6676410491382238,14,10438.880441576373,optimal,optimal,530.4818029545487,289.7168300055825,5.053072480610223,0.5,1295.8590653281333,1224.8721164745318,10485.228589724522,-1556.1618483929142,206.9847736660775,891.6207898189554,51689.14728950571,8,38663.19185551024,0,1.0001108967117034e-07,optimal,optimal,optimal
2025-11-06,ANNUAL REFERENCE ONLY,0.85,0.5,1295.8590653281333,14,1295.8590653281333,optimal,optimal,48429.35525497004,0.0,0.0,14,9663.46219264456,optimal,optimal,495.37292561340945,751.4276198017493,194.7798028894639,0.6056448768441841,14,5703.610712142627,optimal,optimal,58.59517767993309,117.45280439494624,248.14146065619312,0.6730696154480342,14,10720.630246323906,optimal,optimal,13.302250641571995,11.299458438528063,13.535566948065815,0.5,1250.1101852891854,1204.7402831370462,10792.170568373063,567.2703539349145,178.86998737435957,687.6334765667822,49684.25908547174,5,40798.239898113665,0,1.0002258932217956e-07,optimal,optimal,optimal
2025-11-07,ANNUAL REFERENCE ONLY,0.85,0.5,1250.1101852891854,14,1250.1101852891854,optimal,optimal,18491.266691595523,0.0,0.0,14,7142.981910226776,optimal,optimal,-71.0314087162213,0.0,224.4228841528573,0.5944304297866826,14,8365.831645226775,optimal,optimal,96.12422369878291,75.19155541864635,0.0,0.644245306882481,14,9937.829419876069,optimal,optimal,333.22206075865347,187.62210495980105,3.432900598233235,0.5,1206.660761274733,1206.660761274733,10720.045748253506,358.3148757412151,4.0192999864735064e-07,1.3999980593169311e-06,18849.58156873674,0,32799.57308251018,0,1.000043994281441e-07,optimal,optimal,optimal
2025-11-08,ANNUAL REFERENCE ONLY,0.85,0.5,1206.660761274733,14,1206.660761274733,optimal,optimal,18752.850986330188,0.0,0.0,14,7020.073040001388,optimal,optimal,-153.49831423161666,0.0,434.17224635778604,0.5360200940336662,14,9388.47884722361,optimal,optimal,37.796608762090834,38.225280426141694,14.501272985766162,0.6511079275741689,14,9946.978609387297,optimal,optimal,19.81893094166586,16.158776677001462,0.0,0.5,1275.726677429653,1206.660761274733,10728.491649706186,-95.88277452785997,1.7389575995701574e-07,5.000030432895982e-07,18656.96821230233,0,31419.285045951707,0,1.0000357178796548e-07,optimal,optimal,optimal
2025-11-09,ANNUAL REFERENCE ONLY,0.85,0.5,1275.726677429653,14,1275.726677429653,optimal,optimal,50308.94013628329,0.0,0.0,14,9806.420278425921,optimal,optimal,-638.66160563846,-2.2737367544323206e-13,1746.9728496651849,0.5716560774920459,14,6501.151473698472,optimal,optimal,-243.543711947358,35.768439793270375,872.065716236789,0.6369604007475251,14,10438.113746770205,optimal,optimal,535.4403171430558,292.11025932681287,5.684341886080802e-14,0.5,1247.8385879111045,1247.8385879111045,10730.029658055553,-346.76500044276213,488.45814543509334,2084.383090717044,52046.558226557565,15,39130.98616524507,0,1.00000761449337e-07,optimal,optimal,optimal
2025-11-10,ANNUAL REFERENCE ONLY,0.85,0.5,1247.8385879111045,14,1247.8385879111045,optimal,optimal,50980.91579583486,0.0,0.0,14,9760.697828981482,optimal,optimal,910.66228192373,1338.4679248061207,440.69573882374993,0.5784313471023356,14,5735.628572529604,optimal,optimal,-621.6744758263966,0.0,1649.537392379895,0.603119091167064,14,10575.233821865455,optimal,optimal,258.07093001847454,151.12716865442326,95.24637896582979,0.5,1246.0876197993632,1200.0,10684.844273425926,547.058736115808,100.01501534693587,317.82040816344926,51845.794940114116,2,41299.56686657628,0,1.0000098882301245e-07,optimal,optimal,optimal
2025-11-11,ANNUAL REFERENCE ONLY,0.85,0.5,1246.0876197993632,14,1246.0876197993632,optimal,optimal,52591.50314943751,0.0,0.0,14,10783.494757222225,optimal,optimal,-918.5370103953775,0.9248683079239299,2504.523697119403,0.56544249425727,14,7863.918843901172,optimal,optimal,-623.4819839909694,0.0,1985.1221274225743,0.6095260124372635,14,10570.520019581336,optimal,optimal,315.74098749839624,179.7186899656425,8.95207627330897e-06,0.5,1201.395344996973,1201.395344996973,10783.494757222225,-1226.2780068879508,50.99235846462857,107.70026389256341,51472.92540644212,2,36119.222802059725,0,1.0000245765695582e-07,optimal,optimal,optimal
2025-11-12,ANNUAL REFERENCE ONLY,0.85,0.5,1201.395344996973,14,1201.395344996973,optimal,optimal,49707.26475133552,0.0,0.0,14,9727.073788796297,optimal,optimal,1405.031196842748,1828.5706966128469,197.36453796267483,0.5890809995151818,14,7162.918276133916,optimal,optimal,-797.024120344068,0.0,2414.476065553004,0.6583960570675689,14,10618.908965960227,optimal,optimal,266.8015911579415,162.9819306357951,139.21687836012177,0.5,1214.9070762206431,1201.395344996973,10668.167647263917,874.8086676566214,2.0269181792576066e-07,4.999987905492161e-07,50582.07341949214,0,40701.15662107131,0,1.00000761449337e-07,optimal,optimal,optimal
2025-11-13,ANNUAL REFERENCE ONLY,0.85,0.5,1214.9070762206431,14,1214.9070762206431,optimal,optimal,48280.61252804207,0.0,0.0,14,9784.001975555555,optimal,optimal,286.5940120252191,411.10878483587413,40.04649168741139,0.5225003258566686,14,7823.445087003243,optimal,optimal,92.12614970412612,206.54381646408945,479.2086767571916,0.6788667019721996,14,10546.884661284903,optimal,optimal,390.41835756606383,227.80380484358614,147.59213661743007,0.5,1232.41656217535,1200.0,10585.490702620846,769.1385192954091,1368.8599055313384,5311.072944604597,54360.823991942074,18,37196.93407477279,0,1.0000809425037005e-07,optimal,optimal,optimal
2025-11-14,ANNUAL REFERENCE ONLY,0.85,0.5,1232.41656217535,14,1232.41656217535,optimal,optimal,19330.19256776681,0.0,0.0,14,6871.594861574564,optimal,optimal,-254.9704955685673,0.0,666.6346229388357,0.5631412446455989,14,8098.566784907898,optimal,optimal,52.16515277661272,93.35790904598119,58.07619663976486,0.713943163078806,14,9950.54694091409,optimal,optimal,348.7089966082896,224.4403404119758,1.851823918741502e-05,0.5,1256.1545826962622,1232.41656217535,10707.254226526085,145.90365381633507,1.5527978256994624e-07,5.999912080416834e-07,19476.096222183136,0,31876.219792821277,0,1.00000761449337e-07,optimal,optimal,optimal
2025-11-15,ANNUAL REFERENCE ONLY,0.85,0.5,1256.1545826962622,14,1256.1545826962622,optimal,optimal,20517.309116472854,0.0,0.0,14,8233.70369935296,optimal,optimal,-368.4628702659618,0.0,1263.1062784754217,0.5644223062205483,14,8852.024415834438,optimal,optimal,-193.60594416664102,0.0,520.7236783083918,0.7219302716104341,14,9879.000400200248,optimal,optimal,239.44920144552378,219.4515381674625,9.32902649999994,0.5,1277.0143528371655,1246.58230555555,10683.7240641815,-322.61961298707905,1.4114571137280612e-07,3.0000001162115946e-07,20194.689503785772,0,33013.211286425496,0,1.000043994281441e-07,optimal,optimal,optimal
2025-11-16,ANNUAL REFERENCE ONLY,0.85,0.5,1277.0143528371655,14,1277.0143528371655,optimal,optimal,50430.81764654057,0.0,0.0,14,9791.082775740739,optimal,optimal,2087.062861481128,2669.323570402058,282.55281269080683,0.5754778662058917,14,7021.194407816271,optimal,optimal,-250.26987436958814,0.85115311981167,670.3859984995867,0.7299085137389502,14,10481.877808998732,optimal,optimal,338.71032507240966,259.71277929632924,0.0,0.5,1200.0000000519697,1200.0000000519697,10733.213534999997,2175.5033121839497,95.48709526112171,203.3418351740892,52809.66279389861,5,41000.00920343293,0,1.0000529982789886e-07,optimal,optimal,optimal
2025-11-17,ANNUAL REFERENCE ONLY,0.85,0.5,1200.0000000519697,14,1200.0000000519697,optimal,optimal,48601.49973729676,0.0,0.0,14,9953.912892407401,optimal,optimal,3803.832140946694,4731.687122658857,13.567199974417235,0.5762013447116232,14,6806.581610244046,optimal,optimal,-189.91632369758085,0.0,544.3523250910588,0.7187183987348076,14,10597.070649485324,optimal,optimal,183.5230448359463,157.1213849785389,0.0,0.5,1250.4035642839556,1200.0000000519697,10794.155484999994,3797.438862085059,1.3871901188941427e-07,5.000008928211173e-07,52398.938599881825,0,40593.48597400519,0,1.0000803740695119e-07,optimal,optimal,optimal
2025-11-18,ANNUAL REFERENCE ONLY,0.85,0.5,1250.4035642839556,14,1250.4035642839556,optimal,optimal,51231.46166433635,0.0,0.0,14,9502.427778775216,optimal,optimal,-7.037035604335628,185.30346688415875,763.4877469317976,0.5795089002903506,14,4626.179409627148,optimal,optimal,921.9281454158036,1135.5790765985485,8.392922515163946,0.6973608707522304,14,10572.286126570072,optimal,optimal,221.50003491054593,170.94858197111088,0.0,0.5,1231.773968674777,1231.773968674777,10690.759477479385,1136.391144722014,59.76095948805468,126.60359329403349,52494.4564023524,1,42821.97363494086,0,1.0002258932217956e-07,optimal,optimal,optimal
2025-11-19,ANNUAL REFERENCE ONLY,0.85,0.5,1231.773968674777,14,1231.773968674777,optimal,optimal,50532.517846220464,0.0,0.0,14,9480.324837441607,optimal,optimal,3297.40318576811,3743.1256945920904,152.41962271653193,0.5547178464017956,14,7097.955988147518,optimal,optimal,-373.1188973298128,49.904048355684836,1191.918743601992,0.6938958369563653,14,10584.333457528284,optimal,optimal,164.91504319901574,133.37273687920595,0.0,0.5,1200.0000000519697,1200.0000000519697,10682.199568826994,3089.1993316373128,58.56237417511216,128.50447963274777,53750.221657490525,3,41926.793628341096,0,1.0000030670198612e-07,optimal,optimal,optimal
2025-11-20,ANNUAL REFERENCE ONLY,0.85,0.5,1200.0000000519697,14,1200.0000000519697,optimal,optimal,50637.16822857332,0.0,0.0,14,9775.056792962958,optimal,optimal,709.6179161651365,1039.063026645881,77.14260454108921,0.5666547547120749,14,6872.130882045085,optimal,optimal,318.629491618397,396.63357950508225,43.19618684193733,0.689654782987584,14,10611.188764443632,optimal,optimal,184.4411362899365,138.71500678515054,0.0,0.5,1204.6925926965926,1200.0000000519697,10707.447737781567,1212.6885440734702,68.61178710334399,145.9201708994217,51995.77694354621,2,41957.031322834715,0,1.0001531336456537e-07,optimal,optimal,optimal
2025-11-21,ANNUAL REFERENCE ONLY,0.85,0.5,1204.6925926965926,14,1204.6925926965926,optimal,optimal,19508.22029064797,0.0,0.0,14,7012.551783734565,optimal,optimal,161.34797190609893,216.0860103820728,155.29033024786142,0.5454508869813367,14,7792.880265421126,optimal,optimal,-26.299185340248034,4.728839494493741,88.84431859415903,0.6931012819685736,14,10060.076074774603,optimal,optimal,238.96279251566844,198.84837886952323,0.0,0.5,1226.0343108251175,1204.6925926965926,10634.323308432084,374.01157908151936,23.363886725639254,49.532197670732714,19931.764067400218,2,33283.345314880295,0,1.0000803740695119e-07,optimal,optimal,optimal
2025-11-22,ANNUAL REFERENCE ONLY,0.85,0.5,1226.0343108251175,14,1226.0343108251175,optimal,optimal,21389.62627928998,0.0,0.0,14,9394.420853858026,optimal,optimal,-499.2769732267141,12.615819655340886,1997.96983164257,0.5756722183957265,14,8674.625947376546,optimal,optimal,-79.8331592544226,11.751063359211287,281.01385763354205,0.6672304762239792,14,9797.447137403014,optimal,optimal,547.3963865741226,357.21735276090754,0.0,0.5,1237.54100904605,1226.0343108251175,10611.532069147555,-31.713745907014072,3.24712906853538e-07,1.300008904927563e-06,21357.912534682975,0,33520.3370174385,0,1.0000395650422434e-07,optimal,optimal,optimal
2025-11-23,ANNUAL REFERENCE ONLY,0.85,0.5,1237.54100904605,14,1237.54100904605,optimal,optimal,51319.42175666324,0.0,0.0,14,9814.484149074082,optimal,optimal,2044.9429622434247,2395.551458373437,29.775470346771385,0.5628043563649002,14,6614.367560813952,optimal,optimal,-292.39145977475056,0.0,786.0577916558295,0.6811739361076712,14,10676.277099701561,optimal,optimal,97.06159858614335,80.33755893526127,0.0,0.5,1237.6162281520658,1237.54100904605,10754.304428211262,1849.6131010548177,2.1813916403505748e-07,5.99998716513983e-07,53169.03485831806,0,41749.83283096536,0,1.0000803740695119e-07,optimal,optimal,optimal
2025-11-24,ANNUAL REFERENCE ONLY,0.85,0.5,1237.6162281520658,14,1237.6162281520658,optimal,optimal,50447.762121748296,0.0,0.0,14,9786.205442236653,optimal,optimal,689.2258188926562,1009.0972202067566,99.57237988596428,0.5704536516586654,14,6535.679699155224,optimal,optimal,196.58187869605823,252.60975679427253,25.758211819738563,0.6944796938643858,14,10635.291239564553,optimal,optimal,146.93191441969896,114.69638686515322,0.0,0.5,1200.0000000519697,1200.0000000519697,10717.420769691307,1032.7396120084134,131.3336065710634,327.8418440027805,51808.34357775949,5,40985.02154209919,0,1.0001531336456537e-07,optimal,optimal,optimal
2025-11-25,ANNUAL REFERENCE ONLY,0.85,0.5,1200.0000000519697,14,1200.0000000519697,optimal,optimal,58570.198794517055,0.0,0.0,14,10017.99624534907,optimal,optimal,-1035.438077874941,6.439166666666779,2589.0519641348847,0.5763086702412551,14,7099.667071206296,optimal,optimal,-1267.3985508747069,0.0,3255.0457861130053,0.717740743423785,14,10650.997387128875,optimal,optimal,164.61284716928185,125.19068491734845,0.0,0.5,1221.6945448567435,1200.0000000519697,10716.180400769565,-2138.223781580366,2.1556796587981817e-07,8.000016591840905e-07,56431.97501373669,0,39246.1192994914,0,1.0000803740695119e-07,optimal,optimal,optimal
2025-11-26,ANNUAL REFERENCE ONLY,0.85,0.5,1221.6945448567435,14,1221.6945448567435,optimal,optimal,54652.72586660774,0.0,0.0,14,9266.912659646008,optimal,optimal,1372.442964709516,1282.20919290356,150.44608177977113,0.6340134390522131,14,6612.274215587153,optimal,optimal,-828.7806170650882,0.0,2048.8002457807534,0.7410057820406697,14,10668.875878585424,optimal,optimal,134.33428100075173,109.10004260645341,0.0,0.5,1200.0000000519697,1200.0000000519697,10716.21439919654,677.9966286451795,0.3548846213616167,0.7587437280903109,55331.48123898101,1,41473.36548505343,0,1.0000181009672815e-07,optimal,optimal,optimal
2025-11-27,ANNUAL REFERENCE ONLY,0.85,0.5,1200.0000000519697,14,1200.0000000519697,optimal,optimal,53172.98862184794,0.0,0.0,14,9777.075810185188,optimal,optimal,1139.2385713379401,1625.3432446535726,53.70408525327775,0.6554728666658158,14,7412.225142162758,optimal,optimal,-604.4442990830074,0.0,1588.1887644925494,0.740533622654681,14,10654.911089592117,optimal,optimal,158.49513372907955,121.66835270042995,0.0,0.5,1257.6650288252872,1200.0000000519697,10738.41153240741,693.2894059840123,2.5691073531578766e-07,1.3000091901043563e-06,53866.27802913196,0,41063.12923656401,0,1.0000797601605882e-07,optimal,optimal,optimal
2025-11-28,ANNUAL REFERENCE ONLY,0.85,0.5,1257.6650288252872,14,1257.6650288252872,optimal,optimal,19742.007926235197,0.0,0.0,14,8083.4614521476215,optimal,optimal,694.0467840317172,1105.247419510288,69.28825327069549,0.6224258006104395,14,6893.544546500886,optimal,optimal,-318.963616780721,5.209969132741321,1263.9496074742813,0.7137057759730643,14,9670.25725925926,optimal,optimal,416.15807530612545,243.7447202272648,0.6416975339255941,0.5,1313.4426250132096,1200.0,10508.239160673875,791.2412425571216,263.4909421708082,1237.225076578351,21770.474245370668,13,33815.84749684599,0,1.0000512520491611e-07,optimal,optimal,optimal
2025-11-29,ANNUAL REFERENCE ONLY,0.85,0.5,1313.4426250132096,14,1313.4426250132096,optimal,optimal,24830.35962394553,0.0,0.0,14,10262.986097962963,optimal,optimal,-1144.132702846721,0.0,4385.387758883894,0.6261367661118301,14,7757.649900542224,optimal,optimal,-418.577951983504,175.09710389278513,2749.164906327897,0.7046256168568605,14,9941.618974827343,optimal,optimal,211.99069262928347,157.74288923777172,0.0,0.5,1200.0000000519694,1200.0000000519694,10794.531885,-1350.7199622009414,134.46479858778895,374.1419478897964,23853.78160963438,5,32838.7687548637,0,1.0001477039622843e-07,optimal,optimal,optimal
2025-11-30,ANNUAL REFERENCE ONLY,0.85,0.5,1200.0000000519694,14,1200.0000000519694,optimal,optimal,54826.123109033506,0.0,0.0,14,9208.528295462958,optimal,optimal,3185.005765769834,2991.8874552870043,306.94281822170296,0.647150766950558,14,6932.320712597429,optimal,optimal,-406.4467009623995,0.0,1261.033043200303,0.6826902121732598,14,10686.50429984352,optimal,optimal,138.0355152672447,93.23446347416773,0.0,0.5,1240.0634106475911,1200.0000000519694,10800.0,2916.594580074679,2.3566428639290636e-07,4.999997981172783e-07,57742.71768960818,0,41344.54701845688,0,1.0000803740695119e-07,optimal,optimal,optimal
2025-12-01,ANNUAL REFERENCE ONLY,0.85,0.5,1240.0634106475911,14,1240.0634106475911,optimal,optimal,57533.83850170022,0.0,0.0,14,8897.64784818819,optimal,optimal,252.97525497582603,437.1006852278092,292.828544993557,0.6480937728237002,14,6346.758732371087,optimal,optimal,-657.1613051998581,0.0,1871.9081773736511,0.6837976880765383,14,10530.083045819614,optimal,optimal,409.2352884994827,232.9283120956824,0.0,0.5,1200.0000000519697,1200.0,10579.888768119059,5.049238275450591,4458.688171264853,16103.895887709601,73642.78362768528,51,41989.825913273555,0,1.0002258932217956e-07,optimal,optimal,optimal
2025-12-02,ANNUAL REFERENCE ONLY,0.85,0.5,1200.0000000519697,14,1200.0000000519697,optimal,optimal,60498.622505944244,0.0,0.0,14,7735.550911616595,optimal,optimal,3433.7488781114657,2863.8713505407386,867.372642377512,0.6373469217235631,14,6402.874235779903,optimal,optimal,-148.8880248799258,1.536350114188167,450.0943340194927,0.698151824277246,14,10580.761836508813,optimal,optimal,366.22012266681776,197.31434714206796,22.76814940797322,0.5,1243.0689450366513,1199.9999999999998,10698.20373272748,3651.0809758983573,1099.681265591158,4985.731846474976,69135.43532831757,23,40876.200316920345,0,1.000017846308765e-07,optimal,optimal,optimal
2025-12-03,ANNUAL REFERENCE ONLY,0.85,0.5,1243.0689450366513,14,1243.0689450366513,optimal,optimal,54065.6020147822,0.0,0.0,14,8901.40282904321,optimal,optimal,5744.4071983452595,5661.270130277244,0.0,0.6011636494476029,14,6392.6120112682775,optimal,optimal,2586.6597837870495,2590.890989187372,53.88005946249996,0.6828126305031081,14,10365.195733462962,optimal,optimal,630.6891474096366,347.2665648833327,0.0,0.5,1207.299147620896,1200.0000000524478,10388.676469912938,8961.756129541947,747.9723540170025,2417.5304831882895,65444.88862751243,17,42081.808128897894,0,1.0000793690778663e-07,optimal,optimal,optimal
2025-12-04,ANNUAL REFERENCE ONLY,0.85,0.5,1207.299147620896,14,1207.299147620896,optimal,optimal,63737.26534898525,0.0,0.0,14,7711.2005906644445,optimal,optimal,2465.4976041326577,3476.2031358542763,6012.689861930937,0.6469914132980007,14,6425.715566773519,optimal,optimal,-634.2992025382634,0.0,1766.8809595535613,0.6829347665238384,14,10466.916302234285,optimal,optimal,568.441021052072,299.775327989143,10.97467088930438,0.5,1201.0030212079853,1200.0,10591.446890609279,2399.6394226464663,2574.7610404472434,9982.626234631678,76119.5310062634,28,38997.68552407675,0,1.0000405836763093e-07,optimal,optimal,optimal
2025-12-05,ANNUAL REFERENCE ONLY,0.85,0.5,1201.0030212079853,14,1201.0030212079853,optimal,optimal,26711.848544412947,0.0,0.0,14,9581.564781851848,optimal,optimal,-508.16384236481525,46.38026957803709,2089.6749805195923,0.7050248310853137,14,7493.210018885966,optimal,optimal,-291.7894500117078,205.96010120710264,2433.208093985203,0.7083751452770298,14,9683.079287037035,optimal,optimal,625.6465841312494,350.7162923313703,8.206212294682991e-07,0.5,1210.0657231960913,1201.0030212079853,10261.299584703174,-174.30670824527363,384.399371158683,1644.144830181785,28181.68666634946,14,35237.704466418116,0,1.0000465522352897e-07,optimal,optimal,optimal
2025-12-06,ANNUAL REFERENCE ONLY,0.85,0.5,1210.0657231960913,14,1210.0657231960913,optimal,optimal,28440.477675238686,0.0,0.0,14,9962.134246759251,optimal,optimal,-1188.1190487625906,0.0,4065.6298301739134,0.7033072971369774,14,6783.873622055978,optimal,optimal,-365.22723341456435,68.11614700156079,1973.381076748116,0.7163603649450242,14,9707.285639642136,optimal,optimal,639.0253541915282,361.9808798765317,34.154021812071996,0.5,1323.2546113674093,1210.0657231960913,10591.88955231481,-914.3209279856268,464.9560391191373,1969.1197651959938,29495.276512449054,11,34753.02007640388,0,1.0000712245528121e-07,optimal,optimal,optimal
2025-12-07,ANNUAL REFERENCE ONLY,0.85,0.5,1323.2546113674093,14,1323.2546113674093,optimal,optimal,65520.89322614024,0.0,0.0,14,6656.795534194383,optimal,optimal,1498.511338648037,2728.768626987121,6116.697452356015,0.66595392826543,14,7384.705687158235,optimal,optimal,-303.1601449567541,18.636432006436053,1021.6197036515146,0.7134224198127438,14,10551.340627160951,optimal,optimal,423.976248554117,223.79343555514265,-1.8189894035458565e-12,0.5,1200.0000000519697,1200.0000000519697,10650.461595568775,1619.3274422454,261.94378064155194,1117.738612837206,68257.95928122284,8,40261.707466721884,0,1.00000761449337e-07,optimal,optimal,optimal
2025-12-08,ANNUAL REFERENCE ONLY,0.85,0.5,1200.0000000519697,14,1200.0000000519697,optimal,optimal,67862.40813393757,0.0,0.0,14,7668.723030000002,optimal,optimal,1866.2039338441966,1826.9843689302534,1560.4545935646825,0.6748298045951765,14,7989.573618758708,optimal,optimal,-884.1162509175783,0.04074393453004177,2804.6927263704033,0.7129415335056082,14,10550.98442553543,optimal,optimal,413.0744018416728,224.11401701811602,0.0,0.5,1252.1283497206548,1200.0000000519697,10735.509338264765,1395.1620847682912,6.854481260766324,14.387556446274647,69271.95777515214,1,37724.7420639638,0,1.0001531336456537e-07,optimal,optimal,optimal
2025-12-09,ANNUAL REFERENCE ONLY,0.85,0.5,1252.1283497206548,14,1252.1283497206548,optimal,optimal,67175.33338070122,0.0,0.0,14,7066.994644225242,optimal,optimal,1947.6170200879562,2605.151058083068,4191.9463238431945,0.6535076837597821,14,6792.656335331014,optimal,optimal,71.31242207636308,327.966321512621,868.5905007406446,0.7266800834160356,14,10488.695009411565,optimal,optimal,522.0060868024902,280.17449152959125,-1.1368683772161603e-13,0.5,1245.675309737855,1200.0,10563.810448682245,2540.9355289668097,534.4307606667325,1205.7872650965098,70922.05617476456,6,39226.56732816894,0,1.00002807812416e-07,optimal,optimal,optimal
2025-12-10,ANNUAL REFERENCE ONLY,0.85,0.5,1245.675309737855,14,1245.675309737855,optimal,optimal,64112.36089503093,0.0,0.0,14,6777.246952805494,optimal,optimal,4736.7967258636045,3904.424256978145,1207.46327316323,0.6664523456234175,14,6874.854554587756,optimal,optimal,-331.4014635607899,0.0,1054.7819207753057,0.7000657071234228,14,10549.721260817527,optimal,optimal,414.9095414054017,225.2508652642244,0.0,0.5,1219.7922553718552,1200.0000000523119,10549.721260817527,4820.304803708216,861.2887071351439,1894.4198032193199,70827.08550195847,8,37976.933372628715,0,1.000444171950221e-07,optimal,optimal,optimal
2025-12-11,ANNUAL REFERENCE ONLY,0.85,0.5,1219.7922553718552,14,1219.7922553718552,optimal,optimal,66584.37070204824,0.0,0.0,14,8523.054541790118,optimal,optimal,368.5862877256287,1522.1064946634615,4610.064412286579,0.6359059092224846,14,8050.235119774404,optimal,optimal,-663.9675275772543,10.39565520138774,2300.2376068976178,0.7090983830792559,14,10549.721260817529,optimal,optimal,414.90954140540015,225.25086526422237,2.2737367544323206e-13,0.5,1222.2119632572171,1200.0000000529353,10799.999999999998,119.52830155377461,61.09818271469463,128.24508586624296,66832.14408946826,1,38862.14652599253,0,1.0000797601605882e-07,optimal,optimal,optimal
2025-12-12,ANNUAL REFERENCE ONLY,0.85,0.5,1222.2119632572171,14,1222.2119632572171,optimal,optimal,29596.769667709814,0.0,0.0,14,9608.167166666673,optimal,optimal,-337.37875181411505,84.86068082963106,1635.6477223092427,0.5997985749225176,14,8085.044887781049,optimal,optimal,-122.40965186395333,298.30371342271957,2103.6702722323657,0.6801044106827698,14,9937.039738145726,optimal,optimal,476.67394255991996,272.99000738919216,0.0,0.5,1304.1143479018897,1202.545923010813,10441.184169689644,16.885538881851573,273.0290771617371,1147.8931420667805,30761.548348658445,9,32213.56954231439,0,1.0000712245528121e-07,optimal,optimal,optimal
2025-12-13,ANNUAL REFERENCE ONLY,0.85,0.5,1304.1143479018897,14,1304.1143479018897,optimal,optimal,30452.230375213963,0.0,0.0,14,9697.315416018519,optimal,optimal,-473.66282141211263,307.7436402905836,2709.5274192932284,0.5924307501719098,14,7785.992303874134,optimal,optimal,-352.43648101730366,36.96022483103462,1592.1007095291075,0.6719426003764143,14,9825.729421453765,optimal,optimal,558.9020337976327,317.8399196649724,8.206473470278422e-07,0.5,1298.865364457527,1283.7735334648146,10365.646897500003,-267.1972686317836,115.63328535325175,472.6965438793155,30657.729650461497,5,32503.50213821667,0,1.0000712245528121e-07,optimal,optimal,optimal
2025-12-14,ANNUAL REFERENCE ONLY,0.85,0.5,1298.865364457527,14,1298.865364457527,optimal,optimal,63549.38475108688,0.0,0.0,14,8580.863412336734,optimal,optimal,2196.8889493547595,1958.4003708386263,983.9290391856907,0.6050975231865059,14,6357.676721904435,optimal,optimal,1146.5743630148638,1243.1285050747717,513.7293206317364,0.6781637259127381,14,10585.431074362885,optimal,optimal,362.76480746295346,193.11203307340125,2.2737367544323206e-13,0.5,1200.0000000519697,1200.0,10585.431074362885,3706.2281198325763,236.08008025377632,1185.4889507655141,68441.10182168498,5,39996.2165884538,0,1.0000007932831068e-07,optimal,optimal,optimal
2025-12-15,ANNUAL REFERENCE ONLY,0.85,0.5,1200.0000000519697,14,1200.0000000519697,optimal,optimal,65777.1214101562,0.0,0.0,14,9922.645006671843,optimal,optimal,1308.7898775842766,1078.491470990141,489.4568080649155,0.6068051861111756,14,6924.962620571394,optimal,optimal,6.391884623967755,165.81773451587333,545.8123565147841,0.6642991777460127,14,10555.093928284186,optimal,optimal,416.3289802803969,220.41546454423047,0.0,0.5,1219.9215067823202,1200.0000000519697,10770.667085828522,1731.5107424886414,6.064843547643918,12.796819885903236,67521.42897253075,1,39300.29636048457,0,1.0000201200455194e-07,optimal,optimal,optimal
2025-12-16,ANNUAL REFERENCE ONLY,0.85,0.5,1219.9215067823202,14,1219.9215067823202,optimal,optimal,70117.22342975339,0.0,0.0,14,8622.588860276974,optimal,optimal,648.9031877981749,1425.255911866779,3485.3234467530015,0.6599077346479698,14,8050.235119774408,optimal,optimal,-606.5517007734604,0.0,1919.2531217252279,0.6049856786354371,14,10547.917983780495,optimal,optimal,418.0453229597881,226.87381459755363,1.1368683772161603e-13,0.5,1200.0000000519697,1200.0000000519697,10793.33293079257,460.3968099845026,18.32657195040317,39.18221137560239,70616.8024511135,1,37855.24530902247,0,1.0000181009672815e-07,optimal,optimal,optimal
2025-12-17,ANNUAL REFERENCE ONLY,0.85,0.5,1200.0000000519697,14,1200.0000000519697,optimal,optimal,69587.92165140684,0.0,0.0,14,8415.060449999992,optimal,optimal,-97.96664691607386,991.6819048345076,4400.699736724837,0.6447440358894859,14,8150.659818607724,optimal,optimal,-529.6305847116536,51.147971769892365,2002.149167634148,0.6016560314471937,14,10603.959460076856,optimal,optimal,333.5315924825002,176.4364859308299,1.4779288903810084e-12,0.5,1224.1135323135434,1200.0000000519697,10773.281867334208,-294.06563914522724,2.0957128594722646e-07,1.2000034536436943e-06,69293.85601346163,0,37845.07254760031,0,1.0000395650422434e-07,optimal,optimal,optimal
2025-12-18,ANNUAL REFERENCE ONLY,0.85,0.5,1224.1135323135434,14,1224.1135323135434,optimal,optimal,64386.953011536236,0.0,0.0,14,8526.579667474369,optimal,optimal,2722.3397699668403,2745.0314640670886,100.12086752844948,0.64919780053371,14,8166.93207548086,optimal,optimal,-301.69886235120134,0.0,1008.9627828276477,0.5752075999806714,14,10576.365447434326,optimal,optimal,368.6274960768307,196.51526397577476,1.1368683772161603e-13,0.5,1232.8794354622835,1216.6834815527077,10800.0,2789.2684036924693,3.515352272347493e-07,1.5000091020103353e-06,67176.22141672872,0,36845.710828352036,0,1.0001108967117034e-07,optimal,optimal,optimal
2025-12-19,ANNUAL REFERENCE ONLY,0.85,0.5,1232.8794354622835,14,1232.8794354622835,optimal,optimal,27727.5472352149,0.0,0.0,14,10164.65294064815,optimal,optimal,786.9397397723434,1088.1123621579961,0.9166189148131139,0.6377550056766438,14,7619.92136996226,optimal,optimal,-370.536354790759,12.11167289685767,1448.4318472761006,0.5658187992682979,14,9849.875877870369,optimal,optimal,508.6552351182447,282.94354598527735,0.0,0.5,1332.6781858516963,1212.2966566206999,10785.0047925,925.0586200998291,66.28711608816663,303.0173881487888,28955.62324346352,3,32358.900958980106,0,1.0000712245528121e-07,optimal,optimal,optimal
2025-12-20,ANNUAL REFERENCE ONLY,0.85,0.5,1332.6781858516963,14,1332.6781858516963,optimal,optimal,29409.852921461803,0.0,0.0,14,10256.435185185182,optimal,optimal,-664.7462849639751,0.0,1899.4312134340948,0.6727523463040284,14,7316.582673624578,optimal,optimal,-317.5049429870931,24.46794166666666,1218.9400004832714,0.5324825227496145,14,9871.127379721598,optimal,optimal,507.0594034251146,339.61235825056116,0.0,0.5,1293.623950918094,1293.623950918094,10800.0,-475.1918245259535,220.61191943466437,929.8338907802818,29864.49498771613,9,33668.9591305286,0,1.0000712245528121e-07,optimal,optimal,optimal
2025-12-21,ANNUAL REFERENCE ONLY,0.85,0.5,1293.623950918094,14,1293.623950918094,optimal,optimal,65181.21777728838,0.0,0.0,14,10042.710824774245,optimal,optimal,-291.6372229621637,163.5018117355965,1462.7836185031579,0.6735423800968104,14,8633.673131336702,optimal,optimal,-407.44117104844946,79.41230686495817,1804.8902939972293,0.5161612824884895,14,10502.62591453481,optimal,optimal,398.69000778896515,211.64436663313919,0.0,0.5,1256.143342518624,1246.4338520826432,10800.000000000002,-300.3883862216481,1.7027292937832e-07,4.99998195121043e-07,64880.82939156673,0,39668.027435614415,0,1.000004772322427e-07,optimal,optimal,optimal
2025-12-22,ANNUAL REFERENCE ONLY,0.85,0.5,1256.143342518624,14,1256.143342518624,optimal,optimal,63579.16106908523,0.0,0.0,14,10000.44132444646,optimal,optimal,-271.67026099226564,130.77177379799673,1301.809386609292,0.6370181998310713,14,8340.469714847757,optimal,optimal,-426.3400931749209,31.88647508244407,1739.5949681579052,0.5162576220476149,14,10681.596642229633,optimal,optimal,122.64631810628924,106.56302199332909,0.0,0.5,1200.0000000519694,1200.0,10729.072378558027,-575.3640360608972,149.98661934697083,725.45519470272,63729.252227727055,7,42424.30437880522,0,1.0001531336456537e-07,optimal,optimal,optimal
2025-12-23,ANNUAL REFERENCE ONLY,0.85,0.5,1200.0000000519694,14,1200.0000000519694,optimal,optimal,65389.87062008692,0.0,0.0,14,10335.5339841785,optimal,optimal,-1147.483623978974,0.0,3334.394628138342,0.5966270834504038,14,8353.02366955197,optimal,optimal,-594.4995166376692,0.0,2140.9560411807665,0.5658864161025032,14,10591.811416735287,optimal,optimal,250.84430074320989,151.6647249382423,-5.684341886080801e-13,0.5,1200.0000000519697,1200.0000000519694,10776.851052909642,-1491.1388398734332,50.99659389891198,107.94868015276467,64006.68046036625,5,42120.249290215026,0,1.0000529982789886e-07,optimal,optimal,optimal
2025-12-24,ANNUAL REFERENCE ONLY,0.85,0.5,1200.0000000519697,14,1200.0000000519697,optimal,optimal,64643.2330288949,0.0,0.0,14,8577.06404574074,optimal,optimal,1485.9009353175638,1560.6245925391463,1541.6623454394385,0.5970461351492158,14,8375.51402831881,optimal,optimal,-774.7855101475732,0.0,2579.9281153031875,0.5788801508142505,14,10565.76132342562,optimal,optimal,273.16693076794326,159.75569141095178,0.0,0.5,1211.6575814430719,1200.0000000519697,10761.76696405565,984.282355937934,144.54883253127002,843.2793082291337,66470.79469306197,3,40533.98895933627,0,1.0002258932217956e-07,optimal,optimal,optimal
2025-12-25,ANNUAL REFERENCE ONLY,0.85,0.5,1211.6575814430719,14,1211.6575814430719,optimal,optimal,61617.03735186644,0.0,0.0,14,9150.22218926674,optimal,optimal,1050.9776737169589,1184.907763032772,1415.8798730687586,0.5742701733120054,14,7462.9339915697365,optimal,optimal,217.9369145673983,297.7196985244989,406.7455125587153,0.5564793848446332,14,10556.819369729628,optimal,optimal,309.85176282421094,183.15756724333585,76.61801175242388,0.5,1214.5403670367182,1200.0,10697.549236169854,1578.7663511085682,116.7913852025209,272.0635770827405,63467.867280057755,4,42034.91223272069,0,1.0000053407566156e-07,optimal,optimal,optimal
2025-12-26,ANNUAL REFERENCE ONLY,0.85,0.5,1214.5403670367182,14,1214.5403670367182,optimal,optimal,27417.09621382275,0.0,0.0,14,10218.74123074074,optimal,optimal,-364.34715512092674,161.0308183395739,2019.0338676535612,0.5819003276456636,14,7960.035512041701,optimal,optimal,-441.5150555538465,31.41779945714817,1851.2474191814915,0.6129184612127577,14,9933.318166633653,optimal,optimal,341.37947773401913,215.41576309555802,75.96539662930923,0.5,1222.427982010958,1214.5403670367182,10799.457897407407,-464.4827329407541,329.4168447520494,1149.78477883633,28102.398259718328,9,36204.7337626949,0,1.0000803740695119e-07,optimal,optimal,optimal
2025-12-27,ANNUAL REFERENCE ONLY,0.85,0.5,1222.427982010958,14,1222.427982010958,optimal,optimal,28316.39871085638,0.0,0.0,14,10096.426503981484,optimal,optimal,-515.4052032449299,88.198768847113,2218.2677127071215,0.5667241990353776,14,7876.404254062152,optimal,optimal,-378.22355642253825,35.661125721229766,1618.0594327426156,0.6464055111115669,14,9781.036666666667,optimal,optimal,509.69587054056973,298.9130630658427,16.728213392502262,0.5,1273.6133559162924,1222.427982010958,10667.752429907408,-383.9328891268984,96.41031685058167,490.44973685068123,28422.915558580164,6,35314.80298309006,0,1.0001531336456537e-07,optimal,optimal,optimal
2025-12-28,ANNUAL REFERENCE ONLY,0.85,0.5,1273.6133559162924,14,1273.6133559162924,optimal,optimal,63979.062828821334,0.0,0.0,14,8635.17194830247,optimal,optimal,1509.5635262378048,1793.0262236441513,2295.2153292075905,0.581553872172904,14,8190.90853972137,optimal,optimal,-691.3202315524402,39.738569888090296,2299.899347973351,0.6439108888432244,14,10509.289919259258,optimal,optimal,404.69243511134414,225.93407266667043,20.43998741328004,0.5,1237.7301722479765,1237.7301722479765,10776.357452485683,1222.9357297967088,201.857702055755,519.8133820238174,65721.81194064186,5,39606.422357310395,0,1.0000245765695582e-07,optimal,optimal,optimal
2025-12-29,ANNUAL REFERENCE ONLY,0.85,0.5,1237.7301722479765,14,1237.7301722479765,optimal,optimal,60924.83425690881,0.0,0.0,14,10142.54490574074,optimal,optimal,987.9537387453887,963.2319264370857,308.4063580520693,0.6005516501070849,14,6834.444069550646,optimal,optimal,-235.76508029989867,61.21295003291248,838.363519282311,0.6641562355769401,14,10562.58465798764,optimal,optimal,189.88086996198683,146.48797447778935,2.2737367544323206e-13,0.5,1204.927926092817,1204.927926092817,10800.0,942.0695284074769,2.9193691212686973e-07,1.099995326417502e-06,61866.90378641628,0,44466.26228503548,0,1.0000186193792614e-07,optimal,optimal,optimal
2025-12-30,ANNUAL REFERENCE ONLY,0.85,0.5,1204.927926092817,14,1204.927926092817,optimal,optimal,61082.21201218235,0.0,0.0,14,10016.639634845678,optimal,optimal,1675.1153384396891,1465.066394462062,724.668720179312,0.6007256872824439,14,6465.458682899031,optimal,optimal,-722.5818361131686,3.1056010288067455,2026.5876048293057,0.6126122709541754,14,10616.798563771694,optimal,optimal,184.32132545488565,160.22485824333498,0.0,0.5,1246.1268593981877,1200.0,10757.913954277155,1136.8548277814061,224.38626867887007,1056.210161740942,63275.27700170469,5,42207.65081087481,0,1.0000230759033003e-07,optimal,optimal,optimal
2025-12-31,ANNUAL REFERENCE ONLY,0.85,0.5,1246.1268593981877,14,1246.1268593981877,optimal,optimal,62240.999010918065,0.0,0.0,14,10117.958147592599,optimal,optimal,648.9161736876113,679.3453297634559,892.1598124908987,0.5666711450276865,14,6730.681349964624,optimal,optimal,-198.62878434820675,27.680108363638055,722.9101808920793,0.6313463178122489,14,10616.798563618608,optimal,optimal,171.55403355485322,140.31950743989933,0.0,0.5,1200.0000000519697,1200.0000000519697,10756.013962455596,621.8414228942577,61.43322052190535,129.29107812558533,62992.13151193791,3,43717.26656914084,0,1.0000030670198612e-07,optimal,optimal,optimal
