date,run_label,alpha,lambda,soc_start_kwh,scenario_count_00,soc_00_kwh,plan_primary_status_00,plan_secondary_status_00,plan_cost_00_yuan,increase_00_kwh,decrease_00_kwh,scenario_count_06,soc_06_kwh,plan_primary_status_06,plan_secondary_status_06,adjustment_cost_06_yuan,increase_06_kwh,decrease_06_kwh,rho_06,scenario_count_12,soc_12_kwh,plan_primary_status_12,plan_secondary_status_12,adjustment_cost_12_yuan,increase_12_kwh,decrease_12_kwh,rho_12,scenario_count_18,soc_18_kwh,plan_primary_status_18,plan_secondary_status_18,adjustment_cost_18_yuan,increase_18_kwh,decrease_18_kwh,rho_18,soc_end_kwh,soc_min_kwh,soc_max_kwh,adjustment_cost_total_yuan,actual_emergency_purchase_kwh,actual_emergency_cost_yuan,total_actual_cost_yuan,emergency_slot_count,actual_throughput_kwh,simultaneous_slots,max_constraint_violation,actual_primary_status,actual_secondary_status,actual_tertiary_status
2025-02-01,ANNUAL REFERENCE ONLY,0.95,1.0,6000.0,2,6000.0,optimal,optimal,21719.94543355953,0.0,0.0,2,9642.039444444446,optimal,optimal,-984.1827128643608,0.0,3016.4040319831397,0.6203361283146992,2,7124.128017037038,optimal,optimal,-75.30368939828156,0.0,195.58070701927647,0.5219275667876406,2,10197.944476851852,optimal,optimal,-30.973470065879933,0.0,62.756499171064675,0.5,1200.0000001,1200.0000001,10800.000000000002,-1090.4598723285224,31.888854328660436,115.43195186618786,20744.917513097193,2,30842.755403720676,0,1.0000030670198612e-07,optimal,optimal,optimal
2025-02-02,ANNUAL REFERENCE ONLY,0.95,1.0,1200.0000001,3,1200.0000001,optimal,optimal,57517.54812983773,0.0,0.0,3,10771.232306534266,optimal,optimal,-1230.9051505970351,9.157730099887885,3718.264355537367,0.630420805544078,3,7656.592467969517,optimal,optimal,-331.9317058290043,29.538682460785367,1163.9228574921895,0.5328440473078151,3,10800.0,optimal,optimal,9.999636202119289e-08,1.5797204725285015e-07,-1.1368683772161603e-13,0.5,1225.0407358316916,1200.0000001,10800.0,-1562.836856326043,12.212987546772625,26.459437518749873,55981.170711030434,1,40766.1709257895,0,1.0000417205446865e-07,optimal,optimal,optimal
2025-02-03,ANNUAL REFERENCE ONLY,0.95,1.0,1225.0407358316916,4,1225.0407358316916,optimal,optimal,59093.48325071212,0.0,0.0,4,10794.161419753087,optimal,optimal,-1626.741108685609,0.0,4624.5425034641485,0.6081206271476367,4,7638.409423039329,optimal,optimal,-515.3194351759673,0.0,1537.8957574887088,0.5188848576958215,4,10786.822222222223,optimal,optimal,22.27663809999573,11.859999999998896,0.0,0.5,1277.7602025957517,1225.0407358316916,10800.0,-2119.783905761581,104.40272012886243,391.4275183615578,57365.1268633121,6,41442.2999209698,0,1.0001531336456537e-07,optimal,optimal,optimal
2025-02-04,ANNUAL REFERENCE ONLY,0.95,1.0,1277.7602025957517,5,1277.7602025957517,optimal,optimal,60971.522305154365,0.0,0.0,5,10799.999999999998,optimal,optimal,-1334.8143194555166,159.7802744378369,4231.8018766671985,0.604213286359979,5,7942.732885092671,optimal,optimal,-848.0840445519212,0.0,2483.7646664623585,0.5361436228440177,5,10792.654320987655,optimal,optimal,12.417650100003051,6.611111111110802,0.0,0.5,1274.1064432698436,1274.1064432698436,10800.0,-2170.480713907435,83.70572715419613,223.29167144809873,59024.33326269503,6,42191.695914775424,0,1.000112206384074e-07,optimal,optimal,optimal
2025-02-05,ANNUAL REFERENCE ONLY,0.95,1.0,1274.1064432698436,6,1274.1064432698436,optimal,optimal,57353.28572830622,0.0,0.0,6,10800.0,optimal,optimal,-267.18698224364255,336.87062968696716,1899.7964132299785,0.6073189178332172,6,7057.38118332164,optimal,optimal,-408.12690788340916,0.0,1094.727401754612,0.5500793609993078,6,10800.000000000002,optimal,optimal,9.999999999999997e-08,2.162790833295915e-07,1.7518848703585688e-07,0.5,1277.087736885722,1274.1064432698436,10800.000000000002,-675.3138900270518,134.38244404138885,426.8030190966193,57104.774857375785,7,42260.007128710364,0,1.0000621841754764e-07,optimal,optimal,optimal
2025-02-06,ANNUAL REFERENCE ONLY,0.95,1.0,1277.087736885722,7,1277.087736885722,optimal,optimal,61391.93015291433,0.0,0.0,7,10797.222530864196,optimal,optimal,-1815.5893762743071,0.0,4965.723174525912,0.6235349872124988,7,7765.6333975336265,optimal,optimal,-1117.347604301002,0.0,3153.471201975204,0.5707119684648804,7,10796.047530864198,optimal,optimal,6.681530599990914,3.5572222222231424,1.2505552149377763e-12,0.5,1278.7043781571924,1277.087736885722,10800.0,-2926.2554499753187,106.16394737009898,232.2536804729187,58697.92838341193,4,41791.39170868788,0,1.0000508154917043e-07,optimal,optimal,optimal
2025-02-07,ANNUAL REFERENCE ONLY,0.95,1.0,1278.7043781571924,8,1278.7043781571924,optimal,optimal,23851.720728373584,0.0,0.0,8,10018.20918856481,optimal,optimal,-910.8759252884274,0.0,3046.1689953386604,0.6423505795163891,8,7397.719001932886,optimal,optimal,-478.110780292888,0.0,1639.8628938072798,0.6644873138638798,8,9857.922070987655,optimal,optimal,-9.330032625282763,2.1627485732035147e-07,18.90392627240131,0.5,1320.8816027725677,1210.2488996913573,10800.0,-1398.316738206598,107.51145435483437,426.83224206877065,22880.236232235755,4,35506.697576747625,0,1.000043994281441e-07,optimal,optimal,optimal
2025-02-08,ANNUAL REFERENCE ONLY,0.95,1.0,1320.8816027725677,9,1320.8816027725677,optimal,optimal,19424.54803483171,0.0,0.0,9,8242.787496749028,optimal,optimal,-104.94118497429989,7.326614365057935,294.74521284092054,0.6251944679866634,9,7403.960153415694,optimal,optimal,-22.441887259571427,0.9439153216314935,56.56841388556825,0.7212701175370082,9,9849.687000841885,optimal,optimal,180.92621674656235,125.93790892067346,35.08105583333514,0.5,1340.9964118699256,1268.093527777773,10800.0,53.54314451269103,247.85580412545045,880.1652817950969,20358.2564611395,15,34607.403620368554,0,1.000043994281441e-07,optimal,optimal,optimal
2025-02-09,ANNUAL REFERENCE ONLY,0.95,1.0,1340.9964118699256,10,1340.9964118699256,optimal,optimal,56985.85712554537,0.0,0.0,10,10798.01286111111,optimal,optimal,-768.4629026791088,0.36215565518421045,1818.4737788712869,0.6518986649382474,10,8071.035553913798,optimal,optimal,-699.8100620893608,1.316063368296227,2184.3392496466677,0.7139956059165149,10,10767.603727927324,optimal,optimal,21.80114135740147,18.44831153207531,15.398746906123929,0.5,1294.7725631162673,1290.434279907404,10800.0,-1446.471823411068,125.97083898409292,472.0152935238912,56011.4005956582,6,41305.68219981941,0,1.0002258932217956e-07,optimal,optimal,optimal
2025-02-10,ANNUAL REFERENCE ONLY,0.95,1.0,1294.7725631162673,11,1294.7725631162673,optimal,optimal,54050.670767942494,0.0,0.0,11,10166.12341455247,optimal,optimal,-2221.285385539967,0.302668587834205,6211.445603563927,0.632296215923355,11,7605.153757887789,optimal,optimal,334.8105051345475,486.3897454460395,791.7726682287673,0.7122470447481396,11,10800.0,optimal,optimal,-11.56296237733917,-6.252776074688882e-13,28.82069329427719,0.5,1204.7374252454224,1204.7374252454224,10800.000000000002,-1898.0378427827588,202.711682477926,482.7860116731455,52635.41893683288,4,40904.57599266813,0,1.000091742753284e-07,optimal,optimal,optimal
2025-02-11,ANNUAL REFERENCE ONLY,0.95,1.0,1204.7374252454224,12,1204.7374252454224,optimal,optimal,54941.78268913884,0.0,0.0,12,9885.878620370371,optimal,optimal,-1713.5635435201339,0.05186519627159214,4468.02209039204,0.6087291375097827,12,6734.128055948089,optimal,optimal,-696.6548579705567,0.0,1839.059878052696,0.7061748899852236,12,10800.0,optimal,optimal,-11.182430956389762,0.0,27.04084567519305,0.5,1268.9469032395025,1200.0,10800.0,-2421.4008324470806,680.1319924307128,2116.5810487997132,54636.96290549148,18,42618.4718695819,0,1.0000803740695119e-07,optimal,optimal,optimal
2025-02-12,ANNUAL REFERENCE ONLY,0.95,1.0,1268.9469032395025,13,1268.9469032395025,optimal,optimal,54505.41480022283,0.0,0.0,13,10559.814568395064,optimal,optimal,-1894.4912999621015,0.6889335652032287,5187.313764245162,0.6160564084196161,13,7380.463001757218,optimal,optimal,-506.80962986016016,2.878439202735649,1506.5016477442787,0.7216505498964687,13,10618.715140458982,optimal,optimal,225.34177980106975,163.15637358691774,9.985632402389228,0.5,1269.2048637080843,1199.9999999999998,10800.0,-2175.959150021192,702.547145238608,2420.697835600208,54750.15348580185,27,41847.08411636768,0,1.0000258043874055e-07,optimal,optimal,optimal
2025-02-13,ANNUAL REFERENCE ONLY,0.95,1.0,1269.2048637080843,14,1269.2048637080843,optimal,optimal,50956.889375791405,0.0,0.0,14,9794.124149598758,optimal,optimal,-1496.1226828871881,55.45330379012671,4482.6832150751925,0.6239763911438716,14,7441.310768632237,optimal,optimal,688.6393673398335,742.9213822175927,498.4319038631449,0.7152704096105844,14,10800.0,optimal,optimal,-31.90003255166888,-1.1368683772161603e-13,49.53036666666621,0.5,1406.983988614345,1269.2048637080843,10800.0,-839.3833480990236,147.44205033078643,483.91090045208307,50601.41692814446,4,40502.30616224064,0,1.0000030670198612e-07,optimal,optimal,optimal
2025-02-14,ANNUAL REFERENCE ONLY,0.95,1.0,1406.983988614345,14,1406.983988614345,optimal,optimal,19000.8616986384,0.0,0.0,14,8092.513494257869,optimal,optimal,178.05722758267183,235.85622848557963,375.7658069444444,0.6139351606603018,14,6890.333610368979,optimal,optimal,332.43947600383683,265.61324665415,1.1368683772161603e-13,0.6610797178699424,14,9972.387262513823,optimal,optimal,157.91968373217168,112.64321479897056,0.0,0.5,1337.0764874779202,1337.0764874779202,10800.0,668.4163873186803,75.79765172099948,162.69173392703,19831.96981988411,5,33620.68349922763,0,1.0000803740695119e-07,optimal,optimal,optimal
2025-02-15,ANNUAL REFERENCE ONLY,0.95,1.0,1337.0764874779202,14,1337.0764874779202,optimal,optimal,18896.537754148314,0.0,0.0,14,6541.9121125,optimal,optimal,-374.66312671601264,49.625856906726426,1332.1563562049544,0.6534422560226923,14,6527.794023086344,optimal,optimal,164.69891488196222,134.95952784833162,1.1368683772161603e-13,0.5906384331605111,14,9899.536931063356,optimal,optimal,238.7306780576675,172.29616732213196,-5.684341886080802e-14,0.5,1209.9411180555553,1200.0,10729.114588802599,28.766466223617073,516.6292859425012,1399.3480998539812,20324.652320225912,18,33429.17670945528,0,1.00000761449337e-07,optimal,optimal,optimal
2025-02-16,ANNUAL REFERENCE ONLY,0.95,1.0,1209.9411180555553,14,1209.9411180555553,optimal,optimal,53747.738373925444,0.0,0.0,14,9949.512344938265,optimal,optimal,-1638.5194319661243,134.79757949999953,4898.897899231959,0.6479058734291734,14,6475.792831944055,optimal,optimal,-142.70342665855497,0.0,362.99013500267085,0.5846020608283324,14,10469.605299182464,optimal,optimal,405.5359364418102,297.3552307357824,0.0,0.5,1313.1402056737568,1209.9411180555553,10737.728129453473,-1375.686922182869,66.54178704306493,148.8669977288164,52520.91844947139,2,41012.38502794897,0,1.0000053407566156e-07,optimal,optimal,optimal
2025-02-17,ANNUAL REFERENCE ONLY,0.95,1.0,1313.1402056737568,14,1313.1402056737568,optimal,optimal,53475.63346225207,0.0,0.0,14,10144.973198688676,optimal,optimal,-1839.1806829080535,83.95443802641955,5686.901285179754,0.6703462412443004,14,8167.793452487444,optimal,optimal,-824.0760839226502,20.939399458832668,2880.750239399961,0.5739117568211114,14,10486.481644542164,optimal,optimal,261.73463156633375,210.0132105034667,0.0,0.5,1270.5965411673646,1243.5945167592586,10512.272599542164,-2401.5221352643703,1.4133579833425733e-07,2.999998672388756e-07,51074.111327287705,0,36978.29155449117,0,1.0000121619668789e-07,optimal,optimal,optimal
2025-02-18,ANNUAL REFERENCE ONLY,0.95,1.0,1270.5965411673646,14,1270.5965411673646,optimal,optimal,47537.982547774845,0.0,0.0,14,9070.314163888892,optimal,optimal,338.46286397555264,481.55072529911763,68.859463424924,0.7300710487666738,14,7500.167656466509,optimal,optimal,-108.4842035621703,3.5309269055445043,279.9125888327575,0.5798435495271779,14,10340.502285904022,optimal,optimal,583.116156904397,378.34563523610353,0.0,0.5,1286.4752939562497,1245.0126468518483,10340.502285904022,813.0948173177794,817.7485078653896,2951.9302888457196,51303.007653938344,11,37666.33717084821,0,1.0001531336456537e-07,optimal,optimal,optimal
2025-02-19,ANNUAL REFERENCE ONLY,0.95,1.0,1286.4752939562497,14,1286.4752939562497,optimal,optimal,48071.9624460308,0.0,0.0,14,9200.315771730264,optimal,optimal,-61.848238413484836,215.4333680108449,943.9106475493045,0.7097006428897662,14,5855.855879559632,optimal,optimal,1951.2092469032134,1950.9290777912458,41.636470196585606,0.5568894837691477,14,10529.199255937827,optimal,optimal,177.65266138566875,221.199071209893,0.0,0.5,1200.0000000519697,1199.9999999999998,10539.977640937826,2067.013669875397,322.3385510623775,810.0469573856016,50949.0230732918,12,40852.30483915773,0,1.0000098882301245e-07,optimal,optimal,optimal
2025-02-20,ANNUAL REFERENCE ONLY,0.95,1.0,1200.0000000519697,14,1200.0000000519697,optimal,optimal,49736.83480751015,0.0,0.0,14,9617.029061265428,optimal,optimal,560.4470543257769,1052.6893527262303,1949.1802089796029,0.6941123663921002,14,6772.0588978934975,optimal,optimal,-311.9077517277262,0.0,928.8031887547587,0.5773763433242316,14,10591.712744119937,optimal,optimal,235.26250984021604,184.53494304086652,0.0,0.5,1297.4461045855112,1200.0000000519697,10688.28070911655,483.8018124382668,1.5582830896570546e-07,4.000012787495507e-07,50220.63662034842,0,39512.12125364872,0,1.000011716314475e-07,optimal,optimal,optimal
2025-02-21,ANNUAL REFERENCE ONLY,0.95,1.0,1297.4461045855112,14,1297.4461045855112,optimal,optimal,18026.39946412764,0.0,0.0,14,7049.579923533106,optimal,optimal,29.311250690539225,37.834274767921556,50.33745998784645,0.6807243089816691,14,8207.083151681254,optimal,optimal,121.68022221301649,99.1461497015577,55.07696246618336,0.6081860077554624,14,9770.923712962964,optimal,optimal,399.41077389158386,268.41778823917883,0.0,0.5,1268.5632914248981,1240.0399864374676,10405.408567073771,550.4022467951396,261.8699710889288,1348.5410388401879,19925.342749762967,5,31920.694989784715,0,1.0000803740695119e-07,optimal,optimal,optimal
2025-02-22,ANNUAL REFERENCE ONLY,0.95,1.0,1268.5632914248981,14,1268.5632914248981,optimal,optimal,18302.375933176772,0.0,0.0,14,6073.594481296294,optimal,optimal,405.73250493207456,401.30232673359404,64.55231899375673,0.6548405726401891,14,7078.572937246088,optimal,optimal,-126.36747542128327,0.0,364.7797785669046,0.6266667170020838,14,9850.860556068474,optimal,optimal,563.3620459294373,392.12433785677007,0.0,0.5,1278.6337876049931,1225.23477724609,10617.882046882129,842.7270754402285,75.96768478337216,190.83290794097908,19335.935916557977,4,31508.310492777007,0,1.0000245765695582e-07,optimal,optimal,optimal
2025-02-23,ANNUAL REFERENCE ONLY,0.95,1.0,1278.6337876049931,14,1278.6337876049931,optimal,optimal,49145.93332774185,0.0,0.0,14,9706.434043703699,optimal,optimal,776.2026347159837,759.4108883833148,137.68192966084416,0.642413030745127,14,6424.836044544404,optimal,optimal,-586.0268367413601,0.0,1623.409933435481,0.644139191617846,14,10691.01968751134,optimal,optimal,159.20175294746855,94.78478123979505,1.1368683772161603e-13,0.5,1266.0254158827079,1200.7739159827079,10715.05127772512,349.37755092209215,1.9802130020387255e-07,8.999970735501847e-07,49495.31087956394,0,41440.112782212236,0,1.0000245765695582e-07,optimal,optimal,optimal
2025-02-24,ANNUAL REFERENCE ONLY,0.95,1.0,1266.0254158827079,14,1266.0254158827079,optimal,optimal,47332.37220156111,0.0,0.0,14,9959.559259259258,optimal,optimal,671.7267992536208,1015.2214087188306,30.057949435991645,0.6201905997217892,14,6951.247466071702,optimal,optimal,-519.3565315548701,0.0,1414.3183062181474,0.6697042553529229,14,10589.161833969698,optimal,optimal,334.5537264729094,186.4568494272711,0.0,0.5,1250.311067877332,1228.8141513261537,10800.0,486.92399417166007,264.70953647836257,1299.2771265149163,49118.573322247685,6,37142.92711948186,0,1.0001108967117034e-07,optimal,optimal,optimal
2025-02-25,ANNUAL REFERENCE ONLY,0.95,1.0,1250.311067877332,14,1250.311067877332,optimal,optimal,48760.63566357292,0.0,0.0,14,9771.108747222215,optimal,optimal,15.03909424244111,555.4231426843309,1520.762630469616,0.5659958479968336,14,7886.7085408648345,optimal,optimal,-1011.7637921916182,0.0,3287.3824277831914,0.6663253470070647,14,10650.923894361476,optimal,optimal,228.92573100852655,130.8709950746739,0.0,0.5,1240.9519433376333,1200.0000000526593,10780.09581203703,-767.7989669406505,19.605926266455967,41.368504551831506,48034.20520118409,1,37665.61083326428,0,1.00000761449337e-07,optimal,optimal,optimal
2025-02-26,ANNUAL REFERENCE ONLY,0.95,1.0,1240.9519433376333,14,1240.9519433376333,optimal,optimal,44268.92478590215,0.0,0.0,14,9757.763034167285,optimal,optimal,1199.125255762395,1460.570355111046,0.8259715349996118,0.5725853594492636,14,6512.43096047933,optimal,optimal,1509.8348872857086,1534.0017773765921,27.47167100847423,0.6948286788827562,14,10570.369490919293,optimal,optimal,349.3874613899017,197.37912483930313,0.0,0.5,1237.7515350073284,1222.7305629377656,10654.26296009321,3058.347604438005,291.93360974661925,1427.2626396365556,48754.53502997671,9,40011.27236323607,0,1.0000476891036669e-07,optimal,optimal,optimal
2025-02-27,ANNUAL REFERENCE ONLY,0.95,1.0,1237.7515350073284,14,1237.7515350073284,optimal,optimal,45675.513884349704,0.0,0.0,14,9914.93780259259,optimal,optimal,221.77170187326476,645.7538210198087,1525.6345913393209,0.5833796644757399,14,6827.529469353622,optimal,optimal,90.88711721984798,130.8535029763912,189.661975155402,0.694164167752262,14,10484.256167672624,optimal,optimal,446.40201923532646,284.16944925693423,0.0,0.5,1247.3875738542595,1200.0,10797.495209999997,759.0608383284392,223.20703131945098,1063.3598632281662,47497.93458590631,9,40870.18195438812,0,1.0000098882301245e-07,optimal,optimal,optimal
2025-02-28,ANNUAL REFERENCE ONLY,0.95,1.0,1247.3875738542595,14,1247.3875738542595,optimal,optimal,17571.98794354687,0.0,0.0,14,6008.263679089662,optimal,optimal,-85.0063865022538,33.50560392487432,267.50118048357876,0.5840047976994293,14,9034.26697863582,optimal,optimal,85.97084296935206,77.82279269732437,50.97755316679469,0.6861676199693404,14,9661.91036842657,optimal,optimal,389.1369940756341,248.9842183704518,0.0,0.5,1252.1361915121033,1202.799542614882,10521.809325836439,390.1014505427324,1.9291126329443066e-07,6.000040709366657e-07,17962.089394689607,0,31457.72579095206,0,1.0000524071074323e-07,optimal,optimal,optimal
2025-03-01,ANNUAL REFERENCE ONLY,0.95,1.0,1252.1361915121033,14,1252.1361915121033,optimal,optimal,20187.285845772516,0.0,0.0,14,9751.567759259256,optimal,optimal,-274.6592474901762,10.125808099325695,999.8277818013905,0.5715688806782705,14,10286.876731060995,optimal,optimal,-112.62866150123304,0.0,280.01723333245343,0.6753199760646394,14,9817.88500925926,optimal,optimal,396.4360736699965,298.64408793549364,0.0,0.5,1244.3491478935207,1226.968184081475,10799.999999999998,9.14816467858725,47.111807152086264,246.30838167940223,20442.742392130505,2,29125.342312125504,0,1.00000761449337e-07,optimal,optimal,optimal
2025-03-02,ANNUAL REFERENCE ONLY,0.95,1.0,1244.3491478935207,14,1244.3491478935207,optimal,optimal,51932.148915888116,0.0,0.0,14,9689.14443832593,optimal,optimal,719.093760377297,945.2891093965519,967.9580605922171,0.5859467581707153,14,7960.4331313136345,optimal,optimal,-851.6569337261326,0.0,2573.9163022990188,0.6744831662607093,14,10465.43803856836,optimal,optimal,387.890263265827,290.57712201801166,0.0,0.5,1229.8503848412524,1200.000000052411,10800.0,255.32708991699144,15.695012176484266,33.19776775669426,52220.67377356181,2,40312.86375789126,0,1.00000761449337e-07,optimal,optimal,optimal
2025-03-03,ANNUAL REFERENCE ONLY,0.95,1.0,1229.8503848412524,14,1229.8503848412524,optimal,optimal,53263.62109903965,0.0,0.0,14,9890.436572623457,optimal,optimal,-969.7788152663059,351.51907317659965,3938.629162854399,0.5977997556604822,14,8277.464924676402,optimal,optimal,-525.0436760829406,116.48003328813263,2349.2953261778493,0.6631549236624823,14,10255.575101597342,optimal,optimal,392.01311634542725,289.16660089196165,0.0,0.5,1229.1785893298297,1200.0,10576.751598267043,-1102.809375003819,23.231891675328487,109.92004903973827,52270.731773075575,2,38961.0486716121,0,1.0002258932217956e-07,optimal,optimal,optimal
2025-03-04,ANNUAL REFERENCE ONLY,0.95,1.0,1229.1785893298297,14,1229.1785893298297,optimal,optimal,47474.43161805719,0.0,0.0,14,10005.065740740742,optimal,optimal,287.9853893589674,516.8870166964108,315.76361251838705,0.6143047116896048,14,7818.116186538584,optimal,optimal,-422.19464036231585,0.0,1504.741573962196,0.6618508705692833,14,10286.89304197942,optimal,optimal,514.1715241640369,461.7962622185235,0.0,0.5,1206.7188339932698,1200.000000052411,10800.0,379.9622731606884,243.24853937882654,810.9389246988981,48665.33281591678,6,38173.943363216174,0,1.0000245765695582e-07,optimal,optimal,optimal
2025-03-05,ANNUAL REFERENCE ONLY,0.95,1.0,1206.7188339932698,14,1206.7188339932698,optimal,optimal,49916.36041290328,0.0,0.0,14,9671.621606916056,optimal,optimal,-796.4069604940458,42.698943044251386,2478.4399033388318,0.615307660510601,14,8785.54408716203,optimal,optimal,-1285.3642525947005,12.675845992182985,4279.112044527406,0.6095466662302056,14,10310.008535736517,optimal,optimal,485.2129513954925,417.5254267604995,0.0,0.5,1227.74050853254,1200.073647421425,10539.168829138278,-1596.5582616932538,127.69928458634783,544.1933219385577,48863.99547314859,3,35824.17166726748,0,1.00000761449337e-07,optimal,optimal,optimal
2025-03-06,ANNUAL REFERENCE ONLY,0.95,1.0,1227.74050853254,14,1227.74050853254,optimal,optimal,46288.070522186536,0.0,0.0,14,9985.96574074074,optimal,optimal,-453.9040630306998,72.85661938540386,1557.936524615142,0.6267243695810517,14,7253.229031469502,optimal,optimal,-302.5621489081685,58.618201217835804,1195.390574088488,0.592395757172064,14,10482.40466132015,optimal,optimal,406.1600958185477,241.86308256416712,0.0,0.5,1200.0000000519697,1200.0000000519697,10799.999999999998,-350.30611612032067,285.78280045197494,1023.4696834336605,46961.23408949987,12,38187.697000253174,0,1.0000245765695582e-07,optimal,optimal,optimal
2025-03-07,ANNUAL REFERENCE ONLY,0.95,1.0,1200.0000000519697,14,1200.0000000519697,optimal,optimal,18443.82805018933,0.0,0.0,14,6873.968109629627,optimal,optimal,-532.8976118863146,0.0,1314.1282089244444,0.6247225147424333,14,10742.266244262064,optimal,optimal,-81.30456401269923,0.0,191.18832658411287,0.5933547259654912,14,9874.254978718982,optimal,optimal,29.98617504616519,48.43679120373747,3.3701874572921855,0.5,1220.2925156904842,1200.0000000519697,10742.266244262064,-584.2160008528487,22.445726754019894,47.11358107287644,17906.72563040936,1,28694.205762654005,0,1.0000245765695582e-07,optimal,optimal,optimal
2025-03-08,ANNUAL REFERENCE ONLY,0.95,1.0,1220.2925156904842,14,1220.2925156904842,optimal,optimal,17042.942009609895,0.0,0.0,14,5536.635467878652,optimal,optimal,-228.3672010322178,0.0,533.7677953245054,0.6466203253419684,14,10586.000276300882,optimal,optimal,35.27330496210847,46.040949051522546,3.868546411862831,0.5788451861355582,14,9897.640682062569,optimal,optimal,9.927101990159064,15.764811640717605,0.0,0.5,1202.8580173791263,1202.8580173791263,10800.0,-183.16679407995028,13.580600314303636,28.424196595587162,16888.199412125534,1,28999.415725996147,0,1.000009651761502e-07,optimal,optimal,optimal
2025-03-09,ANNUAL REFERENCE ONLY,0.95,1.0,1202.8580173791263,14,1202.8580173791263,optimal,optimal,47915.99114943256,0.0,0.0,14,9402.268516449645,optimal,optimal,-1994.843799209383,1.4843769295407583,6184.619085221641,0.6451156423535155,14,7192.64433936749,optimal,optimal,-230.53715095895393,243.4322797803848,1631.6879275283154,0.561685315085434,14,10444.249986868506,optimal,optimal,309.82179863369237,199.1402324107466,88.34162086724098,0.5,1205.4768738449275,1202.8580173791263,10542.369167309307,-1915.5591515346443,102.46112769160587,495.4706337156179,46495.90263161353,4,38362.45486837068,0,1.00000761449337e-07,optimal,optimal,optimal
2025-03-10,ANNUAL REFERENCE ONLY,0.95,1.0,1205.4768738449275,14,1205.4768738449275,optimal,optimal,45599.472170449626,0.0,0.0,14,9932.570538888882,optimal,optimal,67.4059322279274,597.7043247161105,1659.1702292269824,0.6591773041260458,14,6855.659655782735,optimal,optimal,-155.80849054073124,98.66665865828543,824.1607536550057,0.5694817941234427,14,10476.26230970279,optimal,optimal,352.3091079136276,214.9111400229608,0.0,0.5,1200.0000000519697,1200.0000000519697,10789.195538888882,263.9065496008237,164.7816842847837,770.1738741148749,46633.552594165325,8,39555.426272770914,0,1.0000007932831068e-07,optimal,optimal,optimal
2025-03-11,ANNUAL REFERENCE ONLY,0.95,1.0,1200.0000000519697,14,1200.0000000519697,optimal,optimal,40722.18759506311,0.0,0.0,14,9982.150925925926,optimal,optimal,3418.4767682442543,4124.452779485497,0.0,0.636085468987753,14,6913.539222282551,optimal,optimal,-295.67110970029967,0.0,734.0224497205512,0.5680371344828185,14,10492.51195067652,optimal,optimal,413.5341013080426,276.73924439113085,0.0,0.5,1205.9293635636266,1200.0000000519697,10800.0,3536.339759851997,32.769021878160004,136.903891527966,44395.43124644307,3,38909.610384939486,0,1.0000803740695119e-07,optimal,optimal,optimal
2025-03-12,ANNUAL REFERENCE ONLY,0.95,1.0,1205.9293635636266,14,1205.9293635636266,optimal,optimal,47856.58173210513,0.0,0.0,14,9204.35365348766,optimal,optimal,-2640.0921118297283,1.1160701563434259,8324.183892861136,0.6560580958531174,14,7781.433730119439,optimal,optimal,-307.59709661408203,165.55818857316413,1752.9197581969327,0.5399984401412427,14,10420.461922685186,optimal,optimal,315.22791481432,180.90330701016754,0.0,0.5,1200.7225880363942,1200.7225880363942,10468.374980846982,-2632.4612936294907,368.51656277865817,1486.0329757170048,46710.153414192646,16,36973.51427763986,0,1.0001531336456537e-07,optimal,optimal,optimal
2025-03-13,ANNUAL REFERENCE ONLY,0.95,1.0,1200.7225880363942,14,1200.7225880363942,optimal,optimal,47574.27013415906,0.0,0.0,14,9423.612628981484,optimal,optimal,-1103.3884807030631,177.10218567097513,4108.938198391907,0.6387062446289143,14,7951.288008226342,optimal,optimal,-283.4528635198155,24.936729638995217,1184.8220382744184,0.5458782883609149,14,10525.455937982106,optimal,optimal,105.08048911400242,65.6804000671317,20.749455886604572,0.5,1208.8042499941262,1200.0000000520304,10565.31528904316,-1281.7608551088763,220.88226684558649,1230.4712415618808,47522.98052061206,4,37754.15489213444,0,1.0002258932217956e-07,optimal,optimal,optimal
2025-03-14,ANNUAL REFERENCE ONLY,0.95,1.0,1208.8042499941262,14,1208.8042499941262,optimal,optimal,16264.942461816554,0.0,0.0,14,5089.461374492429,optimal,optimal,184.7410975710183,258.7814475787097,155.9762343842009,0.6539428791476438,14,10381.184623296233,optimal,optimal,-40.73464683797741,27.323397156201906,186.3535104901541,0.533223195554687,14,9630.140240740744,optimal,optimal,392.8465254152045,218.42709999999695,16.49116076147802,0.5,1272.9516111754747,1208.8042499941262,10649.096786990685,536.8529761482454,64.14684022568713,253.98401544292676,17055.779453407726,2,28430.172024409403,0,1.000049660433433e-07,optimal,optimal,optimal
2025-03-15,ANNUAL REFERENCE ONLY,0.95,1.0,1272.9516111754747,14,1272.9516111754747,optimal,optimal,15451.62803863941,0.0,0.0,14,4471.333836111112,optimal,optimal,257.15255909465225,291.97845059788904,91.41734110523706,0.6218591920046695,14,8274.461166915118,optimal,optimal,-9.199832161429377,31.33086708349316,122.92501277861788,0.5614954490340502,14,9804.828385756215,optimal,optimal,259.22974926265414,144.28201115273987,11.458822090185445,0.5,1200.0000000519697,1200.0000000519697,10643.016684521644,507.18247619587703,785.8729047683435,1809.6571805915728,17768.46769542686,21,27902.079480691904,0,1.000011716314475e-07,optimal,optimal,optimal
2025-03-16,ANNUAL REFERENCE ONLY,0.95,1.0,1200.0000000519697,14,1200.0000000519697,optimal,optimal,45027.513777558706,0.0,0.0,14,9347.288110061727,optimal,optimal,-755.3327281163225,13.880730965063435,2424.2780926709347,0.5813955069181171,14,7270.585125313926,optimal,optimal,-518.7760502669778,23.9438416666668,1560.0177406677867,0.5981624245819492,14,10484.815433757669,optimal,optimal,398.9934681839506,267.37277628476363,0.0,0.5,1246.9815652201482,1200.0000000519697,10562.68760646016,-875.1153101993498,400.92250074542187,1440.858762671197,45593.257230030555,12,38007.847202134435,0,1.0001108967117034e-07,optimal,optimal,optimal
2025-03-17,ANNUAL REFERENCE ONLY,0.95,1.0,1246.9815652201482,14,1246.9815652201482,optimal,optimal,41471.72951250148,0.0,0.0,14,9328.344283425922,optimal,optimal,-1902.7782115911327,3.4348184476714323,6970.327069942305,0.5486254321164702,14,6137.003116878319,optimal,optimal,418.19304692452647,574.9700901628166,376.68743318054544,0.6121487272201767,14,10237.874768558971,optimal,optimal,525.29004600787,316.68734200993606,0.0,0.5,1230.9203706028338,1200.0,10372.412250783653,-959.2951186587362,912.5622154320322,3898.451111178422,44410.885505021164,19,38019.606890580566,0,1.0001108967117034e-07,optimal,optimal,optimal
2025-03-18,ANNUAL REFERENCE ONLY,0.95,1.0,1230.9203706028338,14,1230.9203706028338,optimal,optimal,47800.403907292275,0.0,0.0,14,9396.110841296293,optimal,optimal,-1717.994070337526,192.210292315068,6312.928532977542,0.5534793120615912,14,6872.219567263181,optimal,optimal,-909.7418790917372,0.0,2748.1208058927177,0.6320757713266153,14,10541.291048214696,optimal,optimal,370.9511010934394,216.54472327343933,0.0,0.5,1257.8584915641,1230.9203706028338,10635.3527289952,-2256.784848335824,2.0050482125722018e-07,6.999959528755427e-07,45543.61905965645,0,37362.99726535726,0,1.0000044733260439e-07,optimal,optimal,optimal
2025-03-19,ANNUAL REFERENCE ONLY,0.95,1.0,1257.8584915641,14,1257.8584915641,optimal,optimal,39361.37905947027,0.0,0.0,14,9417.68267601851,optimal,optimal,1121.887867551915,1314.067265576704,1726.7687510247179,0.555083801606982,14,4973.2712834631675,optimal,optimal,1115.0550343908903,1298.9106711742643,22.203780421737594,0.683135864879147,14,10616.038565646353,optimal,optimal,253.02588836888333,149.27195758494616,-1.8189894035458565e-12,0.5,1280.0827805377592,1257.8584915641,10644.847294041414,2489.9687903116887,94.32629735824602,209.0270754131365,42060.374925195094,1,37693.79126175567,0,1.0000529982789886e-07,optimal,optimal,optimal
2025-03-20,ANNUAL REFERENCE ONLY,0.95,1.0,1280.0827805377592,14,1280.0827805377592,optimal,optimal,44584.48620691624,0.0,0.0,14,9265.726026944449,optimal,optimal,-1853.9947422335977,316.87667355924157,7467.778309905001,0.5534805697044803,14,5408.885437611964,optimal,optimal,326.0571362612456,409.5710893499411,0.0,0.6529613453245442,14,10456.840434627358,optimal,optimal,353.2835855008954,261.28976451478104,0.0,0.5,1324.97951573728,1200.0,10456.840434627358,-1174.6540204714565,620.0461961360195,2143.4109256565343,45553.24311210132,8,37812.62823121421,0,1.0000250938446698e-07,optimal,optimal,optimal
2025-03-21,ANNUAL REFERENCE ONLY,0.95,1.0,1324.97951573728,14,1324.97951573728,optimal,optimal,15285.424150011797,0.0,0.0,14,3722.834212962963,optimal,optimal,153.8488521668144,343.91335201071195,576.9407360971114,0.5401286105414042,14,10272.675705686992,optimal,optimal,75.99650199545172,71.00730616576377,88.20300802902389,0.6582630896959252,14,9658.310601851847,optimal,optimal,421.28504276077655,256.9064571519606,0.0,0.5,1351.2650173204713,1200.0,10459.806652523925,651.1303969230427,127.97371439872107,489.2143709135789,16425.768917848418,7,26494.98150846298,0,1.0000712245528121e-07,optimal,optimal,optimal
2025-03-22,ANNUAL REFERENCE ONLY,0.95,1.0,1351.2650173204713,14,1351.2650173204713,optimal,optimal,16442.77496064424,0.0,0.0,14,4774.712308090974,optimal,optimal,-106.55428367536739,0.0,248.8237650833315,0.5894160965675708,14,10167.468439022696,optimal,optimal,-143.44442165908083,12.966269817195325,357.5223614468516,0.6778761296245728,14,9846.086278901417,optimal,optimal,325.2036392296951,181.03721618519262,0.0,0.5,1320.6741431201935,1278.7609875327141,10558.198417563353,75.20493389524688,3.416061540910148e-07,1.4000114107242551e-06,16517.979895939498,0,26586.286331460546,0,1.0000712245528121e-07,optimal,optimal,optimal
2025-03-23,ANNUAL REFERENCE ONLY,0.95,1.0,1320.6741431201935,14,1320.6741431201935,optimal,optimal,45573.804416608386,0.0,0.0,14,9243.42653299383,optimal,optimal,-1503.1597123299077,0.0,4480.328477190538,0.604680337046331,14,7653.573116323438,optimal,optimal,-916.0703833553497,0.0,3081.6062448595417,0.6606491051688281,14,10472.669523000272,optimal,optimal,507.20687547573755,278.3736706063034,0.0,0.5,1299.4111522896405,1200.0,10630.879269427738,-1912.0232202095199,15.21257190082497,98.38352431318668,43760.16472071205,2,34795.15513744457,0,1.0000803740695119e-07,optimal,optimal,optimal
2025-03-24,ANNUAL REFERENCE ONLY,0.95,1.0,1299.4111522896405,14,1299.4111522896405,optimal,optimal,42639.02674031149,0.0,0.0,14,9456.318742222222,optimal,optimal,-749.2654489025234,504.3149612135689,4418.3808579116485,0.625847212400099,14,7713.291381845209,optimal,optimal,-556.9535849785107,0.7919058238495609,2220.875557556041,0.6680930884731737,14,10612.703613386358,optimal,optimal,264.53242325880524,152.10278489436362,0.0,0.4968047411243277,1245.000418402356,1245.000418402356,10637.330933759104,-1041.686610622229,3.209979081566454e-07,1.3000099938451968e-06,41597.34013098927,0,36704.41641199456,0,1.0000529982789886e-07,optimal,optimal,optimal
2025-03-25,ANNUAL REFERENCE ONLY,0.95,1.0,1245.000418402356,14,1245.000418402356,optimal,optimal,47395.04185155437,0.0,0.0,14,8483.56682145272,optimal,optimal,-2758.749886189174,1.0295290954152847,8768.410449758161,0.6367138138872621,14,7335.478295113206,optimal,optimal,-564.635926261283,13.256597371547295,2322.118850721455,0.6452323882228014,14,10341.81648636104,optimal,optimal,573.1940374141333,385.97431332236937,0.0,0.5037799605761082,1256.2025108889045,1200.0,10344.749467842521,-2750.1917750363236,422.02430837418984,1719.3927063878289,46364.24278290588,15,34029.877151396824,0,1.00000761449337e-07,optimal,optimal,optimal
2025-03-26,ANNUAL REFERENCE ONLY,0.95,1.0,1256.2025108889045,14,1256.2025108889045,optimal,optimal,40476.17367315972,0.0,0.0,14,9687.677346635803,optimal,optimal,-651.7405241026729,0.6269573070817387,2192.225024357811,0.6371733192991729,14,7182.051527672135,optimal,optimal,-783.9224145286797,15.306161773196095,2700.5302603466853,0.6186870025368991,14,10575.08193424348,optimal,optimal,380.1572961060585,199.1428083476936,0.0,0.4989177013686874,1337.613742045916,1256.2025108889045,10585.972071944445,-1055.505642525294,2.404621976101705e-07,5.000001417741259e-07,39420.668031134424,0,36313.63574667428,0,1.0000053407566156e-07,optimal,optimal,optimal
2025-03-27,ANNUAL REFERENCE ONLY,0.95,1.0,1337.613742045916,14,1337.613742045916,optimal,optimal,43328.97843294263,0.0,0.0,14,9608.715734783946,optimal,optimal,-664.2777805603773,519.3098677027267,4013.249223588911,0.6494599042311157,14,7705.384619306053,optimal,optimal,-861.7456271826459,0.0,2770.952415301771,0.6550543943706506,14,10562.984638967084,optimal,optimal,384.10957642598737,209.83051382513014,0.0,0.49442850001477917,1337.5527999880148,1274.6047244804668,10564.497924015976,-1141.9138313170358,3.39194737089205e-07,1.200014235639901e-06,42187.064602825616,0,35603.05270701122,0,1.0000793690778663e-07,optimal,optimal,optimal
2025-03-28,ANNUAL REFERENCE ONLY,0.95,1.0,1337.5527999880148,14,1337.5527999880148,optimal,optimal,15633.294394305325,0.0,0.0,14,5027.274648673182,optimal,optimal,-55.41146805002868,51.89767036753818,221.83239830539114,0.6557618751627033,14,10551.688100375963,optimal,optimal,-46.7520721028221,0.0,101.47415453682461,0.6722824725269285,14,9802.66134133837,optimal,optimal,359.30522964467144,206.0597297623878,0.0,0.4932652057912807,1334.1264359543984,1262.4492839327193,10597.350397018732,257.14168949182067,1.2051201406142393e-07,5.999960619898048e-07,15890.43608439714,0,26856.659909438476,0,1.0000116321862151e-07,optimal,optimal,optimal
2025-03-29,ANNUAL REFERENCE ONLY,0.95,1.0,1334.1264359543984,14,1334.1264359543984,optimal,optimal,14920.566281505862,0.0,0.0,14,4255.768323831116,optimal,optimal,412.7498811576581,312.7862292324271,57.65136127735593,0.6491035754663508,14,10311.885590428616,optimal,optimal,-11.861404157730117,11.20945091537515,48.94081214345607,0.6576525656718423,14,9759.882247866486,optimal,optimal,377.4995648972473,211.08808260692064,0.0,0.4892728972851948,1363.837252439666,1334.1264359543984,10593.119228881316,778.3880418971753,11.512974110775135,61.83618368224757,15760.790507085285,1,25993.071219557445,0,1.0000186193792614e-07,optimal,optimal,optimal
2025-03-30,ANNUAL REFERENCE ONLY,0.95,1.0,1363.837252439666,14,1363.837252439666,optimal,optimal,41893.920451883125,0.0,0.0,14,9480.078075493828,optimal,optimal,-1864.8898869971167,1.9665026559997942,6540.875427066529,0.6774188755970981,14,6985.291226063105,optimal,optimal,-711.4606856264153,97.71248000804016,2694.459844243075,0.6638361125423499,14,10449.957082152989,optimal,optimal,410.1717260580946,298.8927552829072,0.0,0.49386075930982226,1294.4625047873983,1294.4625047873983,10449.957082152989,-2166.1788465654377,320.0694332613216,1175.7253590972643,40903.46696441495,7,35480.56098256511,0,1.0000064776249928e-07,optimal,optimal,optimal
2025-03-31,ANNUAL REFERENCE ONLY,0.95,1.0,1294.4625047873983,14,1294.4625047873983,optimal,optimal,36491.55548482269,0.0,0.0,14,9559.534256697529,optimal,optimal,3872.6561897322804,4198.670338549158,55.64269431104242,0.7007541112959871,14,7436.669734475313,optimal,optimal,-733.9015586511531,80.32588805809553,2248.884090943325,0.6196350307683708,14,10468.890870483916,optimal,optimal,359.4560417885834,270.02300521387014,0.0,0.5001585889713717,1286.5296219971901,1286.5296219971901,10519.15146657407,3498.2106728697104,1.0793457245678683e-07,2.999975841546984e-07,39989.766157992395,0,36058.52095412774,0,1.0000803740695119e-07,optimal,optimal,optimal
2025-04-01,ANNUAL REFERENCE ONLY,0.95,1.0,1286.5296219971901,14,1286.5296219971901,optimal,optimal,44259.486871086076,0.0,0.0,14,9428.528601882716,optimal,optimal,-1003.849619745707,239.86274596988193,3801.424913459444,0.6913151977904117,14,8985.551855139998,optimal,optimal,-874.202857982441,0.0,3329.330864704835,0.6313767006042824,14,10413.67773177409,optimal,optimal,454.67558859343177,242.91274449078782,31.105055863599166,0.4972912453923081,1252.1867728294076,1239.1922258542133,10486.841845767873,-1423.3768891347163,124.38536740525288,638.593757612533,43474.7037395639,6,32936.0176734863,0,1.0000053407566156e-07,optimal,optimal,optimal
2025-04-02,ANNUAL REFERENCE ONLY,0.95,1.0,1252.1867728294076,14,1252.1867728294076,optimal,optimal,42231.95951271312,0.0,0.0,14,9516.204534629627,optimal,optimal,296.03282576079,835.463371037876,1563.2857352654273,0.6858448122388939,14,8197.45614238612,optimal,optimal,-691.8212007851989,0.0,2511.387913834422,0.6469556504080453,14,10419.613088643217,optimal,optimal,349.53167699394464,191.7440972674824,59.69479203070868,0.4982120151269431,1257.5318226631455,1200.0,10550.243384981899,-46.25669803046429,45.42640150756534,307.4763216836613,42493.179136366314,3,34835.15634520447,0,1.0000803740695119e-07,optimal,optimal,optimal
2025-04-03,ANNUAL REFERENCE ONLY,0.95,1.0,1257.5318226631455,14,1257.5318226631455,optimal,optimal,43840.67397045893,0.0,0.0,14,9739.363097129632,optimal,optimal,-2087.780269436889,0.0,6341.504891762615,0.6716607669290972,14,8328.689343237758,optimal,optimal,-519.9987195830844,83.91517339313998,2177.124309069556,0.6263611627275693,14,10543.440483219447,optimal,optimal,331.6353964291695,214.00317943646266,0.0,0.5010187762420668,1235.621586940422,1231.114931348327,10643.266653132965,-2276.143592590804,30.46679607572223,65.03537269815192,41629.565750566275,2,34925.324338802486,0,1.0000053407566156e-07,optimal,optimal,optimal
2025-04-04,ANNUAL REFERENCE ONLY,0.95,1.0,1235.621586940422,14,1235.621586940422,optimal,optimal,14349.446895041594,0.0,0.0,14,4009.8284021604923,optimal,optimal,-69.92341650550846,3.0670918030877123,170.146511899284,0.7094430859168679,14,10434.522729336153,optimal,optimal,55.940148923799974,88.57528452379921,0.0,0.6192805849579917,14,9739.784626115397,optimal,optimal,456.8600556502352,300.53888940593976,0.0,0.4998240333546893,1306.7790231850383,1235.621586940422,10479.59800385159,442.8767880685267,1.8832053137356062e-07,3.9999993909891595e-07,14792.32368351012,0,25329.265222909387,0,1.00000761449337e-07,optimal,optimal,optimal
2025-04-05,ANNUAL REFERENCE ONLY,0.95,1.0,1306.7790231850383,14,1306.7790231850383,optimal,optimal,13924.897438335578,0.0,0.0,14,3270.572737651397,optimal,optimal,104.64507868067008,232.09991160800593,100.83300505855618,0.6762029553813047,14,10438.346534626558,optimal,optimal,-29.847720121359853,0.0,58.88470163589332,0.599186518018132,14,9568.585455463393,optimal,optimal,611.8214444866945,357.89941237495833,95.1637779556109,0.504379573288567,1254.5162730155878,1217.5672933596622,10463.639201427113,686.6188030460048,220.3629685800471,1033.1932031823217,15644.709444563905,6,24827.197842902373,0,1.0000030670198612e-07,optimal,optimal,optimal
2025-04-06,ANNUAL REFERENCE ONLY,0.95,1.0,1254.5162730155878,14,1254.5162730155878,optimal,optimal,40676.91727797542,0.0,0.0,14,9847.834467870367,optimal,optimal,-1362.7091943355706,179.26000870236822,5325.866821029884,0.6695448291013596,14,7097.563632353887,optimal,optimal,79.71225899465854,219.87474027335577,968.5706975926366,0.5999473299642929,14,10613.028200793693,optimal,optimal,271.4143947239747,146.0519903327733,0.0,0.5095663463864637,1257.478454844261,1254.5162730155878,10668.502523425923,-1011.5825406169374,77.66605568498646,278.4464332237409,39943.781170582224,4,37428.8620657361,0,1.0000030670198612e-07,optimal,optimal,optimal
2025-04-07,ANNUAL REFERENCE ONLY,0.95,1.0,1257.478454844261,14,1257.478454844261,optimal,optimal,35547.63930133638,0.0,0.0,14,9595.862438796295,optimal,optimal,1258.0802894778385,1123.8523962943689,363.86506588236296,0.6489355204906598,14,7161.24564357094,optimal,optimal,-82.08933349429766,0.0,184.08515805138427,0.6085036587709575,14,10583.788776699343,optimal,optimal,320.1456930309716,175.99463439344305,0.0,0.504914426033732,1250.5314518267899,1222.071195174168,10603.87295127743,1496.1366490145124,6.438234705848636,13.584675230999125,37057.360625581896,1,36959.87550955924,0,1.0000803740695119e-07,optimal,optimal,optimal
2025-04-08,ANNUAL REFERENCE ONLY,0.95,1.0,1250.5314518267899,14,1250.5314518267899,optimal,optimal,42149.419618664535,0.0,0.0,14,9923.065841296295,optimal,optimal,-1416.2441220902992,203.12554819431693,5081.783994764418,0.6734807836550142,14,7025.637959298839,optimal,optimal,-664.8925974166494,0.0,2271.122315826839,0.5998208452657893,14,10580.86164227165,optimal,optimal,310.3035441419626,166.65479712540557,0.0,0.5042844884466241,1200.0000000519697,1200.0000000519697,10751.256582037036,-1770.8331753649861,63.813175721739654,153.7471414158409,40532.333584715394,5,37224.21375776913,0,1.0002258932217956e-07,optimal,optimal,optimal
2025-04-09,ANNUAL REFERENCE ONLY,0.95,1.0,1200.0000000519697,14,1200.0000000519697,optimal,optimal,40782.483563459806,0.0,0.0,14,9937.934762499995,optimal,optimal,-54.56708214342583,50.52864754044118,422.06760405767574,0.6834713667078797,14,4991.97777965977,optimal,optimal,487.27390450897593,655.2210734207791,199.86907216933997,0.5804985346684775,14,10569.70511091794,optimal,optimal,311.43458569473955,170.53002093980555,2.409300097386829e-06,0.503154632052482,1200.0000000519697,1200.0000000519697,10742.631984722218,744.1414080602897,71.54222727989456,150.97361014286122,41677.59858166296,3,37555.16361506487,0,1.0000803740695119e-07,optimal,optimal,optimal
2025-04-10,ANNUAL REFERENCE ONLY,0.95,1.0,1200.0000000519697,14,1200.0000000519697,optimal,optimal,39941.59783826373,0.0,0.0,14,9837.52282157408,optimal,optimal,-164.32217742493307,0.0,485.5943395464938,0.6968524037986352,14,6359.003203024445,optimal,optimal,-773.5677658448776,0.0,1996.8630343930304,0.5851150357648676,14,10573.548447035508,optimal,optimal,342.55083246477,191.91611136762904,0.0,0.5018979100426225,1212.7777168897987,1200.0000000519697,10667.759395648154,-595.3391108050407,16.185876128809397,33.97415406672866,39380.23288152542,1,37424.06618560577,0,1.0000803740695119e-07,optimal,optimal,optimal
2025-04-11,ANNUAL REFERENCE ONLY,0.95,1.0,1212.7777168897987,14,1212.7777168897987,optimal,optimal,13114.021900859796,0.0,0.0,14,2890.495047901895,optimal,optimal,540.9543502579974,398.39636861570233,0.0,0.6406059088795468,14,9598.085063289018,optimal,optimal,-72.3879414039446,5.11532555794156,164.02282629588203,0.5893266957832822,14,9661.977893824884,optimal,optimal,490.0681799759161,314.7314042981506,0.0,0.5043051561119479,1206.3722223262228,1200.0,10598.026110211533,958.6345888299688,145.66869395113005,465.2972216393755,14537.95371132914,5,24640.885314399835,0,1.0000053407566156e-07,optimal,optimal,optimal
2025-04-12,ANNUAL REFERENCE ONLY,0.95,1.0,1206.3722223262228,14,1206.3722223262228,optimal,optimal,15096.491040779043,0.0,0.0,14,3411.4997993210136,optimal,optimal,-568.4290918063789,0.0,1354.0432314122977,0.6672594618968734,14,10612.820427972996,optimal,optimal,48.14670688413313,35.64083971327925,0.0,0.5893240458451492,14,9702.14369875339,optimal,optimal,458.1697833557757,259.8094119398108,2.9152505280304695,0.5037448283990364,1219.281835575065,1206.3722223262228,10612.820427972996,-62.11260156647012,1.2085784942177309e-07,6.000074058898462e-07,15034.37843981258,0,24228.59663166054,0,1.0000858901548782e-07,optimal,optimal,optimal
2025-04-13,ANNUAL REFERENCE ONLY,0.95,1.0,1219.281835575065,14,1219.281835575065,optimal,optimal,38298.852785964606,0.0,0.0,14,9967.8,optimal,optimal,-1219.7533178554593,0.0,3672.6441044962185,0.6936873228154161,14,6434.519881291273,optimal,optimal,238.87492024524838,224.14983388171163,250.67782525696367,0.590654658396544,14,10478.442594763772,optimal,optimal,523.7672279771896,283.3906008063174,49.93403581467151,0.4988526446594867,1201.7844539485952,1201.3347955745517,10800.0,-457.1111696330213,587.3918231092298,2623.9127954003884,40465.65441173197,17,36523.37624915213,0,1.00000761449337e-07,optimal,optimal,optimal
2025-04-14,ANNUAL REFERENCE ONLY,0.95,1.0,1201.7844539485952,14,1201.7844539485952,optimal,optimal,40799.395446540046,0.0,0.0,14,9597.057275844849,optimal,optimal,-2837.1465144241824,0.0,8380.243200445822,0.6787565671771497,14,5999.720507244107,optimal,optimal,-430.6971969258018,0.0,1216.074224706744,0.6081907264652692,14,10465.806784748444,optimal,optimal,552.5743684437832,302.1804763617249,0.0,0.5022004431023772,1201.7310464470277,1200.0,10465.806784748444,-2715.269342906201,369.1165235894938,1913.758671437962,39997.88477507181,18,35862.68061428752,0,1.0000252359532169e-07,optimal,optimal,optimal
2025-04-15,ANNUAL REFERENCE ONLY,0.95,1.0,1201.7310464470277,14,1201.7310464470277,optimal,optimal,35301.90781115448,0.0,0.0,14,9995.36144888889,optimal,optimal,1017.8231660039559,1156.8492412826522,1830.3330787266837,0.6631824258594174,14,8277.194631959013,optimal,optimal,-331.2922022577084,15.238454893433072,1181.3029392260541,0.6042793466045485,14,10411.70581511527,optimal,optimal,685.5950034515473,365.149055984872,54.1489217827641,0.5028888103214648,1206.795286608638,1201.7310464470277,10787.772560000001,1372.1259671977946,130.5214962971075,629.140174082909,37303.17395243519,4,33775.956636554954,0,1.0002258932217956e-07,optimal,optimal,optimal
2025-04-16,ANNUAL REFERENCE ONLY,0.95,1.0,1206.795286608638,14,1206.795286608638,optimal,optimal,38989.60396800139,0.0,0.0,14,9832.712260738143,optimal,optimal,523.2756944685673,988.8442768061697,2558.511368124511,0.6460894092234675,14,6479.182188953653,optimal,optimal,-144.16659808511832,32.164035781213215,596.8389147798268,0.5905654569337081,14,10650.905471361844,optimal,optimal,237.22389896397286,132.83861574651917,54.14897725926526,0.5115926708380105,1200.0000000519694,1200.0000000519694,10673.677114439688,616.3329953474218,117.82467416063652,287.2419562527589,39893.178919601574,6,36443.26658369544,0,1.0000167094403878e-07,optimal,optimal,optimal
2025-04-17,ANNUAL REFERENCE ONLY,0.95,1.0,1200.0000000519694,14,1200.0000000519694,optimal,optimal,36161.63100138478,0.0,0.0,14,9299.453479074076,optimal,optimal,145.45779816990293,224.56766513735994,58.37006467617528,0.6195968484936182,14,5840.760829625624,optimal,optimal,-8.418234164434432,16.64811868957986,154.7157910971851,0.6027059062547465,14,10497.96689530554,optimal,optimal,506.0890787419877,271.46522769433534,54.14267541317308,0.510166951221623,1200.3024034569564,1200.0000000519694,10770.345145740743,643.1286427474562,6.156293815551913e-08,2.000040636223275e-07,36804.75964433224,0,37000.302191979485,0,1.5196951608231757e-07,optimal,optimal,optimal
2025-04-18,ANNUAL REFERENCE ONLY,0.95,1.0,1200.3024034569564,14,1200.3024034569564,optimal,optimal,13469.007264115164,0.0,0.0,14,2971.317213336395,optimal,optimal,85.53845121303416,137.62159979441492,289.5306605760694,0.645089905047508,14,9855.264685776547,optimal,optimal,15.233594711994671,35.41925926281408,15.216573272169756,0.571131874574879,14,9843.71273410479,optimal,optimal,273.9460013712425,178.8570222503595,0.0,0.5112610386975741,1225.1013845222644,1200.3024034569564,10594.209044702957,374.7180472962714,9.360012563246065e-08,2e-07,13843.725311611435,0,24745.907972575646,0,1.0000258043874055e-07,optimal,optimal,optimal
2025-04-19,ANNUAL REFERENCE ONLY,0.95,1.0,1225.1013845222644,14,1225.1013845222644,optimal,optimal,13036.752242997027,0.0,0.0,14,3380.0587936950346,optimal,optimal,33.21537043727327,71.21756836220953,247.1620626543209,0.6319473992529635,14,10535.921952594106,optimal,optimal,376.49067911461873,363.6058797731266,0.0,0.5826997005768462,14,9734.40193266985,optimal,optimal,402.3161691922397,264.2673136734544,124.03037659752687,0.5080215898416776,1208.1552836154262,1208.1552836154262,10535.921952594106,812.0222187441318,1.4542699909196464e-07,2.999999523401129e-07,13848.77446204116,0,24371.296576110908,0,1.0000098882301245e-07,optimal,optimal,optimal
2025-04-20,ANNUAL REFERENCE ONLY,0.95,1.0,1208.1552836154262,14,1208.1552836154262,optimal,optimal,36088.673653502745,0.0,0.0,14,9789.343758611116,optimal,optimal,-433.39382796571726,62.9311756165103,2143.723524343833,0.6073341468644926,14,6339.245908796299,optimal,optimal,-164.9761882348947,51.53020983881743,880.9977194406674,0.6111158833352179,14,10719.346504040637,optimal,optimal,142.0934575161656,75.74024716145222,0.0,0.5132304054344883,1200.0000000519694,1200.0000000519694,10744.580853419977,-456.2765586844464,54.097355614913894,115.66014685207448,35748.05724167037,1,36764.16093249484,0,1.0000529982789886e-07,optimal,optimal,optimal
2025-04-21,ANNUAL REFERENCE ONLY,0.95,1.0,1200.0000000519694,14,1200.0000000519694,optimal,optimal,38101.101184752,0.0,0.0,14,9746.904168311654,optimal,optimal,-2390.9173673768173,0.0,8868.952011172398,0.6253216562577153,14,7042.275469607953,optimal,optimal,-261.94571870280265,22.24178800230675,782.4996068796829,0.6007158765197587,14,10405.96464393706,optimal,optimal,671.4860400138671,350.29779355288474,0.0,0.5134253152998147,1213.3488956857807,1200.0000000519694,10511.490742385728,-1981.3770460657531,144.12169856446144,520.9366524750033,36640.660791161245,8,33977.30887265899,0,1.0000803740695119e-07,optimal,optimal,optimal
2025-04-22,ANNUAL REFERENCE ONLY,0.95,1.0,1213.3488956857807,14,1213.3488956857807,optimal,optimal,34231.228306097466,0.0,0.0,14,9604.317892841658,optimal,optimal,1453.016891895578,1159.1433987968035,0.0,0.6435025635047428,14,7582.987781267583,optimal,optimal,-336.063547678507,56.08231162419918,1398.860061656666,0.6296844276844874,14,10655.96098314321,optimal,optimal,224.6804487136353,120.7235397995276,13.131528589483903,0.5113693121866998,1200.0000000519694,1200.0000000519694,10660.961802911457,1341.6337929307062,275.5652498877712,895.1688171695253,36468.0309161977,7,33588.11801774357,0,1.0000529982789886e-07,optimal,optimal,optimal
2025-04-23,ANNUAL REFERENCE ONLY,0.95,1.0,1200.0000000519694,14,1200.0000000519694,optimal,optimal,32951.821813029215,0.0,0.0,14,8963.023607894793,optimal,optimal,1127.7209960253124,1157.6707309339997,0.0,0.6652018081171397,14,6566.550073748065,optimal,optimal,-2.1056569724758756,12.716306338467234,95.1880056675679,0.634829254027098,14,10419.531295014476,optimal,optimal,636.300102554068,333.0193998396818,6.394371128657941,0.5036252860087479,1200.0000000519697,1200.0000000519694,10429.769830117015,1761.9154416069046,108.7784165561999,362.37818998923984,35076.115444625364,4,35204.51644640718,0,1.0001531336456537e-07,optimal,optimal,optimal
2025-04-24,ANNUAL REFERENCE ONLY,0.95,1.0,1200.0000000519697,14,1200.0000000519697,optimal,optimal,34013.58721355459,0.0,0.0,14,9921.71697259292,optimal,optimal,-274.4848599580696,83.50168848738804,1812.1726204502988,0.6912673015858386,14,7563.164771296624,optimal,optimal,195.2544416646989,197.24548061337777,227.75943795463786,0.6520926938239926,14,10686.21490442351,optimal,optimal,141.42603862340835,86.82199885706757,60.32854712130222,0.5028857172901148,1200.0000000519697,1200.0000000519697,10699.127712967716,62.195620330037656,19.529506175873333,41.75408420257311,34117.53691808719,1,33447.34756704308,0,1.0000803740695119e-07,optimal,optimal,optimal
2025-04-25,ANNUAL REFERENCE ONLY,0.95,1.0,1200.0000000519697,14,1200.0000000519697,optimal,optimal,13162.11759952147,0.0,0.0,14,2867.5690835493824,optimal,optimal,53.365091416629355,105.20665586582555,306.9530385370211,0.6817311944384786,14,10573.542808229575,optimal,optimal,-176.96380004260465,0.0,376.40518952857616,0.6363749218033539,14,9845.894234691883,optimal,optimal,277.3555774995667,222.63257015245244,0.0,0.49178572554188016,1228.2599297987713,1199.9999999999998,10573.542808229577,153.75686887359143,143.15183877642096,517.8727397801945,13833.747208175257,7,23268.246739491835,0,1.0000258043874055e-07,optimal,optimal,optimal
2025-04-26,ANNUAL REFERENCE ONLY,0.95,1.0,1228.2599297987713,14,1228.2599297987713,optimal,optimal,12643.42834142699,0.0,0.0,14,2314.8801187654303,optimal,optimal,104.25392294042481,82.71787913404629,26.316017028195972,0.68235784829596,14,10161.287082834438,optimal,optimal,45.6053430037347,80.62453578232768,37.60628900995124,0.6546457848793954,14,9853.843890100086,optimal,optimal,265.6983471792838,180.21403470939939,7.614174075812306e-07,0.48895997035494543,1200.0000000519697,1199.9999999999998,10594.498019816705,415.55761312344333,218.88089503590876,870.4322381844037,13929.418192734836,9,23465.33117418648,0,1.0000098882301245e-07,optimal,optimal,optimal
2025-04-27,ANNUAL REFERENCE ONLY,0.95,1.0,1200.0000000519697,14,1200.0000000519697,optimal,optimal,33121.95574977607,0.0,0.0,14,9265.05965027777,optimal,optimal,161.00931821566581,369.51054453087795,1247.0052363691493,0.6685449852451066,14,7311.9127560185125,optimal,optimal,-25.3201134279852,112.48515586003754,497.52269816178705,0.6363660385418936,14,10303.520255262574,optimal,optimal,730.0675272403814,411.57884057440015,0.0,0.48601436749670646,1200.0000000519697,1200.0000000519697,10678.056316944438,865.7567320280621,810.0835310740906,3313.0138563365363,37300.72633814067,20,35940.65445897217,0,1.0000053407566156e-07,optimal,optimal,optimal
2025-04-28,ANNUAL REFERENCE ONLY,0.95,1.0,1200.0000000519697,14,1200.0000000519697,optimal,optimal,40095.91926981934,0.0,0.0,14,10010.672139074073,optimal,optimal,-583.1303733065077,71.64043845709989,2340.4992606935093,0.6360380262969082,14,6168.971731525031,optimal,optimal,-154.66734745435028,67.16745224448891,804.9207598607952,0.6472560070857856,14,10532.792556043714,optimal,optimal,386.0941725420445,241.49596550698163,0.0,0.49128042178914716,1213.593310628191,1200.0000000519697,10786.048064999999,-351.7035482188136,2.494684411982803e-07,1.0000023143746148e-06,39744.21572260052,0,36127.862513798165,0,1.0000245765695582e-07,optimal,optimal,optimal
2025-04-29,ANNUAL REFERENCE ONLY,0.95,1.0,1213.593310628191,14,1213.593310628191,optimal,optimal,34138.500867535644,0.0,0.0,14,9316.042428703704,optimal,optimal,10.099431307618108,341.9531558853717,1807.7413275091478,0.5976011825390406,14,9219.669547777778,optimal,optimal,93.08616166350762,126.23535488860057,165.00555386015094,0.6543095372023991,14,10471.417821698029,optimal,optimal,510.3997435258673,293.08124215131534,0.0,0.4937930323404398,1218.1521943048642,1213.593310628191,10680.973484259259,613.585336496993,335.9854745463213,1354.8282063213014,36106.914410353944,6,32648.47383393317,0,1.000037457288272e-07,optimal,optimal,optimal
2025-04-30,ANNUAL REFERENCE ONLY,0.95,1.0,1218.1521943048642,14,1218.1521943048642,optimal,optimal,32791.58347019796,0.0,0.0,14,8120.271669430345,optimal,optimal,-159.48001353434015,0.0,670.3381947937172,0.5740318658404769,14,6185.030997022938,optimal,optimal,-71.31908656602612,0.0,145.78847227113738,0.67107790681695,14,10310.569337960822,optimal,optimal,707.6033815419788,440.9093441262496,0.0,0.4975611829940708,1200.0000000519694,1199.9999999999998,10394.343093637817,476.80428144161255,139.3967421621432,536.3481552199685,33804.73590685954,8,33225.34099310494,0,1.0000292149925372e-07,optimal,optimal,optimal
2025-05-01,ANNUAL REFERENCE ONLY,0.95,1.0,1200.0000000519694,14,1200.0000000519694,optimal,optimal,34317.95511068403,0.0,0.0,14,9208.606455092595,optimal,optimal,-286.3957952056888,35.75118382566637,1331.9611157591405,0.5620565283427029,14,7269.762892685191,optimal,optimal,-154.20220779723678,0.0,333.6572996556178,0.6419027216171779,14,10302.125823643963,optimal,optimal,749.4453921867091,436.5879854781006,0.0,0.50271368485792,1200.000000050103,1200.0,10533.953695833336,308.84738918378355,2427.525210655905,11271.154900283183,45897.957400151,29,36080.441349784975,0,1.0000087513617473e-07,optimal,optimal,optimal
2025-05-02,ANNUAL REFERENCE ONLY,0.95,1.0,1200.000000050103,14,1200.000000050103,optimal,optimal,15992.47174951489,0.0,0.0,14,3221.6671999197974,optimal,optimal,-51.53249410207977,0.0,99.52934295108156,0.5564958485916337,14,8952.730366508755,optimal,optimal,-41.80955228369643,0.0,84.72090420344888,0.6609513899290419,14,9009.251658012106,optimal,optimal,2327.695492479584,1241.814808400332,0.0,0.5059890836015601,1440.638733424599,1200.000000050103,9270.34880992469,2234.353446093808,485.61816970440054,2387.3794732019564,20614.204668810653,8,21913.855369502446,0,1.0000127304010675e-07,optimal,optimal,optimal
2025-05-03,ANNUAL REFERENCE ONLY,0.95,1.0,1440.638733424599,14,1440.638733424599,optimal,optimal,15039.7993443958,0.0,0.0,14,3026.6999979186285,optimal,optimal,-90.1671340121746,0.0,188.42888622240565,0.5394404610795432,14,9197.430273163549,optimal,optimal,198.8183742398461,134.29369737463375,0.0,0.6475721298297373,14,8869.051031427622,optimal,optimal,2488.445003903499,1328.7312349545596,0.0,0.503318333021994,1619.8370244732018,1200.0000000159278,9198.02835146899,2597.096244131171,426.39928994345087,2490.895221388208,20127.79080991518,7,21404.771007607014,0,1.0000258043874055e-07,optimal,optimal,optimal
2025-05-04,ANNUAL REFERENCE ONLY,0.95,1.0,1619.8370244732018,14,1619.8370244732018,optimal,optimal,37022.58645536435,0.0,0.0,14,9981.624971912817,optimal,optimal,-748.3864425670698,131.85372082267963,4037.2965697574896,0.5430646147471601,14,8282.646757722869,optimal,optimal,-399.18024471757315,0.0,962.6095143473706,0.6401290513762119,14,8701.033192190896,optimal,optimal,3357.7522402825157,1837.605453806891,0.0,0.5013300733504729,1451.205436243542,1200.0000000000002,10662.984694135039,2210.185552997873,1218.264743145046,5797.7989163498005,45030.57092471202,21,27334.32045997891,0,1.000011143332813e-07,optimal,optimal,optimal
2025-05-05,ANNUAL REFERENCE ONLY,0.95,1.0,1451.205436243542,14,1451.205436243542,optimal,optimal,39125.05618681741,0.0,0.0,14,10015.800491574082,optimal,optimal,-1026.8003833606058,0.0,2609.3398492870683,0.5324815600799475,14,6497.596846777232,optimal,optimal,-364.70125509884457,9.236303761805857,1389.6090662877048,0.6431997159404194,14,8748.980572176548,optimal,optimal,3413.262673113797,1831.461286450875,1.8172042184796302,0.500828878493704,1532.9286510199688,1200.0,10739.244473055564,2021.7610346543468,940.3560815210063,4561.06010373229,45707.87732520405,16,32391.848904290837,0,1.0000803740695119e-07,optimal,optimal,optimal
2025-05-06,ANNUAL REFERENCE ONLY,0.95,1.0,1532.9286510199688,14,1532.9286510199688,optimal,optimal,33372.43841770785,0.0,0.0,14,7036.7743130247,optimal,optimal,1136.0242164994154,1053.7317538173234,380.01147138172746,0.5646785068807457,14,5121.018105000001,optimal,optimal,1291.5826862212339,1409.9273395482378,92.81843297830065,0.6044219334885613,14,8723.903595893793,optimal,optimal,3278.413778555939,1772.5843479907157,0.0,0.5055075724842293,1200.0000000519697,1200.0,8723.903595893793,5706.020681276588,1499.303317901618,7586.047185932401,46664.50628491684,24,30714.70733308193,0,1.000012430267816e-07,optimal,optimal,optimal
2025-05-07,ANNUAL REFERENCE ONLY,0.95,1.0,1200.0000000519697,14,1200.0000000519697,optimal,optimal,36998.31785250691,0.0,0.0,14,9459.616278913923,optimal,optimal,360.6692427462979,322.22822557707605,353.8105743815988,0.566875293551075,14,6149.834950141673,optimal,optimal,-103.10815300431645,1.0628374789406507,253.6997276840695,0.5889126347063195,14,9184.929664631849,optimal,optimal,2814.6367342621197,1437.7497231727732,20.719578526306783,0.5070298171669906,1454.3673016280234,1200.0000000159275,10590.049352949067,3072.197824004101,1065.8523442610554,5979.545464185176,46050.06114069618,20,33287.039265502346,0,1.0000803740695119e-07,optimal,optimal,optimal
2025-05-08,ANNUAL REFERENCE ONLY,0.95,1.0,1454.3673016280234,14,1454.3673016280234,optimal,optimal,40943.7351896086,0.0,0.0,14,9832.532684310543,optimal,optimal,-817.5579192749217,260.4210388547574,4548.420947717017,0.5851807619954906,14,6258.748317111436,optimal,optimal,272.74249324099867,283.50585314012835,203.04184664533966,0.5887850983901098,14,9195.08199872238,optimal,optimal,2822.5594996036884,1429.9203603123424,60.64611785671821,0.4990362085800908,1589.320153276121,1208.1689722546244,10555.055832458691,2277.7440735697655,956.4758884559434,4148.647748786454,47370.12701196482,16,31563.83877129922,0,1.0001531336456537e-07,optimal,optimal,optimal
2025-05-09,ANNUAL REFERENCE ONLY,0.95,1.0,1589.320153276121,14,1589.320153276121,optimal,optimal,16201.240504569498,0.0,0.0,14,3178.562086138846,optimal,optimal,506.1309366854381,329.6375819898639,6.360040653972533,0.5828378273268697,14,8348.511141342686,optimal,optimal,54.21693274895294,107.45632691241565,278.69241717924274,0.6106769077868192,14,9181.861265392725,optimal,optimal,2672.933244711282,1450.2284136272701,63.27726821557486,0.5084599939648704,1753.7225703349532,1280.6254115853299,9181.861265392727,3233.281114145673,5.297110264718655e-07,1.7000083837354398e-06,19434.52162041518,0,20855.348922095156,0,1.000009651761502e-07,optimal,optimal,optimal
2025-05-10,ANNUAL REFERENCE ONLY,0.95,1.0,1753.7225703349532,14,1753.7225703349532,optimal,optimal,16240.149017685677,0.0,0.0,14,3840.3303396567617,optimal,optimal,894.9577850902289,621.4734771772866,0.0,0.6124674265745421,14,8358.207873686955,optimal,optimal,-117.2610945570658,5.890700932848517,277.1481644461219,0.6135156098982888,14,9155.063245849424,optimal,optimal,2683.140940196357,1457.6579516649476,57.37735893155503,0.5174193229173041,1720.5943957241495,1372.9403318906652,9155.063245849424,3460.8376307295202,257.07842122076033,1156.6450314343624,20857.63167984956,5,19656.942263504156,0,1.0000621841754764e-07,optimal,optimal,optimal
2025-05-11,ANNUAL REFERENCE ONLY,0.95,1.0,1720.5943957241495,14,1720.5943957241495,optimal,optimal,39546.25225493847,0.0,0.0,14,9682.498899296466,optimal,optimal,126.82041759451319,637.4445543799768,2571.7427033821295,0.6128798386458739,14,6628.243233864994,optimal,optimal,17.294144578611704,166.95734802437426,1043.3235384767136,0.6064088480203318,14,9221.653755490368,optimal,optimal,2753.0639594764275,1401.2068044531002,60.21281765763945,0.5179237835685995,1434.0793337539012,1200.0000000159278,10351.61510300017,2897.1785216495523,519.1035985962593,2917.1256685981107,45360.556445186136,10,30715.09153820185,0,1.0000420058986493e-07,optimal,optimal,optimal
2025-05-12,ANNUAL REFERENCE ONLY,0.95,1.0,1434.0793337539012,14,1434.0793337539012,optimal,optimal,35565.043768913485,0.0,0.0,14,9264.429769317076,optimal,optimal,2103.414344383089,1792.9668238437,0.0,0.6222051305743269,14,7267.466639415335,optimal,optimal,68.72999037964397,85.64308828936294,289.2789227189298,0.6042043258947416,14,9196.770415463592,optimal,optimal,2817.312938715898,1423.8477147803096,37.47504244405989,0.5147239641943456,1520.7585809916627,1200.000000015928,10578.598602611479,4989.457273478631,411.4623519437516,1997.484813266149,42551.98585565827,9,28231.358121227884,0,1.0000564998335904e-07,optimal,optimal,optimal
2025-05-13,ANNUAL REFERENCE ONLY,0.95,1.0,1520.7585809916627,14,1520.7585809916627,optimal,optimal,41109.73303016241,0.0,0.0,14,9958.63257176732,optimal,optimal,-929.5429758623732,701.181001857177,6066.764793298185,0.6096449450743807,14,6464.4309588685965,optimal,optimal,107.15748821383673,247.0892091681826,837.6413381380603,0.6109347968771492,14,9178.303874978816,optimal,optimal,2815.044723875674,1430.5974184113393,59.94792061944646,0.5129126391594787,1491.8199808066315,1200.000000015928,10727.189778518514,1992.6592362271376,512.7859980929071,2732.0896044035567,45834.481870793104,13,30359.64444402064,0,1.0000343513638653e-07,optimal,optimal,optimal
2025-05-14,ANNUAL REFERENCE ONLY,0.95,1.0,1491.8199808066315,14,1491.8199808066315,optimal,optimal,40357.98264935254,0.0,0.0,14,9823.683350800433,optimal,optimal,-229.01864325416034,43.75656948844181,837.8371729202856,0.6287185154858466,14,5976.513928134453,optimal,optimal,-625.9097967431161,0.0,1846.401108036451,0.5923866460924188,14,9229.09797096881,optimal,optimal,2692.7389123635253,1376.5358952090494,5.67581820801163,0.5051761010413914,1439.1097029775162,1221.1001146390654,10549.163443393025,1837.8104723662489,6.875880467939938e-07,1.999998186664186e-06,42195.79312371879,0,30325.31201840505,0,1.0000420058986493e-07,optimal,optimal,optimal
2025-05-15,ANNUAL REFERENCE ONLY,0.95,1.0,1439.1097029775162,14,1439.1097029775162,optimal,optimal,41287.92468798673,0.0,0.0,14,9825.399502537704,optimal,optimal,382.1403226460308,376.1947385066439,249.88825376338298,0.5880965951884245,14,6956.976016787927,optimal,optimal,-831.609341657445,0.0,2335.5054035963826,0.6413907975808933,14,9573.51272837848,optimal,optimal,2069.9533043363253,1070.043361230547,5.4414334080890026,0.5023496857229169,1432.1251491029047,1432.1251491029047,10658.174397981931,1620.484285324911,3.624560322781667e-07,8.999986465113124e-07,42908.40897421164,0,30905.97458267801,0,1.0000415471722592e-07,optimal,optimal,optimal
2025-05-16,ANNUAL REFERENCE ONLY,0.95,1.0,1432.1251491029047,14,1432.1251491029047,optimal,optimal,17292.986273227587,0.0,0.0,14,2494.2775622501063,optimal,optimal,-88.9641981999947,0.0,170.36238605186887,0.5807333829636694,14,8350.241883688737,optimal,optimal,-238.87036640921607,0.0,508.1952925455441,0.6697991599322327,14,9206.784334737587,optimal,optimal,2546.5349216885384,1400.8519790209473,161.93213093636743,0.49022271234302023,1442.6634466559892,1432.1251491029047,9206.78433473759,2218.7003570793277,6.718760603566287e-07,1.6999889698604876e-06,19511.686632006902,0,18593.178478110058,0,1.0000803740695119e-07,optimal,optimal,optimal
2025-05-17,ANNUAL REFERENCE ONLY,0.95,1.0,1442.6634466559892,14,1442.6634466559892,optimal,optimal,17223.480433645993,0.0,0.0,14,2191.400998554855,optimal,optimal,-27.598449495245298,14.149494059005985,107.71263400064657,0.5642788474441499,14,8339.421007749097,optimal,optimal,-31.452413543281025,71.00807514870644,308.30347037868904,0.6626488208544578,14,9175.87728300497,optimal,optimal,2665.8509807597957,1440.0883002934506,116.78218057447725,0.47940430771132864,1614.7608138496005,1423.2521596592724,9175.87728300497,2606.8001177212695,283.5014627222016,1317.804302960244,21148.084854327506,6,19230.12717493788,0,1.0000121619668789e-07,optimal,optimal,optimal
2025-05-18,ANNUAL REFERENCE ONLY,0.95,1.0,1614.7608138496005,14,1614.7608138496005,optimal,optimal,42987.07313327873,0.0,0.0,14,9677.182590334487,optimal,optimal,-715.8775211260008,290.91983125494164,4039.7122378392933,0.5552544511539624,14,6413.96071819923,optimal,optimal,-136.95359261282357,43.33162759431514,603.2171263728192,0.6579382952051857,14,9761.883435579832,optimal,optimal,1773.6841856768185,898.6603928128408,2.035328411750015,0.4951790349470917,1561.4758264377074,1561.4758264377074,10372.567364986915,920.8530719379942,4.969242196987515e-07,1.1000181079575667e-06,43907.92620631674,0,31764.21682080393,0,1.0000099996432255e-07,optimal,optimal,optimal
2025-05-19,ANNUAL REFERENCE ONLY,0.95,1.0,1561.4758264377074,14,1561.4758264377074,optimal,optimal,38955.44311085879,0.0,0.0,14,10071.468341944443,optimal,optimal,-374.469493703088,526.7611598038474,4354.717600985628,0.57627531086384,14,7948.693469608387,optimal,optimal,-103.2607895400659,13.171213204820901,465.02224711315284,0.6551490172527845,14,9588.478522003059,optimal,optimal,2104.9949492420888,1068.2367679481656,94.21086239676639,0.4869027646502461,1675.4815800043398,1441.772280183705,10755.473897499998,1627.2646659989348,8.2325005351754,55.52409804999664,40638.23187490772,1,28984.61700749066,0,1.0000803740695119e-07,optimal,optimal,optimal
2025-05-20,ANNUAL REFERENCE ONLY,0.95,1.0,1675.4815800043398,14,1675.4815800043398,optimal,optimal,38878.82212104299,0.0,0.0,14,10128.53287037037,optimal,optimal,528.2935237348638,651.4073846054835,1179.9130323153795,0.5737972755335464,14,6519.470889329704,optimal,optimal,74.91357650492776,126.8305607710447,22.89652370953752,0.6409757704854452,14,9375.873051057542,optimal,optimal,2444.620303393363,1229.8013525544734,72.65531757783535,0.4864471924874341,1688.994018108203,1573.1983008394968,10800.0,3047.8274036331545,119.66933698652366,462.0745609510367,42388.72408562718,2,29360.08429092729,0,1.0000339045745932e-07,optimal,optimal,optimal
2025-05-21,ANNUAL REFERENCE ONLY,0.95,1.0,1688.994018108203,14,1688.994018108203,optimal,optimal,36506.687282671686,0.0,0.0,14,8451.070934457131,optimal,optimal,1259.5702475997596,1489.1581480077555,0.0,0.5685082670468646,14,6876.197349956988,optimal,optimal,228.795239574377,329.27542016715677,870.43166976722,0.6532667259997932,14,9322.759767210486,optimal,optimal,2557.5073462570713,1319.1807814280273,0.0,0.49013871318365915,1575.2274385044063,1556.3844385623106,9695.319934418201,4045.872833431208,140.4900793342655,526.657626221314,41079.21774232421,3,28186.971798549155,0,1.0000420058986493e-07,optimal,optimal,optimal
2025-05-22,ANNUAL REFERENCE ONLY,0.95,1.0,1575.2274385044063,14,1575.2274385044063,optimal,optimal,36944.83080526555,0.0,0.0,14,9381.812150246908,optimal,optimal,-267.45712993649136,37.57327301097473,900.0338107973705,0.591923604047443,14,7601.856583580241,optimal,optimal,-347.3598067876744,0.0,716.7639370746878,0.6250893073790399,14,9774.569430417694,optimal,optimal,1828.602999345635,927.2335481395974,-1.1368683772161603e-13,0.4967499063622417,1357.7283224446844,1357.7283224446844,10641.365279876536,1213.7860626214692,106.15458770015043,387.51474731993306,38546.13161520695,4,30723.78489755715,0,1.0001531336456537e-07,optimal,optimal,optimal
2025-05-23,ANNUAL REFERENCE ONLY,0.95,1.0,1357.7283224446844,14,1357.7283224446844,optimal,optimal,15283.095912472974,0.0,0.0,14,2133.463310987655,optimal,optimal,-32.60878892875265,0.0,65.31160947633835,0.6286188202783171,14,9401.546623559225,optimal,optimal,125.19342073118894,196.58557538229635,0.0,0.5954141752638227,14,9373.425168404725,optimal,optimal,1960.8174353174722,1048.813147724004,-1.1368683772161603e-13,0.5052994604995769,1616.4566561713684,1357.7283224446844,9420.809405108615,2053.4020671199087,1.457580766697983e-07,2.999996233019828e-07,17336.49797989288,0,20062.903296588083,0,1.000043994281441e-07,optimal,optimal,optimal
2025-05-24,ANNUAL REFERENCE ONLY,0.95,1.0,1616.4566561713684,14,1616.4566561713684,optimal,optimal,16050.940523495752,0.0,0.0,14,1874.9894271296291,optimal,optimal,-208.49472901481462,52.58750261240726,561.1823133455557,0.6142470598441125,14,9048.979801572837,optimal,optimal,-142.81609544454372,0.0,263.9840035625433,0.5634376313290766,14,9594.983822633158,optimal,optimal,1770.1526756862706,1070.2908482692028,0.0,0.5062499574038256,1657.386893518911,1325.6106075632229,9642.369573676458,1418.8418512269122,1.0845217411241257e-07,2.999988424155162e-07,17469.782375022663,0,19147.96592407619,0,1.0000030670198612e-07,optimal,optimal,optimal
2025-05-25,ANNUAL REFERENCE ONLY,0.95,1.0,1657.386893518911,14,1657.386893518911,optimal,optimal,37390.50544239009,0.0,0.0,14,9862.812304876546,optimal,optimal,-862.6614178959361,29.20772058333531,3589.8504831895866,0.6349394761297966,14,9237.028047297421,optimal,optimal,-86.53948240468239,0.0,146.43442483515784,0.5513013261352812,14,9667.191333904155,optimal,optimal,2029.495282751158,1023.7800872018354,0.0,0.4863585004275528,1505.6620421450075,1446.8802206686767,10800.0,1080.2943824505394,103.25815345532799,520.9841128595643,38991.783937700195,5,28687.26701981606,0,1.0000007932831068e-07,optimal,optimal,optimal
2025-05-26,ANNUAL REFERENCE ONLY,0.95,1.0,1505.6620421450075,14,1505.6620421450075,optimal,optimal,36474.59573601934,0.0,0.0,14,9366.265466971914,optimal,optimal,-387.7282505913035,21.113230870459915,886.0941768604176,0.6219222320018284,14,4507.971293638582,optimal,optimal,1256.9769330004851,1786.9982706390997,0.0,0.5518940192800226,14,10049.185946641457,optimal,optimal,1264.6027368257448,679.7414556299906,0.0,0.4973434985470992,1440.0864796205256,1409.8141456811675,10603.826948453396,2133.8514192349267,110.10412267353058,426.7521603869488,39035.19931564121,5,33287.74051410262,0,1.0000083250361058e-07,optimal,optimal,optimal
2025-05-27,ANNUAL REFERENCE ONLY,0.95,1.0,1440.0864796205256,14,1440.0864796205256,optimal,optimal,34431.91798045741,0.0,0.0,14,6813.430310000003,optimal,optimal,1735.4206721623918,2225.396617657492,0.0,0.6357303952212594,14,5861.698040000003,optimal,optimal,-364.4522811780051,8.609488567719389,1163.925239638735,0.5838652431269783,14,10163.60748308064,optimal,optimal,901.7993647360336,582.3981558424642,0.0,0.4886651889197987,1352.5205937431797,1352.5205937431797,10197.610483137601,2272.7677557204206,1.4124200978493952e-07,3.0000031582203517e-07,36704.68573647783,0,31602.837682423764,0,1.0000030670198612e-07,optimal,optimal,optimal
2025-05-28,ANNUAL REFERENCE ONLY,0.95,1.0,1352.5205937431797,14,1352.5205937431797,optimal,optimal,38090.780686163176,0.0,0.0,14,9972.600306358021,optimal,optimal,-399.62903322236605,356.50245017395974,3112.711668798508,0.5908321569580908,14,6342.713792049628,optimal,optimal,-460.1282741912008,193.52929724842966,2701.3512198347207,0.5951818170057571,14,10065.748962146361,optimal,optimal,923.1016938086862,498.9166724237384,0.0,0.4837875310871463,1332.2466475194426,1332.2466475194426,10669.667898950614,63.34438639511927,1.0900076699475941e-07,3.000084818973846e-07,38154.1250728583,0,31789.838848945088,0,1.0000858901548782e-07,optimal,optimal,optimal
2025-05-29,ANNUAL REFERENCE ONLY,0.95,1.0,1332.2466475194426,14,1332.2466475194426,optimal,optimal,37018.75755868069,0.0,0.0,14,9658.287763086417,optimal,optimal,411.5938947120223,385.1304835748857,207.22485659236486,0.5763922328316364,14,7280.50014282283,optimal,optimal,-793.1271160023686,14.9459658202544,3036.9399362910585,0.5866434162268607,14,10297.314898679948,optimal,optimal,764.7535493612626,478.0857307806718,0.0,0.48108784470784305,1220.0114937246422,1202.241641975309,10326.502114938268,383.2203280709163,517.3926784151919,2426.760605698093,39828.7384924497,16,33073.20040055469,0,1.000001930151484e-07,optimal,optimal,optimal
2025-05-30,ANNUAL REFERENCE ONLY,0.95,1.0,1220.0114937246422,14,1220.0114937246422,optimal,optimal,14350.273155453633,0.0,0.0,14,2349.2937016666665,optimal,optimal,289.96993172549554,274.9350144037299,72.65652991746562,0.5411803619026859,14,10149.750696639821,optimal,optimal,167.59225788337358,136.8738707822198,126.24838512077156,0.5706245179616362,14,9935.832239015494,optimal,optimal,802.2494463915183,539.9396144465259,0.0,0.4741642960742968,1308.5852126467307,1220.0114937246422,10309.843028756373,1259.8116360003874,2.9759434434276675e-07,6.999977120088261e-07,15610.084792154019,0,22095.90005579858,0,1.0000007932831068e-07,optimal,optimal,optimal
2025-05-31,ANNUAL REFERENCE ONLY,0.95,1.0,1308.5852126467307,14,1308.5852126467307,optimal,optimal,16047.450057251477,0.0,0.0,14,2847.6741039506924,optimal,optimal,-430.2725350156695,0.0,978.6036867863385,0.5552075506942729,14,10509.94345283958,optimal,optimal,-116.36053334238996,12.118393602093255,273.90087880902854,0.605237812413648,14,10300.484580577002,optimal,optimal,370.3544152548395,249.581115215845,0.0,0.48422532798077766,1200.00000005197,1200.00000005197,10538.772315244258,-176.27865310322,58.58257101063151,125.2495368206131,15996.42094096887,1,22643.654366416777,0,1.0000144357036334e-07,optimal,optimal,optimal
2025-06-01,ANNUAL REFERENCE ONLY,0.95,1.0,1200.00000005197,14,1200.00000005197,optimal,optimal,47589.73526164365,0.0,0.0,14,8062.089532314816,optimal,optimal,608.4085182286206,1822.7045058314188,4404.651860621327,0.5666485845600128,14,7132.530454745862,optimal,optimal,-1236.7706985275952,0.0,3398.3122135411895,0.6415188020531732,14,10341.91190520402,optimal,optimal,790.1730170549555,427.16481445463023,0.0,0.4818533196753399,1200.000000050103,1199.9999999999998,10385.30454732053,161.81083675598086,4499.169765940254,20158.755898886684,67910.30199728631,49,35809.84103713675,0,1.0000587735703448e-07,optimal,optimal,optimal
2025-06-02,ANNUAL REFERENCE ONLY,0.95,1.0,1200.000000050103,14,1200.000000050103,optimal,optimal,50049.42792455292,0.0,0.0,14,8391.731087709879,optimal,optimal,-2224.037580481324,51.851214870247645,7539.682774338133,0.5870249423054743,14,5622.6109076961575,optimal,optimal,3283.273678886528,3160.1995289523074,592.7006525014393,0.6439861693109434,14,8378.927166494279,optimal,optimal,3664.4813009960335,1922.6872950873203,0.0,0.48757590409122953,1277.9061143674262,1200.000000050103,9151.119976598768,4723.717399401237,808.0550225346584,3877.935710336922,58651.081034291085,14,32648.779505785278,0,1.0000803740695119e-07,optimal,optimal,optimal
2025-06-03,ANNUAL REFERENCE ONLY,0.95,1.0,1277.9061143674262,14,1277.9061143674262,optimal,optimal,46150.482370088386,0.0,0.0,14,8350.692538790296,optimal,optimal,2229.9146835884817,2195.817848623851,2116.231582485286,0.600796204059773,14,7258.503225591339,optimal,optimal,192.017942777332,337.4127001560371,736.5830182938164,0.623137584468961,14,8656.986408374914,optimal,optimal,3418.932500184742,1813.4738489037918,68.08355637285466,0.49230641353782917,1379.5124417338488,1277.9061143674262,9126.417075827332,5840.865126550556,116.92072868283496,790.5243047555825,52781.871801394525,4,30209.40298462608,0,1.0000803740695119e-07,optimal,optimal,optimal
2025-06-04,ANNUAL REFERENCE ONLY,0.95,1.0,1379.5124417338488,14,1379.5124417338488,optimal,optimal,53289.94168851934,0.0,0.0,14,7860.475843932619,optimal,optimal,-3530.10416122056,129.92312898488348,10816.469478145536,0.5954185206083834,14,7542.665926065887,optimal,optimal,1696.944575046012,1568.8849574451124,0.0,0.6221504156147986,14,8749.70456048456,optimal,optimal,3193.8165689154907,1693.2135201413573,64.73943227551243,0.50561548891682,1328.09671244358,1200.0000000159278,9442.80346223241,1360.6569827409428,116.44365657235451,805.2391168935885,55455.83778815387,4,30209.709820679163,0,1.0000053407566156e-07,optimal,optimal,optimal
2025-06-05,ANNUAL REFERENCE ONLY,0.95,1.0,1328.09671244358,14,1328.09671244358,optimal,optimal,45331.64034173873,0.0,0.0,14,8024.8173651870575,optimal,optimal,1358.7825152579744,1757.6165211663597,1883.0341703194147,0.6271448997395878,14,5141.729776778784,optimal,optimal,2835.926879876919,2715.4124810346484,19.74552770872224,0.6119180322598419,14,8622.747966740362,optimal,optimal,3383.29160583113,1812.0157738846565,64.94107114992656,0.5039157795352526,1200.0000000519694,1200.0000000159275,8845.847582193253,7578.001000966024,596.8990899542465,3676.314559671887,56585.95590237664,7,33362.06581718819,0,1.00000761449337e-07,optimal,optimal,optimal
2025-06-06,ANNUAL REFERENCE ONLY,0.95,1.0,1200.0000000519694,14,1200.0000000519694,optimal,optimal,22351.308199566178,0.0,0.0,14,2879.159543279905,optimal,optimal,-472.1434855410523,49.35699987834865,1179.143139089911,0.6491237145562508,14,6919.181587932661,optimal,optimal,-281.9185429767357,0.0,639.3468988760753,0.6193737432473572,14,8639.809562493632,optimal,optimal,3700.9497525934535,1947.4378311583393,12.441261338916952,0.5068166741019111,1538.5485368839047,1200.0000000159275,8639.809562493632,2946.8877240756656,2242.9667460975984,10775.096307949423,36073.292231591266,20,20666.979070562233,0,1.000017846308765e-07,optimal,optimal,optimal
2025-06-07,ANNUAL REFERENCE ONLY,0.95,1.0,1538.5485368839047,14,1538.5485368839047,optimal,optimal,22699.932310846514,0.0,0.0,14,5844.735038756119,optimal,optimal,-714.6821595354493,0.0,2025.7267281153308,0.630734207783951,14,7243.443361791994,optimal,optimal,661.4180470155032,511.72273657366617,130.6911701066582,0.619506135247758,14,8663.133231467586,optimal,optimal,3689.1615920919808,1920.2798746102058,1.1368683772161603e-13,0.5075122047091997,1640.4006655807955,1200.0000000159278,8663.133231467586,3635.8974795720346,1695.5734214759964,8635.10071688388,34970.93050730243,16,20196.74968866868,0,1.0001167538575828e-07,optimal,optimal,optimal
2025-06-08,ANNUAL REFERENCE ONLY,0.95,1.0,1640.4006655807955,14,1640.4006655807955,optimal,optimal,47365.017904950626,0.0,0.0,14,9879.346319455255,optimal,optimal,567.7915642078507,897.4704061253841,892.7719741751552,0.6311028432083742,14,8201.754495888425,optimal,optimal,277.87149023931045,383.1808048087368,515.5137098548711,0.5873036668672389,14,9337.269421897,optimal,optimal,2578.050391889457,1305.5474661643677,0.0,0.5185860629251362,1780.5603000433805,1201.0033148472173,10568.398171307106,3423.7134463366183,121.01960683235819,816.216737210807,51604.94808849805,1,29140.49604037292,0,1.0000420058986493e-07,optimal,optimal,optimal
2025-06-09,ANNUAL REFERENCE ONLY,0.95,1.0,1780.5603000433805,14,1780.5603000433805,optimal,optimal,53623.736988800636,0.0,0.0,14,9280.297766054238,optimal,optimal,-1004.3326283501162,0.0,2466.8794440860397,0.6421747253364459,14,8177.013559857242,optimal,optimal,-217.10266855853195,0.0,661.15727061369,0.5550189168663944,14,9337.269421896997,optimal,optimal,2586.9123383919236,1310.1877116011792,0.0,0.5076792954802422,1697.6574727528632,1200.000000015928,10262.388719623294,1365.4770414832756,230.24947531580727,1568.3925009785173,56557.60653126243,2,32920.22364766603,0,1.0000420058986493e-07,optimal,optimal,optimal
2025-06-10,ANNUAL REFERENCE ONLY,0.95,1.0,1697.6574727528632,14,1697.6574727528632,optimal,optimal,50392.03132512597,0.0,0.0,14,10100.721406944444,optimal,optimal,711.2762836002577,1041.6668408504456,121.02229060524913,0.6359704973850039,14,5874.562223885971,optimal,optimal,2032.225967987149,2034.6685934795664,80.22293570329373,0.5514512131454722,14,9317.300739890212,optimal,optimal,2654.621520278563,1334.3924459557181,0.0,0.5001111296016376,1660.6046609938387,1348.1473318119113,10782.4269625,5398.1237718659695,5.443259134895292e-07,1.8000585829710416e-06,55790.155098792,0,35448.78281887654,0,1.0000420058986493e-07,optimal,optimal,optimal
2025-06-11,ANNUAL REFERENCE ONLY,0.95,1.0,1660.6046609938387,14,1660.6046609938387,optimal,optimal,54689.81417289036,0.0,0.0,14,10050.490914074075,optimal,optimal,1407.7917027394208,2028.936383369492,480.188646745751,0.6599042917744563,14,5074.487363610157,optimal,optimal,366.79782562538384,488.21159391637036,308.2311562890006,0.5395194116416968,14,9337.269421897,optimal,optimal,2486.924989622664,1265.2712656992737,0.0,0.48826100731901323,1623.7837173262972,1200.0,10774.57934,4261.514517987469,448.67507693251565,2107.3386883134654,61058.66737919129,9,39257.927566358005,0,1.0000339045745932e-07,optimal,optimal,optimal
2025-06-12,ANNUAL REFERENCE ONLY,0.95,1.0,1623.7837173262972,14,1623.7837173262972,optimal,optimal,53434.01413924576,0.0,0.0,14,10039.324085989445,optimal,optimal,993.9127763233474,1451.0283304596478,62.253158841548085,0.6301193606221761,14,7570.564958100727,optimal,optimal,-308.83051298301217,2.65349650110511,762.7364469032873,0.5744243290526387,14,9337.145217533582,optimal,optimal,2603.7096515892763,1319.7509063006248,0.0,0.5018332704546623,1608.1561623068164,1454.8932946235127,10791.006956359815,3288.7919149296113,5.81813040378157e-07,2.0000288519653622e-06,56722.8060561754,0,34681.5524987916,0,1.0000420058986493e-07,optimal,optimal,optimal
2025-06-13,ANNUAL REFERENCE ONLY,0.95,1.0,1608.1561623068164,14,1608.1561623068164,optimal,optimal,23663.22555985609,0.0,0.0,14,4125.747516313271,optimal,optimal,-713.5325524214138,0.0,1681.0387533882013,0.6242399681456574,14,7073.131250123655,optimal,optimal,424.40796915181204,345.39016858000366,77.45297584703732,0.5669753230324613,14,8715.08256462825,optimal,optimal,3664.7393299881583,1881.7023675545147,0.0,0.5099189288390025,1604.0118786636272,1200.0000000159275,8715.08256462825,3375.6147467185565,1132.4076204125538,5362.030845747108,32400.871152321753,15,20015.402352328154,0,1.000043994281441e-07,optimal,optimal,optimal
2025-06-14,ANNUAL REFERENCE ONLY,0.95,1.0,1604.0118786636272,14,1604.0118786636272,optimal,optimal,23765.096562842573,0.0,0.0,14,3591.144465551844,optimal,optimal,-402.1752896833648,0.0,918.3187959303989,0.6235149057632725,14,6921.3004609354075,optimal,optimal,-248.1010497791657,0.0,564.3122616909488,0.5762993327995513,14,8735.293532048676,optimal,optimal,3612.955489516969,1863.574390209932,1.5845418406670626,0.5132157683447175,1542.1965348701106,1200.0000000159275,8735.293532048676,2962.6791500544387,1064.1698388685084,4968.454650407165,31696.230363304177,14,19201.31362961325,0,1.0001286909755436e-07,optimal,optimal,optimal
2025-06-15,ANNUAL REFERENCE ONLY,0.95,1.0,1542.1965348701106,14,1542.1965348701106,optimal,optimal,52412.85396787434,0.0,0.0,14,10108.6604475,optimal,optimal,2807.585183152877,4024.688078971291,292.44975413227974,0.6146972657557176,14,6148.872301896792,optimal,optimal,1024.1483584151058,1103.550232378819,119.23804579046089,0.5517131793820905,14,9336.91873601934,optimal,optimal,2463.380402701917,1248.5318642431457,0.0,0.5184838190839023,1487.8402053997197,1370.4549105488272,10793.7604475,6295.1139442699,4.3510969192073516e-07,1.5999770272168914e-06,58707.967913744214,0,37846.44279658662,0,1.0000415471722592e-07,optimal,optimal,optimal
2025-06-16,ANNUAL REFERENCE ONLY,0.95,1.0,1487.8402053997197,14,1487.8402053997197,optimal,optimal,54583.34434339776,0.0,0.0,14,9955.228417106831,optimal,optimal,2159.7980580794238,3027.149291004882,153.04352439247168,0.6193389243829498,14,5710.645113811907,optimal,optimal,382.1806045671757,529.8493148117717,379.29931634383695,0.5741348667196463,14,9398.562077897499,optimal,optimal,2503.1402591652172,1243.051566144522,0.0,0.513763216558851,1624.5273792249159,1200.0,10765.8699325,5045.118921811816,216.3590960361179,1056.4996038523552,60684.96286906193,5,38506.62051383147,0,1.0002986527979374e-07,optimal,optimal,optimal
2025-06-17,ANNUAL REFERENCE ONLY,0.95,1.0,1624.5273792249159,14,1624.5273792249159,optimal,optimal,55470.5286230956,0.0,0.0,14,10088.136221759258,optimal,optimal,2927.572482533651,3857.369735846126,106.33768485023336,0.5949626481298967,14,6701.612425724263,optimal,optimal,238.37374835925507,381.30906231062,352.56710144854264,0.5631299982467897,14,9398.334601576751,optimal,optimal,2424.779717653505,1204.0781989106922,0.0,0.5658927919111729,1687.631410072104,1620.6578636917363,10782.426962499998,5590.725948546411,3.2120915363062884e-07,1.2999770017529045e-06,61061.25457294198,0,37817.84359349922,0,1.0000343513638653e-07,optimal,optimal,optimal
2025-06-18,ANNUAL REFERENCE ONLY,0.95,1.0,1687.631410072104,14,1687.631410072104,optimal,optimal,55816.448271674264,0.0,0.0,14,10128.018166203703,optimal,optimal,2955.079342822398,3904.7833102520863,63.61638199896936,0.6020235205475214,14,7919.448219661304,optimal,optimal,-816.2121437481628,0.3050514107219442,2279.1244158949485,0.5498425464571668,14,9398.613395145145,optimal,optimal,2536.731221646386,1259.169504226371,-1.9326762412674725e-12,0.5630220884129864,1763.350736668287,1687.631410072104,10800.0,4675.598420720621,2.914647615781717e-07,8.999948454056379e-07,60492.04669329488,0,34523.417427871624,0,1.0000803740695119e-07,optimal,optimal,optimal
2025-06-19,ANNUAL REFERENCE ONLY,0.95,1.0,1763.350736668287,14,1763.350736668287,optimal,optimal,52875.05109676258,0.0,0.0,14,10014.486109577756,optimal,optimal,16.190411006616326,137.0943572236281,340.33709237095064,0.5577903607428186,14,7740.763341069013,optimal,optimal,1770.140356298259,1777.199215012754,53.81561276303535,0.5989886677092385,14,9398.613395145145,optimal,optimal,2578.2940136502575,1281.0185121982847,1.1368683772161603e-13,0.5464077990122872,1853.180105373452,1763.350736668287,10729.875979909195,4364.624780955133,2.935517270553935e-07,9.000217838575736e-07,57239.67587861774,0,30285.536564817805,0,1.0001525652114651e-07,optimal,optimal,optimal
2025-06-20,ANNUAL REFERENCE ONLY,0.95,1.0,1853.180105373452,14,1853.180105373452,optimal,optimal,24663.743995737357,0.0,0.0,14,4245.16601090164,optimal,optimal,144.9013557825266,130.4300099526923,4.547473508864641e-13,0.578479287725168,14,7028.625958908415,optimal,optimal,-10.341517471025178,57.427967718107425,87.47566890729922,0.5815499330392405,14,9175.69014521105,optimal,optimal,2700.1826240405744,1406.9101034873192,1.1368683772161603e-13,0.5757366746932912,1852.6591592345285,1852.659159234528,9175.69014521105,2834.742462352076,2.930251363779329e-07,9.999777121132866e-07,27498.48645908941,0,18025.275234841218,0,1.0000415471722592e-07,optimal,optimal,optimal
2025-06-21,ANNUAL REFERENCE ONLY,0.95,1.0,1852.6591592345285,14,1852.6591592345285,optimal,optimal,24050.884511158067,0.0,0.0,14,3719.04148597321,optimal,optimal,440.29604973275775,352.4370654637504,0.0,0.5927749342757916,14,7122.680389272783,optimal,optimal,-224.9230536107978,0.0,466.6733380032721,0.5738372418743976,14,9445.59809511158,optimal,optimal,2367.4688500442,1205.9190905800297,0.0,0.559413731876346,1963.7069488354064,1852.6591592345285,9445.59809511158,2582.84184616616,4.5708888957818407e-07,1.3999859328469029e-06,26633.726358724212,0,19209.116439268968,0,1.0000167094403878e-07,optimal,optimal,optimal
2025-06-22,ANNUAL REFERENCE ONLY,0.95,1.0,1963.7069488354064,14,1963.7069488354064,optimal,optimal,47896.186701058876,0.0,0.0,14,10063.049748359219,optimal,optimal,1103.5209906483717,910.2646502417958,56.98746290168096,0.5728972797433772,14,6081.306098965654,optimal,optimal,1490.4513677812133,1581.5530110908694,35.59991407396592,0.570835193695159,14,9715.238147094198,optimal,optimal,1954.9636178133544,999.4149624558505,81.8728674727151,0.555524516666299,1731.3409385393645,1719.8977039749989,10716.250291530165,4548.935976242939,3.6128928504469044e-07,9.999905352154882e-07,52445.12267830181,0,34500.8887233017,0,1.0000285590194835e-07,optimal,optimal,optimal
2025-06-23,ANNUAL REFERENCE ONLY,0.95,1.0,1731.3409385393645,14,1731.3409385393645,optimal,optimal,49082.87502144109,0.0,0.0,14,10108.193055555555,optimal,optimal,1590.508951353331,1271.9211205073743,39.45437807459557,0.5478457584488032,14,7454.605415887501,optimal,optimal,-180.6001841368133,0.0,457.4551341052005,0.5619297357762374,14,9702.105826844432,optimal,optimal,1887.9977832016477,986.8407623377793,0.0,0.5720722180019336,1785.9789667744667,1731.3409385393645,10800.0,3297.9065504181654,3.4392033061110447e-07,1.0000095703067472e-06,52380.78157285926,0,33478.67165506979,0,1.0000315205616061e-07,optimal,optimal,optimal
2025-06-24,ANNUAL REFERENCE ONLY,0.95,1.0,1785.9789667744667,14,1785.9789667744667,optimal,optimal,56252.146401743455,0.0,0.0,14,9784.163720502642,optimal,optimal,2.253113540841854,439.1441400400638,1429.552381444411,0.5532714297404863,14,7055.10589685923,optimal,optimal,-308.10602148365507,0.0,893.2511625409342,0.571298303327644,14,10042.245949005135,optimal,optimal,1197.6464108367977,610.7844498131942,0.0,0.5349504933453456,1565.3048649635398,1565.3048649635398,10527.536081613755,891.7935028939845,4.677096127890276e-08,9.999297253525578e-08,57143.93990473743,0,38718.07082590519,0,1.0000099996432255e-07,optimal,optimal,optimal
2025-06-25,ANNUAL REFERENCE ONLY,0.95,1.0,1565.3048649635398,14,1565.3048649635398,optimal,optimal,49243.71550644505,0.0,0.0,14,10098.926867191352,optimal,optimal,2151.4752136269735,2217.555669123358,1389.3793255076753,0.5550212135591391,14,8951.315144569899,optimal,optimal,337.40843547890046,610.118570156905,1361.5994746889382,0.571904353746946,14,10027.949556021942,optimal,optimal,1257.8226923849568,661.1505080302395,71.09991554760006,0.4999812136413801,1640.124187667592,1565.3048649635398,10770.143070895056,3746.7063414908307,9.397509005840307e-08,1.9999877831978665e-07,52990.421848135884,0,34314.36417124052,0,1.0000144357036334e-07,optimal,optimal,optimal
2025-06-26,ANNUAL REFERENCE ONLY,0.95,1.0,1640.124187667592,14,1640.124187667592,optimal,optimal,47457.8519294648,0.0,0.0,14,10096.770582716048,optimal,optimal,1825.1348660358487,1984.7877827520729,62.94838606932524,0.6154476994763852,14,7769.601114860745,optimal,optimal,71.16332812698161,194.79159031029525,235.63473197654287,0.5203880635663166,14,9867.506315755272,optimal,optimal,1330.2973074329477,689.839454974684,81.81755840838636,0.5057891811807994,1689.3718635930145,1640.124187667592,10790.595582716049,3226.595501595778,1.4068091467760033e-07,2.99999594624478e-07,50684.44743136058,0,31321.599674565914,0,1.0002258932217956e-07,optimal,optimal,optimal
2025-06-27,ANNUAL REFERENCE ONLY,0.95,1.0,1689.3718635930145,14,1689.3718635930145,optimal,optimal,22135.474718209858,0.0,0.0,14,3996.9264196604936,optimal,optimal,53.71424939134454,58.19872650444079,80.53420780797791,0.6066326695946632,14,8370.845884567409,optimal,optimal,-382.294971975615,40.64062461178774,947.9971471932006,0.5512498505646977,14,9892.805260040644,optimal,optimal,1424.9351344712536,804.9440292751112,0.0,0.4697623913490641,1919.2988869326487,1689.3718635930145,9892.805260040644,1096.3544118869831,2.1701124905266582e-07,5.999983015252837e-07,23231.82913069684,0,20535.985056948375,0,1.0001167538575828e-07,optimal,optimal,optimal
2025-06-28,ANNUAL REFERENCE ONLY,0.95,1.0,1919.2988869326487,14,1919.2988869326487,optimal,optimal,20706.321051404157,0.0,0.0,14,3183.104475308647,optimal,optimal,30.776404466835775,28.339409605286956,0.0,0.6263606816706172,14,9416.665956186505,optimal,optimal,461.85543960326606,374.6048412215499,0.0,0.5493182795582746,14,10186.916358763454,optimal,optimal,967.1940544878992,513.7149061452188,0.0,0.4702148716167222,1735.4713401738304,1735.4713401738304,10186.916358763454,1459.825898558001,1.6778499374623083e-07,7.000269022715656e-07,22166.146950662183,0,21516.681571326502,0,1.0000529982789886e-07,optimal,optimal,optimal
2025-06-29,ANNUAL REFERENCE ONLY,0.95,1.0,1735.4713401738304,14,1735.4713401738304,optimal,optimal,44304.70387507272,0.0,0.0,14,9456.545434135807,optimal,optimal,1010.2241233841843,1036.5108583393844,980.198358145658,0.6246779494178623,14,6671.516653497231,optimal,optimal,1296.4601424249336,1510.178709233008,0.0,0.5793197463728676,14,10718.812924539858,optimal,optimal,27.589093481742744,32.57029695267556,54.856429097036276,0.4645075981095681,1282.0522248628079,1277.9443652246414,10775.236192525012,2334.2733592908603,653.240218650978,2479.7181588018993,49118.695393165486,10,35535.190785140585,0,1.0000803740695119e-07,optimal,optimal,optimal
2025-06-30,ANNUAL REFERENCE ONLY,0.95,1.0,1282.0522248628079,14,1282.0522248628079,optimal,optimal,50371.23625052873,0.0,0.0,14,10039.720411111106,optimal,optimal,-683.1087569269155,271.87309033477084,3031.1639985686334,0.6433867460932854,14,6079.992080361415,optimal,optimal,-281.2170886969191,41.9174190189849,883.3428996087578,0.6233322134458623,14,10666.9567018719,optimal,optimal,39.28034524802857,262.351278060823,190.3880733816145,0.456541570106709,1200.0000000519697,1200.0000000519697,10800.0,-925.045500375806,235.61074193332058,733.5572688569732,50179.7480190099,4,37363.28977027036,0,1.0002986527979374e-07,optimal,optimal,optimal
2025-07-01,ANNUAL REFERENCE ONLY,0.95,1.0,1200.0000000519697,14,1200.0000000519697,optimal,optimal,43808.93281280635,0.0,0.0,14,7812.49116570805,optimal,optimal,1875.0880798397268,1889.4855773783092,35.38308724951867,0.6223888745227221,14,3147.980701173221,optimal,optimal,1175.6643671292184,1296.8153048658032,77.88289609555989,0.6339064583071483,14,10261.3271074311,optimal,optimal,474.883597043233,336.02572507535797,0.0,0.4503187111115669,1200.000000050103,1200.0,10284.624630222186,3525.636044012178,9833.588086971155,38910.10120258384,86244.67005940237,71,38480.091428071246,0,1.0000803740695119e-07,optimal,optimal,optimal
2025-07-02,ANNUAL REFERENCE ONLY,0.95,1.0,1200.000000050103,14,1200.000000050103,optimal,optimal,49313.15218301337,0.0,0.0,14,8623.998415949387,optimal,optimal,168.308952291619,264.5074719958319,95.39447875156543,0.6318581878861456,14,3939.97999595152,optimal,optimal,2022.7868383790185,2113.071721085639,111.32003572359577,0.6565159889571802,14,9531.395915956735,optimal,optimal,2167.642323789626,1075.9608590190246,0.0,0.4807376963185259,1287.9253200368992,1200.000000015928,9539.272441134419,4358.738114460264,564.0602677185967,3190.6169694226382,56862.507266896275,15,34906.5089986548,0,1.00000761449337e-07,optimal,optimal,optimal
2025-07-03,ANNUAL REFERENCE ONLY,0.95,1.0,1287.9253200368992,14,1287.9253200368992,optimal,optimal,54929.13990522473,0.0,0.0,14,8455.041909447857,optimal,optimal,2684.6290176016178,2499.5625277253157,1095.2624140745986,0.6293130427185609,14,8125.836138220462,optimal,optimal,-655.4663129997941,55.734445686382855,2383.434842810256,0.6484613479486222,14,9005.233160652026,optimal,optimal,3213.753506834578,1604.8217541360762,1.1368683772161603e-13,0.48495836823884836,1240.5236325365522,1200.0000000225125,9813.272316043654,5242.916211436402,1391.4456780305331,3620.9217074344774,63792.97782409561,19,35010.07648658209,0,1.000049660433433e-07,optimal,optimal,optimal
2025-07-04,ANNUAL REFERENCE ONLY,0.95,1.0,1240.5236325365522,14,1240.5236325365522,optimal,optimal,23518.804479066122,0.0,0.0,14,2491.4866430413704,optimal,optimal,814.1281694009003,631.2962111291747,0.0,0.6117813098637833,14,8776.374886366,optimal,optimal,-53.943508740955465,5.124453896055684,158.17467100901013,0.6291220723833791,14,8709.113698007117,optimal,optimal,3645.77238174312,1873.7620178209531,71.92872328208459,0.4768004473645112,1200.0000000519697,1200.0000000159275,8805.362932175543,4405.957042403065,803.8663179891164,4238.855488871503,32163.61701034069,13,20984.93413186046,0,1.0000803740695119e-07,optimal,optimal,optimal
2025-07-05,ANNUAL REFERENCE ONLY,0.95,1.0,1200.0000000519697,14,1200.0000000519697,optimal,optimal,24808.55806504773,0.0,0.0,14,3318.498299001074,optimal,optimal,-310.0070438627089,0.0,699.6716751020437,0.5799769342284965,14,7363.02187011028,optimal,optimal,415.01793221707635,317.5967465536054,0.0,0.62099626206334,14,8390.708175173122,optimal,optimal,4316.401787953044,2173.307814125789,0.0,0.47722337628354167,1235.7025198733434,1200.0000000159275,8390.708175173122,4421.412676307411,1800.3233320149936,8810.06097591252,38040.031717267666,15,20830.93185967372,0,1.000043994281441e-07,optimal,optimal,optimal
2025-07-06,ANNUAL REFERENCE ONLY,0.95,1.0,1235.7025198733434,14,1235.7025198733434,optimal,optimal,52527.20804716267,0.0,0.0,14,8997.914805075956,optimal,optimal,3410.9471903242875,4068.4416304776714,79.76386153957692,0.602757847203642,14,4416.988195161506,optimal,optimal,2505.680105744518,2282.6700921207103,29.93208234377471,0.6149385538492571,14,9127.844571059204,optimal,optimal,3024.7496334423986,1506.313838578735,1.1368683772161603e-13,0.4995744855278361,1284.3578871474788,1200.0,9804.754187753075,8941.376929511203,1167.7169680720149,6601.52918196255,68070.11415863642,15,37378.913625941146,0,1.0001531336456537e-07,optimal,optimal,optimal
2025-07-07,ANNUAL REFERENCE ONLY,0.95,1.0,1284.3578871474788,14,1284.3578871474788,optimal,optimal,53949.624721613516,0.0,0.0,14,9070.115297501301,optimal,optimal,-1885.7189973698917,0.0,5481.61155976434,0.5892678260807079,14,5169.267625496953,optimal,optimal,3405.4848045542453,3289.606768133994,68.80331608652716,0.5702832642182791,14,8998.306657390818,optimal,optimal,3065.0922924875326,1575.1939122638014,0.0,0.4902076745875216,1356.7250478266333,1200.0000000159275,9782.313028943847,4584.8580996718865,408.5682291520368,2781.2111806667604,61315.694001952164,3,33553.46948791886,0,1.0000420058986493e-07,optimal,optimal,optimal
2025-07-08,ANNUAL REFERENCE ONLY,0.95,1.0,1356.7250478266333,14,1356.7250478266333,optimal,optimal,62542.99499308972,0.0,0.0,14,9751.926648527497,optimal,optimal,-2220.8013019932264,136.8721289622771,6708.198930650837,0.6014441198810454,14,7432.93202222841,optimal,optimal,408.6620734933378,359.47169296987033,154.18581989270646,0.5318654791787983,14,8998.30665739082,optimal,optimal,3174.428937295916,1595.3415489137765,4.547473508864641e-13,0.4955390161746349,1866.6039225542993,1255.236422032527,10506.739148527497,1362.2897087960275,3.9908830953587663e-07,1.4000067530048e-06,63905.28470328575,0,32891.868860451155,0,1.0000420058986493e-07,optimal,optimal,optimal
2025-07-09,ANNUAL REFERENCE ONLY,0.95,1.0,1866.6039225542993,14,1866.6039225542993,optimal,optimal,61723.6375473275,0.0,0.0,14,9638.997428148148,optimal,optimal,-1850.8309609586731,50.45655073007504,5192.674379265292,0.604398050773774,14,8547.896222297737,optimal,optimal,-264.10880503527807,193.9619300689518,1827.546555656762,0.520608619646706,14,8998.306657390824,optimal,optimal,3170.4015845785934,1599.4961904383636,0.0,0.5072446008422778,1793.8737900759772,1393.3472552100468,10361.87428,1055.461818584642,2.6850004378975862,18.10092899998257,62797.20029491212,1,30436.05920632606,0,1.0000803740695119e-07,optimal,optimal,optimal
2025-07-10,ANNUAL REFERENCE ONLY,0.95,1.0,1793.8737900759772,14,1793.8737900759772,optimal,optimal,57482.634865438755,0.0,0.0,14,10055.957395430476,optimal,optimal,-514.1588390201441,576.3763210412583,3992.160097009628,0.5934121845975558,14,5242.554772325855,optimal,optimal,1954.184635818433,1997.660460307982,17.760854524971137,0.5607540624811105,14,8998.306657390822,optimal,optimal,3152.591116350879,1589.7525080202504,0.0,0.5070689334858468,1741.8113949079623,1202.137709572125,10788.448136171217,4592.616913149168,4.974695351300883e-07,1.7000096234468403e-06,62075.25178028794,0,33042.18963153864,0,1.0002258932217956e-07,optimal,optimal,optimal
2025-07-11,ANNUAL REFERENCE ONLY,0.95,1.0,1741.8113949079623,14,1741.8113949079623,optimal,optimal,30281.138112892164,0.0,0.0,14,5791.165779317478,optimal,optimal,-273.5546243263714,1.8413593599922946,786.2664858269532,0.5926042405347488,14,6301.709387519272,optimal,optimal,-327.2597418717746,0.0,744.3983426090833,0.5693215717201286,14,8396.431887861787,optimal,optimal,4218.633486253744,2162.6781998597207,0.0,0.508539228862091,1694.1283961103195,1409.5546027947578,8396.431887861787,3617.8191200555984,559.994038691124,2630.087009360049,36529.044242307806,11,20089.562366382706,0,1.0000803740695119e-07,optimal,optimal,optimal
2025-07-12,ANNUAL REFERENCE ONLY,0.95,1.0,1694.1283961103195,14,1694.1283961103195,optimal,optimal,28664.550843420562,0.0,0.0,14,5378.132945563622,optimal,optimal,717.0191596675897,567.9379744556568,14.4875040761601,0.606576767075662,14,6365.3993843764565,optimal,optimal,368.4359882330711,313.09696926399386,2.2737367544323206e-13,0.5806300519809174,14,8502.879733650103,optimal,optimal,4084.6986988597514,2065.4245977134206,0.0,0.5085334659069823,1671.9430409432557,1200.0000000159275,8502.879733650103,5170.153846760412,569.9819309047153,2925.32906735495,36760.03375753592,10,19599.571737031387,0,1.0000343513638653e-07,optimal,optimal,optimal
2025-07-13,ANNUAL REFERENCE ONLY,0.95,1.0,1671.9430409432557,14,1671.9430409432557,optimal,optimal,61886.47045642324,0.0,0.0,14,10064.354166666664,optimal,optimal,-3000.2786310768734,0.0,7981.279939533374,0.6267020258670438,14,6791.558545098722,optimal,optimal,-576.4417770308073,0.0,1374.7677553162675,0.5668323577579993,14,8998.306657390822,optimal,optimal,3133.162493867297,1617.4823398409694,0.0,0.4905380460918264,1606.0417389027975,1200.0000000159278,10799.999999999998,-443.5579142403835,91.23744957189555,632.7871274039054,62075.699669586764,2,31170.07553414556,0,1.0000803740695119e-07,optimal,optimal,optimal
2025-07-14,ANNUAL REFERENCE ONLY,0.95,1.0,1606.0417389027975,14,1606.0417389027975,optimal,optimal,57580.47181447144,0.0,0.0,14,10025.905231439945,optimal,optimal,-1732.2860310667024,147.37056712899266,5644.674260540094,0.6450013501404055,14,7411.886947248903,optimal,optimal,629.3597625252725,590.7250914999629,99.84643713846913,0.5834369520900139,14,8926.608898149609,optimal,optimal,3306.220087807919,1674.7341366543874,0.0,0.48453850799441545,1558.5623259748595,1200.000000015928,10796.73254625476,2203.2938192664888,230.90084497994332,1566.3491560330635,61350.114789770996,2,30308.478469561258,0,1.0000420058986493e-07,optimal,optimal,optimal
2025-07-15,ANNUAL REFERENCE ONLY,0.95,1.0,1558.5623259748595,14,1558.5623259748595,optimal,optimal,65591.53647634744,0.0,0.0,14,10036.193055555555,optimal,optimal,-2424.7392188283716,224.7319047390538,7735.866472476491,0.6506489292797772,14,8433.351803348925,optimal,optimal,-367.01484458400296,3.883737342045884,1183.1219633882245,0.6088113474966974,14,8998.306657390822,optimal,optimal,3145.5811085648884,1600.1669938630407,0.0,0.5101322637149865,1504.5147768543666,1504.5147768543666,10800.0,353.8270451525141,2.141521244361382e-07,7.999791232378811e-07,65945.36352229993,0,30134.847627911833,0,1.0000420058986493e-07,optimal,optimal,optimal
2025-07-16,ANNUAL REFERENCE ONLY,0.95,1.0,1504.5147768543666,14,1504.5147768543666,optimal,optimal,63998.083192645056,0.0,0.0,14,9935.46574074074,optimal,optimal,-2357.832213915464,0.0,6188.876544584546,0.6311860433981887,14,7917.011403304807,optimal,optimal,793.0428728707988,882.2025450437682,43.066495265840345,0.5807522912369402,14,8998.306657490819,optimal,optimal,3013.1226766180393,1565.8218812914818,0.0,0.5069650481154939,1582.5881070792466,1504.5147768543666,10799.999999999998,1448.3333355733744,1.3931923553360022e-07,5.999839167865502e-07,65446.416528818416,0,29022.57196605595,0,1.0000343513638653e-07,optimal,optimal,optimal
2025-07-17,ANNUAL REFERENCE ONLY,0.95,1.0,1582.5881070792466,14,1582.5881070792466,optimal,optimal,62452.04552069756,0.0,0.0,14,10019.576851851849,optimal,optimal,-368.74494159870727,488.2423442069099,2729.33169564965,0.6472194924808269,14,8173.369418637551,optimal,optimal,298.41572514617945,287.2769605723489,297.8196745725954,0.5804425848915047,14,8998.30665739082,optimal,optimal,3158.4872702559287,1594.640316560673,0.0,0.4855623145837197,1700.876648325037,1582.5881070792466,10799.999999999996,3088.158053803401,1.3025263484110876e-07,4.999772637626847e-07,65540.20357500094,0,29846.119567808903,0,1.0000803740695119e-07,optimal,optimal,optimal
2025-07-18,ANNUAL REFERENCE ONLY,0.95,1.0,1700.876648325037,14,1700.876648325037,optimal,optimal,36636.385828011465,0.0,0.0,14,8993.9666334179,optimal,optimal,-925.9402885587197,33.927613906366105,2955.9053198768465,0.6665750117721818,14,7596.342540914467,optimal,optimal,-522.060875326978,2.309896838082068,1344.3638536995818,0.5893982797533883,14,8998.306657390822,optimal,optimal,3181.3709673450685,1638.9672849706358,0.0,0.48855617495764103,1802.5416490034986,1700.876648325037,9792.989725971562,1733.3698034593708,1.7693426931653466e-07,5.999984134566147e-07,38369.75563207083,0,18886.4893875673,0,1.0000343513638653e-07,optimal,optimal,optimal
2025-07-19,ANNUAL REFERENCE ONLY,0.95,1.0,1802.5416490034986,14,1802.5416490034986,optimal,optimal,35876.85233530287,0.0,0.0,14,7137.875280848606,optimal,optimal,-1359.359745337396,41.47357646686385,4003.652769887258,0.6808718762423347,14,6134.917198691423,optimal,optimal,52.89208368598263,86.7800974452183,174.3244689758954,0.5993598314486152,14,8916.930537120192,optimal,optimal,3308.4833145674447,1643.0389217690129,0.0,0.5057960428083532,1949.3068375626804,1802.5416490034986,8916.930537120192,2002.0156529160315,1.3625920212900973e-07,4.999937747427792e-07,37878.8679887189,0,17618.100975931415,0,1.0000420058986493e-07,optimal,optimal,optimal
2025-07-20,ANNUAL REFERENCE ONLY,0.95,1.0,1949.3068375626804,14,1949.3068375626804,optimal,optimal,65078.80519494011,0.0,0.0,14,10059.50925925926,optimal,optimal,-1797.9910711747225,19.260238721726296,5332.125795696702,0.6443010835617982,14,10108.397897016743,optimal,optimal,-1299.2344448295048,47.425708182398026,5023.783112323908,0.6141895715509814,14,9304.803901764473,optimal,optimal,2713.873091458618,1348.4286922492884,0.0,0.5064420781720695,2014.746197325796,1949.3068375626804,10800.0,-383.3524245456092,2.519886279462161e-07,8.000133745374115e-07,64695.45277119452,0,28472.163345598085,0,1.0001525652114651e-07,optimal,optimal,optimal
2025-07-21,ANNUAL REFERENCE ONLY,0.95,1.0,2014.746197325796,14,2014.746197325796,optimal,optimal,62103.87501354885,0.0,0.0,14,9932.35059722222,optimal,optimal,-1123.343904962371,188.7252044844115,4236.281848236573,0.6194333230147602,14,8948.032506052714,optimal,optimal,-463.0274449799843,27.478100265333296,1829.6927559993724,0.629078853246667,14,8799.355487229457,optimal,optimal,3369.3131062554885,1739.5899119983383,1.1368683772161603e-13,0.5134354369374285,2026.197605868555,2001.5048837622608,10705.090874999996,1782.9417563131333,2.0766542786268057e-07,8.000126191385789e-07,63886.816770662,0,28044.31840173423,0,1.0000413749366999e-07,optimal,optimal,optimal
2025-07-22,ANNUAL REFERENCE ONLY,0.95,1.0,2026.197605868555,14,2026.197605868555,optimal,optimal,58287.39129984143,0.0,0.0,14,9880.413398382465,optimal,optimal,1529.7027795401223,1418.117873467947,576.177547817691,0.5993431724678634,14,8880.24966788798,optimal,optimal,-1541.3704841243384,0.0,4839.697714869033,0.6384158458164514,14,9733.146797311434,optimal,optimal,1780.6041104604512,986.8358762467947,0.0,0.5052835955299944,1641.3734245401963,1641.3734245401963,10679.455528012095,1768.936405876235,3.268194705670458e-07,8.000155906031978e-07,60056.32770651768,0,31627.736788148868,0,1.0001531336456537e-07,optimal,optimal,optimal
2025-07-23,ANNUAL REFERENCE ONLY,0.95,1.0,1641.3734245401963,14,1641.3734245401963,optimal,optimal,65647.44818884633,0.0,0.0,14,9667.720218706692,optimal,optimal,-3591.4134528996083,6.989054363012315,10325.537226797695,0.5532181002391109,14,7755.039136939709,optimal,optimal,-1054.3772368493599,0.0,3513.932173897395,0.6827085152670207,14,9678.644151194629,optimal,optimal,1812.7108568878057,1004.4697660054486,0.0,0.5064264684426584,1633.7858592062441,1633.7858592062441,10422.652163151137,-2833.0798328611627,2.3313622541556066e-07,6.000044952727875e-07,62814.368356585175,0,33665.545956465074,0,1.0000011508282114e-07,optimal,optimal,optimal
2025-07-24,ANNUAL REFERENCE ONLY,0.95,1.0,1633.7858592062441,14,1633.7858592062441,optimal,optimal,64912.158132272336,0.0,0.0,14,9965.501851851852,optimal,optimal,-3030.6787212976787,0.0,8723.235466969647,0.5681151815794115,14,8473.332313943898,optimal,optimal,-1259.9845702005916,0.0,3942.5634394575845,0.6722880502106728,14,9699.724258632534,optimal,optimal,1854.0771646079838,1023.5483138457957,0.0,0.5175804121251129,1733.6725219994096,1633.7858592062441,10800.0,-2436.5861268902863,3.4804589236469493e-07,8.000203213583517e-07,62475.57200618207,0,32899.883069928284,0,1.00000761449337e-07,optimal,optimal,optimal
2025-07-25,ANNUAL REFERENCE ONLY,0.95,1.0,1733.6725219994096,14,1733.6725219994096,optimal,optimal,28389.20902064551,0.0,0.0,14,4595.708406006046,optimal,optimal,34.708947072976265,110.69913895331317,344.39130417778154,0.5879387658426031,14,7905.392661355669,optimal,optimal,-295.49935975498806,9.514838144077077,682.6572239625592,0.6771507577489974,14,9592.488133807165,optimal,optimal,1996.8381295810937,1096.3780165100934,0.0,0.520445022069929,1821.8207555039403,1733.6725219994096,9592.488133807165,1736.047716899082,1.9690007911247895e-07,9.000167033766048e-07,30125.256738444612,0,20109.82180769381,0,1.0000529982789886e-07,optimal,optimal,optimal
2025-07-26,ANNUAL REFERENCE ONLY,0.95,1.0,1821.8207555039403,14,1821.8207555039403,optimal,optimal,29393.303703054873,0.0,0.0,14,6073.234225583349,optimal,optimal,102.33908292805347,250.35247710057388,1174.3173221125346,0.5524001479890683,14,7909.235285002927,optimal,optimal,-168.10015219074637,29.58117415790681,424.6278089055936,0.6929331862144068,14,9602.811554576012,optimal,optimal,2103.1329699310036,1106.6837975561982,0.0,0.4997036655370702,1885.136626930686,1821.8207555039403,9602.811554576012,2037.3719006683107,3.567536039074552e-07,9.999972650940434e-07,31430.67560472318,0,20710.460295521443,0,1.000049660433433e-07,optimal,optimal,optimal
2025-07-27,ANNUAL REFERENCE ONLY,0.95,1.0,1885.136626930686,14,1885.136626930686,optimal,optimal,53889.015525956085,0.0,0.0,14,9981.995018796299,optimal,optimal,805.2102319933102,687.2901415963911,0.0,0.5572692996239261,14,7150.123119213758,optimal,optimal,873.2448657936902,963.1701945816131,0.0,0.7022875778576999,14,9842.066939075992,optimal,optimal,1689.5760030850643,877.541751661752,0.0,0.5079411092011257,2006.3270162542055,1885.136626930686,10774.561222500002,3368.0311008720646,9.441463202823835e-08,2.000004473326044e-07,57257.046627028154,0,33293.721435274405,0,1.0000803740695119e-07,optimal,optimal,optimal
2025-07-28,ANNUAL REFERENCE ONLY,0.95,1.0,2006.3270162542055,14,2006.3270162542055,optimal,optimal,56107.20559254033,0.0,0.0,14,10048.331481481482,optimal,optimal,2119.799291343179,2196.480846493746,110.95496095157432,0.5669349841822207,14,6171.702436994459,optimal,optimal,-50.88447872666515,1.3451757007912343e-07,84.5884044941855,0.6987673547957276,14,9992.500101799822,optimal,optimal,1452.9495686348375,721.4674940051256,0.0,0.5089455842339056,1985.5722090051454,1590.7650976354996,10800.0,3521.864381251351,9.416599891414117e-08,1.999998928818968e-07,59629.06997399169,0,36724.19620619132,0,1.00000761449337e-07,optimal,optimal,optimal
2025-07-29,ANNUAL REFERENCE ONLY,0.95,1.0,1985.5722090051454,14,1985.5722090051454,optimal,optimal,50052.658464326516,0.0,0.0,14,9790.622399399877,optimal,optimal,2760.1498269611534,3248.6005416802736,324.1859654763374,0.5914602178437613,14,6609.3100224980135,optimal,optimal,33.00300476165947,33.4718645533805,55.21408108278672,0.6868136429178141,14,10800.0,optimal,optimal,-35.88606734512072,1.1368683772161603e-13,55.0855310200201,0.510491972858503,1208.8493012902268,1208.8493012902268,10800.0,2757.266764377692,20.763517281528703,131.50057615204685,52941.425804856255,3,37159.347677894766,0,1.0002258932217956e-07,optimal,optimal,optimal
2025-07-30,ANNUAL REFERENCE ONLY,0.95,1.0,1208.8493012902268,14,1208.8493012902268,optimal,optimal,47061.1149188557,0.0,0.0,14,9842.349835031293,optimal,optimal,4527.68160152623,5262.279601971089,33.20188674819576,0.654204473306902,14,5949.571460735204,optimal,optimal,1014.3142406793843,1304.5510114568553,45.169192512157906,0.652497963327409,14,10767.521444444445,optimal,optimal,7.112828410873702,12.82320971196691,50.56246784724701,0.5000731589747589,1231.2965116679027,1208.8493012902268,10800.0,5549.108670616488,9.360012563246065e-08,2e-07,52610.22358967219,0,37796.91274104582,0,1.0001531336456537e-07,optimal,optimal,optimal
2025-07-31,ANNUAL REFERENCE ONLY,0.95,1.0,1231.2965116679027,14,1231.2965116679027,optimal,optimal,51612.99962894517,0.0,0.0,14,9743.74491503086,optimal,optimal,-655.469738665525,285.7374295749985,3223.1985908918764,0.6613648342625045,14,7014.720941105721,optimal,optimal,299.9501352916188,363.1549433449852,49.183074483982864,0.6200909042655893,14,10767.274101233039,optimal,optimal,39.65168409512186,30.521979890210446,35.127560086453386,0.5071376805535281,1200.0000000519697,1200.0000000000005,10800.0,-315.86791927878437,920.4201847493523,3921.716021568668,55218.84773123505,18,39944.95131254628,0,1.0001531336456537e-07,optimal,optimal,optimal
2025-08-01,ANNUAL REFERENCE ONLY,0.95,1.0,1200.0000000519697,14,1200.0000000519697,optimal,optimal,24782.96818152158,0.0,0.0,14,2246.514187515738,optimal,optimal,-318.4751415701729,196.73832221477443,1329.5009498131694,0.6423474842960483,14,10311.178871497523,optimal,optimal,-332.3449662680146,0.0,747.4672894530484,0.615474445307042,14,10585.778150582417,optimal,optimal,101.0541402094415,142.6060272259351,0.0,0.5045150786150058,1233.8197195628127,1200.0000000519697,10796.960285962175,-549.7659676287461,329.8892151880364,792.6367404077114,25025.838954300543,7,23734.87684714466,0,1.0000024985856726e-07,optimal,optimal,optimal
2025-08-02,ANNUAL REFERENCE ONLY,0.95,1.0,1233.8197195628127,14,1233.8197195628127,optimal,optimal,26147.351147666268,0.0,0.0,14,3319.8870579629615,optimal,optimal,-768.23215131521,0.0,1924.9684389730794,0.6637971135427935,14,10163.529619071733,optimal,optimal,-210.4286803512121,0.0,515.3178825604462,0.5888508494191401,14,10761.904345367617,optimal,optimal,-11.195508410834762,155.21461974582974,171.45860145754935,0.5079195232936229,1211.3151369277443,1211.3151369277443,10800.0,-989.856340077257,9.416599891414117e-08,1.999998928818968e-07,25157.49480778901,0,23511.055065420813,0,1.00000761449337e-07,optimal,optimal,optimal
2025-08-03,ANNUAL REFERENCE ONLY,0.95,1.0,1211.3151369277443,14,1211.3151369277443,optimal,optimal,45346.82644677621,0.0,0.0,14,9115.367020277787,optimal,optimal,352.4665098378457,582.4477578209853,1513.0138065867773,0.6943276497015121,14,7421.9645202777865,optimal,optimal,-579.552959773101,0.0,1456.265610056798,0.5710653724186749,14,10692.773520813727,optimal,optimal,28.79934011164293,73.34271481513399,28.427758901154675,0.49877163418668213,1218.39769326117,1199.9999999999998,10765.797767626673,-198.28710982361233,663.7590046533237,2856.4479880065674,48004.98732495917,18,35305.64831505416,0,1.000001930151484e-07,optimal,optimal,optimal
2025-08-04,ANNUAL REFERENCE ONLY,0.95,1.0,1218.39769326117,14,1218.39769326117,optimal,optimal,49079.84322624447,0.0,0.0,14,9883.699775907418,optimal,optimal,-749.8656906795813,0.0,2776.8233033708625,0.6781838080750646,14,7604.113729883029,optimal,optimal,-1035.1582332660553,0.0,3119.508979758384,0.5356602184347384,14,10217.821582016193,optimal,optimal,802.0436469724618,499.37034102265926,0.0,0.4980777765779526,1262.8584868364396,1218.39769326117,10799.999999999998,-982.9802769731748,49.440416517686856,218.13068203821035,48314.9936313095,2,33578.831927590676,0,1.0002258932217956e-07,optimal,optimal,optimal
2025-08-05,ANNUAL REFERENCE ONLY,0.95,1.0,1262.8584868364396,14,1262.8584868364396,optimal,optimal,48173.3972434474,0.0,0.0,14,9893.409900216055,optimal,optimal,-574.0004927374109,0.0,2324.9357080416253,0.6514070044717825,14,6626.184740792075,optimal,optimal,-594.6529544797386,6.662596888535177,1838.2766311259934,0.5443884935415514,14,10525.053174297604,optimal,optimal,330.87254535227044,250.26133027768597,0.0,0.48534017238128213,1329.1264859172675,1262.8584868364396,10732.422536018525,-837.7809018648791,1.8844516904002418e-07,4.0000020870393197e-07,47335.616341982524,0,34328.75733206045,0,1.0000030670198612e-07,optimal,optimal,optimal
2025-08-06,ANNUAL REFERENCE ONLY,0.95,1.0,1329.1264859172675,14,1329.1264859172675,optimal,optimal,53825.02256295548,0.0,0.0,14,9864.282576665299,optimal,optimal,-2270.8535237050614,0.0,6808.718761331456,0.6525128315425098,14,7745.021040439844,optimal,optimal,-459.66521263943366,143.53033463519301,1657.2587491721133,0.5641193725018402,14,10417.745590255892,optimal,optimal,117.31787453827125,227.34413599937312,50.00073947679397,0.4982502357568159,1303.3647678798413,1303.3647678798413,10800.0,-2613.200861806224,2.365374553131503e-07,5.000001331907697e-07,51211.82170164925,0,35253.74488741225,0,1.0000098882301245e-07,optimal,optimal,optimal
2025-08-07,ANNUAL REFERENCE ONLY,0.95,1.0,1303.3647678798413,14,1303.3647678798413,optimal,optimal,52982.54073246609,0.0,0.0,14,9906.359890123456,optimal,optimal,-2115.720862709307,431.17745767505176,9909.295541030384,0.6429302233506177,14,7589.12711709882,optimal,optimal,-607.1406059017835,320.83639454869547,3221.1370319863513,0.5904319249953356,14,10438.413034856987,optimal,optimal,132.91768324786895,87.49669668260147,0.0,0.49365180016289073,1352.336595525886,1303.3647678798413,10710.78191144272,-2589.9437853632217,8.555416902629434,57.804673208336006,50450.40162031121,1,34782.58964982827,0,1.0000803740695119e-07,optimal,optimal,optimal
2025-08-08,ANNUAL REFERENCE ONLY,0.95,1.0,1352.336595525886,14,1352.336595525886,optimal,optimal,24060.066328176985,0.0,0.0,14,3780.609083121107,optimal,optimal,-95.80422814044212,13.980826043954664,262.7984512605541,0.6613503777986639,14,10285.351126958933,optimal,optimal,-1.6854213582344926,50.239101564849534,151.29505623695536,0.6143149845224394,14,10471.702038387173,optimal,optimal,236.79402996778953,160.202535910575,0.0,0.48978286400541393,1363.857616399148,1352.336595525886,10701.080009275247,139.3043804691129,2.7730907413041217e-07,1.0000014930189536e-06,24199.370709646097,0,24512.68381633501,0,1.000043994281441e-07,optimal,optimal,optimal
2025-08-09,ANNUAL REFERENCE ONLY,0.95,1.0,1363.857616399148,14,1363.857616399148,optimal,optimal,24203.476867744714,0.0,0.0,14,3301.8366821300956,optimal,optimal,-241.60040292247217,0.0,549.6712148007111,0.6663683445946732,14,10772.192790326013,optimal,optimal,151.76454644926628,174.88600791219642,152.09613546610478,0.6094412019941925,14,10606.087786526205,optimal,optimal,2.8428007354952234,2.022410123485629,0.0,0.48784474955739615,1444.75767048847,1363.857616399148,10800.0,-86.99305573771068,3.0972799282401e-07,9.999964307397021e-07,24116.483813007,0,24500.5549509058,0,1.000043994281441e-07,optimal,optimal,optimal
2025-08-10,ANNUAL REFERENCE ONLY,0.95,1.0,1444.75767048847,14,1444.75767048847,optimal,optimal,50288.750889333955,0.0,0.0,14,9529.18927450617,optimal,optimal,-1833.7416111274663,11.002994117816096,6334.387411718899,0.6211170180936489,14,7998.3063691358,optimal,optimal,-350.5660921211461,131.53870937336498,1130.3398850607755,0.5994622316985663,14,10533.015592602209,optimal,optimal,92.24597803197969,228.33276625237033,85.95319311328672,0.48912844105552206,1355.5109892636613,1355.5109892636613,10799.999999999996,-2092.061725216633,1.8797314677148302e-07,4e-07,48196.689164517324,0,33767.88733835674,0,1.0000030670198612e-07,optimal,optimal,optimal
2025-08-11,ANNUAL REFERENCE ONLY,0.95,1.0,1355.5109892636613,14,1355.5109892636613,optimal,optimal,48141.43245206805,0.0,0.0,14,10057.57962962963,optimal,optimal,-539.4230669758628,346.71806681961743,4274.491573730669,0.6385870856108259,14,7565.504982037038,optimal,optimal,-351.3165494455032,234.31142642652162,2320.3856016069985,0.6294949192170012,14,10522.782210987589,optimal,optimal,234.96676322711497,149.22299147413258,0.0,0.48150932555188575,1361.0655113931737,1355.5109892636613,10800.0,-655.7728531942511,136.3375146448186,631.3434342843241,48117.00303315813,5,35185.92023667291,0,1.00000761449337e-07,optimal,optimal,optimal
2025-08-12,ANNUAL REFERENCE ONLY,0.95,1.0,1361.0655113931737,14,1361.0655113931737,optimal,optimal,51985.44042635712,0.0,0.0,14,9669.841582535777,optimal,optimal,-1030.1947413009118,563.8472232379985,6187.3513010731085,0.6579314646080543,14,7530.978089022061,optimal,optimal,-568.0968824454693,131.2483452442426,2263.1769584423428,0.6305485638247644,14,10402.226880257702,optimal,optimal,155.26697496777632,224.1195085798494,0.0,0.4938825578324993,1381.8744824154167,1361.0655113931737,10558.297411023741,-1443.0246487786046,1.411172447607759e-07,2.999997772055394e-07,50542.415777878516,0,33239.97310232891,0,1.0000030670198612e-07,optimal,optimal,optimal
2025-08-13,ANNUAL REFERENCE ONLY,0.95,1.0,1381.8744824154167,14,1381.8744824154167,optimal,optimal,46940.95405570281,0.0,0.0,14,9772.463151633054,optimal,optimal,-784.7703519132201,1.2766334466185754,3147.822749295025,0.6636250719910565,14,6550.2022518182375,optimal,optimal,175.73936175033953,259.11747202190634,282.95496718197467,0.6375764052198012,14,10234.730063586438,optimal,optimal,792.3736249282875,421.99886287748075,0.0,0.48636710448639064,1325.4387137408085,1325.4387137408085,10620.404398546634,183.34263476540696,72.061688969563,411.66413828779383,47535.96082875601,3,33382.275878564855,0,1.0000803740695119e-07,optimal,optimal,optimal
2025-08-14,ANNUAL REFERENCE ONLY,0.95,1.0,1325.4387137408085,14,1325.4387137408085,optimal,optimal,47230.07752061519,0.0,0.0,14,9135.61096688271,optimal,optimal,958.8355782131682,1203.759645287128,66.92512883558892,0.6482080247719977,14,5965.884835364202,optimal,optimal,-792.1214197640519,0.0,2141.032117502875,0.6253723534546054,14,10520.797024216288,optimal,optimal,220.32409894269145,194.87038654797047,0.0,0.49129040229744053,1317.1901486074319,1317.1901486074319,10756.57170550207,387.03825739180775,35.284883521304955,242.11117342082355,47859.22695142782,3,37852.07074248911,0,1.00000761449337e-07,optimal,optimal,optimal
2025-08-15,ANNUAL REFERENCE ONLY,0.95,1.0,1317.1901486074319,14,1317.1901486074319,optimal,optimal,24706.002116798678,0.0,0.0,14,3066.527045830031,optimal,optimal,-341.43037528541464,0.0,744.683170838757,0.5942642764271766,14,10722.318348588935,optimal,optimal,-187.35596386062105,9.194654794805274,417.38095216900103,0.6003820666342511,14,10651.384831704769,optimal,optimal,150.8061611903351,115.17674177047886,0.0,0.49087435448079364,1254.1071720742596,1254.1071720742596,10764.673862997628,-377.98017795570064,2.3265078595367625e-07,7.000087195028755e-07,24328.021939542985,0,25390.877450009033,0,1.0000858901548782e-07,optimal,optimal,optimal
2025-08-16,ANNUAL REFERENCE ONLY,0.95,1.0,1254.1071720742596,14,1254.1071720742596,optimal,optimal,25682.489187113995,0.0,0.0,14,2183.8584907407408,optimal,optimal,-649.6339466678774,284.79851474476226,2323.4708630250116,0.6479028246009881,14,10767.619701329484,optimal,optimal,-209.62720872939903,14.604036111110304,493.843182715292,0.650273640697687,14,10716.308098764403,optimal,optimal,57.6504314897858,47.05572251256365,0.0,0.48962799250387584,1415.3403788613773,1200.0,10800.0,-801.6107239074906,327.13884748428177,910.2754362385745,25791.15389944508,6,23784.974358046857,0,1.000043994281441e-07,optimal,optimal,optimal
2025-08-17,ANNUAL REFERENCE ONLY,0.95,1.0,1415.3403788613773,14,1415.3403788613773,optimal,optimal,47638.49233625512,0.0,0.0,14,9925.273771127324,optimal,optimal,-812.2539234769291,47.51356780687638,3275.3762047561477,0.6915579962073286,14,8256.905726139476,optimal,optimal,-74.80963504315957,415.98294799276573,2580.2219892278504,0.687609971666008,14,10489.960267729035,optimal,optimal,426.5745874133783,226.59762516651637,0.0,0.4890451458000555,1252.0808807756312,1252.0808807756312,10702.170530386584,-460.4889711067104,57.32341150814187,189.1672578122173,47367.17062296063,1,35006.512677149876,0,1.0002258932217956e-07,optimal,optimal,optimal
2025-08-18,ANNUAL REFERENCE ONLY,0.95,1.0,1252.0808807756312,14,1252.0808807756312,optimal,optimal,46851.24968603776,0.0,0.0,14,9347.821910184457,optimal,optimal,-183.07435590371531,1.3085666393765223,381.06188798150583,0.6781507460751997,14,7638.482161264704,optimal,optimal,-858.8229439608776,0.0,2667.865238349099,0.7021593032559368,14,10705.957785353705,optimal,optimal,35.77034021940123,107.63924959878325,81.38075976797279,0.4956374248803409,1218.6874267594649,1218.6874267594649,10800.0,-1006.1269596451917,49.657583426934266,337.01907178333886,46182.14179817591,4,36802.75662314252,0,1.0001531336456537e-07,optimal,optimal,optimal
2025-08-19,ANNUAL REFERENCE ONLY,0.95,1.0,1218.6874267594649,14,1218.6874267594649,optimal,optimal,45520.79254843159,0.0,0.0,14,8792.210994660496,optimal,optimal,-673.6069034351538,3.597783792141172,1722.0332540848692,0.6762293729044987,14,7246.420394290128,optimal,optimal,-44.65655447018876,144.1416110294345,928.0423043549458,0.7092207232563178,14,10718.688898059227,optimal,optimal,41.68673047871122,91.99564243481663,60.98510750882758,0.48853685624552856,1216.5677336632205,1200.0,10799.99999994759,-676.5767274266314,358.6424193095125,1137.82387565896,45982.039696663924,6,36242.20739728288,0,1.0000371730711777e-07,optimal,optimal,optimal
2025-08-20,ANNUAL REFERENCE ONLY,0.95,1.0,1216.5677336632205,14,1216.5677336632205,optimal,optimal,50327.136145037555,0.0,0.0,14,9903.163108703702,optimal,optimal,-453.4800372476826,805.6787712552325,4708.609102294213,0.6574229186077033,14,6912.6580500890095,optimal,optimal,-616.5315671665961,0.0,2012.9447450106238,0.7019358162136711,14,10401.728915131598,optimal,optimal,613.5427627606687,368.6489397150154,36.69640316497191,0.4949869553886707,1205.9169142610951,1205.9169142610951,10765.758871601558,-456.46884165361007,865.4237400941115,2497.255441049893,52367.92274443384,16,39038.55126215704,0,1.0000053407566156e-07,optimal,optimal,optimal
2025-08-21,ANNUAL REFERENCE ONLY,0.95,1.0,1205.9169142610951,14,1205.9169142610951,optimal,optimal,48130.28239981212,0.0,0.0,14,9560.866470185181,optimal,optimal,-997.468621963294,102.0198569873055,4021.342446582582,0.6557292115046435,14,8061.449215842744,optimal,optimal,-489.87369960578576,0.0,1696.9549127500923,0.701031780265046,14,10764.223825614476,optimal,optimal,35.33779443833479,28.382592545858756,12.151238080434089,0.4890039359765646,1200.0000000519697,1200.0000000519697,10799.157651415331,-1452.004527130745,18.2363041254241,38.90886492232089,46717.18673760369,3,35328.401363516954,0,1.0000030670198612e-07,optimal,optimal,optimal
2025-08-22,ANNUAL REFERENCE ONLY,0.95,1.0,1200.0000000519697,14,1200.0000000519697,optimal,optimal,24248.89390618946,0.0,0.0,14,2571.4857565740754,optimal,optimal,-195.04482365015508,201.34623650012307,1071.4080819279238,0.6583197393672393,14,10485.02044524127,optimal,optimal,-108.38593488261255,0.0,236.35057156791726,0.6948573172098758,14,10697.488793497714,optimal,optimal,128.4230076526212,100.99261423449218,22.482049062930628,0.4915124480488121,1217.8629612457567,1200.0,10800.0,-175.00775088014643,447.9936644576226,1643.9360854208535,25717.822240730166,9,25905.715753179706,0,1.00000761449337e-07,optimal,optimal,optimal
2025-08-23,ANNUAL REFERENCE ONLY,0.95,1.0,1217.8629612457567,14,1217.8629612457567,optimal,optimal,23325.787146657523,0.0,0.0,14,3574.7137800925934,optimal,optimal,522.2635728317173,381.641016453536,5.884555246914239,0.6058134901014761,14,10800.0,optimal,optimal,516.5337792470701,377.1464683414604,1.1368683772161603e-13,0.6601162024122131,14,10636.282780718406,optimal,optimal,-6.935733297724107,0.0,10.781236472026208,0.5029916316476155,1212.1064815854816,1212.1064815854816,10800.0,1031.8616187810633,3.1403762095060186,6.70627339407852,24364.355038832666,1,25130.235155116825,0,1.000043994281441e-07,optimal,optimal,optimal
2025-08-24,ANNUAL REFERENCE ONLY,0.95,1.0,1212.1064815854816,14,1212.1064815854816,optimal,optimal,46606.88004861759,0.0,0.0,14,8518.790363086418,optimal,optimal,-726.9581731530933,111.72015273752172,1987.0362472718075,0.5308569644877952,14,6756.781176404672,optimal,optimal,902.3647321081727,896.2731384225681,673.0485793283204,0.6662297406499984,14,10310.840568645028,optimal,optimal,577.448801245325,297.1775703011555,0.0,0.5073888090741119,1214.0905173822525,1212.1064815854816,10409.717693902905,752.8553602004043,18.484185956607785,57.18960596479539,47416.92501478279,3,36834.80918633629,0,1.000010314555766e-07,optimal,optimal,optimal
2025-08-25,ANNUAL REFERENCE ONLY,0.95,1.0,1214.0905173822525,14,1214.0905173822525,optimal,optimal,59837.679957017914,0.0,0.0,14,9505.626055246914,optimal,optimal,-2174.0491932044033,136.06465094154305,5950.3211640270365,0.499913215657138,14,7953.91768855117,optimal,optimal,-1697.6382321778806,5.811199452972119,4934.544681828815,0.6300758947746071,14,10477.316670458385,optimal,optimal,360.7947031047689,266.57172844182776,0.0,0.5027275256935653,1231.5410169255329,1214.0905173822525,10534.547014266078,-3510.892722277515,50.0792265276304,106.06215190608502,56432.849386646485,2,35571.9686700172,0,1.0000053407566156e-07,optimal,optimal,optimal
2025-08-26,ANNUAL REFERENCE ONLY,0.95,1.0,1231.5410169255329,14,1231.5410169255329,optimal,optimal,46929.9447558735,0.0,0.0,14,9342.140458024682,optimal,optimal,1575.2109580510073,2366.3450298939106,0.0,0.5979866448858352,14,6970.027170997402,optimal,optimal,-653.3517977405872,3.791003342066915,2109.5505252157827,0.6922316638062922,14,10605.883440865342,optimal,optimal,184.52665329391962,162.1722382723368,20.79170632128452,0.5063891595728066,1251.8512215554085,1231.5410169255329,10755.677435030862,1106.3858136043398,9.360012563246065e-08,2e-07,48036.33056967784,0,36921.94028417966,0,1.0000803740695119e-07,optimal,optimal,optimal
2025-08-27,ANNUAL REFERENCE ONLY,0.95,1.0,1251.8512215554085,14,1251.8512215554085,optimal,optimal,47334.154818068884,0.0,0.0,14,9861.471902759797,optimal,optimal,4200.273061758002,5164.514152910182,0.0,0.6062777887328278,14,7561.3622839389145,optimal,optimal,-286.9652938156876,163.9773925069681,1978.6734531563134,0.6933488819564549,14,10553.326742896705,optimal,optimal,285.3715225707667,171.12570507820192,0.0,0.4985681945747256,1267.0901834329152,1251.8512215554085,10698.052458315353,4198.679290513081,9.360012563246065e-08,2e-07,51532.834108781964,0,35702.87234652086,0,1.0001531336456537e-07,optimal,optimal,optimal
2025-08-28,ANNUAL REFERENCE ONLY,0.95,1.0,1267.0901834329152,14,1267.0901834329152,optimal,optimal,45462.03341625279,0.0,0.0,14,9768.460657964091,optimal,optimal,4927.814191627787,5606.069928858909,1.1368683772161603e-13,0.5940174345430578,14,5713.799421862001,optimal,optimal,519.2199290372218,417.9757563516645,163.28990907055328,0.7006368353842833,14,10570.61139161776,optimal,optimal,261.783319044541,152.37971989120646,0.0,0.5019018731063353,1245.8884275976216,1245.8884275976216,10635.99491722335,5708.81743970955,25.554630288008596,99.80190240848424,51270.65275837082,2,37598.837040259634,0,1.0000803740695119e-07,optimal,optimal,optimal
2025-08-29,ANNUAL REFERENCE ONLY,0.95,1.0,1245.8884275976216,14,1245.8884275976216,optimal,optimal,26278.380347194972,0.0,0.0,14,4760.066535246911,optimal,optimal,-733.3849387842973,0.0,1740.9554205217232,0.6068280399524457,14,10730.733045187528,optimal,optimal,472.5975754267522,383.33335460235736,11.677084572967681,0.699339001927485,14,10643.571880046322,optimal,optimal,4.841000600564406,3.443958667209233,-2.2737367544323206e-13,0.5021990957497002,1282.2482784442807,1245.8884275976216,10752.667545361353,-255.94636275698073,2.653044824365884e-07,6.999987522684933e-07,26022.43398513799,0,26482.129457689363,0,1.000011716314475e-07,optimal,optimal,optimal
2025-08-30,ANNUAL REFERENCE ONLY,0.95,1.0,1282.2482784442807,14,1282.2482784442807,optimal,optimal,25699.639160795185,0.0,0.0,14,3554.940681993003,optimal,optimal,-391.3557413753886,127.65767615752635,1441.2592677621424,0.630167851511901,14,10763.128395711736,optimal,optimal,-64.43168043454722,24.42076518807077,251.52457245242874,0.7088846325347387,14,10638.731398148147,optimal,optimal,4.512195727634435,3.2100420642657372,0.0,0.49209123444232894,1200.0000000519697,1200.0000000519697,10800.0,-451.2752260823014,79.914226123832,169.6172433078377,25417.981178020724,4,25232.207576808607,0,1.0000095358009275e-07,optimal,optimal,optimal
2025-08-31,ANNUAL REFERENCE ONLY,0.95,1.0,1200.0000000519697,14,1200.0000000519697,optimal,optimal,47876.28578535536,0.0,0.0,14,9133.32824074074,optimal,optimal,-158.20861981839053,62.672768027545544,564.784022025497,0.663126539336752,14,5428.853922222222,optimal,optimal,-441.52580453837516,54.07718193800463,1453.0160313804258,0.7116215683822784,14,10348.74522851636,optimal,optimal,568.7944564335121,311.29056614354266,0.0,0.4881845379014907,1226.888314025228,1200.0000000519697,10800.0,-30.939967923253562,344.46584129962986,1389.1483323771592,49234.49414980927,9,37857.31071998639,0,1.00000761449337e-07,optimal,optimal,optimal
2025-09-01,ANNUAL REFERENCE ONLY,0.95,1.0,1226.888314025228,14,1226.888314025228,optimal,optimal,53456.26754546755,0.0,0.0,14,10023.510370370366,optimal,optimal,-3004.400734909585,0.0,8767.399167497995,0.6857825686932912,14,7748.979567798147,optimal,optimal,217.39929638516986,672.4307178953418,2795.0783660213783,0.7027734359632896,14,10626.632791128806,optimal,optimal,64.91848644645074,45.266788187751175,7.649591557531885e-07,0.4926448635117142,1263.6529423581535,1226.888314025228,10800.0,-2722.0829520779644,4.677268475210477e-08,1e-07,50734.18459348958,0,32379.468671186594,0,1.0002986527979374e-07,optimal,optimal,optimal
2025-09-02,ANNUAL REFERENCE ONLY,0.95,1.0,1263.6529423581535,14,1263.6529423581535,optimal,optimal,47373.88139559953,0.0,0.0,14,9958.661574074074,optimal,optimal,1222.9705801163573,1294.4381535660154,33.593215980528385,0.6467821852969481,14,7661.328699967808,optimal,optimal,-678.2010172045566,50.11867827139713,2986.091642373905,0.6591325437812325,14,10637.907088138783,optimal,optimal,75.95041285047697,52.250857478550635,0.0,0.4946689038145473,1421.3506784116241,1263.6529423581535,10800.0,620.7199757622776,9.360012563246065e-08,2e-07,47994.60137156181,0,32958.971321741235,0,1.00000761449337e-07,optimal,optimal,optimal
2025-09-03,ANNUAL REFERENCE ONLY,0.95,1.0,1421.3506784116241,14,1421.3506784116241,optimal,optimal,50211.95509288676,0.0,0.0,14,9973.114351851851,optimal,optimal,-1106.856103436258,121.70779625374257,4277.975432184698,0.6330887283931688,14,7830.432015784192,optimal,optimal,-373.051212803869,164.74913900761823,2502.375408263175,0.6585883797181437,14,10671.363351507322,optimal,optimal,20.04663277246724,14.72434890179281,0.0,0.5006507811115972,1553.449619632079,1421.3506784116241,10800.0,-1459.8606834676598,9.360012563246065e-08,2e-07,48752.0944096191,0,32201.45890403224,0,1.0000803740695119e-07,optimal,optimal,optimal
2025-09-04,ANNUAL REFERENCE ONLY,0.95,1.0,1553.449619632079,14,1553.449619632079,optimal,optimal,49924.711086626405,0.0,0.0,14,9967.729413333333,optimal,optimal,-971.5656639598603,112.90785692797567,3695.2946211824246,0.6470932374180206,14,8639.691097460527,optimal,optimal,-659.1882386309744,11.697648808056556,2350.873858572566,0.6595582772279038,14,10696.603146671312,optimal,optimal,15.874500812998269,11.293352954110205,7.614316737580947e-07,0.49963566447790875,1693.8630206235682,1553.449619632079,10800.0,-1614.8794017778364,4.677268475210477e-08,1e-07,48309.83168494857,0,34196.65661556417,0,1.0000053407566156e-07,optimal,optimal,optimal
2025-09-05,ANNUAL REFERENCE ONLY,0.95,1.0,1693.8630206235682,14,1693.8630206235682,optimal,optimal,24997.39867650076,0.0,0.0,14,6285.144829938268,optimal,optimal,-461.00538193364343,0.0,1039.2174262261753,0.643060192890471,14,10753.312135659555,optimal,optimal,-54.30209181256653,0.0,117.57327603183478,0.6614877220633096,14,10800.0,optimal,optimal,-2.252073203270663,0.0,3.5858184910024455,0.49731762989364126,2008.5284793561589,1693.8630206235682,10800.0,-517.5595469494807,1.8220173523712669e-07,8.000128380492242e-07,24479.839130351294,0,23196.261296316574,0,1.000043994281441e-07,optimal,optimal,optimal
2025-09-06,ANNUAL REFERENCE ONLY,0.95,1.0,2008.5284793561589,14,2008.5284793561589,optimal,optimal,24457.905534330668,0.0,0.0,14,5970.086744799629,optimal,optimal,-327.49091017485335,0.0,726.6372478395701,0.629681704470789,14,10798.729765283679,optimal,optimal,-248.356908278013,16.105546260169998,585.0619172606469,0.6401143806251246,14,10800.0,optimal,optimal,-2.3832466974007156,9.319020717247751,13.111471707285375,0.5015551084953167,2010.357875476233,2008.5284793561589,10800.0,-578.2310651502671,1.9707879482137736e-07,9.00023772651548e-07,23879.674470080427,0,23715.991101566793,0,1.0000803740695119e-07,optimal,optimal,optimal
2025-09-07,ANNUAL REFERENCE ONLY,0.95,1.0,2010.357875476233,14,2010.357875476233,optimal,optimal,46821.96728764548,0.0,0.0,14,9984.83587037037,optimal,optimal,508.02893620707533,805.8341616383885,482.23520427688845,0.6191595196935172,14,8067.1279837976645,optimal,optimal,-708.524218421299,10.474732872794105,2447.9444386802506,0.5952285741769116,14,10800.0,optimal,optimal,-24.437849878050507,156.2238573960563,191.24742488031586,0.5047063537616997,2016.3825261163202,2010.357875476233,10800.0,-224.93313209227418,9.360012563246065e-08,2e-07,46597.03415575321,0,33852.50494408647,0,1.0001531336456537e-07,optimal,optimal,optimal
2025-09-08,ANNUAL REFERENCE ONLY,0.95,1.0,2016.3825261163202,14,2016.3825261163202,optimal,optimal,47311.686266181525,0.0,0.0,14,9888.266311666668,optimal,optimal,-1695.3562681452104,0.0,4836.8438465670615,0.5890050815376172,14,8655.089780221935,optimal,optimal,396.3176499133328,839.460882549286,2383.2335774729445,0.6161005294772953,14,10789.198746075383,optimal,optimal,-17.451222083110068,153.8981762357536,177.82391991463004,0.5044000864482837,2135.5518898068303,2016.3825261163202,10800.0,-1316.4898403149875,9.360012563246065e-08,2e-07,45995.19642606654,0,33942.32733754532,0,1.0002986527979374e-07,optimal,optimal,optimal
2025-09-09,ANNUAL REFERENCE ONLY,0.95,1.0,2135.5518898068303,14,2135.5518898068303,optimal,optimal,41004.82402011496,0.0,0.0,14,9981.140277777778,optimal,optimal,270.13144693730936,329.72906273605975,474.56195540283244,0.5832907549539084,14,8779.686509259262,optimal,optimal,125.68705899681586,108.78915367430429,0.0,0.605951522756062,14,10800.0,optimal,optimal,-23.055610297055736,148.06732400633445,181.56506510665469,0.5041177237320598,2229.5323781298785,2135.5518898068303,10800.0,372.7628956370695,9.360012563246065e-08,2e-07,41377.58691595203,0,33605.66603317845,0,1.0000030670198612e-07,optimal,optimal,optimal
2025-09-10,ANNUAL REFERENCE ONLY,0.95,1.0,2229.5323781298785,14,2229.5323781298785,optimal,optimal,48321.84054237214,0.0,0.0,14,9910.323185185185,optimal,optimal,-2384.5059641712587,0.0,6824.955601509961,0.5988800152636744,14,7804.605003643143,optimal,optimal,1048.061779617506,1141.6613226283416,1163.5041749640886,0.5945906680289522,14,10800.0,optimal,optimal,-25.443162456170143,151.59166339197728,188.1003015583462,0.49891275148838615,2275.536831846124,2229.5323781298785,10800.0,-1361.8873470099227,9.360012563246065e-08,2e-07,46959.95319556222,0,35905.85799448406,0,1.0001531336456537e-07,optimal,optimal,optimal
2025-09-11,ANNUAL REFERENCE ONLY,0.95,1.0,2275.536831846124,14,2275.536831846124,optimal,optimal,48343.94379436414,0.0,0.0,14,9977.201879814815,optimal,optimal,-3076.500141362756,0.0,9807.99615728473,0.5880415537816107,14,6890.503450113786,optimal,optimal,-500.25450205551243,60.406322183253415,2262.639729365532,0.6259278212838969,14,10800.0,optimal,optimal,-57.35157160334788,100.51579120872289,188.15220763395894,0.49993537315028147,2354.675823586659,2139.2003057407405,10800.0,-3634.1062150216167,9.360012563246065e-08,2e-07,44709.83757954252,0,34942.49389452419,0,1.0000303518609144e-07,optimal,optimal,optimal
2025-09-12,ANNUAL REFERENCE ONLY,0.95,1.0,2354.675823586659,14,2354.675823586659,optimal,optimal,19911.908774666525,0.0,0.0,14,4776.944911944447,optimal,optimal,-94.21227530910332,4.0042527777779355,220.7865277808399,0.6520319708155243,14,10800.0,optimal,optimal,622.1713705644169,486.0701309949505,23.5853166666667,0.6564116385705948,14,10800.0,optimal,optimal,-6.044737513638062,0.0,12.24746427663291,0.5015770938912641,2553.630795457712,2354.675823586659,10800.0,521.9143577416754,15.595933447926033,96.0163640838635,20529.839496492063,1,24859.802781124905,0,1.00000761449337e-07,optimal,optimal,optimal
2025-09-13,ANNUAL REFERENCE ONLY,0.95,1.0,2553.630795457712,14,2553.630795457712,optimal,optimal,19972.48603051802,0.0,0.0,14,5091.1017351851815,optimal,optimal,131.6314887716785,109.51676695548682,3.7951406133257516e-06,0.6284207535701016,14,10727.242583914329,optimal,optimal,232.3428368474735,189.05268903032592,23.58531380695001,0.6742835971285835,14,10800.0,optimal,optimal,1.0000181898940354e-07,7.962254019300919e-08,7.962271753053042e-08,0.4962766172060653,2611.8050738608113,2527.171261333943,10800.0,363.97432571915385,32.45626563029997,147.92970935588696,20484.39006559306,2,24102.979617820536,0,1.000043994281441e-07,optimal,optimal,optimal
2025-09-14,ANNUAL REFERENCE ONLY,0.95,1.0,2611.8050738608113,14,2611.8050738608113,optimal,optimal,48556.15206908156,0.0,0.0,14,9986.40375925926,optimal,optimal,-1620.5639436312563,319.1581695817255,5493.051303202974,0.5997059312486834,14,8187.598462759649,optimal,optimal,-401.9627190634427,2.6013453378186595,1813.139162411955,0.6705761840013984,14,10800.0,optimal,optimal,9.999636202119292e-08,1.5590327723915328e-07,0.0,0.4999769143926499,2312.436521338512,2116.8701714814797,10800.0,-2022.5266625947027,1.4542688540512691e-07,2.9999970956187093e-07,46533.62540678686,0,32579.973215700025,0,1.0000167094403878e-07,optimal,optimal,optimal
2025-09-15,ANNUAL REFERENCE ONLY,0.95,1.0,2312.436521338512,14,2312.436521338512,optimal,optimal,34771.50065061934,0.0,0.0,14,8854.220444102535,optimal,optimal,624.1162002425472,813.573615610057,636.137587538691,0.6397064326178523,14,7090.78443,optimal,optimal,-160.15218166008796,65.59445964085558,543.817105225314,0.6536509014215771,14,10799.999999957698,optimal,optimal,-152.46280748921419,0.0,236.74368689727825,0.5046865898593866,1271.741064861352,1200.0,10800.0,311.501211093245,3468.4249732594794,15652.763688863346,50735.76555057593,47,36875.626469703726,0,1.0000803740695119e-07,optimal,optimal,optimal
2025-09-16,ANNUAL REFERENCE ONLY,0.95,1.0,1271.741064861352,14,1271.741064861352,optimal,optimal,45536.96248369037,0.0,0.0,14,9268.524421355072,optimal,optimal,-956.1538747756651,233.3954754621464,3813.763933726512,0.6305962899285288,14,7952.406674326028,optimal,optimal,-821.7791037950673,31.413391102519064,3203.6445523999887,0.6633295134036267,14,10692.641908047264,optimal,optimal,195.39742517232582,97.25219027587616,0.0,0.5020586530000306,1200.0000000519697,1200.0,10800.0,-1582.5355533984066,743.997707094567,2493.906723596583,46448.33365388855,23,36487.307235617765,0,1.0000030670198612e-07,optimal,optimal,optimal
2025-09-17,ANNUAL REFERENCE ONLY,0.95,1.0,1200.0000000519697,14,1200.0000000519697,optimal,optimal,43961.64246972827,0.0,0.0,14,9655.803699814807,optimal,optimal,-554.0563719426507,260.03181851945186,2857.4946317694053,0.6569124032531548,14,6659.793598023255,optimal,optimal,-741.2458784844791,0.0,2261.7841108203706,0.7042296545107055,14,10800.0,optimal,optimal,9.999272404238581e-08,7.32046916056417e-08,7.320659278775564e-08,0.5065692278951262,1466.0638182230305,1200.0000000519697,10800.0,-1295.302250327137,2.3570685927675616e-07,4.999998416977177e-07,42666.34021990113,0,37104.81306280603,0,1.0000030670198612e-07,optimal,optimal,optimal
2025-09-18,ANNUAL REFERENCE ONLY,0.95,1.0,1466.0638182230305,14,1466.0638182230305,optimal,optimal,38673.54392297098,0.0,0.0,14,9620.411807558672,optimal,optimal,4032.563723004015,5007.397271958273,0.0,0.6625954661139571,14,7655.077508352742,optimal,optimal,-480.6234954672407,0.0,1819.9048382896144,0.7085562913375641,14,10800.0,optimal,optimal,1.0000727595761418e-07,7.32146756459471e-08,7.32151541806704e-08,0.504025400438964,1431.566647651784,1200.0,10800.0,3551.940227636782,213.6272297215806,925.3456202271894,43150.82977083496,5,37515.29382326833,0,1.00000761449337e-07,optimal,optimal,optimal
2025-09-19,ANNUAL REFERENCE ONLY,0.95,1.0,1431.566647651784,14,1431.566647651784,optimal,optimal,18074.16951322763,0.0,0.0,14,3304.1970370370364,optimal,optimal,635.9025142867878,591.1222170288754,0.0,0.6040508381564603,14,10459.442078279568,optimal,optimal,-137.9197357322781,0.0,313.4370915879017,0.6796524299449376,14,10796.957520850281,optimal,optimal,-13.563680848984257,0.0,46.46811865827692,0.507404420116446,1846.1803039894276,1200.0,10800.0,484.4190977055254,83.45405345959924,198.0562751056059,18756.64488603876,6,26616.43803003427,0,1.0000098882301245e-07,optimal,optimal,optimal
2025-09-20,ANNUAL REFERENCE ONLY,0.95,1.0,1846.1803039894276,14,1846.1803039894276,optimal,optimal,18163.649170919234,0.0,0.0,14,3926.5789067529536,optimal,optimal,14.43117877223918,71.88973353690507,137.4451829270235,0.618494856602712,14,10730.328557591745,optimal,optimal,-124.86986233663521,3.3223152740902146e-06,266.6496458665712,0.6813228947568293,14,10715.144451538881,optimal,optimal,53.244260722561485,47.95867440238949,0.0,0.5136720437185134,1760.297311554831,1200.0,10800.0,-57.194422841834545,57.82205390094284,217.76210824481575,18324.216856322215,3,27897.340510880895,0,1.0000030670198612e-07,optimal,optimal,optimal
2025-09-21,ANNUAL REFERENCE ONLY,0.95,1.0,1760.297311554831,14,1760.297311554831,optimal,optimal,43833.94906059861,0.0,0.0,14,9681.519879999998,optimal,optimal,-685.4134858853001,2.8638922880778246,1888.1287338799018,0.6346557534713684,14,8125.677658829307,optimal,optimal,-506.43559180684747,191.10424271399808,2934.723932359423,0.671496083884096,14,10779.953018518518,optimal,optimal,-9.525488630036161,35.49352671384034,49.33972721383867,0.5098321209063945,1426.001945320827,1200.0,10800.0,-1201.3745663221837,16.73851073608877,106.49523735209952,42739.06973162852,2,34285.99109435988,0,1.00000761449337e-07,optimal,optimal,optimal
2025-09-22,ANNUAL REFERENCE ONLY,0.95,1.0,1426.001945320827,14,1426.001945320827,optimal,optimal,47083.11821050098,0.0,0.0,14,9687.832926574056,optimal,optimal,-1862.8833115772943,0.0,6031.089417403728,0.5961856585986904,14,7401.4186479222035,optimal,optimal,-955.5355387514437,0.0,3121.5431501089856,0.6889689027780561,14,10800.0,optimal,optimal,-21.150561980089,18.75501616666439,50.643499999996266,0.5062345508562796,1378.5898049494324,1349.6409758333332,10800.0,-2839.569412308827,10.906666902051187,73.52184049999438,44317.07063869215,1,36671.91236225553,0,1.0000124461839732e-07,optimal,optimal,optimal
2025-09-23,ANNUAL REFERENCE ONLY,0.95,1.0,1378.5898049494324,14,1378.5898049494324,optimal,optimal,46419.042465254,0.0,0.0,14,9851.377266111103,optimal,optimal,-1142.3213963761018,0.0,3408.632553124624,0.6007918642121185,14,7519.949921756868,optimal,optimal,-662.139288263498,0.0,2589.02257082361,0.7102688362697962,14,10800.0,optimal,optimal,-21.15056198009264,18.75501616666365,50.64349999999541,0.5065599454064115,1510.728523112872,1199.9999999999998,10800.0,-1825.6112466196923,63.14258791540378,188.94920806290258,44782.380426697215,3,37567.67302801313,0,1.0000053407566156e-07,optimal,optimal,optimal
2025-09-24,ANNUAL REFERENCE ONLY,0.95,1.0,1510.728523112872,14,1510.728523112872,optimal,optimal,40034.75557448582,0.0,0.0,14,9569.610170092588,optimal,optimal,259.1486352835556,273.57988733393546,0.0,0.5845800036227553,14,5769.953019720671,optimal,optimal,1271.532632717426,1415.7510965611975,0.0,0.6814649911595012,14,10500.43032722222,optimal,optimal,435.10139294175974,274.94304465083434,12.065807197973783,0.48410891445068943,1563.9959846322868,1324.1543822222227,10518.889218373757,1965.7826609427414,470.2543411266678,1695.1020541366547,43695.64028956521,13,35545.1314603481,0,1.0000803740695119e-07,optimal,optimal,optimal
2025-09-25,ANNUAL REFERENCE ONLY,0.95,1.0,1563.9959846322868,14,1563.9959846322868,optimal,optimal,44808.95342203456,0.0,0.0,14,9664.068998703693,optimal,optimal,254.66603891264745,621.7135685000663,886.6529634197509,0.6106822775604211,14,7609.598567617328,optimal,optimal,-574.6242920366499,0.0,2399.949554038506,0.6951975924865397,14,10671.707032265858,optimal,optimal,139.60328035109268,115.4636709607289,13.654999999999182,0.4935107371796599,1381.5589786635537,1381.5589786635537,10794.542730000001,-180.35497277290978,15.371666996657149,103.4974323666622,44732.09588162831,1,34568.02527415424,0,1.0000053407566156e-07,optimal,optimal,optimal
2025-09-26,ANNUAL REFERENCE ONLY,0.95,1.0,1381.5589786635537,14,1381.5589786635537,optimal,optimal,19483.580748637934,0.0,0.0,14,4825.198301304341,optimal,optimal,-489.75170480868724,3.883545176166388e-06,1198.4463801757242,0.5936470483673373,14,10550.285581495215,optimal,optimal,-81.54240228420062,3.8834416187213315e-06,178.37554036970494,0.6908282922012393,14,10800.0,optimal,optimal,-8.498193983787896,0.0,13.655007766987431,0.4917545984170671,1564.8093292418573,1381.5589786635537,10800.0,-579.7923010766758,1.4076993695321537e-07,3e-07,18903.788447861258,0,26882.781096586186,0,1.00000761449337e-07,optimal,optimal,optimal
2025-09-27,ANNUAL REFERENCE ONLY,0.95,1.0,1564.8093292418573,14,1564.8093292418573,optimal,optimal,18260.883655417565,0.0,0.0,14,4102.892342511234,optimal,optimal,905.091819833181,749.7026001903365,0.0,0.6131489689521806,14,10496.052016873839,optimal,optimal,-89.65786991103127,2.5686423829502567e-06,218.78628109318117,0.6867856362317303,14,10775.948927283662,optimal,optimal,5.1254036887086505,7.990966198386697,3.3223238617517968e-06,0.49981201675419523,1200.0000000519697,1200.0,10800.0,820.5593536108584,194.88827551294276,485.9949801627041,19567.437989191127,6,28166.445504593008,0,1.0000803740695119e-07,optimal,optimal,optimal
2025-09-28,ANNUAL REFERENCE ONLY,0.95,1.0,1200.0000000519697,14,1200.0000000519697,optimal,optimal,45976.58631878717,0.0,0.0,14,9848.42755342592,optimal,optimal,1521.1399282237464,1853.8367327312335,92.52226305919956,0.6321563900124563,14,7690.308654218391,optimal,optimal,-926.2346824282877,2.268818239150342,3024.453981679942,0.7126581472204747,14,10579.262391124863,optimal,optimal,316.92184180892144,206.20899500754098,0.0,0.5,1200.0000000519697,1200.0000000519697,10792.259206498467,911.8270876043803,189.0178961346851,790.4213140069871,47678.83472039854,8,36387.57223101276,0,1.0000098882301245e-07,optimal,optimal,optimal
2025-09-29,ANNUAL REFERENCE ONLY,0.95,1.0,1200.0000000519697,14,1200.0000000519697,optimal,optimal,48619.73980337668,0.0,0.0,14,9695.118990370362,optimal,optimal,-2276.200844373263,0.0,6983.508363960395,0.6144343877010789,14,6862.246010476507,optimal,optimal,-583.9948914447094,0.0,1884.719982018924,0.719233625917075,14,10720.060193121637,optimal,optimal,74.88499388368214,78.8285268398239,0.0,0.5,1200.0000000519697,1200.0000000519697,10730.943278121636,-2785.3107419342905,150.42023732540474,415.1618169803787,46249.590878422765,5,37520.30649455225,0,1.00000761449337e-07,optimal,optimal,optimal
2025-09-30,ANNUAL REFERENCE ONLY,0.95,1.0,1200.0000000519697,14,1200.0000000519697,optimal,optimal,48456.666519767925,0.0,0.0,14,9764.664970370372,optimal,optimal,-956.1834627260467,0.929190839313037,2450.420128083382,0.5785224911004776,14,6094.151415070062,optimal,optimal,-327.6439815981219,0.2159905529073285,910.8396039123046,0.7006620415934224,14,10729.298148148147,optimal,optimal,74.46737111491818,70.94129305500132,0.0,0.5,1222.0234077028558,1200.0000000519697,10800.0,-1209.3600732092505,16.926450145427168,114.36355972500056,47361.670006283675,1,39644.16291078192,0,1.0000087513617473e-07,optimal,optimal,optimal
2025-10-01,ANNUAL REFERENCE ONLY,0.95,1.0,1222.0234077028558,14,1222.0234077028558,optimal,optimal,44612.09487393267,0.0,0.0,14,9828.95943396602,optimal,optimal,-1037.9339157680156,93.78037072321365,3708.8848590725984,0.6042615832452569,14,7517.752163014279,optimal,optimal,-1023.4966964711065,19.43563084389791,3929.6051114232755,0.6756748356135558,14,10776.61759259259,optimal,optimal,10.913681330231304,17.273993975475857,0.0,0.5,1202.9813147463146,1202.9813147463146,10800.0,-2050.516930908891,1.3808851371703432e-07,5.000148424234793e-07,42561.5779435238,0,36423.79160167971,0,1.0000858901548782e-07,optimal,optimal,optimal
2025-10-02,ANNUAL REFERENCE ONLY,0.95,1.0,1202.9813147463146,14,1202.9813147463146,optimal,optimal,49858.22635153089,0.0,0.0,14,9488.698416164254,optimal,optimal,-2632.8533150414155,0.35555054459155144,7236.064624588957,0.5675653477939547,14,7529.8896425809635,optimal,optimal,-1184.9832440737744,0.2159905529073285,4268.331718779483,0.674236325977098,14,10800.0,optimal,optimal,-0.006177829768455212,0.21599055290731697,0.2159905529073285,0.5,1275.094718037728,1202.9813147463146,10800.0,-3817.8427369449582,1.2330877006587335e-07,3.999982055167492e-07,46040.38361498593,0,34346.42666760575,0,1.0001531336456537e-07,optimal,optimal,optimal
2025-10-03,ANNUAL REFERENCE ONLY,0.95,1.0,1275.094718037728,14,1275.094718037728,optimal,optimal,17667.53476202353,0.0,0.0,14,4622.2123636728375,optimal,optimal,-24.678495816345126,5.259222946585226,100.84699403396749,0.6140312385817182,14,10482.441218137526,optimal,optimal,129.5808302677444,120.23182867529906,83.7541545637224,0.721302899256523,14,10723.734840617251,optimal,optimal,-7.2285889861676305,0.0,11.824946005163087,0.5,1470.046166988207,1275.094718037728,10800.0,97.67374546523163,2.415549047274771e-07,1.200007066068065e-06,17765.208508688767,0,26864.157540399676,0,1.0000803740695119e-07,optimal,optimal,optimal
2025-10-04,ANNUAL REFERENCE ONLY,0.95,1.0,1470.046166988207,14,1470.046166988207,optimal,optimal,19945.831743166542,0.0,0.0,14,5876.257053641452,optimal,optimal,-321.76728297823547,0.0,1053.3684148087402,0.5931058327415998,14,10800.0,optimal,optimal,-125.02303990621738,0.0,295.0672580338955,0.7237860924086845,14,10800.0,optimal,optimal,-7.086976291990901,0.0,34.340656215379695,0.5,1609.3221358860096,1470.046166988207,10800.0,-453.8772991764437,1.65048832738867e-07,9.000029401955544e-07,19491.9544448901,0,28125.82221664925,0,1.51969743455993e-07,optimal,optimal,optimal
2025-10-05,ANNUAL REFERENCE ONLY,0.95,1.0,1609.3221358860096,14,1609.3221358860096,optimal,optimal,48460.65123458619,0.0,0.0,14,9806.25924212962,optimal,optimal,-2724.0842471520814,0.0,8693.468730727856,0.615012849808885,14,7932.339585815142,optimal,optimal,-683.7472776171352,8.201175637528948,2811.8055270767145,0.7160787742827459,14,10795.361111111111,optimal,optimal,4.441730205059834,4.174999999999727,5.866443342111596,0.5,1505.4579982606417,1505.4579982606417,10800.0,-3403.389794564157,6.159926738040705e-08,1.999978865365847e-07,45057.261440222035,0,34622.047975902075,0,1.51969743455993e-07,optimal,optimal,optimal
2025-10-06,ANNUAL REFERENCE ONLY,0.95,1.0,1505.4579982606417,14,1505.4579982606417,optimal,optimal,41731.02025545311,0.0,0.0,14,9946.739594814813,optimal,optimal,245.3704852309085,351.1750792529376,67.45754097814134,0.6664023081337624,14,6208.96756900841,optimal,optimal,-499.7132604576916,19.47907483302083,1564.7521246904753,0.703363351169106,14,10785.926851851851,optimal,optimal,8.194233819019395,7.910400283383183,6.472356459358988,0.5,1595.5760843530102,1505.4579982606417,10800.0,-246.1485414077637,116.74168425817174,415.934704970678,41900.80641901603,3,37011.410072261766,0,1.0000803740695119e-07,optimal,optimal,optimal
2025-10-07,ANNUAL REFERENCE ONLY,0.95,1.0,1595.5760843530102,14,1595.5760843530102,optimal,optimal,44438.97840889961,0.0,0.0,14,9837.995570728164,optimal,optimal,-678.9023578447895,22.79820413952251,2500.497351399432,0.7054307139853566,14,7605.948993128341,optimal,optimal,-314.94831795110895,164.38970786780087,2259.6737631131828,0.6870807020300234,14,10800.0,optimal,optimal,-1.492400956257222,0.0,6.980360412800067,0.5,1623.9870227696258,1595.5760843530102,10800.0,-995.3430767521558,44.60160524703372,169.9261644472981,43613.56149659475,3,36514.32822274495,0,1.00000761449337e-07,optimal,optimal,optimal
2025-10-08,ANNUAL REFERENCE ONLY,0.95,1.0,1623.9870227696258,14,1623.9870227696258,optimal,optimal,41264.28636972155,0.0,0.0,14,9921.03224575902,optimal,optimal,-834.029045662538,0.0,3020.672626839105,0.6856846870882619,14,6115.250839740574,optimal,optimal,-480.3866602696223,0.9887234648091408,1815.274382078818,0.7039747817089401,14,10653.378955331695,optimal,optimal,236.4721812404002,131.95894020147506,0.0,0.5,1785.34981186779,1495.39404948121,10800.0,-1077.94352469176,4.6827440880355886e-08,9.999999999999998e-08,40186.342845129795,0,38112.28474248634,0,1.0000232464335568e-07,optimal,optimal,optimal
2025-10-09,ANNUAL REFERENCE ONLY,0.95,1.0,1785.34981186779,14,1785.34981186779,optimal,optimal,48230.5920034009,0.0,0.0,14,9673.469538148152,optimal,optimal,-4312.180731348417,0.0,13649.361634397717,0.7076360083793053,14,6181.736280773941,optimal,optimal,-397.7606039747924,46.022334876520176,1987.6595883834148,0.6817761195095178,14,10643.366377690509,optimal,optimal,252.6869634913338,134.81359341187658,9.607157745432845,0.5,1830.4580626165018,1785.34981186779,10800.0,-4457.254371831876,104.97655092608304,427.48224439852095,44200.81987596754,4,36814.30961261279,0,1.00000761449337e-07,optimal,optimal,optimal
2025-10-10,ANNUAL REFERENCE ONLY,0.95,1.0,1830.4580626165018,14,1830.4580626165018,optimal,optimal,17242.501259947683,0.0,0.0,14,4839.006920066577,optimal,optimal,-276.66564861629814,0.0,651.7054889923265,0.7229791324986041,14,10799.999999999998,optimal,optimal,-9.202051845443588,50.223624488700466,183.29829439985312,0.6251893437062719,14,10199.994558209983,optimal,optimal,277.8410763189051,153.44656427768075,7.222323999458705,0.5,2097.118222147733,1389.271457103614,10800.0,-8.026624142836624,170.62093686959105,852.3511743308038,18086.82581013565,3,28277.223958132134,0,1.00000761449337e-07,optimal,optimal,optimal
2025-10-11,ANNUAL REFERENCE ONLY,0.95,1.0,2097.118222147733,14,2097.118222147733,optimal,optimal,17791.601690471227,0.0,0.0,14,5798.210845004717,optimal,optimal,-86.92445604175995,15.90018127764688,254.9580053602221,0.7294486736746663,14,10800.0,optimal,optimal,11.851751462895805,63.61026497086851,178.86226693827712,0.6691803681742314,14,10196.165948152211,optimal,optimal,245.0908951099002,135.41731332967788,9.471356754175007,0.5,2153.097426983558,1919.87725925926,10800.000000000002,170.01819053103605,8.031332321579196,39.19290160078856,18000.81278260305,1,28155.95178988919,0,1.0000098882301245e-07,optimal,optimal,optimal
2025-10-12,ANNUAL REFERENCE ONLY,0.95,1.0,2153.097426983558,14,2153.097426983558,optimal,optimal,40720.07004505429,0.0,0.0,14,9946.876133703703,optimal,optimal,-285.6837808263961,177.17357178340296,1493.3159615772843,0.6990063100453638,14,7670.242234032138,optimal,optimal,-287.90661734262613,228.02148269497775,2419.205004384614,0.6616851296961284,14,10525.409462610869,optimal,optimal,161.97759514794882,109.39627556818806,3.102516361512613e-07,0.5,1948.4485817936525,1847.2888369094123,10797.91593,-411.61280302107343,656.621753746789,2627.436569816616,42935.89381184983,16,34368.19266181451,0,1.00000761449337e-07,optimal,optimal,optimal
2025-10-13,ANNUAL REFERENCE ONLY,0.95,1.0,1948.4485817936525,14,1948.4485817936525,optimal,optimal,42619.19980735404,0.0,0.0,14,9870.466342950363,optimal,optimal,-1484.4280208752616,42.26356562632341,5140.794947369272,0.6560808539672203,14,6914.491356548589,optimal,optimal,-320.05793000920744,209.49050589872843,2296.462910458932,0.6592464914403803,14,10434.369410949319,optimal,optimal,292.7563625260802,207.16827331227893,-1.1368683772161603e-13,0.5,2233.887968788225,1686.490730575208,10800.0,-1511.7295883583888,349.1442757461699,1250.8357344301273,42358.30595342578,5,36574.0765055179,0,1.0000258043874055e-07,optimal,optimal,optimal
2025-10-14,ANNUAL REFERENCE ONLY,0.95,1.0,2233.887968788225,14,2233.887968788225,optimal,optimal,44263.71203478935,0.0,0.0,14,9750.355791286469,optimal,optimal,-2093.9401320515985,19.567457144630595,7491.782969709469,0.6356180682518217,14,5157.058256611433,optimal,optimal,636.8955583771815,814.8860284640398,154.5418533392915,0.6289051318304175,14,10722.227799137754,optimal,optimal,-23.967636968242765,0.0,41.52329943225863,0.5,1685.4920341365494,1258.0747799620042,10800.0,-1481.0122106426597,404.2790861078354,1060.6725755249472,43843.37239967164,10,37334.20173518316,0,1.0000258043874055e-07,optimal,optimal,optimal
2025-10-15,ANNUAL REFERENCE ONLY,0.95,1.0,1685.4920341365494,14,1685.4920341365494,optimal,optimal,44614.5901487072,0.0,0.0,14,9532.820373425928,optimal,optimal,-2147.1026018171115,0.0,7084.435523297682,0.6241099840039948,14,6797.306390663495,optimal,optimal,-163.41875900495592,8.754204505147868,531.4789112566609,0.612734340928349,14,10799.99999944117,optimal,optimal,-18.930578539186932,0.0,35.28670400220271,0.5,1254.7866245934483,1200.0,10800.0,-2329.4519393612545,995.509086100497,4679.329234357399,46964.46744370334,17,37716.911459057636,0,1.0000394468079321e-07,optimal,optimal,optimal
2025-10-16,ANNUAL REFERENCE ONLY,0.95,1.0,1254.7866245934483,14,1254.7866245934483,optimal,optimal,43002.288648666414,0.0,0.0,14,9485.900000740736,optimal,optimal,-183.7619509929799,578.4855522260482,3079.0086785478743,0.6240783348975945,14,6943.562817299605,optimal,optimal,-33.09135384018816,44.487110217860334,338.63967267872016,0.6058262606377399,14,10351.276986099349,optimal,optimal,363.1643896742564,261.2164041772526,0.0,0.5,1234.063542384168,1200.0,10796.368043085577,146.31108484108836,369.7458796710258,1565.564116644462,44714.16385015196,12,39022.68186963937,0,1.0000803740695119e-07,optimal,optimal,optimal
2025-10-17,ANNUAL REFERENCE ONLY,0.95,1.0,1234.063542384168,14,1234.063542384168,optimal,optimal,15382.567861093114,0.0,0.0,14,4907.653792037035,optimal,optimal,928.1772173871259,713.2318117463519,0.0,0.595429986245888,14,9849.536992893842,optimal,optimal,350.20035669199854,264.5682127113362,0.0,0.5953783339604475,14,9901.090536200401,optimal,optimal,-9.577111067954172,0.0,19.404540913693587,0.5,1231.687435179311,1211.1351852372154,10800.0,1268.8004630111702,203.58009005743634,431.3597588634166,17082.728082967704,7,28585.4505476054,0,1.0000258043874055e-07,optimal,optimal,optimal
2025-10-18,ANNUAL REFERENCE ONLY,0.95,1.0,1231.687435179311,14,1231.687435179311,optimal,optimal,18573.953385989338,0.0,0.0,14,5066.76108212963,optimal,optimal,-430.28429780284097,146.53838480242243,1505.574569568716,0.6162718245639713,14,10382.358397468332,optimal,optimal,-218.6739532304026,0.0,577.5959500304881,0.5800187525540095,14,10004.453435185183,optimal,optimal,92.15522388093919,60.286038025714525,0.0,0.5,1661.56352733288,1231.687435179311,10800.0,-556.8030271523044,1.8958602737803468e-07,3.999998636392775e-07,18017.15035923703,0,28717.33626240006,0,1.0000098882301245e-07,optimal,optimal,optimal
2025-10-19,ANNUAL REFERENCE ONLY,0.95,1.0,1661.56352733288,14,1661.56352733288,optimal,optimal,48157.31312354984,0.0,0.0,14,9359.27739697531,optimal,optimal,-1305.5286353073614,17.17370748751523,3675.5932278362448,0.5959382686137891,14,6717.189664160935,optimal,optimal,-845.933625417144,14.895554651925977,2729.140155480769,0.641273597980538,14,10645.148562650074,optimal,optimal,250.32663590878582,137.18962694826791,46.68117253666478,0.5,1303.8341925591124,1199.9999999999998,10645.148562650074,-1901.1356248157197,139.2465724116687,587.4966891044506,46843.67418783857,6,38618.34278470706,0,1.0000803740695119e-07,optimal,optimal,optimal
2025-10-20,ANNUAL REFERENCE ONLY,0.95,1.0,1303.8341925591124,14,1303.8341925591124,optimal,optimal,51678.282995434456,0.0,0.0,14,8631.019813310471,optimal,optimal,-1598.7473086785767,0.0,4153.948815435261,0.6081069385819874,14,7662.1201186633825,optimal,optimal,-1209.5723529298637,0.0,3928.011955036128,0.6499756723256045,14,10769.563055476992,optimal,optimal,36.223496655914595,27.393250070706813,57.80080504846792,0.5,1247.0775339776424,1247.0775339776424,10800.0,-2772.096164952526,2.88240379963045e-07,5.999998938733369e-07,48906.186831081926,0,35476.18306495859,0,1.00000761449337e-07,optimal,optimal,optimal
2025-10-21,ANNUAL REFERENCE ONLY,0.95,1.0,1247.0775339776424,14,1247.0775339776424,optimal,optimal,50320.46545989486,0.0,0.0,14,8702.930050617284,optimal,optimal,-764.2311316694548,326.9352731079161,3028.659256057192,0.6039133043197872,14,6518.758853107336,optimal,optimal,-1077.1719796053371,3.883942305115397,3077.4332345594307,0.6976568241940679,14,10678.048744166668,optimal,optimal,193.80349208762632,109.75613024999632,54.77667990616144,0.5,1417.8892476262974,1247.0775339776424,10799.78035787037,-1647.5996191871657,2.409412193900443e-07,5.000003032094355e-07,48672.8658412077,0,39448.805593105135,0,1.0001531336456537e-07,optimal,optimal,optimal
2025-10-22,ANNUAL REFERENCE ONLY,0.95,1.0,1417.8892476262974,14,1417.8892476262974,optimal,optimal,48292.501180118124,0.0,0.0,14,9860.147518518514,optimal,optimal,-1844.2747647428482,3.2979358424527163,4858.5199286401485,0.6333220614856504,14,6973.90476109708,optimal,optimal,12.786624828709307,404.19424006703076,1783.0693414276539,0.7184096883531815,14,10622.730544074075,optimal,optimal,290.5570447133206,159.5425103333322,49.465245789387126,0.5,1200.0550884614859,1200.0550884614859,10799.999999999996,-1540.9310952008182,406.2836473066766,1851.0512066350273,48602.621291552336,14,39117.686886586744,0,1.00000761449337e-07,optimal,optimal,optimal
2025-10-23,ANNUAL REFERENCE ONLY,0.95,1.0,1200.0550884614859,14,1200.0550884614859,optimal,optimal,55791.33667124476,0.0,0.0,14,9605.704216913584,optimal,optimal,-4127.455848479834,36.04210690417665,12081.39147225065,0.6232857971048535,14,7700.351787897448,optimal,optimal,-936.9937158395704,7.229241299133378,3380.384129573347,0.7293140175437892,14,10609.761022361028,optimal,optimal,315.02545711620695,170.8159048750747,39.69567522166328,0.5,1351.8223824337688,1200.0550884614859,10736.697728379546,-4749.424107203197,223.13619072529121,1111.6513189110851,52153.56388295265,5,36535.04466310322,0,1.00000761449337e-07,optimal,optimal,optimal
2025-10-24,ANNUAL REFERENCE ONLY,0.95,1.0,1351.8223824337688,14,1351.8223824337688,optimal,optimal,17771.83110698845,0.0,0.0,14,5781.103819822406,optimal,optimal,-79.01837243888333,36.31428922798523,318.67184816259294,0.6597195528603261,14,10136.524993896483,optimal,optimal,-85.90517418948625,0.0,210.4496872926506,0.7400301973414284,14,9731.763611111111,optimal,optimal,321.9618727948975,177.19965549999853,11.874913018413565,0.5,1318.6336369067576,1200.0,10414.13455375722,157.0383261665279,253.96475853322514,1225.8321202473526,19154.70155340233,10,29769.245870110954,0,1.0000098882301245e-07,optimal,optimal,optimal
2025-10-25,ANNUAL REFERENCE ONLY,0.95,1.0,1318.6336369067576,14,1318.6336369067576,optimal,optimal,18622.817458027326,0.0,0.0,14,6932.759314629627,optimal,optimal,-307.19666496845167,19.88546874292574,1045.4922388165794,0.6527394262979661,14,10675.362867477304,optimal,optimal,-49.370236444755236,34.193823264228854,261.3786192823303,0.7205918945388222,14,9855.89033573785,optimal,optimal,175.32044880547087,104.40778950260176,8.739078874412877,0.5,1257.3997242625328,1208.140500057585,10800.0,-181.24645260773602,22.70580201501048,47.10064116973538,18488.671646589326,3,29785.822322288914,0,1.00000761449337e-07,optimal,optimal,optimal
2025-10-26,ANNUAL REFERENCE ONLY,0.95,1.0,1257.3997242625328,14,1257.3997242625328,optimal,optimal,51979.23003755933,0.0,0.0,14,9644.183478882374,optimal,optimal,-3166.549278573206,52.10373194498413,9227.239574052834,0.6914850993062307,14,7124.606509342251,optimal,optimal,-521.1704701491407,0.0,1735.5003890262924,0.6585080158449913,14,10586.764854979778,optimal,optimal,323.96773709342534,173.55579718486888,33.28668919649936,0.5,1271.8165211986795,1257.3997242625328,10675.318770900833,-3363.752011628921,343.67498994793704,1691.3216729286405,50306.79969885905,7,37704.145916142676,0,1.0000803740695119e-07,optimal,optimal,optimal
2025-10-27,ANNUAL REFERENCE ONLY,0.95,1.0,1271.8165211986795,14,1271.8165211986795,optimal,optimal,47504.60191973689,0.0,0.0,14,9710.207624537037,optimal,optimal,-173.4370393367724,52.856914900375045,637.8892540562659,0.6855013025672245,14,7033.277451322443,optimal,optimal,-692.571572681948,3.488962271136643,2211.155954644263,0.6656010325838919,14,10633.451321307542,optimal,optimal,233.7603376019315,131.53797748987915,53.47410960653542,0.5,1268.9913412766741,1268.9913412766741,10673.502473149634,-632.248274416789,19.744933475527535,92.48526803333947,46964.838913353444,1,38099.09665193164,0,1.0000053407566156e-07,optimal,optimal,optimal
2025-10-28,ANNUAL REFERENCE ONLY,0.95,1.0,1268.9913412766741,14,1268.9913412766741,optimal,optimal,47398.448152442536,0.0,0.0,14,9770.709757222226,optimal,optimal,-457.5567966994357,91.80932788142638,1421.6658206496184,0.6581267460430973,14,6476.899630488378,optimal,optimal,-279.5582044987762,0.0,789.9227116101963,0.6537784065972004,14,10627.070671640664,optimal,optimal,248.06142068226387,137.28056219006896,47.34605442283904,0.5,1214.3667274941624,1214.3667274941624,10689.74756256172,-489.0535805159481,372.1436940650459,1669.7199291512306,48579.11450107782,14,38911.36967630608,0,1.0000044733260439e-07,optimal,optimal,optimal
2025-10-29,ANNUAL REFERENCE ONLY,0.95,1.0,1214.3667274941624,14,1214.3667274941624,optimal,optimal,52814.17403050439,0.0,0.0,14,7341.344522530864,optimal,optimal,630.3057379945742,1331.4265696670286,3225.0383494265016,0.6626436549441066,14,7047.001590523006,optimal,optimal,-1031.6843910648465,1.3963182911980994,3052.7503338062693,0.6250178719797282,14,10593.431804019292,optimal,optimal,308.41833708589104,167.55554304930564,44.02714588755851,0.5,1205.834525370271,1205.834525370271,10654.708499019293,-92.96031598438128,173.68106802337695,684.2245415688642,53405.43825608888,6,35874.38052882014,0,1.00000761449337e-07,optimal,optimal,optimal
2025-10-30,ANNUAL REFERENCE ONLY,0.95,1.0,1205.834525370271,14,1205.834525370271,optimal,optimal,46835.96928755621,0.0,0.0,14,9918.751601851847,optimal,optimal,-928.143875379902,119.22521168668675,3094.9430887236904,0.6859141030998875,14,7291.17911284588,optimal,optimal,-435.5440334776148,0.0,1590.6065746991567,0.6005136020708411,14,10591.002424859327,optimal,optimal,311.96681586500836,169.74198429327265,41.76237877004344,0.5,1215.2430866583331,1205.834525370271,10799.999999999996,-1051.7210929925086,461.35997692146947,1958.9993539845573,47743.247548548265,14,39464.16083131019,0,1.0000181009672815e-07,optimal,optimal,optimal
2025-10-31,ANNUAL REFERENCE ONLY,0.95,1.0,1215.2430866583331,14,1215.2430866583331,optimal,optimal,20426.001287097588,0.0,0.0,14,6908.731244166671,optimal,optimal,-771.0806275878175,0.0,2267.7726941828546,0.6507488524084334,14,9993.138942314821,optimal,optimal,-198.43103654695446,0.0,509.91758858008006,0.6198523595818243,14,10004.809667949932,optimal,optimal,98.69428458324208,71.9352793953754,32.81243980164923,0.5,1234.7073864983279,1215.2430866583331,10800.0,-870.8173795515299,1.4219271929254358e-07,2.999999826125532e-07,19555.183907846058,0,31151.23075344775,0,1.000043994281441e-07,optimal,optimal,optimal
2025-11-01,ANNUAL REFERENCE ONLY,0.95,1.0,1234.7073864983279,14,1234.7073864983279,optimal,optimal,18207.149917787407,0.0,0.0,14,5621.911563796291,optimal,optimal,-29.60255113102069,156.8789972331934,512.9683221607993,0.6410246185903478,14,9874.380135166506,optimal,optimal,-83.24895409628242,0.0,215.53380869084114,0.6317449824394097,14,9786.479326886363,optimal,optimal,199.81023497924994,129.13126413560667,30.35193626841815,0.5,1266.951126063455,1234.7073864983279,10695.8398634926,86.95872975194683,2.414923769667302e-07,1.200007591301255e-06,18294.108648739362,0,30359.09004631585,0,1.0000858901548782e-07,optimal,optimal,optimal
2025-11-02,ANNUAL REFERENCE ONLY,0.95,1.0,1266.951126063455,14,1266.951126063455,optimal,optimal,47583.10916262145,0.0,0.0,14,9737.187424907399,optimal,optimal,1567.0392734626148,2083.4569417009084,130.2706022791599,0.5994814303277578,14,6413.61035296325,optimal,optimal,-702.7384715513189,0.0,1822.6238408879146,0.6503119814650782,14,10683.595461256542,optimal,optimal,81.11437410956128,64.57035190830864,0.0,0.5,1249.0343186870111,1200.0,10745.5114059428,945.4151760208572,24.92241406945066,164.0212464027178,48692.54558504502,3,42188.70824911396,0,1.0000098882301245e-07,optimal,optimal,optimal
2025-11-03,ANNUAL REFERENCE ONLY,0.95,1.0,1249.0343186870111,14,1249.0343186870111,optimal,optimal,50467.3984092224,0.0,0.0,14,9517.61836102356,optimal,optimal,-730.0197158768215,57.46966967483695,2339.522263915974,0.5896482199902451,14,7051.866485038854,optimal,optimal,-634.427684646326,0.0,1804.585240870182,0.6739523527996194,14,10591.067954760802,optimal,optimal,253.49742837169367,140.71547956514758,1.0345641378982389,0.5,1200.8527778817784,1200.8527778817784,10754.525254357719,-1110.949972151454,11.925057967346325,25.465962041113592,49381.91439911206,1,37191.51599448816,0,1.0000245765695582e-07,optimal,optimal,optimal
2025-11-04,ANNUAL REFERENCE ONLY,0.95,1.0,1200.8527778817784,14,1200.8527778817784,optimal,optimal,46609.1867109343,0.0,0.0,14,9849.855806759258,optimal,optimal,704.7038869611781,1052.4978007114787,384.795167358545,0.6281012898687836,14,7226.723680010797,optimal,optimal,-531.7265286460905,0.0,1608.4038589724955,0.673179015848715,14,10493.36404363367,optimal,optimal,420.5453600635584,229.18824024999947,10.863124017665177,0.5,1224.872116486665,1200.8527778817784,10751.130593796295,593.522718378646,321.7360687462158,1759.6967080055344,48962.40613731848,10,37480.83326113914,0,1.00000761449337e-07,optimal,optimal,optimal
2025-11-05,ANNUAL REFERENCE ONLY,0.95,1.0,1224.872116486665,14,1224.872116486665,optimal,optimal,52353.68834807388,0.0,0.0,14,9568.407254506168,optimal,optimal,-1799.0449288578027,-2.2737367544323206e-13,5179.773739328163,0.5920785111541341,14,6153.01527715335,optimal,optimal,-288.1548554884145,1.4042873372895883,851.0504139138925,0.6676410491382238,14,10438.880441576435,optimal,optimal,530.4818029538902,289.71683000512104,5.05307248061346,0.5,1295.8590653302133,1224.872116486665,10485.228589724584,-1556.7179813923271,206.9847736665813,891.6207898212024,51688.591156502756,8,38663.191855481564,0,1.0001531336456537e-07,optimal,optimal,optimal
2025-11-06,ANNUAL REFERENCE ONLY,0.95,1.0,1295.8590653302133,14,1295.8590653302133,optimal,optimal,48429.355254969036,0.0,0.0,14,9663.462192633795,optimal,optimal,495.37292562243164,751.4276198137139,194.779802889468,0.6056448768441841,14,5703.610712142627,optimal,optimal,58.59517767992581,117.45280439494624,248.14146065619275,0.6730696154480342,14,10720.630246299117,optimal,optimal,13.302250683590646,11.29945846083831,13.535566946341913,0.5,1250.1101852891852,1204.7402831370462,10792.170568373063,567.2703539859481,178.86998738232683,687.6334766096643,49684.25908556465,5,40798.23989815377,0,1.0001531336456537e-07,optimal,optimal,optimal
2025-11-07,ANNUAL REFERENCE ONLY,0.95,1.0,1250.1101852891852,14,1250.1101852891852,optimal,optimal,18491.26669159552,0.0,0.0,14,7142.981910218581,optimal,optimal,-71.03140871622132,0.0,224.42288415285742,0.5944304297866826,14,8365.83164521858,optimal,optimal,96.12422369878293,75.19155541864632,-2.2737367544323206e-13,0.644245306882481,14,9937.829419875503,optimal,optimal,333.22206075958746,187.6221049603103,3.4329005982322274,0.5,1206.660761274365,1206.660761274365,10720.04574825294,358.31487574214907,4.0193009965920947e-07,1.3999982674708916e-06,18849.581568737667,0,32799.573082595685,0,1.0000245765695582e-07,optimal,optimal,optimal
2025-11-08,ANNUAL REFERENCE ONLY,0.95,1.0,1206.660761274365,14,1206.660761274365,optimal,optimal,18752.85098633037,0.0,0.0,14,7020.07304000632,optimal,optimal,-153.4983142316167,0.0,434.17224635778615,0.5360200940336662,14,9388.478847228544,optimal,optimal,37.796608762092625,38.22528042614249,14.50127298576673,0.6511079275741689,14,9946.978609386893,optimal,optimal,19.81893094247622,16.158776677466676,0.0,0.5,1275.7266774299446,1206.660761274365,10728.491649705667,-95.88277452704784,1.7389672613264922e-07,5.000088670683908e-07,18656.96821230333,0,31419.285045898807,0,1.0000524071074323e-07,optimal,optimal,optimal
2025-11-09,ANNUAL REFERENCE ONLY,0.95,1.0,1275.7266774299446,14,1275.7266774299446,optimal,optimal,50308.94013628315,0.0,0.0,14,9784.985278425926,optimal,optimal,-629.9589956384596,0.0,1723.1561830012747,0.5716560774920459,14,6479.716473698477,optimal,optimal,-243.65207779131094,35.76843978152817,872.0657162182024,0.6369604007475251,14,10438.113746770208,optimal,optimal,535.440317143056,292.110259326811,0.0,0.5,1247.8385879112382,1247.8385879112382,10708.594658055556,-338.17075628671455,488.4581454344045,2084.3830907144934,52055.15247071093,15,39130.98616524445,0,1.00000761449337e-07,optimal,optimal,optimal
2025-11-10,ANNUAL REFERENCE ONLY,0.95,1.0,1247.8385879112382,14,1247.8385879112382,optimal,optimal,50980.91579583479,0.0,0.0,14,9761.378378981482,optimal,optimal,909.8576472422274,1337.8554298061208,440.69573882374993,0.5784313471023356,14,5735.628572529604,optimal,optimal,-621.6744758264183,0.0,1649.5373923798954,0.603119091167064,14,10575.233821869906,optimal,optimal,258.070930010733,151.1271686504167,95.24637896582976,0.5,1246.0876197993746,1200.0,10685.524823425927,546.2541014265421,100.01501534693587,317.82040816344926,51844.990305424784,2,41300.92796662146,0,1.0000007932831068e-07,optimal,optimal,optimal
2025-11-11,ANNUAL REFERENCE ONLY,0.95,1.0,1246.0876197993746,14,1246.0876197993746,optimal,optimal,52591.5031494375,0.0,0.0,14,10783.494757222225,optimal,optimal,-918.537010396257,0.9248683079235889,2504.5236971193663,0.56544249425727,14,7863.918843901172,optimal,optimal,-623.4819839903655,0.0,1985.1221274274478,0.6095260124372635,14,10570.520019578746,optimal,optimal,315.7409874988173,179.71868996797377,8.952145233504578e-06,0.5,1201.395344996973,1201.395344996973,10783.494757222225,-1226.2780068878053,50.99235846587731,107.70026389528275,51472.92540644498,2,36119.22280197608,0,1.0000529982789886e-07,optimal,optimal,optimal
2025-11-12,ANNUAL REFERENCE ONLY,0.95,1.0,1201.395344996973,14,1201.395344996973,optimal,optimal,49707.26475133552,0.0,0.0,14,9727.073788796297,optimal,optimal,1405.0311968427552,1828.570696612744,197.36453796267483,0.5890809995151818,14,7162.918276133916,optimal,optimal,-797.024120344068,0.0,2414.4760655531,0.6583960570675689,14,10618.908965961324,optimal,optimal,266.8015911560316,162.98193063480733,139.21687836012165,0.5,1214.907076213688,1201.395344996973,10668.167647290516,874.8086676547188,2.0269174137336896e-07,4.999986279519362e-07,50582.07341949023,0,40701.156621129616,0,1.00000761449337e-07,optimal,optimal,optimal
2025-11-13,ANNUAL REFERENCE ONLY,0.95,1.0,1214.907076213688,14,1214.907076213688,optimal,optimal,48280.61252804539,0.0,0.0,14,9784.00197555555,optimal,optimal,286.59401202521906,411.1087848358752,40.04649168741139,0.5225003258566686,14,7823.445087003244,optimal,optimal,92.12614970412612,206.54381646408945,479.2086767571916,0.6788667019721996,14,10546.884661284903,optimal,optimal,390.4183575660638,227.80380484358614,147.59213661742984,0.5,1232.416562175351,1200.0,10585.490702620844,769.138519295409,1368.8599055313384,5311.072944604597,54360.8239919454,18,37196.934074779754,0,1.0000809425037005e-07,optimal,optimal,optimal
2025-11-14,ANNUAL REFERENCE ONLY,0.95,1.0,1232.416562175351,14,1232.416562175351,optimal,optimal,19330.19256776681,0.0,0.0,14,6871.594861574294,optimal,optimal,-254.97049556856913,0.0,666.6346229388374,0.5631412446455989,14,8098.566784907627,optimal,optimal,52.165152776619976,93.35790904599168,58.07619663977377,0.713943163078806,14,9950.54694091454,optimal,optimal,348.70899660740014,224.44034041122228,1.8517892044656037e-05,0.5,1256.1545826961417,1232.416562175351,10707.25422652654,145.90365381545098,1.5527932782259535e-07,5.999881892013946e-07,19476.09622218225,0,31876.219792825163,0,1.00000761449337e-07,optimal,optimal,optimal
2025-11-15,ANNUAL REFERENCE ONLY,0.95,1.0,1256.1545826961417,14,1256.1545826961417,optimal,optimal,20517.309116472912,0.0,0.0,14,8233.703699353238,optimal,optimal,-368.4628702659618,0.0,1263.10627847542,0.5644223062205483,14,8852.024415834716,optimal,optimal,-193.60594416664463,0.0,520.7236783083938,0.7219302716104341,14,9879.000400200235,optimal,optimal,239.44920144554197,219.45153816747504,9.329026500001191,0.5,1277.0143528368535,1246.5823055555534,10683.72406418149,-322.6196129870644,1.883154803195612e-07,3.999999218436187e-07,20194.689503885846,0,33013.21128642552,0,1.000043994281441e-07,optimal,optimal,optimal
2025-11-16,ANNUAL REFERENCE ONLY,0.95,1.0,1277.0143528368535,14,1277.0143528368535,optimal,optimal,50430.81764654074,0.0,0.0,14,9791.082775740739,optimal,optimal,2087.062861481128,2669.3235704020603,282.55281269080706,0.5754778662058917,14,7021.194407816271,optimal,optimal,-250.26987436957356,0.8511531198121247,670.385998500125,0.7299085137389502,14,10481.877809001306,optimal,optimal,338.7103250680513,259.71277929401424,0.0,0.5,1200.0000000519697,1200.0000000519697,10733.213534999997,2175.503312179606,95.48709526176972,203.34183517549883,52809.66279389584,5,41000.00920343184,0,1.0000803740695119e-07,optimal,optimal,optimal
2025-11-17,ANNUAL REFERENCE ONLY,0.95,1.0,1200.0000000519697,14,1200.0000000519697,optimal,optimal,48601.49973729676,0.0,0.0,14,9953.912892407401,optimal,optimal,3803.832140956408,4731.687122670243,13.567199974417349,0.5762013447116232,14,6806.581610244046,optimal,optimal,-189.91632370174273,0.0,544.3523250963808,0.7187183987348076,14,10597.070649485324,optimal,optimal,183.5230448359427,157.12138497853877,0.0,0.5,1250.4035643298764,1200.0000000519697,10794.155484999994,3797.4388620906075,1.3871901188941427e-07,5.000008928211173e-07,52398.93859988738,0,40593.48597439105,0,1.0000803740695119e-07,optimal,optimal,optimal
2025-11-18,ANNUAL REFERENCE ONLY,0.95,1.0,1250.4035643298764,14,1250.4035643298764,optimal,optimal,51231.46166431433,0.0,0.0,14,9502.427778775202,optimal,optimal,-7.037035587259111,185.3034668841749,763.487746884118,0.5795089002903506,14,4626.179409584235,optimal,optimal,921.9281454159129,1135.579076598659,8.392922515162809,0.6973608707522304,14,10572.28612656955,optimal,optimal,221.50003491141902,170.94858197157993,0.0,0.5,1231.7739686747036,1231.7739686747036,10690.759477479372,1136.3911447400728,59.76095948663599,126.60359329102167,52494.45640234543,1,42821.97363534832,0,1.0000186193792614e-07,optimal,optimal,optimal
2025-11-19,ANNUAL REFERENCE ONLY,0.95,1.0,1231.7739686747036,14,1231.7739686747036,optimal,optimal,50532.51784622051,0.0,0.0,14,9480.324837503798,optimal,optimal,3297.4031857246796,3743.1256946052154,152.4196227856284,0.5547178464017956,14,7097.955988147518,optimal,optimal,-373.1188973298346,49.904048355646296,1191.918743601988,0.6938958369563653,14,10584.333457528102,optimal,optimal,164.91504319925224,133.37273687936954,0.0,0.5,1200.00000005197,1200.00000005197,10682.199568826813,3089.199331594097,58.56237417644791,128.50447963560026,53750.22165745021,3,41926.793627803214,0,1.00000761449337e-07,optimal,optimal,optimal
2025-11-20,ANNUAL REFERENCE ONLY,0.95,1.0,1200.00000005197,14,1200.00000005197,optimal,optimal,50637.16822857331,0.0,0.0,14,9775.056792962958,optimal,optimal,709.617916165138,1039.0630266458852,77.1426045410808,0.5666547547120749,14,6872.130882045094,optimal,optimal,318.62949161838895,396.63357950507253,43.19618684193745,0.689654782987584,14,10611.188764443632,optimal,optimal,184.44113628994378,138.71500678515042,0.0,0.5,1204.6925926965928,1200.00000005197,10707.447737781567,1212.688544073471,68.61178710324118,145.92017089920213,51995.776943545985,2,41957.031322869705,0,1.0000803740695119e-07,optimal,optimal,optimal
2025-11-21,ANNUAL REFERENCE ONLY,0.95,1.0,1204.6925926965928,14,1204.6925926965928,optimal,optimal,19508.220290647965,0.0,0.0,14,7012.551783734565,optimal,optimal,161.34797190610075,216.0860103820728,155.29033024785969,0.5454508869813367,14,7792.880265421126,optimal,optimal,-26.29918534038992,4.728839494340832,88.84431859401103,0.6931012819685736,14,10060.076074775621,optimal,optimal,238.96279251437971,198.84837886860655,0.0,0.5,1226.0343108248776,1204.6925926965928,10634.323308433102,374.01157908009054,23.363886725114572,49.532197669629596,19931.764067397686,2,33283.345314884216,0,1.0000524071074323e-07,optimal,optimal,optimal
2025-11-22,ANNUAL REFERENCE ONLY,0.95,1.0,1226.0343108248776,14,1226.0343108248776,optimal,optimal,21389.6262792901,0.0,0.0,14,9394.420853858026,optimal,optimal,-499.27697322671594,12.615819655340886,1997.9698316425724,0.5756722183957265,14,8674.625947376546,optimal,optimal,-79.83315925442263,11.751063359211287,281.0138576335411,0.6672304762239792,14,9797.44713740639,optimal,optimal,547.3963865685502,357.21735275786915,0.0,0.5,1237.5410090476885,1226.0343108248776,10611.532069150933,-31.713745912588365,3.247142142521718e-07,1.3000179654843124e-06,21357.91253467753,0,33520.33701744932,0,1.0000797601605882e-07,optimal,optimal,optimal
2025-11-23,ANNUAL REFERENCE ONLY,0.95,1.0,1237.5410090476885,14,1237.5410090476885,optimal,optimal,51319.42175666246,0.0,0.0,14,9814.484149074082,optimal,optimal,2044.942962243432,2395.5514583732183,29.775470346771385,0.5628043563649002,14,6614.367560814149,optimal,optimal,-292.3914597747433,0.0,786.0577916753217,0.6811739361076712,14,10676.277099687137,optimal,optimal,97.06159860430412,80.33755894824333,0.0,0.5,1237.6162281483987,1237.5410090476885,10754.30442810451,1849.613101072993,2.1813916403505748e-07,5.99998716513983e-07,53169.03485833545,0,41749.83283077869,0,1.0000803740695119e-07,optimal,optimal,optimal
2025-11-24,ANNUAL REFERENCE ONLY,0.95,1.0,1237.6162281483987,14,1237.6162281483987,optimal,optimal,50447.76212175004,0.0,0.0,14,9754.699442265224,optimal,optimal,715.6120938926607,1044.1038868734263,99.57237988594622,0.5704536516586654,14,6535.6796991552255,optimal,optimal,196.58187869605095,252.60975679428245,25.758211819738335,0.6944796938643858,14,10635.291239564553,optimal,optimal,146.93191441970262,114.69638686515317,0.0,0.5,1200.0000000519697,1200.0000000519697,10717.420769691307,1059.1258870084143,131.33360657557427,327.8418440123465,51834.729852770804,5,40985.02154216007,0,1.0000803740695119e-07,optimal,optimal,optimal
2025-11-25,ANNUAL REFERENCE ONLY,0.95,1.0,1200.0000000519697,14,1200.0000000519697,optimal,optimal,58570.198794517055,0.0,0.0,14,10358.271506182411,optimal,optimal,-1181.7000021459403,6.439166666666779,2898.212336887486,0.5763086702412551,14,7163.508014627465,optimal,optimal,-1293.3179739037012,0.0,3325.980167693091,0.717740743423785,14,10650.997387105022,optimal,optimal,164.6128472096781,125.19068493881669,0.0,0.5,1221.694544845896,1200.0000000519697,10716.18040074571,-2310.4051288399633,2.1556852175041547e-07,8.000051921162595e-07,56259.7936664771,0,39755.36252635426,0,1.0000803740695119e-07,optimal,optimal,optimal
2025-11-26,ANNUAL REFERENCE ONLY,0.95,1.0,1221.694544845896,14,1221.694544845896,optimal,optimal,54652.72586661294,0.0,0.0,14,9266.912659646008,optimal,optimal,1372.4429647095233,1282.2091929035173,150.44608177976932,0.6340134390522131,14,6612.274215587112,optimal,optimal,-828.7806170650879,0.0,2048.8002457797074,0.7410057820406697,14,10668.87587857153,optimal,optimal,134.3342810242821,109.10004261895655,0.0,0.5,1200.0000000519697,1200.0000000519697,10716.214399182649,677.9966286687174,0.35488463172781753,0.758743750259535,55331.48123903192,1,41473.36548502349,0,1.0000730253523217e-07,optimal,optimal,optimal
2025-11-27,ANNUAL REFERENCE ONLY,0.95,1.0,1200.0000000519697,14,1200.0000000519697,optimal,optimal,53172.98862184792,0.0,0.0,14,9777.075810185188,optimal,optimal,1139.2385713379472,1625.3432446535026,53.70408525355843,0.6554728666658158,14,7412.225142162758,optimal,optimal,-604.4442990830073,0.0,1588.1887644929361,0.740533622654681,14,10654.911089630974,optimal,optimal,158.49513366315205,121.66835266545951,0.0,0.5,1257.6650288079186,1200.0000000519697,10738.41153240741,693.2894059180919,2.569085944591056e-07,1.2999950034398354e-06,53866.27802906601,0,41063.12923665541,0,1.0000374550145351e-07,optimal,optimal,optimal
2025-11-28,ANNUAL REFERENCE ONLY,0.95,1.0,1257.6650288079186,14,1257.6650288079186,optimal,optimal,19742.0079262435,0.0,0.0,14,8083.461452147224,optimal,optimal,694.0467840320099,1105.247419510729,69.28825327069603,0.6224258006104395,14,6893.544546500884,optimal,optimal,-318.9636167807555,5.209969132658671,1263.9496074741987,0.7137057759730643,14,9670.25725925926,optimal,optimal,416.1580753062119,243.74472022743052,0.6416975340081876,0.5,1313.4426250135436,1200.0,10508.239160673875,791.2412425574663,263.4909421710224,1237.2250765796607,21770.474245380625,13,33815.84749686676,0,1.0000512520491611e-07,optimal,optimal,optimal
2025-11-29,ANNUAL REFERENCE ONLY,0.95,1.0,1313.4426250135436,14,1313.4426250135436,optimal,optimal,24830.35962394537,0.0,0.0,14,10262.986097962963,optimal,optimal,-1144.132702846721,-8.526512829121202e-13,4385.3877588838795,0.6261367661118301,14,7757.649900550976,optimal,optimal,-418.57795198550485,175.09710389278322,2749.1649063376312,0.7046256168568605,14,9941.618974836094,optimal,optimal,211.99069261483615,157.74288922989035,0.0,0.5,1200.0000000519697,1200.0000000519697,10794.531885,-1350.7199622173896,134.46479857973648,374.1419478726642,23853.781609600643,5,32838.76875486277,0,1.0000395650422434e-07,optimal,optimal,optimal
2025-11-30,ANNUAL REFERENCE ONLY,0.95,1.0,1200.0000000519697,14,1200.0000000519697,optimal,optimal,54826.1231090335,0.0,0.0,14,9208.528295462964,optimal,optimal,3185.005765769811,2991.8874553050773,306.94281822170296,0.647150766950558,14,6932.320712597429,optimal,optimal,-406.44670096239224,0.0,1261.033043218378,0.6826902121732598,14,10686.50429984352,optimal,optimal,138.03551526724473,93.23446347416765,0.0,0.5,1240.063410647749,1200.0000000519697,10800.0,2916.5945800746636,2.3566428639290636e-07,4.999997981172783e-07,57742.71768960816,0,41344.54701855211,0,1.0000099996432255e-07,optimal,optimal,optimal
2025-12-01,ANNUAL REFERENCE ONLY,0.95,1.0,1240.063410647749,14,1240.063410647749,optimal,optimal,57533.83850170015,0.0,0.0,14,8897.647848188162,optimal,optimal,252.97525497584786,437.1006852278389,292.8285449935572,0.6480937728237002,14,6346.758732371087,optimal,optimal,-657.1613051998727,0.0,1871.908177372875,0.6837976880765383,14,10530.083045819614,optimal,optimal,409.23528849948633,232.92831209568246,0.0,0.5,1200.0000000519697,1200.0,10579.888768119059,5.049238275461505,4476.671116255222,16142.775014778941,73681.66275475455,51,41949.86381329621,0,1.0002986527979374e-07,optimal,optimal,optimal
2025-12-02,ANNUAL REFERENCE ONLY,0.95,1.0,1200.0000000519697,14,1200.0000000519697,optimal,optimal,60498.62250594425,0.0,0.0,14,7735.550911616595,optimal,optimal,3433.7488781115967,2863.8713505407377,867.372642377511,0.6373469217235631,14,6402.874235780338,optimal,optimal,-148.88802488025323,1.536350114188167,450.0943340199784,0.698151824277246,14,10580.761836508815,optimal,optimal,366.22012266590104,197.3143471420682,22.76814940257848,0.5,1243.0689450366513,1199.9999999999998,10698.203732695916,3651.0809758972446,1099.6812655748708,4985.731846491603,69135.4353283331,23,40876.20031688328,0,1.000017846308765e-07,optimal,optimal,optimal
2025-12-03,ANNUAL REFERENCE ONLY,0.95,1.0,1243.0689450366513,14,1243.0689450366513,optimal,optimal,54065.60201478221,0.0,0.0,14,8901.40282904321,optimal,optimal,5744.407198345251,5661.270130279125,0.0,0.6011636494476029,14,6392.612011268268,optimal,optimal,2586.659783787078,2590.890989179073,53.8800594625003,0.6828126305031081,14,10365.195733462962,optimal,optimal,630.6891474096367,347.2665648833322,0.0,0.5,1207.2991476208963,1200.000000052448,10388.67646991294,8961.756129541967,747.9723539809372,2417.5304830562904,65444.88862738047,17,42081.80812883653,0,1.0000793690778663e-07,optimal,optimal,optimal
2025-12-04,ANNUAL REFERENCE ONLY,0.95,1.0,1207.2991476208963,14,1207.2991476208963,optimal,optimal,63737.26534898525,0.0,0.0,14,7711.2005906644445,optimal,optimal,2465.4976041326727,3476.2031358542763,6012.689861930932,0.6469914132980007,14,6425.715566773519,optimal,optimal,-634.299202538278,0.0,1766.8809595538996,0.6829347665238384,14,10466.916302233602,optimal,optimal,568.4410210532251,299.7753279897587,10.974670889449923,0.5,1201.0030212083325,1200.0,10591.446890608595,2399.6394226476195,2574.761040448897,9982.626234638432,76119.53100627131,28,38997.685524069,0,1.0000405836763093e-07,optimal,optimal,optimal
2025-12-05,ANNUAL REFERENCE ONLY,0.95,1.0,1201.0030212083325,14,1201.0030212083325,optimal,optimal,26711.84854441278,0.0,0.0,14,9581.564781851848,optimal,optimal,-508.16384236481906,46.38026957803709,2089.6749805195936,0.7050248310853137,14,7493.210018885966,optimal,optimal,-291.7894500115043,205.96010120771612,2433.2080939874013,0.7083751452770298,14,9683.079287037035,optimal,optimal,625.6465841312503,350.7162923313765,8.206288751717063e-07,0.5,1210.0657231912824,1201.0030212083325,10261.299584703174,-174.30670824507308,384.39937115876506,1644.1448301817854,28181.686666349495,14,35237.70446640835,0,1.0000491101891384e-07,optimal,optimal,optimal
2025-12-06,ANNUAL REFERENCE ONLY,0.95,1.0,1210.0657231912824,14,1210.0657231912824,optimal,optimal,28440.47767524099,0.0,0.0,14,9994.671234259256,optimal,optimal,-1199.7913676583637,0.0,4094.913118918095,0.7033072971369774,14,6783.873622055979,optimal,optimal,-365.22723341404424,68.11614700175551,1973.381076754305,0.7163603649450242,14,9707.285639641876,optimal,optimal,639.0253541566636,361.9808798508523,34.15402181229807,0.5,1323.2546113664412,1210.0657231912824,10624.426539814813,-925.9932469157442,464.95603912,1969.1197651990362,29483.604193524283,11,34831.121440355884,0,1.000043994281441e-07,optimal,optimal,optimal
2025-12-07,ANNUAL REFERENCE ONLY,0.95,1.0,1323.2546113664412,14,1323.2546113664412,optimal,optimal,65520.89322614073,0.0,0.0,14,6656.795534194383,optimal,optimal,1498.5113386480366,2728.76862698712,6116.69745235602,0.66595392826543,14,7384.705687158235,optimal,optimal,-301.6891052056096,18.636432042003435,1018.360142997293,0.7134224198127438,14,10551.340627160951,optimal,optimal,423.9762485541207,223.79343555514288,-1.8189894035458565e-12,0.5,1200.0000000519697,1200.0000000519697,10650.461595568775,1620.7984819965477,471.66075292316134,1576.7772937784289,68718.46900191571,10,40210.63057413997,0,1.0002258932217956e-07,optimal,optimal,optimal
2025-12-08,ANNUAL REFERENCE ONLY,0.95,1.0,1200.0000000519697,14,1200.0000000519697,optimal,optimal,67862.4081339376,0.0,0.0,14,7318.081567499995,optimal,optimal,2329.104657842777,2212.945206985811,1556.8138066202364,0.6748298045951765,14,7986.296910512249,optimal,optimal,-884.8198329938178,0.04074393453004177,2804.692726389193,0.7129415335056082,14,10550.98442553543,optimal,optimal,413.07440184167416,224.11401701811573,0.0,0.5,1252.128349720677,1200.0000000519697,10735.509338192678,1857.3592266906337,6.8544812607465,14.387556446234093,69734.15491707447,1,37732.74833700566,0,1.000444171950221e-07,optimal,optimal,optimal
2025-12-09,ANNUAL REFERENCE ONLY,0.95,1.0,1252.128349720677,14,1252.128349720677,optimal,optimal,67175.33338070125,0.0,0.0,14,7066.994644225239,optimal,optimal,1947.6170200879712,2605.1510580830673,4191.946323843192,0.6535076837597821,14,6792.6563353310175,optimal,optimal,71.3124220734527,327.9663215126159,868.5905007548125,0.7266800834160356,14,10488.69500934445,optimal,optimal,522.0060869191966,280.174491589995,0.0,0.5,1245.6753097405624,1199.9999999999998,10563.810448615131,2540.9355290806207,196.80936072471496,474.16490269272884,70190.43381247461,5,39245.935698273504,0,1.0000245765695582e-07,optimal,optimal,optimal
2025-12-10,ANNUAL REFERENCE ONLY,0.95,1.0,1245.6753097405624,14,1245.6753097405624,optimal,optimal,64112.36089502963,0.0,0.0,14,6777.246952805493,optimal,optimal,4736.79672586362,3904.4242569781477,1207.463273163226,0.6664523456234175,14,6874.854554609831,optimal,optimal,-333.58366409158117,0.0,1059.8432695652716,0.7000657071234228,14,10549.721260817529,optimal,optimal,414.90954140539907,225.2508652642238,0.0,0.5,1219.7922553718352,1200.0000000523119,10549.721260817529,4818.122603177438,861.2887071351574,1894.4198032193485,70824.90330142643,8,37976.9333725715,0,1.000444171950221e-07,optimal,optimal,optimal
2025-12-11,ANNUAL REFERENCE ONLY,0.95,1.0,1219.7922553718352,14,1219.7922553718352,optimal,optimal,66584.37070204827,0.0,0.0,14,8523.054541790121,optimal,optimal,368.5862877256434,1522.1064946634615,4610.064412323411,0.6359059092224846,14,8050.235119774404,optimal,optimal,-663.9675277189752,10.395655044361888,2300.237606703762,0.7090983830792559,14,10549.721260817529,optimal,optimal,414.90954140539486,225.25086526422484,-1.1368683772161603e-13,0.5,1222.211963257097,1200.0000000529353,10799.999999999998,119.528301412063,61.09818271479882,128.24508586644367,66832.14408932677,1,38862.14652599243,0,1.0000186193792614e-07,optimal,optimal,optimal
2025-12-12,ANNUAL REFERENCE ONLY,0.95,1.0,1222.211963257097,14,1222.211963257097,optimal,optimal,29596.769667709857,0.0,0.0,14,9828.547406666667,optimal,optimal,-474.20932234677906,16.099735830092413,1764.627789135258,0.5997985749225176,14,8088.8110279119965,optimal,optimal,-123.33256543687175,298.30371341107104,2107.8548723778567,0.6801044106827698,14,9937.039738145724,optimal,optimal,476.67394255992366,272.99000738919426,5.684341886080802e-14,0.5,1304.114347902076,1202.5459230109996,10441.184169689643,-120.86794522372719,273.02907716173763,1147.8931420667984,30623.79486455293,9,32620.382060654447,0,1.0000712245528121e-07,optimal,optimal,optimal
2025-12-13,ANNUAL REFERENCE ONLY,0.95,1.0,1304.114347902076,14,1304.114347902076,optimal,optimal,30452.230375213876,0.0,0.0,14,9697.31541601852,optimal,optimal,-473.66282141211246,307.7436402905836,2709.5274192932293,0.5924307501719098,14,7785.992303874144,optimal,optimal,-352.43648101730724,36.96022483103462,1592.1007095291177,0.6719426003764143,14,9825.729421453765,optimal,optimal,558.9020337976318,317.83991966496757,8.206417800042127e-07,0.5,1298.865364457524,1283.7735334648123,10365.6468975,-267.1972686317879,115.6332853532463,472.6965438792922,30657.729650461377,5,32503.502138217213,0,1.0000712245528121e-07,optimal,optimal,optimal
2025-12-14,ANNUAL REFERENCE ONLY,0.95,1.0,1298.865364457524,14,1298.865364457524,optimal,optimal,63549.38475108689,0.0,0.0,14,8845.668906820987,optimal,optimal,1853.565615218917,1702.8817148654969,983.9290391856908,0.6050975231865059,14,6919.874959299744,optimal,optimal,455.709616439991,656.8125352325868,507.3025678525605,0.6781637259127381,14,10587.334873747152,optimal,optimal,360.26407178174725,191.39861362755948,1.1368683772161603e-13,0.5,1200.0000000519697,1200.0000000519697,10741.600731641822,2669.539303440655,44.265350851295835,251.01351094977562,66469.93756547732,2,40813.34107516946,0,1.0000007932831068e-07,optimal,optimal,optimal
2025-12-15,ANNUAL REFERENCE ONLY,0.95,1.0,1200.0000000519697,14,1200.0000000519697,optimal,optimal,65777.12141015619,0.0,0.0,14,9922.64500667184,optimal,optimal,1308.7898775842764,1078.4914709901395,489.4568080650734,0.6068051861111756,14,6924.962620571542,optimal,optimal,6.391884623967756,165.81773451587168,545.812356514784,0.6642991777460127,14,10555.093928284186,optimal,optimal,416.32898028039307,220.41546454423042,1.1368683772161603e-13,0.5,1219.921506782295,1200.0000000519697,10770.667085828522,1731.5107424886373,6.064843547666819,12.79681988595156,67521.42897253078,1,39300.29636048332,0,1.0000184147429536e-07,optimal,optimal,optimal
2025-12-16,ANNUAL REFERENCE ONLY,0.95,1.0,1219.921506782295,14,1219.921506782295,optimal,optimal,70117.22342975339,0.0,0.0,14,8622.588860285936,optimal,optimal,648.9031877905061,1425.2559118568213,3485.3234467430466,0.6599077346479698,14,8050.235119774408,optimal,optimal,-606.5517007772003,0.0,1919.2531217351843,0.6049856786354371,14,10547.917983780495,optimal,optimal,418.0453229597815,226.87381459755122,1.1368683772161603e-13,0.5,1200.0000000519697,1200.0000000519697,10793.33293079257,460.39680997308733,18.32657195044441,39.182211375702096,70616.80245110218,1,37855.2453089855,0,1.0000793690778663e-07,optimal,optimal,optimal
2025-12-17,ANNUAL REFERENCE ONLY,0.95,1.0,1200.0000000519697,14,1200.0000000519697,optimal,optimal,69587.92165140684,0.0,0.0,14,8415.060449999992,optimal,optimal,-97.96664691466253,991.6819048345076,4400.69973674292,0.6447440358894859,14,8150.659818607724,optimal,optimal,-529.6305847130651,51.14797176989293,2002.1491676160804,0.6016560314471937,14,10603.959460076854,optimal,optimal,333.53159248250375,176.43648593083165,1.5916157281026244e-12,0.5,1224.1135323135454,1200.0000000519697,10773.281867334208,-294.0656391452239,2.0957333231030544e-07,1.200017205430959e-06,69293.85601346164,0,37845.072547636315,0,1.0000529982789886e-07,optimal,optimal,optimal
2025-12-18,ANNUAL REFERENCE ONLY,0.95,1.0,1224.1135323135454,14,1224.1135323135454,optimal,optimal,64386.95301153623,0.0,0.0,14,8526.579667474365,optimal,optimal,2722.339769966855,2745.031464064616,100.1208675259702,0.64919780053371,14,8166.93207548086,optimal,optimal,-301.6988623517834,0.0,1008.9627828191926,0.5752075999806714,14,10576.365447434322,optimal,optimal,368.62749607683435,196.51526397577723,1.1368683772161603e-13,0.5,1232.87943546227,1216.6834815526934,10800.0,2789.2684036919054,3.515357191165462e-07,1.5000112108192298e-06,67176.22141672815,0,36845.71082843216,0,1.0000858901548782e-07,optimal,optimal,optimal
2025-12-19,ANNUAL REFERENCE ONLY,0.95,1.0,1232.87943546227,14,1232.87943546227,optimal,optimal,27727.547235214905,0.0,0.0,14,10164.65294064815,optimal,optimal,786.9397397712955,1088.1123621562317,0.9166189157880353,0.6377550056766438,14,7619.921369963802,optimal,optimal,-370.5363547909809,12.111672897545361,1448.4318472784648,0.5658187992682979,14,9849.875877870369,optimal,optimal,508.65523511824375,282.9435459852779,0.0,0.5,1332.6781858442284,1212.2966566253604,10785.0047925,925.0586200985583,66.28711608816803,303.0173881487955,28955.62324346226,3,32358.900958987593,0,1.0000712245528121e-07,optimal,optimal,optimal
2025-12-20,ANNUAL REFERENCE ONLY,0.95,1.0,1332.6781858442284,14,1332.6781858442284,optimal,optimal,29409.852921465375,0.0,0.0,14,10256.435185185182,optimal,optimal,-664.7462849639132,0.0,1899.431213434047,0.6727523463040284,14,7316.58267362517,optimal,optimal,-317.50494298685305,24.46794166666666,1218.9400004825316,0.5324825227496145,14,9871.127379721598,optimal,optimal,507.0594034251473,339.6123582505615,0.0,0.5,1293.6239509180493,1293.6239509180493,10800.0,-475.191824525619,220.61191943474012,929.8338907806312,29864.494987720387,9,33668.959130536336,0,1.0000712245528121e-07,optimal,optimal,optimal
2025-12-21,ANNUAL REFERENCE ONLY,0.95,1.0,1293.6239509180493,14,1293.6239509180493,optimal,optimal,65181.2177772884,0.0,0.0,14,10042.710824769172,optimal,optimal,-291.6372229595007,163.50181173559648,1462.7836184975185,0.6735423800968104,14,8633.673131336702,optimal,optimal,-407.4411710484423,79.41230686362931,1804.8902939972293,0.5161612824884895,14,10502.625914488535,optimal,optimal,398.6900078694336,211.64436667478577,0.0,0.5,1256.143342535164,1246.4338520991832,10800.000000000002,-300.38838613850936,1.7027311961754942e-07,4.999986004965649e-07,64880.82939164989,0,39668.027435439406,0,1.0000036945712054e-07,optimal,optimal,optimal
2025-12-22,ANNUAL REFERENCE ONLY,0.95,1.0,1256.143342535164,14,1256.143342535164,optimal,optimal,63579.16106907731,0.0,0.0,14,10000.441324446456,optimal,optimal,-271.67026099226575,130.77177379800003,1301.8093866033255,0.6370181998310713,14,8340.469714847757,optimal,optimal,-426.3400931548829,31.886475116214818,1739.5949681892946,0.5162576220476149,14,10681.596642229633,optimal,optimal,122.64631810628562,106.5630219933287,0.0,0.5,1200.0000000519692,1200.0,10729.072378558027,-575.364036040863,149.98661934804576,725.4551947050172,63729.25222774147,7,42424.304378687535,0,1.0001531336456537e-07,optimal,optimal,optimal
2025-12-23,ANNUAL REFERENCE ONLY,0.95,1.0,1200.0000000519692,14,1200.0000000519692,optimal,optimal,65389.870620086935,0.0,0.0,14,10494.306197685182,optimal,optimal,-1216.9286171327267,0.0,3477.2896202943543,0.5966270834504038,14,8353.643110955529,optimal,optimal,-594.6561320725385,0.0,2141.644309406941,0.5658864161025032,14,10591.811416735281,optimal,optimal,250.84430074322077,151.6647249382475,-1.1368683772161603e-13,0.5,1200.0000000519694,1200.0000000519692,10800.0,-1560.7404484620445,50.99659389888261,107.94868015269783,63937.07885177759,5,42165.30830158861,0,1.0001531336456537e-07,optimal,optimal,optimal
2025-12-24,ANNUAL REFERENCE ONLY,0.95,1.0,1200.0000000519694,14,1200.0000000519694,optimal,optimal,64643.2330288949,0.0,0.0,14,8577.06404574074,optimal,optimal,1485.9009353175638,1560.6245925391465,1541.6623454394412,0.5970461351492158,14,8375.51402831881,optimal,optimal,-774.7855101475806,0.0,2579.9281153028232,0.5788801508142505,14,10565.76132342562,optimal,optimal,273.1669307679432,159.75569141095335,0.0,0.5,1211.6575814430573,1200.0000000519694,10761.76696405565,984.2823559379265,144.54883253129947,843.2793082292711,66470.79469306211,3,40533.988959336166,0,1.0002258932217956e-07,optimal,optimal,optimal
2025-12-25,ANNUAL REFERENCE ONLY,0.95,1.0,1211.6575814430573,14,1211.6575814430573,optimal,optimal,61617.03735186645,0.0,0.0,14,9150.22218926674,optimal,optimal,1050.9776737169443,1184.907763032772,1415.8798730514063,0.5742701733120054,14,7462.9339915697365,optimal,optimal,217.93691456739847,297.7196985244991,406.7455125587151,0.5564793848446332,14,10556.819369729628,optimal,optimal,309.85176282462197,183.15756724333573,76.61801175206281,0.5,1214.5403670367184,1200.0,10697.54923616985,1578.7663511089647,116.79138520243102,272.0635770834143,63467.867280058825,4,42034.91223288463,0,1.00000761449337e-07,optimal,optimal,optimal
2025-12-26,ANNUAL REFERENCE ONLY,0.95,1.0,1214.5403670367184,14,1214.5403670367184,optimal,optimal,27417.096213822748,0.0,0.0,14,10219.283333333333,optimal,optimal,-364.9305767731285,160.54292600623978,2019.0338676534504,0.5819003276456636,14,7960.035512041796,optimal,optimal,-441.51505555345733,31.41779945762108,1851.2474191820706,0.6129184612127577,14,9933.318166633653,optimal,optimal,341.3794777341493,215.41576309555802,75.96539662866809,0.5,1222.4279820108648,1214.5403670367184,10800.0,-465.06615459243653,329.41684475213276,1149.784778836497,28101.814838066806,9,36205.81796794702,0,1.000043994281441e-07,optimal,optimal,optimal
2025-12-27,ANNUAL REFERENCE ONLY,0.95,1.0,1222.4279820108648,14,1222.4279820108648,optimal,optimal,28316.398710856418,0.0,0.0,14,10096.426503981484,optimal,optimal,-515.4052032449298,88.198768847113,2218.267712707111,0.5667241990353776,14,7876.404254061974,optimal,optimal,-378.22355642255275,35.66112572122959,1618.0594327426184,0.6464055111115669,14,9781.036666666667,optimal,optimal,509.6958705407516,298.9130630658427,16.72821339181673,0.5,1273.6133559159352,1222.4279820108648,10667.752429907408,-383.9328891267309,96.41031685058553,490.44973685070363,28422.91555858039,6,35314.80298309049,0,1.0000803740695119e-07,optimal,optimal,optimal
2025-12-28,ANNUAL REFERENCE ONLY,0.95,1.0,1273.6133559159352,14,1273.6133559159352,optimal,optimal,63979.06282882149,0.0,0.0,14,8635.17194830247,optimal,optimal,1509.56352623779,1793.0262236441513,2295.2153292075864,0.581553872172904,14,8190.90853972137,optimal,optimal,-691.3202316434915,39.73856972257056,2299.899347978064,0.6439108888432244,14,10509.28991925926,optimal,optimal,404.69243515597117,225.93407266666713,20.43998720893541,0.5,1237.730172273438,1237.730172273438,10776.357452485683,1222.9357297502697,201.8577018902337,519.8133810047855,65721.81193957654,5,39606.42235806331,0,1.0000245765695582e-07,optimal,optimal,optimal
2025-12-29,ANNUAL REFERENCE ONLY,0.95,1.0,1237.730172273438,14,1237.730172273438,optimal,optimal,60924.83425689663,0.0,0.0,14,10142.54490574074,optimal,optimal,987.9537387454025,963.2319264399812,308.4063580520759,0.6005516501070849,14,6834.444069550646,optimal,optimal,-235.76508030584316,61.21295002058644,838.3635192852004,0.6641562355769401,14,10562.584657915559,optimal,optimal,189.88087007801656,146.48797454266273,0.0,0.5,1204.9279260826281,1204.9279260826281,10800.0,942.0695285175758,2.919377080419602e-07,1.1000011912940863e-06,61866.90378651421,0,44474.50842282788,0,1.0000793690778663e-07,optimal,optimal,optimal
2025-12-30,ANNUAL REFERENCE ONLY,0.95,1.0,1204.9279260826281,14,1204.9279260826281,optimal,optimal,61082.21201218722,0.0,0.0,14,10016.639634845682,optimal,optimal,1675.115338439689,1465.066394461927,724.6687201793094,0.6007256872824439,14,6465.458682899031,optimal,optimal,-722.5818361128995,3.1056010288067455,2026.587604828625,0.6126122709541754,14,10616.798563771677,optimal,optimal,184.3213254549002,160.22485824334717,0.0,0.5,1246.1268593982477,1200.0,10757.913954277155,1136.8548277816897,224.38626867881598,1056.2101617408268,63275.277001709735,5,42207.6508110533,0,1.0000181009672815e-07,optimal,optimal,optimal
2025-12-31,ANNUAL REFERENCE ONLY,0.95,1.0,1246.1268593982477,14,1246.1268593982477,optimal,optimal,62240.999010918036,0.0,0.0,14,10117.958147592599,optimal,optimal,648.9161736876113,679.3453297633672,892.1598124908986,0.5666711450276865,14,6730.681349964624,optimal,optimal,-198.6287843480248,27.680108363638055,722.9101808916291,0.6313463178122489,14,10616.798563618608,optimal,optimal,171.55403355485322,140.31950743989933,0.0,0.5,1200.0000000519697,1200.0000000519697,10756.013962446106,621.8414228944397,61.433220509376696,129.29107809829165,62992.13151191077,3,43717.26656899684,0,1.0000030670198612e-07,optimal,optimal,optimal
