date,run_label,alpha,lambda,soc_start_kwh,scenario_count_00,soc_00_kwh,plan_primary_status_00,plan_secondary_status_00,plan_cost_00_yuan,increase_00_kwh,decrease_00_kwh,scenario_count_06,soc_06_kwh,plan_primary_status_06,plan_secondary_status_06,adjustment_cost_06_yuan,increase_06_kwh,decrease_06_kwh,rho_06,scenario_count_12,soc_12_kwh,plan_primary_status_12,plan_secondary_status_12,adjustment_cost_12_yuan,increase_12_kwh,decrease_12_kwh,rho_12,scenario_count_18,soc_18_kwh,plan_primary_status_18,plan_secondary_status_18,adjustment_cost_18_yuan,increase_18_kwh,decrease_18_kwh,rho_18,soc_end_kwh,soc_min_kwh,soc_max_kwh,adjustment_cost_total_yuan,actual_emergency_purchase_kwh,actual_emergency_cost_yuan,total_actual_cost_yuan,emergency_slot_count,actual_throughput_kwh,simultaneous_slots,max_constraint_violation,actual_primary_status,actual_secondary_status,actual_tertiary_status
2025-02-01,ANNUAL REFERENCE ONLY,0.95,0.25,6000.0,2,6000.0,optimal,optimal,21719.94543355953,0.0,0.0,2,9642.039444444446,optimal,optimal,-984.1827128643608,0.0,3016.4040319831397,0.6203361283146992,2,7124.128017037038,optimal,optimal,-75.30368939828152,0.0,195.58070701927818,0.5219275667876406,2,10197.944476851852,optimal,optimal,-30.973470065879933,0.0,62.756499171064675,0.5,1200.0000001,1200.0000001,10800.000000000002,-1090.4598723285221,31.8888543286636,115.43195186619919,20744.917513097203,2,30842.75540372068,0,1.0000030670198612e-07,optimal,optimal,optimal
2025-02-02,ANNUAL REFERENCE ONLY,0.95,0.25,1200.0000001,3,1200.0000001,optimal,optimal,57517.54812983773,0.0,0.0,3,10771.232306534266,optimal,optimal,-1230.905150597035,9.157730099887885,3718.264355536664,0.630420805544078,3,7656.592467969518,optimal,optimal,-331.93170582898233,29.538682462047518,1163.922857494195,0.5328440473078151,3,10800.0,optimal,optimal,9.99963620211929e-08,1.57972224536069e-07,1.1368683772161603e-13,0.5,1225.0407358327361,1200.0000001,10800.0,-1562.8368563260208,12.212987546772625,26.459437518749873,55981.170711030456,1,40766.17092579353,0,1.0000485417549498e-07,optimal,optimal,optimal
2025-02-03,ANNUAL REFERENCE ONLY,0.95,0.25,1225.0407358327361,4,1225.0407358327361,optimal,optimal,59093.48325071162,0.0,0.0,4,10794.161419753087,optimal,optimal,-1626.7411086855363,0.0,4624.54250346484,0.6081206271476367,4,7638.409423039329,optimal,optimal,-515.3194351759748,0.0,1537.8957574876702,0.5188848576958215,4,10786.822222222223,optimal,optimal,22.276638099995733,11.859999999999198,0.0,0.5,1277.7602025957517,1225.0407358327361,10800.0,-2119.7839057615156,104.40272012886243,391.4275183615578,57365.12686331167,6,41442.29992097204,0,1.0001531336456537e-07,optimal,optimal,optimal
2025-02-04,ANNUAL REFERENCE ONLY,0.95,0.25,1277.7602025957517,5,1277.7602025957517,optimal,optimal,60971.52230515436,0.0,0.0,5,10799.999999999998,optimal,optimal,-1334.8143194555166,159.7802744378369,4231.801876667028,0.604213286359979,5,7942.732885092671,optimal,optimal,-848.0840445519361,0.0,2483.7646664562267,0.5361436228440177,5,10792.654320987655,optimal,optimal,12.41765010000305,6.611111111110888,0.0,0.5,1274.1064432698436,1274.1064432698436,10800.0,-2170.48071390745,83.70572715419613,223.29167144809873,59024.33326269501,6,42191.69591483348,0,1.000128122541355e-07,optimal,optimal,optimal
2025-02-05,ANNUAL REFERENCE ONLY,0.95,0.25,1274.1064432698436,6,1274.1064432698436,optimal,optimal,57353.28572830621,0.0,0.0,6,10800.0,optimal,optimal,-267.1869822436353,336.8706296869674,1899.7964132362313,0.6073189178332172,6,7057.38118332164,optimal,optimal,-408.1269078834092,0.0,1094.727401753643,0.5500793609993078,6,10800.000000000002,optimal,optimal,1e-07,2.1627885116566735e-07,1.751877968965586e-07,0.5,1277.087736885722,1274.1064432698436,10800.000000000002,-675.3138900270445,134.38244404140931,426.80301909670857,57104.77485737588,7,42260.00712871004,0,1.000112206384074e-07,optimal,optimal,optimal
2025-02-06,ANNUAL REFERENCE ONLY,0.95,0.25,1277.087736885722,7,1277.087736885722,optimal,optimal,61391.93015291432,0.0,0.0,7,10797.222530864196,optimal,optimal,-1815.5893762733037,0.0,4965.723174539264,0.6235349872124988,7,7765.6333975336265,optimal,optimal,-1117.347604301002,0.0,3153.4712019724875,0.5707119684648804,7,10796.047530864198,optimal,optimal,6.681530599990913,3.5572222222226153,1.2505552149377763e-12,0.5,1278.704378157239,1277.087736885722,10800.0,-2926.255449974315,106.1639473700991,232.25368047291937,58697.928383412924,4,41791.39170871304,0,1.0000508154917043e-07,optimal,optimal,optimal
2025-02-07,ANNUAL REFERENCE ONLY,0.95,0.25,1278.704378157239,8,1278.704378157239,optimal,optimal,23851.720728373555,0.0,0.0,8,10018.20918856481,optimal,optimal,-910.8759252884272,0.0,3046.1689953387045,0.6423505795163891,8,7397.719001932886,optimal,optimal,-478.11078029289183,0.0,1639.8628938072286,0.6644873138638798,8,9857.922070987655,optimal,optimal,-9.330032625282763,2.1627473185877364e-07,18.903926272400938,0.5,1320.8816027725682,1210.2488996913573,10800.0,-1398.3167382066017,107.51145435483443,426.8322420687707,22880.236232235722,4,35506.69757674809,0,1.0000258043874055e-07,optimal,optimal,optimal
2025-02-08,ANNUAL REFERENCE ONLY,0.95,0.25,1320.8816027725682,9,1320.8816027725682,optimal,optimal,19424.54803483171,0.0,0.0,9,8242.787496749028,optimal,optimal,-104.94118497429997,7.326614365056685,294.74521284242746,0.6251944679866634,9,7403.960153415694,optimal,optimal,-22.441887260215324,0.9439153216314935,56.56841389200303,0.7212701175370082,9,9849.687000841885,optimal,optimal,180.92621674656235,125.93790892067346,35.08105583333514,0.5,1340.9964118699256,1268.093527777773,10800.0,53.54314451204705,247.85580413339528,880.1652818265566,20358.256461170316,15,34607.403620368554,0,1.000043994281441e-07,optimal,optimal,optimal
2025-02-09,ANNUAL REFERENCE ONLY,0.95,0.25,1340.9964118699256,10,1340.9964118699256,optimal,optimal,56985.85712554536,0.0,0.0,10,10798.012861111112,optimal,optimal,-768.4629026791162,0.36215565518421045,1818.4737788712857,0.6518986649382474,10,8071.035553913798,optimal,optimal,-699.8100620893537,1.3160633682961134,2184.3392496489305,0.7139956059165149,10,10767.603727927324,optimal,optimal,21.80114135740147,18.44831153207531,15.398746906124279,0.5,1294.772563116267,1290.434279907404,10800.000000000002,-1446.4718234110683,125.97083898409305,472.01529352389144,56011.40059565818,6,41305.682199819414,0,1.0000962902267929e-07,optimal,optimal,optimal
2025-02-10,ANNUAL REFERENCE ONLY,0.95,0.25,1294.772563116267,11,1294.772563116267,optimal,optimal,54050.6707679425,0.0,0.0,11,10166.123414552472,optimal,optimal,-2221.285385539967,0.302668587834205,6211.445603563928,0.632296215923355,11,7605.153757887789,optimal,optimal,334.3385341191512,486.18562330863205,791.7726682287674,0.7122470447481396,11,10800.0,optimal,optimal,-11.562962377342807,0.0,28.820693294277767,0.5,1204.7374252454226,1204.7374252454226,10800.000000000002,-1898.5098137981588,202.71168247792588,482.7860116731452,52634.946965817486,4,40905.698186426234,0,1.0000803740695119e-07,optimal,optimal,optimal
2025-02-11,ANNUAL REFERENCE ONLY,0.95,0.25,1204.7374252454226,12,1204.7374252454226,optimal,optimal,54941.78268913883,0.0,0.0,12,9885.878620370368,optimal,optimal,-1713.5635435201339,0.05186519627159214,4468.0220903920335,0.6087291375097827,12,6734.128055948089,optimal,optimal,-696.6548579705568,0.0,1839.0598780526966,0.7061748899852236,12,10800.0,optimal,optimal,-11.182430956389762,0.0,27.040845675193236,0.5,1268.9469032395027,1200.0,10800.0,-2421.4008324470806,680.1319924307109,2116.581048799707,54636.96290549146,18,42618.47186958189,0,1.0000508154917043e-07,optimal,optimal,optimal
2025-02-12,ANNUAL REFERENCE ONLY,0.95,0.25,1268.9469032395027,13,1268.9469032395027,optimal,optimal,54505.414800222825,0.0,0.0,13,10559.814568395064,optimal,optimal,-1894.4912999621015,0.6889335652032287,5187.313764245166,0.6160564084196161,13,7380.463001757216,optimal,optimal,-506.80962986016016,2.878439202735649,1506.5016477441025,0.7216505498964687,13,10618.715140459813,optimal,optimal,225.341779800022,163.1563735861706,9.985632402388546,0.5,1269.2048637080843,1199.9999999999998,10800.0,-2175.9591500222396,702.5471452391791,2420.697835601829,54750.15348580242,27,41847.084116367085,0,1.0000030670198612e-07,optimal,optimal,optimal
2025-02-13,ANNUAL REFERENCE ONLY,0.95,0.25,1269.2048637080843,14,1269.2048637080843,optimal,optimal,50956.88937579142,0.0,0.0,14,9794.124149598754,optimal,optimal,-1496.1226828871954,55.45330379013001,4482.683215070172,0.6239763911438716,14,7441.310768608463,optimal,optimal,688.6393673473642,742.9213822125729,498.43190383672885,0.7152704096105844,14,10800.0,optimal,optimal,-31.900032551672513,0.0,49.5303666666645,0.5,1406.9839886141795,1269.2048637080843,10800.0,-839.3833480915038,147.44205033078637,483.910900452083,50601.41692815199,4,40502.306162240195,0,1.0000360362028005e-07,optimal,optimal,optimal
2025-02-14,ANNUAL REFERENCE ONLY,0.95,0.25,1406.9839886141795,14,1406.9839886141795,optimal,optimal,19000.86169863848,0.0,0.0,14,8092.513494257855,optimal,optimal,178.05722758266813,235.85622848557708,375.7658069444444,0.6139351606603018,14,6890.333610368964,optimal,optimal,332.4394760038332,265.6132466541473,-1.1368683772161603e-13,0.6610797178699424,14,9972.387262513801,optimal,optimal,157.91968373222258,112.6432147990065,-1.1368683772161603e-13,0.5,1337.0764874779113,1337.0764874779113,10800.0,668.4163873187239,75.79765172098224,162.6917339269933,19831.969819884198,5,33620.68349922786,0,1.0000803740695119e-07,optimal,optimal,optimal
2025-02-15,ANNUAL REFERENCE ONLY,0.95,0.25,1337.0764874779113,14,1337.0764874779113,optimal,optimal,18855.346336582355,0.0,0.0,14,6542.248495185184,optimal,optimal,-436.6340829935135,0.0,1337.692404444996,0.6534422560226923,14,6527.794023086344,optimal,optimal,218.7388665610553,182.243283120529,0.0,0.5906384331605111,14,9898.398224403089,optimal,optimal,223.3145793100622,161.34459206221214,1.1368683772161603e-13,0.5,1211.4916667706664,1200.0,10753.816687048293,5.419362877603959,610.0602810400337,1664.592710422824,20525.358409882785,19,33393.4398522757,0,1.000043994281441e-07,optimal,optimal,optimal
2025-02-16,ANNUAL REFERENCE ONLY,0.95,0.25,1211.4916667706664,14,1211.4916667706664,optimal,optimal,53746.9956610909,0.0,0.0,14,9949.512344938274,optimal,optimal,-1638.5194319661243,134.79757949999953,4898.89789923781,0.6479058734291734,14,6475.792831944064,optimal,optimal,-142.70342665855497,0.0,362.9901350026815,0.5846020608283324,14,10469.605299182462,optimal,optimal,405.53593644181024,297.3552307357839,0.0,0.5,1313.140205673749,1211.4916667706664,10737.7281294534,-1375.686922182869,66.54178704307661,148.86699772884324,52520.17573663688,2,41010.834479233905,0,1.0000053407566156e-07,optimal,optimal,optimal
2025-02-17,ANNUAL REFERENCE ONLY,0.95,0.25,1313.140205673749,14,1313.140205673749,optimal,optimal,53475.63346225208,0.0,0.0,14,10144.973198701133,optimal,optimal,-1839.1806829129646,83.95443802642001,5686.901285190964,0.6703462412443004,14,8167.793452487444,optimal,optimal,-824.0760839226502,20.939399458832668,2880.7502393999616,0.5739117568211114,14,10486.48164454216,optimal,optimal,261.73463156633727,210.01321050346982,0.0,0.5,1270.5965411662326,1243.5945167592592,10512.27259954216,-2401.522135269278,1.4133579833425733e-07,2.999998672388756e-07,51074.11132728281,0,36978.29155439572,0,1.0000007932831068e-07,optimal,optimal,optimal
2025-02-18,ANNUAL REFERENCE ONLY,0.95,0.25,1270.5965411662326,14,1270.5965411662326,optimal,optimal,47492.64196075251,0.0,0.0,14,9070.314163888892,optimal,optimal,401.1430320757856,577.8092666557426,68.85946342492389,0.7300710487666738,14,7523.259142653103,optimal,optimal,-105.09573483178718,0.0,263.2772629737333,0.5798435495271779,14,10340.502285904022,optimal,optimal,583.1161558759841,378.3456343530431,-1.1368683772161603e-13,0.5,1297.2083889110927,1245.0126468518483,10340.502285904022,879.1634531199825,822.025590576703,2960.944777202662,51332.75019107515,11,37662.28767293922,0,1.0002258932217956e-07,optimal,optimal,optimal
2025-02-19,ANNUAL REFERENCE ONLY,0.95,0.25,1297.2083889110927,14,1297.2083889110927,optimal,optimal,48066.82129354743,0.0,0.0,14,9189.930688399907,optimal,optimal,-97.12845336581546,198.96153385530977,961.55301843152,0.7097006428897662,14,5875.576946117777,optimal,optimal,1959.7708904640745,1945.488615763748,41.636470196585606,0.5568894837691477,14,10529.928507036302,optimal,optimal,177.50597418181056,221.09427966549043,0.0,0.5,1200.0000000519697,1200.0,10540.706892036302,2040.1484112800697,371.23979311763486,924.1611369333591,51031.13084176086,13,40930.351114206904,0,1.0000394468079321e-07,optimal,optimal,optimal
2025-02-20,ANNUAL REFERENCE ONLY,0.95,0.25,1200.0000000519697,14,1200.0000000519697,optimal,optimal,49736.83480751015,0.0,0.0,14,9617.029061265432,optimal,optimal,560.4470543257697,1052.6893527262341,1949.1802089794228,0.6941123663921002,14,6772.058897893498,optimal,optimal,-311.90775172772624,0.0,928.8031887547618,0.5773763433242316,14,10591.712744116012,optimal,optimal,235.26250984544745,184.53494304439903,0.0,0.5,1297.4461046918657,1200.0000000519697,10688.280709112623,483.8018124434909,1.5582819573501033e-07,4.000010388703231e-07,50220.636620353645,0,39512.12125373786,0,1.000011716314475e-07,optimal,optimal,optimal
2025-02-21,ANNUAL REFERENCE ONLY,0.95,0.25,1297.4461046918657,14,1297.4461046918657,optimal,optimal,17910.970200159085,0.0,0.0,14,6934.103437697271,optimal,optimal,40.03218288409184,64.52573434244269,1.4352498378128757,0.6807243089816691,14,8091.606665845419,optimal,optimal,113.35524362033759,83.33966255338862,11.217211126169406,0.6081860077554624,14,9770.923712962964,optimal,optimal,412.76914140923435,289.4210676517711,0.0,0.5,1264.5834331493766,1243.6606910144174,10379.999422867913,566.1565679136638,300.97844982108677,1525.740585232481,20002.867353305228,8,31801.46391464737,0,1.0000712245528121e-07,optimal,optimal,optimal
2025-02-22,ANNUAL REFERENCE ONLY,0.95,0.25,1264.5834331493766,14,1264.5834331493766,optimal,optimal,18245.686010336,0.0,0.0,14,6073.594481296294,optimal,optimal,267.10433311239586,259.49880349321114,70.18054709451981,0.6548405726401891,14,7053.719628894807,optimal,optimal,-91.21511296607864,0.0,264.6932459133534,0.6266667170020838,14,9828.935277397104,optimal,optimal,547.8884161307744,373.94617039930574,0.0,0.5,1277.7764176702383,1200.381468894809,10610.63834482468,723.7776362770917,188.66742301893328,581.686000628875,19551.149647241968,5,31479.10547100337,0,1.0000245765695582e-07,optimal,optimal,optimal
2025-02-23,ANNUAL REFERENCE ONLY,0.95,0.25,1277.7764176702383,14,1277.7764176702383,optimal,optimal,49146.3440079406,0.0,0.0,14,9699.204103703698,optimal,optimal,782.7219269706356,764.6442707542782,137.68192966084416,0.642413030745127,14,6424.836044544404,optimal,optimal,-585.9706841161832,0.0,1623.7202998024202,0.644139191617846,14,10691.01968751134,optimal,optimal,159.20175294746792,94.78478123979494,0.0,0.5,1266.0254158827024,1200.7739159827026,10715.05127772512,355.9529958019204,1.9802306842640256e-07,9.000092655289335e-07,49502.297004642525,0,41426.5102721944,0,1.0000395650422434e-07,optimal,optimal,optimal
2025-02-24,ANNUAL REFERENCE ONLY,0.95,0.25,1266.0254158827024,14,1266.0254158827024,optimal,optimal,47332.372201561106,0.0,0.0,14,9959.559259259258,optimal,optimal,671.726799253621,1015.2214087188315,30.057949435991645,0.6201905997217892,14,6951.2474660717035,optimal,optimal,-519.3565315548701,0.0,1414.3183062181495,0.6697042553529229,14,10589.161833969698,optimal,optimal,334.55372647290704,186.45684942727146,0.0,0.5,1250.3110678773064,1228.8141513261273,10800.0,486.92399417165797,264.70953647836166,1299.2771265149045,49118.57332224767,6,37142.92711959182,0,1.0000245765695582e-07,optimal,optimal,optimal
2025-02-25,ANNUAL REFERENCE ONLY,0.95,0.25,1250.3110678773064,14,1250.3110678773064,optimal,optimal,48760.63566357293,0.0,0.0,14,9790.613740185185,optimal,optimal,6.404838508162527,555.024669317599,1538.6028642022472,0.5659958479968336,14,7886.391051904473,optimal,optimal,-1011.2875482546306,0.20447657986039758,3286.7967459747365,0.6663253470070647,14,10650.69669816163,optimal,optimal,229.3208104323051,131.07547165453127,-1.5916157281026244e-12,0.5,1240.9257169749924,1200.0000000526593,10799.600805,-775.5618993141629,19.62952999283315,41.41830841448841,48026.49207267326,1,37704.77517834863,0,1.0000095358009275e-07,optimal,optimal,optimal
2025-02-26,ANNUAL REFERENCE ONLY,0.95,0.25,1240.9257169749924,14,1240.9257169749924,optimal,optimal,44268.93734832985,0.0,0.0,14,9757.763034157299,optimal,optimal,1169.4962402470192,1435.3155763085708,0.0,0.5725853594492636,14,6528.211393562276,optimal,optimal,1402.1336925837884,1434.9899550845967,157.04541536958754,0.6948286788827562,14,10570.369490919165,optimal,optimal,432.23831440333674,326.95286920052814,0.0,0.5,1237.8825986634104,1222.8616265938476,10654.262960083224,3003.8682472341443,379.2794318200042,1772.8499836488704,49045.655579212864,11,39910.53156085384,0,1.0000647421293252e-07,optimal,optimal,optimal
2025-02-27,ANNUAL REFERENCE ONLY,0.95,0.25,1237.8825986634104,14,1237.8825986634104,optimal,optimal,45607.228847695646,0.0,0.0,14,9917.442592592595,optimal,optimal,196.35316231558915,596.6945041363692,1420.9279146654026,0.5833796644757399,14,6871.682854548715,optimal,optimal,13.074388386013057,47.286831736309864,223.56846824582135,0.694164167752262,14,10484.25616767275,optimal,optimal,519.2906157253083,398.2111436911978,0.0,0.5,1247.3875738542472,1200.0,10800.000000000002,728.7181664269104,254.51137512476862,1174.7367614513146,47510.68377557387,9,40875.060470732344,0,1.0000803740695119e-07,optimal,optimal,optimal
2025-02-28,ANNUAL REFERENCE ONLY,0.95,0.25,1247.3875738542472,14,1247.3875738542472,optimal,optimal,17475.563649906693,0.0,0.0,14,5902.4655697627295,optimal,optimal,-17.33319008171145,82.39497550784205,229.39749478235348,0.5840047976994293,14,8982.790393289963,optimal,optimal,3.27346705216299,2.561697945860992,0.0,0.6861676199693404,14,9659.486212405587,optimal,optimal,408.58074526720907,313.3551625571153,0.0,0.5,1252.1361915121074,1202.799542614878,10531.412743469844,394.5210222376606,1.9291217886567774e-07,6.000096891729753e-07,17870.08467274436,0,31563.89653969683,0,1.0000512520491611e-07,optimal,optimal,optimal
2025-03-01,ANNUAL REFERENCE ONLY,0.95,0.25,1252.1361915121074,14,1252.1361915121074,optimal,optimal,20071.948511235136,0.0,0.0,14,9751.567759259258,optimal,optimal,-190.04482599951447,131.8508925670965,985.0155880236478,0.5715688806782705,14,10280.228475445754,optimal,optimal,-115.90880573634136,0.0,280.1236034459486,0.6753199760646394,14,9817.88500925926,optimal,optimal,396.210316087455,298.67986761895486,0.0,0.5,1244.349147893521,1226.9681840814737,10800.0,90.25668435159918,46.09733602539579,242.1888262939067,20404.394021880642,2,29117.655248002135,0,1.00000761449337e-07,optimal,optimal,optimal
2025-03-02,ANNUAL REFERENCE ONLY,0.95,0.25,1244.349147893521,14,1244.349147893521,optimal,optimal,51932.148915888116,0.0,0.0,14,9732.686291209258,optimal,optimal,660.6504484074313,894.6530083209408,967.9580983258277,0.5859467581707153,14,8072.867524914702,optimal,optimal,-881.4945952416788,0.0,2703.3584233308193,0.6744831662607093,14,10464.055863480296,optimal,optimal,393.5207966978985,299.2680392061743,0.0,0.5,1229.8503848412827,1200.000000052411,10800.0,172.67664986365105,15.695012176456181,33.19776775663262,52138.0233335084,2,40311.198328427774,0,1.0000326255976688e-07,optimal,optimal,optimal
2025-03-03,ANNUAL REFERENCE ONLY,0.95,0.25,1229.8503848412827,14,1229.8503848412827,optimal,optimal,53263.621099039636,0.0,0.0,14,9890.436572623456,optimal,optimal,-974.5558397994004,345.08903781269356,3936.615622208974,0.5977997556604822,14,8277.464924686044,optimal,optimal,-524.0994295169884,116.48003328813218,2344.8788314856292,0.6631549236624823,14,10255.575101594977,optimal,optimal,392.0098039848773,289.16660089409163,0.0,0.5,1229.1785893296665,1200.0,10576.751598258874,-1106.6454653315113,23.231891675492196,109.92004904050532,52266.89568274863,2,38961.048671469165,0,1.0002258932217956e-07,optimal,optimal,optimal
2025-03-04,ANNUAL REFERENCE ONLY,0.95,0.25,1229.1785893296665,14,1229.1785893296665,optimal,optimal,47474.43161805727,0.0,0.0,14,10005.065740740742,optimal,optimal,287.9853893593304,516.887016697458,315.76361251838705,0.6143047116896048,14,7829.610363281051,optimal,optimal,-425.100751382234,0.0,1517.5128814547961,0.6618508705692833,14,10286.89304197798,optimal,optimal,514.1715241647498,461.79626221981493,0.0,0.5,1206.7188339932698,1200.000000052411,10800.0,377.0561621418462,243.24853937862002,810.9389246982386,48662.426704897356,6,38173.94336321346,0,1.0000858901548782e-07,optimal,optimal,optimal
2025-03-05,ANNUAL REFERENCE ONLY,0.95,0.25,1206.7188339932698,14,1206.7188339932698,optimal,optimal,49916.360412903276,0.0,0.0,14,9671.621606916056,optimal,optimal,-808.5425264345131,25.841298028073847,2473.062093385598,0.615307660510601,14,8785.544087139104,optimal,optimal,-1280.6471397435823,21.97451239316797,4282.308685793769,0.6095466662302056,14,10307.585015000877,optimal,optimal,486.6586873840416,419.706595422575,0.0,0.5,1227.7405085325543,1200.0736474214411,10539.168829138278,-1602.5309787940541,125.00648376953148,535.180517604502,48849.00995171372,3,35831.275314581144,0,1.0000530892284587e-07,optimal,optimal,optimal
2025-03-06,ANNUAL REFERENCE ONLY,0.95,0.25,1227.7405085325543,14,1227.7405085325543,optimal,optimal,46288.07052218653,0.0,0.0,14,9985.96574074074,optimal,optimal,-456.1504584302945,70.68769493927266,1557.0994455704101,0.6267243695810517,14,7252.120430843851,optimal,optimal,-302.05834187611697,58.50113563529317,1194.0631130299146,0.592395757172064,14,10482.404661319777,optimal,optimal,390.5410758053023,228.55976498108623,0.0,0.5,1200.00000005197,1200.00000005197,10799.999999999998,-367.6677245011092,287.71386822113664,1027.4616840323015,46947.86448171772,12,38210.15104872511,0,1.0000245765695582e-07,optimal,optimal,optimal
2025-03-07,ANNUAL REFERENCE ONLY,0.95,0.25,1200.00000005197,14,1200.00000005197,optimal,optimal,18443.828050189328,0.0,0.0,14,6873.96810962963,optimal,optimal,-532.897611886077,0.0,1314.1282089225626,0.6247225147424333,14,10742.266244271677,optimal,optimal,-81.30456401243546,0.0,191.188326583543,0.5933547259654912,14,9874.254978732552,optimal,optimal,29.98617503794063,48.43679119158048,3.3701874596238293,0.5,1220.292515692258,1200.00000005197,10742.266244271677,-584.2160008605719,22.44572675153311,47.11358106765668,17906.725630396413,1,28694.205762675152,0,1.0000245765695582e-07,optimal,optimal,optimal
2025-03-08,ANNUAL REFERENCE ONLY,0.95,0.25,1220.292515692258,14,1220.292515692258,optimal,optimal,16940.154613568404,0.0,0.0,14,5447.054825555548,optimal,optimal,-202.61426224039207,0.0,471.4949412758309,0.6466203253419684,14,10518.650230370364,optimal,optimal,15.382753015546461,35.174753287791134,16.17620096191589,0.5788451861355582,14,9948.475042212967,optimal,optimal,-17.344411969391174,0.0,37.01990164521523,0.5,1207.1235379598518,1207.1235379598518,10800.0,-204.5759211942368,9.74166528044635,20.389305914357998,16755.967998288528,1,29222.3984978682,0,1.0000181009672815e-07,optimal,optimal,optimal
2025-03-09,ANNUAL REFERENCE ONLY,0.95,0.25,1207.1235379598518,14,1207.1235379598518,optimal,optimal,47913.94796507439,0.0,0.0,14,9402.268516449814,optimal,optimal,-1994.8437992095508,1.4843769295407583,6184.619085196209,0.6451156423535155,14,7192.644339305881,optimal,optimal,-249.58026068069273,225.59993543710561,1636.6722429765364,0.561685315085434,14,10444.249986869358,optimal,optimal,323.56516735211267,207.47663241095324,78.84423250995758,0.5,1205.4700360672232,1205.4700360672232,10553.19191040098,-1920.8588925381307,92.7206588867561,449.741546363997,46442.830618900254,3,38379.82478725609,0,1.00000761449337e-07,optimal,optimal,optimal
2025-03-10,ANNUAL REFERENCE ONLY,0.95,0.25,1205.4700360672232,14,1205.4700360672232,optimal,optimal,45599.475445745134,0.0,0.0,14,9932.570538888882,optimal,optimal,67.40593222792009,597.7043247161105,1659.1702292209966,0.6591773041260458,14,6855.659655782735,optimal,optimal,-155.80849054041104,98.6666586582835,824.1607536609871,0.5694817941234427,14,10476.262309702788,optimal,optimal,336.9718216803938,202.31914183647262,0.8163594467256416,0.5,1200.0000000519697,1200.0000000519697,10789.195538888882,248.56926336790286,178.55619286966777,820.0044526760444,46668.04916178909,8,39549.4146186842,0,1.0000030670198612e-07,optimal,optimal,optimal
2025-03-11,ANNUAL REFERENCE ONLY,0.95,0.25,1200.0000000519697,14,1200.0000000519697,optimal,optimal,40722.18759506309,0.0,0.0,14,9982.150925925926,optimal,optimal,3414.9826678017607,4122.091673193579,0.0,0.636085468987753,14,6913.539222282551,optimal,optimal,-294.3777830520928,0.0,731.6613434286155,0.5680371344828185,14,10492.511950676533,optimal,optimal,386.2805157689206,249.0261317658725,0.0,0.5,1208.1429664876632,1200.0000000519697,10800.0,3506.8854005185885,16.73759612906143,103.04501021557826,44332.11800579726,1,38888.96979015975,0,1.0000348993344232e-07,optimal,optimal,optimal
2025-03-12,ANNUAL REFERENCE ONLY,0.95,0.25,1208.1429664876632,14,1208.1429664876632,optimal,optimal,47855.5214163045,0.0,0.0,14,9204.35365348766,optimal,optimal,-2640.0921118297283,1.1160701563434259,8324.183892861136,0.6560580958531174,14,7781.43373011944,optimal,optimal,-307.597096614082,165.5581885731615,1752.919758196931,0.5399984401412427,14,10420.461922685186,optimal,optimal,299.75295336305743,166.17276542853062,0.0,0.5,1200.8855084745464,1200.8855084745464,10468.374980846982,-2647.936255080753,380.44817502865317,1512.5407140969035,46720.12587532065,17,36944.62158175413,0,1.00000761449337e-07,optimal,optimal,optimal
2025-03-13,ANNUAL REFERENCE ONLY,0.95,0.25,1200.8855084745464,14,1200.8855084745464,optimal,optimal,47574.192095269165,0.0,0.0,14,9423.612628981484,optimal,optimal,-1103.3884807030558,177.10218567097513,4108.938198391905,0.6387062446289143,14,7951.288008226342,optimal,optimal,-284.3208090541086,23.911636484219997,1184.8220382744196,0.5458782883609149,14,10525.455937982044,optimal,optimal,105.08048911408245,65.68040006718729,20.749455886490022,0.5,1208.8042499941262,1200.0000000520304,10565.315289043097,-1282.628800643082,220.88226684578123,1230.4712415627434,47522.034536188825,4,37753.99197169536,0,1.0000803740695119e-07,optimal,optimal,optimal
2025-03-14,ANNUAL REFERENCE ONLY,0.95,0.25,1208.8042499941262,14,1208.8042499941262,optimal,optimal,15833.972159184192,0.0,0.0,14,5028.606416759258,optimal,optimal,396.50979010453295,393.4787853767355,40.69888117283932,0.6539428791476438,14,10389.511517050687,optimal,optimal,-41.10205749041911,26.115087754911144,183.51558145264846,0.533223195554687,14,9630.140240740744,optimal,optimal,389.7671103698242,218.42709999999695,23.06338367339517,0.5,1273.50203829137,1208.8042499941262,10657.95321970533,745.1748429839381,343.1567705285136,882.876293494143,17462.023295662275,9,27899.66914880644,0,1.0000858901548782e-07,optimal,optimal,optimal
2025-03-15,ANNUAL REFERENCE ONLY,0.95,0.25,1273.50203829137,14,1273.50203829137,optimal,optimal,15431.30595558109,0.0,0.0,14,4489.61749361111,optimal,optimal,262.3037083785832,291.97845059788915,79.01249459956271,0.6218591920046695,14,8274.461166915118,optimal,optimal,-24.131634212441405,23.414520973476215,131.08835141688894,0.5614954490340502,14,9804.251545130937,optimal,optimal,256.47262695312673,144.8011677154895,19.37516726135976,0.5,1200.0000000519697,1200.0000000519697,10643.016688968795,494.6447011192686,794.4930573340998,1806.881903448303,17732.83256014866,21,27926.756319843313,0,1.000011716314475e-07,optimal,optimal,optimal
2025-03-16,ANNUAL REFERENCE ONLY,0.95,0.25,1200.0000000519697,14,1200.0000000519697,optimal,optimal,45027.513777558706,0.0,0.0,14,9347.288110061727,optimal,optimal,-755.3327281163298,13.880730965063435,2424.2780926594146,0.5813955069181171,14,7270.585125313926,optimal,optimal,-518.7760502531027,23.9438416666668,1560.0177406761213,0.5981624245819492,14,10484.815434044916,optimal,optimal,398.99346768642425,267.37277602624124,0.0,0.5,1246.9815650973717,1200.0000000519697,10562.687606762473,-875.1153106830081,400.9225007454147,1440.858762671153,45593.25722954685,12,38007.847202861834,0,1.0000245765695582e-07,optimal,optimal,optimal
2025-03-17,ANNUAL REFERENCE ONLY,0.95,0.25,1246.9815650973717,14,1246.9815650973717,optimal,optimal,41471.336382293,0.0,0.0,14,9327.859292225838,optimal,optimal,-1910.3993691671756,0.0,6981.688850418993,0.5486254321164702,14,6132.804912457739,optimal,optimal,399.1836287466736,553.8253959505369,388.4586899185333,0.6121487272201767,14,10237.874768558971,optimal,optimal,542.346645598954,335.1150461024639,0.0,0.5,1237.292151627406,1200.0,10376.250921978664,-968.8690948215481,909.5711781692162,3883.1180400208173,44385.58532749226,19,37993.17942941677,0,1.0000245765695582e-07,optimal,optimal,optimal
2025-03-18,ANNUAL REFERENCE ONLY,0.95,0.25,1237.292151627406,14,1237.292151627406,optimal,optimal,47725.59281078483,0.0,0.0,14,9370.159341296296,optimal,optimal,-1757.0331152687058,149.30647030909768,6294.335094477543,0.5534793120615912,14,6878.828633494184,optimal,optimal,-843.3745235334579,87.7829411656387,2720.6122514005174,0.6320757713266153,14,10490.46230635445,optimal,optimal,465.09708380816005,262.29059094765944,0.0,0.5,1264.6711266743007,1237.292151627406,10603.164971156155,-2135.3105549940037,2.0050516253183284e-07,6.999998384074386e-07,45590.28225649083,0,37148.59309120505,0,1.0000095358009275e-07,optimal,optimal,optimal
2025-03-19,ANNUAL REFERENCE ONLY,0.95,0.25,1264.6711266743007,14,1264.6711266743007,optimal,optimal,39231.26074696847,0.0,0.0,14,9408.184921122576,optimal,optimal,1162.6021109059316,1354.9589100821142,1740.7840219213872,0.555083801606982,14,5013.379224256492,optimal,optimal,1023.8324599197313,1188.1962547505384,4.5752744094821765,0.683135864879147,14,10618.790809856195,optimal,optimal,321.70368941385755,266.9284368358415,0.0,0.5,1294.5022882929786,1260.8714019081924,10647.599538251256,2508.1382602395206,138.8906760174965,307.7817385220387,42047.18074573003,1,37759.044464843726,0,1.0000529982789886e-07,optimal,optimal,optimal
2025-03-20,ANNUAL REFERENCE ONLY,0.95,0.25,1294.5022882929786,14,1294.5022882929786,optimal,optimal,44577.57885547632,0.0,0.0,14,9265.726026944449,optimal,optimal,-1937.3789909167729,274.2048836707928,7532.831769723389,0.5534805697044803,14,5476.010227187247,optimal,optimal,256.0314605167925,343.0749178800835,0.0,0.6529613453245442,14,10481.321364871044,optimal,optimal,397.94413200507483,274.9161035488052,0.0,0.5,1317.361198442535,1200.0,10481.321364871044,-1283.4033983949055,706.5215368250614,2436.9685848192653,45731.14404190068,9,37748.78387150794,0,1.0000081829275587e-07,optimal,optimal,optimal
2025-03-21,ANNUAL REFERENCE ONLY,0.95,0.25,1317.361198442535,14,1317.361198442535,optimal,optimal,15267.173598640711,0.0,0.0,14,3722.834212962963,optimal,optimal,53.622997321611095,270.042364896351,662.306233398776,0.5401286105414042,14,10594.177688109496,optimal,optimal,15.688873371342845,46.254378953587334,96.67091047903541,0.6582630896959252,14,9728.467315633708,optimal,optimal,356.4757740384941,263.9023597553018,0.0,0.5,1351.9896224850531,1200.0,10608.451007242025,425.78764473144804,191.46151010517204,685.3050998418005,16378.26634321396,10,26857.895853673028,0,1.0000712245528121e-07,optimal,optimal,optimal
2025-03-22,ANNUAL REFERENCE ONLY,0.95,0.25,1351.9896224850531,14,1351.9896224850531,optimal,optimal,16156.722243690829,0.0,0.0,14,4491.72679511122,optimal,optimal,-32.33073253903685,22.37469845479825,97.81687573096004,0.5894160965675708,14,10174.986610296404,optimal,optimal,-145.76644551653493,9.302017352030981,351.332408961463,0.6778761296245728,14,9853.858909131886,optimal,optimal,308.01134297323387,174.04184897777034,0.0,0.5,1324.293569547363,1280.546143774096,10562.107596867352,129.91416491766208,3.4160319839211463e-07,1.3999927586932244e-06,16286.636410008483,0,26780.354853911558,0,1.0000357178796548e-07,optimal,optimal,optimal
2025-03-23,ANNUAL REFERENCE ONLY,0.95,0.25,1324.293569547363,14,1324.293569547363,optimal,optimal,45438.95050877228,0.0,0.0,14,9239.868187175725,optimal,optimal,-1463.6230596329124,40.43999166666674,4470.27190790983,0.604680337046331,14,7623.903845107923,optimal,optimal,-911.2565974985812,24.73129196715479,3097.984056101496,0.6606491051688281,14,10469.592383458277,optimal,optimal,550.1055963048741,345.90881804268287,0.0,0.5,1307.3434204066614,1200.3072553739532,10630.938224979684,-1824.7740608266192,9.441453256080683e-08,2.0000023862867236e-07,43614.17644814566,0,34900.35998832337,0,1.0000030670198612e-07,optimal,optimal,optimal
2025-03-24,ANNUAL REFERENCE ONLY,0.95,0.25,1307.3434204066614,14,1307.3434204066614,optimal,optimal,42502.805242284216,0.0,0.0,14,9452.029913888888,optimal,optimal,-818.8654294855808,409.24435298358185,4351.48902478608,0.625847212400099,14,7713.291381845208,optimal,optimal,-467.37601667778904,100.81511697657231,2113.786277003892,0.6680930884731737,14,10595.641004780215,optimal,optimal,314.4983323558437,205.1626364117442,0.0,0.4968047411243277,1223.9932601468574,1223.9932601468574,10642.869831371683,-971.7431138075261,3.2099608916724187e-07,1.2999966329132804e-06,41531.062129776685,0,36771.442970909746,0,1.0000245765695582e-07,optimal,optimal,optimal
2025-03-25,ANNUAL REFERENCE ONLY,0.95,0.25,1223.9932601468574,14,1223.9932601468574,optimal,optimal,47290.908310373015,0.0,0.0,14,7497.766129845839,optimal,optimal,-2324.2272554205597,41.46952076208606,7794.96383564403,0.6367138138872621,14,7326.146637822622,optimal,optimal,-566.5962853336097,26.455037765267633,2356.6934372498836,0.6452323882228014,14,10466.316490761821,optimal,optimal,552.1428571110183,352.166866047536,0.0,0.5037799605761082,1249.985539060577,1200.0,10469.249472243302,-2338.680683643151,423.3464600868127,1721.5054599536306,46673.7330866835,16,32435.356371679358,0,1.00000761449337e-07,optimal,optimal,optimal
2025-03-26,ANNUAL REFERENCE ONLY,0.95,0.25,1249.985539060577,14,1249.985539060577,optimal,optimal,40353.61411338666,0.0,0.0,14,9671.985084197531,optimal,optimal,-631.8012481149929,16.41422959120092,2204.9330208711945,0.6371733192991729,14,7105.868452508743,optimal,optimal,-742.9229562467569,81.06338341280883,2649.576091726728,0.6186870025368991,14,10589.959102411616,optimal,optimal,382.83784983641743,229.85595913579448,0.0,0.4989177013686874,1325.8310904822988,1249.985539060577,10592.899375949133,-991.8863545253323,1.4180783250343704e-07,3.000001015858289e-07,39361.72775916133,0,36622.219352178334,0,1.0000803740695119e-07,optimal,optimal,optimal
2025-03-27,ANNUAL REFERENCE ONLY,0.95,0.25,1325.8310904822988,14,1325.8310904822988,optimal,optimal,43227.94907819462,0.0,0.0,14,9599.712437956086,optimal,optimal,-710.9284689698538,461.9775118250273,3984.136388835235,0.6494599042311157,14,7722.163436397703,optimal,optimal,-803.7818704869192,57.88503752131123,2687.8303800538215,0.6550543943706506,14,10565.917993698664,optimal,optimal,408.603364446036,253.53239718980146,0.0,0.49442850001477917,1332.032772990391,1277.9681046270068,10577.117534334468,-1106.106975010737,2.92364681625681e-07,1.0999981851616212e-06,42121.84210428389,0,35747.01509269318,0,1.0000186193792614e-07,optimal,optimal,optimal
2025-03-28,ANNUAL REFERENCE ONLY,0.95,0.25,1332.032772990391,14,1332.032772990391,optimal,optimal,15380.57800373694,0.0,0.0,14,4781.981635092591,optimal,optimal,-5.838865655870878,99.72086023063122,138.3482853919522,0.6557618751627033,14,10380.791981101984,optimal,optimal,-46.73215266823421,0.0,100.23628259097124,0.6722824725269285,14,9786.085395943137,optimal,optimal,428.7718121678955,269.1907270219762,0.0,0.4932652057912807,1288.7759839875584,1254.3621042151442,10550.799943720915,376.20079384379045,1.673394549417798e-07,6.999960619898047e-07,15756.778798280728,0,26844.04542405981,0,1.0000258043874055e-07,optimal,optimal,optimal
2025-03-29,ANNUAL REFERENCE ONLY,0.95,0.25,1288.7759839875584,14,1288.7759839875584,optimal,optimal,14648.634021334541,0.0,0.0,14,3991.2838137258364,optimal,optimal,566.4174703255525,412.913978218234,56.70894894861051,0.6491035754663508,14,10309.637214928569,optimal,optimal,18.52934733424369,47.48509722222224,30.97525461169956,0.6576525656718423,14,9750.780609687174,optimal,optimal,351.6845690346702,195.40858467757022,13.524940746686445,0.4892728972851948,1365.6937682710786,1288.7759839875584,10415.589622757736,936.6313866944663,198.67563730798585,918.5708076513482,16503.836215680356,8,25810.60806665418,0,1.0000258043874055e-07,optimal,optimal,optimal
2025-03-30,ANNUAL REFERENCE ONLY,0.95,0.25,1365.6937682710786,14,1365.6937682710786,optimal,optimal,41893.03118079987,0.0,0.0,14,9480.078075493828,optimal,optimal,-1866.5362430207183,0.0,6542.73277967699,0.6774188755970981,14,6985.291226063105,optimal,optimal,-710.2259185457523,99.67898266404003,2694.459844243075,0.6638361125423499,14,10449.957082152989,optimal,optimal,365.1591962366103,259.7032409448527,0.0,0.49386075930982226,1288.2869847995278,1288.2869847995278,10449.957082152989,-2211.6029653298606,320.0694303176636,1175.7253494404106,40857.153564910426,7,35497.120109379255,0,1.0000067618420871e-07,optimal,optimal,optimal
2025-03-31,ANNUAL REFERENCE ONLY,0.95,0.25,1288.2869847995278,14,1288.2869847995278,optimal,optimal,36494.51355889688,0.0,0.0,14,9559.534256697527,optimal,optimal,3591.705000852604,3970.0485026245105,63.12757764437595,0.7007541112959871,14,7436.669734475314,optimal,optimal,-645.4209926993942,93.64221468059185,2074.2672231129964,0.6196350307683708,14,10467.773324315975,optimal,optimal,294.62646584509287,231.95483520182682,0.0,0.5001585889713717,1277.1168773112238,1277.1168773112238,10519.151466574069,3240.910473998302,1.5545190444225674e-07,3.999978093181198e-07,39735.424033295174,0,36075.07750364203,0,1.00000761449337e-07,optimal,optimal,optimal
2025-04-01,ANNUAL REFERENCE ONLY,0.95,0.25,1277.1168773112238,14,1277.1168773112238,optimal,optimal,44263.99557579065,0.0,0.0,14,9428.528601882716,optimal,optimal,-1171.132626867924,42.50525705316127,3976.268709881951,0.6913151977904117,14,8985.551855139998,optimal,optimal,-748.0949042552176,106.31722432176844,3173.3714058861488,0.6313767006042824,14,10407.373687748042,optimal,optimal,475.60668652349943,271.8520844571573,0.0,0.4972912453923081,1255.991233180803,1255.991233180803,10473.970158570452,-1443.6208445996422,123.942058632518,634.7332109514216,43455.10794214243,6,32892.30892141721,0,1.0000030670198612e-07,optimal,optimal,optimal
2025-04-02,ANNUAL REFERENCE ONLY,0.95,0.25,1255.991233180803,14,1255.991233180803,optimal,optimal,42230.1371762048,0.0,0.0,14,9516.204534629627,optimal,optimal,213.28917226102257,740.924916534948,1640.3277700526548,0.6858448122388939,14,8123.829056475825,optimal,optimal,-631.0945086975817,0.0,2334.8033522175833,0.6469556504080453,14,10432.280439547705,optimal,optimal,316.31876645245904,167.35284807965547,0.0,0.4982120151269431,1248.0111572333462,1200.0,10520.050941149326,-101.48656998410002,58.904551741681914,398.3797061551978,42527.03031237589,3,34818.59390829799,0,1.0000803740695119e-07,optimal,optimal,optimal
2025-04-03,ANNUAL REFERENCE ONLY,0.95,0.25,1248.0111572333462,14,1248.0111572333462,optimal,optimal,43845.234369199796,0.0,0.0,14,9739.363097129632,optimal,optimal,-2087.7802694368816,0.0,6341.5048917626145,0.6716607669290972,14,8328.689343237758,optimal,optimal,-519.9987195830843,83.9151733931401,2177.124309069556,0.6263611627275693,14,10543.440483219449,optimal,optimal,229.62158459282873,120.93187577693766,1.6039565156543176,0.5010187762420668,1230.3981378585906,1230.3981378585906,10643.266653132967,-2378.157404427137,56.4760963452102,120.17508926843617,41587.25205404109,2,34941.55964140051,0,1.00000761449337e-07,optimal,optimal,optimal
2025-04-04,ANNUAL REFERENCE ONLY,0.95,0.25,1230.3981378585906,14,1230.3981378585906,optimal,optimal,14351.925711822541,0.0,0.0,14,4009.8284021604904,optimal,optimal,-69.92341650550846,3.0670918030877274,170.146511899284,0.7094430859168679,14,10434.522729336155,optimal,optimal,55.94014892379998,88.57528452379923,0.0,0.6192805849579917,14,9739.784626115403,optimal,optimal,367.1739670003436,215.19267100663765,0.0,0.4998240333546893,1263.5853212763025,1230.3981378585906,10479.5980038516,353.1906994186352,1.8832059369865847e-07,4.0000007034705044e-07,14705.116411641176,0,25353.059633159224,0,1.0000258043874055e-07,optimal,optimal,optimal
2025-04-05,ANNUAL REFERENCE ONLY,0.95,0.25,1263.5853212763025,14,1263.5853212763025,optimal,optimal,13929.722934860883,0.0,0.0,14,3260.277570669863,optimal,optimal,115.97475471722933,239.13802789997126,92.95059205845985,0.6762029553813047,14,10439.281826783466,optimal,optimal,-28.618102389854208,0.0,58.88470163589213,0.599186518018132,14,9568.585455463393,optimal,optimal,611.8214421711946,357.8994108623512,95.16377831041827,0.504379573288567,1254.5162742601947,1217.5672949985353,10464.574493584021,699.1780944985696,217.09764400725433,1017.3833682245538,15646.284397584006,5,24812.173768108394,0,1.00000761449337e-07,optimal,optimal,optimal
2025-04-06,ANNUAL REFERENCE ONLY,0.95,0.25,1254.5162742601947,14,1254.5162742601947,optimal,optimal,40673.92815243895,0.0,0.0,14,9847.834467870367,optimal,optimal,-1392.4294375327897,149.07879834233768,5323.2761887494025,0.6695448291013596,14,7109.348552054353,optimal,optimal,86.748468581422,217.21093597850032,961.0025119700664,0.5999473299642929,14,10608.651850041068,optimal,optimal,177.64012895485607,108.58641297214791,56.18201348270611,0.5095663463864637,1215.6186783966707,1200.3812416716573,10668.502523425923,-1128.0408399965117,77.66605577981261,278.4464334237905,39824.333745866235,4,37433.87542028415,0,1.00000761449337e-07,optimal,optimal,optimal
2025-04-07,ANNUAL REFERENCE ONLY,0.95,0.25,1215.6186783966707,14,1215.6186783966707,optimal,optimal,35567.69013425478,0.0,0.0,14,9595.862438796295,optimal,optimal,1170.5162344853065,1077.2036038931694,363.86506630338397,0.6489355204906598,14,7161.245643570943,optimal,optimal,-53.12219033165603,0.0,126.3038543988151,0.6085036587709575,14,10549.360287111198,optimal,optimal,290.6666730693297,159.23350547740029,24.2990469095721,0.504914426033732,1216.0217551988374,1200.000000052448,10575.956676000087,1408.0607172229802,44.36331776575068,93.78756339384086,37069.5384148716,3,36859.73164097413,0,1.0000803740695119e-07,optimal,optimal,optimal
2025-04-08,ANNUAL REFERENCE ONLY,0.95,0.25,1216.0217551988374,14,1216.0217551988374,optimal,optimal,42162.960442595155,0.0,0.0,14,9902.01052925002,optimal,optimal,-1443.1333930624437,165.0396876035271,5051.667137832203,0.6734807836550142,14,7025.637959298837,optimal,optimal,-648.0343807613688,0.0,2231.577219951199,0.5998208452657893,14,10573.326425658583,optimal,optimal,230.01242642119598,132.4434341626827,43.9081421848806,0.5042844884466241,1200.0000000519697,1200.0000000519697,10730.20126999076,-1861.1553474026164,87.18665311388068,185.57004101108652,40487.37513620363,4,37133.42683909055,0,1.0000803740695119e-07,optimal,optimal,optimal
2025-04-09,ANNUAL REFERENCE ONLY,0.95,0.25,1200.0000000519697,14,1200.0000000519697,optimal,optimal,40782.483563459806,0.0,0.0,14,9937.9347625,optimal,optimal,-54.567082137554124,50.52864754708541,422.0676040662572,0.6834713667078797,14,4991.977779663299,optimal,optimal,487.2739045073096,655.221073418825,199.86907216934117,0.5804985346684775,14,10569.70511097615,optimal,optimal,228.00277028261118,136.27440582238688,58.875695362521014,0.503154632052482,1200.0000000519697,1200.0000000519697,10742.631984722222,660.7095926523667,78.96633875598788,166.58791900789439,41609.78107512007,4,37617.38963082169,0,1.0000803740695119e-07,optimal,optimal,optimal
2025-04-10,ANNUAL REFERENCE ONLY,0.95,0.25,1200.0000000519697,14,1200.0000000519697,optimal,optimal,39941.59783826374,0.0,0.0,14,9837.176321574085,optimal,optimal,-164.14578967493512,0.0,485.2093395464981,0.6968524037986352,14,6358.65670302445,optimal,optimal,-773.6152940948751,0.0,1996.8630343930345,0.5851150357648676,14,10573.54844703545,optimal,optimal,278.8672098699285,156.3633538429812,31.756744006272015,0.5018979100426225,1205.6822533013144,1200.0000000519697,10667.412895648158,-658.8938738998818,22.57179334359433,47.37819423173783,39330.08215859559,1,37454.82995907815,0,1.0001531336456537e-07,optimal,optimal,optimal
2025-04-11,ANNUAL REFERENCE ONLY,0.95,0.25,1205.6822533013144,14,1205.6822533013144,optimal,optimal,13117.37095967356,0.0,0.0,14,2890.4950479029844,optimal,optimal,336.14285068071473,241.97718768904272,0.0,0.6406059088795468,14,9661.577272855195,optimal,optimal,-21.913758841527702,18.975980716540807,108.30849379264293,0.5893266957832822,14,9655.604759400925,optimal,optimal,468.27775463688545,292.02570301135864,0.0,0.5043051561119479,1206.3722223262223,1200.0,10593.422754993791,782.5068464760725,190.65906838986433,622.534667463156,14522.41247361279,5,24605.402728066227,0,1.00000761449337e-07,optimal,optimal,optimal
2025-04-12,ANNUAL REFERENCE ONLY,0.95,0.25,1206.3722223262223,14,1206.3722223262223,optimal,optimal,15027.604957553483,0.0,0.0,14,3363.378310216048,optimal,optimal,-551.1624561867765,0.0,1307.1470838084224,0.6672594618968734,14,10612.820427971421,optimal,optimal,21.95680119871375,20.427784312572555,14.116047198779853,0.5893240458451492,14,9714.459944050308,optimal,optimal,440.1397508155887,254.69207449956602,13.536566666666715,0.5037448283990364,1216.617493646662,1206.3722223262223,10612.820427971421,-89.06590417247406,1.2085653574290342e-07,5.999983161975251e-07,14938.539053981009,0,24075.6825846972,0,1.0000245765695582e-07,optimal,optimal,optimal
2025-04-13,ANNUAL REFERENCE ONLY,0.95,0.25,1216.617493646662,14,1216.617493646662,optimal,optimal,38300.129005748306,0.0,0.0,14,9967.8,optimal,optimal,-1219.7533178554595,0.0,3672.6441044962185,0.6936873228154161,14,6434.519881291273,optimal,optimal,195.95004470009872,193.3895046287407,301.55564558162604,0.590654658396544,14,10478.44259476364,optimal,optimal,520.2821984463701,277.52288475787327,13.536566666666658,0.4988526446594867,1202.4072137425956,1200.0,10800.0,-503.5210747089907,612.0519082250136,2706.9612769579157,40503.569207997236,18,36454.425887514015,0,1.0000144357036334e-07,optimal,optimal,optimal
2025-04-14,ANNUAL REFERENCE ONLY,0.95,0.25,1202.4072137425956,14,1202.4072137425956,optimal,optimal,40799.0971445987,0.0,0.0,14,9597.057275810515,optimal,optimal,-2837.1465144123736,0.0,8380.243200414923,0.6787565671771497,14,5999.720507244107,optimal,optimal,-430.69719692580185,0.0,1216.07422470674,0.6081907264652692,14,10465.806784748444,optimal,optimal,539.4224537881774,291.06461799788224,0.0,0.5022004431023772,1200.9770485668423,1200.0,10465.806784748444,-2728.4212575499982,374.42019341837374,1944.9850739713327,40015.66096102003,18,35852.53391544402,0,1.0000695738199283e-07,optimal,optimal,optimal
2025-04-15,ANNUAL REFERENCE ONLY,0.95,0.25,1200.9770485668423,14,1200.9770485668423,optimal,optimal,35302.26897613908,0.0,0.0,14,9995.36144888889,optimal,optimal,1017.8231660353333,1156.8492412098392,1830.3330786797903,0.6631824258594174,14,8277.194631902988,optimal,optimal,-331.2922022612445,15.238454893433072,1181.3029391454613,0.6042793466045485,14,10411.705815144122,optimal,optimal,685.5950034083791,365.14905595890565,54.14892178248212,0.5028888103214648,1206.7952866176797,1200.9770485668423,10787.772560000001,1372.1259671824678,130.5214962788153,629.1401739981698,37303.53511731971,4,33776.710634593095,0,1.0001108967117034e-07,optimal,optimal,optimal
2025-04-16,ANNUAL REFERENCE ONLY,0.95,0.25,1206.7952866176797,14,1206.7952866176797,optimal,optimal,38989.60396799707,0.0,0.0,14,9832.712260741398,optimal,optimal,521.6713724490527,988.3861870515854,2559.4770094996543,0.6460894092234675,14,6480.092952489844,optimal,optimal,-143.7847191464833,32.164035781212874,596.1511843767325,0.5905654569337081,14,10651.259705637369,optimal,optimal,236.65467656494286,132.51980489854753,54.14897726031044,0.5115926708380105,1200.0000000519697,1200.0000000519697,10674.160311597447,614.5413298675122,117.8336023565838,287.25527876357694,39891.40057662816,6,36444.23297797569,0,1.0000803740695119e-07,optimal,optimal,optimal
2025-04-17,ANNUAL REFERENCE ONLY,0.95,0.25,1200.0000000519697,14,1200.0000000519697,optimal,optimal,36161.63100138478,0.0,0.0,14,9299.453479074076,optimal,optimal,114.30321324721955,197.10972072805276,60.259165049594685,0.6195968484936182,14,5840.760829625624,optimal,optimal,-52.08946321800009,0.0,175.10310378058966,0.6027059062547465,14,10529.128438020514,optimal,optimal,488.57859009252496,263.37044618930116,54.14267503296337,0.510166951221623,1201.0432274672903,1200.0000000519697,10770.345145740741,550.7923401217445,6.156293815551913e-08,2.000040636223275e-07,36712.423341706526,0,37059.750212889325,0,1.51969743455993e-07,optimal,optimal,optimal
2025-04-18,ANNUAL REFERENCE ONLY,0.95,0.25,1201.0432274672903,14,1201.0432274672903,optimal,optimal,13468.655866592928,0.0,0.0,14,2971.3172133366234,optimal,optimal,-46.34293188023207,21.69020248847869,259.564159694081,0.645089905047508,14,10575.239146407852,optimal,optimal,37.69513013790167,50.82895289628368,27.399687806516596,0.571131874574879,14,9795.353184022919,optimal,optimal,368.64745531614807,230.81083345052917,16.31258902204751,0.5112610386975741,1239.4909435709033,1201.0432274672903,10575.239146407852,359.9996535738177,4.677268475210477e-08,1e-07,13828.655520266746,0,24820.47156659702,0,1.51969743455993e-07,optimal,optimal,optimal
2025-04-19,ANNUAL REFERENCE ONLY,0.95,0.25,1239.4909435709033,14,1239.4909435709033,optimal,optimal,13029.92679548829,0.0,0.0,14,3389.1358542299163,optimal,optimal,33.21537043727327,71.21756836221019,247.1620626543209,0.6319473992529635,14,10535.921952594254,optimal,optimal,345.20311595637867,329.9822266904715,0.0,0.5826997005768462,14,9725.784037488094,optimal,optimal,429.3477160141895,277.10885653846145,101.78929318902641,0.5080215898416776,1213.0252504757214,1213.0252504757214,10535.921952594254,807.7662024078414,1.4542704965514763e-07,3.000000477484718e-07,13837.692998196133,0,24352.037050195973,0,1.0000258043874055e-07,optimal,optimal,optimal
2025-04-20,ANNUAL REFERENCE ONLY,0.95,0.25,1213.0252504757214,14,1213.0252504757214,optimal,optimal,36086.34093937666,0.0,0.0,14,9789.343758611116,optimal,optimal,-437.97076928367346,61.33906193255882,2146.4905581534817,0.6073341468644926,14,6339.245908796299,optimal,optimal,-160.36491189099695,53.1223235227684,878.2306856310186,0.6111158833352179,14,10719.825166648692,optimal,optimal,141.30621013969645,75.30945081420546,2.2737367544323206e-13,0.5132304054344883,1200.0000000519697,1200.0000000519697,10745.059516028032,-457.029471034974,54.18030480740089,115.83749222561585,35745.148960567305,1,36760.24829091044,0,1.0000858901548782e-07,optimal,optimal,optimal
2025-04-21,ANNUAL REFERENCE ONLY,0.95,0.25,1200.0000000519697,14,1200.0000000519697,optimal,optimal,38101.101184752,0.0,0.0,14,9747.094668316295,optimal,optimal,-2390.932037548228,0.0,8869.163677844219,0.6253216562577153,14,7042.465969612594,optimal,optimal,-261.9310485313879,22.241788002306862,782.2879402078606,0.6007158765197587,14,10405.96464393706,optimal,optimal,671.486040013867,350.2977935528843,0.0,0.5134253152998147,1213.3488956857504,1200.0000000519697,10511.681242390368,-1981.3770460657488,143.9502485602829,520.1830439816367,36639.907182667885,8,33977.68987262012,0,1.0000803740695119e-07,optimal,optimal,optimal
2025-04-22,ANNUAL REFERENCE ONLY,0.95,0.25,1213.3488956857504,14,1213.3488956857504,optimal,optimal,34231.22830609749,0.0,0.0,14,9604.317892842313,optimal,optimal,1390.9431998307107,1119.2057509835752,24.19568820813545,0.6435025635047428,14,7561.590312505915,optimal,optimal,-314.63948561317204,55.64626137582252,1337.1018353657466,0.6296844276844874,14,10648.820607435488,optimal,optimal,231.06543569129218,124.41914078288862,16.954456172839514,0.5113693121866998,1200.0000000519694,1200.0000000519694,10654.288895300675,1307.3691499088307,277.52354762225553,898.5074344094681,36437.10489041579,7,33574.77123112918,0,1.0000730253523217e-07,optimal,optimal,optimal
2025-04-23,ANNUAL REFERENCE ONLY,0.95,0.25,1200.0000000519694,14,1200.0000000519694,optimal,optimal,32951.82181302921,0.0,0.0,14,8963.023607884605,optimal,optimal,622.0995043907251,647.1093297340901,0.0,0.6652018081171397,14,6587.612430680714,optimal,optimal,335.97761647886557,497.9396154827665,113.16928222984211,0.634829254027098,14,10427.311818795197,optimal,optimal,624.5890886817047,326.3335546229955,-1.1368683772161603e-13,0.5036252860087479,1200.0000000519697,1200.0000000519694,10429.769830106827,1582.6662095512952,105.80865750365764,353.1506115251018,34887.638634105606,5,35175.82394722788,0,1.0000803740695119e-07,optimal,optimal,optimal
2025-04-24,ANNUAL REFERENCE ONLY,0.95,0.25,1200.0000000519697,14,1200.0000000519697,optimal,optimal,34013.58721355458,0.0,0.0,14,9921.71697263555,optimal,optimal,-310.4591840517345,68.91638411936151,1834.5329034966808,0.6912673015858386,14,7563.164771339254,optimal,optimal,152.93109670409905,163.6041267385841,237.74811467851,0.6520926938239926,14,10709.763713304117,optimal,optimal,127.74811144399612,75.04922116517258,30.093367177621644,0.5028857172901148,1200.0000000519697,1200.0000000519697,10725.064138275835,-29.779975903639325,23.860647005138887,51.01406336390181,34034.82130101484,1,33553.04308668171,0,1.0000374550145351e-07,optimal,optimal,optimal
2025-04-25,ANNUAL REFERENCE ONLY,0.95,0.25,1200.0000000519697,14,1200.0000000519697,optimal,optimal,13162.11759952147,0.0,0.0,14,2867.5690835493824,optimal,optimal,53.36509141605271,105.2066558655714,306.9530385381033,0.6817311944384786,14,10573.542808229575,optimal,optimal,-176.9638000419644,0.0,376.4051895272685,0.6363749218033539,14,9845.894234691812,optimal,optimal,277.35557749866734,222.6325701525143,0.0,0.49178572554188016,1228.259929799343,1200.0,10573.542808229577,153.75686887275566,143.15183877756502,517.8727397841967,13833.747208178422,7,23268.24673949253,0,1.0000258043874055e-07,optimal,optimal,optimal
2025-04-26,ANNUAL REFERENCE ONLY,0.95,0.25,1228.259929799343,14,1228.259929799343,optimal,optimal,12587.064420621995,0.0,0.0,14,2275.1513007098742,optimal,optimal,60.510299993929934,96.63847019078386,88.36304331015418,0.68235784829596,14,10535.706590715004,optimal,optimal,62.03640768801906,66.77282942590807,0.0,0.6546457848793954,14,9776.77889432761,optimal,optimal,330.39358153882773,237.60737944698784,0.0,0.48895997035494543,1215.3518519558525,1200.0,10535.706590715004,452.9402892207767,267.3371538702451,1138.8696189005946,14178.874328743366,9,23280.273986090207,0,1.0000030670198612e-07,optimal,optimal,optimal
2025-04-27,ANNUAL REFERENCE ONLY,0.95,0.25,1215.3518519558525,14,1215.3518519558525,optimal,optimal,33114.60221271411,0.0,0.0,14,9256.431087499994,optimal,optimal,136.77158356201872,359.4129057158102,1249.137507371166,0.6685449852451066,14,7303.284193240736,optimal,optimal,-5.7745964673096495,127.22923313671015,508.3042754818549,0.6363660385418936,14,10303.520255262574,optimal,optimal,649.8933236194557,339.9144320923113,1.1368683772161603e-13,0.48601436749670646,1200.00000005197,1200.00000005197,10669.427754166662,780.8903107141648,834.8887877080142,3374.3497431693013,37269.84226659758,20,36016.052814260096,0,1.0000083516814584e-07,optimal,optimal,optimal
2025-04-28,ANNUAL REFERENCE ONLY,0.95,0.25,1200.00000005197,14,1200.00000005197,optimal,optimal,40095.91926981934,0.0,0.0,14,10010.672139074073,optimal,optimal,-605.1923754644126,48.412896790433706,2335.3836997364942,0.6360380262969082,14,6149.406027483918,optimal,optimal,-156.2557136448555,61.02798044157521,784.6431255024393,0.6472560070857856,14,10527.568429575223,optimal,optimal,400.12276987021244,246.19767932862206,0.0,0.49128042178914716,1214.63837155763,1200.00000005197,10786.048064999999,-361.3253192390557,2.494691233193066e-07,1.0000068947036199e-06,39734.59395158029,0,36148.67901870765,0,1.0000245765695582e-07,optimal,optimal,optimal
2025-04-29,ANNUAL REFERENCE ONLY,0.95,0.25,1214.63837155763,14,1214.63837155763,optimal,optimal,34138.00028335044,0.0,0.0,14,9316.042428703706,optimal,optimal,-72.90489764691097,262.7918901433232,1776.3970476050845,0.5976011825390406,14,9219.66954777778,optimal,optimal,63.77174837766927,91.99923630028786,140.55809804848337,0.6543095372023991,14,10507.76267674985,optimal,optimal,512.4666503825634,302.8499239040391,0.0,0.4937930323404398,1226.965901025043,1214.63837155763,10680.97348425926,503.33350111332174,335.98547454716777,1354.8282063212216,35996.16199078499,6,32689.002247596985,0,1.0000616157412878e-07,optimal,optimal,optimal
2025-04-30,ANNUAL REFERENCE ONLY,0.95,0.25,1226.965901025043,14,1226.965901025043,optimal,optimal,32787.37051838571,0.0,0.0,14,8120.271669430345,optimal,optimal,-159.48001353434015,0.0,670.3381947937171,0.5740318658404769,14,6185.030997022938,optimal,optimal,-131.97746120286035,0.0,279.59055657468963,0.67107790681695,14,10447.3141687291,optimal,optimal,508.9914152631019,364.9443837319335,0.0,0.4975611829940708,1200.0000000519697,1200.0000000519697,10537.791978757537,217.53394052590136,115.70703871418877,428.8773034399713,33433.78176235158,4,33444.94415476831,0,1.0000053407566156e-07,optimal,optimal,optimal
2025-05-01,ANNUAL REFERENCE ONLY,0.95,0.25,1200.0000000519697,14,1200.0000000519697,optimal,optimal,34317.95511068403,0.0,0.0,14,9208.606455092595,optimal,optimal,-297.4506157724875,24.176751942504268,1341.5314600296954,0.5620565283427029,14,7269.762892685191,optimal,optimal,-144.0590684448115,3.002870047401302,317.4899186162859,0.6419027216171779,14,10297.072833162005,optimal,optimal,755.1809422605977,445.7300895089346,0.0,0.50271368485792,1200.000000050103,1200.0,10533.953695833336,313.67125804329874,2430.3685371680913,11286.56733768206,45918.193706409395,29,36058.194893171545,0,1.0000087513617473e-07,optimal,optimal,optimal
2025-05-02,ANNUAL REFERENCE ONLY,0.95,0.25,1200.000000050103,14,1200.000000050103,optimal,optimal,15992.47174951489,0.0,0.0,14,3221.667199919797,optimal,optimal,-51.53249410207977,0.0,99.52934295108034,0.5564958485916337,14,8952.730366508944,optimal,optimal,-41.80955228369825,0.0,84.7209042034498,0.6609513899290419,14,9009.251658012106,optimal,optimal,2327.69549247874,1241.8148083998713,0.0,0.5059890836015601,1440.6387334246308,1200.000000050103,9270.348809925223,2234.3534460929623,485.6181697046962,2387.3794732032347,20614.204668811086,8,21913.85536950244,0,1.000004886577699e-07,optimal,optimal,optimal
2025-05-03,ANNUAL REFERENCE ONLY,0.95,0.25,1440.6387334246308,14,1440.6387334246308,optimal,optimal,15039.799344395786,0.0,0.0,14,3026.69999791989,optimal,optimal,-90.1671340121746,0.0,188.42888622240565,0.5394404610795432,14,9197.430273163549,optimal,optimal,198.81837423984612,134.29369737463287,0.0,0.6475721298297373,14,8869.051031427622,optimal,optimal,2488.44500390373,1328.7312349546858,0.0,0.503318333021994,1619.8370244732018,1200.0000000159278,9198.02835146899,2597.096244131402,426.3992899433276,2490.89522138745,20127.790809914637,7,21404.771007593838,0,1.0000258043874055e-07,optimal,optimal,optimal
2025-05-04,ANNUAL REFERENCE ONLY,0.95,0.25,1619.8370244732018,14,1619.8370244732018,optimal,optimal,36589.4194452596,0.0,0.0,14,9915.852878896554,optimal,optimal,-783.8278720298563,57.528038847896646,3779.473568530536,0.5430646147471601,14,8419.088503097244,optimal,optimal,-362.4874221556185,40.47472142537799,952.6769356461152,0.6401290513762119,14,8812.747532706038,optimal,optimal,3173.6603741911026,1674.0301670721656,0.0,0.5013300733504729,1241.9834999941984,1200.0000000159275,10597.212601118776,2027.3450800056278,1425.2575602476584,6660.992774610433,45277.757299875666,30,27429.491051793535,0,1.000049660433433e-07,optimal,optimal,optimal
2025-05-05,ANNUAL REFERENCE ONLY,0.95,0.25,1241.9834999941984,14,1241.9834999941984,optimal,optimal,39102.11041212356,0.0,0.0,14,10003.117969074083,optimal,optimal,-931.2505981710061,31.237614579197775,2387.4172226147507,0.5324815600799475,14,6627.146117848505,optimal,optimal,-390.063990593903,0.0,1433.6475157256577,0.6431997159404194,14,8679.805990197798,optimal,optimal,3352.199780816711,1810.2748232908089,0.0,0.500828878493704,1460.8775223545138,1200.0,10726.561950555564,2030.885192051802,978.5686396683964,4818.748209665799,45951.74381384116,16,32288.30237108891,0,1.0000462680181954e-07,optimal,optimal,optimal
2025-05-06,ANNUAL REFERENCE ONLY,0.95,0.25,1460.8775223545138,14,1460.8775223545138,optimal,optimal,33229.09147646648,0.0,0.0,14,7036.774313024705,optimal,optimal,1081.5973273915256,968.0851845523786,136.32041308693275,0.5646785068807457,14,5121.018105000001,optimal,optimal,1112.5048957565368,1159.40676023064,2.2737367544323206e-13,0.6044219334885613,14,8747.498353816958,optimal,optimal,3240.987215117299,1722.9768709443752,0.0,0.5055075724842293,1200.0000000519697,1200.0,8747.498353816958,5435.089438265361,1696.9351622301883,8435.838513943516,47100.019428675354,28,30705.327445178842,0,1.0000284333955278e-07,optimal,optimal,optimal
2025-05-07,ANNUAL REFERENCE ONLY,0.95,0.25,1200.0000000519697,14,1200.0000000519697,optimal,optimal,36998.3178525069,0.0,0.0,14,9459.616278913918,optimal,optimal,354.1693545462952,318.66947086085906,353.8105743815918,0.566875293551075,14,6149.834950141674,optimal,optimal,-109.0736825864337,0.0,267.4328224503507,0.5889126347063195,14,9188.703184631846,optimal,optimal,2792.2796263888845,1425.8000819315637,23.209643829077322,0.5070298171669906,1442.4691111921984,1200.0000000159275,10590.049352949061,3037.375298348746,1081.8982652291265,6085.206986786617,46120.90013764226,20,33292.235396239535,0,1.0000803740695119e-07,optimal,optimal,optimal
2025-05-08,ANNUAL REFERENCE ONLY,0.95,0.25,1442.4691111921984,14,1442.4691111921984,optimal,optimal,40949.43442282736,0.0,0.0,14,9832.532684310543,optimal,optimal,-824.0438314749138,256.85382719363486,4548.420947717052,0.5851807619954906,14,6261.958807606456,optimal,optimal,239.21668324573523,269.0018835756281,270.3160213498776,0.5887850983901098,14,9196.038985838148,optimal,optimal,2845.5689338217517,1443.0563149181603,29.581962500342044,0.4990362085800908,1589.3201532731632,1208.168972254624,10555.055832458691,2260.7417855925733,957.4203456896671,4154.981209966707,47365.15741838665,17,31577.650935769023,0,1.0001531336456537e-07,optimal,optimal,optimal
2025-05-09,ANNUAL REFERENCE ONLY,0.95,0.25,1589.3201532731632,14,1589.3201532731632,optimal,optimal,16201.240504570895,0.0,0.0,14,3178.562086138846,optimal,optimal,499.6450244854386,326.08493556402414,6.360040653972305,0.5828378273268697,14,8351.708523125997,optimal,optimal,58.23470532233228,107.45632691240971,274.34313875361266,0.6106769077868192,14,9180.768491723506,optimal,optimal,2674.2878141602805,1451.2119099235706,63.277268215578744,0.5084599939648704,1753.722570335434,1280.6254115858083,9180.768491723506,3232.167543968051,5.499914225010586e-07,1.8000110165553907e-06,19433.408050338956,0,20857.942613731713,0,1.0000258043874055e-07,optimal,optimal,optimal
2025-05-10,ANNUAL REFERENCE ONLY,0.95,0.25,1753.722570335434,14,1753.722570335434,optimal,optimal,16240.149017685444,0.0,0.0,14,3840.3303396567635,optimal,optimal,888.533367290231,617.9147224610776,2.8421709430404007e-13,0.6124674265745421,14,8361.410751881307,optimal,optimal,-112.71991793984023,10.08350093284821,282.1062334781608,0.6135156098982888,14,9155.063240321859,optimal,optimal,2678.3730059259933,1453.4651516649487,53.074653426665854,0.5174193229173041,1720.594395724773,1372.9403318912882,9155.063240321859,3454.186455276384,257.07842122071605,1156.6450314341582,20850.980504395986,5,19656.942252447923,0,1.0000258043874055e-07,optimal,optimal,optimal
2025-05-11,ANNUAL REFERENCE ONLY,0.95,0.25,1720.594395724773,14,1720.594395724773,optimal,optimal,39546.25225493818,0.0,0.0,14,9682.49889929647,optimal,optimal,110.02939761346693,628.4664800675921,2571.742703382133,0.6128798386458739,14,6636.323502243521,optimal,optimal,24.205939871815488,173.2093312280146,1061.8674250906358,0.6064088480203318,14,9221.653755490319,optimal,optimal,2754.199988457497,1401.206804453142,54.81472318853113,0.5179237835685995,1434.079333755896,1200.000000015928,10351.615103000173,2888.4353259427794,519.1035985958841,2917.125668595511,45351.81324947647,10,30715.09153807463,0,1.0000803740695119e-07,optimal,optimal,optimal
2025-05-12,ANNUAL REFERENCE ONLY,0.95,0.25,1434.079333755896,14,1434.079333755896,optimal,optimal,35565.043768912525,0.0,0.0,14,9249.578269317079,optimal,optimal,2107.9004666837764,1805.9097357941491,0.0,0.6222051305743269,14,7270.669518659927,optimal,optimal,54.47408062336277,79.83657856152391,327.30194377829315,0.6042043258947416,14,9199.071512499539,optimal,optimal,2822.7465609470446,1427.5124435214664,21.10027564444381,0.5147239641943456,1519.6427078267136,1200.000000015928,10563.747102611482,4985.121108254183,416.3344520980268,2028.302910118885,42578.4677872856,9,28233.143441171276,0,1.0000678685173625e-07,optimal,optimal,optimal
2025-05-13,ANNUAL REFERENCE ONLY,0.95,0.25,1519.6427078267136,14,1519.6427078267136,optimal,optimal,41110.26753340842,0.0,0.0,14,9958.63257176732,optimal,optimal,-936.0288880623723,697.6283554313344,6066.764793298187,0.6096449450743807,14,6467.628340651852,optimal,optimal,80.97815206380196,236.12403433303786,894.2545058838815,0.6109347968771492,14,9182.077394978638,optimal,optimal,2826.898461670312,1437.6479008515762,34.62463714466336,0.5129126391594787,1491.819980806632,1200.000000015928,10727.189778518514,1971.8477256717415,516.9787998109617,2757.9025849213785,45840.017844001544,13,30369.459650022236,0,1.0000420058986493e-07,optimal,optimal,optimal
2025-05-14,ANNUAL REFERENCE ONLY,0.95,0.25,1491.819980806632,14,1491.819980806632,optimal,optimal,40357.98264935254,0.0,0.0,14,9823.683350800433,optimal,optimal,-229.01864325416034,43.75656948844181,837.8371729202856,0.6287185154858466,14,5976.513928134454,optimal,optimal,-625.909796743116,0.0,1846.4011080355988,0.5923866460924188,14,9229.097970968805,optimal,optimal,2692.7389123633507,1376.5358952090537,5.675818208864234,0.5051761010413914,1439.109702977319,1221.1001146388717,10549.163443393025,1837.8104723660745,6.875873247132925e-07,1.9999927550808137e-06,42195.793123718606,0,30325.312018461074,0,1.0000420058986493e-07,optimal,optimal,optimal
2025-05-15,ANNUAL REFERENCE ONLY,0.95,0.25,1439.109702977319,14,1439.109702977319,optimal,optimal,41287.92468798683,0.0,0.0,14,9825.39950253771,optimal,optimal,375.51905288603086,372.07682212717214,249.8882537633886,0.5880965951884245,14,6956.908621529365,optimal,optimal,-828.8259818277519,0.0,2326.1363072983845,0.6413907975808933,14,9573.51272837848,optimal,optimal,2071.2640910143846,1070.0433612305465,6.238065409694036,0.5023496857229169,1432.1251491031053,1432.1251491031053,10658.174397981937,1617.9571620726636,3.624575925121203e-07,9.000026866255667e-07,42905.88185095949,0,30905.974582602954,0,1.0000339045745932e-07,optimal,optimal,optimal
2025-05-16,ANNUAL REFERENCE ONLY,0.95,0.25,1432.1251491031053,14,1432.1251491031053,optimal,optimal,17292.98627322749,0.0,0.0,14,2494.2775622501063,optimal,optimal,-88.96419819999474,0.0,170.3623860518683,0.5807333829636694,14,8350.24188368877,optimal,optimal,-238.87036640921437,0.0,508.1952925455437,0.6697991599322327,14,9206.784334737224,optimal,optimal,2546.5349216890877,1400.8519790212142,161.93213093636768,0.49022271234302023,1442.6634466555847,1432.1251491031053,9206.784334737225,2218.700357079879,6.718769870346783e-07,1.699995132966069e-06,19511.686632007364,0,18593.17847810953,0,1.000043994281441e-07,optimal,optimal,optimal
2025-05-17,ANNUAL REFERENCE ONLY,0.95,0.25,1442.6634466555847,14,1442.6634466555847,optimal,optimal,17223.480433646186,0.0,0.0,14,2191.4009985571097,optimal,optimal,-28.55680243232617,13.651538109231272,107.71263400064657,0.5642788474441499,14,8339.322996819998,optimal,optimal,-30.47845112117905,71.61493491129374,308.2970712275618,0.6626488208544578,14,9175.877285507404,optimal,optimal,2666.2195090911287,1440.0882980412607,116.29062416678175,0.47940430771132864,1614.7608138495073,1423.2521596707356,9175.877285507404,2607.1842555376234,283.50146272220684,1317.8043029602673,21148.468992144077,6,19230.127179920233,0,1.0000229622164625e-07,optimal,optimal,optimal
2025-05-18,ANNUAL REFERENCE ONLY,0.95,0.25,1614.7608138495073,14,1614.7608138495073,optimal,optimal,42987.07313327878,0.0,0.0,14,9677.182590334489,optimal,optimal,-722.3774093260022,287.31246210600415,4039.7122378392933,0.5552544511539624,14,6413.96071819923,optimal,optimal,-161.90691307264487,33.49890990460028,640.466352811979,0.6579382952051857,14,9697.185561676426,optimal,optimal,1837.782213792804,930.6962864506403,0.0,0.4951790349470917,1576.6943787813955,1525.3103697221363,10372.567364986917,953.4978913941569,4.969266349486836e-07,1.1000233405965446e-06,43940.57102577296,0,31598.605643299314,0,1.0000099996432255e-07,optimal,optimal,optimal
2025-05-19,ANNUAL REFERENCE ONLY,0.95,0.25,1576.6943787813955,14,1576.6943787813955,optimal,optimal,38948.15342428615,0.0,0.0,14,10071.468341944443,optimal,optimal,-374.469493703088,526.7611598038479,4354.717600985628,0.57627531086384,14,7948.693469608387,optimal,optimal,-103.26078953980397,13.171213205048543,465.02224711331064,0.6551490172527845,14,9588.47852200302,optimal,optimal,2104.99494924215,1068.2367679482,94.21086239676643,0.4869027646502461,1675.4815799047271,1441.7722801836005,10755.473897499998,1627.264665999258,8.232500535175856,55.524098049999715,40630.942188335415,1,28969.39845504651,0,1.0000339045745932e-07,optimal,optimal,optimal
2025-05-20,ANNUAL REFERENCE ONLY,0.95,0.25,1675.4815799047271,14,1675.4815799047271,optimal,optimal,38878.822121090714,0.0,0.0,14,10128.53287037037,optimal,optimal,528.2935237348638,651.4073846054824,1179.9130323153804,0.5737972755335464,14,6519.470889329784,optimal,optimal,74.91357650488412,126.83056077104396,22.896523709624763,0.6409757704854452,14,9375.873051057548,optimal,optimal,2444.6203033933516,1229.8013525544684,72.65531757783675,0.4864471924874341,1688.9940181081854,1573.198300839456,10800.0,3047.8274036330995,119.6693369865315,462.07456095106096,42388.724085674876,2,29360.084290914216,0,1.0000339045745932e-07,optimal,optimal,optimal
2025-05-21,ANNUAL REFERENCE ONLY,0.95,0.25,1688.9940181081854,14,1688.9940181081854,optimal,optimal,36506.6872826717,0.0,0.0,14,8451.07093445713,optimal,optimal,1180.5988821617193,1399.676858492445,0.0,0.5685082670468646,14,6795.664187679468,optimal,optimal,274.94808314876644,389.03038279808976,930.1866343023033,0.6532667259997932,14,9322.759767210484,optimal,optimal,2557.5073462608875,1319.1807814306035,0.0,0.49013871318365915,1575.2274385047224,1556.3844385626267,9695.3199344182,4013.0543115713735,140.4900793342655,526.657626221314,41046.39922046439,3,28186.97179854886,0,1.0000803740695119e-07,optimal,optimal,optimal
2025-05-22,ANNUAL REFERENCE ONLY,0.95,0.25,1575.2274385047224,14,1575.2274385047224,optimal,optimal,36936.306686839074,0.0,0.0,14,9381.350084901998,optimal,optimal,-262.10644920511623,48.31857868215002,903.6599178018758,0.591923604047443,14,7601.394518235332,optimal,optimal,-347.35980668768826,0.0,716.7639370746888,0.6250893073790399,14,9774.569430417694,optimal,optimal,1828.6029993456573,927.2335481395984,-1.1368683772161603e-13,0.4967499063622417,1360.1788569908074,1360.1788569908074,10640.903214531627,1219.136743452853,106.15458770014894,387.5147473199263,38542.95817761185,4,30721.334363010705,0,1.0001531336456537e-07,optimal,optimal,optimal
2025-05-23,ANNUAL REFERENCE ONLY,0.95,0.25,1360.1788569908074,14,1360.1788569908074,optimal,optimal,15243.842279082099,0.0,0.0,14,2089.9644813599907,optimal,optimal,-25.101419378809474,0.0,48.23193810802569,0.6286188202783171,14,9428.706263705419,optimal,optimal,128.60991334408496,196.5855753822709,0.0,0.5954141752638227,14,9400.584808545764,optimal,optimal,1923.4916852145152,1029.0137700619748,2.2737367544323206e-13,0.5052994604995769,1604.2818290422654,1360.1788569908074,9447.96904524978,2027.0001791797906,1.4575805221033118e-07,2.999995714356828e-07,17270.84245856189,0,20116.62620619784,0,1.0000803740695119e-07,optimal,optimal,optimal
2025-05-24,ANNUAL REFERENCE ONLY,0.95,0.25,1604.2818290422654,14,1604.2818290422654,optimal,optimal,16012.910408284488,0.0,0.0,14,1837.1472970593943,optimal,optimal,-375.7064250682448,0.0,715.9406603241816,0.6142470598441125,14,9127.983543314731,optimal,optimal,-32.98719737014912,99.8085244040532,189.60306327657372,0.5634376313290766,14,9646.330436891638,optimal,optimal,1813.1130223403284,1023.7420912418901,0.0,0.5062499574038256,1674.0568381434914,1240.6715933556907,9693.71618793494,1404.4193999019344,1.0845211726899371e-07,2.9999872102639525e-07,17417.329808486422,0,19366.57016851274,0,1.0000030670198612e-07,optimal,optimal,optimal
2025-05-25,ANNUAL REFERENCE ONLY,0.95,0.25,1674.0568381434914,14,1674.0568381434914,optimal,optimal,37216.71671298027,0.0,0.0,14,9862.812304876546,optimal,optimal,-694.3693292040415,211.72504339655055,3463.8037860440186,0.6349394761297966,14,9228.925158195132,optimal,optimal,-85.10256717553497,0.0,149.00967958390135,0.5513013261352812,14,9668.108814569045,optimal,optimal,2028.4303333843518,1022.9543546034341,0.0,0.4863585004275528,1519.4251814399781,1431.3328408057293,10800.0,1248.9584370047753,127.17914744013306,629.3042969146085,39094.979446899655,6,28641.188416281624,0,1.0000007932831068e-07,optimal,optimal,optimal
2025-05-26,ANNUAL REFERENCE ONLY,0.95,0.25,1519.4251814399781,14,1519.4251814399781,optimal,optimal,36468.00319229705,0.0,0.0,14,9366.26546697182,optimal,optimal,-403.0314180729016,5.564814814814895,900.6972913828167,0.6219222320018284,14,4507.971293638488,optimal,optimal,1242.3630261298094,1757.9634338697333,0.0,0.5518940192800226,14,10049.185946641464,optimal,optimal,1129.39032034812,572.4465350411023,0.0,0.4973434985470992,1393.1347734024514,1350.5909059185005,10603.826948453301,1968.721928405028,118.60342671974892,454.8991864744097,38891.62430717649,5,33335.15355816474,0,1.0000132124332596e-07,optimal,optimal,optimal
2025-05-27,ANNUAL REFERENCE ONLY,0.95,0.25,1393.1347734024514,14,1393.1347734024514,optimal,optimal,34454.35567917339,0.0,0.0,14,6813.430310000003,optimal,optimal,1628.4963636361113,2101.2312229651743,0.0,0.6357303952212594,14,5861.698040578423,optimal,optimal,-347.1939742615393,28.454853392504088,1155.4777176188263,0.5838652431269783,14,10160.32446464358,optimal,optimal,700.627877478188,383.9605181250526,0.0,0.4886651889197987,1237.054999597691,1237.054999597691,10200.21372390284,1981.9302668527598,1.8841177054251125e-07,4.0000020870393197e-07,36436.28594642616,0,31783.84057376621,0,1.0000020870393201e-07,optimal,optimal,optimal
2025-05-28,ANNUAL REFERENCE ONLY,0.95,0.25,1237.054999597691,14,1237.054999597691,optimal,optimal,38036.336248384956,0.0,0.0,14,9967.458262479176,optimal,optimal,-538.8184729767985,205.3179712476486,3164.0668844373317,0.5908321569580908,14,6453.049030307248,optimal,optimal,-227.1427111398205,361.3958368095009,2513.7103222548894,0.5951818170057571,14,10193.248611381823,optimal,optimal,892.2769960731048,473.44264724991774,0.0,0.4837875310871463,1332.246647519441,1237.054999597691,10664.52585507177,126.31581195648573,1.0899985750005763e-07,3.0000235053885265e-07,38162.65206064144,0,32114.540890872828,0,1.0000275096899713e-07,optimal,optimal,optimal
2025-05-29,ANNUAL REFERENCE ONLY,0.95,0.25,1332.246647519441,14,1332.246647519441,optimal,optimal,37018.75755868071,0.0,0.0,14,9658.287763086417,optimal,optimal,195.9833912455176,217.19859687428618,207.2248565923652,0.5763922328316364,14,7230.816969304545,optimal,optimal,-718.775135949222,45.18749070979692,2894.5577253189817,0.5866434162268607,14,10341.783401673812,optimal,optimal,588.9210893144805,301.1435232472885,1.1368683772161603e-13,0.48108784470784305,1211.9922851004555,1202.241641975309,10348.324211733823,66.12934461077612,537.7753266586402,2542.01588927865,39626.90279257013,16,33237.272068761195,0,1.0000803740695119e-07,optimal,optimal,optimal
2025-05-30,ANNUAL REFERENCE ONLY,0.95,0.25,1211.9922851004555,14,1211.9922851004555,optimal,optimal,14354.055548854703,0.0,0.0,14,2349.2937016666665,optimal,optimal,257.5508907306846,236.71087107742395,92.46496722460692,0.5411803619026859,14,10167.578290223782,optimal,optimal,197.2053055956579,154.78665125200678,89.37445981729991,0.5706245179616362,14,9951.953782784522,optimal,optimal,727.6503652924004,482.03756530419093,0.0,0.4741642960742968,1295.0777737370029,1211.9922851004555,10325.964572470435,1182.406561618743,2.9759447773857736e-07,6.99997992158296e-07,15536.462111173445,0,22180.57164261247,0,1.000001077500201e-07,optimal,optimal,optimal
2025-05-31,ANNUAL REFERENCE ONLY,0.95,0.25,1295.0777737370029,14,1295.0777737370029,optimal,optimal,15993.548752742296,0.0,0.0,14,2843.1807912486047,optimal,optimal,-402.51985855235284,27.874716025495502,962.4515981196671,0.5552075506942729,14,10505.450140137491,optimal,optimal,-126.08807077512287,0.0,282.1827811185078,0.605237812413648,14,10282.974208656833,optimal,optimal,308.1418704283103,189.44605025607126,0.0,0.48422532798077766,1200.00000005197,1200.00000005197,10537.518228966237,-220.46605889916543,59.52514708665154,127.26476447114393,15900.347458314274,1,22634.954960489253,0,1.0000144357036334e-07,optimal,optimal,optimal
2025-06-01,ANNUAL REFERENCE ONLY,0.95,0.25,1200.00000005197,14,1200.00000005197,optimal,optimal,47589.735261643626,0.0,0.0,14,8062.089532314811,optimal,optimal,604.0438779001684,1817.8515743200242,4405.457561412873,0.5666485845600128,14,7131.018690155946,optimal,optimal,-1234.055194119538,0.0,3391.909252008687,0.6415188020531732,14,10338.386135117182,optimal,optimal,756.3819898694065,387.933845281874,0.0,0.4818533196753399,1200.000000050103,1199.9999999999998,10383.792782730616,126.37067365003679,4540.817147767628,20274.84030341651,67990.94623871017,49,35839.78490772259,0,1.0000604788729106e-07,optimal,optimal,optimal
2025-06-02,ANNUAL REFERENCE ONLY,0.95,0.25,1200.000000050103,14,1200.000000050103,optimal,optimal,49013.47394666885,0.0,0.0,14,8384.335413418916,optimal,optimal,-1745.0160154329033,639.6250293680082,7052.192439240702,0.5870249423054743,14,6124.0265438630695,optimal,optimal,3215.902380291976,3237.8529967910963,18.00468904024501,0.6439861693109434,14,8378.927166494279,optimal,optimal,3664.4813009960335,1922.6872950873203,0.0,0.48757590409122953,1277.9061143674262,1200.000000050103,9143.724302307804,5135.367665855107,808.0550219846532,3877.9357091368643,58026.77732166082,14,32633.988148332435,0,1.0000803740695119e-07,optimal,optimal,optimal
2025-06-03,ANNUAL REFERENCE ONLY,0.95,0.25,1277.9061143674262,14,1277.9061143674262,optimal,optimal,46028.440182680686,0.0,0.0,14,8352.011755389904,optimal,optimal,2350.5486122041434,2360.38388724516,2093.8125171109978,0.600796204059773,14,7252.877953112096,optimal,optimal,201.8000470574762,337.41270015603504,692.2542404864686,0.623137584468961,14,8656.986404477526,optimal,optimal,3419.204529503963,1813.4738524114416,52.809386068635476,0.49230641353782917,1389.85754933258,1277.9061143674262,9127.73629242694,5971.5531887655825,116.92072868283405,790.5243047555762,52790.517676201845,4,30075.78393102364,0,1.0000088934702944e-07,optimal,optimal,optimal
2025-06-04,ANNUAL REFERENCE ONLY,0.95,0.25,1389.85754933258,14,1389.85754933258,optimal,optimal,53246.15991171102,0.0,0.0,14,7884.029950290337,optimal,optimal,-3519.85891912714,129.92312898488305,10817.48060717716,0.5954185206083834,14,7547.545781683171,optimal,optimal,1610.359761784238,1466.8165446292514,0.0,0.6221504156147986,14,8727.790485380598,optimal,optimal,3235.2376736847573,1712.936187728682,28.17891966910834,0.50561548891682,1328.096712444908,1200.0000000159275,9420.889387135387,1325.7385163418553,113.83219141533114,787.0215358517174,55358.9199639046,4,30002.267956229818,0,1.0000098882301245e-07,optimal,optimal,optimal
2025-06-05,ANNUAL REFERENCE ONLY,0.95,0.25,1328.096712444908,14,1328.096712444908,optimal,optimal,45174.73489377492,0.0,0.0,14,8044.965190701149,optimal,optimal,1359.6186035920362,1751.891727926863,1925.4699506399043,0.6271448997395878,14,5136.187329790779,optimal,optimal,2894.775703756003,2748.8633140718357,0.0,0.6119180322598419,14,8520.002545350315,optimal,optimal,3587.0593121181428,1875.936711309441,7.784967671187519,0.5039157795352526,1200.0000000519813,1200.0000000159275,8781.651406090004,7841.453619466182,597.3384771941306,3684.8488844336853,56701.03739767479,8,33226.568999948126,0,1.00000761449337e-07,optimal,optimal,optimal
2025-06-06,ANNUAL REFERENCE ONLY,0.95,0.25,1200.0000000519813,14,1200.0000000519813,optimal,optimal,22351.30819956617,0.0,0.0,14,2879.159543279905,optimal,optimal,-473.44828852078274,48.41135342253622,1180.670653699757,0.6491237145562508,14,6919.1815879327,optimal,optimal,-281.3468912209363,1.8858205059818829,639.7052047722062,0.6193737432473572,14,8639.809562493763,optimal,optimal,3688.6900546650973,1929.0764156876949,0.0,0.5068166741019111,1535.7051591215545,1200.0000000159275,8639.809562493763,2933.894874923378,2247.2264009359756,10803.670305863357,36088.8733803529,20,20660.219429945282,0,1.0000434258472524e-07,optimal,optimal,optimal
2025-06-07,ANNUAL REFERENCE ONLY,0.95,0.25,1535.7051591215545,14,1535.7051591215545,optimal,optimal,22701.284179007078,0.0,0.0,14,5844.735038755196,optimal,optimal,-714.6821595354493,0.0,2025.7267281153304,0.630734207783951,14,7243.4433617919885,optimal,optimal,490.21267257397443,416.0351189986649,332.14308267980357,0.619506135247758,14,8663.133231467495,optimal,optimal,3817.565622848284,2121.7317871834302,0.0,0.5075122047091997,1640.4006655807957,1200.0000000159278,8663.133231467495,3593.096135886809,1695.573440064478,8635.100841426887,34929.48115632078,16,20199.59306644053,0,1.0001167538575828e-07,optimal,optimal,optimal
2025-06-08,ANNUAL REFERENCE ONLY,0.95,0.25,1640.4006655807957,14,1640.4006655807957,optimal,optimal,47365.01790495064,0.0,0.0,14,9879.346319455255,optimal,optimal,555.0954492844459,890.541808122105,904.573954492693,0.6311028432083742,14,8201.754495888425,optimal,optimal,97.7963675255575,248.32488666013916,727.0489836029403,0.5873036668672389,14,9337.269421896997,optimal,optimal,2729.2666067966193,1528.8847202299773,0.0,0.5185860629251362,1780.5602999383068,1201.0033148472173,10568.398171307106,3382.158423606623,121.01960683266626,816.2167372128755,51563.39306577014,1,29140.4960402773,0,1.0000803740695119e-07,optimal,optimal,optimal
2025-06-09,ANNUAL REFERENCE ONLY,0.95,0.25,1780.5602999383068,14,1780.5602999383068,optimal,optimal,53623.73698885097,0.0,0.0,14,9280.661095057927,optimal,optimal,-1004.4718842832453,0.0,2467.283142979027,0.6421747253364459,14,8177.013559857242,optimal,optimal,-217.10266855853195,0.0,661.1572706136919,0.5550189168663944,14,9337.269421896997,optimal,optimal,2539.6514892774035,1262.1163828261601,1.8318529807329467,0.5076792954802422,1660.2440840771221,1200.000000015928,10262.388719623294,1318.076936435626,237.4475064430205,1616.939621916007,56558.7535472026,2,32937.81696644093,0,1.0000420058986493e-07,optimal,optimal,optimal
2025-06-10,ANNUAL REFERENCE ONLY,0.95,0.25,1660.2440840771221,14,1660.2440840771221,optimal,optimal,50409.95233830165,0.0,0.0,14,10100.721406944444,optimal,optimal,487.01830116534137,826.078021506801,353.08256467545516,0.6359704973850039,14,5834.797220309732,optimal,optimal,2059.6660131389976,2075.7851185219724,70.7931599194942,0.5514512131454722,14,9337.269421896997,optimal,optimal,2793.259897800332,1558.7996924854392,0.0,0.5001111296016376,1666.3099987103915,1333.8839875216797,10782.4269625,5339.94421210467,5.443254315401057e-07,1.8000587112382161e-06,55749.89655220638,0,35560.36559784584,0,1.0000420058986493e-07,optimal,optimal,optimal
2025-06-11,ANNUAL REFERENCE ONLY,0.95,0.25,1666.3099987103915,14,1666.3099987103915,optimal,optimal,54687.081316124124,0.0,0.0,14,10050.490914074075,optimal,optimal,1167.827131724454,1839.9572302102742,701.290905440379,0.6599042917744563,14,5204.883977822303,optimal,optimal,218.81508356143254,301.0921442427701,253.20971056427567,0.5395194116416968,14,9337.269421897,optimal,optimal,2649.9467920193338,1492.8472984006996,0.0,0.48826100731901323,1623.7837649389157,1200.0,10774.57934,4036.5890073052205,562.5025336796507,2582.8903699848547,61306.5606934142,10,39252.22227625408,0,1.0000339045745932e-07,optimal,optimal,optimal
2025-06-12,ANNUAL REFERENCE ONLY,0.95,0.25,1623.7837649389157,14,1623.7837649389157,optimal,optimal,53434.014116439306,0.0,0.0,14,10039.324085989441,optimal,optimal,804.6036324999109,1282.4650566521823,271.9056769722152,0.6301193606221761,14,7536.816034920303,optimal,optimal,-306.03838433239184,0.0,751.4405656362478,0.5744243290526387,14,9337.145217533583,optimal,optimal,2743.4320997440227,1530.6238574833949,0.0,0.5018332704546623,1604.8954726378108,1440.3363536552424,10791.006956359812,3241.9973479115415,5.81809799083645e-07,2.0000112816645923e-06,56676.01146635086,0,34688.2570733625,0,1.0000420058986493e-07,optimal,optimal,optimal
2025-06-13,ANNUAL REFERENCE ONLY,0.95,0.25,1604.8954726378108,14,1604.8954726378108,optimal,optimal,23664.76460537986,0.0,0.0,14,4125.747516313273,optimal,optimal,-713.5325524214138,0.0,1681.0387533882,0.6242399681456574,14,7073.1312501243065,optimal,optimal,203.59108988599618,199.8469289926336,308.2616724230169,0.5669753230324613,14,8715.08256462825,optimal,optimal,3811.5758911867297,2112.5110641304927,0.0,0.5099189288390025,1604.0118480915414,1200.0000000159275,8715.08256462825,3301.634428651312,1132.4076359274802,5362.030950387534,32328.429984418704,15,20018.663038091618,0,1.0000593420045334e-07,optimal,optimal,optimal
2025-06-14,ANNUAL REFERENCE ONLY,0.95,0.25,1604.0118480915414,14,1604.0118480915414,optimal,optimal,23765.096577262408,0.0,0.0,14,3591.144465551844,optimal,optimal,-402.1752896833648,0.0,918.3187959303989,0.6235149057632725,14,6921.300460935406,optimal,optimal,-248.10104977916563,0.0,564.3122616909465,0.5762993327995513,14,8735.293532048676,optimal,optimal,3606.526184318115,1858.8197334789438,0.0,0.5132157683447175,1536.8186736796356,1200.000000015928,8735.293532048676,2956.249844855585,1069.0099259399956,5001.098617660805,31722.4450397788,14,19191.614729736102,0,1.0001286909755436e-07,optimal,optimal,optimal
2025-06-15,ANNUAL REFERENCE ONLY,0.95,0.25,1536.8186736796356,14,1536.8186736796356,optimal,optimal,52415.42996338458,0.0,0.0,14,10108.6604475,optimal,optimal,2610.2281277298384,3793.855867502522,511.98918035059006,0.6146972657557176,14,6160.7582718967915,optimal,optimal,1017.4607903215294,1096.508034734152,116.89354776033485,0.5517131793820905,14,9336.918736019337,optimal,optimal,2616.162350932852,1476.1078500375945,0.0,0.5184838190839023,1487.8402054002056,1370.4549105488272,10793.7604475,6243.85126898422,4.5830217629816743e-07,1.6999714236812451e-06,58659.28123406877,0,37867.19616879194,0,1.0000415471722592e-07,optimal,optimal,optimal
2025-06-16,ANNUAL REFERENCE ONLY,0.95,0.25,1487.8402054002056,14,1487.8402054002056,optimal,optimal,54583.344343397526,0.0,0.0,14,9955.228417106831,optimal,optimal,1875.272616090778,2725.2514302418203,418.42931732153835,0.6193389243829498,14,5705.631024878541,optimal,optimal,389.8038346614492,538.8260520527651,322.0862531292764,0.5741348667196463,14,9398.767174658462,optimal,optimal,2684.7500566014337,1528.1395981002615,0.0,0.513763216558851,1626.5087225360417,1200.0,10765.8699325,4949.82650735366,216.3590960361212,1056.4996038523734,60589.67045460356,5,38505.0493640623,0,1.0002986527979374e-07,optimal,optimal,optimal
2025-06-17,ANNUAL REFERENCE ONLY,0.95,0.25,1626.5087225360417,14,1626.5087225360417,optimal,optimal,55469.579559649574,0.0,0.0,14,10088.136221759258,optimal,optimal,2657.397967510558,3579.8024295765263,424.5082759044693,0.5949626481298967,14,6681.077026813016,optimal,optimal,209.40470339481246,337.8958700822669,283.4123686519065,0.5631299982467897,14,9398.334601576753,optimal,optimal,2627.2859527880855,1522.0544468751666,1.1368683772161603e-13,0.5658927919111729,1687.631410072104,1620.6578636917363,10782.426962499998,5494.088623693456,3.212096009565553e-07,1.2999791336084854e-06,60963.66818464301,0,37815.86224955932,0,1.0000803740695119e-07,optimal,optimal,optimal
2025-06-18,ANNUAL REFERENCE ONLY,0.95,0.25,1687.631410072104,14,1687.631410072104,optimal,optimal,55816.44827167426,0.0,0.0,14,10128.018166203703,optimal,optimal,2684.3986669832666,3589.0708723097764,381.8435440849963,0.6020235205475214,14,7919.448219661304,optimal,optimal,-833.4880180405886,0.47033195142557815,2302.9835303522154,0.5498425464571668,14,9398.613395145147,optimal,optimal,2739.398392498252,1577.396666312401,0.0,0.5630220884129864,1763.350736668241,1687.631410072104,10800.0,4590.309041440931,2.914647686835991e-07,8.999948774724317e-07,60406.75731401518,0,34523.41742787167,0,1.0000343513638653e-07,optimal,optimal,optimal
2025-06-19,ANNUAL REFERENCE ONLY,0.95,0.25,1763.350736668241,14,1763.350736668241,optimal,optimal,52875.05109676261,0.0,0.0,14,10014.486109577756,optimal,optimal,-1.1069013343091867,127.10856751111396,363.6867261991797,0.5577903607428186,14,7733.782028567595,optimal,optimal,1519.7017381299752,1544.6723457016494,354.97632227211034,0.5989886677092385,14,9398.614988104327,optimal,optimal,2780.9611900738523,1599.2456742843124,0.0,0.5464077990122872,1853.18010537438,1763.350736668241,10729.875979909195,4299.556026869518,2.9355292243238575e-07,9.000276344347186e-07,57174.60712453216,0,30043.90893848901,0,1.0001531336456537e-07,optimal,optimal,optimal
2025-06-20,ANNUAL REFERENCE ONLY,0.95,0.25,1853.18010537438,14,1853.18010537438,optimal,optimal,24618.364602457637,0.0,0.0,14,4197.696093206157,optimal,optimal,167.05693702716522,149.69655417063936,-1.1368683772161603e-13,0.578479287725168,14,6998.1653184247425,optimal,optimal,-19.704703256484983,51.39570171810749,95.88102735900233,0.5815499330392405,14,9164.149341946099,optimal,optimal,2745.66189118487,1429.3724140810536,1.1368683772161603e-13,0.5757366746932912,1835.027544877364,1835.0275448773637,9164.149341946099,2893.0141249555504,14.80724878168418,57.91855346337401,27569.29728087656,1,18019.825242667546,0,1.0000668027032589e-07,optimal,optimal,optimal
2025-06-21,ANNUAL REFERENCE ONLY,0.95,0.25,1835.027544877364,14,1835.027544877364,optimal,optimal,24059.200755929858,0.0,0.0,14,3719.04148597321,optimal,optimal,440.29604973275775,352.4370654637504,0.0,0.5927749342757916,14,7122.680389272783,optimal,optimal,-224.9230536107978,0.0,466.6733380032723,0.5738372418743976,14,9445.59809511157,optimal,optimal,2367.468850044214,1205.9190905800342,0.0,0.559413731876346,1963.7069488354678,1835.027544877364,9445.59809511157,2582.841846166174,4.570899131402299e-07,1.399992784979986e-06,26642.042603496026,0,19226.74805362605,0,1.0000529982789886e-07,optimal,optimal,optimal
2025-06-22,ANNUAL REFERENCE ONLY,0.95,0.25,1963.7069488354678,14,1963.7069488354678,optimal,optimal,47734.36792031831,0.0,0.0,14,10020.58682372959,optimal,optimal,834.6031912017029,648.3131747545548,46.51686412656568,0.5728972797433772,14,5960.987240851477,optimal,optimal,1964.041101051472,2038.1090985683372,0.0,0.570835193695159,14,9672.690357769323,optimal,optimal,1946.8852715548044,995.04126750936,81.87286747271548,0.555524516666299,1731.3409414151297,1719.8977068503364,10673.787366900537,4745.52956380798,3.380951092787964e-07,8.999879103962484e-07,52479.897485026275,0,34069.90931640071,0,1.0000285590194835e-07,optimal,optimal,optimal
2025-06-23,ANNUAL REFERENCE ONLY,0.95,0.25,1731.3409414151297,14,1731.3409414151297,optimal,optimal,49082.875020063584,0.0,0.0,14,10108.193055555555,optimal,optimal,1457.8474026100857,1221.157444096873,96.21299489012675,0.5478457584488032,14,7400.365622677262,optimal,optimal,-113.2292130067263,46.00610399083894,339.85619414159726,0.5619297357762374,14,9717.522582434376,optimal,optimal,1951.448234399209,987.5571499995707,0.0,0.5720722180019336,1786.7400126484963,1731.3409414151297,10800.0,3296.0664240025685,3.439206148281988e-07,1.000010343064605e-06,52378.94144506616,0,33541.97611000543,0,1.0000315205616061e-07,optimal,optimal,optimal
2025-06-24,ANNUAL REFERENCE ONLY,0.95,0.25,1786.7400126484963,14,1786.7400126484963,optimal,optimal,56251.7818607698,0.0,0.0,14,9784.163720502638,optimal,optimal,-55.59602230991472,364.6723558435432,1402.1297855809294,0.5532714297404863,14,7059.761720306515,optimal,optimal,-286.449836607332,0.0,912.2232458934584,0.571298303327644,14,10046.3901291919,optimal,optimal,1032.9275154532777,554.4316918397774,1.1368683772161603e-13,0.5349504933453456,1530.4204851310965,1530.4204851310965,10527.53608161375,690.881656536031,4.6772666147374175e-08,9.999994457102732e-08,56942.66351740583,0,38838.657291159914,0,1.0000803740695119e-07,optimal,optimal,optimal
2025-06-25,ANNUAL REFERENCE ONLY,0.95,0.25,1530.4204851310965,14,1530.4204851310965,optimal,optimal,49260.4251243848,0.0,0.0,14,10098.926867191352,optimal,optimal,2079.82171779941,2181.5693799353885,1388.363363659811,0.5550212135591391,14,8950.660650264876,optimal,optimal,217.95648753384455,466.00849211110426,1361.599474688942,0.571904353746946,14,10027.949556009311,optimal,optimal,1301.7310762266027,679.8434746607887,0.0,0.4999812136413801,1619.1472789926645,1530.4204851310965,10770.143070895056,3599.5092815598573,9.397453453924265e-08,1.9999659075765523e-07,52859.934406144646,0,34379.85036143924,0,1.000012430267816e-07,optimal,optimal,optimal
2025-06-26,ANNUAL REFERENCE ONLY,0.95,0.25,1619.1472789926645,14,1619.1472789926645,optimal,optimal,47467.899868720095,0.0,0.0,14,10096.770582716043,optimal,optimal,1825.1348660358558,1984.7877827520783,62.94838606932524,0.6154476994763852,14,7769.601114860745,optimal,optimal,18.223511929815302,132.25731321010628,299.9914256273703,0.5203880635663166,14,9867.506315755232,optimal,optimal,1346.281115095072,689.83945497472,4.614747173584167,0.5057891811807994,1689.732577878456,1619.1472789926645,10790.595582716043,3189.639493060743,1.4068091467760033e-07,2.99999594624478e-07,50657.53936208084,0,31342.215868954867,0,1.0002258932217956e-07,optimal,optimal,optimal
2025-06-27,ANNUAL REFERENCE ONLY,0.95,0.25,1689.732577878456,14,1689.732577878456,optimal,optimal,21916.01381088722,0.0,0.0,14,3790.583853786913,optimal,optimal,212.5297978412114,167.23596234798777,80.53420780797791,0.6066326695946632,14,8338.690606194321,optimal,optimal,-417.17553904966104,4.78891846733205e-06,968.4559883188565,0.5512498505646977,14,9895.953494541416,optimal,optimal,1252.742200532935,665.139124588473,0.0,0.4697623913490641,1802.9788438253554,1689.732577878456,9895.953494541416,1048.0964593244853,2.1701124905266582e-07,5.999983015252837e-07,22964.110270811703,0,20868.17086331758,0,1.0000053407566156e-07,optimal,optimal,optimal
2025-06-28,ANNUAL REFERENCE ONLY,0.95,0.25,1802.9788438253554,14,1802.9788438253554,optimal,optimal,20761.1853384031,0.0,0.0,14,3183.104475308647,optimal,optimal,30.77640446702859,28.339409605458858,0.0,0.6263606816706172,14,9416.66595618654,optimal,optimal,461.85543960331336,374.6048412215483,0.0,0.5493182795582746,14,10186.916358764462,optimal,optimal,967.1940544865165,513.7149061444871,0.0,0.4702148716167222,1735.471340172712,1735.471340172712,10186.916358764462,1459.8258985568584,1.6778595400780616e-07,7.00033158938095e-07,22221.01123765999,0,21633.00161443784,0,1.0000529982789886e-07,optimal,optimal,optimal
2025-06-29,ANNUAL REFERENCE ONLY,0.95,0.25,1735.471340172712,14,1735.471340172712,optimal,optimal,44304.70387507326,0.0,0.0,14,9456.545434135807,optimal,optimal,949.8114463312797,987.7390620468461,1022.7745992857413,0.6246779494178623,14,6647.482706197078,optimal,optimal,1351.4607801493928,1584.9790959797265,0.0,0.5793197463728676,14,10714.873596376234,optimal,optimal,57.351400137190645,46.08426919789781,38.15624774840472,0.4645075981095681,1286.205476690162,1275.4012788131213,10778.836582943704,2358.623626617863,663.6356239165533,2510.030731845224,49173.358233536346,11,35607.55124725325,0,1.0001531336456537e-07,optimal,optimal,optimal
2025-06-30,ANNUAL REFERENCE ONLY,0.95,0.25,1286.205476690162,14,1286.205476690162,optimal,optimal,50369.24684290342,0.0,0.0,14,10039.720411111106,optimal,optimal,-775.1318826673507,235.81289710769784,3088.353475059609,0.6433867460932854,14,6085.864240668183,optimal,optimal,-221.87603608373405,119.53539815291197,817.9812276013266,0.6233322134458623,14,10661.821287888799,optimal,optimal,44.9357844673024,187.4960251824743,110.91094791847547,0.456541570106709,1200.0000000519697,1200.0000000519697,10800.000000000002,-952.0721342837825,209.8522791229833,678.5500714572054,50095.72478007684,4,37248.65610902631,0,1.0002258932217956e-07,optimal,optimal,optimal
2025-07-01,ANNUAL REFERENCE ONLY,0.95,0.25,1200.0000000519697,14,1200.0000000519697,optimal,optimal,43808.932812806335,0.0,0.0,14,7812.491165708045,optimal,optimal,1512.2880743371338,1594.9774346929375,35.38308724951867,0.6223888745227221,14,3235.708071239504,optimal,optimal,1147.2233828137862,1260.3517178790412,89.0310052363227,0.6339064583071483,14,10297.038851936673,optimal,optimal,498.6767404474769,369.22797536941846,0.0,0.4503187111115669,1200.000000050103,1200.0,10320.336374727787,3158.188197598397,10143.193326505989,39971.516560237,86938.63757064173,73,38486.606016643804,0,1.0000553629652131e-07,optimal,optimal,optimal
2025-07-02,ANNUAL REFERENCE ONLY,0.95,0.25,1200.000000050103,14,1200.000000050103,optimal,optimal,49313.15218301337,0.0,0.0,14,8623.998415949387,optimal,optimal,168.30895229161902,264.50747199585965,95.39447875156543,0.6318581878861456,14,3939.9799959515317,optimal,optimal,2022.7868383790185,2113.071721085639,111.32003572359577,0.6565159889571802,14,9531.39591595675,optimal,optimal,2167.642323789619,1075.9608590190205,0.0,0.4807376963185259,1287.9253200368992,1200.000000015928,9539.272441134777,4358.738114460257,564.0602677183214,3190.6169694207856,56862.50726689441,15,34906.50899865565,0,1.00000761449337e-07,optimal,optimal,optimal
2025-07-03,ANNUAL REFERENCE ONLY,0.95,0.25,1287.9253200368992,14,1287.9253200368992,optimal,optimal,54929.13990522473,0.0,0.0,14,8455.041909447857,optimal,optimal,2672.1987316919685,2489.00560103922,1091.6273581514836,0.6293130427185609,14,8125.836138220462,optimal,optimal,-652.1339865082199,55.734445686380695,2376.5129720472905,0.6484613479486222,14,9005.23316065194,optimal,optimal,3213.753506834727,1604.821754136156,-4.547473508864641e-13,0.48495836823884836,1240.5236325365522,1200.0000000225127,9813.272316043569,5233.8182520184755,1391.4456780305482,3620.921707434559,63783.879864677765,19,35010.076486582606,0,1.0000343513638653e-07,optimal,optimal,optimal
2025-07-04,ANNUAL REFERENCE ONLY,0.95,0.25,1240.5236325365522,14,1240.5236325365522,optimal,optimal,23416.047309345606,0.0,0.0,14,2481.0833509736585,optimal,optimal,706.8737944013965,555.0041572759727,3.410605131648481e-13,0.6117813098637833,14,8908.475540261046,optimal,optimal,72.8773090450993,106.81136369185458,45.65994384117443,0.6291220723833791,14,8855.60994792026,optimal,optimal,3396.1465394832053,1741.2802758211833,67.28167205697324,0.4768004473645112,1200.0000000519813,1200.0000000159275,8972.882900301049,4175.897642929701,843.980161083393,4366.702992823219,31958.647945098524,15,21176.760947076287,0,1.000043994281441e-07,optimal,optimal,optimal
2025-07-05,ANNUAL REFERENCE ONLY,0.95,0.25,1200.0000000519813,14,1200.0000000519813,optimal,optimal,24808.558065047724,0.0,0.0,14,3318.498298999307,optimal,optimal,-310.00704386270877,0.0,699.6716751020435,0.5799769342284965,14,7363.02187011028,optimal,optimal,415.01793221707635,317.5967465536036,0.0,0.62099626206334,14,8390.708175173122,optimal,optimal,4316.401787953042,2173.307814125789,0.0,0.47722337628354167,1235.7025198733434,1200.0000000159278,8390.708175173122,4421.412676307409,1800.3233320149473,8810.060975912193,38040.031717267324,15,20830.931859693228,0,1.000043994281441e-07,optimal,optimal,optimal
2025-07-06,ANNUAL REFERENCE ONLY,0.95,0.25,1235.7025198733434,14,1235.7025198733434,optimal,optimal,52527.208047162654,0.0,0.0,14,8882.403555075949,optimal,optimal,3507.8388440334834,4152.107638147146,98.95795842184027,0.602757847203642,14,4409.573573606406,optimal,optimal,2509.093720544409,2280.920212356752,15.754308737545216,0.6149385538492571,14,9127.844571059204,optimal,optimal,3037.141549477622,1525.5079354610002,0.0,0.4995744855278361,1284.3579008907886,1200.0,9689.242937753068,9054.074114055515,1162.436733140872,6574.720282316702,68156.00244353488,14,37161.08712156955,0,1.0000110250985017e-07,optimal,optimal,optimal
2025-07-07,ANNUAL REFERENCE ONLY,0.95,0.25,1284.3579008907886,14,1284.3579008907886,optimal,optimal,53949.624715030455,0.0,0.0,14,9137.183146395126,optimal,optimal,-1904.375037337188,0.0,5556.13139186859,0.5892678260807079,14,5169.267625496955,optimal,optimal,3405.484804554238,3289.606768136583,68.80331608652716,0.5702832642182791,14,8998.306657390822,optimal,optimal,3065.0922924875263,1575.1939122637968,0.0,0.4902076745875216,1356.7250478266333,1200.0000000159275,9849.380877837672,4566.202059704577,408.568229152335,2781.2111806687826,61297.037955403815,3,33553.46947465246,0,1.000049660433433e-07,optimal,optimal,optimal
2025-07-08,ANNUAL REFERENCE ONLY,0.95,0.25,1356.7250478266333,14,1356.7250478266333,optimal,optimal,62542.99499308971,0.0,0.0,14,9749.351499309825,optimal,optimal,-2230.7471935436424,130.49287672691514,6721.571463722899,0.6014441198810454,14,7438.673349240231,optimal,optimal,420.01320054200687,365.5083076431302,138.4119037196101,0.5318654791787983,14,8998.30665739082,optimal,optimal,3174.6628388270096,1595.7140628986433,0.0,0.4955390161746349,1866.6118564159244,1255.2443558954617,10504.163999309825,1363.928845825374,3.9908830953587663e-07,1.4000067530048e-06,63906.92384031509,0,32891.860926589536,0,1.0000420058986493e-07,optimal,optimal,optimal
2025-07-09,ANNUAL REFERENCE ONLY,0.95,0.25,1866.6118564159244,14,1866.6118564159244,optimal,optimal,61723.633747007785,0.0,0.0,14,9638.997428148148,optimal,optimal,-1850.8309609586734,50.45655073007504,5192.674379271919,0.604398050773774,14,8547.896222297737,optimal,optimal,-264.1088050352927,193.96193006895362,1827.546555649598,0.520608619646706,14,8998.30665739082,optimal,optimal,3170.401584578608,1599.4961904383658,0.0,0.5072446008422778,1793.8737900773729,1393.347255211442,10361.87428,1055.461818584642,2.685000437897605,18.10092899998182,62797.196494592405,1,30436.051272463035,0,1.0000803740695119e-07,optimal,optimal,optimal
2025-07-10,ANNUAL REFERENCE ONLY,0.95,0.25,1793.8737900773729,14,1793.8737900773729,optimal,optimal,57482.6348654381,0.0,0.0,14,10009.159191759256,optimal,optimal,-512.215138733521,569.1132668518782,3971.718260271443,0.5934121845975558,14,5249.656322005431,optimal,optimal,1965.0098478217328,2006.9739101622981,1.1368683772161603e-13,0.5607540624811105,14,8998.306657390822,optimal,optimal,3150.442091057782,1588.0544477336332,0.0,0.5070689334858468,1741.6989171242546,1202.0252317891232,10741.649932499997,4603.236800145994,5.221838638880775e-07,1.8000031857022805e-06,62085.8716673841,0,32934.50260261937,0,1.0002986527979374e-07,optimal,optimal,optimal
2025-07-11,ANNUAL REFERENCE ONLY,0.95,0.25,1741.6989171242546,14,1741.6989171242546,optimal,optimal,30281.191489849305,0.0,0.0,14,5791.165779317478,optimal,optimal,-275.3008415543446,7.154225296623906e-07,787.3402786562289,0.5926042405347488,14,6302.675801064716,optimal,optimal,-326.17958078094705,0.0,741.0512675008528,0.5693215717201286,14,8396.431887861787,optimal,optimal,4218.6007427226095,2162.6781998597207,0.0,0.508539228862091,1694.1283929241708,1409.5545996082228,8396.431887861787,3617.120320387318,559.994038691122,2630.0870093600406,36528.39881959666,11,20089.674869648232,0,1.0001531336456537e-07,optimal,optimal,optimal
2025-07-12,ANNUAL REFERENCE ONLY,0.95,0.25,1694.1283929241708,14,1694.1283929241708,optimal,optimal,28616.6769638259,0.0,0.0,14,5353.905441152228,optimal,optimal,752.5744516480582,589.8985517467733,0.0,0.606576767075662,14,6377.660366951877,optimal,optimal,367.591356738699,312.61966269566165,0.0,0.5806300519809174,14,8508.307002420148,optimal,optimal,4081.4337196133447,2060.540055820381,0.0,0.5085334659069823,1676.9008032775678,1200.0000000159275,8508.307002420148,5201.5995280001025,516.9328446039249,2566.187295291192,36384.463787117194,10,19696.481145978836,0,1.000043994281441e-07,optimal,optimal,optimal
2025-07-13,ANNUAL REFERENCE ONLY,0.95,0.25,1676.9008032775678,14,1676.9008032775678,optimal,optimal,61884.09568826513,0.0,0.0,14,10064.354166666664,optimal,optimal,-3000.2786310768583,0.0,7981.279939533058,0.6267020258670438,14,6791.558545100222,optimal,optimal,-576.4417770313676,0.0,1374.767755318243,0.5668323577579993,14,8998.306657390822,optimal,optimal,3133.162493867035,1617.482339840969,0.0,0.4905380460918264,1606.041738902601,1200.0000000159278,10799.999999999998,-443.5579142411907,91.23744957157894,632.7871274017698,62073.32490142571,2,31165.11777179828,0,1.0003714123740792e-07,optimal,optimal,optimal
2025-07-14,ANNUAL REFERENCE ONLY,0.95,0.25,1606.041738902601,14,1606.041738902601,optimal,optimal,57580.471814471544,0.0,0.0,14,10029.172685185187,optimal,optimal,-1733.4581974232651,147.3705671289935,5647.614968910631,0.6450013501404055,14,7411.886947248906,optimal,optimal,629.3597625253602,590.7250914999579,99.84643713846935,0.5834369520900139,14,8926.608898149609,optimal,optimal,3306.220087807919,1674.7341366543872,0.0,0.48453850799441545,1558.562325974864,1200.000000015928,10800.000000000002,2202.121652910014,230.90084497994957,1566.3491560331063,61348.94262341467,2,30315.01337705364,0,1.0000420058986493e-07,optimal,optimal,optimal
2025-07-15,ANNUAL REFERENCE ONLY,0.95,0.25,1558.562325974864,14,1558.562325974864,optimal,optimal,65591.5364763474,0.0,0.0,14,10036.193055555555,optimal,optimal,-2424.739218828386,224.7319047390538,7735.866472475932,0.6506489292797772,14,8433.35180334893,optimal,optimal,-370.4169347571565,1.5864451370362076e-06,1185.5851933689719,0.6088113474966974,14,8998.306657390818,optimal,optimal,3148.01970626234,1604.050729618646,0.0,0.5101322637149865,1504.5147710349024,1504.5147710349024,10800.0,352.86355267679755,2.1415204543347997e-07,7.999787705031507e-07,65944.40002982417,0,30134.84763373599,0,1.0000420058986493e-07,optimal,optimal,optimal
2025-07-16,ANNUAL REFERENCE ONLY,0.95,0.25,1504.5147710349024,14,1504.5147710349024,optimal,optimal,63998.08319543257,0.0,0.0,14,9935.46574074074,optimal,optimal,-2357.832213915478,0.0,6188.876544584546,0.6311860433981887,14,7917.011403304071,optimal,optimal,793.0428728713371,882.2025450445864,43.06649526584043,0.5807522912369402,14,8998.306657490819,optimal,optimal,3013.122676618047,1565.821881291482,0.0,0.5069650481154939,1582.5881070801638,1504.5147710349024,10799.999999999998,1448.3333355739062,1.3931934922043794e-07,5.999846822400286e-07,65446.41653160646,0,29022.571971882244,0,1.0000420058986493e-07,optimal,optimal,optimal
2025-07-17,ANNUAL REFERENCE ONLY,0.95,0.25,1582.5881070801638,14,1582.5881070801638,optimal,optimal,62452.04552069713,0.0,0.0,14,10019.576851851849,optimal,optimal,-368.74494159870727,488.2423442069099,2729.3316956496465,0.6472194924808269,14,8173.369418637551,optimal,optimal,298.4157251461795,287.2769605723511,297.8196745725933,0.5804425848915047,14,8998.30665739082,optimal,optimal,3158.4872702559287,1594.6403165606735,0.0,0.4855623145837197,1700.8766483249387,1582.5881070801638,10799.999999999996,3088.158053803401,1.3025268350586733e-07,4.999775302446323e-07,65540.2035750005,0,29846.119567808142,0,1.0001531336456537e-07,optimal,optimal,optimal
2025-07-18,ANNUAL REFERENCE ONLY,0.95,0.25,1700.8766483249387,14,1700.8766483249387,optimal,optimal,36636.38582801151,0.0,0.0,14,8993.966633417896,optimal,optimal,-925.9402885587197,33.92761390636588,2955.9053198768465,0.6665750117721818,14,7596.342540914463,optimal,optimal,-524.045122405269,5.798957141145422e-07,1343.0496514632937,0.5893982797533883,14,8998.306657390822,optimal,optimal,3184.061072443296,1641.2771812288224,0.0,0.48855617495764103,1802.5416489168178,1700.8766483249387,9792.98972597156,1734.0756614793072,1.7693426931653466e-07,5.999984134566147e-07,38370.46149009081,0,18886.48938765408,0,1.0000420058986493e-07,optimal,optimal,optimal
2025-07-19,ANNUAL REFERENCE ONLY,0.95,0.25,1802.5416489168178,14,1802.5416489168178,optimal,optimal,35876.85233534401,0.0,0.0,14,7137.875280848605,optimal,optimal,-1359.3597453373957,41.47357646686385,4003.652769887258,0.6808718762423347,14,6134.917198691423,optimal,optimal,52.89208368598262,86.7800974452183,174.32446897589537,0.5993598314486152,14,8916.930537120192,optimal,optimal,3308.4833145674447,1643.0389217690129,0.0,0.5057960428083532,1949.3068375626804,1802.5416489168178,8916.930537120192,2002.0156529160317,1.3625920212900973e-07,4.999937747427792e-07,37878.86798876004,0,17618.100976018097,0,1.0000803740695119e-07,optimal,optimal,optimal
2025-07-20,ANNUAL REFERENCE ONLY,0.95,0.25,1949.3068375626804,14,1949.3068375626804,optimal,optimal,65078.8051949401,0.0,0.0,14,10059.50925925926,optimal,optimal,-1829.3550560566082,0.0,5341.786764080684,0.6443010835617982,14,10108.397897016743,optimal,optimal,-1284.458318290105,47.425708182398466,4998.521350575328,0.6141895715509814,14,9290.353757014569,optimal,optimal,2737.829407837481,1361.433822524202,0.0,0.5064420781720695,2029.488807778553,1949.3068375626804,10800.0,-375.98396650923223,2.519887416330538e-07,8.000138587864966e-07,64702.82122923088,0,28457.420725598597,0,1.0001525652114651e-07,optimal,optimal,optimal
2025-07-21,ANNUAL REFERENCE ONLY,0.95,0.25,2029.488807778553,14,2029.488807778553,optimal,optimal,61580.53229069694,0.0,0.0,14,9932.350597222221,optimal,optimal,-607.0465118391013,798.9067794844117,3725.346452778141,0.6194333230147602,14,8948.032506043304,optimal,optimal,-463.0274449814178,27.478100265333296,1829.6927559947458,0.629078853246667,14,8799.355487228784,optimal,optimal,3369.3131062567186,1739.5899119989435,0.0,0.5134354369374285,2026.197605870474,2001.5048837641798,10705.090874999998,2299.2391494361996,2.0766542786268057e-07,8.000126191385789e-07,63879.77144093315,0,28029.575791291256,0,1.0000413749366999e-07,optimal,optimal,optimal
2025-07-22,ANNUAL REFERENCE ONLY,0.95,0.25,2026.197605870474,14,2026.197605870474,optimal,optimal,58287.391299840514,0.0,0.0,14,9880.413398382465,optimal,optimal,1471.4552914526514,1387.8884070827548,609.7811959193878,0.5993431724678634,14,8842.912281108316,optimal,optimal,-1517.0439306183623,0.0,4767.063164942039,0.6384158458164514,14,9733.14679730391,optimal,optimal,1673.4338456137295,881.6811642914055,0.0,0.5052835955299944,1677.1769339440118,1667.3341772222766,10679.455528012095,1627.8452064480186,3.7446130415634163e-07,9.000157993071298e-07,59915.23650718854,0,31655.823104382765,0,1.0002258932217956e-07,optimal,optimal,optimal
2025-07-23,ANNUAL REFERENCE ONLY,0.95,0.25,1677.1769339440118,14,1677.1769339440118,optimal,optimal,65630.29830784192,0.0,0.0,14,9667.720218706692,optimal,optimal,-3591.4134528996083,6.989054363012315,10325.537226790047,0.5532181002391109,14,7755.039136939964,optimal,optimal,-1054.3772368494251,0.0,3513.932173897678,0.6827085152670207,14,9678.644151194629,optimal,optimal,1598.8568766810033,799.018680920394,0.0,0.5064264684426584,1647.1384492886566,1647.1384492886566,10422.652163151137,-3046.9338130680308,2.3313622541556066e-07,6.000044952727875e-07,62583.36449537389,0,33607.317227346546,0,1.00000761449337e-07,optimal,optimal,optimal
2025-07-24,ANNUAL REFERENCE ONLY,0.95,0.25,1647.1384492886566,14,1647.1384492886566,optimal,optimal,64905.76224162286,0.0,0.0,14,9965.501851851852,optimal,optimal,-3030.6787212976783,0.0,8723.235466969882,0.5681151815794115,14,8473.332313943898,optimal,optimal,-1259.984570200599,0.0,3942.563439457351,0.6722880502106728,14,9699.724258638013,optimal,optimal,1644.0246033895305,821.9437025107809,0.0,0.5175804121251129,1751.1268024326869,1647.1384492886566,10800.0,-2646.638688108747,3.4804600605153265e-07,8.000205676608857e-07,62259.12355431414,0,32869.07619943007,0,1.0000803740695119e-07,optimal,optimal,optimal
2025-07-25,ANNUAL REFERENCE ONLY,0.95,0.25,1751.1268024326869,14,1751.1268024326869,optimal,optimal,28376.70942724157,0.0,0.0,14,4592.159179272534,optimal,optimal,38.016639757511385,112.60959768052898,344.3913041777813,0.5879387658426031,14,7904.509810761014,optimal,optimal,-303.16509956172393,0.0,687.1049095900304,0.6771507577489974,14,9587.841551729985,optimal,optimal,1767.5786010361487,880.9484283855996,0.0,0.520445022069929,1843.6594473945577,1751.1268024326869,9587.841551729985,1502.4301412319362,1.677375862474809e-07,7.000117021154438e-07,29879.13956917352,0,20054.426982725327,0,1.0000803740695119e-07,optimal,optimal,optimal
2025-07-26,ANNUAL REFERENCE ONLY,0.95,0.25,1843.6594473945577,14,1843.6594473945577,optimal,optimal,29382.937727814133,0.0,0.0,14,6074.348878725238,optimal,optimal,89.60053258270726,243.25040830653043,1189.5839006733008,0.5524001479890683,14,8010.592260605288,optimal,optimal,-193.32253628240014,4.867692192266478e-06,441.0531425433265,0.6929331862144068,14,9598.546629485303,optimal,optimal,1948.9920695140604,974.4043275347703,0.0,0.4997036655370702,1892.9928418486968,1843.6594473945577,9598.546629485303,1845.2700658143676,3.567536039074552e-07,9.999972650940434e-07,31228.207794628495,0,20672.235550636004,0,1.0000803740695119e-07,optimal,optimal,optimal
2025-07-27,ANNUAL REFERENCE ONLY,0.95,0.25,1892.9928418486968,14,1892.9928418486968,optimal,optimal,53885.252399010365,0.0,0.0,14,9981.995018796297,optimal,optimal,805.210231994067,687.2901415974761,0.0,0.5572692996239261,14,7150.123119213758,optimal,optimal,859.9962342373663,946.0811074479433,1.1368683772161603e-13,0.7022875778576999,14,9842.066940873896,optimal,optimal,1589.683562011353,794.0420556643264,0.0,0.5079411092011257,1948.143511914943,1892.9928418486968,10774.5612225,3254.8900282427862,9.441463202823835e-08,2.000004473326044e-07,57140.14242745315,0,33344.04872708499,0,1.0001531336456537e-07,optimal,optimal,optimal
2025-07-28,ANNUAL REFERENCE ONLY,0.95,0.25,1948.143511914943,14,1948.143511914943,optimal,optimal,56135.07549111884,0.0,0.0,14,10048.331481481482,optimal,optimal,2119.799291343179,2196.4808464937464,110.95496095157432,0.5669349841822207,14,6171.702436994458,optimal,optimal,-50.884478726665144,1.3451455969507754e-07,84.58840449417761,0.6987673547957276,14,9992.50010179982,optimal,optimal,1452.9495686348375,721.4674940051261,0.0,0.5089455842339056,1985.5722090049449,1590.7650976354978,10800.0,3521.864381251351,9.416599891414117e-08,1.999998928818968e-07,59656.93987257019,0,36782.37971053085,0,1.00000761449337e-07,optimal,optimal,optimal
2025-07-29,ANNUAL REFERENCE ONLY,0.95,0.25,1985.5722090049449,14,1985.5722090049449,optimal,optimal,50052.65846432662,0.0,0.0,14,9790.62239941318,optimal,optimal,2760.149826946529,3248.600541668302,324.18596547633746,0.5914602178437613,14,6609.310022495485,optimal,optimal,11.039400623145461,20.99916034780972,64.58070013150996,0.6868136429178141,14,10800.0,optimal,optimal,-27.529355527386393,0.0,42.612826814448034,0.510491972858503,1209.8391984531015,1209.8391984531015,10800.0,2743.659872042288,20.76351728108664,131.50057614998457,52927.81891251889,3,37144.39479684419,0,1.0002986527979374e-07,optimal,optimal,optimal
2025-07-30,ANNUAL REFERENCE ONLY,0.95,0.25,1209.8391984531015,14,1209.8391984531015,optimal,optimal,47060.640758114685,0.0,0.0,14,9842.34983503049,optimal,optimal,4416.301286858059,5141.5604277895545,33.20188674819565,0.654204473306902,14,5992.32037899114,optimal,optimal,1058.0299301078987,1341.884740729062,45.16919251215802,0.652497963327409,14,10767.521444444445,optimal,optimal,7.11282841087007,12.823209711966683,50.56246784724655,0.5000731589747589,1231.2965116626797,1209.8391984531015,10800.0,5481.4440453768275,9.360012563246065e-08,2e-07,52542.08480369151,0,37795.922843945256,0,1.0001531336456537e-07,optimal,optimal,optimal
2025-07-31,ANNUAL REFERENCE ONLY,0.95,0.25,1231.2965116626797,14,1231.2965116626797,optimal,optimal,51612.99962894767,0.0,0.0,14,9848.746094660492,optimal,optimal,-768.4741082065237,191.23636790832896,3223.1985908918723,0.6613648342625045,14,7014.720941105722,optimal,optimal,267.1084419027262,344.25323040037415,51.78891034906451,0.6200909042655893,14,10767.274101233035,optimal,optimal,9.195403943497439,19.672347489719186,56.85875923493832,0.5071376805535281,1200.0000000519697,1200.0,10800.0,-492.17026236030006,951.8426305767407,4050.6052190025043,55171.43458558988,20,40115.83756788568,0,1.0001531336456537e-07,optimal,optimal,optimal
2025-08-01,ANNUAL REFERENCE ONLY,0.95,0.25,1200.0000000519697,14,1200.0000000519697,optimal,optimal,24718.002639385362,0.0,0.0,14,2246.5141875157296,optimal,optimal,-584.5004846477004,27.994474091762072,1475.8846211613154,0.6423474842960483,14,10443.598986961955,optimal,optimal,-251.94360346576,0.0,562.5231205912639,0.615474445307042,14,10596.070719492389,optimal,optimal,87.33129436214655,136.75484555031414,0.0,0.5045150786150058,1236.6237065885678,1200.0000000519697,10800.0,-749.1127937513139,347.66059424721794,781.4869007745708,24750.376746408616,7,23647.66384144364,0,1.00000761449337e-07,optimal,optimal,optimal
2025-08-02,ANNUAL REFERENCE ONLY,0.95,0.25,1236.6237065885678,14,1236.6237065885678,optimal,optimal,26105.24468339758,0.0,0.0,14,3294.830647962962,optimal,optimal,-761.5164326157211,2.2737367544323206e-13,1912.6280320707842,0.6637971135427935,14,10175.96404614495,optimal,optimal,-199.1112177506301,4.377319240881093,498.2011560690688,0.5888508494191401,14,10767.226929012346,optimal,optimal,-14.324798579412189,167.29429186466876,188.53721659129067,0.5079195232936229,1209.3399961863215,1209.3399961863215,10800.0,-974.9524489457634,9.416599891414117e-08,1.999998928818968e-07,25130.29223465182,0,23497.909309954237,0,1.0000098882301245e-07,optimal,optimal,optimal
2025-08-03,ANNUAL REFERENCE ONLY,0.95,0.25,1209.3399961863215,14,1209.3399961863215,optimal,optimal,45347.772539191355,0.0,0.0,14,9115.367020277787,optimal,optimal,279.31908865532637,543.5866055446365,1536.2495298602976,0.6943276497015121,14,7421.9645202777865,optimal,optimal,-542.6588415967133,23.25086799122107,1405.1807525163663,0.5710653724186749,14,10707.571001275644,optimal,optimal,37.152401835545035,58.38467616526129,0.0,0.49877163418668213,1217.1690700896738,1200.0,10745.645121611296,-226.18735110584186,675.6712146194179,2943.0070355233606,48064.59222360887,19,35247.45060571516,0,1.00000761449337e-07,optimal,optimal,optimal
2025-08-04,ANNUAL REFERENCE ONLY,0.95,0.25,1217.1690700896738,14,1217.1690700896738,optimal,optimal,48869.88739925674,0.0,0.0,14,9819.945719708008,optimal,optimal,-732.7922109587807,0.0,2698.880950477353,0.6781838080750646,14,7604.113729883027,optimal,optimal,-1026.3149830605328,0.0,3099.8156428534944,0.5356602184347384,14,10357.488399586691,optimal,optimal,696.6366096630292,562.4675949789558,0.0,0.4980777765779526,1273.613027804007,1217.1690700896738,10656.123699351858,-1062.4705843562842,1.4124185101659783e-07,2.9999997754684946e-07,47807.41681520046,0,33798.26274842837,0,1.0001531336456537e-07,optimal,optimal,optimal
2025-08-05,ANNUAL REFERENCE ONLY,0.95,0.25,1273.613027804007,14,1273.613027804007,optimal,optimal,47954.89103660027,0.0,0.0,14,9952.68207021605,optimal,optimal,-575.5431709907205,0.0,2321.277335754531,0.6514070044717825,14,6626.184740792075,optimal,optimal,-499.3624002669866,122.06295905319735,1763.1992366527575,0.5443884935415514,14,10577.861271412135,optimal,optimal,328.3654006906719,296.1117317735582,0.0,0.48534017238128213,1335.5077551534375,1273.613027804007,10791.69470601852,-746.540170567035,1.8844516904002418e-07,4.0000020870393197e-07,47208.35086643323,0,34483.283492793984,0,1.0000025571343941e-07,optimal,optimal,optimal
2025-08-06,ANNUAL REFERENCE ONLY,0.95,0.25,1335.5077551534375,14,1335.5077551534375,optimal,optimal,53700.24900578165,0.0,0.0,14,9917.236326520075,optimal,optimal,-2315.9525042171617,0.0,6935.211347204777,0.6525128315425098,14,7745.021040439844,optimal,optimal,-368.7542684174939,281.27730315848,1724.7760114235143,0.5641193725018402,14,10418.772113097359,optimal,optimal,182.91796950220228,190.49975724397615,0.0,0.4982502357568159,1240.9877121414545,1240.9877121414545,10783.601113557112,-2501.7888031324537,2.3653722793947487e-07,4.999996524659764e-07,51198.46020314919,0,35139.0054030812,0,1.0000803740695119e-07,optimal,optimal,optimal
2025-08-07,ANNUAL REFERENCE ONLY,0.95,0.25,1240.9877121414545,14,1240.9877121414545,optimal,optimal,52870.61419182189,0.0,0.0,14,9906.359890123456,optimal,optimal,-2295.9033870317076,293.1355520962946,9945.82954452954,0.6429302233506177,14,7899.618812330322,optimal,optimal,-738.2699271173643,141.8951743953604,3405.6021014895246,0.5904319249953356,14,10800.0,optimal,optimal,143.43411002391724,407.27651631228775,179.5315048602502,0.49365180016289073,1434.2573599017674,1240.9877121414545,10800.0,-2890.7392041251546,8.555416902628979,57.80467320833293,50037.67966090507,1,35026.715538685254,0,1.0000803740695119e-07,optimal,optimal,optimal
2025-08-08,ANNUAL REFERENCE ONLY,0.95,0.25,1434.2573599017674,14,1434.2573599017674,optimal,optimal,23721.59380589026,0.0,0.0,14,3625.6088691666664,optimal,optimal,-122.03560127673234,0.0,271.36811658829464,0.6613503777986639,14,10645.900624923624,optimal,optimal,254.17655083364224,335.57345783153477,43.87105634740783,0.6143149845224394,14,10522.647096843973,optimal,optimal,139.22485979574336,98.56442219426646,1.7371216295073627e-07,0.48978286400541393,1392.4182121170556,1392.4182121170556,10726.771918270611,271.3658093526533,2.77308733069899e-07,9.999986652293955e-07,23992.959616242915,0,24134.550209507186,0,1.0000245765695582e-07,optimal,optimal,optimal
2025-08-09,ANNUAL REFERENCE ONLY,0.95,0.25,1392.4182121170556,14,1392.4182121170556,optimal,optimal,23873.81686022923,0.0,0.0,14,3108.6753751543215,optimal,optimal,-227.2744733731539,0.0,494.8545021362497,0.6663683445946732,14,10585.555055150371,optimal,optimal,380.13583208366913,451.70928606856785,85.35623309010046,0.6094412019941925,14,10508.037880268823,optimal,optimal,106.05888581655668,74.71660144993288,0.0,0.48784474955739615,1394.0666563424354,1392.4182121170556,10797.35891285033,258.9202445270719,3.0972890231871176e-07,1.000002561643487e-06,24132.737105756307,0,24178.48950159359,0,1.0000803740695119e-07,optimal,optimal,optimal
2025-08-10,ANNUAL REFERENCE ONLY,0.95,0.25,1394.0666563424354,14,1394.0666563424354,optimal,optimal,50180.3545545669,0.0,0.0,14,9529.189274506174,optimal,optimal,-1855.8658489607128,0.0,6367.663325961023,0.6211170180936489,14,7998.306369135804,optimal,optimal,-262.57499773873036,221.22038568225156,1099.9633532534876,0.5994622316985663,14,10554.494099357204,optimal,optimal,86.04033335545242,179.80872126716687,49.77330431321732,0.48912844105552206,1355.5109892635517,1355.5109892635517,10800.0,-2032.4005133439907,1.8797314677148302e-07,4e-07,48147.95404162291,0,33859.07093320048,0,1.0000030670198612e-07,optimal,optimal,optimal
2025-08-11,ANNUAL REFERENCE ONLY,0.95,0.25,1355.5109892635517,14,1355.5109892635517,optimal,optimal,47975.42105828804,0.0,0.0,14,10003.120897850977,optimal,optimal,-757.725662824984,240.00691555030477,4438.231817345265,0.6385870856108259,14,7511.046250258384,optimal,optimal,-339.1118746410034,235.1753062855252,2417.8723851636587,0.6294949192170012,14,10774.625482544101,optimal,optimal,244.28894034748296,308.8016889548782,0.0,0.48150932555188575,1463.4449271197059,1355.5109892635517,10796.485908470027,-852.5485971185045,50.83114194979966,342.5793521208377,47465.451813290376,2,35480.07161699935,0,1.0001531336456537e-07,optimal,optimal,optimal
2025-08-12,ANNUAL REFERENCE ONLY,0.95,0.25,1463.4449271197059,14,1463.4449271197059,optimal,optimal,51795.889359855006,0.0,0.0,14,9083.57889515367,optimal,optimal,-1031.3446559616898,408.2171345048906,5517.843321654973,0.6579314646080543,14,7752.342652797807,optimal,optimal,-538.7829855154806,243.09325755321044,2513.4011416763483,0.6305485638247644,14,10461.744889459138,optimal,optimal,289.6051122176897,286.5298654639401,0.0,0.4938825578324993,1345.9197377303924,1345.9197377303924,10661.891857970642,-1280.522529259481,12.457150141117827,83.74319117500266,50599.110021770524,1,33278.52923415803,0,1.00000761449337e-07,optimal,optimal,optimal
2025-08-13,ANNUAL REFERENCE ONLY,0.95,0.25,1345.9197377303924,14,1345.9197377303924,optimal,optimal,46636.589531429505,0.0,0.0,14,9824.245072067895,optimal,optimal,-798.8598614492219,0.0,3207.8357781813284,0.6636250719910565,14,6601.984172253079,optimal,optimal,293.3449737669235,382.09504266937404,298.57501353315286,0.6375764052198012,14,10401.295079561225,optimal,optimal,730.0777128544207,521.935732958701,0.0,0.48636710448639064,1328.5728704678531,1328.5728704678531,10672.186318981476,224.56282517212236,16.86128347445095,115.18278039583457,46976.33513699746,2,33758.94702668313,0,1.00000761449337e-07,optimal,optimal,optimal
2025-08-14,ANNUAL REFERENCE ONLY,0.95,0.25,1328.5728704678531,14,1328.5728704678531,optimal,optimal,46962.35854730487,0.0,0.0,14,9113.683259382713,optimal,optimal,970.368252372916,1189.2045727396567,14.89832839007613,0.6482080247719977,14,5886.505797151822,optimal,optimal,-549.4788144858691,262.73736729109555,1904.0596521906104,0.6253723534546054,14,10520.797024216288,optimal,optimal,219.51736474082207,194.8703865479634,0.0,0.49129040229744053,1317.0595390402639,1317.0595390402639,10756.57170550207,640.406802627869,35.28488352130502,242.11117342082395,47844.87652335357,3,37831.83066762271,0,1.00000761449337e-07,optimal,optimal,optimal
2025-08-15,ANNUAL REFERENCE ONLY,0.95,0.25,1317.0595390402639,14,1317.0595390402639,optimal,optimal,24488.290047047227,0.0,0.0,14,2936.692789725911,optimal,optimal,-339.4759756313718,9.497199877793697,770.354934822685,0.5942642764271766,14,10799.999999999998,optimal,optimal,-48.54521015926808,171.35977902998184,334.0188532585797,0.6003820666342511,14,10695.173333719786,optimal,optimal,80.02542749216369,75.76709011843853,0.0,0.49087435448079364,1249.8782359249242,1224.6555087675238,10800.0,-307.9957582984762,2.3264942171162359e-07,6.999995211008354e-07,24180.29428944875,0,25451.76427655381,0,1.0000245765695582e-07,optimal,optimal,optimal
2025-08-16,ANNUAL REFERENCE ONLY,0.95,0.25,1249.8782359249242,14,1249.8782359249242,optimal,optimal,25684.48429581526,0.0,0.0,14,2183.8584907407408,optimal,optimal,-666.3202063849287,260.21826342379507,2307.138899817729,0.6479028246009881,14,10767.619701323,optimal,optimal,-209.6272087293954,14.604036111110304,493.84318271527775,0.650273640697687,14,10712.419536092308,optimal,optimal,62.569793797814015,50.55542891744896,0.0,0.48962799250387584,1408.489101777382,1200.0,10800.0,-813.3776213165102,335.729660942869,944.3846106985671,25815.491285197313,6,23769.61821033045,0,1.000043994281441e-07,optimal,optimal,optimal
2025-08-17,ANNUAL REFERENCE ONLY,0.95,0.25,1408.489101777382,14,1408.489101777382,optimal,optimal,47639.245927893746,0.0,0.0,14,9922.606631574077,optimal,optimal,-873.3914665031822,13.2527334118804,3344.674166943899,0.6915579962073286,14,8351.462251456649,optimal,optimal,12.102056648385096,521.4838698986608,2580.2219892278504,0.687609971666008,14,10489.960267727916,optimal,optimal,426.5745874139021,226.59762516651438,0.0,0.4890451458000555,1252.080880775609,1252.080880775609,10699.503390833337,-434.714822440895,57.323411508143515,189.16725781222272,47393.69836326507,1,35063.63837432428,0,1.0000803740695119e-07,optimal,optimal,optimal
2025-08-18,ANNUAL REFERENCE ONLY,0.95,0.25,1252.080880775609,14,1252.080880775609,optimal,optimal,46851.249686037765,0.0,0.0,14,9401.039090184988,optimal,optimal,-204.68053098393352,1.3085666393765223,440.1920879820899,0.6781507460751997,14,7691.699341265235,optimal,optimal,-849.3768945107885,0.0,2667.865238349098,0.7021593032559368,14,10705.95778509376,optimal,optimal,35.7703402130493,107.6392496432325,81.38075981826375,0.4956374248803409,1218.687426699332,1218.687426699332,10800.0,-1018.2870852816726,49.65758342693424,337.0190717833387,46169.981672539434,4,36802.756622845875,0,1.0001531336456537e-07,optimal,optimal,optimal
2025-08-19,ANNUAL REFERENCE ONLY,0.95,0.25,1218.687426699332,14,1218.687426699332,optimal,optimal,45520.79254846039,0.0,0.0,14,8792.210994660498,optimal,optimal,-673.6069034351539,3.5977837921399214,1722.0332540848685,0.6762293729044987,14,7246.4203942901295,optimal,optimal,-70.41807899196093,112.2173427079457,928.0423043549439,0.7092207232563178,14,10704.762183688059,optimal,optimal,36.46817591226346,86.46132440695715,60.98510750883304,0.48853685624552856,1209.0583334373332,1200.0,10800.0,-707.5568065148514,403.66774145339735,1266.801076222491,46080.036818168024,9,36205.8223200293,0,1.000043994281441e-07,optimal,optimal,optimal
2025-08-20,ANNUAL REFERENCE ONLY,0.95,0.25,1209.0583334373332,14,1209.0583334373332,optimal,optimal,50330.73314774575,0.0,0.0,14,9903.163108703702,optimal,optimal,-834.7205737040603,445.0128512591692,4515.240710633587,0.6574229186077033,14,6826.698571312669,optimal,optimal,-503.2350519857358,25.211494469330773,1744.5137864285873,0.7019358162136711,14,10391.195359472833,optimal,optimal,559.8585308665222,331.95098848014965,0.0,0.4949869553886707,1209.0168231723908,1209.0168231723908,10761.195926879185,-778.0970948232739,854.2192803560376,2573.669375569918,52126.30542849239,15,39411.961429542054,0,1.0000042038882384e-07,optimal,optimal,optimal
2025-08-21,ANNUAL REFERENCE ONLY,0.95,0.25,1209.0168231723908,14,1209.0168231723908,optimal,optimal,48102.10369082194,0.0,0.0,14,9540.058830185182,optimal,optimal,-1004.5945334887971,93.88255738163076,3996.537145992734,0.6557292115046435,14,8071.3569244731,optimal,optimal,-469.5392056298959,5.352428527776063,1659.9228489304708,0.701031780265046,14,10771.01211341274,optimal,optimal,24.138509319719706,20.736900519008486,5.352434114236835,0.4890039359765646,1200.0000000519694,1200.0000000519694,10800.0,-1449.9952297989732,15.026695916647757,32.06798941693083,46684.176450439896,2,35329.95011310274,0,1.0000053407566156e-07,optimal,optimal,optimal
2025-08-22,ANNUAL REFERENCE ONLY,0.95,0.25,1200.0000000519694,14,1200.0000000519694,optimal,optimal,24182.82423657048,0.0,0.0,14,2560.5266813683907,optimal,optimal,-217.20024854251898,172.44550952544364,1047.2105721162166,0.6583197393672393,14,10794.291348465667,optimal,optimal,-82.63751449321794,12.217245958094301,200.32022367835486,0.6948573172098758,14,10727.46143214924,optimal,optimal,87.89742937011866,67.92312900973627,12.217253777095843,0.4915124480488121,1227.7761774163473,1200.0,10794.291348465667,-211.94033366561823,409.5637458700314,1487.3194818076784,25458.20338471254,11,25791.945788526536,0,1.00000761449337e-07,optimal,optimal,optimal
2025-08-23,ANNUAL REFERENCE ONLY,0.95,0.25,1227.7761774163473,14,1227.7761774163473,optimal,optimal,23244.4551906589,0.0,0.0,14,3539.2806523902605,optimal,optimal,565.1861824466533,414.8736335479162,5.884555246914092,0.6058134901014761,14,10792.509641621127,optimal,optimal,524.8297781507455,381.8250683539584,0.0,0.6601162024122131,14,10664.240108021011,optimal,optimal,-4.6872278091302135,0.0,7.290039377705927,0.5029916316476155,1212.1064815854816,1212.1064815854816,10800.0,1085.3287327882686,3.1403762089680276,6.706273392929642,24336.4901968401,1,24960.49289916076,0,1.00000761449337e-07,optimal,optimal,optimal
2025-08-24,ANNUAL REFERENCE ONLY,0.95,0.25,1212.1064815854816,14,1212.1064815854816,optimal,optimal,46392.711743402586,0.0,0.0,14,8344.3414552464,optimal,optimal,-510.5897181676037,263.2620255006198,1830.4466407001164,0.5308569644877952,14,6750.712139682251,optimal,optimal,876.2226623054878,869.1704302868442,699.5299726085025,0.6662297406499984,14,10326.359507017502,optimal,optimal,566.755870173317,310.31323389928593,0.0,0.5073888090741119,1214.0901279502955,1212.1064815854816,10425.236632275379,932.3888143112011,10.40510681783562,22.058826454089232,47347.15938416787,1,36545.95021860112,0,1.0000007932831068e-07,optimal,optimal,optimal
2025-08-25,ANNUAL REFERENCE ONLY,0.95,0.25,1214.0901279502955,14,1214.0901279502955,optimal,optimal,59837.68014355583,0.0,0.0,14,9505.626055246914,optimal,optimal,-2174.049193202919,136.06465094519456,5950.321164036373,0.499913215657138,14,7953.91768855117,optimal,optimal,-1697.6382321779242,5.811199449320952,4934.5446818123355,0.6300758947746071,14,10477.31667045839,optimal,optimal,360.79470310019235,266.5717284418229,0.0,0.5027275256935653,1231.541016925913,1214.0901279502955,10534.547014266078,-3510.892722280651,50.07922652728824,106.06215190535966,56432.84957318054,2,35571.96905944955,0,1.0000053407566156e-07,optimal,optimal,optimal
2025-08-26,ANNUAL REFERENCE ONLY,0.95,0.25,1231.541016925913,14,1231.541016925913,optimal,optimal,46929.94475587331,0.0,0.0,14,9342.140458024685,optimal,optimal,1575.2109580510073,2366.345029893911,0.0,0.5979866448858352,14,6970.027170997404,optimal,optimal,-653.3517977405944,3.7910033430988506,2109.5505252168177,0.6922316638062922,14,10605.883440866488,optimal,optimal,184.52665329353763,162.17223827130636,20.791706320031118,0.5063891595728066,1251.8512215557923,1231.541016925913,10755.677435030864,1106.3858136039505,9.360012563246065e-08,2e-07,48036.33056967726,0,36921.940284232056,0,1.00000761449337e-07,optimal,optimal,optimal
2025-08-27,ANNUAL REFERENCE ONLY,0.95,0.25,1251.8512215557923,14,1251.8512215557923,optimal,optimal,47334.154818068695,0.0,0.0,14,9861.471902759797,optimal,optimal,4200.273061757995,5164.514152911808,0.0,0.6062777887328278,14,7561.362283938914,optimal,optimal,-286.9652938099542,163.9773925139027,1978.673453164875,0.6933488819564549,14,10553.326742896706,optimal,optimal,285.37152257076303,171.12570507819976,-1.1368683772161603e-13,0.4985681945747256,1267.0901834329188,1251.8512215557923,10698.052458315353,4198.679290518803,9.360012563246065e-08,2e-07,51532.8341087875,0,35702.87234652507,0,1.0000803740695119e-07,optimal,optimal,optimal
2025-08-28,ANNUAL REFERENCE ONLY,0.95,0.25,1267.0901834329188,14,1267.0901834329188,optimal,optimal,45462.0334162528,0.0,0.0,14,9768.460657964091,optimal,optimal,4636.572624518249,5326.701263681633,0.0,0.5940174345430578,14,5713.799421862,optimal,optimal,638.4685893853177,539.7471720097033,126.98229090734873,0.7006368353842833,14,10604.016768843507,optimal,optimal,291.58701124095313,177.3259365578702,0.0,0.5019018731063353,1254.6189080272566,1254.6189080272566,10660.280144118607,5566.628225144519,17.697197901337503,83.22272007260823,51111.88436146993,2,37633.42843881842,0,1.0002258932217956e-07,optimal,optimal,optimal
2025-08-29,ANNUAL REFERENCE ONLY,0.95,0.25,1254.6189080272566,14,1254.6189080272566,optimal,optimal,26165.321689298955,0.0,0.0,14,4684.642002622025,optimal,optimal,-735.4539151744036,6.688981542879446e-06,1725.9108904928394,0.6068280399524457,14,10732.297849046605,optimal,optimal,570.6639455255493,481.81314989347044,0.0,0.699339001927485,14,10647.086341872111,optimal,optimal,34.91252252407427,19.976018173890967,7.649295299648472e-07,0.5021990957497002,1297.6965415844272,1254.6189080272566,10734.298591042614,-129.8774471247801,1.5595110334669235e-07,3.9999481793320227e-07,26035.44424257417,0,26333.50631954014,0,1.00000761449337e-07,optimal,optimal,optimal
2025-08-30,ANNUAL REFERENCE ONLY,0.95,0.25,1297.6965415844272,14,1297.6965415844272,optimal,optimal,25579.50995923645,0.0,0.0,14,3524.676656266906,optimal,optimal,-404.95128382796145,100.7859115654761,1445.5032258424133,0.630167851511901,14,10786.979871436226,optimal,optimal,24.46315822764079,128.8680869650535,189.92073347506218,0.7088846325347387,14,10666.604011666379,optimal,optimal,38.88499525509466,24.840968520475993,1.1368683772161603e-13,0.49209123444232894,1200.0000000519692,1200.0000000519692,10800.0,-341.60313034522596,38.35279990892661,81.66314265890935,25319.569971550132,3,24909.054592501467,0,1.0001108967117034e-07,optimal,optimal,optimal
2025-08-31,ANNUAL REFERENCE ONLY,0.95,0.25,1200.0000000519692,14,1200.0000000519692,optimal,optimal,47876.28578535536,0.0,0.0,14,9133.32824074074,optimal,optimal,-188.02312943324688,47.97654820370394,583.177736105195,0.663126539336752,14,5428.853922222222,optimal,optimal,-412.46041503281674,68.77340176184646,1432.2545464612926,0.7116215683822784,14,10339.149042263954,optimal,optimal,565.9161797133921,305.23091394686537,0.0,0.4881845379014907,1226.8883140254861,1200.0000000519692,10800.0,-34.56736475267155,345.7711643888815,1380.5997139210963,49222.31813452378,9,37830.37245739533,0,1.0000485417549498e-07,optimal,optimal,optimal
2025-09-01,ANNUAL REFERENCE ONLY,0.95,0.25,1226.8883140254861,14,1226.8883140254861,optimal,optimal,53456.26754546743,0.0,0.0,14,10023.510370370366,optimal,optimal,-3004.400734909585,0.0,8767.399167497977,0.6857825686932912,14,7748.979567798027,optimal,optimal,217.39929638513328,672.4307178952805,2795.0783660213337,0.7027734359632896,14,10626.632791128806,optimal,optimal,64.9184864464543,45.26678818777307,7.64986114809482e-07,0.4926448635117142,1263.652942357911,1226.8883140254861,10800.0,-2722.0829520779976,4.677268475210477e-08,1e-07,50734.18459348944,0,32379.46867118605,0,1.0003714123740792e-07,optimal,optimal,optimal
2025-09-02,ANNUAL REFERENCE ONLY,0.95,0.25,1263.652942357911,14,1263.652942357911,optimal,optimal,47373.88139559965,0.0,0.0,14,9921.6248607923,optimal,optimal,1234.6725610785284,1301.9968412319026,0.0,0.6467821852969481,14,7631.94541573719,optimal,optimal,-685.4864392892493,50.11867827139713,3018.7397359643087,0.6591325437812325,14,10637.90708814271,optimal,optimal,75.95041284399409,52.250857475016026,0.0,0.4946689038145473,1421.3506784116228,1263.652942357911,10800.0,625.1365346332731,9.360012563246065e-08,2e-07,47999.01793043293,0,32958.97132174148,0,1.0000803740695119e-07,optimal,optimal,optimal
2025-09-03,ANNUAL REFERENCE ONLY,0.95,0.25,1421.3506784116228,14,1421.3506784116228,optimal,optimal,50211.95509288676,0.0,0.0,14,9973.114351851851,optimal,optimal,-1106.8561034346283,121.70779625374264,4277.975432180149,0.6330887283931688,14,7830.432015784187,optimal,optimal,-373.05121280386174,164.74913900761726,2502.3754082630526,0.6585883797181437,14,10671.363351524766,optimal,optimal,20.046632750395624,14.72434888609038,1.1368683772161603e-13,0.5006507811115972,1553.4496196333264,1421.3506784116228,10800.0,-1459.8606834880943,9.360012563246065e-08,2e-07,48752.09440959867,0,32201.458904030995,0,1.00000761449337e-07,optimal,optimal,optimal
2025-09-04,ANNUAL REFERENCE ONLY,0.95,0.25,1553.4496196333264,14,1553.4496196333264,optimal,optimal,49924.711086625815,0.0,0.0,14,9967.729413333333,optimal,optimal,-991.3885236687736,102.16493308715542,3716.928742758457,0.6470932374180206,14,8639.691097460527,optimal,optimal,-638.5039386494909,22.44057264887715,2329.8540820095495,0.6595582772279038,14,10705.192294754343,optimal,optimal,28.749771946694786,20.47470910756044,7.614257992265049e-07,0.49963566447790875,1698.922149567108,1553.4496196333264,10800.0,-1601.1426903715696,4.677268475210477e-08,1e-07,48323.56839635425,0,34154.01617677897,0,1.00000761449337e-07,optimal,optimal,optimal
2025-09-05,ANNUAL REFERENCE ONLY,0.95,0.25,1698.922149567108,14,1698.922149567108,optimal,optimal,24872.79467865438,0.0,0.0,14,6186.241483385995,optimal,optimal,-433.19906366549986,0.0,972.3111159917112,0.643060192890471,14,10743.959812110412,optimal,optimal,-54.302091812570175,0.0,117.57327603183266,0.6614877220633096,14,10800.0,optimal,optimal,-2.2520732032724826,0.0,3.5858184910021382,0.49731762989364126,2001.6764983024677,1698.922149567108,10800.0,-489.7532286813425,1.3537247536736725e-07,7.00000492113395e-07,24383.041450673038,0,23198.05414842672,0,1.0000245765695582e-07,optimal,optimal,optimal
2025-09-06,ANNUAL REFERENCE ONLY,0.95,0.25,2001.6764983024677,14,2001.6764983024677,optimal,optimal,24389.35390431513,0.0,0.0,14,6015.386833981483,optimal,optimal,-333.72450619574295,0.0,735.579039220152,0.629681704470789,14,10473.910621287785,optimal,optimal,-234.28948641745964,34.0219609700116,578.4410559284152,0.6401143806251246,14,10800.0,optimal,optimal,25.45025313490001,40.20577900870597,0.0,0.5015551084953167,1983.3890203295082,1983.3890203295082,10800.0,-542.5637394783026,1.9707879482137736e-07,9.00023772651548e-07,23846.79016573685,0,23776.99085359025,0,1.0001167538575828e-07,optimal,optimal,optimal
2025-09-07,ANNUAL REFERENCE ONLY,0.95,0.25,1983.3890203295082,14,1983.3890203295082,optimal,optimal,46834.88536926075,0.0,0.0,14,9984.83587037037,optimal,optimal,450.72988972623915,751.6211378585792,498.73898324293805,0.6191595196935172,14,8065.026381276047,optimal,optimal,-747.5651109783145,0.0,2529.136487963927,0.5952285741769116,14,10800.0,optimal,optimal,21.08493454855412,207.65585176884935,172.3055915469822,0.5047063537616997,2027.1110775421234,1983.3890203295082,10800.0,-275.75028670352117,4.677268475210477e-08,1e-07,46559.13508265723,0,33868.74524780738,0,1.0000803740695119e-07,optimal,optimal,optimal
2025-09-08,ANNUAL REFERENCE ONLY,0.95,0.25,2027.1110775421234,14,2027.1110775421234,optimal,optimal,47306.54729004858,0.0,0.0,14,9888.266311666668,optimal,optimal,-1695.3562681452104,0.0,4836.843846567071,0.5890050815376172,14,8655.089780221939,optimal,optimal,136.95472963674115,695.3174652778298,2587.021230960537,0.6161005294772953,14,10781.459807571775,optimal,optimal,124.50359778197452,228.9883344753087,33.935459134115604,0.5044000864482837,2183.7180418344424,2027.1110775421234,10800.0,-1433.8979407264947,9.360012563246065e-08,2e-07,45872.649349522086,0,33865.55970788729,0,1.0003714123740792e-07,optimal,optimal,optimal
2025-09-09,ANNUAL REFERENCE ONLY,0.95,0.25,2183.7180418344424,14,2183.7180418344424,optimal,optimal,40981.75243329373,0.0,0.0,14,9981.140277777778,optimal,optimal,25.154389750287436,200.5122570659144,685.8426569608923,0.5832907549539084,14,8701.545000091646,optimal,optimal,94.45902371478972,80.91379234086874,0.0,0.605951522756062,14,10787.697013698828,optimal,optimal,128.61968161649125,228.9883344753086,27.336185910280278,0.5041177237320598,2280.258709756901,2183.7180418344424,10800.0,248.23309508156842,9.360012563246065e-08,2e-07,41229.9855285753,0,33303.5792356719,0,1.0000053407566156e-07,optimal,optimal,optimal
2025-09-10,ANNUAL REFERENCE ONLY,0.95,0.25,2280.258709756901,14,2280.258709756901,optimal,optimal,48297.542629522795,0.0,0.0,14,9910.323185185185,optimal,optimal,-2384.505964171252,0.0,6824.955601510279,0.5988800152636744,14,7716.805285928177,optimal,optimal,809.9195630020283,1018.4501292540102,1251.1590732076015,0.5945906680289522,14,10799.005368493052,optimal,optimal,98.37944351811454,228.988334475309,75.6451795806745,0.49891275148838615,2345.2696623398183,2280.258709756901,10800.0,-1476.206957651109,2.9203433224410777,13.527030152895996,46834.862702024584,1,35747.962747571284,0,1.0000803740695119e-07,optimal,optimal,optimal
2025-09-11,ANNUAL REFERENCE ONLY,0.95,0.25,2345.2696623398183,14,2345.2696623398183,optimal,optimal,48310.541768557676,0.0,0.0,14,9977.201879814815,optimal,optimal,-3076.5001413627638,0.0,9807.996157276608,0.5880415537816107,14,6890.503450113783,optimal,optimal,-551.4566819849466,4.3492144715721406e-06,2301.764711821485,0.6259278212838969,14,10800.0,optimal,optimal,-19.06063595877353,160.92210904276223,188.15220763395894,0.49993537315028147,2354.6758179634453,2139.2003057407405,10800.0,-3647.017459306484,9.360012563246065e-08,2e-07,44663.5243094512,0,34872.76108989728,0,1.0000167094403878e-07,optimal,optimal,optimal
2025-09-12,ANNUAL REFERENCE ONLY,0.95,0.25,2354.6758179634453,14,2354.6758179634453,optimal,optimal,19289.342283453447,0.0,0.0,14,4152.885482685189,optimal,optimal,128.060509864208,213.60496785765233,343.3335964618177,0.6520319708155243,14,10792.439456767619,optimal,optimal,528.0363786519908,406.856686811352,25.193644347887414,0.6564116385705948,14,10779.365324109667,optimal,optimal,167.3486993287835,196.92786950733785,0.0,0.5015770938912641,2605.8587639755965,1767.5671863888936,10800.0,823.4455878449824,4.6827440880355886e-08,9.999999999999998e-08,20112.78787139843,0,25007.94747249934,0,1.000043994281441e-07,optimal,optimal,optimal
2025-09-13,ANNUAL REFERENCE ONLY,0.95,0.25,2605.8587639755965,14,2605.8587639755965,optimal,optimal,19345.235875328246,0.0,0.0,14,4444.362426804345,optimal,optimal,18.567909562554995,50.90402235217596,159.38268540148624,0.6284207535701016,14,10799.999999999998,optimal,optimal,451.02313273740447,391.84104830016963,0.0,0.6742835971285835,14,10800.0,optimal,optimal,209.24125394579022,277.87899355839284,0.0,0.4962766172060653,2642.604488025352,2185.017186063604,10800.0,678.8322962457496,112.31332629170929,520.4608292675357,20544.529000841532,4,24306.63728878858,0,1.0000098882301245e-07,optimal,optimal,optimal
2025-09-14,ANNUAL REFERENCE ONLY,0.95,0.25,2642.604488025352,14,2642.604488025352,optimal,optimal,48541.4299491109,0.0,0.0,14,9986.40375925926,optimal,optimal,-1620.563943631249,319.1581695817255,5493.051303202974,0.5997059312486834,14,8187.598462759649,optimal,optimal,-401.9627190634427,2.6013453378186595,1813.139162411955,0.6705761840013984,14,10800.0,optimal,optimal,9.999636202119292e-08,1.5590327723915328e-07,0.0,0.4999769143926499,2312.436521338512,2116.8701714814797,10800.000000000002,-2022.5266625946954,1.4542688540512691e-07,2.9999970956187093e-07,46518.9032868162,0,32549.173801534045,0,1.0000167094403878e-07,optimal,optimal,optimal
2025-09-15,ANNUAL REFERENCE ONLY,0.95,0.25,2312.436521338512,14,2312.436521338512,optimal,optimal,33958.691840341016,0.0,0.0,14,8875.971018557451,optimal,optimal,591.8954686815258,643.8884928908118,389.488237367042,0.6397064326178523,14,7090.78443,optimal,optimal,-26.881878754715686,209.75674857960485,508.4466011287978,0.6536509014215771,14,10799.999999957694,optimal,optimal,32.500436919023905,81.21799680574892,29.258547123300414,0.5046865898593866,1274.749926082337,1200.0,10800.0,597.514026845834,4016.2339334088774,17020.89951970321,51577.10538689006,65,36380.35992969797,0,1.0000621841754764e-07,optimal,optimal,optimal
2025-09-16,ANNUAL REFERENCE ONLY,0.95,0.25,1274.749926082337,14,1274.749926082337,optimal,optimal,45535.52123916553,0.0,0.0,14,9268.524421356142,optimal,optimal,-956.1538747768291,233.39547546118382,3813.763933726512,0.6305962899285288,14,7952.406674326028,optimal,optimal,-821.7791037950673,31.413391102517615,3203.6445523999887,0.6633295134036267,14,10692.64190804721,optimal,optimal,195.39742517242405,97.25219027592661,0.0,0.5020586530000306,1200.0000000519697,1200.0,10800.0,-1582.5355533994725,743.9977070945079,2493.9067235962957,46446.89240936235,23,36484.29837438706,0,1.0000803740695119e-07,optimal,optimal,optimal
2025-09-17,ANNUAL REFERENCE ONLY,0.95,0.25,1200.0000000519697,14,1200.0000000519697,optimal,optimal,43721.92858422038,0.0,0.0,14,9622.920699814806,optimal,optimal,-646.5644536869362,141.34299503524417,2707.2675689709495,0.6569124032531548,14,6502.027957911668,optimal,optimal,-762.6027581522718,0.0,2373.4784749790333,0.7042296545107055,14,10800.0,optimal,optimal,179.78541423092534,280.94639256216203,0.0,0.5065692278951262,1466.0638185601852,1200.0000000519697,10800.0,-1229.3817976082826,2.3570685927675616e-07,4.999998416977177e-07,42492.5467871121,0,37294.94671330913,0,1.00000761449337e-07,optimal,optimal,optimal
2025-09-18,ANNUAL REFERENCE ONLY,0.95,0.25,1466.0638185601852,14,1466.0638185601852,optimal,optimal,38442.70288730324,0.0,0.0,14,9449.221540741504,optimal,optimal,4046.4446177257437,4938.609442268746,0.0,0.6625954661139571,14,7586.298653940494,optimal,optimal,-481.0364721120262,0.5549704999996834,1871.5412235285069,0.7085562913375641,14,10792.794348721238,optimal,optimal,180.3273499073104,276.4273082130479,0.0,0.504025400438964,1431.5666469790617,1200.0,10800.0,3745.7354955210276,213.62722881268948,930.5563850831794,43118.99476790745,6,37211.092982106864,0,1.00000761449337e-07,optimal,optimal,optimal
2025-09-19,ANNUAL REFERENCE ONLY,0.95,0.25,1431.5666469790617,14,1431.5666469790617,optimal,optimal,18069.24231521544,0.0,0.0,14,3304.1970370370364,optimal,optimal,329.60211317926644,285.17627251372744,14.366724727467206,0.6040508381564603,14,10799.999999999998,optimal,optimal,-39.251680342202995,2.8499635810638915,83.17538606787576,0.6796524299449376,14,10788.20783003088,optimal,optimal,-11.676629410557176,0.0,18.762158770073317,0.507404420116446,1846.4970408514716,1200.0,10800.0,278.6738034265063,142.21870736259655,431.55263725182533,18779.468755893773,8,26653.730298447597,0,1.0000098882301245e-07,optimal,optimal,optimal
2025-09-20,ANNUAL REFERENCE ONLY,0.95,0.25,1846.4970408514716,14,1846.4970408514716,optimal,optimal,17894.13535248631,0.0,0.0,14,3764.677357623457,optimal,optimal,48.15237627747954,110.55705817705957,177.36689005011152,0.618494856602712,14,10754.972565000005,optimal,optimal,-94.04432390578206,2.4395572921775965e-06,202.28015252145548,0.6813228947568293,14,10696.817823680069,optimal,optimal,163.74135516863154,111.80027152194647,0.0,0.5136720437185134,1677.5388878337142,1200.0,10800.0,117.84940754032903,184.45694721002502,664.144475352195,18676.129235378834,5,27461.526468215223,0,1.000043994281441e-07,optimal,optimal,optimal
2025-09-21,ANNUAL REFERENCE ONLY,0.95,0.25,1677.5388878337142,14,1677.5388878337142,optimal,optimal,43792.08392387788,0.0,0.0,14,9673.35780353231,optimal,optimal,-722.8431978138198,0.0,1985.7272290328308,0.6346557534713684,14,8403.110986346417,optimal,optimal,-468.4918149152505,154.41774087529024,2704.6642053390474,0.671496083884096,14,10779.953018518518,optimal,optimal,21.193572547158478,33.447855049294546,0.0,0.5098321209063945,1419.6973058943627,1236.22357407407,10800.0,-1170.1414401819118,30.986214086320427,65.64429454156355,42687.58677823753,1,34247.48424545368,0,1.0000007932831068e-07,optimal,optimal,optimal
2025-09-22,ANNUAL REFERENCE ONLY,0.95,0.25,1419.6973058943627,14,1419.6973058943627,optimal,optimal,47014.77390291638,0.0,0.0,14,9678.506434948296,optimal,optimal,-1872.9567630202123,0.0,6096.394115245053,0.5961856585986904,14,7401.418647922204,optimal,optimal,-955.535538751448,0.0,3146.8601669333875,0.6889689027780561,14,10800.0,optimal,optimal,13.92912827098814,41.08951019189608,19.308949999999868,0.5062345508562796,1352.662260616966,1308.4963282748706,10800.0,-2814.563173500672,10.906666902374674,73.52184049999434,44273.7325699157,1,36753.73441430457,0,1.0000124461839732e-07,optimal,optimal,optimal
2025-09-23,ANNUAL REFERENCE ONLY,0.95,0.25,1352.662260616966,14,1352.662260616966,optimal,optimal,46350.129066756446,0.0,0.0,14,9855.230694444444,optimal,optimal,-1160.040209345474,0.0,3488.808396892022,0.6007918642121185,14,7519.94992175687,optimal,optimal,-658.8412812394724,4.223163062221933,2576.1763005299213,0.7102688362697962,14,10799.999999999998,optimal,optimal,1.459101908331057,21.398684965265815,19.30894999999782,0.5065599454064115,1490.963310201653,1200.0,10800.0,-1817.4223886766154,92.97003334393764,324.11313237201864,44856.81981045185,3,37549.70641093067,0,1.0000030670198612e-07,optimal,optimal,optimal
2025-09-24,ANNUAL REFERENCE ONLY,0.95,0.25,1490.963310201653,14,1490.963310201653,optimal,optimal,39871.940745939006,0.0,0.0,14,9571.986789259254,optimal,optimal,162.11776284581202,199.2642020067149,0.0,0.5845800036227553,14,5747.211474774136,optimal,optimal,1286.569711978573,1398.429550856092,0.0,0.6814649911595012,14,10495.169433688434,optimal,optimal,361.2246869525708,230.70906189803947,0.0,0.48410891445068943,1565.9460333246502,1318.6971122222217,10552.647834923002,1809.9121617769556,691.7032043125587,2237.4172328364084,43919.27014055237,12,35262.51442071102,0,1.0000940164900385e-07,optimal,optimal,optimal
2025-09-25,ANNUAL REFERENCE ONLY,0.95,0.25,1565.9460333246502,14,1565.9460333246502,optimal,optimal,44749.191425244426,0.0,0.0,14,9664.068998703695,optimal,optimal,245.83790550812333,596.4186737952327,886.6529634197509,0.6106822775604211,14,7661.698717848224,optimal,optimal,-602.6174632886664,0.0,2533.2288620833297,0.6951975924865397,14,10691.747625398117,optimal,optimal,108.11078913574889,103.9586373538376,0.0,0.4935107371796599,1311.250379354849,1311.250379354849,10796.113012522383,-248.6687686447942,15.37166694958709,103.49743226666176,44604.020088866295,1,34655.86543206045,0,1.00000761449337e-07,optimal,optimal,optimal
2025-09-26,ANNUAL REFERENCE ONLY,0.95,0.25,1311.250379354849,14,1311.250379354849,optimal,optimal,19329.618305895237,0.0,0.0,14,4656.4269069082875,optimal,optimal,-403.0827200218126,102.99094252869307,1147.353301362911,0.5936470483673373,14,10413.343534686066,optimal,optimal,-82.84263806291969,0.0,179.99596441771598,0.6908282922012393,14,10800.0,optimal,optimal,-7.772966531746385,0.0,36.117302648037274,0.4917545984170671,1597.3628178179772,1311.250379354849,10800.0,-493.6983246164786,9.360006878904179e-08,1.9999987861087902e-07,18835.91998147876,0,27215.438876348046,0,1.00000761449337e-07,optimal,optimal,optimal
2025-09-27,ANNUAL REFERENCE ONLY,0.95,0.25,1597.3628178179772,14,1597.3628178179772,optimal,optimal,18062.923508330787,0.0,0.0,14,3976.9625959685186,optimal,optimal,872.0711844663065,718.634503799366,-5.684341886080802e-14,0.6131489689521806,14,10793.35560510812,optimal,optimal,20.52653844409103,130.35703517092406,157.81897985453384,0.6867856362317303,14,10767.383875688034,optimal,optimal,20.549891909041584,29.354348339833678,63.48335692881458,0.49981201675419523,1200.0000000519697,1200.0,10800.0,913.147614819439,253.44079326862897,730.9094401607263,19706.98056331095,6,27784.756316347604,0,1.0000030670198612e-07,optimal,optimal,optimal
2025-09-28,ANNUAL REFERENCE ONLY,0.95,0.25,1200.0000000519697,14,1200.0000000519697,optimal,optimal,45976.58631878717,0.0,0.0,14,9841.093271005546,optimal,optimal,1496.887392654002,1831.653470018337,122.00277246022893,0.6321563900124563,14,7690.308654218391,optimal,optimal,-925.2595153176493,2.2688182391509604,3022.4164731807255,0.7126581472204747,14,10579.262391124874,optimal,optimal,253.67662745511865,139.17612038992132,0.0,0.5,1200.0000000519697,1200.0000000519697,10733.543271005547,825.3045047914713,199.33898388027382,820.5249334604571,47622.4157570391,8,36269.58612222354,0,1.0000167094403878e-07,optimal,optimal,optimal
2025-09-29,ANNUAL REFERENCE ONLY,0.95,0.25,1200.0000000519697,14,1200.0000000519697,optimal,optimal,48619.73980337668,0.0,0.0,14,9695.118990370365,optimal,optimal,-2276.200844373264,0.0,6983.508363960397,0.6144343877010789,14,6862.246010476507,optimal,optimal,-583.9948914447021,0.0,1884.7199820194776,0.719233625917075,14,10720.060193121637,optimal,optimal,2.3600045039337783,2.0264546835205692,0.0,0.5,1200.0000000519697,1200.0000000519697,10730.943278121636,-2857.8357313140323,153.50621643042743,421.75192536155663,46183.655997424205,5,37531.947265292794,0,1.0000383099395549e-07,optimal,optimal,optimal
2025-09-30,ANNUAL REFERENCE ONLY,0.95,0.25,1200.0000000519697,14,1200.0000000519697,optimal,optimal,48456.666519767925,0.0,0.0,14,9764.664970370372,optimal,optimal,-956.9307873451637,0.4269445746636489,2451.041173147321,0.5785224911004776,14,6093.898513417616,optimal,optimal,-328.1007171555315,4.547473508864641e-13,911.3137115272525,0.7006620415934224,14,10729.298148148147,optimal,optimal,20.31755604406039,14.514613983681897,0.0,0.5,1216.780106448705,1200.0000000519697,10800.0,-1264.7139484566349,29.32289793743867,140.83617398410973,47332.7887452954,2,39646.35285646145,0,1.00000761449337e-07,optimal,optimal,optimal
2025-10-01,ANNUAL REFERENCE ONLY,0.95,0.25,1216.780106448705,14,1216.780106448705,optimal,optimal,44614.606415233415,0.0,0.0,14,9828.959433966023,optimal,optimal,-1111.072732663529,45.42066362345079,3794.2311565485543,0.6042615832452569,14,7563.285466896166,optimal,optimal,-1033.7603917212014,-5.684341886080802e-14,3887.817372239538,0.6756748356135558,14,10776.61759259259,optimal,optimal,65.34317826152605,103.01542302753111,0.0,0.5,1212.0640993973254,1212.0640993973254,10800.0,-2079.4899461232044,1.3808805896968343e-07,5.000117753799714e-07,42535.11646961022,0,36419.952118182926,0,1.0000858901548782e-07,optimal,optimal,optimal
2025-10-02,ANNUAL REFERENCE ONLY,0.95,0.25,1212.0640993973254,14,1212.0640993973254,optimal,optimal,49853.875697683055,0.0,0.0,14,9488.698416158444,optimal,optimal,-2633.108411354726,0.17700225470014175,7236.24684702454,0.5675653477939547,14,7529.8896425809635,optimal,optimal,-1184.8632709384626,0.3136230756542773,4268.328808312336,0.674236325977098,14,10800.0,optimal,optimal,-0.010478972723683186,0.31362307565442527,0.31362307565439096,0.5,1275.1024666513918,1212.0640993973254,10800.0,-3817.9821612659125,1.2330877006587335e-07,3.999982055167492e-07,46035.89353681714,0,34337.33613432947,0,1.0001531336456537e-07,optimal,optimal,optimal
2025-10-03,ANNUAL REFERENCE ONLY,0.95,0.25,1275.1024666513918,14,1275.1024666513918,optimal,optimal,17667.53108487587,0.0,0.0,14,4622.2123636728375,optimal,optimal,-36.023230889077816,0.0,107.10472660086563,0.6140312385817182,14,10488.284799189287,optimal,optimal,121.27872371538584,115.47644499582628,89.64279210336974,0.721302899256523,14,10716.189293199888,optimal,optimal,-5.994952383668385,0.0,9.806891690561748,0.5,1474.6756304279586,1275.1024666513918,10800.0,79.26054044263964,2.570822530234954e-07,1.3000108304415332e-06,17746.79162661852,0,26859.520328346254,0,1.0000803740695119e-07,optimal,optimal,optimal
2025-10-04,ANNUAL REFERENCE ONLY,0.95,0.25,1474.6756304279586,14,1474.6756304279586,optimal,optimal,19943.627604184396,0.0,0.0,14,5876.2570536414505,optimal,optimal,-321.7672829782358,0.0,1053.3684148087427,0.5931058327415998,14,10800.0,optimal,optimal,-125.02303990621735,0.0,295.06725803389173,0.7237860924086845,14,10800.0,optimal,optimal,-7.086976291989083,0.0,34.34065621537986,0.5,1609.322135887075,1474.6756304279586,10800.0,-453.87729917644225,1.650492874862179e-07,9.000059870028055e-07,19489.75030590796,0,28121.192753208277,0,1.5196997082966845e-07,optimal,optimal,optimal
2025-10-05,ANNUAL REFERENCE ONLY,0.95,0.25,1609.322135887075,14,1609.322135887075,optimal,optimal,48460.65123458569,0.0,0.0,14,9811.877800519615,optimal,optimal,-2726.1913751050834,0.0,8698.52543327885,0.615012849808885,14,7932.339585815142,optimal,optimal,-691.7239646820392,3.3037042571684196,2812.8016250839855,0.7160787742827459,14,10795.361111111111,optimal,optimal,4.457965900535022,4.174999999999727,5.790504635487544,0.5,1505.4581040926757,1505.4581040926757,10800.0,-3413.4573738865874,6.159972212775793e-08,2.0000095358009274e-07,45047.193860899104,0,34633.28498684899,0,1.5196997082966845e-07,optimal,optimal,optimal
2025-10-06,ANNUAL REFERENCE ONLY,0.95,0.25,1505.4581040926757,14,1505.4581040926757,optimal,optimal,41731.02020475957,0.0,0.0,14,9946.98623879629,optimal,optimal,154.845565889434,250.8869399028135,168.5576824211974,0.6664023081337624,14,6207.269327936927,optimal,optimal,-522.3407876752194,6.2495238807969134e-06,1555.7145682491068,0.703363351169106,14,10785.926851851851,optimal,optimal,36.15283147588283,56.663636407128614,0.0,0.5,1614.9588037229455,1505.4581040926757,10800.0,-331.3423903099026,116.69825966400882,415.76484975377525,41815.44266420344,3,37003.05238558361,0,1.5196951608231757e-07,optimal,optimal,optimal
2025-10-07,ANNUAL REFERENCE ONLY,0.95,0.25,1614.9588037229455,14,1614.9588037229455,optimal,optimal,44429.6940863214,0.0,0.0,14,9837.99557072816,optimal,optimal,-716.5880888907395,0.0,2538.5796824672493,0.7054307139853566,14,7605.948993128341,optimal,optimal,-358.4187226733029,133.9661530180088,2307.9284918976564,0.6870807020300234,14,10800.0,optimal,optimal,36.233914691612725,56.80363974573951,0.0,0.5,1636.5013918693953,1614.9588037229455,10800.0,-1038.7728968724298,48.204570991351716,183.05998270224066,43573.9811721512,3,36520.43186277033,0,1.0000044733260439e-07,optimal,optimal,optimal
2025-10-08,ANNUAL REFERENCE ONLY,0.95,0.25,1636.5013918693953,14,1636.5013918693953,optimal,optimal,41258.29198692274,0.0,0.0,14,9921.03224575902,optimal,optimal,-834.0290456625452,0.0,3020.6726268406296,0.6856846870882619,14,6115.250839740574,optimal,optimal,-480.38666026962966,0.9887234648091408,1815.2743820788176,0.7039747817089401,14,10653.378955331695,optimal,optimal,236.472181240397,131.95894020147335,6.821210263296962e-13,0.5,1785.3498118677935,1495.3940494884314,10800.0,-1077.9435246917778,4.6827440880355886e-08,9.999999999999998e-08,40180.34846233096,0,38099.770373755164,0,1.00000761449337e-07,optimal,optimal,optimal
2025-10-09,ANNUAL REFERENCE ONLY,0.95,0.25,1785.3498118677935,14,1785.3498118677935,optimal,optimal,48230.5920034009,0.0,0.0,14,9673.46953814815,optimal,optimal,-4312.180731348417,0.0,13649.36163439772,0.7076360083793053,14,6181.736280773939,optimal,optimal,-397.76060397479233,46.02233487651688,1987.6595883831749,0.6817761195095178,14,10643.366377690514,optimal,optimal,252.68696349132287,134.81359341187158,9.607157745330596,0.5,1830.4580626164188,1785.3498118677935,10800.0,-4457.254371831887,104.97655092589189,427.482244397801,44200.81987596682,4,36814.309612473815,0,1.00000761449337e-07,optimal,optimal,optimal
2025-10-10,ANNUAL REFERENCE ONLY,0.95,0.25,1830.4580626164188,14,1830.4580626164188,optimal,optimal,17242.501259947727,0.0,0.0,14,4839.006920066808,optimal,optimal,-276.66564861629814,0.0,651.7054889923265,0.7229791324986041,14,10799.999999999998,optimal,optimal,-9.202051845443592,50.223624488700466,183.29829439985332,0.6251893437062719,14,10199.994558209983,optimal,optimal,277.8410763189051,153.44656427768075,7.222323999458574,0.5,2097.1182221477325,1389.271457103845,10800.0,-8.026624142836624,170.6209368695914,852.3511743308053,18086.825810135695,3,28277.223958129758,0,1.000043994281441e-07,optimal,optimal,optimal
2025-10-11,ANNUAL REFERENCE ONLY,0.95,0.25,2097.1182221477325,14,2097.1182221477325,optimal,optimal,17791.60169047123,0.0,0.0,14,5798.21084500526,optimal,optimal,-86.92445604175994,15.90018127764688,254.95800536022162,0.7294486736746663,14,10800.0,optimal,optimal,11.851751462895812,63.61026497086851,178.86226693827916,0.6691803681742314,14,10196.165948152211,optimal,optimal,245.09089510990003,135.41731332967782,9.47135675417428,0.5,2153.0974269835533,1919.877259259259,10800.000000000002,170.0181905310359,8.031332321579196,39.19290160078856,18000.812782603054,1,28155.9517898892,0,1.000043994281441e-07,optimal,optimal,optimal
2025-10-12,ANNUAL REFERENCE ONLY,0.95,0.25,2153.0974269835533,14,2153.0974269835533,optimal,optimal,40676.469619701646,0.0,0.0,14,9946.876133703703,optimal,optimal,-278.0212411606899,173.76124390767825,1499.4300034949993,0.6990063100453638,14,7663.15461324178,optimal,optimal,-267.42191095828525,239.87054780243102,2393.0140661656405,0.6616851296961284,14,10547.241114869708,optimal,optimal,161.97759514794882,109.39627556818789,3.102511013311391e-07,0.5,1946.8782809998274,1845.718536115588,10797.91593,-383.46555697102633,657.472587032348,2629.643869025815,42922.64793175644,16,34375.1806685655,0,1.0000803740695119e-07,optimal,optimal,optimal
2025-10-13,ANNUAL REFERENCE ONLY,0.95,0.25,1946.8782809998274,14,1946.8782809998274,optimal,optimal,42547.480437795115,0.0,0.0,14,9833.998128425925,optimal,optimal,-1433.2035488648407,76.44548470818481,5130.700096448903,0.6560808539672203,14,6918.229041267634,optimal,optimal,-324.31150447954684,187.69210732231096,2311.385450771806,0.6592464914403803,14,10496.741511162294,optimal,optimal,308.2602605869207,226.90501268924484,0.0,0.5,2231.9967718928697,1686.4907305752063,10800.0,-1449.254792757467,355.9523612928366,1281.7175713870686,42379.94321642471,6,36704.25082092732,0,1.0000587735703448e-07,optimal,optimal,optimal
2025-10-14,ANNUAL REFERENCE ONLY,0.95,0.25,2231.9967718928697,14,2231.9967718928697,optimal,optimal,44264.61791810223,0.0,0.0,14,9750.355791281001,optimal,optimal,-2096.670058462037,15.898940399347316,7490.639928037883,0.6356180682518217,14,5157.058256611444,optimal,optimal,637.4309590938349,814.8860284640198,152.01637826067835,0.6289051318304175,14,10722.227799137752,optimal,optimal,-23.96763696825004,0.0,41.523299432272744,0.5,1686.519682410067,1258.0747799620042,10800.0,-1483.2067363364522,404.27908606068104,1060.6725754249774,43842.083757190754,10,37326.30322865163,0,1.00000761449337e-07,optimal,optimal,optimal
2025-10-15,ANNUAL REFERENCE ONLY,0.95,0.25,1686.519682410067,14,1686.519682410067,optimal,optimal,44614.097905184186,0.0,0.0,14,9532.820373425928,optimal,optimal,-2147.1026018171187,0.0,7084.435523297684,0.6241099840039948,14,6797.306390663495,optimal,optimal,-163.41875900495586,8.754204505147868,531.4789112566605,0.612734340928349,14,10799.99999944117,optimal,optimal,-18.930578539186932,0.0,35.2867040022031,0.5,1254.7866245934483,1200.0,10800.0,-2329.451939361262,995.5090861004966,4679.329234357395,46963.97520018031,17,37715.883810784115,0,1.0000394468079321e-07,optimal,optimal,optimal
2025-10-16,ANNUAL REFERENCE ONLY,0.95,0.25,1254.7866245934483,14,1254.7866245934483,optimal,optimal,43002.28864866641,0.0,0.0,14,9485.900000740736,optimal,optimal,-596.5050421496405,189.4661819989076,2848.216454696775,0.6240783348975945,14,6824.310364909182,optimal,optimal,178.76099981339857,239.68560963905242,388.82457935767735,0.6058262606377399,14,10351.276986099349,optimal,optimal,363.16438967425637,261.21640417725246,0.0,0.5,1234.0635423841688,1200.0,10745.832905705078,-54.57965266198556,510.0528917641635,2072.618000545297,45020.32699654972,11,39408.25171593331,0,1.00000761449337e-07,optimal,optimal,optimal
2025-10-17,ANNUAL REFERENCE ONLY,0.95,0.25,1234.0635423841688,14,1234.0635423841688,optimal,optimal,15379.996488262244,0.0,0.0,14,4904.53743966049,optimal,optimal,730.0914222591924,548.7004780167204,-5.684341886080802e-14,0.595429986245888,14,9812.662838329237,optimal,optimal,416.1520684166933,317.97603280832,0.0,0.5953783339604475,14,9855.315171892576,optimal,optimal,38.827794524744675,21.17225304255303,0.0,0.5,1231.687435179311,1211.1351852372154,10800.0,1185.0712852006304,204.20112397823436,432.6766612924688,16997.744434755343,7,28752.317057214448,0,1.0000621841754764e-07,optimal,optimal,optimal
2025-10-18,ANNUAL REFERENCE ONLY,0.95,0.25,1231.687435179311,14,1231.687435179311,optimal,optimal,18563.52889090813,0.0,0.0,14,5053.958709074073,optimal,optimal,-464.944483200384,117.2090329145172,1513.8536298846934,0.6162718245639713,14,10779.593565922707,optimal,optimal,-199.09402939803007,10.920873579079966,544.7688576871873,0.5800187525540095,14,10004.948083583522,optimal,optimal,58.11097627706304,33.7166862652304,9.587982134835102,0.5,1641.242839419459,1231.687435179311,10800.0,-605.927536321351,1.8958607823134673e-07,3.9999997007525965e-07,17957.601354986775,0,28661.266344434174,0,1.000043994281441e-07,optimal,optimal,optimal
2025-10-19,ANNUAL REFERENCE ONLY,0.95,0.25,1641.242839419459,14,1641.242839419459,optimal,optimal,48167.04673306037,0.0,0.0,14,9359.277396975313,optimal,optimal,-1305.5286353073611,17.17370748751523,3675.5932278362466,0.5959382686137891,14,6717.189664160935,optimal,optimal,-845.9336254171513,14.895554651925977,2729.140155480767,0.641273597980538,14,10645.148562650073,optimal,optimal,250.32663590878937,137.18962694826973,46.68117253666483,0.5,1303.8341925603013,1199.9999999999998,10645.148562650073,-1901.135624815723,139.2465724116687,587.4966891044506,46853.4077973491,6,38638.66347260915,0,1.0001531336456537e-07,optimal,optimal,optimal
2025-10-20,ANNUAL REFERENCE ONLY,0.95,0.25,1303.8341925603013,14,1303.8341925603013,optimal,optimal,51678.282995433896,0.0,0.0,14,8631.019813283745,optimal,optimal,-1598.7473086680411,0.0,4153.94881541121,0.6081069385819874,14,7662.1201186633825,optimal,optimal,-1209.5723529298639,0.0,3928.011955036128,0.6499756723256045,14,10769.563055476992,optimal,optimal,36.2234966559146,27.393250070706813,57.80080504846775,0.5,1247.0775339776428,1247.0775339776428,10800.0,-2772.0961649419905,2.882403920296971e-07,5.999999230974935e-07,48906.1868310919,0,35476.183064903955,0,1.0000007932831068e-07,optimal,optimal,optimal
2025-10-21,ANNUAL REFERENCE ONLY,0.95,0.25,1247.0775339776428,14,1247.0775339776428,optimal,optimal,50320.46545989485,0.0,0.0,14,8702.930050617284,optimal,optimal,-770.4815911964613,318.5792053903795,3026.0336762172747,0.6039133043197872,14,6516.305851772725,optimal,optimal,-1073.2684972441427,9.514452984195941,3077.3332573608914,0.6976568241940679,14,10678.048744166668,optimal,optimal,193.80349208762996,109.75613024999632,54.776679906161206,0.5,1417.8892476221163,1247.0775339776428,10799.78035787037,-1649.946596352974,2.4094110570320656e-07,5.000000652628842e-07,48670.51886404187,0,39448.8055930509,0,1.00000761449337e-07,optimal,optimal,optimal
2025-10-22,ANNUAL REFERENCE ONLY,0.95,0.25,1417.8892476221163,14,1417.8892476221163,optimal,optimal,48292.50118012014,0.0,0.0,14,9860.147518518514,optimal,optimal,-1844.2747647428482,3.2979358424527163,4858.5199286401485,0.6333220614856504,14,6973.904761097081,optimal,optimal,12.786624828716555,404.19424006703065,1783.0693414276493,0.7184096883531815,14,10622.730544074075,optimal,optimal,290.55704471332064,159.5425103333323,49.46524578938692,0.5,1200.0550884614859,1200.0550884614859,10799.999999999996,-1540.931095200811,406.2836473066767,1851.0512066350275,48602.62129155436,14,39117.68688633722,0,1.0001531336456537e-07,optimal,optimal,optimal
2025-10-23,ANNUAL REFERENCE ONLY,0.95,0.25,1200.0550884614859,14,1200.0550884614859,optimal,optimal,55791.33667124476,0.0,0.0,14,9605.704216913584,optimal,optimal,-4127.455848479833,36.04210690417665,12081.39147225065,0.6232857971048535,14,7700.351787897858,optimal,optimal,-936.9937158396724,7.229241299133378,3380.384129573801,0.7293140175437892,14,10609.761022361028,optimal,optimal,315.02545711620695,170.8159048750747,39.69567522166375,0.5,1351.8223824337738,1200.0550884614859,10736.697728379548,-4749.424107203298,223.13619072528957,1111.6513189110774,52153.56388295254,5,36535.04466321589,0,1.00000761449337e-07,optimal,optimal,optimal
2025-10-24,ANNUAL REFERENCE ONLY,0.95,0.25,1351.8223824337738,14,1351.8223824337738,optimal,optimal,17771.831106988448,0.0,0.0,14,5781.1038198147135,optimal,optimal,-79.01837243888332,36.31428922798523,318.67184816259237,0.6597195528603261,14,10136.52499388879,optimal,optimal,-85.90517418948441,0.0,210.44968729264014,0.7400301973414284,14,9731.763611111111,optimal,optimal,321.9618727949002,177.19965549999853,11.874913018413974,0.5,1318.6336369067571,1200.0,10414.134553757129,157.0383261665325,253.96475853320442,1225.832120247353,19154.701553402334,10,29769.24587011076,0,1.0000030670198612e-07,optimal,optimal,optimal
2025-10-25,ANNUAL REFERENCE ONLY,0.95,0.25,1318.6336369067571,14,1318.6336369067571,optimal,optimal,18622.817458027323,0.0,0.0,14,6932.759314629628,optimal,optimal,-307.1966649684499,19.885468742925962,1045.4922388165812,0.6527394262979661,14,10675.362867477306,optimal,optimal,-49.370236444753424,34.193823264228854,261.37861928233025,0.7205918945388222,14,9855.89033573785,optimal,optimal,175.3204488054727,104.4077895026017,8.739078874413167,0.5,1257.3997242575044,1208.1405000575853,10800.0,-181.24645260773062,22.705802008691673,47.10064115633649,18488.671646575927,3,29785.82232227696,0,1.0000098882301245e-07,optimal,optimal,optimal
2025-10-26,ANNUAL REFERENCE ONLY,0.95,0.25,1257.3997242575044,14,1257.3997242575044,optimal,optimal,51979.23003756174,0.0,0.0,14,9644.183478871366,optimal,optimal,-3166.549278568942,52.10373194498413,9227.239574043113,0.6914850993062307,14,7124.606509343141,optimal,optimal,-521.1704701493661,0.0,1735.500389027281,0.6585080158449913,14,10586.764854979778,optimal,optimal,323.96773709342534,173.55579718486706,33.286689196497086,0.5,1271.8165211988241,1257.3997242575044,10675.31877090083,-3363.752011624883,343.67498994793556,1691.3216729287283,50306.79969886559,7,37704.14591623962,0,1.0000803740695119e-07,optimal,optimal,optimal
2025-10-27,ANNUAL REFERENCE ONLY,0.95,0.25,1271.8165211988241,14,1271.8165211988241,optimal,optimal,47504.60191973683,0.0,0.0,14,9710.207624537037,optimal,optimal,-208.9790926410211,32.30132200847936,661.2685549810069,0.6855013025672245,14,7033.277451322443,optimal,optimal,-674.3717679205517,3.488962271136643,2167.221061108491,0.6656010325838919,14,10633.451321307542,optimal,optimal,233.76033728854517,131.53797748987915,53.474111084752536,0.5,1268.99133953201,1268.99133953201,10673.502473149634,-649.5905232730277,19.744933475527336,92.48526803333904,46947.49666449714,1,38104.37093391147,0,1.0000053407566156e-07,optimal,optimal,optimal
2025-10-28,ANNUAL REFERENCE ONLY,0.95,0.25,1268.99133953201,14,1268.99133953201,optimal,optimal,47398.44815327824,0.0,0.0,14,9770.709757222226,optimal,optimal,-457.5567966994288,91.80932788142638,1421.665820649619,0.6581267460430973,14,6476.8996305189785,optimal,optimal,-279.55820451014796,0.0,789.9227116441963,0.6537784065972004,14,10627.070671640646,optimal,optimal,248.06142068229298,137.28056219008533,47.34605442284129,0.5,1214.3667274940424,1214.3667274940424,10689.7475625617,-489.0535805272838,372.14369406502556,1669.7199291510192,48579.114501901975,14,38911.36967773182,0,1.00000761449337e-07,optimal,optimal,optimal
2025-10-29,ANNUAL REFERENCE ONLY,0.95,0.25,1214.3667274940424,14,1214.3667274940424,optimal,optimal,52814.174030504466,0.0,0.0,14,7341.344522530864,optimal,optimal,619.7207537076595,1322.2642757445283,3220.53685291163,0.6626436549441066,14,7047.001590523006,optimal,optimal,-1029.8583375315582,3.073052019730085,3054.427067536722,0.6250178719797282,14,10593.431804019292,optimal,optimal,308.4183370858911,167.55554304930564,44.02714588755842,0.5,1205.83452537027,1205.83452537027,10654.708499019293,-101.7192467380076,174.06986188714143,686.1416841110893,53398.59646787755,6,35884.17441898497,0,1.00000761449337e-07,optimal,optimal,optimal
2025-10-30,ANNUAL REFERENCE ONLY,0.95,0.25,1205.83452537027,14,1205.83452537027,optimal,optimal,46835.96928755623,0.0,0.0,14,9918.751601851847,optimal,optimal,-928.8825366701772,118.62886572776313,3094.8766304035853,0.6859141030998875,14,7291.719900980091,optimal,optimal,-435.4731925825334,0.0,1590.6065746991494,0.6005136020708411,14,10591.002424859245,optimal,optimal,311.96681586514677,169.74198429334456,41.76237877003823,0.5,1215.2430866524428,1205.83452537027,10799.999999999996,-1052.3889133875637,461.35997692138335,1958.9993539841319,47742.5797281528,14,39464.83334983458,0,1.0000181009672815e-07,optimal,optimal,optimal
2025-10-31,ANNUAL REFERENCE ONLY,0.95,0.25,1215.2430866524428,14,1215.2430866524428,optimal,optimal,20426.0012871004,0.0,0.0,14,6908.731244166668,optimal,optimal,-771.0806275878175,0.0,2267.7726941828573,0.6507488524084334,14,9993.138942314816,optimal,optimal,-198.43103654696424,0.0,509.9175885801299,0.6198523595818243,14,10004.80966795003,optimal,optimal,97.12202813696486,71.13218788401002,33.95459545530031,0.5,1234.5529698527114,1215.2430866524428,10800.0,-872.3896359978169,1.4219271929254358e-07,2.999999826125532e-07,19553.61165140258,0,31151.07651572854,0,1.000043994281441e-07,optimal,optimal,optimal
2025-11-01,ANNUAL REFERENCE ONLY,0.95,0.25,1234.5529698527114,14,1234.5529698527114,optimal,optimal,18200.335243326954,0.0,0.0,14,5622.082211944438,optimal,optimal,-48.18747407081068,142.79036307210922,519.9909879055697,0.6410246185903478,14,9858.896745357893,optimal,optimal,-76.99007399351544,0.0,198.5637917389578,0.6317449824394097,14,9786.47932689937,optimal,optimal,199.48106847780596,129.13126412389983,30.85137854098789,0.5,1266.9511260615895,1234.5529698527114,10707.162107839878,74.30352041347984,2.4149146747202843e-07,1.2000014563047444e-06,18274.638764940435,0,30411.40054220448,0,1.0000245765695582e-07,optimal,optimal,optimal
2025-11-02,ANNUAL REFERENCE ONLY,0.95,0.25,1266.9511260615895,14,1266.9511260615895,optimal,optimal,47583.109162622335,0.0,0.0,14,9737.187424907406,optimal,optimal,1526.4707241132971,2042.800866896946,130.2706022791599,0.5994814303277578,14,6405.805155817157,optimal,optimal,-701.2849870073048,0.0,1823.7364859070763,0.6503119814650782,14,10684.097688470989,optimal,optimal,67.93995748339285,50.98908147029374,0.0,0.5,1248.564731349901,1200.0,10746.013633157247,893.1256945893851,45.94489608506341,263.7173828001248,48739.952240011844,3,42157.6206669189,0,1.0000120198583318e-07,optimal,optimal,optimal
2025-11-03,ANNUAL REFERENCE ONLY,0.95,0.25,1248.564731349901,14,1248.564731349901,optimal,optimal,50467.62334155687,0.0,0.0,14,9517.61836103849,optimal,optimal,-730.0197158717939,57.46966968155628,2339.5222639491494,0.5896482199902451,14,7051.8664850388495,optimal,optimal,-634.4276846525836,0.0,1804.5852408823548,0.6739523527996194,14,10591.067954778026,optimal,optimal,253.4974283797303,140.71547956180802,1.0345641378959651,0.5,1200.852777881778,1200.852777881778,10754.525254361426,-1110.949972144647,11.925057972611759,25.46596205237259,49382.1393314646,1,37191.985581832756,0,1.0000793690778663e-07,optimal,optimal,optimal
2025-11-04,ANNUAL REFERENCE ONLY,0.95,0.25,1200.852777881778,14,1200.852777881778,optimal,optimal,46609.186710934315,0.0,0.0,14,9849.855806759258,optimal,optimal,704.703886961178,1052.4978007114726,384.7951673585401,0.6281012898687836,14,7226.723680010797,optimal,optimal,-531.7265286460831,0.0,1608.4038590364298,0.673179015848715,14,10493.36404363367,optimal,optimal,389.3833406119529,215.19385795719245,27.335714329768166,0.5,1221.6265586538766,1200.852777881778,10751.130593796295,562.3606989270478,335.73045110295806,1844.8553375428128,49016.40274740418,10,37477.58770341994,0,1.0000053407566156e-07,optimal,optimal,optimal
2025-11-05,ANNUAL REFERENCE ONLY,0.95,0.25,1221.6265586538766,14,1221.6265586538766,optimal,optimal,52355.24297027578,0.0,0.0,14,9567.020197006166,optimal,optimal,-1798.4887958590411,0.0,5178.232564328165,0.5920785111541341,14,6151.628219653352,optimal,optimal,-288.1548554884145,1.4042873372883378,851.0504139141766,0.6676410491382238,14,10438.88044157634,optimal,optimal,503.7394921669744,263.81935138412325,0.0,0.5,1292.2820703546156,1221.6265586538766,10485.22858972449,-1582.9041591804812,234.0503724204616,948.9791251920161,51721.31793628732,9,38670.01512832212,0,1.0001108967117034e-07,optimal,optimal,optimal
2025-11-06,ANNUAL REFERENCE ONLY,0.95,0.25,1292.2820703546156,14,1292.2820703546156,optimal,optimal,48431.06863556235,0.0,0.0,14,9663.462192632162,optimal,optimal,475.2857667337107,732.3110773289692,194.77980288946685,0.6056448768441841,14,5715.172381363228,optimal,optimal,62.2059679092046,115.0120075594854,248.14146065619227,0.6730696154480342,14,10720.63024627966,optimal,optimal,13.302250716252424,11.299458478350289,13.535566946490725,0.5,1250.1101852891852,1204.7402831370462,10793.488598664213,550.7939853591677,180.85660765188734,691.8759041992723,49673.73852512079,5,40806.7635031044,0,1.0001531336456537e-07,optimal,optimal,optimal
2025-11-07,ANNUAL REFERENCE ONLY,0.95,0.25,1250.1101852891852,14,1250.1101852891852,optimal,optimal,18396.056439664597,0.0,0.0,14,7113.1585528086425,optimal,optimal,-47.16818233768103,0.0,151.19399080013946,0.5944304297866826,14,8336.00828780864,optimal,optimal,96.12422369878475,75.19155541864734,-1.7053025658242404e-13,0.644245306882481,14,9937.829197606598,optimal,optimal,324.6104928922989,178.04428744389833,0.0,0.5,1207.013130539765,1207.013130539765,10720.045525984002,373.5665342534026,3.399327006852709e-07,1.199994058045195e-06,18769.622975117993,0,32640.30002420751,0,1.0000245765695582e-07,optimal,optimal,optimal
2025-11-08,ANNUAL REFERENCE ONLY,0.95,0.25,1207.013130539765,14,1207.013130539765,optimal,optimal,18657.35284614225,0.0,0.0,14,6995.239819537033,optimal,optimal,-129.60513560074,0.0,369.54154567651415,0.5360200940336662,14,9363.645626759255,optimal,optimal,19.88760581533433,16.76204817386777,0.1973525113438086,0.6511079275741689,14,9964.363374170434,optimal,optimal,2.3222555098647075,4.769465250979579,3.1893052883283417,0.5,1275.5936752127764,1207.013130539765,10750.627431485276,-107.39527427554097,2.2072405947876133e-07,6.000086416591332e-07,18549.957572466716,0,31359.981649883648,0,1.0000524071074323e-07,optimal,optimal,optimal
2025-11-09,ANNUAL REFERENCE ONLY,0.95,0.25,1275.5936752127764,14,1275.5936752127764,optimal,optimal,50309.00384434517,0.0,0.0,14,9806.257865925923,optimal,optimal,-638.595666163449,-1.1368683772161603e-13,1746.7923913620707,0.5716560774920459,14,6500.989061198476,optimal,optimal,-289.38381688568086,11.904636441640491,905.7294903426541,0.6369604007475251,14,10438.113746770203,optimal,optimal,515.0059261155853,270.38619598189354,1.1368683772161603e-13,0.5,1241.0039897517777,1241.0039897517777,10729.867245555553,-412.9735569335445,483.0816419140515,2058.9293573565074,51954.95964476813,13,39159.62408036435,0,1.00000761449337e-07,optimal,optimal,optimal
2025-11-10,ANNUAL REFERENCE ONLY,0.95,0.25,1241.0039897517777,14,1241.0039897517777,optimal,optimal,50984.18956835316,0.0,0.0,14,9761.378378981482,optimal,optimal,878.5047933268073,1311.4309005434784,440.69573882374993,0.5784313471023356,14,5707.529079345539,optimal,optimal,-609.8475186355361,0.0,1625.6393323330885,0.603119091167064,14,10574.274818134523,optimal,optimal,259.73857517132564,151.99027201226187,95.24637896582988,0.5,1246.0876198018848,1200.0,10685.524823425927,528.3958498625968,100.01501534693587,317.82040816344926,51830.4058263792,2,41351.29105045886,0,1.0000007932831068e-07,optimal,optimal,optimal
2025-11-11,ANNUAL REFERENCE ONLY,0.95,0.25,1246.0876198018848,14,1246.0876198018848,optimal,optimal,52591.5031494363,0.0,0.0,14,10783.494757222225,optimal,optimal,-919.9662904141993,0.0,2505.4996660474485,0.56544249425727,14,7863.918843901172,optimal,optimal,-622.5480027561941,0.18662574448865143,1983.4079159318076,0.6095260124372635,14,10570.52001958226,optimal,optimal,300.3594684441515,171.49038910224647,8.39390055167803,0.5,1201.395344996973,1201.395344996973,10783.494757222225,-1242.1548247262422,61.357682397048364,129.67475062926917,51479.023075339326,2,36116.16071293618,0,1.0000245765695582e-07,optimal,optimal,optimal
2025-11-12,ANNUAL REFERENCE ONLY,0.95,0.25,1201.395344996973,14,1201.395344996973,optimal,optimal,49707.26475133551,0.0,0.0,14,9727.073788796297,optimal,optimal,1405.0311784448536,1828.5706740045723,197.36453796267472,0.5890809995151818,14,7162.918284159507,optimal,optimal,-797.0241128761999,0.0,2414.4760481931403,0.6583960570675689,14,10618.908965959872,optimal,optimal,266.80159115855633,162.98193063611387,139.21687836012222,0.5,1214.9070762160418,1201.395344996973,10668.167647280434,874.8086567272101,2.0269174137336896e-07,4.999986279519362e-07,50582.07340856272,0,40701.15657138717,0,1.0000303518609144e-07,optimal,optimal,optimal
2025-11-13,ANNUAL REFERENCE ONLY,0.95,0.25,1214.9070762160418,14,1214.9070762160418,optimal,optimal,48280.612528044265,0.0,0.0,14,9784.001975555553,optimal,optimal,286.5940120252264,411.10878483587356,40.04649168741139,0.5225003258566686,14,7823.445087003243,optimal,optimal,92.12614970412612,206.54381646408945,479.2086767571916,0.6788667019721996,14,10546.884661284903,optimal,optimal,390.4183575660638,227.80380484358614,147.59213661742984,0.5,1232.416562175485,1200.0,10585.490702620353,769.1385192954162,1368.8599055317804,5311.0729446075775,54360.82399194726,18,37196.93407477525,0,1.0000809425037005e-07,optimal,optimal,optimal
2025-11-14,ANNUAL REFERENCE ONLY,0.95,0.25,1232.416562175485,14,1232.416562175485,optimal,optimal,19308.706275614608,0.0,0.0,14,6866.088155771602,optimal,optimal,-245.05300944560435,11.880375453054398,662.5759922731797,0.5631412446455989,14,8093.060079104935,optimal,optimal,26.815705779665414,59.839112102654894,84.7123435336102,0.713943163078806,14,9974.388728925707,optimal,optimal,305.90602695913634,201.12761548087894,0.0,0.5,1252.989733668283,1232.416562175485,10717.895622952152,87.66872329319742,1.5528023731729712e-07,5.999938048764307e-07,19396.3749995078,0,31791.797397669376,0,1.0000512520491611e-07,optimal,optimal,optimal
2025-11-15,ANNUAL REFERENCE ONLY,0.95,0.25,1252.989733668283,14,1252.989733668283,optimal,optimal,20518.821914308224,0.0,0.0,14,8233.703699352682,optimal,optimal,-368.4628702659655,0.0,1263.106278475421,0.5644223062205483,14,8852.024415834161,optimal,optimal,-193.6059441666392,0.0,520.7236783083912,0.7219302716104341,14,9879.000400200248,optimal,optimal,214.88738977579476,197.33255894603062,6.31201901778968,0.5,1278.9741627946016,1238.1694187187609,10683.724064181502,-347.1814246568099,9.416604968101472e-08,2e-07,20171.640489851416,0,32984.70266289841,0,1.00000761449337e-07,optimal,optimal,optimal
2025-11-16,ANNUAL REFERENCE ONLY,0.95,0.25,1278.9741627946016,14,1278.9741627946016,optimal,optimal,50429.878897570976,0.0,0.0,14,9791.082775740739,optimal,optimal,2087.062861481135,2669.32357040206,282.5528126908066,0.5754778662058917,14,7021.194407816271,optimal,optimal,-251.12783009221292,0.0,671.2634332739863,0.7299085137389502,14,10482.823534686406,optimal,optimal,287.4548007601266,211.35066011453694,0.0,0.5,1200.0000000519697,1200.0000000519697,10733.213534999997,2123.3898321490487,120.19864265697979,255.05482271426175,52808.32355243429,3,41003.82311123227,0,1.0000803740695119e-07,optimal,optimal,optimal
2025-11-17,ANNUAL REFERENCE ONLY,0.95,0.25,1200.0000000519697,14,1200.0000000519697,optimal,optimal,48601.49973729675,0.0,0.0,14,9955.804392407403,optimal,optimal,3801.8425398297977,4730.078439546218,13.567199974417008,0.5762013447116232,14,6806.581610244046,optimal,optimal,-190.09645988822808,0.0,544.8453086286413,0.7187183987348076,14,10597.070649485324,optimal,optimal,131.95594908111377,104.83762485062437,0.0,0.5,1245.24917225573,1200.0000000519697,10796.046984999995,3743.7020290226833,1.8649732053728814e-07,6.000008928211172e-07,52345.20176691943,0,40611.77555139788,0,1.0000374550145351e-07,optimal,optimal,optimal
2025-11-18,ANNUAL REFERENCE ONLY,0.95,0.25,1245.24917225573,14,1245.24917225573,optimal,optimal,51233.930618117854,0.0,0.0,14,9502.427778775202,optimal,optimal,-26.906682841736224,173.45098883906314,772.871238860731,0.5795089002903506,14,4613.00998955619,optimal,optimal,950.1395730743308,1161.3598498856177,8.392922515163946,0.6973608707522304,14,10614.93327192224,optimal,optimal,120.8564670530247,99.86268292941995,0.0,0.5,1237.722368065522,1237.722368065522,10690.759477479374,1044.0893572856191,66.94881072934751,141.68920023331606,52419.709175636795,2,42967.46511528047,0,1.0000803740695119e-07,optimal,optimal,optimal
2025-11-19,ANNUAL REFERENCE ONLY,0.95,0.25,1237.722368065522,14,1237.722368065522,optimal,optimal,50529.66856291231,0.0,0.0,14,9480.324837520524,optimal,optimal,3274.9572584737302,3718.546963626378,168.6334769689795,0.5547178464017956,14,7095.03454856352,optimal,optimal,-387.9278860077061,31.850690712332835,1195.0011949208588,0.6938958369563653,14,10590.908111703882,optimal,optimal,91.78424834948117,65.98479295751326,0.0,0.5,1200.0000000519697,1200.0000000519697,10688.774223002592,2978.813620815505,101.42223727198498,219.6188501130478,53728.10103384086,4,41838.66716440416,0,1.0000100303386716e-07,optimal,optimal,optimal
2025-11-20,ANNUAL REFERENCE ONLY,0.95,0.25,1200.0000000519697,14,1200.0000000519697,optimal,optimal,50637.1682285733,0.0,0.0,14,9775.056792962958,optimal,optimal,707.450016891746,1036.505421003456,80.20031496637543,0.5666547547120749,14,6872.1308797252395,optimal,optimal,318.6238375294599,397.34832843108074,43.19618684193699,0.689654782987584,14,10611.188764443632,optimal,optimal,169.0409039953994,123.68989421076594,0.0,0.5,1204.692592696593,1200.0000000519697,10707.447744809413,1195.1147584166051,70.090208828643,149.0773404937977,51981.3603274837,2,41973.59655192449,0,1.0000189831771422e-07,optimal,optimal,optimal
2025-11-21,ANNUAL REFERENCE ONLY,0.95,0.25,1204.692592696593,14,1204.692592696593,optimal,optimal,19355.063965367754,0.0,0.0,14,6925.339861760403,optimal,optimal,128.02953943328777,187.98331283632692,161.4359663801224,0.5454508869813367,14,7676.790076948916,optimal,optimal,24.177276736302275,38.178337914625615,0.0,0.6931012819685736,14,10017.34230036159,optimal,optimal,250.40298547724174,178.21117546064406,0.0,0.5,1235.013499551534,1204.692592696593,10608.497788668734,402.6098016468318,87.74467739303887,185.03219593652284,19942.705962951106,4,33122.17827367648,0,1.0000858901548782e-07,optimal,optimal,optimal
2025-11-22,ANNUAL REFERENCE ONLY,0.95,0.25,1235.013499551534,14,1235.013499551534,optimal,optimal,21385.32524789002,0.0,0.0,14,9421.359481358024,optimal,optimal,-505.4324496104607,12.615819655340886,2027.9016399759014,0.5756722183957265,14,8701.564574876542,optimal,optimal,-73.67768287067233,11.751063359211287,251.08204930021117,0.6672304762239792,14,9797.447137395266,optimal,optimal,497.0679065101689,302.1323895333083,0.0,0.5,1209.039832833948,1209.039832833948,10611.532069139805,-82.04222597096418,3.2471290057330217e-07,1.3000088930723904e-06,21303.283023219068,0,33514.29716524312,0,1.0000395650422434e-07,optimal,optimal,optimal
2025-11-23,ANNUAL REFERENCE ONLY,0.95,0.25,1209.039832833948,14,1209.039832833948,optimal,optimal,51333.073820068836,0.0,0.0,14,9794.12014907408,optimal,optimal,2043.8277401731639,2389.5406045546883,58.842875856773844,0.5628043563649002,14,6602.158047839022,optimal,optimal,-294.41449393938694,0.0,787.5107687847626,0.6811739361076712,14,10680.43021344676,optimal,optimal,45.48237146972562,32.4920520006153,0.0,0.5,1232.1194336466738,1209.039832833948,10755.466028817047,1794.8956177035027,2.1813939140873292e-07,6.000003026727427e-07,53127.96943837233,0,41760.377833531704,0,1.0000803740695119e-07,optimal,optimal,optimal
2025-11-24,ANNUAL REFERENCE ONLY,0.95,0.25,1232.1194336466738,14,1232.1194336466738,optimal,optimal,50450.39508631638,0.0,0.0,14,9786.205442254883,optimal,optimal,660.2117950726855,974.7446360794327,139.7072082305594,0.5704536516586654,14,6535.679699155224,optimal,optimal,196.581875786213,252.60975231567284,25.758215395616162,0.6944796938643858,14,10658.224248823812,optimal,optimal,55.87756003846463,40.13241450161411,0.0,0.5,1200.0000000519697,1200.0000000519697,10740.35377497244,912.6712308973631,167.44659711293937,404.63728769565114,51767.703604909395,6,40918.24784211311,0,1.0001531336456537e-07,optimal,optimal,optimal
2025-11-25,ANNUAL REFERENCE ONLY,0.95,0.25,1200.0000000519697,14,1200.0000000519697,optimal,optimal,58570.19879451707,0.0,0.0,14,10358.271506182413,optimal,optimal,-1181.7000021459398,6.439166666666779,2898.212336887489,0.5763086702412551,14,7163.508014627464,optimal,optimal,-1293.3179739036939,0.0,3325.9801677001055,0.717740743423785,14,10650.997387086323,optimal,optimal,89.18132969963864,57.341877961758996,0.0,0.5,1203.283865726846,1200.0000000519697,10716.180400727013,-2385.836646349995,2.1556808567257598e-07,8.000022284524675e-07,56184.36214896707,0,39746.380612839814,0,1.0001531336456537e-07,optimal,optimal,optimal
2025-11-26,ANNUAL REFERENCE ONLY,0.95,0.25,1203.283865726846,14,1203.283865726846,optimal,optimal,54661.54458191096,0.0,0.0,14,9266.912659646008,optimal,optimal,1082.8313838762808,1027.2596380323942,150.4460817797691,0.6340134390522131,14,6453.958682789282,optimal,optimal,-725.7054664695759,0.0,1765.2805058245804,0.7410057820406697,14,10668.87587858751,optimal,optimal,59.03876728587557,41.251231884814274,0.0,0.5,1200.0000000519697,1200.0000000519697,10713.903082363404,416.1646846925805,23.70839857540215,50.40797468584623,55128.11724128939,3,41756.4190652618,0,1.0000181009672815e-07,optimal,optimal,optimal
2025-11-27,ANNUAL REFERENCE ONLY,0.95,0.25,1200.0000000519697,14,1200.0000000519697,optimal,optimal,53172.98862184792,0.0,0.0,14,9777.075810185188,optimal,optimal,1139.122119608664,1625.2166810485069,53.70408282047731,0.6554728666658158,14,7412.225142162758,optimal,optimal,-604.4152828143643,0.0,1588.04766999722,0.740533622654681,14,10654.911089630516,optimal,optimal,83.0636171572768,53.81954567174239,0.0,0.5,1239.192534212836,1200.0000000519697,10738.41153240741,617.7704539515764,2.5690875104461445e-07,1.2999956388104694e-06,53790.759077099494,0,41087.80049802382,0,1.0000374550145351e-07,optimal,optimal,optimal
2025-11-28,ANNUAL REFERENCE ONLY,0.95,0.25,1239.192534212836,14,1239.192534212836,optimal,optimal,19675.576259423124,0.0,0.0,14,8074.45103444124,optimal,optimal,695.5500318534661,1103.6565962763057,59.898023721961465,0.6224258006104395,14,6896.463989641022,optimal,optimal,-287.1605907136844,35.91347180932593,1227.3273435565607,0.7137057759730643,14,9670.25725925926,optimal,optimal,392.13814478369216,220.2144958822493,0.0,0.5,1300.696732983916,1200.0,10499.601624977035,800.5275859234738,269.14589191649833,1278.8387620525393,21754.942607399138,12,33748.35672771007,0,1.0000512520491611e-07,optimal,optimal,optimal
2025-11-29,ANNUAL REFERENCE ONLY,0.95,0.25,1300.696732983916,14,1300.696732983916,optimal,optimal,24836.464906227564,0.0,0.0,14,10262.986097962963,optimal,optimal,-1144.132702846721,0.0,4385.387758883887,0.6261367661118301,14,7757.649900547127,optimal,optimal,-432.8700107911119,167.41209748759522,2758.0436436404334,0.7046256168568605,14,9941.618974832243,optimal,optimal,174.3671323119211,116.43613685159042,0.0,0.5,1200.0000000519697,1200.0000000519697,10794.531885,-1402.635581325912,150.6753835193373,408.28526272877,23842.11458763042,5,32845.52514951602,0,1.0000374550145351e-07,optimal,optimal,optimal
2025-11-30,ANNUAL REFERENCE ONLY,0.95,0.25,1200.0000000519697,14,1200.0000000519697,optimal,optimal,54826.123109033506,0.0,0.0,14,9208.528295462966,optimal,optimal,3183.482263306096,2990.1697525852624,308.7528484744405,0.647150766950558,14,6932.3207125974295,optimal,optimal,-404.9313436348029,1.8100302527374197,1259.3153404985644,0.6826902121732598,14,10688.515444568784,optimal,optimal,61.48101551375423,38.39344971602202,21.125094827925295,0.5,1215.9913284068007,1200.0000000519697,10800.0,2840.031935185047,1.4133586076230306e-07,3e-07,57666.15504451856,0,41382.261760529494,0,1.0000803740695119e-07,optimal,optimal,optimal
2025-12-01,ANNUAL REFERENCE ONLY,0.95,0.25,1215.9913284068007,14,1215.9913284068007,optimal,optimal,57545.36902909356,0.0,0.0,14,8897.647848188162,optimal,optimal,252.05202204932812,436.2897015807663,293.9138249935571,0.6480937728237002,14,6346.758732371087,optimal,optimal,-656.1597132676264,1.0852800000000116,1871.097165261685,0.6837976880765383,14,10530.083045819614,optimal,optimal,363.71602721962915,190.32253250763296,0.0,0.5,1200.0000000519697,1200.0,10579.888768119059,-40.39166399866917,4489.820349147313,16170.888074700673,73675.86543979557,51,42008.44515493722,0,1.0002258932217956e-07,optimal,optimal,optimal
2025-12-02,ANNUAL REFERENCE ONLY,0.95,0.25,1200.0000000519697,14,1200.0000000519697,optimal,optimal,60498.62250594424,0.0,0.0,14,7735.550911616595,optimal,optimal,3431.9085832317055,2862.056182969413,866.3595241140241,0.6373469217235631,14,6402.874235780624,optimal,optimal,-151.2662003503519,0.0,452.2873053515089,0.698151824277246,14,10580.761836508815,optimal,optimal,342.1912167252209,189.14269417501225,40.4926954051424,0.5,1241.3063367231946,1200.0,10700.822594881103,3622.8335996065744,1132.0694290059716,5128.720129239673,69250.17623479049,23,40844.245785842286,0,1.000017846308765e-07,optimal,optimal,optimal
2025-12-03,ANNUAL REFERENCE ONLY,0.95,0.25,1241.3063367231946,14,1241.3063367231946,optimal,optimal,54066.44630416435,0.0,0.0,14,8901.402829043207,optimal,optimal,5537.128932769461,5438.096233132231,0.0,0.6011636494476029,14,6529.168152885197,optimal,optimal,2604.3707923472825,2645.414756630331,53.88005946250007,0.6828126305031081,14,10365.195733462962,optimal,optimal,630.689147409633,347.2665648833321,0.0,0.5,1207.299147620896,1200.0000000524478,10388.67646991292,8772.188872526378,1017.2194829886821,3047.7608419506055,65886.39601864133,17,42352.473015730946,0,1.0000928796216613e-07,optimal,optimal,optimal
2025-12-04,ANNUAL REFERENCE ONLY,0.95,0.25,1207.299147620896,14,1207.299147620896,optimal,optimal,63737.265348985275,0.0,0.0,14,7711.2005906644445,optimal,optimal,2465.4976041326577,3476.2031358542763,6012.689861930936,0.6469914132980007,14,6425.715566773519,optimal,optimal,-634.2992025382634,0.0,1766.8809595513776,0.6829347665238384,14,10466.916302208909,optimal,optimal,568.4410210950546,299.7753280119821,10.974670894661994,0.5,1201.003021207985,1200.0,10591.446890583902,2399.639422689449,2574.7610404790603,9982.626234776444,76119.53100645117,28,38997.68552396055,0,1.0000803740695119e-07,optimal,optimal,optimal
2025-12-05,ANNUAL REFERENCE ONLY,0.95,0.25,1201.003021207985,14,1201.003021207985,optimal,optimal,26711.84854441294,0.0,0.0,14,9581.564781851848,optimal,optimal,-536.6280731597271,19.983000519968186,2075.9171416942286,0.7050248310853137,14,7493.210018885968,optimal,optimal,-274.99198561060683,218.4273355515652,2429.768356510618,0.7083751452770298,14,9683.079287037035,optimal,optimal,625.6465841312503,350.71629233137645,8.206285823153496e-07,0.5,1210.0657232031454,1201.003021207985,10261.299584703174,-185.97347463908375,384.3993711588668,1644.1448301817175,28170.019899955576,14,35268.66012354662,0,1.000046836452384e-07,optimal,optimal,optimal
2025-12-06,ANNUAL REFERENCE ONLY,0.95,0.25,1210.0657232031454,14,1210.0657232031454,optimal,optimal,28440.47767523531,0.0,0.0,14,9977.660041759254,optimal,optimal,-1193.688772460967,0.0,4079.603045710394,0.7033072971369774,14,6783.873622055979,optimal,optimal,-365.2272334166999,68.11614700232627,1973.3810767134091,0.7163603649450242,14,9707.285639642385,optimal,optimal,639.0253544094813,361.98088003699195,34.154021813032145,0.5,1323.2546113630326,1210.0657232031454,10607.41534731481,-919.8906514681854,464.9560391223505,1969.119765207623,29489.70678897475,11,34797.099054912935,0,1.0000803740695119e-07,optimal,optimal,optimal
2025-12-07,ANNUAL REFERENCE ONLY,0.95,0.25,1323.2546113630326,14,1323.2546113630326,optimal,optimal,65520.89322614235,0.0,0.0,14,6656.795534194383,optimal,optimal,1498.5113386480361,2728.768626987121,6116.697452356019,0.66595392826543,14,7384.705687158235,optimal,optimal,-309.9463239923709,14.591398220586257,1027.5569822954321,0.7134224198127438,14,10551.340627160953,optimal,optimal,428.66270280826495,231.23579581264306,0.0,0.5,1200.00000005197,1200.00000005197,10650.461595568775,1617.2277174639303,1457.9651688743124,3755.1662334174025,70893.28717702368,17,40002.40691161307,0,1.0000803740695119e-07,optimal,optimal,optimal
2025-12-08,ANNUAL REFERENCE ONLY,0.95,0.25,1200.00000005197,14,1200.00000005197,optimal,optimal,67862.40813393758,0.0,0.0,14,7086.793584904259,optimal,optimal,2588.1777819953713,2425.664061986314,1543.377792018176,0.6748298045951765,14,7974.204497366893,optimal,optimal,-877.8939805668645,0.0,2783.606246302874,0.7129415335056082,14,10550.98442553543,optimal,optimal,413.13143520122674,224.2045892899215,0.0,0.5,1252.1462837589336,1200.00000005197,10723.644492777916,2123.4152366297335,280.4846655199391,654.247712232017,70640.07108279933,5,37747.624784945496,0,1.0002986527979374e-07,optimal,optimal,optimal
2025-12-09,ANNUAL REFERENCE ONLY,0.95,0.25,1252.1462837589336,14,1252.1462837589336,optimal,optimal,67175.3247902969,0.0,0.0,14,7066.994644225245,optimal,optimal,1947.2575677563104,2604.8762802130113,4191.838454518249,0.6535076837597821,14,6792.779018011456,optimal,optimal,50.536460615004074,317.834661227154,869.8711948066106,0.7266800834160356,14,10475.319222401788,optimal,optimal,558.3886395736037,314.2782363966402,-3.410605131648481e-13,0.5,1251.6791069311141,1200.0,10550.434661672469,2556.182667944918,930.5263718259159,3204.354811987592,72935.86227022941,10,38318.563171848786,0,1.0001108967117034e-07,optimal,optimal,optimal
2025-12-10,ANNUAL REFERENCE ONLY,0.95,0.25,1251.6791069311141,14,1251.6791069311141,optimal,optimal,64109.48507617536,0.0,0.0,14,6777.246952805493,optimal,optimal,4736.796725863619,3904.4242569781472,1207.4632731632296,0.6664523456234175,14,6874.854554612108,optimal,optimal,-331.47854727519075,0.0,1054.96070707799,0.7000657071234228,14,10549.721260817527,optimal,optimal,414.909541405405,225.25086526422623,0.0,0.5,1219.7922553718547,1200.0000000523119,10549.721260817527,4820.227719993833,861.2887071351379,1894.419803219309,70824.1325993885,8,37970.929575375325,0,1.0005169315263629e-07,optimal,optimal,optimal
2025-12-11,ANNUAL REFERENCE ONLY,0.95,0.25,1219.7922553718547,14,1219.7922553718547,optimal,optimal,66584.37070204824,0.0,0.0,14,8523.054541790123,optimal,optimal,368.5862877256433,1522.1064946634592,4610.064412330427,0.6359059092224846,14,8050.235119774404,optimal,optimal,-687.3070862260518,1.6409284471594674,2330.2305932827103,0.7090983830792559,14,10549.721260817529,optimal,optimal,426.7599392868831,244.06998211588,0.0,0.5,1221.9124769547677,1200.0000000529353,10799.999999999998,108.0391407864746,61.36772038689932,128.8108454402006,66821.22068827492,1,38877.31142917818,0,1.0000797601605882e-07,optimal,optimal,optimal
2025-12-12,ANNUAL REFERENCE ONLY,0.95,0.25,1221.9124769547677,14,1221.9124769547677,optimal,optimal,29596.913121648686,0.0,0.0,14,10134.569044166667,optimal,optimal,-586.2650361077984,16.09973583009082,2040.0472628838802,0.5997985749225176,14,8088.811027918507,optimal,optimal,-133.22945178888875,289.5861977662264,2112.272308565479,0.6801044106827698,14,9937.998059024836,optimal,optimal,471.79106943480855,275.0443229431541,0.0,0.5,1305.1591930342263,1212.0271390192247,10729.2023775,-247.70341846187858,282.81261502683014,1183.6569185842998,30532.866621771107,9,33233.59661882019,0,1.000055220856666e-07,optimal,optimal,optimal
2025-12-13,ANNUAL REFERENCE ONLY,0.95,0.25,1305.1591930342263,14,1305.1591930342263,optimal,optimal,30451.729894395572,0.0,0.0,14,9697.31541601852,optimal,optimal,-473.66282141211275,307.7436402905836,2709.52741929323,0.5924307501719098,14,7785.992303874143,optimal,optimal,-359.91162976415706,32.926280747679584,1597.7655365649352,0.6719426003764143,14,9830.21158154638,optimal,optimal,550.5675019270176,317.2893115777268,0.0,0.5,1301.7175940524392,1286.6257630597274,10365.6468975,-283.0069492492522,119.66722943660065,491.7811333376395,30660.504078483962,5,32499.605063488514,0,1.0000245765695582e-07,optimal,optimal,optimal
2025-12-14,ANNUAL REFERENCE ONLY,0.95,0.25,1301.7175940524392,14,1301.7175940524392,optimal,optimal,63548.01853311091,0.0,0.0,14,8580.86341233673,optimal,optimal,2196.8889493547595,1958.4003708386267,983.9290391856857,0.6050975231865059,14,6357.676721904435,optimal,optimal,1128.8237249292406,1232.4619359028734,535.5077571849617,0.6781637259127381,14,10587.334873747152,optimal,optimal,372.24625737706015,210.42701698680747,0.0,0.5,1200.0000000519697,1200.0,10587.334873747152,3697.95893166106,254.10940888999653,1308.5643420714082,68554.54180684338,5,40021.61255524042,0,1.0000098882301245e-07,optimal,optimal,optimal
2025-12-15,ANNUAL REFERENCE ONLY,0.95,0.25,1200.0000000519697,14,1200.0000000519697,optimal,optimal,65777.12141015622,0.0,0.0,14,9922.645006671839,optimal,optimal,1290.038745482564,1067.7345597153835,497.45665417570933,0.6068051861111756,14,6932.162482071112,optimal,optimal,-20.717859834897176,144.96157744263692,580.6627804350906,0.6642991777460127,14,10555.093928284185,optimal,optimal,434.1046829539148,248.64430791968195,0.0,0.5,1222.1309963036401,1200.0000000519697,10770.667085828522,1703.4255686015817,19.607328540878793,41.47580230986481,67522.02278106767,2,39282.26612735246,0,1.0001531336456537e-07,optimal,optimal,optimal
2025-12-16,ANNUAL REFERENCE ONLY,0.95,0.25,1222.1309963036401,14,1222.1309963036401,optimal,optimal,70116.16508427267,0.0,0.0,14,8696.310275281894,optimal,optimal,554.9821050839518,1343.3432285279785,3485.3234467475277,0.6599077346479698,14,8050.235119774408,optimal,optimal,-606.5517007754395,0.0,1919.2531217306948,0.6049856786354371,14,10547.917983780495,optimal,optimal,418.04532295978186,226.87381459755179,0.0,0.5,1200.0000000519697,1200.0000000519697,10793.33293079257,366.4757272682941,18.326571950444578,39.18221137570245,70521.82302291667,1,37853.03581965661,0,1.0000793690778663e-07,optimal,optimal,optimal
2025-12-17,ANNUAL REFERENCE ONLY,0.95,0.25,1200.0000000519697,14,1200.0000000519697,optimal,optimal,69587.92165140685,0.0,0.0,14,8415.06044999999,optimal,optimal,-97.96664692254919,991.6819048345076,4400.699736749295,0.6447440358894859,14,8150.659818607724,optimal,optimal,-529.6305847051708,51.14797176989089,2002.1491676216322,0.6016560314471937,14,10603.959460076856,optimal,optimal,333.5315924825038,176.43648593082983,1.5916157281026244e-12,0.5,1224.113532313566,1200.0000000519697,10773.281867334208,-294.0656391452162,2.0957219544192823e-07,1.200009511674216e-06,69293.85601346164,0,37845.07254731902,0,1.0001531336456537e-07,optimal,optimal,optimal
2025-12-18,ANNUAL REFERENCE ONLY,0.95,0.25,1224.113532313566,14,1224.113532313566,optimal,optimal,64371.045243107656,0.0,0.0,14,8555.608604996818,optimal,optimal,2674.9795613938686,2700.2046429210304,74.60745310728907,0.64919780053371,14,8721.134837270662,optimal,optimal,-435.110399043523,0.0,1618.9632688418044,0.5752075999806714,14,10549.648936427157,optimal,optimal,401.98021118586917,220.5601238822265,0.0,0.5,1240.274896917069,1206.158572895394,10698.648483008681,2641.8493735362144,3.51534582248169e-07,1.5000045747479819e-06,67012.89461814388,0,36849.53952513498,0,1.0000245765695582e-07,optimal,optimal,optimal
2025-12-19,ANNUAL REFERENCE ONLY,0.95,0.25,1240.274896917069,14,1240.274896917069,optimal,optimal,27724.004809178055,0.0,0.0,14,10164.65294064815,optimal,optimal,775.4724068039419,1078.8169983146495,0.0,0.6377550056766438,14,7628.443939255765,optimal,optimal,-368.6687838597253,12.854134218572824,1450.2650851078226,0.5658187992682979,14,9849.875877870369,optimal,optimal,508.65523511824557,282.94354598527724,0.0,0.5,1332.6781858410793,1212.296656628194,10785.0047925,915.4588580624622,66.2871160881701,303.0173882816709,28942.48105552219,3,32351.50549753593,0,1.0000712245528121e-07,optimal,optimal,optimal
2025-12-20,ANNUAL REFERENCE ONLY,0.95,0.25,1332.6781858410793,14,1332.6781858410793,optimal,optimal,29409.85292146689,0.0,0.0,14,10256.435185185182,optimal,optimal,-664.7462849641132,0.0,1899.4312134339243,0.6727523463040284,14,7316.582673622057,optimal,optimal,-317.50494298774066,24.46794166666666,1218.940000484804,0.5324825227496145,14,9871.127379721598,optimal,optimal,507.05940342504636,339.6123582505611,0.0,0.5,1293.623950918071,1293.623950918071,10800.0,-475.1918245268076,220.61191943469515,929.8338907803964,29864.494987720478,9,33668.95913054084,0,1.0000712245528121e-07,optimal,optimal,optimal
2025-12-21,ANNUAL REFERENCE ONLY,0.95,0.25,1293.623950918071,14,1293.623950918071,optimal,optimal,65181.217777288395,0.0,0.0,14,10322.221709259256,optimal,optimal,-429.9460071821094,163.5018117355964,1770.7403938840787,0.6735423800968104,14,8816.785612273496,optimal,optimal,-322.2719924349444,140.933376639789,1858.2759707530954,0.5161612824884895,14,10502.625914470997,optimal,optimal,398.6900078999308,211.64436669056943,2.2737367544323206e-13,0.5,1256.1433425414393,1246.4338521054585,10800.0,-353.52799171712303,1.7027311961754942e-07,4.99998547859559e-07,64827.68978607127,0,39657.621057756136,0,1.0000095358009275e-07,optimal,optimal,optimal
2025-12-22,ANNUAL REFERENCE ONLY,0.95,0.25,1256.1433425414393,14,1256.1433425414393,optimal,optimal,63579.1610690743,0.0,0.0,14,8563.394723858022,optimal,optimal,1554.467459892926,1581.7674255575298,1301.8093866093623,0.6370181998310713,14,8340.469714847757,optimal,optimal,-473.04998063467934,3.52806528597157,1791.5429707876094,0.5162576220476149,14,10718.681219226015,optimal,optimal,56.43588284894668,89.06552479846607,0.0,0.5,1200.0000000519697,1200.0,10766.156955554407,1137.8533621071933,175.4220509232757,839.4697998088077,65556.48423099029,9,41297.151280153645,0,1.0000803740695119e-07,optimal,optimal,optimal
2025-12-23,ANNUAL REFERENCE ONLY,0.95,0.25,1200.0000000519697,14,1200.0000000519697,optimal,optimal,65389.870620086935,0.0,0.0,14,10335.533984153844,optimal,optimal,-1147.48362396806,0.0,3334.394628116151,0.5966270834504038,14,8353.023669551601,optimal,optimal,-594.4995166375746,0.0,2140.9560411803554,0.5658864161025032,14,10591.811416735281,optimal,optimal,250.84430074322432,151.664724938247,-1.1368683772161603e-13,0.5,1200.0000000519697,1200.0000000519697,10776.85105288507,-1491.1388398624104,50.996593898749055,107.94868015242365,64006.68046037695,5,42120.249290166605,0,1.0001531336456537e-07,optimal,optimal,optimal
2025-12-24,ANNUAL REFERENCE ONLY,0.95,0.25,1200.0000000519697,14,1200.0000000519697,optimal,optimal,64643.2330288949,0.0,0.0,14,8577.06404574074,optimal,optimal,1485.900935317564,1560.6245925391468,1541.662345439438,0.5970461351492158,14,8375.51402831881,optimal,optimal,-774.7855101475733,-2.2737367544323206e-13,2579.9281153031748,0.5788801508142505,14,10565.76132342562,optimal,optimal,273.1669307679433,159.75569141095156,-1.1368683772161603e-13,0.5,1211.6575814430744,1200.0000000519697,10761.766964055652,984.2823559379341,144.54883253126715,843.2793082291277,66470.79469306197,3,40533.988959336304,0,1.0002258932217956e-07,optimal,optimal,optimal
2025-12-25,ANNUAL REFERENCE ONLY,0.95,0.25,1211.6575814430744,14,1211.6575814430744,optimal,optimal,61617.037351866435,0.0,0.0,14,10137.742151388893,optimal,optimal,-202.0363094276989,202.87857691283784,1415.8798730623384,0.5742701733120054,14,7462.9339915697365,optimal,optimal,152.02425748455656,224.72890928706886,412.3564084113464,0.5564793848446332,14,10556.819369729628,optimal,optimal,320.10232378786094,183.15756724333585,28.058710960023266,0.5,1214.5403670367184,1200.0,10690.77164788567,270.0902718447186,134.50936985068319,388.6457546955142,62275.773378406666,5,43144.12960610831,0,1.00000761449337e-07,optimal,optimal,optimal
2025-12-26,ANNUAL REFERENCE ONLY,0.95,0.25,1214.5403670367184,14,1214.5403670367184,optimal,optimal,27417.096213822744,0.0,0.0,14,10219.283333333333,optimal,optimal,-364.93057677312834,160.54292600623978,2019.033867653483,0.5819003276456636,14,7960.035512041768,optimal,optimal,-455.12727735263485,15.351608572138277,1867.5987624948227,0.6129184612127577,14,9933.318166633653,optimal,optimal,344.7535547076578,215.41576309555802,59.89919271328186,0.5,1224.164954578034,1214.5403670367184,10800.0,-475.3042994181054,328.4772709059567,1147.724200450823,28089.51611485546,9,36240.78240690294,0,1.0000186193792614e-07,optimal,optimal,optimal
2025-12-27,ANNUAL REFERENCE ONLY,0.95,0.25,1224.164954578034,14,1224.164954578034,optimal,optimal,28315.566700996747,0.0,0.0,14,10096.426503981484,optimal,optimal,-515.4052032449297,88.198768847113,2218.2677127070997,0.5667241990353776,14,7876.404254061776,optimal,optimal,-394.32524300839475,16.783931535090325,1631.7820444221009,0.6464055111115669,14,9781.036666666667,optimal,optimal,513.5737973760025,298.91306368259325,7.614197978002557e-07,0.5,1276.9148200642967,1224.164954578034,10667.752429907408,-396.1566488773219,94.5714897466031,481.93228970346536,28401.342341822892,6,35354.77357825954,0,1.0001167538575828e-07,optimal,optimal,optimal
2025-12-28,ANNUAL REFERENCE ONLY,0.95,0.25,1276.9148200642967,14,1276.9148200642967,optimal,optimal,63977.48142749442,0.0,0.0,14,8635.17194830247,optimal,optimal,1509.563526237805,1793.0262236441513,2295.2153292075855,0.581553872172904,14,8190.90853972137,optimal,optimal,-710.3553115975408,17.53595008333332,2318.863277360202,0.6439108888432244,14,10509.289919259258,optimal,optimal,409.15652836240696,225.93407266666975,0.0,0.5,1241.6008308308787,1241.6008308308787,10776.357452485683,1208.3647430026713,206.91819058527915,549.7294720229486,65735.57564252004,6,39673.652287589626,0,1.0000245765695582e-07,optimal,optimal,optimal
2025-12-29,ANNUAL REFERENCE ONLY,0.95,0.25,1241.6008308308787,14,1241.6008308308787,optimal,optimal,60922.980211447604,0.0,0.0,14,10142.544905740744,optimal,optimal,987.9537387453885,963.2319264368667,308.4063580520733,0.6005516501070849,14,6834.444069550646,optimal,optimal,-235.76508029942556,61.212950033854035,838.3635192820886,0.6641562355769401,14,10562.58465799315,optimal,optimal,189.8808699531138,146.48797447283198,0.0,0.5,1204.9279261015456,1204.9279261015456,10800.0,942.0695283990767,2.9193850384982427e-07,1.1000071256333286e-06,61865.04974094669,0,44470.63776459321,0,1.0000395650422434e-07,optimal,optimal,optimal
2025-12-30,ANNUAL REFERENCE ONLY,0.95,0.25,1204.9279261015456,14,1204.9279261015456,optimal,optimal,61082.21201217818,0.0,0.0,14,10016.639634845678,optimal,optimal,1670.3209476932125,1462.232821018022,724.6687201793118,0.6007256872824439,14,6465.458682899031,optimal,optimal,-720.9837058637213,3.1056010288067455,2023.7540313839554,0.6126122709541754,14,10616.798563771692,optimal,optimal,184.32132545488574,160.2248582433363,0.0,0.5,1246.1268593982143,1200.0,10757.913954277155,1133.6585672843769,222.09107418942563,1045.2069993586072,63261.07757882116,5,42212.75124299274,0,1.0000803740695119e-07,optimal,optimal,optimal
2025-12-31,ANNUAL REFERENCE ONLY,0.95,0.25,1246.1268593982143,14,1246.1268593982143,optimal,optimal,62240.99901091804,0.0,0.0,14,10117.958147592599,optimal,optimal,641.5200823972435,674.8605436322829,892.1598124908987,0.5666711450276865,14,6732.920983769711,optimal,optimal,-195.25493322176118,38.19740991655408,729.466742982823,0.6313463178122489,14,10616.798563618606,optimal,optimal,166.08993780986492,131.8004931820389,0.0,0.5,1200.0000000519697,1200.0000000519697,10750.113056581858,612.3550869853473,52.44671308314035,112.27078259577864,62965.62488049917,3,43721.587902638275,0,1.0000030670198612e-07,optimal,optimal,optimal
