date,slot,price_yuan_per_kwh,grid_purchase_plan_kwh,load_actual_kwh,pv_actual_kwh,soc_day_start_kwh,soc_real_start_kwh,soc_real_end_kwh,x_real_kwh,y_real_kwh,q_real_kwh,z_real_kwh,emergency_purchase_kwh,planned_cost_slot_yuan,emergency_cost_slot_yuan,total_cost_slot_yuan,run_label,load_forecast_kwh,pv_forecast_kwh,rolling_max_violation,rolling_primary_star,rolling_terminal_gap_star,rolling_tertiary_throughput_star,rolling_primary_status,rolling_secondary_status,rolling_tertiary_status,source_time
2025-03-20,1,0.4487,598.6134833333334,549.8448166666667,0.0,6000.0,6000.0,6000.0,0.0,598.6134833333334,0.0,0.0,0.0,268.5978699716667,0.0,268.5978699716667,Q4 SMOKE / TEST ONLY,584.9013,0.0,1e-07,0.0,0.0,38116.939720792216,optimal,optimal,optimal,00:10:00
2025-03-20,2,0.4373,931.2205083333334,570.3135,0.0,6000.0,6000.0,6141.964387231485,157.73820803498324,773.4823002983502,0.0,0.0,0.0,407.22272829416676,0.0,407.22272829416676,Q4 SMOKE / TEST ONLY,580.637925,0.0,1e-07,0.0,0.0,38116.93972079185,optimal,optimal,optimal,00:20:00
2025-03-20,3,0.4311,602.6766666666667,613.8516666666667,0.0,6000.0,6141.964387231485,6129.547720616366,0.0,602.6766666666667,0.0,11.17499995360697,4.6392948271862676e-08,259.813911,1e-07,259.81391110000004,Q4 SMOKE / TEST ONLY,584.2533333333333,0.0,1e-07,0.0,0.0,37999.8086668896,optimal,optimal,optimal,00:30:00
2025-03-20,4,0.4344,593.3185291666667,579.4561666666666,0.0,6000.0,6129.547720616366,6142.0238468663665,13.862362500000131,579.4561666666666,0.0,0.0,0.0,257.73756907,0.0,257.73756907,Q4 SMOKE / TEST ONLY,585.852525,0.0,1e-07,0.0,0.0,37987.39200017306,optimal,optimal,optimal,00:40:00
2025-03-20,5,0.4238,594.9526416666666,550.4449166666666,0.0,6000.0,6142.0238468663665,6182.080799366367,44.50772500000005,550.4449166666666,0.0,0.0,0.0,252.14092953833332,0.0,252.14092953833332,Q4 SMOKE / TEST ONLY,581.061175,0.0,1e-07,0.0,0.0,37974.915873921345,optimal,optimal,optimal,00:50:00
2025-03-20,6,0.4296,597.2791666666666,571.1566666666666,0.0,6000.0,6182.080799366367,6205.591049366367,26.122499999999945,571.1566666666666,0.0,0.0,0.0,256.59112999999996,0.0,256.59112999999996,Q4 SMOKE / TEST ONLY,574.9941666666666,0.0,1e-07,0.0,0.0,37934.85892142093,optimal,optimal,optimal,01:00:00
2025-03-20,7,0.4989,582.2485083333333,601.5890499999999,0.0,6000.0,6205.591049366367,6184.101558625626,0.0,582.2485083333333,0.0,19.34054166666658,0.0,290.4837808075,0.0,290.4837808075,Q4 SMOKE / TEST ONLY,574.9282666666667,0.0,1e-07,0.0,0.0,37954.32765290473,optimal,optimal,optimal,01:10:00
2025-03-20,8,0.5083,574.7021083333334,611.48375,0.0,6000.0,6184.101558625626,6143.233067884886,0.0,574.7021083333334,0.0,36.78164166666659,0.0,292.12108166583334,0.0,292.12108166583334,Q4 SMOKE / TEST ONLY,566.5154083333333,0.0,1e-07,0.0,0.0,38014.57514364766,optimal,optimal,optimal,01:20:00
2025-03-20,9,0.4468,1392.1350000000002,598.2166666666667,0.0,6000.0,6143.233067884886,6857.759567884886,793.9183333333335,598.2166666666667,0.0,0.0,0.0,622.0059180000001,0.0,622.0059180000001,Q4 SMOKE / TEST ONLY,555.5416666666666,0.0,1e-07,0.0,0.0,37973.706652907305,optimal,optimal,optimal,01:30:00
2025-03-20,10,0.4284,1405.4191583333334,583.9359499999999,0.0,6000.0,6857.759567884886,7597.094455384886,821.4832083333334,583.9359499999999,0.0,0.0,0.0,602.0815674300001,0.0,602.0815674300001,Q4 SMOKE / TEST ONLY,565.3116916666665,0.0,1e-07,0.0,0.0,37259.18015290717,optimal,optimal,optimal,01:40:00
2025-03-20,11,0.4436,591.4264166666667,590.99505,0.0,6000.0,7597.094455384886,7597.482685384886,0.43136666666669043,590.99505,0.0,0.0,0.0,262.3567584333333,0.0,262.3567584333333,Q4 SMOKE / TEST ONLY,586.5803583333334,0.0,1e-07,0.0,0.0,36519.84526540698,optimal,optimal,optimal,01:50:00
2025-03-20,12,0.454,614.4375,598.4433333333333,0.0,6000.0,7597.482685384886,7611.877435384887,15.994166666666729,598.4433333333333,0.0,0.0,0.0,278.954625,0.0,278.954625,Q4 SMOKE / TEST ONLY,599.0174999999999,0.0,1e-07,0.0,0.0,36519.45703540696,optimal,optimal,optimal,02:00:00
2025-03-20,13,0.4404,1432.990875,565.9836166666666,0.0,6000.0,7611.877435384887,8361.87743538489,833.3333333333334,599.6575416666666,0.0,-1.8189894035458565e-12,0.0,631.08918135,0.0,631.08918135,Q4 SMOKE / TEST ONLY,588.2001083333333,0.0,1e-07,0.0,0.0,36505.062285407395,optimal,optimal,optimal,02:10:00
2025-03-20,14,0.4405,1412.1811833333334,546.1207666666667,0.0,6000.0,8361.87743538489,9111.87743538489,833.3333333333334,578.84785,0.0,0.0,0.0,622.0658112583334,0.0,622.0658112583334,Q4 SMOKE / TEST ONLY,573.6596166666666,0.0,1e-07,0.0,0.0,35755.06228540763,optimal,optimal,optimal,02:20:00
2025-03-20,15,0.4545,579.9141666666666,565.7133333333334,0.0,6000.0,9111.87743538489,9124.65818538489,14.200833333333208,565.7133333333334,0.0,0.0,0.0,263.57098874999997,0.0,263.57098874999997,Q4 SMOKE / TEST ONLY,575.7566666666667,0.0,1e-07,0.0,0.0,35005.0622854073,optimal,optimal,optimal,02:30:00
2025-03-20,16,0.4389,602.1956916666667,597.9265666666666,0.0,6000.0,9124.65818538489,9128.500397884889,4.269125000000031,597.9265666666666,0.0,0.0,0.0,264.3036890725,0.0,264.3036890725,Q4 SMOKE / TEST ONLY,598.3176166666667,0.0,1e-07,0.0,0.0,34992.2815354069,optimal,optimal,optimal,02:40:00
2025-03-20,17,0.3868,620.2602749999999,600.9544666666666,0.0,6000.0,9128.500397884889,9145.87562538489,19.30580833333329,600.9544666666666,0.0,0.0,0.0,239.91667436999992,0.0,239.91667436999992,Q4 SMOKE / TEST ONLY,610.9324583333332,0.0,1e-07,0.0,0.0,34988.4393229061,optimal,optimal,optimal,02:50:00
2025-03-20,18,0.3634,612.0408333333332,587.1316666666667,0.0,6000.0,9145.87562538489,9168.29387538489,24.90916666666658,587.1316666666667,0.0,0.0,0.0,222.4156388333333,0.0,222.4156388333333,Q4 SMOKE / TEST ONLY,600.7908333333332,0.0,1e-07,0.0,0.0,34971.06409540521,optimal,optimal,optimal,03:00:00
2025-03-20,19,0.4416,1428.5128,605.2103,0.0,6000.0,9168.29387538489,9909.266125384891,823.3025,605.2103,0.0,0.0,0.0,630.83125248,0.0,630.83125248,Q4 SMOKE / TEST ONLY,582.8030083333333,0.0,1e-07,0.0,0.0,34948.64584540543,optimal,optimal,optimal,03:10:00
2025-03-20,20,0.4839,583.0254666666667,621.8923833333333,0.0,6000.0,9909.266125384891,9866.080662421928,0.0,583.0254666666667,0.0,38.86691666666661,0.0,282.12602332,0.0,282.12602332,Q4 SMOKE / TEST ONLY,577.7906583333333,0.0,1e-07,0.0,0.0,34294.044521331685,optimal,optimal,optimal,03:20:00
2025-03-20,21,0.4574,596.5766666666666,620.1683333333333,0.0,6000.0,9866.080662421928,9839.867699458964,0.0,596.5766666666666,0.0,23.591666666666697,0.0,272.8741673333333,0.0,272.8741673333333,Q4 SMOKE / TEST ONLY,592.4341666666667,0.0,1e-07,0.0,0.0,34303.284984294136,optimal,optimal,optimal,03:30:00
2025-03-20,22,0.4575,618.2958333333333,616.6230833333333,0.0,6000.0,9839.867699458964,9841.373174458964,1.6727500000000646,616.6230833333333,0.0,0.0,0.0,282.87034375,0.0,282.87034375,Q4 SMOKE / TEST ONLY,612.59555,0.0,1e-07,0.0,0.0,34277.072021330976,optimal,optimal,optimal,03:40:00
2025-03-20,23,0.4629,601.1224583333333,612.4637499999999,0.0,6000.0,9841.373174458964,9828.77173927378,0.0,601.1224583333333,0.0,11.34129166666662,0.0,278.25958596249995,0.0,278.25958596249995,Q4 SMOKE / TEST ONLY,604.7676916666667,0.0,1e-07,0.0,0.0,34292.66889818304,optimal,optimal,optimal,03:50:00
2025-03-20,24,0.4426,591.5725000000001,603.93,0.0,6000.0,9828.77173927378,9815.041183718226,0.0,591.5725000000001,0.0,12.35749999999863,1.2157759454301395e-12,261.82998850000007,2.6905121672368987e-12,261.82998850000274,Q4 SMOKE / TEST ONLY,589.3225,0.0,1e-07,0.0,0.0,34307.52857410886,optimal,optimal,optimal,04:00:00
2025-03-20,25,0.4023,617.1171116666666,589.79495,0.00031666666666666665,6000.0,9815.041183718226,9839.631414218225,27.322478333333265,589.7946333333333,0.0,0.0,0.0,248.26621402349997,0.0,248.26621402349997,Q4 SMOKE / TEST ONLY,615.663375,0.00016333333333333334,1.0000000000000002e-07,0.0,0.0,34293.79801855243,optimal,optimal,optimal,04:10:00
2025-03-20,26,0.4075,620.7120916666667,581.4640499999999,0.0,6000.0,9839.631414218225,9874.954651718226,39.24804166666672,581.4640499999999,0.0,0.0,0.0,252.94017735416665,0.0,252.94017735416665,Q4 SMOKE / TEST ONLY,619.0289166666666,0.0,1e-07,0.0,0.0,34269.20778805182,optimal,optimal,optimal,04:20:00
2025-03-20,27,0.452,1437.4099999999999,585.585,0.0,6000.0,9874.954651718226,10624.954651718226,833.3333333333334,604.0766666666665,0.0,0.0,0.0,649.7093199999999,0.0,649.7093199999999,Q4 SMOKE / TEST ONLY,594.6616666666666,0.0,1e-07,0.0,0.0,34233.88455055205,optimal,optimal,optimal,04:30:00
2025-03-20,28,0.4646,615.0322933333332,599.72965,0.004516666666666666,6000.0,10624.954651718226,10638.731095718225,15.30715999999984,599.7251333333334,0.0,0.0,0.0,285.7440034826666,0.0,285.7440034826666,Q4 SMOKE / TEST ONLY,604.3338749999999,0.0030566666666666667,1e-07,0.0,0.0,33483.88455055227,optimal,optimal,optimal,04:40:00
2025-03-20,29,0.4561,624.2508533333332,616.7393166666666,0.0,6000.0,10638.731095718225,10645.491478718226,7.511536666666643,616.7393166666666,0.0,0.0,0.0,284.7208142053333,0.0,284.7208142053333,Q4 SMOKE / TEST ONLY,620.3664666666666,0.0,1e-07,0.0,0.0,33470.10810655226,optimal,optimal,optimal,04:50:00
2025-03-20,30,0.4379,623.0091666666666,625.595,0.0,6000.0,10645.491478718226,10642.61833057008,0.0,623.0091666666666,0.0,2.5858333333322845,1.1412364228099558e-12,272.8157140833333,2.4987371477423982e-12,272.8157140833358,Q4 SMOKE / TEST ONLY,618.6733333333333,0.0,1e-07,0.0,0.0,33469.094019848504,optimal,optimal,optimal,05:00:00
2025-03-20,31,0.4177,606.0989033333334,619.49685,0.06293333333333333,6000.0,10642.61833057008,10627.801649141798,0.0,606.0989033333334,0.0,13.335013285453329,4.787989382748492e-08,253.16751192233338,9.999715825870227e-08,253.16751202233053,Q4 SMOKE / TEST ONLY,606.5288583333333,0.04253,1e-07,0.0,0.0,33494.99329021435,optimal,optimal,optimal,05:10:00
2025-03-20,32,0.464,611.7207749999999,617.8444,0.0,6000.0,10627.801649141798,10620.997621364022,0.0,611.7207749999999,0.0,6.123624999998971,1.0898622705882252e-12,283.83843959999996,2.5284804677646827e-12,283.83843960000246,Q4 SMOKE / TEST ONLY,607.4131166666666,0.0,1e-07,0.0,0.0,33493.784664239574,optimal,optimal,optimal,05:20:00
2025-03-20,33,0.4802,625.0291666666667,607.115,0.0,6000.0,10620.997621364022,10637.120371364023,17.914166666666688,607.115,0.0,0.0,0.0,300.1390058333334,0.0,300.1390058333334,Q4 SMOKE / TEST ONLY,614.6016666666667,0.0,1e-07,0.0,0.0,33486.98063646186,optimal,optimal,optimal,05:30:00
2025-03-20,34,0.352,612.1366644444444,576.3066333333334,0.8765666666666667,6000.0,10637.120371364023,10670.156309364022,36.70659777777769,575.4300666666667,0.0,0.0,0.0,215.4721058844444,0.0,215.4721058844444,Q4 SMOKE / TEST ONLY,614.5317333333332,0.59233,1e-07,0.0,0.0,33466.851800073666,optimal,optimal,optimal,05:40:00
2025-03-20,35,0.5794,694.6252333333334,671.4631166666666,0.0,6000.0,10670.156309364022,10691.002214364022,23.16211666666686,671.4631166666666,0.0,0.0,0.0,402.4658601933334,0.0,402.4658601933334,Q4 SMOKE / TEST ONLY,694.9179916666667,0.0,1e-07,0.0,0.0,33433.16528801182,optimal,optimal,optimal,05:50:00
2025-03-20,36,1.0185,0.0,827.015,0.0,6000.0,10691.002214364022,9772.096658808467,0.0,0.0,0.0,827.0149999999994,0.0,0.0,0.0,0.0,Q4 SMOKE / TEST ONLY,805.1675,0.0,1e-07,0.0,0.0,33460.86938301205,optimal,optimal,optimal,06:00:00
2025-03-20,37,0.995,0.0,817.5199666666667,25.57003333333333,6000.0,9772.096658808467,8892.152288438096,0.0,0.0,0.0,791.9499333333334,0.0,0.0,0.0,0.0,Q4 SMOKE / TEST ONLY,798.6984,18.320456666666665,1e-07,0.0,0.0,32567.6793607898,optimal,optimal,optimal,06:10:00
2025-03-20,38,0.8932,0.0,776.8039833333333,66.84066666666666,6000.0,8892.152288438096,8103.304158808466,0.0,0.0,0.0,709.9633166666667,0.0,0.0,0.0,0.0,Q4 SMOKE / TEST ONLY,794.1625333333333,53.318703333333325,1e-07,0.0,0.0,31619.11162745623,optimal,optimal,optimal,06:20:00
2025-03-20,39,0.9281,0.0,783.9583333333333,112.58749999999999,6000.0,8103.304158808466,7357.336566215874,0.0,0.0,0.0,671.3708333333333,0.0,0.0,0.0,0.0,Q4 SMOKE / TEST ONLY,823.3599999999999,99.29249999999999,1e-07,0.0,0.0,30713.159794122785,optimal,optimal,optimal,06:30:00
2025-03-20,40,0.9231,0.0,787.8168000000001,158.77193333333332,6000.0,7357.336566215874,6658.397825475133,0.0,0.0,0.0,629.0448666666667,0.0,0.0,0.0,0.0,Q4 SMOKE / TEST ONLY,802.5639249999999,149.40335666666664,1e-07,0.0,0.0,29913.601753382056,optimal,optimal,optimal,06:40:00
2025-03-20,41,0.902,0.0,803.2455499999999,217.08963333333332,6000.0,6658.397825475133,6007.113473623281,0.0,0.0,0.0,586.1559166666666,0.0,0.0,0.0,0.0,Q4 SMOKE / TEST ONLY,801.3430166666666,200.68058333333335,1e-07,0.0,0.0,29182.426308937655,optimal,optimal,optimal,06:50:00
2025-03-20,42,0.8707,6.109666514930723e-06,813.3883333333333,282.20624999999995,6000.0,6007.113473623281,5416.911165596985,0.0,6.109666514930723e-06,0.0,531.1820772236669,0.0,5.319686634550181e-06,0.0,5.319686634550181e-06,Q4 SMOKE / TEST ONLY,828.1533333333333,251.61999999999998,1e-07,0.0,0.0,28430.361401530234,optimal,optimal,optimal,07:00:00
2025-03-20,43,0.7992,517.1361183333335,781.5626833333333,334.9871833333333,6000.0,5416.911165596985,5480.415722096985,70.56061833333342,446.57550000000003,0.0,0.0,0.0,413.2951857720001,0.0,413.2951857720001,Q4 SMOKE / TEST ONLY,817.4738416666667,301.33413999999993,1e-07,0.0,0.0,27840.15909350383,optimal,optimal,optimal,07:10:00
2025-03-20,44,0.7957,447.678355,785.5607666666666,384.31915000000004,6000.0,5480.415722096985,5522.208786596984,46.43673833333344,401.2416166666666,0.0,0.0,0.0,356.21766707349997,0.0,356.21766707349997,Q4 SMOKE / TEST ONLY,809.3215083333333,349.51607,1e-07,0.0,0.0,27749.705462929716,optimal,optimal,optimal,07:20:00
2025-03-20,45,0.8046,399.38416666666666,804.5333333333333,434.95625,6000.0,5522.208786596984,5549.035161596984,29.807083333333367,369.5770833333333,0.0,0.0,0.0,321.3445005,0.0,321.3445005,Q4 SMOKE / TEST ONLY,800.4316666666666,396.44499999999994,1e-07,0.0,0.0,27697.684620661214,optimal,optimal,optimal,07:30:00
2025-03-20,46,0.7001,369.2406343296301,763.026,482.33579999999995,6000.0,5549.035161596984,5628.730552493651,88.5504343296301,280.6902,0.0,0.0,0.0,258.505368094174,0.0,258.505368094174,Q4 SMOKE / TEST ONLY,771.4150083333333,443.84528,1e-07,0.0,0.0,27670.858245661217,optimal,optimal,optimal,07:40:00
2025-03-20,47,0.8467,0.0,864.5061333333333,529.9280666666666,6000.0,5628.730552493651,5256.977145112488,0.0,0.0,0.0,334.5780666430468,2.361991846555611e-08,0.0,9.99949248239318e-08,9.99949248239318e-08,Q4 SMOKE / TEST ONLY,906.9544583333333,497.0211966666667,1e-07,0.0,0.0,27423.70686587236,optimal,optimal,optimal,07:50:00
2025-03-20,48,1.1788,0.0,1067.5983333333334,579.4187499999999,6000.0,5256.977145112488,4714.5553858532285,0.0,0.0,0.0,488.1795833333334,0.0,0.0,0.0,0.0,Q4 SMOKE / TEST ONLY,1112.7583333333332,552.7137500000001,1e-07,0.0,0.0,26892.253458445324,optimal,optimal,optimal,08:00:00
2025-03-20,49,1.2356,0.0,1109.6747666666665,626.8709166666666,6000.0,4714.5553858532285,4178.106663631006,0.0,0.0,0.0,482.8038499999999,0.0,0.0,0.0,0.0,Q4 SMOKE / TEST ONLY,1093.47255,602.3679133333333,1e-07,0.0,0.0,26331.38550659349,optimal,optimal,optimal,08:10:00
2025-03-20,50,1.1876,0.0,1101.1000166666665,662.7286166666667,6000.0,4178.106663631006,3691.027330297673,0.0,0.0,0.0,438.3713999999999,0.0,0.0,0.0,0.0,Q4 SMOKE / TEST ONLY,1061.1283833333332,653.61618,1e-07,0.0,0.0,25863.512776963937,optimal,optimal,optimal,08:20:00
2025-03-20,51,1.1569,0.0,1114.545,703.3874999999999,6000.0,3691.027330297673,3234.1856636310063,0.0,0.0,0.0,411.15750000000014,0.0,0.0,0.0,0.0,Q4 SMOKE / TEST ONLY,1097.8116666666665,708.19,1e-07,0.0,0.0,25424.29085103806,optimal,optimal,optimal,08:30:00
2025-03-20,52,1.0869,0.0,1108.2959999999998,775.6238166666667,6000.0,3234.1856636310063,2864.5499043717473,0.0,0.0,0.0,332.6721833333331,0.0,0.0,0.0,0.0,Q4 SMOKE / TEST ONLY,1078.9321166666666,760.2035399999999,1e-07,0.0,0.0,24998.434976963992,optimal,optimal,optimal,08:40:00
2025-03-20,53,1.0527,0.0,1117.5889166666666,839.5837833333333,6000.0,2864.5499043717473,2555.6553117791545,0.0,0.0,0.0,278.00513333333333,0.0,0.0,0.0,0.0,Q4 SMOKE / TEST ONLY,1088.8490333333332,813.2562633333333,1e-07,0.0,0.0,24634.160025112105,optimal,optimal,optimal,08:50:00
2025-03-20,54,1.068,0.0,1126.3016666666667,863.4812499999999,6000.0,2555.6553117791545,2263.6326265939692,0.0,0.0,0.0,262.8204166666668,0.0,0.0,0.0,0.0,Q4 SMOKE / TEST ONLY,1129.3283333333334,867.6762499999999,1e-07,0.0,0.0,24327.861728815747,optimal,optimal,optimal,09:00:00
2025-03-20,55,1.0672,0.0,1082.3667333333333,861.0829666666666,6000.0,2263.6326265939692,2017.7617747421173,0.0,0.0,0.0,221.28376666666668,0.0,0.0,0.0,0.0,Q4 SMOKE / TEST ONLY,1104.7292333333332,920.2651266666666,1e-07,0.0,0.0,24117.660510297206,optimal,optimal,optimal,09:10:00
2025-03-20,56,1.0563,0.0,1072.7398666666666,922.2214999999999,6000.0,2017.7617747421173,1850.5191451124876,0.0,0.0,0.0,150.51836666666668,0.0,0.0,0.0,0.0,Q4 SMOKE / TEST ONLY,1077.4548666666665,976.0295966666665,1e-07,0.0,0.0,23980.885428815724,optimal,optimal,optimal,09:20:00
2025-03-20,57,1.0344,0.0,1095.1416666666667,1017.95625,6000.0,1850.5191451124876,1764.7575710384135,0.0,0.0,0.0,77.1854166666667,0.0,0.0,0.0,0.0,Q4 SMOKE / TEST ONLY,1080.4125,1026.1200000000001,1e-07,0.0,0.0,23864.515947334214,optimal,optimal,optimal,09:30:00
2025-03-20,58,0.9937,0.0,1066.5605833333334,1030.4658333333332,6000.0,1764.7575710384135,1724.6522932606356,0.0,0.0,0.0,36.094750000000204,0.0,0.0,0.0,0.0,Q4 SMOKE / TEST ONLY,1083.1350416666664,1053.2489033333334,1e-07,0.0,0.0,23792.551288074905,optimal,optimal,optimal,09:40:00
2025-03-20,59,0.9971,0.0,1074.321683333333,1033.0643333333333,6000.0,1724.6522932606356,1678.8107932606358,0.0,0.0,0.0,41.25734999999986,0.0,0.0,0.0,0.0,Q4 SMOKE / TEST ONLY,1083.5523416666667,1069.9281233333331,1e-07,0.0,0.0,23813.85296955634,optimal,optimal,optimal,09:50:00
2025-03-20,60,1.0131,0.0,1116.2383333333332,1071.03125,6000.0,1678.8107932606358,1628.5807006680434,0.0,0.0,0.0,45.20708333333323,0.0,0.0,0.0,0.0,Q4 SMOKE / TEST ONLY,1083.2483333333334,1088.7199999999998,1e-07,0.0,0.0,23868.471654741486,optimal,optimal,optimal,10:00:00
2025-03-20,61,0.948,0.0,1096.3326,1112.54135,6000.0,1628.5807006680434,1643.1685756680433,0.0,0.0,16.20875000000001,0.0,0.0,0.0,0.0,0.0,Q4 SMOKE / TEST ONLY,1080.4855083333332,1111.8264233333334,1e-07,0.0,0.0,23818.24156214882,optimal,optimal,optimal,10:10:00
2025-03-20,62,0.9058,0.0,1074.2128666666667,1129.0006666666666,6000.0,1643.1685756680433,1692.4775956680433,0.0,0.0,54.787799999999834,0.0,0.0,0.0,0.0,0.0,Q4 SMOKE / TEST ONLY,1076.8849083333332,1130.6338899999998,1e-07,0.0,0.0,23803.653687148762,optimal,optimal,optimal,10:20:00
2025-03-20,63,0.9279,0.0,1078.935,1146.5124999999998,6000.0,1692.4775956680433,1753.2973456680431,0.0,0.0,67.57749999999987,0.0,0.0,0.0,0.0,0.0,Q4 SMOKE / TEST ONLY,1069.5825,1141.3537499999998,1e-07,0.0,0.0,23754.34466714872,optimal,optimal,optimal,10:30:00
2025-03-20,64,0.927,0.0,1075.7058833333333,1211.41895,6000.0,1753.2973456680431,1875.439105668043,0.0,0.0,135.7130666666667,0.0,0.0,0.0,0.0,0.0,Q4 SMOKE / TEST ONLY,1056.2942916666666,1152.6206233333332,1e-07,0.0,0.0,23693.524917148647,optimal,optimal,optimal,10:40:00
2025-03-20,65,0.7628,0.0,1058.7226666666666,1242.5592333333334,6000.0,1875.439105668043,2040.8920156680433,0.0,0.0,183.83656666666684,0.0,0.0,0.0,0.0,0.0,Q4 SMOKE / TEST ONLY,1057.3969083333332,1190.9194366666666,1e-07,0.0,0.0,23571.38315714857,optimal,optimal,optimal,10:50:00
2025-03-20,66,0.544,704.2245833333335,1046.6499999999999,1210.5,6000.0,2040.8920156680433,2790.892015668043,704.2245833333335,0.0,129.10874999999987,4.547473508864641e-13,0.0,383.0981733333335,0.0,383.0981733333335,Q4 SMOKE / TEST ONLY,1072.9708333333333,1240.23125,1e-07,0.0,0.0,23405.93024714855,optimal,optimal,optimal,11:00:00
2025-03-20,67,0.5346,710.5830358333336,1060.3406,1170.2779833333334,6000.0,2790.892015668043,3529.360392918043,710.5830358333336,0.0,109.9373833333334,0.0,0.0,379.87769095650015,0.0,379.87769095650015,Q4 SMOKE / TEST ONLY,1079.940175,1258.5218699999998,1e-07,0.0,0.0,22655.930247148517,optimal,optimal,optimal,11:10:00
2025-03-20,68,0.5872,687.0912133333337,1065.6395499999999,1175.4807,6000.0,3529.360392918043,4246.599519918043,687.0912133333337,0.0,109.8411500000002,0.0,0.0,403.45996046933357,0.0,403.45996046933357,Q4 SMOKE / TEST ONLY,1067.87255,1284.3962366666665,1e-07,0.0,0.0,21917.46186989848,optimal,optimal,optimal,11:20:00
2025-03-20,69,0.577,650.9150000000001,1060.0166666666667,1219.59375,6000.0,4246.599519918043,4976.042394918043,650.9150000000001,0.0,159.57708333333335,0.0,0.0,375.57795500000003,0.0,375.57795500000003,Q4 SMOKE / TEST ONLY,1056.8016666666667,1312.56,1e-07,0.0,0.0,21200.222742898462,optimal,optimal,optimal,11:30:00
2025-03-20,70,0.5241,697.2364244444442,1070.6712666666667,1250.9388833333333,6000.0,4976.042394918043,5726.042394918043,697.2364244444442,0.0,136.09690888888917,0.0,0.0,365.42161005133323,0.0,365.42161005133323,Q4 SMOKE / TEST ONLY,1071.4544833333332,1295.5422933333334,1e-07,0.0,0.0,20470.77986789839,optimal,optimal,optimal,11:40:00
2025-03-20,71,0.5111,703.2722999999999,1063.2702666666667,1272.5053833333332,6000.0,5726.042394918043,6476.042394918044,703.2722999999999,0.0,130.0610333333335,-9.094947017729282e-13,0.0,359.4424725299999,0.0,359.4424725299999,Q4 SMOKE / TEST ONLY,1051.2295166666665,1273.8330533333333,1e-07,0.0,0.0,19720.779867898316,optimal,optimal,optimal,11:50:00
2025-03-20,72,0.5158,612.6583333333336,1028.0533333333333,1303.0749999999998,6000.0,6476.042394918044,7226.042394918045,612.6583333333336,0.0,220.67499999999973,-9.094947017729282e-13,0.0,316.0091683333335,0.0,316.0091683333335,Q4 SMOKE / TEST ONLY,1004.3441666666666,1273.5324999999998,1e-07,0.0,0.0,18970.77986789828,optimal,optimal,optimal,12:00:00
2025-03-20,73,0.4519,580.9074100000001,993.1352666666667,1347.1565833333334,6000.0,7226.042394918045,7976.042394918044,580.9074100000001,0.0,252.42592333333323,9.094947017729282e-13,0.0,262.5120585790001,0.0,262.5120585790001,Q4 SMOKE / TEST ONLY,1002.6246,1285.47513,1e-07,0.0,0.0,18220.77986789821,optimal,optimal,optimal,12:10:00
2025-03-20,74,0.4435,569.7581766666667,975.87165,1348.4284499999999,6000.0,7976.042394918044,8726.042394918042,569.7581766666667,0.0,263.57515666666666,1.8189894035458565e-12,0.0,252.6877513516667,0.0,252.6877513516667,Q4 SMOKE / TEST ONLY,1012.05115,1306.6463066666668,1e-07,0.0,0.0,17470.779867898127,optimal,optimal,optimal,12:20:00
2025-03-20,75,0.4915,557.0766666666667,980.6099999999999,1284.89375,6000.0,8726.042394918042,9285.024822245121,557.0766666666667,0.0,64.01491925230908,0.0,0.0,273.80318166666666,0.0,273.80318166666666,Q4 SMOKE / TEST ONLY,1005.5158333333333,1309.9399999999998,1e-07,0.0,0.0,16720.779867898123,optimal,optimal,optimal,12:30:00
2025-03-20,76,0.4972,599.0914683333332,1001.0465666666666,1200.876,6000.0,9285.024822245121,9824.207143745121,599.0914683333332,0.0,0.0,0.0,0.0,297.86827805533323,0.0,297.86827805533323,Q4 SMOKE / TEST ONLY,993.8768333333333,1265.72416,1.0000000000000002e-07,0.0,0.0,16161.79744057107,optimal,optimal,optimal,12:40:00
2025-03-20,77,0.6604,435.6312461111128,1028.0591333333332,1201.1573666666666,6000.0,9824.207143745121,10216.275265245124,435.6312461111128,0.0,0.0,0.0,0.0,287.69087493177886,0.0,287.69087493177886,Q4 SMOKE / TEST ONLY,1001.3187166666667,1235.4473866666667,1e-07,0.0,0.0,15622.61511907107,optimal,optimal,optimal,12:50:00
2025-03-20,78,0.9001,0.0,1058.5633333333333,1254.3,6000.0,10216.275265245124,10216.275265245124,0.0,0.0,0.0,0.0,0.0,0.0,0.0,0.0,Q4 SMOKE / TEST ONLY,1030.6374999999998,1236.2237499999999,1e-07,0.0,0.0,15230.54699757103,optimal,optimal,optimal,13:00:00
2025-03-20,79,0.9125,0.0,1085.1036,1223.1791666666666,6000.0,10216.275265245124,10216.275265245124,0.0,0.0,0.0,0.0,0.0,0.0,0.0,0.0,Q4 SMOKE / TEST ONLY,1058.511125,1226.6909533333333,1e-07,0.0,0.0,15230.546997570997,optimal,optimal,optimal,13:10:00
2025-03-20,80,0.919,0.0,1059.80525,1150.1056333333331,6000.0,10216.275265245124,10216.275265245124,0.0,0.0,0.0,0.0,0.0,0.0,0.0,0.0,Q4 SMOKE / TEST ONLY,1056.6693,1201.6231266666666,1e-07,0.0,0.0,15230.546997570986,optimal,optimal,optimal,13:20:00
2025-03-20,81,0.9817,0.0,1006.55,1101.6687499999998,6000.0,10216.275265245124,10216.275265245124,0.0,0.0,0.0,0.0,0.0,0.0,0.0,0.0,Q4 SMOKE / TEST ONLY,1044.8883333333333,1176.4599999999998,1e-07,0.0,0.0,15230.546997571011,optimal,optimal,optimal,13:30:00
2025-03-20,82,0.9361,0.0,1004.8308,1107.0299166666666,6000.0,10216.275265245124,10216.275265245124,0.0,0.0,0.0,0.0,0.0,0.0,0.0,0.0,Q4 SMOKE / TEST ONLY,1064.7725833333334,1165.9459533333331,1e-07,0.0,0.0,15230.546997570993,optimal,optimal,optimal,13:40:00
2025-03-20,83,0.8829,0.0,1029.6302166666665,1134.42295,6000.0,10216.275265245124,10216.275265245124,0.0,0.0,0.0,0.0,0.0,0.0,0.0,0.0,Q4 SMOKE / TEST ONLY,1053.599325,1140.0393933333332,1e-07,0.0,0.0,15230.546997570942,optimal,optimal,optimal,13:50:00
2025-03-20,84,0.8924,0.0,1046.67,1133.3249999999998,6000.0,10216.275265245124,10216.275265245124,0.0,0.0,0.0,0.0,0.0,0.0,0.0,0.0,Q4 SMOKE / TEST ONLY,1022.7008333333333,1092.85125,1e-07,0.0,0.0,15230.546997570898,optimal,optimal,optimal,14:00:00
2025-03-20,85,0.9351,0.0,1047.24705,1075.6022833333332,6000.0,10216.275265245124,10216.275265245124,0.0,0.0,0.0,0.0,0.0,0.0,0.0,0.0,Q4 SMOKE / TEST ONLY,1045.810475,1048.9679500000002,1e-07,0.0,0.0,15230.54699757088,optimal,optimal,optimal,14:10:00
2025-03-20,86,0.9817,0.0,1052.4853333333333,1033.9314333333332,6000.0,10216.275265245124,10195.65982080068,0.0,0.0,0.0,18.553900000000112,0.0,0.0,0.0,0.0,Q4 SMOKE / TEST ONLY,1048.3293083333333,1012.9687499999998,1e-07,0.0,0.0,15193.19886794126,optimal,optimal,optimal,14:20:00
2025-03-20,87,1.0267,0.0,1058.7983333333332,1019.28125,6000.0,10195.65982080068,10151.751950430309,0.0,0.0,0.0,39.517083333333176,0.0,0.0,0.0,0.0,Q4 SMOKE / TEST ONLY,1025.878333333333,983.2637499999998,1e-07,0.0,0.0,15165.700090163511,optimal,optimal,optimal,14:30:00
2025-03-20,88,1.0547,0.0,1043.2368833333333,972.9436000000001,6000.0,10151.751950430309,10073.648302282161,0.0,0.0,0.0,70.29328333333319,0.0,0.0,0.0,0.0,Q4 SMOKE / TEST ONLY,1049.4725166666667,955.2829333333333,1e-07,0.0,0.0,15068.689330904235,optimal,optimal,optimal,14:40:00
2025-03-20,89,0.9267,0.0,1031.6857666666665,905.3272499999999,6000.0,10073.648302282161,9933.24995045429,0.0,0.0,0.0,126.3585166450846,2.1581957483543757e-08,0.0,1e-07,1e-07,Q4 SMOKE / TEST ONLY,1061.2026916666666,916.5155733333334,1e-07,0.0,0.0,14949.855456829122,optimal,optimal,optimal,14:50:00
2025-03-20,90,0.7137,704.5264032921787,1026.1066666666666,845.4624999999999,6000.0,9933.24995045429,10404.743963417252,523.882236625512,180.6441666666667,0.0,0.0,0.0,502.8204940296279,0.0,502.8204940296279,Q4 SMOKE / TEST ONLY,1041.1058333333333,872.2474999999998,1e-07,0.0,0.0,14809.457104965673,optimal,optimal,optimal,15:00:00
2025-03-20,91,0.6525,206.18247333333318,1006.5609833333333,809.2424166666666,6000.0,10404.743963417252,10412.72147941725,8.86390666666648,197.3185666666667,0.0,0.0,0.0,134.53406384999988,0.0,134.53406384999988,Q4 SMOKE / TEST ONLY,1029.4447,838.97204,1e-07,0.0,0.0,14337.96309200268,optimal,optimal,optimal,15:10:00
2025-03-20,92,0.6799,244.13751916666672,1009.1131499999999,760.3063833333333,6000.0,10412.72147941725,10407.533426672157,0.0,244.13751916666672,0.0,4.66924747058377,2.9416090601559053e-08,165.98909928141669,1e-07,165.98909938141668,Q4 SMOKE / TEST ONLY,1022.6769916666667,799.6456333333332,1e-07,0.0,0.0,14340.361681528491,optimal,optimal,optimal,15:20:00
2025-03-20,93,0.7301,292.69666666666694,1031.28,691.1374999999999,6000.0,10407.533426672157,10392.851676308213,0.0,292.69666666666694,0.0,13.213575327548753,34.232258005784345,213.69783633333353,124.96485785011575,338.6626941834493,Q4 SMOKE / TEST ONLY,1022.9483333333333,745.1387499999998,1e-07,124.96485775011577,0.0,14364.537129511278,optimal,optimal,optimal,15:30:00
2025-03-20,94,0.805,366.66665166666667,1032.5620166666665,629.7797499999999,6000.0,10392.851676308213,10405.044411189318,13.54748320122593,353.11916846544074,0.0,0.0,49.663098201225864,295.16665459166666,199.89397025993412,495.0606248516008,Q4 SMOKE / TEST ONLY,1037.5948583333334,684.47569,1e-07,199.89397065554314,0.0,14349.855378970416,optimal,optimal,optimal,15:40:00
2025-03-20,95,0.8788,413.3553433333335,1031.0229333333332,578.5704833333333,6000.0,10405.044411189318,10405.044411189318,0.0,413.3553433333335,0.0,0.0,39.09710666666638,363.2566757213335,171.79268669333206,535.0493624146656,Q4 SMOKE / TEST ONLY,1027.6772,632.4123766666667,1e-07,244.9033647692828,0.0,14337.662644086966,optimal,optimal,optimal,15:50:00
2025-03-20,96,0.9089,425.9024999999998,1033.3616666666667,526.0374999999999,6000.0,10405.044411189318,10405.044411189318,0.0,425.9024999999998,0.0,0.0,81.42166666666697,387.10278224999985,370.020764166668,757.1235464166679,Q4 SMOKE / TEST ONLY,1002.9283333333332,586.2662499999999,1.0000002248489182e-07,482.8236017666976,0.0,14337.662644071763,optimal,optimal,optimal,16:00:00
2025-03-20,97,0.8767,489.5105433333333,1025.5623833333334,463.3008333333333,6000.0,10405.044411189318,10405.044411189318,0.0,489.5105433333333,0.0,0.0,72.75100666666685,429.15389334033335,318.9040377233341,748.0579310636674,Q4 SMOKE / TEST ONLY,1012.500425,529.8698999999999,1.0000002248489182e-07,467.69133589494646,0.0,14337.662644011834,optimal,optimal,optimal,16:10:00
2025-03-20,98,0.8888,561.1582333333333,1016.9598666666667,417.89265,6000.0,10405.044411189318,10440.98159263123,39.930201602124384,521.228031731209,0.0,0.0,77.83918493545774,498.7574377866667,345.91733785317416,844.6747756398408,Q4 SMOKE / TEST ONLY,1023.1614333333332,467.72244666666666,1.0000002248489182e-07,345.91733857678986,0.0,14337.66264397314,optimal,optimal,optimal,16:20:00
2025-03-20,99,0.9441,615.3816666666667,1019.8249999999999,389.06874999999997,6000.0,10440.98159263123,10443.846592512873,3.183333201825576,612.1983334648411,0.0,0.0,18.55791653515887,580.9818315,87.60264500421745,668.5844765042175,Q4 SMOKE / TEST ONLY,1018.3958333333333,406.19749999999993,1e-07,87.60264639363203,0.0,14301.725462294515,optimal,optimal,optimal,16:30:00
2025-03-20,100,0.946,673.8576350000001,1034.9158166666666,346.1802666666666,6000.0,10443.846592512873,10448.811855004831,5.516958324398161,668.3406766756019,0.0,0.0,20.39487332439807,637.46932271,96.46775082440286,733.9370735344029,Q4 SMOKE / TEST ONLY,1016.2929166666667,347.95223999999996,1.000000082740371e-07,96.46775225887906,0.0,14298.860462396791,optimal,optimal,optimal,16:40:00
2025-03-20,101,0.9677,730.9829566666666,1031.6998333333331,288.97555,6000.0,10448.811855004831,10452.813649369953,4.4464381834684445,726.5365184831982,0.0,0.0,16.187764850134936,707.3722071663333,78.32450022737788,785.6967073937112,Q4 SMOKE / TEST ONLY,1021.1669749999999,294.63045666666665,1e-07,78.32450241988013,0.0,14293.895199635077,optimal,optimal,optimal,16:50:00
2025-03-20,102,1.0139,791.6933333333333,1017.0316666666665,229.61875,6000.0,10452.813649369953,10456.666024369953,4.280416666666724,787.4129166666665,0.0,0.0,0.0,802.6978706666666,0.0,802.6978706666666,Q4 SMOKE / TEST ONLY,1026.9191666666666,244.52749999999997,1.0000000116860974e-07,25.41063003992796,0.0,14280.855155234378,optimal,optimal,optimal,17:00:00
2025-03-20,103,1.0152,839.6704699999999,1023.8828166666667,180.65036666666666,6000.0,10456.666024369953,10456.666024369953,0.0,839.6704699999999,0.0,0.0,3.561980000000176,852.433461144,18.080610480000896,870.514071624001,Q4 SMOKE / TEST ONLY,1022.8041,194.16588,1e-07,99.3120335163857,0.0,14257.144730234384,optimal,optimal,optimal,17:10:00
2025-03-20,104,1.0487,868.9055777777775,1012.5022333333333,138.64704999999998,6000.0,10456.666024369953,10456.666024369953,0.0,868.9055777777775,0.0,0.0,4.949605555555877,911.2212794155552,25.95325673055724,937.1745361461124,Q4 SMOKE / TEST ONLY,1007.2398999999998,145.39690666666667,1e-07,142.92233554153813,0.0,14244.432078234378,optimal,optimal,optimal,17:20:00
2025-03-20,105,1.0879,924.7966666666666,1004.28,99.55624999999999,6000.0,10456.666024369953,10474.731649369953,20.07291666666663,904.72375,0.0,0.0,0.0,1006.0862936666667,0.0,1006.0862936666667,Q4 SMOKE / TEST ONLY,1016.0791666666665,98.8475,1.0000000116860974e-07,53.70052853335239,0.0,14266.946328234393,optimal,optimal,optimal,17:30:00
2025-03-20,106,1.0391,1027.3435016666665,1035.5736,62.48285,6000.0,10474.731649369953,10523.559125869953,54.25275166666654,973.09075,0.0,0.0,0.0,1067.512632581833,0.0,1067.512632581833,Q4 SMOKE / TEST ONLY,1062.6250166666666,54.38040666666666,1e-07,0.0,0.0,14267.975406050033,optimal,optimal,optimal,17:40:00
2025-03-20,107,1.0932,939.1658166666665,899.02445,26.021266666666666,6000.0,10523.559125869953,10583.105495869953,66.16263333333313,873.0031833333334,0.0,0.0,0.0,1026.6960707799997,0.0,1026.6960707799997,Q4 SMOKE / TEST ONLY,943.9289249999999,19.08338,1e-07,0.0,0.0,14219.147929550021,optimal,optimal,optimal,17:50:00
2025-03-20,108,1.2488,739.5666666666666,682.3533333333332,0.0,6000.0,10583.105495869953,10634.597495869953,57.21333333333337,682.3533333333332,0.0,0.0,0.0,923.5708533333332,0.0,923.5708533333332,Q4 SMOKE / TEST ONLY,726.3891666666666,0.0,1e-07,0.0,0.0,14159.601559550043,optimal,optimal,optimal,18:00:00
2025-03-20,109,1.2993,703.534175,697.9972833333333,0.0,6000.0,10634.597495869953,10639.580698369953,5.536891666666747,697.9972833333333,0.0,0.0,0.0,914.1019535774999,0.0,914.1019535774999,Q4 SMOKE / TEST ONLY,695.059475,0.0,1e-07,0.0,0.0,14108.109559550066,optimal,optimal,optimal,18:10:00
2025-03-20,110,1.2761,237.12800500000134,740.2377833333333,0.9295666666666667,6000.0,10639.580698369953,10081.602685406991,0.0,237.12800500000134,0.0,502.18021166666523,0.0,302.5990471805017,0.0,302.5990471805017,Q4 SMOKE / TEST ONLY,720.9185749999999,0.62445,1e-07,0.0,0.0,14145.379894087124,optimal,optimal,optimal,18:20:00
2025-03-20,111,1.2567,0.0,709.2416666666666,0.0,6000.0,10081.602685406991,9293.556389110692,0.0,0.0,0.0,709.2416666666686,0.0,0.0,0.0,0.0,Q4 SMOKE / TEST ONLY,715.3758333333333,0.0,1e-07,0.0,0.0,13573.770399642686,optimal,optimal,optimal,18:30:00
2025-03-20,112,1.2773,0.0,714.4228166666667,0.0,6000.0,9293.556389110692,8499.753259481062,0.0,0.0,0.0,714.422816666668,0.0,0.0,0.0,0.0,Q4 SMOKE / TEST ONLY,721.9734916666666,0.0,1e-07,0.0,0.0,12768.944825568626,optimal,optimal,optimal,18:40:00
2025-03-20,113,1.2813,0.0,745.0410666666667,0.06673333333333333,6000.0,8499.753259481062,7672.004000221803,0.0,0.0,0.0,744.9743333333333,0.0,0.0,0.0,0.0,Q4 SMOKE / TEST ONLY,723.9703,0.04483333333333333,1e-07,0.0,0.0,12021.916955198261,optimal,optimal,optimal,18:50:00
2025-03-20,114,1.2693,0.0,763.2066666666666,0.0,6000.0,7672.004000221803,6823.996592814396,0.0,0.0,0.0,763.2066666666669,0.0,0.0,0.0,0.0,Q4 SMOKE / TEST ONLY,715.5775,0.0,1e-07,0.0,0.0,11300.010288531648,optimal,optimal,optimal,19:00:00
2025-03-20,115,1.2899,0.0,746.7180333333333,0.0,6000.0,6823.996592814396,5994.309889110691,0.0,0.0,0.0,746.7180333333345,0.0,0.0,0.0,0.0,Q4 SMOKE / TEST ONLY,713.4299583333334,0.0,1.000000082740371e-07,76.09953856615215,0.0,10499.01719267897,optimal,optimal,optimal,19:10:00
2025-03-20,116,1.2669,0.0,714.2603,0.0048,6000.0,5994.309889110691,5200.692666888469,0.0,0.0,0.0,714.2555,0.0,0.0,0.0,0.0,Q4 SMOKE / TEST ONLY,713.9882749999999,0.0032199999999999993,1e-07,77.7944347697281,0.0,9669.330488975265,optimal,optimal,optimal,19:20:00
2025-03-20,117,1.2323,0.0,699.4633333333333,0.0,6000.0,5200.692666888469,4423.511185425021,0.0,0.0,0.0,699.4633333171032,1.6229932953137904e-08,0.0,1.000007318907592e-07,1.000007318907592e-07,Q4 SMOKE / TEST ONLY,724.4941666666666,0.0,1e-07,0.0,0.0,8847.649370012503,optimal,optimal,optimal,19:30:00
2025-03-20,118,1.2902,0.0,721.8114,0.0,6000.0,4423.511185425021,3621.4985187583534,0.0,0.0,0.0,721.8114000000005,0.0,0.0,0.0,0.0,Q4 SMOKE / TEST ONLY,752.241325,0.0,1e-07,0.0,0.0,8002.845832958064,optimal,optimal,optimal,19:40:00
2025-03-20,119,1.2824,755.2358533333335,728.4913499999999,0.00034999999999999994,6000.0,3621.4985187583534,3645.5688867583535,26.744853333333594,728.4909999999999,0.0,0.0,0.0,968.5144583146669,0.0,968.5144583146669,Q4 SMOKE / TEST ONLY,743.8909833333333,0.00019666666666666666,1e-07,0.0,0.0,7200.833166291413,optimal,optimal,optimal,19:50:00
2025-03-20,120,1.2233,731.4019444444444,726.3683333333333,0.0,6000.0,3645.5688867583535,3650.0991367583533,5.0336111111110995,726.3683333333333,0.0,0.0,0.0,894.7239986388889,0.0,894.7239986388889,Q4 SMOKE / TEST ONLY,714.3341666666665,0.0,1.0000000000000002e-07,0.0,0.0,7176.762798291413,optimal,optimal,optimal,20:00:00
2025-03-20,121,1.2789,743.2734333333333,764.3365166666667,0.0,6000.0,3650.0991367583533,3626.6957108324273,0.0,743.2734333333333,0.0,21.063083333333452,0.0,950.5723938899998,0.0,950.5723938899998,Q4 SMOKE / TEST ONLY,730.0081666666666,0.0,1e-07,0.0,0.0,7219.039400143283,optimal,optimal,optimal,20:10:00
2025-03-20,122,1.2779,0.0,753.9438166666666,0.0,6000.0,3626.6957108324273,2788.9803589805756,0.0,0.0,0.0,753.9438166666664,3.425106230755315e-13,0.0,2.1884716261411086e-12,2.1884716261411086e-12,Q4 SMOKE / TEST ONLY,732.8160333333333,0.0,1.0000000116860974e-07,45.41252936079142,0.0,7226.6957106974405,optimal,optimal,optimal,20:20:00
2025-03-20,123,1.2388,0.0,702.5616666666666,0.0,6000.0,2788.9803589805756,2008.3562849244404,0.0,0.0,0.0,702.5616666505216,1.6144895198522136e-08,0.0,1.0000148085964609e-07,1.0000148085964609e-07,Q4 SMOKE / TEST ONLY,713.1741666666667,0.0,1e-07,0.0,0.0,6381.287918661328,optimal,optimal,optimal,20:30:00
2025-03-20,124,1.3228,0.0,709.3744833333333,0.0,6000.0,2008.3562849244404,1220.1624145708693,0.0,0.0,0.0,709.3744833182141,1.5119212548597716e-08,0.0,9.999847179642529e-08,9.999847179642529e-08,Q4 SMOKE / TEST ONLY,724.0590583333333,0.0,1e-07,0.0,0.0,5568.031455682707,optimal,optimal,optimal,20:40:00
2025-03-20,125,1.1769,762.0680249999999,719.8359833333334,0.0,6000.0,1220.1624145708693,1258.171252070869,42.23204166666653,719.8359833333334,0.0,0.0,0.0,896.8778586225,0.0,896.8778586225,Q4 SMOKE / TEST ONLY,746.7855416666666,0.0,1e-07,0.0,0.0,4779.837585329136,optimal,optimal,optimal,20:50:00
2025-03-20,126,0.8862,773.1191666666666,709.5416666666666,0.0,6000.0,1258.171252070869,1315.391002070869,63.577499999999986,709.5416666666666,0.0,0.0,0.0,685.1382054999999,0.0,685.1382054999999,Q4 SMOKE / TEST ONLY,752.0391666666667,0.0,1e-07,0.0,0.0,4741.828747829135,optimal,optimal,optimal,21:00:00
2025-03-20,127,0.917,751.9261583333331,715.0446833333333,0.0,6000.0,1315.391002070869,1348.584329570869,36.881474999999796,715.0446833333333,0.0,0.0,0.0,689.5162871916665,0.0,689.5162871916665,Q4 SMOKE / TEST ONLY,730.3366749999999,0.0,1e-07,0.0,0.0,4684.608997829135,optimal,optimal,optimal,21:10:00
2025-03-20,128,0.9999,737.8657416666666,736.4505999999999,0.0,6000.0,1348.584329570869,1349.857957070869,1.4151416666667274,736.4505999999999,0.0,0.0,0.0,737.7919550925,0.0,737.7919550925,Q4 SMOKE / TEST ONLY,717.3826166666666,0.0,1e-07,0.0,0.0,4651.4156703291355,optimal,optimal,optimal,21:20:00
2025-03-20,129,0.9964,743.1633333333333,758.9333333333334,0.0,6000.0,1349.857957070869,1332.3357348709487,0.0,743.1633333333333,0.0,15.76999997992823,2.0071865947102197e-08,740.4879453333333,9.999803614846314e-08,740.4879454333313,Q4 SMOKE / TEST ONLY,727.0691666666667,0.0,1e-07,0.0,0.0,4685.186487228973,optimal,optimal,optimal,21:30:00
2025-03-20,130,1.0003,741.8732124999999,754.3754666666666,0.0,6000.0,1332.3357348709487,1318.4443413746453,0.0,741.8732124999999,0.0,12.502254146673067,1.9993649402749725e-08,742.0957744637499,9.999823748785275e-08,742.0957745637481,Q4 SMOKE / TEST ONLY,728.5747666666666,0.0,1e-07,0.0,0.0,4695.447052021656,optimal,optimal,optimal,21:40:00
2025-03-20,131,0.7708,665.3406249999999,666.9375333333332,0.0,6000.0,1318.4443413746453,1316.6699988108824,0.0,665.3406249999999,0.0,1.5969083073865704,2.5946746973204426e-08,512.8445537499999,9.999876283472986e-08,512.8445538499986,Q4 SMOKE / TEST ONLY,650.204975,0.0,1e-07,0.0,0.0,4685.104343652882,optimal,optimal,optimal,21:50:00
2025-03-20,132,0.419,1400.0949999999998,553.1566666666666,0.0,6000.0,1316.6699988108824,2066.669998810883,833.3333333333335,566.7616666666663,0.0,-4.547473508864641e-13,0.0,586.6398049999999,0.0,586.6398049999999,Q4 SMOKE / TEST ONLY,544.7316666666666,0.0,1e-07,0.0,0.0,4683.330001089116,optimal,optimal,optimal,22:00:00
2025-03-20,133,0.3484,1391.6796583333332,538.9014666666667,0.0,6000.0,2066.669998810883,2816.669998810883,833.3333333333334,558.3463249999999,0.0,0.0,0.0,484.8611929633333,0.0,484.8611929633333,Q4 SMOKE / TEST ONLY,544.2448583333332,0.0,1e-07,0.0,0.0,3933.330001089118,optimal,optimal,optimal,22:10:00
2025-03-20,134,0.3833,579.3518333333332,553.3285,0.0,6000.0,2816.669998810883,2840.090998810883,26.0233333333332,553.3285,0.0,0.0,0.0,222.06555771666658,0.0,222.06555771666658,Q4 SMOKE / TEST ONLY,564.943325,0.0,1e-07,0.0,0.0,3183.3300010891144,optimal,optimal,optimal,22:20:00
2025-03-20,135,0.3903,1412.8191666666667,542.64,0.0,6000.0,2840.090998810883,3590.0909988108824,833.3333333333334,579.4858333333333,0.0,4.547473508864641e-13,0.0,551.42332075,0.0,551.42332075,Q4 SMOKE / TEST ONLY,561.3791666666666,0.0,1e-07,0.0,0.0,3159.9090010891196,optimal,optimal,optimal,22:30:00
2025-03-20,136,0.4126,919.553999999999,524.0220999999999,0.0,6000.0,3590.0909988108824,3946.0697088108814,395.53189999999904,524.0220999999999,0.0,0.0,0.0,379.4079803999996,0.0,379.4079803999996,Q4 SMOKE / TEST ONLY,568.2916333333333,0.0,1e-07,0.0,0.0,2409.909001089117,optimal,optimal,optimal,22:40:00
2025-03-20,137,0.4343,584.1216583333334,526.9695666666667,0.0,6000.0,3946.0697088108814,3997.5065913108815,57.152091666666706,526.9695666666667,0.0,0.0,0.0,253.6840362141667,0.0,253.6840362141667,Q4 SMOKE / TEST ONLY,567.622875,0.0,1e-07,0.0,0.0,2053.9302910891183,optimal,optimal,optimal,22:50:00
2025-03-20,138,0.4428,578.1975,549.4,0.0,6000.0,3997.5065913108815,4023.4243413108816,28.797500000000014,549.4,0.0,0.0,0.0,256.025853,0.0,256.025853,Q4 SMOKE / TEST ONLY,564.9208333333333,0.0,1e-07,0.0,0.0,2002.4934085891182,optimal,optimal,optimal,23:00:00
2025-03-20,139,0.4397,594.919725,559.40135,0.0,6000.0,4023.4243413108816,4055.3908788108815,35.51837499999999,559.40135,0.0,0.0,0.0,261.5862030825,0.0,261.5862030825,Q4 SMOKE / TEST ONLY,585.1075833333333,0.0,1e-07,0.0,0.0,1976.5756585891195,optimal,optimal,optimal,23:10:00
2025-03-20,140,0.4049,599.0018875000001,543.6279333333333,0.0,6000.0,4055.3908788108815,4105.227437605337,55.373954216061634,543.6279332839384,0.0,0.0,4.9394912324030626e-08,242.53586424875002,1e-07,242.53586434875,Q4 SMOKE / TEST ONLY,582.3503166666667,0.0,1e-07,0.0,0.0,1944.6091210891182,optimal,optimal,optimal,23:20:00
2025-03-20,141,0.3814,579.1133333333332,544.6216666666667,0.0,6000.0,4105.227437605337,4136.269937652532,34.491666719104956,544.6216666142283,0.0,0.0,5.243838489774515e-08,220.87382533333331,1e-07,220.8738254333333,Q4 SMOKE / TEST ONLY,563.0616666666666,0.0,1e-07,0.0,0.0,1894.7725622946637,optimal,optimal,optimal,23:30:00
2025-03-20,142,0.4248,1411.1268583333333,600.6793333333333,0.0,6000.0,4136.269937652532,4499.9999999,404.14451360829844,1006.9823447250349,0.0,0.0,4.708097928436911e-08,599.44668942,1e-07,599.44668952,Q4 SMOKE / TEST ONLY,569.7430333333333,0.0,1e-07,0.0,0.0,1863.7300622474668,optimal,optimal,optimal,23:40:00
2025-03-20,143,0.3795,1359.545500000001,540.9781833333333,0.0,6000.0,4499.9999999,5236.710584847432,818.5673166082579,540.9781833917432,0.0,0.0,5.2700922266139656e-08,515.9475172500004,1e-07,515.9475173500003,Q4 SMOKE / TEST ONLY,514.2492666666667,0.0,1e-07,0.0,13.289415052568074,1486.7105849474322,optimal,optimal,optimal,23:50:00
2025-03-20,144,0.2794,1264.7166666666667,400.16666666666663,0.0,6000.0,5236.710584847432,5986.710584747432,833.3333332222226,431.38333344444413,0.0,0.0,7.158196134574088e-08,353.36183666666665,1e-07,353.36183676666667,Q4 SMOKE / TEST ONLY,420.5458333333333,0.0,1e-07,0.0,13.289415152567926,749.9999999000004,optimal,optimal,optimal,0:00+1
2025-03-21,1,0.3172,424.19864999999993,393.23795,0.0,5986.710584747432,5986.710584747432,6014.575214747432,30.960699999999918,393.23795,0.0,0.0,0.0,134.55581177999997,0.0,134.55581177999997,Q4 SMOKE / TEST ONLY,410.5867833333333,0.0,1e-07,0.0,0.0,31474.984695449242,optimal,optimal,optimal,00:10:00
2025-03-21,2,0.3548,435.77545,427.63655,0.0,5986.710584747432,6014.575214747432,6021.900224747432,8.138899999999978,427.63655,0.0,0.0,0.0,154.61312966,0.0,154.61312966,Q4 SMOKE / TEST ONLY,419.24766666666665,0.0,1e-07,0.0,0.0,31447.12006545557,optimal,optimal,optimal,00:20:00
2025-03-21,3,0.3402,423.08916666666664,429.21333333333337,0.0,5986.710584747432,6021.900224747432,6015.095595117802,0.0,423.08916666666664,0.0,6.124166666666724,0.0,143.9349345,0.0,143.9349345,Q4 SMOKE / TEST ONLY,404.6658333333333,0.0,1e-07,0.0,0.0,31453.404314715153,optimal,optimal,optimal,00:30:00
2025-03-21,4,0.3566,400.94095,419.69265,0.0,5986.710584747432,6015.095595117802,5994.26037289558,0.0,400.94095,0.0,18.751700000000028,0.0,142.97554276999998,0.0,142.97554276999998,Q4 SMOKE / TEST ONLY,394.7924083333333,0.0,1e-07,0.0,0.0,31488.270129531797,optimal,optimal,optimal,00:40:00
2025-03-21,5,0.3495,422.1911,411.53908333333334,0.0,5986.710584747432,5994.26037289558,6003.84718789558,10.652016666666668,411.53908333333334,0.0,0.0,0.0,147.55578945,0.0,147.55578945,Q4 SMOKE / TEST ONLY,408.83410833333335,0.0,1e-07,0.0,0.0,31467.434907310577,optimal,optimal,optimal,00:50:00
2025-03-21,6,0.3096,441.6874999999999,408.69166666666666,0.0,5986.710584747432,6003.84718789558,6033.54343789558,32.99583333333322,408.69166666666666,0.0,0.0,0.0,136.74644999999995,0.0,136.74644999999995,Q4 SMOKE / TEST ONLY,429.4425,0.0,1e-07,0.0,0.0,31457.84809230901,optimal,optimal,optimal,01:00:00
2025-03-21,7,0.2969,428.06175,411.3135333333333,0.0,5986.710584747432,6033.54343789558,6048.61683289558,16.748216666666735,411.3135333333333,0.0,0.0,0.0,127.091533575,0.0,127.091533575,Q4 SMOKE / TEST ONLY,420.74150833333334,0.0,1e-07,0.0,0.0,31428.151842306706,optimal,optimal,optimal,01:10:00
2025-03-21,8,0.319,414.42603333333335,424.3117333333333,0.0,5986.710584747432,6048.61683289558,6037.63272178447,0.0,414.42603333333335,0.0,9.885699999998694,1.2342512477022916e-12,132.20190463333333,1.968630740085155e-12,132.2019046333353,Q4 SMOKE / TEST ONLY,406.2393333333333,0.0,1e-07,0.0,0.0,31435.046669529227,optimal,optimal,optimal,01:20:00
2025-03-21,9,0.3348,1242.3141666666668,438.34999999999997,0.0,5986.710584747432,6037.63272178447,6761.20047178447,803.9641666666669,438.34999999999997,0.0,0.0,0.0,415.926783,0.0,415.926783,Q4 SMOKE / TEST ONLY,405.7208333333333,0.0,1e-07,0.0,0.0,31424.062558420228,optimal,optimal,optimal,01:30:00
2025-03-21,10,0.2987,424.8163583333334,435.501,0.0,5986.710584747432,6761.20047178447,6749.328647784791,0.0,424.8163583333334,0.0,10.684641599710972,6.695557885905146e-08,126.8926462341667,9.999815702599336e-08,126.89264633416487,Q4 SMOKE / TEST ONLY,418.042225,0.0,1e-07,0.0,0.0,30724.23845655781,optimal,optimal,optimal,01:40:00
2025-03-21,11,0.2831,438.51627499999995,425.37193333333335,0.0,5986.710584747432,6749.328647784791,6761.158555284791,13.144341666666605,425.37193333333335,0.0,0.0,0.0,124.14395745249999,0.0,124.14395745249999,Q4 SMOKE / TEST ONLY,434.10158333333334,0.0,1e-07,0.0,0.0,30712.36663241616,optimal,optimal,optimal,01:50:00
2025-03-21,12,0.3196,3.527036552303957e-05,423.615,0.0,5986.710584747432,6761.158555284791,6290.475261140754,0.0,3.527036552303957e-05,0.0,423.61496472963313,1.3523671101238005e-12,1.1272408821163446e-05,2.161082641977833e-12,1.1272410982246087e-05,Q4 SMOKE / TEST ONLY,443.06916666666666,0.0,1e-07,0.0,0.0,30657.305243433235,optimal,optimal,optimal,02:00:00
2025-03-21,13,0.3679,445.69415833333323,436.5751,0.0,5986.710584747432,6290.475261140754,6298.682413640754,9.119058333333214,436.5751,0.0,0.0,0.0,163.9708808508333,0.0,163.9708808508333,Q4 SMOKE / TEST ONLY,435.78369999999995,0.0,1e-07,0.0,0.0,30186.62194929001,optimal,optimal,optimal,02:10:00
2025-03-21,14,0.3883,413.6581333333333,439.04361666666665,0.0,5986.710584747432,6298.682413640754,6270.4763210481615,0.0,413.6581333333333,0.0,25.385483333333354,0.0,160.6234531733333,0.0,160.6234531733333,Q4 SMOKE / TEST ONLY,410.53069999999997,0.0,1e-07,0.0,0.0,30234.826981977334,optimal,optimal,optimal,02:20:00
2025-03-21,15,0.3775,549.4178293707148,435.255,0.0,5986.710584747432,6270.4763210481615,6373.222867481805,114.1628293707148,435.255,0.0,0.0,0.0,207.40523058744483,0.0,207.40523058744483,Q4 SMOKE / TEST ONLY,389.92083333333335,0.0,1e-07,0.0,0.0,30206.62088938715,optimal,optimal,optimal,02:30:00
2025-03-21,16,0.3651,1239.4626583333334,453.35414999999995,0.0,5986.710584747432,6373.222867481805,7080.720524981805,786.1085083333335,453.35414999999995,0.0,0.0,0.0,452.5278165575,0.0,452.5278165575,Q4 SMOKE / TEST ONLY,404.48514166666666,0.0,1.0000000472132342e-07,24.5042613142347,0.0,30073.52699353103,optimal,optimal,optimal,02:40:00
2025-03-21,17,0.3651,433.785625,468.5789333333333,0.0,5986.710584747432,7080.720524981805,7080.720524981805,0.0,433.785625,0.0,0.0,34.7933083333333,158.3751316875,63.51518436249994,221.8903160499999,Q4 SMOKE / TEST ONLY,427.64413333333334,0.0,1e-07,97.60595272261516,0.0,29354.974651031433,optimal,optimal,optimal,02:50:00
2025-03-21,18,0.3531,0.0,459.19333333333327,0.0,5986.710584747432,7080.720524981805,6602.793764488858,0.0,0.0,0.0,430.1340844436527,29.059248889680592,0.0,51.30410391473109,51.30410391473109,Q4 SMOKE / TEST ONLY,442.50666666666666,0.0,1.0000000116860974e-07,61.67272071307977,0.0,29354.974651021897,optimal,optimal,optimal,03:00:00
2025-03-21,19,0.3061,464.9014916666667,430.9861833333333,0.0,5986.710584747432,6602.793764488858,6633.317541988858,33.91530833333337,430.9861833333333,0.0,0.0,0.0,142.30634659916666,0.0,142.30634659916666,Q4 SMOKE / TEST ONLY,452.5250333333333,0.0,1e-07,0.0,0.0,28890.955297798162,optimal,optimal,optimal,03:10:00
2025-03-21,20,0.3341,451.81260833333334,430.5171,0.0,5986.710584747432,6633.317541988858,6652.483499488858,21.295508333333316,430.5171,0.0,0.0,0.0,150.9505924441667,0.0,150.9505924441667,Q4 SMOKE / TEST ONLY,446.57779999999997,0.0,1e-07,0.0,0.0,28860.43152029816,optimal,optimal,optimal,03:20:00
2025-03-21,21,0.3952,434.33083333333326,453.47,0.0,5986.710584747432,6652.483499488858,6631.217758748117,0.0,434.33083333333326,0.0,19.139166666666767,0.0,171.6475453333333,0.0,171.6475453333333,Q4 SMOKE / TEST ONLY,430.18833333333333,0.0,1e-07,0.0,0.0,28883.79704428045,optimal,optimal,optimal,03:30:00
2025-03-21,22,0.3411,429.30910833333326,452.9327166666667,0.0,5986.710584747432,6631.217758748117,6625.996934491074,0.0,429.30910833333326,0.0,4.698741831339078,18.92486650199436,146.43733685249998,32.27635981915138,178.71369667165135,Q4 SMOKE / TEST ONLY,425.281575,0.0,1.000000082740371e-07,42.60173478138437,0.0,28859.065544783778,optimal,optimal,optimal,03:40:00
2025-03-21,23,0.3314,433.02956666666654,453.22024999999996,0.0,5986.710584747432,6625.996934491074,6625.996934491074,0.0,433.02956666666654,0.0,0.0,20.190683333333425,143.50599839333327,33.455962283333484,176.96196067666676,Q4 SMOKE / TEST ONLY,436.67479999999995,0.0,1.0000000116860974e-07,37.679483253011,0.0,28853.844720523295,optimal,optimal,optimal,03:50:00
2025-03-21,24,0.3858,455.6450000000001,453.23499999999996,0.0,5986.710584747432,6625.996934491074,6628.165934491074,2.4100000000001387,453.23499999999996,0.0,0.0,0.0,175.78784100000001,0.0,175.78784100000001,Q4 SMOKE / TEST ONLY,453.395,0.0,1.0000000116860974e-07,4.030267429694462,0.0,28854.132720520087,optimal,optimal,optimal,04:00:00
2025-03-21,25,0.3601,0.0,428.8209333333333,0.0003833333333333333,5986.710584747432,6628.165934491074,6151.698656713298,0.0,0.0,0.0,428.8205499999987,1.230257386672607e-12,0.0,2.215078424704029e-12,2.215078424704029e-12,Q4 SMOKE / TEST ONLY,457.3898833333333,0.00022666666666666668,1e-07,0.0,0.0,28793.995705574693,optimal,optimal,optimal,04:10:00
2025-03-21,26,0.3237,0.0,435.381,0.0,5986.710584747432,6151.698656713298,5667.941990046632,0.0,0.0,0.0,435.3809999999994,1.330455148434934e-12,0.0,2.1533416577419407e-12,2.1533416577419407e-12,Q4 SMOKE / TEST ONLY,448.0550583333333,0.0,1e-07,0.0,0.0,28289.363853722014,optimal,optimal,optimal,04:20:00
2025-03-21,27,0.3382,451.09722222222206,463.1133333333333,0.0,5986.710584747432,5667.941990046632,5654.590755478732,0.0,451.09722222222206,0.0,12.016111111110037,1.1918855171924778e-12,152.5610805555555,2.01547840957248e-12,152.5610805555575,Q4 SMOKE / TEST ONLY,443.27666666666664,0.0,1e-07,0.0,0.0,27832.309656190948,optimal,optimal,optimal,04:30:00
2025-03-21,28,0.3813,470.7781283333333,446.17206666666664,0.0053,5986.710584747432,5654.590755478732,5676.740980978731,24.611361666666653,446.16676666666666,0.0,0.0,0.0,179.50770033349997,0.0,179.50770033349997,Q4 SMOKE / TEST ONLY,461.29836666666665,0.0035899999999999994,1e-07,0.0,0.0,27818.9584216237,optimal,optimal,optimal,04:40:00
2025-03-21,29,0.357,469.1601,434.32966666666664,0.0,5986.710584747432,5676.740980978731,5708.088370978731,34.83043333333336,434.32966666666664,0.0,0.0,0.0,167.4901557,0.0,167.4901557,Q4 SMOKE / TEST ONLY,467.59734166666664,0.0,1e-07,0.0,0.0,27796.80819612367,optimal,optimal,optimal,04:50:00
2025-03-21,30,0.299,0.0,450.04333333333335,0.0,5986.710584747432,5708.088370978731,5208.040222904905,0.0,0.0,0.0,450.04333326644337,6.688969733659178e-08,0.0,1.000000975182047e-07,1.000000975182047e-07,Q4 SMOKE / TEST ONLY,455.7475,0.0,1e-07,0.0,0.0,27752.784880186726,optimal,optimal,optimal,05:00:00
2025-03-21,31,0.3359,451.83450500000015,462.98946666666666,0.07376666666666666,5986.710584747432,5208.040222904905,5195.727784016018,0.0,451.83450500000015,0.0,11.08119499999853,1.336041633704266e-12,151.77121022950004,2.2438819238063148e-12,151.7712102295023,Q4 SMOKE / TEST ONLY,452.2719166666667,0.049986666666666665,1e-07,0.0,0.0,27276.500665307038,optimal,optimal,optimal,05:10:00
2025-03-21,32,0.3867,454.43143333333325,461.1494333333333,0.0,5986.710584747432,5195.727784016018,5188.263339571575,0.0,454.43143333333325,0.0,6.717999999998998,1.076063764808359e-12,175.72863526999996,2.080569289256962e-12,175.72863527000203,Q4 SMOKE / TEST ONLY,450.12377499999997,0.0,1e-07,0.0,0.0,27279.11711530776,optimal,optimal,optimal,05:20:00
2025-03-21,33,0.359,443.88,455.6116666666667,0.0,5986.710584747432,5188.263339571575,5175.228154386391,0.0,443.88,0.0,11.731666666665433,1.2505271422910672e-12,159.35291999999998,2.2446962204124654e-12,159.35292000000223,Q4 SMOKE / TEST ONLY,442.56583333333333,0.0,1e-07,0.0,0.0,27297.72304123427,optimal,optimal,optimal,05:30:00
2025-03-21,34,0.2788,432.9523699999999,465.7543333333333,1.02755,5986.710584747432,5175.228154386391,5139.923250762393,0.0,432.9523699999999,0.0,31.774413261598625,7.173474614319275e-08,120.70712075599997,9.999823612361068e-08,120.7071208559982,Q4 SMOKE / TEST ONLY,436.26165,0.6961799999999999,1e-07,0.0,0.0,27349.490774546077,optimal,optimal,optimal,05:40:00
2025-03-21,35,0.4535,0.0,473.1871833333333,0.0,5986.710584747432,5139.923250762393,4634.023614863816,0.0,0.0,0.0,455.3096723087192,17.87751102461425,0.0,40.537256248312815,40.537256248312815,Q4 SMOKE / TEST ONLY,452.85452499999997,0.0,1e-07,40.53725614831289,0.0,27319.641753830343,optimal,optimal,optimal,05:50:00
2025-03-21,36,0.7742,0.0,465.435,0.0,5986.710584747432,4634.023614863816,4116.873614863816,0.0,0.0,0.0,465.43499999999995,0.0,0.0,0.0,0.0,Q4 SMOKE / TEST ONLY,472.265,0.0,1e-07,0.0,0.0,26798.564340074077,optimal,optimal,optimal,06:00:00
2025-03-21,37,0.8068,0.0,449.4866,28.639699999999998,5986.710584747432,4116.873614863816,3649.2659481971496,0.0,0.0,0.0,420.8469,0.0,0.0,0.0,0.0,Q4 SMOKE / TEST ONLY,452.5690583333333,20.986126666666667,1.0000000000000002e-07,0.0,0.0,26257.55649192609,optimal,optimal,optimal,06:10:00
2025-03-21,38,0.7532,0.0,446.8888,68.20651666666666,5986.710584747432,3649.2659481971496,3228.507855604557,0.0,0.0,0.0,378.6822833333333,0.0,0.0,0.0,0.0,Q4 SMOKE / TEST ONLY,443.01373333333333,58.414919999999995,1e-07,0.0,0.0,25776.800980815093,optimal,optimal,optimal,06:20:00
2025-03-21,39,0.738,0.0,458.0383333333333,110.27499999999999,5986.710584747432,3228.507855604557,2842.104151900853,0.0,0.0,0.0,347.7633333333333,0.0,0.0,0.0,0.0,Q4 SMOKE / TEST ONLY,449.7366666666667,105.15374999999999,1e-07,0.0,0.0,25363.110480815067,optimal,optimal,optimal,06:30:00
2025-03-21,40,0.6845,0.0,469.32759999999996,158.66258333333332,5986.710584747432,2842.104151900853,2496.920800049001,0.0,0.0,0.0,310.66501666666665,0.0,0.0,0.0,0.0,Q4 SMOKE / TEST ONLY,438.96586666666667,155.57838,1.0000000116860974e-07,19.423469130782454,0.0,25021.822654987,optimal,optimal,optimal,06:40:00
2025-03-21,41,0.6712,0.0,506.9368,204.43355,5986.710584747432,2496.920800049001,2160.806077826779,0.0,0.0,0.0,302.50325,0.0,0.0,0.0,0.0,Q4 SMOKE / TEST ONLY,477.96925,209.04323,1e-07,112.77653148032054,0.0,24676.63930313505,optimal,optimal,optimal,06:50:00
2025-03-21,42,0.6935,0.0,546.5216666666666,252.525,5986.710584747432,2160.806077826779,1834.1431148638162,0.0,0.0,0.0,293.99666666666667,0.0,0.0,0.0,0.0,Q4 SMOKE / TEST ONLY,547.9708333333333,263.34749999999997,1e-07,138.65877233037983,0.0,24340.524580912715,optimal,optimal,optimal,07:00:00
2025-03-21,43,0.6599,0.0,534.4570666666666,316.48929999999996,5986.710584747432,1834.1431148638162,1591.9567074564088,0.0,0.0,0.0,217.96776666666665,0.0,0.0,0.0,0.0,Q4 SMOKE / TEST ONLY,553.6562916666667,314.6274966666666,1e-07,79.75265547422559,0.0,24013.86161794934,optimal,optimal,optimal,07:10:00
2025-03-21,44,0.6208,0.0,538.6449333333333,376.76628333333326,5986.710584747432,1591.9567074564088,1412.0915407897435,0.0,0.0,0.0,161.87864999999883,1.1788966137772279e-12,0.0,3.659295089164515e-12,3.659295089164515e-12,Q4 SMOKE / TEST ONLY,539.4285083333333,363.51086,1e-07,40.733542781603326,0.0,23771.67521054148,optimal,optimal,optimal,07:20:00
2025-03-21,45,0.5691,0.0,559.8199999999999,436.20625,5986.710584747432,1412.0915407897435,1274.7429296786338,0.0,0.0,0.0,123.61374999999876,1.1611399477365895e-12,0.0,3.304023721284466e-12,3.304023721284466e-12,Q4 SMOKE / TEST ONLY,534.3558333333333,410.71999999999997,1.000000082740371e-07,40.549395429037006,0.0,23591.810043874568,optimal,optimal,optimal,07:30:00
2025-03-21,46,0.4824,0.0,533.3480166666666,517.3082833333333,5986.710584747432,1274.7429296786338,1256.9210037987725,0.0,0.0,0.0,16.039733291875166,4.145812226852286e-08,0.0,9.999699091167712e-08,9.999699091167712e-08,Q4 SMOKE / TEST ONLY,523.7250583333332,457.0080133333333,1e-07,0.0,0.0,23374.742603024813,optimal,optimal,optimal,07:40:00
2025-03-21,47,0.6353,0.0,522.1882166666667,598.0763666666667,5986.710584747432,1256.9210037987725,1325.2203387987724,0.0,0.0,75.88815,0.0,0.0,0.0,0.0,0.0,Q4 SMOKE / TEST ONLY,522.5146833333333,507.15925333333325,1e-07,0.0,0.0,23322.797499315035,optimal,optimal,optimal,07:50:00
2025-03-21,48,0.9037,0.0,535.9166666666666,654.65,5986.710584747432,1325.2203387987724,1432.0803387987726,0.0,0.0,118.73333333333335,0.0,0.0,0.0,0.0,0.0,Q4 SMOKE / TEST ONLY,527.2691666666666,559.54375,1e-07,0.0,0.0,23254.49816431511,optimal,optimal,optimal,08:00:00
2025-03-21,49,0.8655,0.0,524.6581333333334,684.4751833333332,5986.710584747432,1432.0803387987726,1575.9156837987725,0.0,0.0,159.81704999999988,0.0,0.0,0.0,0.0,0.0,Q4 SMOKE / TEST ONLY,519.9191000000001,607.4464066666666,1e-07,0.0,0.0,23147.63816431509,optimal,optimal,optimal,08:10:00
2025-03-21,50,0.7845,0.0,541.6352499999999,729.5257333333334,5986.710584747432,1575.9156837987725,1745.0171187987726,0.0,0.0,187.89048333333346,0.0,0.0,0.0,0.0,0.0,Q4 SMOKE / TEST ONLY,527.5210833333333,653.54417,1e-07,0.0,0.0,23003.80281931503,optimal,optimal,optimal,08:20:00
2025-03-21,51,0.7703,0.0,563.515,790.3874999999999,5986.710584747432,1745.0171187987726,1949.2023687987726,0.0,0.0,226.87249999999995,0.0,0.0,0.0,0.0,0.0,Q4 SMOKE / TEST ONLY,540.6916666666666,702.885,1e-07,0.0,0.0,22834.701384314987,optimal,optimal,optimal,08:30:00
2025-03-21,52,0.6818,0.0,518.4480666666666,830.7737333333332,5986.710584747432,1949.2023687987726,2230.2954687987726,0.0,0.0,312.3256666666666,0.0,0.0,0.0,0.0,0.0,Q4 SMOKE / TEST ONLY,530.2688166666667,758.69008,1e-07,0.0,0.0,22630.516134314763,optimal,optimal,optimal,08:40:00
2025-03-21,53,0.6884,0.0,544.4419166666667,874.3743333333333,5986.710584747432,2230.2954687987726,2527.2346437987726,0.0,0.0,329.93241666666665,0.0,0.0,0.0,0.0,0.0,Q4 SMOKE / TEST ONLY,574.4859583333333,817.00107,1e-07,0.0,0.0,22349.423034314495,optimal,optimal,optimal,08:50:00
2025-03-21,54,0.794,0.0,623.9233333333333,910.6187499999999,5986.710584747432,2527.2346437987726,2785.2605187987724,0.0,0.0,286.6954166666666,0.0,0.0,0.0,0.0,0.0,Q4 SMOKE / TEST ONLY,652.9658333333332,869.6224999999998,1e-07,0.0,0.0,22052.483859314412,optimal,optimal,optimal,09:00:00
2025-03-21,55,0.813,0.0,604.1303,904.5523,5986.710584747432,2785.2605187987724,3055.6403187987726,0.0,0.0,300.4219999999999,0.0,0.0,0.0,0.0,0.0,Q4 SMOKE / TEST ONLY,658.4881,913.9841733333333,1.0000000000000002e-07,0.0,0.0,21794.45798431446,optimal,optimal,optimal,09:10:00
2025-03-21,56,0.7837,0.0,619.2490833333333,920.0186166666667,5986.710584747432,3055.6403187987726,3326.3328987987725,0.0,0.0,300.76953333333347,0.0,0.0,0.0,0.0,0.0,Q4 SMOKE / TEST ONLY,638.3489166666666,977.68881,1e-07,0.0,0.0,21524.07818431452,optimal,optimal,optimal,09:20:00
2025-03-21,57,0.7427,0.0,672.3983333333333,978.1499999999999,5986.710584747432,3326.3328987987725,3601.5093987987725,0.0,0.0,305.75166666666655,0.0,0.0,0.0,0.0,0.0,Q4 SMOKE / TEST ONLY,632.9975,1048.1349999999998,1e-07,0.0,0.0,21253.385604314506,optimal,optimal,optimal,09:30:00
2025-03-21,58,0.6811,0.0,624.7448666666667,1038.2509499999999,5986.710584747432,3601.5093987987725,3973.6648737987725,0.0,0.0,413.5060833333332,0.0,0.0,0.0,0.0,0.0,Q4 SMOKE / TEST ONLY,632.6280833333333,1081.462273333333,1e-07,0.0,0.0,20978.20910431441,optimal,optimal,optimal,09:40:00
2025-03-21,59,0.6473,0.0,584.9065333333333,1084.5234999999998,5986.710584747432,3973.6648737987725,4423.320143798773,0.0,0.0,499.6169666666665,0.0,0.0,0.0,0.0,0.0,Q4 SMOKE / TEST ONLY,615.7675916666666,1099.0527299999999,1e-07,0.0,0.0,20606.053629314298,optimal,optimal,optimal,09:50:00
2025-03-21,60,0.6482,0.0,608.3383333333334,1116.6625,5986.710584747432,4423.320143798773,4880.811893798773,0.0,0.0,508.32416666666654,0.0,0.0,0.0,0.0,0.0,Q4 SMOKE / TEST ONLY,602.0091666666666,1120.5212499999998,1e-07,0.0,0.0,20156.39835931423,optimal,optimal,optimal,10:00:00
2025-03-21,61,0.6397,0.0,638.8362333333333,1144.3659499999999,5986.710584747432,4880.811893798773,5335.788638798773,0.0,0.0,505.52971666666656,0.0,0.0,0.0,0.0,0.0,Q4 SMOKE / TEST ONLY,629.819925,1144.2460933333332,1e-07,0.0,0.0,19698.90660931419,optimal,optimal,optimal,10:10:00
2025-03-21,62,0.606,0.0,643.9225833333333,1182.7385666666667,5986.710584747432,5335.788638798773,5820.723023798773,0.0,0.0,538.8159833333334,0.0,0.0,0.0,0.0,0.0,Q4 SMOKE / TEST ONLY,642.3247666666666,1158.8642633333334,1e-07,0.0,0.0,19243.929864314163,optimal,optimal,optimal,10:20:00
2025-03-21,63,0.589,0.0,626.65,1236.3374999999999,5986.710584747432,5820.723023798773,6369.441773798773,0.0,0.0,609.6874999999999,0.0,0.0,0.0,0.0,0.0,Q4 SMOKE / TEST ONLY,627.3566666666666,1168.83875,1e-07,0.0,0.0,18758.995479314108,optimal,optimal,optimal,10:30:00
2025-03-21,64,0.6157,0.0,617.27735,1295.50805,5986.710584747432,6369.441773798773,6979.849403798773,0.0,0.0,678.2307,0.0,0.0,0.0,0.0,0.0,Q4 SMOKE / TEST ONLY,625.3329666666666,1192.4829133333333,1e-07,0.0,0.0,18210.27672931403,optimal,optimal,optimal,10:40:00
2025-03-21,65,0.4675,0.0,639.3030833333332,1341.1442,5986.710584747432,6979.849403798773,7611.506408798773,0.0,0.0,701.8411166666667,0.0,0.0,0.0,0.0,0.0,Q4 SMOKE / TEST ONLY,613.1372166666666,1230.6107433333334,1e-07,0.0,0.0,17599.869099313964,optimal,optimal,optimal,10:50:00
2025-03-21,66,0.227,0.0,660.8516666666667,1355.8625,5986.710584747432,7611.506408798773,8237.016158798773,0.0,0.0,695.0108333333333,0.0,0.0,0.0,0.0,0.0,Q4 SMOKE / TEST ONLY,601.3833333333333,1264.1425,1e-07,0.0,0.0,16968.21209431393,optimal,optimal,optimal,11:00:00
2025-03-21,67,0.208,0.0,629.1357666666667,1345.1078666666667,5986.710584747432,8237.016158798773,8881.391048798774,0.0,0.0,715.9721000000001,0.0,0.0,0.0,0.0,0.0,Q4 SMOKE / TEST ONLY,626.4391083333333,1274.1823466666665,1e-07,0.0,0.0,16342.70234431386,optimal,optimal,optimal,11:10:00
2025-03-21,68,0.208,0.0,617.3747833333333,1384.7060999999999,5986.710584747432,8881.391048798774,9571.989233798775,0.0,0.0,767.3313166666666,0.0,0.0,0.0,0.0,0.0,Q4 SMOKE / TEST ONLY,629.6221833333333,1301.2024766666666,1e-07,0.0,0.0,15698.327454313778,optimal,optimal,optimal,11:20:00
2025-03-21,69,0.1656,0.0,643.5816666666666,1451.7875,5986.710584747432,9571.989233798775,10299.374483798774,0.0,0.0,808.2058333333333,0.0,0.0,0.0,0.0,0.0,Q4 SMOKE / TEST ONLY,605.815,1340.4124999999997,1e-07,0.0,0.0,15007.729269313768,optimal,optimal,optimal,11:30:00
2025-03-21,70,0.2205,0.0,651.1271166666667,1451.80405,5986.710584747432,10299.374483798774,10424.835582732609,0.0,0.0,139.40122103759376,0.0,0.0,0.0,0.0,0.0,Q4 SMOKE / TEST ONLY,608.2628749999999,1343.0446666666664,1e-07,0.0,0.0,14280.344019313874,optimal,optimal,optimal,11:40:00
2025-03-21,71,0.2295,0.0,634.8849166666666,1463.0396833333334,5986.710584747432,10424.835582732609,10424.835582732609,0.0,0.0,0.0,0.0,0.0,0.0,0.0,0.0,Q4 SMOKE / TEST ONLY,613.5161083333332,1325.35108,1e-07,0.0,0.0,14154.882920380101,optimal,optimal,optimal,11:50:00
2025-03-21,72,0.1806,0.0,623.885,1484.41875,5986.710584747432,10424.835582732609,10424.835582732609,0.0,0.0,0.0,0.0,0.0,0.0,0.0,0.0,Q4 SMOKE / TEST ONLY,609.4208333333333,1316.80375,1e-07,0.0,0.0,14154.882920380034,optimal,optimal,optimal,12:00:00
2025-03-21,73,0.2057,0.0,642.6170666666667,1436.1980333333333,5986.710584747432,10424.835582732609,10424.835582732609,0.0,0.0,0.0,0.0,0.0,0.0,0.0,0.0,Q4 SMOKE / TEST ONLY,611.4825583333334,1333.0431533333333,1e-07,0.0,0.0,14154.882920379958,optimal,optimal,optimal,12:10:00
2025-03-21,74,0.1996,0.0,621.1401833333333,1413.9203,5986.710584747432,10424.835582732609,10424.835582732609,0.0,0.0,0.0,0.0,0.0,0.0,0.0,0.0,Q4 SMOKE / TEST ONLY,620.1617416666666,1349.2436033333333,1e-07,0.0,0.0,14154.882920379867,optimal,optimal,optimal,12:20:00
2025-03-21,75,0.1365,0.0,579.7733333333333,1434.9125,5986.710584747432,10424.835582732609,10424.835582732609,0.0,0.0,0.0,0.0,0.0,0.0,0.0,0.0,Q4 SMOKE / TEST ONLY,623.15,1332.1012499999997,1e-07,0.0,0.0,14154.882920379725,optimal,optimal,optimal,12:30:00
2025-03-21,76,0.1352,0.0,610.1972,1417.0670333333333,5986.710584747432,10424.835582732609,10424.835582732609,0.0,0.0,0.0,0.0,0.0,0.0,0.0,0.0,Q4 SMOKE / TEST ONLY,606.8305916666666,1272.4291699999999,1e-07,0.0,0.0,14154.882920379598,optimal,optimal,optimal,12:40:00
2025-03-21,77,0.3171,0.0,636.7426333333333,1373.66655,5986.710584747432,10424.835582732609,10424.835582732609,0.0,0.0,0.0,0.0,0.0,0.0,0.0,0.0,Q4 SMOKE / TEST ONLY,586.7543333333333,1246.9382799999998,1e-07,0.0,0.0,14154.882920379536,optimal,optimal,optimal,12:50:00
2025-03-21,78,0.5654,0.0,621.795,1332.625,5986.710584747432,10424.835582732609,10424.835582732609,0.0,0.0,0.0,0.0,0.0,0.0,0.0,0.0,Q4 SMOKE / TEST ONLY,580.1208333333333,1258.7225,1e-07,0.0,0.0,14154.882920379514,optimal,optimal,optimal,13:00:00
2025-03-21,79,0.6184,0.0,602.7656666666667,1306.72825,5986.710584747432,10424.835582732609,10424.835582732609,0.0,0.0,0.0,0.0,0.0,0.0,0.0,0.0,Q4 SMOKE / TEST ONLY,591.7893833333333,1236.6261033333333,1e-07,0.0,0.0,14154.882920379523,optimal,optimal,optimal,13:10:00
2025-03-21,80,0.5805,0.0,592.0163,1290.5802333333331,5986.710584747432,10424.835582732609,10424.835582732609,0.0,0.0,0.0,0.0,0.0,0.0,0.0,0.0,Q4 SMOKE / TEST ONLY,601.2307916666666,1192.7419333333332,1e-07,0.0,0.0,14154.882920379487,optimal,optimal,optimal,13:20:00
2025-03-21,81,0.5725,0.0,581.7666666666667,1275.2937499999998,5986.710584747432,10424.835582732609,10424.835582732609,0.0,0.0,0.0,0.0,0.0,0.0,0.0,0.0,Q4 SMOKE / TEST ONLY,604.8233333333333,1159.9187499999998,1e-07,0.0,0.0,14154.882920379368,optimal,optimal,optimal,13:30:00
2025-03-21,82,0.6163,0.0,563.9814833333332,1256.1704333333332,5986.710584747432,10424.835582732609,10424.835582732609,0.0,0.0,0.0,0.0,0.0,0.0,0.0,0.0,Q4 SMOKE / TEST ONLY,613.4406583333333,1155.9636933333331,1.0000000000000002e-07,0.0,0.0,14154.882920379234,optimal,optimal,optimal,13:40:00
2025-03-21,83,0.6518,0.0,578.7424833333333,1240.2158,5986.710584747432,10424.835582732609,10424.835582732609,0.0,0.0,0.0,0.0,0.0,0.0,0.0,0.0,Q4 SMOKE / TEST ONLY,605.0078333333333,1144.3857966666667,1e-07,0.0,0.0,14154.882920379154,optimal,optimal,optimal,13:50:00
2025-03-21,84,0.657,0.0,614.28,1207.8062499999999,5986.710584747432,10424.835582732609,10424.835582732609,0.0,0.0,0.0,0.0,0.0,0.0,0.0,0.0,Q4 SMOKE / TEST ONLY,590.7308333333333,1108.4424999999999,1e-07,0.0,0.0,14154.882920379116,optimal,optimal,optimal,14:00:00
2025-03-21,85,0.6635,0.0,614.79725,1128.5381166666666,5986.710584747432,10424.835582732609,10424.835582732609,0.0,0.0,0.0,0.0,0.0,0.0,0.0,0.0,Q4 SMOKE / TEST ONLY,606.06085,1064.5525666666665,1e-07,0.0,0.0,14154.88292037908,optimal,optimal,optimal,14:10:00
2025-03-21,86,0.6879,0.0,603.33885,1045.4608833333332,5986.710584747432,10424.835582732609,10424.835582732609,0.0,0.0,0.0,0.0,0.0,0.0,0.0,0.0,Q4 SMOKE / TEST ONLY,617.6644666666666,1027.9806766666666,1e-07,0.0,0.0,14154.882920379041,optimal,optimal,optimal,14:20:00
2025-03-21,87,0.7335,0.0,597.3483333333334,983.78125,5986.710584747432,10424.835582732609,10424.835582732609,0.0,0.0,0.0,0.0,0.0,0.0,0.0,0.0,Q4 SMOKE / TEST ONLY,604.7133333333334,1000.6912500000001,1e-07,0.0,0.0,14154.882920379026,optimal,optimal,optimal,14:30:00
2025-03-21,88,0.762,0.0,591.2195833333333,937.0163833333332,5986.710584747432,10424.835582732609,10424.835582732609,0.0,0.0,0.0,0.0,0.0,0.0,0.0,0.0,Q4 SMOKE / TEST ONLY,580.0640666666666,970.9051433333332,1e-07,0.0,0.0,14154.882920379028,optimal,optimal,optimal,14:40:00
2025-03-21,89,0.6193,0.0,590.5133,916.8027666666667,5986.710584747432,10424.835582732609,10424.835582732609,0.0,0.0,0.0,0.0,0.0,0.0,0.0,0.0,Q4 SMOKE / TEST ONLY,569.5351333333333,923.5827566666667,1e-07,0.0,0.0,14154.882920379001,optimal,optimal,optimal,14:50:00
2025-03-21,90,0.4027,0.0,588.0616666666666,911.3687499999999,5986.710584747432,10424.835582732609,10424.835582732609,0.0,0.0,0.0,0.0,0.0,0.0,0.0,0.0,Q4 SMOKE / TEST ONLY,575.9849999999999,868.7349999999999,1e-07,0.0,0.0,14154.882920378916,optimal,optimal,optimal,15:00:00
2025-03-21,91,0.3845,0.0,571.5420166666667,890.9352166666665,5986.710584747432,10424.835582732609,10424.835582732609,0.0,0.0,0.0,0.0,0.0,0.0,0.0,0.0,Q4 SMOKE / TEST ONLY,579.0912583333333,830.6307300000001,1e-07,0.0,0.0,14154.882920378825,optimal,optimal,optimal,15:10:00
2025-03-21,92,0.4221,0.0,569.6767666666666,865.8473999999999,5986.710584747432,10424.835582732609,10424.835582732609,0.0,0.0,0.0,0.0,0.0,0.0,0.0,0.0,Q4 SMOKE / TEST ONLY,570.05705,788.6251399999999,1e-07,0.0,0.0,14154.882920378735,optimal,optimal,optimal,15:20:00
2025-03-21,93,0.4466,0.0,586.1366666666667,829.40625,5986.710584747432,10424.835582732609,10424.835582732609,0.0,0.0,0.0,0.0,0.0,0.0,0.0,0.0,Q4 SMOKE / TEST ONLY,560.8375,732.4287499999998,1e-07,0.0,0.0,14154.882920378663,optimal,optimal,optimal,15:30:00
2025-03-21,94,0.5206,0.0,592.3508833333333,763.3850666666667,5986.710584747432,10424.835582732609,10424.835582732609,0.0,0.0,0.0,0.0,0.0,0.0,0.0,0.0,Q4 SMOKE / TEST ONLY,571.8341416666667,673.3874833333333,1e-07,0.0,0.0,14154.882920378652,optimal,optimal,optimal,15:40:00
2025-03-21,95,0.5223,0.0,574.2744666666666,710.57665,5986.710584747432,10424.835582732609,10424.835582732609,0.0,0.0,0.0,0.0,0.0,0.0,0.0,0.0,Q4 SMOKE / TEST ONLY,587.1548583333333,621.34955,1e-07,0.0,0.0,14154.8829203786,optimal,optimal,optimal,15:50:00
2025-03-21,96,0.4752,24.426249999999868,557.0433333333333,674.34375,5986.710584747432,10424.835582732609,10446.81920773261,24.426249999999868,0.0,0.0,0.0,0.0,11.607353999999937,0.0,11.607353999999937,Q4 SMOKE / TEST ONLY,587.6883333333333,572.5024999999999,1e-07,0.0,0.0,14154.882920378472,optimal,optimal,optimal,16:00:00
2025-03-21,97,0.5319,61.93436499999996,575.71035,614.1343166666666,5986.710584747432,10446.81920773261,10502.560136232609,61.93436499999996,0.0,0.0,0.0,0.0,32.94288874349998,0.0,32.94288874349998,Q4 SMOKE / TEST ONLY,570.1572833333333,515.1029366666667,1e-07,0.0,0.0,14132.899295378429,optimal,optimal,optimal,16:10:00
2025-03-21,98,0.5949,116.86023833333331,568.7598499999999,533.8931833333334,5986.710584747432,10502.560136232609,10576.354350732609,81.99357166666675,34.86666666666656,0.0,0.0,0.0,69.52015578449999,0.0,69.52015578449999,Q4 SMOKE / TEST ONLY,568.5775416666665,457.43655,1e-07,0.0,0.0,14077.158366878437,optimal,optimal,optimal,16:20:00
2025-03-21,99,0.6306,184.10541666666677,550.2833333333333,454.13124999999997,5986.710584747432,10576.354350732609,10655.512350732608,87.95333333333343,96.15208333333334,0.0,0.0,0.0,116.09687575000008,0.0,116.09687575000008,Q4 SMOKE / TEST ONLY,584.0583333333333,403.1362499999999,1e-07,0.0,0.0,14003.364152378443,optimal,optimal,optimal,16:30:00
2025-03-21,100,0.6941,234.48619166666668,585.8236499999999,391.93146666666667,5986.710584747432,10655.512350732608,10692.046958232608,40.59400833333342,193.89218333333326,0.0,0.0,0.0,162.75686563583335,0.0,162.75686563583335,Q4 SMOKE / TEST ONLY,576.6485333333333,347.67929999999996,1e-07,0.0,0.0,13924.206152378516,optimal,optimal,optimal,16:40:00
2025-03-21,101,0.6881,225.66215999999997,553.6576166666666,332.0850333333333,5986.710584747432,10692.046958232608,10695.727577232608,4.0895766666666304,221.57258333333334,0.0,0.0,0.0,155.278132296,0.0,155.278132296,Q4 SMOKE / TEST ONLY,514.2523249999999,293.03660333333335,1e-07,0.0,0.0,13887.671544878602,optimal,optimal,optimal,16:50:00
2025-03-21,102,0.6353,212.7629166666667,454.12166666666667,268.78749999999997,5986.710584747432,10695.727577232608,10720.413452232608,27.428750000000008,185.3341666666667,0.0,0.0,0.0,135.16828095833336,0.0,135.16828095833336,Q4 SMOKE / TEST ONLY,445.53249999999997,240.69125,1e-07,0.0,0.0,13883.99092587861,optimal,optimal,optimal,17:00:00
2025-03-21,103,0.6674,276.16920999999996,419.16615,211.97548333333333,5986.710584747432,10720.413452232608,10776.877919,62.738296408215064,213.4309135917849,0.0,0.0,0.0,184.31533075399997,0.0,184.31533075399997,Q4 SMOKE / TEST ONLY,455.433,190.29604,1e-07,0.0,0.0,13859.305050878585,optimal,optimal,optimal,17:10:00
2025-03-21,104,0.7157,328.88745277777764,428.21365,164.18721666666664,5986.710584747432,10776.877919,10776.877919,0.0,328.88745277777764,0.0,0.0,0.0,235.38474995305546,0.0,235.38474995305546,Q4 SMOKE / TEST ONLY,464.813425,142.98855666666665,1e-07,0.0,0.0,13802.840584111203,optimal,optimal,optimal,17:20:00
2025-03-21,105,0.7139,354.78791666666666,441.67833333333334,120.45,5986.710584747432,10776.877919,10776.877919,0.0,354.78791666666666,0.0,0.0,0.0,253.28309370833333,0.0,253.28309370833333,Q4 SMOKE / TEST ONLY,446.3041666666667,98.71249999999998,1e-07,0.0,0.0,13802.840584111236,optimal,optimal,optimal,17:30:00
2025-03-21,106,0.6932,403.80042499999996,445.5400833333333,73.47745,5986.710584747432,10776.877919,10800.0,25.691201111110047,378.1092238888899,0.0,0.0,0.0,279.91445461,0.0,279.91445461,Q4 SMOKE / TEST ONLY,449.2631583333333,56.8951,1e-07,0.0,0.0,13802.840584111254,optimal,optimal,optimal,17:40:00
2025-03-21,107,0.8471,125.04857666666749,444.05315,28.8115,5986.710584747432,10800.0,10477.563251878086,0.0,125.04857666666749,0.0,290.1930733097221,2.3610425614606356e-08,105.92864929433402,1.0000195769066523e-07,105.92864939433598,Q4 SMOKE / TEST ONLY,456.2985083333333,21.381369999999997,1e-07,0.0,0.0,13735.995195706078,optimal,optimal,optimal,17:50:00
2025-03-21,108,1.0876,0.0,445.2883333333333,0.0,5986.710584747432,10477.563251878086,9982.798437063268,0.0,0.0,0.0,445.2883333333357,0.0,0.0,0.0,0.0,Q4 SMOKE / TEST ONLY,453.92999999999995,0.0,1e-07,0.0,0.0,13394.35474383365,optimal,optimal,optimal,18:00:00
2025-03-21,109,1.1224,0.0,452.2605166666666,0.0,5986.710584747432,9982.798437063268,9480.286751878082,0.0,0.0,0.0,452.2605166666672,0.0,0.0,0.0,0.0,Q4 SMOKE / TEST ONLY,449.09745,0.0,1e-07,0.0,0.0,12906.618966055914,optimal,optimal,optimal,18:10:00
2025-03-21,110,1.119,0.0,450.48769999999996,0.9997333333333334,5986.710584747432,9480.286751878082,8980.855677804007,0.0,0.0,0.0,449.48796666666664,0.0,0.0,0.0,0.0,Q4 SMOKE / TEST ONLY,443.92428333333334,0.7266833333333332,1e-07,0.0,0.0,12418.085873463386,optimal,optimal,optimal,18:20:00
2025-03-21,111,1.1477,0.0,435.71000000000004,0.0,5986.710584747432,8980.855677804007,8496.733455581785,0.0,0.0,0.0,435.71000000000004,0.0,0.0,0.0,0.0,Q4 SMOKE / TEST ONLY,439.4758333333333,0.0,1e-07,0.0,0.0,11910.28628087091,optimal,optimal,optimal,18:30:00
2025-03-21,112,1.1148,0.0,423.5798,0.0,5986.710584747432,8496.733455581785,8026.089233359561,0.0,0.0,0.0,423.57980000000134,0.0,0.0,0.0,0.0,Q4 SMOKE / TEST ONLY,436.83134999999993,0.0,1e-07,0.0,0.0,11396.716169759846,optimal,optimal,optimal,18:40:00
2025-03-21,113,1.1269,0.0,448.0878333333333,0.07178333333333334,5986.710584747432,8026.089233359561,7528.29362224845,0.0,0.0,0.0,448.01605,0.0,0.0,0.0,0.0,Q4 SMOKE / TEST ONLY,435.7728833333333,0.05217333333333333,1e-07,0.0,0.0,10953.394925315428,optimal,optimal,optimal,18:50:00
2025-03-21,114,1.1778,0.0,480.57833333333326,0.0,5986.710584747432,7528.29362224845,6994.317696322524,0.0,0.0,0.0,480.57833333333383,0.0,0.0,0.0,0.0,Q4 SMOKE / TEST ONLY,439.88083333333327,0.0,1e-07,0.0,0.0,10546.038203093305,optimal,optimal,optimal,19:00:00
2025-03-21,115,1.1421,0.0,457.1183,0.0,5986.710584747432,6994.317696322524,6486.408474100302,0.0,0.0,0.0,457.1183000000001,0.0,0.0,0.0,0.0,Q4 SMOKE / TEST ONLY,449.37587499999995,0.0,1e-07,0.0,0.0,10029.267666056334,optimal,optimal,optimal,19:10:00
2025-03-21,116,1.0779,0.0,438.2265,0.00515,5986.710584747432,6486.408474100302,5999.495862989191,0.0,0.0,0.0,438.22135,0.0,0.0,0.0,0.0,Q4 SMOKE / TEST ONLY,436.983875,0.003749999999999999,1e-07,0.0,0.0,9524.116721611914,optimal,optimal,optimal,19:20:00
2025-03-21,117,1.0561,0.0,454.32666666666665,0.0,5986.710584747432,5999.495862989191,5494.688455581782,0.0,0.0,0.0,454.32666666666773,0.0,0.0,0.0,0.0,Q4 SMOKE / TEST ONLY,424.28666666666663,0.0,1e-07,0.0,0.0,9103.959666056377,optimal,optimal,optimal,19:30:00
2025-03-21,118,1.0917,0.0,477.2536333333333,0.0,5986.710584747432,5494.688455581782,4964.406640766966,0.0,0.0,0.0,477.2536333333346,0.0,0.0,0.0,0.0,Q4 SMOKE / TEST ONLY,458.7238333333333,0.0,1e-07,0.0,0.0,8640.329591982325,optimal,optimal,optimal,19:40:00
2025-03-21,119,1.1173,0.0,492.04021666666665,0.00036666666666666667,5986.710584747432,4964.406640766966,4417.695696322522,0.0,0.0,0.0,492.03985,0.0,0.0,0.0,0.0,Q4 SMOKE / TEST ONLY,471.74698333333333,0.0002666666666666667,1e-07,0.0,0.0,8155.143629019389,optimal,optimal,optimal,19:50:00
2025-03-21,120,1.1105,0.0,482.5516666666666,0.0,5986.710584747432,4417.695696322522,3881.5271778040033,0.0,0.0,0.0,482.55166666666673,0.0,0.0,0.0,0.0,Q4 SMOKE / TEST ONLY,448.9475,0.0,1e-07,0.0,0.0,7683.108610500898,optimal,optimal,optimal,20:00:00
2025-03-21,121,1.1102,0.0,446.72555,0.0,5986.710584747432,3881.5271778040033,3385.165455581781,0.0,0.0,0.0,446.7255500000001,0.0,0.0,0.0,0.0,Q4 SMOKE / TEST ONLY,444.0831416666666,0.0,1e-07,0.0,0.0,7152.812110500932,optimal,optimal,optimal,20:10:00
2025-03-21,122,1.1385,0.0,454.9432166666666,0.0,5986.710584747432,3385.165455581781,2879.672992618818,0.0,0.0,0.0,454.94321666666656,0.0,0.0,0.0,0.0,Q4 SMOKE / TEST ONLY,449.14889999999997,0.0,1e-07,0.0,0.0,6669.326647538022,optimal,optimal,optimal,20:20:00
2025-03-21,123,1.1788,0.0,494.82499999999993,0.0,5986.710584747432,2879.672992618818,2329.867437063263,0.0,0.0,0.0,494.8249999999998,0.0,0.0,0.0,0.0,Q4 SMOKE / TEST ONLY,452.75249999999994,0.0,1e-07,0.0,0.0,6257.328629019565,optimal,optimal,optimal,20:30:00
2025-03-21,124,1.1666,0.0,483.5268166666666,0.0,5986.710584747432,2329.867437063263,1792.615418544745,0.0,0.0,0.0,483.52681666666626,3.1375790808652046e-13,0.0,1.830149877868674e-12,1.830149877868674e-12,Q4 SMOKE / TEST ONLY,457.02487499999995,0.0,1e-07,0.0,0.0,5766.416277167749,optimal,optimal,optimal,20:40:00
2025-03-21,125,0.9932,0.0,458.33371666666665,0.0,5986.710584747432,1792.615418544745,1283.355733381934,0.0,0.0,0.0,458.33371664652987,2.0136667444603518e-08,0.0,9.999869052990107e-08,9.999869052990107e-08,Q4 SMOKE / TEST ONLY,465.78109166666667,0.0,1e-07,0.0,0.0,5212.614536428311,optimal,optimal,optimal,20:50:00
2025-03-21,126,0.7711,486.00166666666667,448.37166666666667,0.0,5986.710584747432,1283.355733381934,1317.222733381934,37.629999999999995,448.37166666666667,0.0,0.0,0.0,374.75588516666664,0.0,374.75588516666664,Q4 SMOKE / TEST ONLY,471.4275,0.0,1e-07,0.0,0.0,4703.3548512655,optimal,optimal,optimal,21:00:00
2025-03-21,127,0.745,475.1742,445.5922166666667,0.0,5986.710584747432,1317.222733381934,1343.846518381934,29.581983333333312,445.5922166666667,0.0,0.0,0.0,354.004779,0.0,354.004779,Q4 SMOKE / TEST ONLY,462.3124833333333,0.0,1e-07,0.0,0.0,4669.487851265498,optimal,optimal,optimal,21:10:00
2025-03-21,128,0.7656,475.7364583333332,450.55286666666666,0.0,5986.710584747432,1343.846518381934,1366.5117508819337,25.18359166666653,450.55286666666666,0.0,0.0,0.0,364.22383249999984,0.0,364.22383249999984,Q4 SMOKE / TEST ONLY,456.66847499999994,0.0,1e-07,0.0,0.0,4642.864066265498,optimal,optimal,optimal,21:20:00
2025-03-21,129,0.7761,482.02333333333326,468.72333333333336,0.0,5986.710584747432,1366.5117508819337,1378.4817508819335,13.299999999999898,468.72333333333336,0.0,0.0,0.0,374.098309,0.0,374.098309,Q4 SMOKE / TEST ONLY,465.9291666666666,0.0,1e-07,0.0,0.0,4620.198833765506,optimal,optimal,optimal,21:30:00
2025-03-21,130,0.8209,492.0171041666666,491.0152166666667,0.0,5986.710584747432,1378.4817508819335,1379.3834496319334,1.0018874999999525,491.0152166666667,0.0,0.0,0.0,403.8968408104166,0.0,403.8968408104166,Q4 SMOKE / TEST ONLY,478.71865833333334,0.0,1e-07,0.0,0.0,4608.228833765499,optimal,optimal,optimal,21:40:00
2025-03-21,131,0.6005,467.7752333333333,446.1972166666667,0.0,5986.710584747432,1379.3834496319334,1398.8036646319333,21.5780166666666,446.1972166666667,0.0,0.0,0.0,280.8990276166667,0.0,280.8990276166667,Q4 SMOKE / TEST ONLY,452.63958333333335,0.0,1e-07,0.0,0.0,4607.327135015501,optimal,optimal,optimal,21:50:00
2025-03-21,132,0.2516,737.9498163860359,370.4316666666667,0.0,5986.710584747432,1398.8036646319333,1729.5699993793655,367.5181497193692,370.4316666666667,0.0,0.0,0.0,185.6681738027266,0.0,185.6681738027266,Q4 SMOKE / TEST ONLY,397.395,0.0,1e-07,0.0,0.0,4587.906920015501,optimal,optimal,optimal,22:00:00
2025-03-21,133,0.2468,1217.4660583333334,379.84864999999996,0.0,5986.710584747432,1729.5699993793655,2479.5699993793655,833.3333333333334,384.13272500000005,0.0,0.0,0.0,300.4706231966667,0.0,300.4706231966667,Q4 SMOKE / TEST ONLY,370.7600583333333,0.0,1e-07,0.0,0.0,4257.1405852680655,optimal,optimal,optimal,22:10:00
2025-03-21,134,0.3199,1229.7429916666667,420.18748333333326,0.0,5986.710584747432,2479.5699993793655,3208.1699568793656,809.5555083333335,420.18748333333326,0.0,0.0,0.0,393.3947830341667,0.0,393.3947830341667,Q4 SMOKE / TEST ONLY,382.7391666666666,0.0,1e-07,0.0,0.0,3507.1405852680673,optimal,optimal,optimal,22:20:00
2025-03-21,135,0.3082,1253.2283333333335,428.68833333333333,0.0,5986.710584747432,3208.1699568793656,3950.255956879366,824.5400000000002,428.68833333333333,0.0,0.0,0.0,386.24497233333335,0.0,386.24497233333335,Q4 SMOKE / TEST ONLY,401.87333333333333,0.0,1e-07,0.0,0.0,2778.5406277680668,optimal,optimal,optimal,22:30:00
2025-03-21,136,0.3096,1237.9586416666666,397.2578166666666,0.0,5986.710584747432,3950.255956879366,4700.255956879366,833.3333333333334,404.62530833333324,0.0,0.0,0.0,383.27199545999997,0.0,383.27199545999997,Q4 SMOKE / TEST ONLY,387.19419166666665,0.0,1e-07,0.0,0.0,2036.4546277680693,optimal,optimal,optimal,22:40:00
2025-03-21,137,0.2958,387.34267499999993,390.7609333333333,0.0,5986.710584747432,4700.255956879366,4696.457892139677,0.0,387.34267499999993,0.0,3.4182582657201124,6.761325219743069e-08,114.57596326499998,1e-07,114.57596336499998,Q4 SMOKE / TEST ONLY,373.48494999999997,0.0,1e-07,0.0,0.0,1294.0507572474453,optimal,optimal,optimal,22:50:00
2025-03-21,138,0.2748,1222.2933333333333,402.99333333333334,0.0,5986.710584747432,4696.457892139677,5433.827892139677,819.3,402.99333333333334,0.0,0.0,0.0,335.88620799999995,0.0,335.88620799999995,Q4 SMOKE / TEST ONLY,376.79499999999996,0.0,1e-07,0.0,0.0,1290.252692507756,optimal,optimal,optimal,23:00:00
2025-03-21,139,0.3009,392.17916666666673,376.56061666666665,0.0,5986.710584747432,5433.827892139677,5433.827892139677,0.0,392.17916666666673,0.0,0.0,0.0,118.00671125000002,0.0,118.00671125000002,Q4 SMOKE / TEST ONLY,382.6683,0.0,1e-07,0.0,0.0,552.8826925077565,optimal,optimal,optimal,23:10:00
2025-03-21,140,0.3281,420.8306583333333,398.49354999999997,0.0,5986.710584747432,5433.827892139677,5453.931289639677,22.337108333333333,398.49354999999997,0.0,0.0,0.0,138.07453899916666,0.0,138.07453899916666,Q4 SMOKE / TEST ONLY,404.8920333333333,0.0,1e-07,0.0,0.0,552.8826925077542,optimal,optimal,optimal,23:20:00
2025-03-21,141,0.3349,442.07,445.205,0.0,5986.710584747432,5453.931289639677,5450.447956372698,0.0,442.07,0.0,3.1349999402806716,5.971931919976113e-08,148.049243,1e-07,148.04924309999998,Q4 SMOKE / TEST ONLY,426.2708333333333,0.0,1e-07,0.0,0.0,539.7459615417138,optimal,optimal,optimal,23:30:00
2025-03-21,142,0.3405,1251.529475,402.79061666666666,0.0,5986.710584747432,5450.447956372698,5986.7105846474315,595.8473647497037,655.6821102502963,0.0,0.0,0.0,426.14578623750003,0.0,426.14578623750003,Q4 SMOKE / TEST ONLY,410.14565,0.0,1e-07,0.0,0.0,536.2626282747333,optimal,optimal,optimal,23:40:00
2025-03-21,143,0.3286,406.3452499999999,380.8200166666666,0.0,5986.710584747432,5986.7105846474315,5986.7105846474315,0.0,406.3452499999999,0.0,0.0,6.086427267194156e-08,133.52504914999997,1e-07,133.52504924999997,Q4 SMOKE / TEST ONLY,394.38235,0.0,1e-07,0.0,0.0,-5.684341886080802e-14,optimal,optimal,optimal,23:50:00
2025-03-21,144,0.3013,413.34916666666663,408.4316666666667,0.0,5986.710584747432,5986.7105846474315,5986.710584647432,6.252776074688882e-13,413.349166666666,0.0,0.0,6.637902422834384e-08,124.54210391666666,1e-07,124.54210401666666,Q4 SMOKE / TEST ONLY,402.59999999999997,0.0,1e-07,0.0,0.0,5.684341886080801e-13,optimal,optimal,optimal,0:00+1
2025-03-22,1,0.2868,435.44064166666664,405.05203333333327,0.0,5986.710584647432,5986.710584647432,6014.060332147433,30.388608333333366,405.05203333333327,0.0,0.0,0.0,124.88437602999998,0.0,124.88437602999998,Q4 SMOKE / TEST ONLY,421.828775,0.0,1e-07,0.0,0.0,32338.174315160293,optimal,optimal,optimal,00:10:00
2025-03-22,2,0.3052,443.69669166666665,400.8842833333333,0.0,5986.710584647432,6014.060332147433,6052.591499647433,42.81240833333334,400.8842833333333,0.0,0.0,0.0,135.41623029666667,0.0,135.41623029666667,Q4 SMOKE / TEST ONLY,427.1689083333333,0.0,1e-07,0.0,0.0,32310.824567671647,optimal,optimal,optimal,00:20:00
2025-03-22,3,0.3172,439.63666666666654,408.3433333333333,0.0,5986.710584647432,6052.591499647433,6080.755499647433,31.293333333333237,408.3433333333333,0.0,0.0,0.0,139.45275066666662,0.0,139.45275066666662,Q4 SMOKE / TEST ONLY,418.9233333333333,0.0,1e-07,0.0,0.0,32272.293400180995,optimal,optimal,optimal,00:30:00
2025-03-22,4,0.2747,425.4072125,404.73319999999995,0.0,5986.710584647432,6080.755499647433,6099.362110897433,20.67401250000006,404.73319999999995,0.0,0.0,0.0,116.85936127375,0.0,116.85936127375,Q4 SMOKE / TEST ONLY,417.9412083333333,0.0,1e-07,0.0,0.0,32244.129400178444,optimal,optimal,optimal,00:40:00
2025-03-22,5,0.312,429.9472916666666,412.86106666666666,0.0,5986.710584647432,6099.362110897433,6114.739713397433,17.086224999999956,412.86106666666666,0.0,0.0,0.0,134.143555,0.0,134.143555,Q4 SMOKE / TEST ONLY,416.59029999999996,0.0,1e-07,0.0,0.0,32225.522788931543,optimal,optimal,optimal,00:50:00
2025-03-22,6,0.3775,1259.2866666666666,420.8983333333333,0.0,5986.710584647432,6114.739713397433,6864.739713397433,833.3333333333334,425.95333333333326,0.0,0.0,0.0,475.3807166666667,0.0,475.3807166666667,Q4 SMOKE / TEST ONLY,413.7083333333333,0.0,1e-07,0.0,0.0,32210.145186440346,optimal,optimal,optimal,01:00:00
2025-03-22,7,0.2906,425.2169333333333,393.5677166666667,0.0,5986.710584647432,6864.739713397433,6893.224008397433,31.649216666666632,393.5677166666667,0.0,0.0,0.0,123.56804082666667,0.0,123.56804082666667,Q4 SMOKE / TEST ONLY,417.89669166666664,0.0,1e-07,0.0,0.0,31460.14518643827,optimal,optimal,optimal,01:10:00
2025-03-22,8,0.2694,431.22121666666663,385.4092833333333,0.0,5986.710584647432,6893.224008397433,6934.454748397433,45.81193333333334,385.4092833333333,0.0,0.0,0.0,116.17099576999998,0.0,116.17099576999998,Q4 SMOKE / TEST ONLY,421.5516083333333,0.0,1e-07,0.0,0.0,31431.660891434825,optimal,optimal,optimal,01:20:00
2025-03-22,9,0.3655,428.42999999999984,417.0583333333333,0.0,5986.710584647432,6934.454748397433,6944.6892483974325,11.371666666666556,417.0583333333333,0.0,0.0,0.0,156.59116499999993,0.0,156.59116499999993,Q4 SMOKE / TEST ONLY,420.2458333333333,0.0,1e-07,0.0,0.0,31390.430151438526,optimal,optimal,optimal,01:30:00
2025-03-22,10,0.4039,430.6682166666667,451.0360833333333,0.0,5986.710584647432,6944.6892483974325,6922.058285434469,0.0,430.6682166666667,0.0,20.3678666666666,0.0,173.94689271166666,0.0,173.94689271166666,Q4 SMOKE / TEST ONLY,418.60013333333336,0.0,1e-07,0.0,0.0,31425.457577368274,optimal,optimal,optimal,01:40:00
2025-03-22,11,0.3785,431.6392166666666,447.0386833333333,0.0,5986.710584647432,6922.058285434469,6904.9477669159505,0.0,431.6392166666666,0.0,15.39946666666674,0.0,163.3754435083333,0.0,163.3754435083333,Q4 SMOKE / TEST ONLY,427.22452499999997,0.0,1e-07,0.0,0.0,31437.04765144418,optimal,optimal,optimal,01:50:00
2025-03-22,12,0.3356,456.0991666666667,413.59833333333336,0.0,5986.710584647432,6904.9477669159505,6943.198516915951,42.50083333333333,413.59833333333336,0.0,0.0,0.0,153.06688033333336,0.0,153.06688033333336,Q4 SMOKE / TEST ONLY,442.6475,0.0,1e-07,0.0,0.0,31419.937132926207,optimal,optimal,optimal,02:00:00
2025-03-22,13,0.3186,458.8705166666666,397.09293333333335,0.0,5986.710584647432,6943.198516915951,6998.798341915951,61.77758333333327,397.09293333333335,0.0,0.0,0.0,146.19614660999997,0.0,146.19614660999997,Q4 SMOKE / TEST ONLY,448.96005833333334,0.0,1e-07,0.0,0.0,31381.68638292554,optimal,optimal,optimal,02:10:00
2025-03-22,14,0.3294,448.4326000000001,399.8299833333333,0.0,5986.710584647432,6998.798341915951,7042.540696915951,48.60261666666679,399.8299833333333,0.0,0.0,0.0,147.71369844000003,0.0,147.71369844000003,Q4 SMOKE / TEST ONLY,443.2443666666667,0.0,1e-07,0.0,0.0,31326.086557924536,optimal,optimal,optimal,02:20:00
2025-03-22,15,0.346,0.0,417.4766666666667,0.0,5986.710584647432,7042.540696915951,6578.677733952988,0.0,0.0,0.0,417.47666666666646,0.0,0.0,0.0,0.0,Q4 SMOKE / TEST ONLY,443.075,0.0,1e-07,0.0,0.0,31225.459017738718,optimal,optimal,optimal,02:30:00
2025-03-22,16,0.3462,469.36859999999996,445.24694999999997,0.0,5986.710584647432,6578.677733952988,6600.387218952988,24.12164999999999,445.24694999999997,0.0,0.0,0.0,162.49540932,0.0,162.49540932,Q4 SMOKE / TEST ONLY,465.490525,0.0,1e-07,0.0,0.0,30761.596054775582,optimal,optimal,optimal,02:40:00
2025-03-22,17,0.3563,469.5401833333333,457.8584833333333,0.0,5986.710584647432,6600.387218952988,6610.900748952989,11.681699999999978,457.8584833333333,0.0,0.0,0.0,167.29716732166665,0.0,167.29716732166665,Q4 SMOKE / TEST ONLY,460.21236666666664,0.0,1e-07,0.0,0.0,30739.886569776543,optimal,optimal,optimal,02:50:00
2025-03-22,18,0.3625,1275.600795177259,447.0483333333333,0.0,5986.710584647432,6610.900748952989,7356.5979646125215,828.5524618439257,447.0483333333333,0.0,0.0,0.0,462.40528825175636,0.0,462.40528825175636,Q4 SMOKE / TEST ONLY,431.0175,0.0,1e-07,0.0,0.0,30729.37303977808,optimal,optimal,optimal,03:00:00
2025-03-22,19,0.3224,444.5599500000001,429.53638333333333,0.0,5986.710584647432,7356.5979646125215,7370.119174612521,15.023566666666738,429.53638333333333,0.0,0.0,0.0,143.32612788000003,0.0,143.32612788000003,Q4 SMOKE / TEST ONLY,432.18349166666667,0.0,1e-07,0.0,0.0,29983.67582411832,optimal,optimal,optimal,03:10:00
2025-03-22,20,0.2882,442.3976916666667,431.43013333333334,0.0,5986.710584647432,7370.119174612521,7379.989977112521,10.96755833333333,431.43013333333334,0.0,0.0,0.0,127.49901473833334,0.0,127.49901473833334,Q4 SMOKE / TEST ONLY,437.1628833333333,0.0,1e-07,0.0,0.0,29970.154614117087,optimal,optimal,optimal,03:20:00
2025-03-22,21,0.2928,435.9458333333333,441.04499999999996,0.0,5986.710584647432,7379.989977112521,7374.324236447675,0.0,435.9458333333333,0.0,5.099166598361762,6.830487109255046e-08,127.64494,9.999833127949386e-08,127.64494009999834,Q4 SMOKE / TEST ONLY,431.6866666666666,0.0,1e-07,0.0,0.0,29971.615293082243,optimal,optimal,optimal,03:30:00
2025-03-22,22,0.3201,437.66605833333335,424.52088333333336,0.0,5986.710584647432,7374.324236447675,7386.154893947674,13.145174999999995,424.52088333333336,0.0,0.0,0.0,140.0969052725,0.0,140.0969052725,Q4 SMOKE / TEST ONLY,431.965775,0.0,1e-07,0.0,0.0,29965.949552280916,optimal,optimal,optimal,03:40:00
2025-03-22,23,0.334,441.1257583333334,417.17263333333335,0.0,5986.710584647432,7386.154893947674,7407.7127064476745,23.953125000000057,417.17263333333335,0.0,0.0,0.0,147.33600328333335,0.0,147.33600328333335,Q4 SMOKE / TEST ONLY,442.463375,0.0,1e-07,0.0,0.0,29951.14641329905,optimal,optimal,optimal,03:50:00
2025-03-22,24,0.347,452.83916666666676,433.2983333333333,0.0,5986.710584647432,7407.7127064476745,7425.299456447675,19.540833333333467,433.2983333333333,0.0,0.0,0.0,157.13519083333335,0.0,157.13519083333335,Q4 SMOKE / TEST ONLY,450.58916666666664,0.0,1e-07,0.0,0.0,29929.588600798885,optimal,optimal,optimal,04:00:00
2025-03-22,25,0.3899,438.5556383333333,449.00783333333334,0.00045,5986.710584647432,7425.299456447675,7413.686406447675,0.0,438.5556383333333,0.0,10.451745000000017,0.0,170.99284338616667,0.0,170.99284338616667,Q4 SMOKE / TEST ONLY,441.46641666666665,0.0003033333333333333,1e-07,0.0,0.0,29928.76022857762,optimal,optimal,optimal,04:10:00
2025-03-22,26,0.3617,445.83641666666665,444.26789999999994,0.0,5986.710584647432,7413.686406447675,7415.098071447675,1.56851666666671,444.26789999999994,0.0,0.0,0.0,161.25903190833333,0.0,161.25903190833333,Q4 SMOKE / TEST ONLY,444.36275,0.0,1e-07,0.0,0.0,29917.147178577867,optimal,optimal,optimal,04:20:00
2025-03-22,27,0.3084,0.0,437.15999999999997,0.0,5986.710584647432,7415.098071447675,6929.3647381863975,0.0,0.0,0.0,437.15999993514924,6.485061021521688e-08,0.0,9.999964095186442e-08,9.999964095186442e-08,Q4 SMOKE / TEST ONLY,460.74833333333333,0.0,1e-07,0.0,0.0,29863.316995051064,optimal,optimal,optimal,04:30:00
2025-03-22,28,0.3755,0.0,461.7474833333333,0.006266666666666667,5986.710584647432,6929.3647381863975,6416.318941890101,0.0,0.0,0.0,461.7412166666667,0.0,0.0,0.0,0.0,Q4 SMOKE / TEST ONLY,461.82122499999997,0.004263333333333333,1e-07,0.0,0.0,29377.415339430463,optimal,optimal,optimal,04:40:00
2025-03-22,29,0.3954,455.2148833333333,471.8125166666667,0.0,5986.710584647432,6416.318941890101,6397.877127075286,0.0,455.2148833333333,0.0,16.597633333333363,0.0,179.99196486999998,0.0,179.99196486999998,Q4 SMOKE / TEST ONLY,453.65212499999996,0.0,1e-07,0.0,0.0,28901.253172764576,optimal,optimal,optimal,04:50:00
2025-03-22,30,0.3361,456.3058333333333,461.8566666666666,0.0,5986.710584647432,6397.877127075286,6391.709534482695,0.0,456.3058333333333,0.0,5.550833333332291,1.0536714159147608e-12,153.36439058333332,1.7706948144447557e-12,153.36439058333508,Q4 SMOKE / TEST ONLY,451.96999999999997,0.0,1e-07,0.0,0.0,28895.14654313515,optimal,optimal,optimal,05:00:00
2025-03-22,31,0.3361,465.23352833333337,470.3219833333333,0.08723333333333333,5986.710584647432,6391.709534482695,6386.152621519733,0.0,465.23352833333337,0.0,5.001221666665471,1.1233363640561166e-12,156.36498887283335,1.887766759796304e-12,156.36498887283523,Q4 SMOKE / TEST ONLY,464.56983333333335,0.059366666666666665,1e-07,0.0,0.0,28900.09277646812,optimal,optimal,optimal,05:10:00
2025-03-22,32,0.3562,0.0,468.6152666666667,0.0,5986.710584647432,6386.152621519733,5865.468991890104,0.0,0.0,0.0,468.6152666666658,1.0249207397060457e-12,0.0,1.8253838374164675e-12,1.8253838374164675e-12,Q4 SMOKE / TEST ONLY,466.6986416666667,0.0,1e-07,0.0,0.0,28898.795030171328,optimal,optimal,optimal,05:20:00
2025-03-22,33,0.3391,81.49539972373128,455.66833333333335,0.0,5986.710584647432,5865.468991890104,5449.721287879436,0.0,81.49539972373128,0.0,374.1729336096008,1.2379643857839153e-12,27.635090046317277,2.0989686160966285e-12,27.635090046319377,Q4 SMOKE / TEST ONLY,453.5533333333333,0.0,1e-07,0.0,0.0,28382.81140054139,optimal,optimal,optimal,05:30:00
2025-03-22,34,0.307,441.55480777777774,462.3114333333333,1.2150333333333332,5986.710584647432,5449.721287879436,5428.008407704906,0.0,441.55480777777774,0.0,19.541592157076934,6.51452864985913e-08,135.55732598777777,9.999801477533765e-08,135.55732608777578,Q4 SMOKE / TEST ONLY,444.18441666666666,0.8268699999999999,1e-07,0.0,0.0,28006.483370597307,optimal,optimal,optimal,05:40:00
2025-03-22,35,0.4698,0.0,468.04194999999993,0.0,5986.710584647432,5428.008407704906,4907.961796593797,0.0,0.0,0.0,468.041949999998,1.528730571989393e-12,0.0,3.5909881136030845e-12,3.5909881136030845e-12,Q4 SMOKE / TEST ONLY,440.797325,0.0,1e-07,0.0,0.0,28045.314101433192,optimal,optimal,optimal,05:50:00
2025-03-22,36,0.7311,0.0,459.47499999999997,0.0,5986.710584647432,4907.961796593797,4397.4340188160195,0.0,0.0,0.0,459.4749999999999,0.0,0.0,0.0,0.0,Q4 SMOKE / TEST ONLY,443.59166666666664,0.0,1e-07,0.0,0.0,27560.56378661833,optimal,optimal,optimal,06:00:00
2025-03-22,37,0.7663,0.0,448.1833333333333,34.19906666666667,5986.710584647432,4397.4340188160195,3937.4515002975013,0.0,0.0,0.0,413.9842666666666,0.0,0.0,0.0,0.0,Q4 SMOKE / TEST ONLY,453.63092499999993,24.153446666666667,1e-07,0.0,0.0,27015.606649581525,optimal,optimal,optimal,06:10:00
2025-03-22,38,0.7387,0.0,461.36685,83.03144999999999,5986.710584647432,3937.4515002975013,3517.0788336308347,0.0,0.0,0.0,378.3354,0.0,0.0,0.0,0.0,Q4 SMOKE / TEST ONLY,465.2335083333333,63.41861,1e-07,0.0,0.0,26503.447468100218,optimal,optimal,optimal,06:20:00
2025-03-22,39,0.7365,0.0,474.77666666666664,131.5375,5986.710584647432,3517.0788336308347,3135.701981778983,0.0,0.0,0.0,343.2391666666666,0.0,0.0,0.0,0.0,Q4 SMOKE / TEST ONLY,467.7358333333333,109.88,1e-07,0.0,0.0,26050.593319951986,optimal,optimal,optimal,06:30:00
2025-03-22,40,0.6857,0.0,445.2213333333333,178.2065333333333,5986.710584647432,3135.701981778983,2839.018870667872,0.0,0.0,0.0,267.0148,0.0,0.0,0.0,0.0,Q4 SMOKE / TEST ONLY,459.6306,161.01320666666666,1e-07,0.0,0.0,25598.988482914905,optimal,optimal,optimal,06:40:00
2025-03-22,41,0.6627,0.0,468.30168333333336,227.78933333333333,5986.710584647432,2839.018870667872,2571.7829262234272,0.0,0.0,0.0,240.51235000000003,0.0,0.0,0.0,0.0,Q4 SMOKE / TEST ONLY,485.90164999999996,215.07772,1e-07,0.0,0.0,25234.946305136946,optimal,optimal,optimal,06:50:00
2025-03-22,42,0.6897,0.0,539.3233333333333,281.9375,5986.710584647432,2571.7829262234272,2285.798666964168,0.0,0.0,0.0,257.38583333333327,0.0,0.0,0.0,0.0,Q4 SMOKE / TEST ONLY,530.2458333333334,270.59875,1e-07,0.0,0.0,24962.685360692216,optimal,optimal,optimal,07:00:00
2025-03-22,43,0.7062,0.0,552.4073999999999,338.01505,5986.710584647432,2285.798666964168,2047.584944741946,0.0,0.0,0.0,214.39234999999996,0.0,0.0,0.0,0.0,Q4 SMOKE / TEST ONLY,530.5439833333334,325.71567999999996,1e-07,0.0,0.0,24697.95453847022,optimal,optimal,optimal,07:10:00
2025-03-22,44,0.6984,0.0,538.0065666666667,394.19166666666666,5986.710584647432,2047.584944741946,1887.7906114086127,0.0,0.0,0.0,143.81490000000002,0.0,0.0,0.0,0.0,Q4 SMOKE / TEST ONLY,530.6619499999999,376.81129666666664,1e-07,0.0,0.0,24437.439142174357,optimal,optimal,optimal,07:20:00
2025-03-22,45,0.6479,0.0,531.9533333333333,444.74375,5986.710584647432,1887.7906114086127,1790.8910743715758,0.0,0.0,0.0,87.20958333333328,0.0,0.0,0.0,0.0,Q4 SMOKE / TEST ONLY,544.1175,426.51500000000004,1e-07,0.0,0.0,24210.104994026387,optimal,optimal,optimal,07:30:00
2025-03-22,46,0.5671,0.0,534.00045,485.17196666666666,5986.710584647432,1790.8910743715758,1736.6372040012068,0.0,0.0,0.0,48.82848333333212,1.217130518530214e-12,0.0,3.4511735852924223e-12,3.4511735852924223e-12,Q4 SMOKE / TEST ONLY,537.8536416666666,481.7125233333333,1.0000000000000002e-07,0.0,0.0,24096.955156989432,optimal,optimal,optimal,07:40:00
2025-03-22,47,0.6504,0.0,522.3355333333333,531.2488999999999,5986.710584647432,1736.6372040012068,1744.6592340012069,0.0,0.0,8.913366666666661,0.0,0.0,0.0,0.0,0.0,Q4 SMOKE / TEST ONLY,522.9730749999999,539.4560533333333,1e-07,0.0,0.0,24042.701286618973,optimal,optimal,optimal,07:50:00
2025-03-22,48,0.8544,0.0,515.1583333333333,576.4812499999999,5986.710584647432,1744.6592340012069,1799.8498590012068,0.0,0.0,61.32291666666663,0.0,0.0,0.0,0.0,0.0,Q4 SMOKE / TEST ONLY,519.3991666666666,591.7574999999999,1e-07,0.0,0.0,24034.67925661877,optimal,optimal,optimal,08:00:00
2025-03-22,49,0.9228,0.0,547.9785166666666,603.48345,5986.710584647432,1799.8498590012068,1849.8042990012068,0.0,0.0,55.50493333333338,0.0,0.0,0.0,0.0,0.0,Q4 SMOKE / TEST ONLY,533.7543833333333,632.7124366666666,1e-07,0.0,0.0,23979.48863161888,optimal,optimal,optimal,08:10:00
2025-03-22,50,0.879,0.0,549.27195,657.6467333333333,5986.710584647432,1849.8042990012068,1947.3416040012069,0.0,0.0,108.37478333333331,0.0,0.0,0.0,0.0,0.0,Q4 SMOKE / TEST ONLY,532.7839916666667,674.2703333333334,1e-07,0.0,0.0,23929.53419161921,optimal,optimal,optimal,08:20:00
2025-03-22,51,0.8055,0.0,511.5566666666667,728.19375,5986.710584647432,1947.3416040012069,2142.3149790012067,0.0,0.0,216.63708333333335,0.0,0.0,0.0,0.0,0.0,Q4 SMOKE / TEST ONLY,516.8675000000001,721.165,1e-07,0.0,0.0,23831.996886619436,optimal,optimal,optimal,08:30:00
2025-03-22,52,0.7644,0.0,512.2501,755.4684666666667,5986.710584647432,2142.3149790012067,2361.2115090012067,0.0,0.0,243.21836666666672,0.0,0.0,0.0,0.0,0.0,Q4 SMOKE / TEST ONLY,524.9850583333332,769.1006633333334,1e-07,0.0,0.0,23637.023511619434,optimal,optimal,optimal,08:40:00
2025-03-22,53,0.7882,0.0,598.2109499999999,772.1406666666667,5986.710584647432,2361.2115090012067,2517.7482540012065,0.0,0.0,173.92971666666676,0.0,0.0,0.0,0.0,0.0,Q4 SMOKE / TEST ONLY,574.2034166666667,823.57336,1e-07,0.0,0.0,23418.12698161943,optimal,optimal,optimal,08:50:00
2025-03-22,54,0.8388,0.0,694.5166666666667,816.2375,5986.710584647432,2517.7482540012065,2627.2970040012065,0.0,0.0,121.7208333333333,0.0,0.0,0.0,0.0,0.0,Q4 SMOKE / TEST ONLY,629.5091666666667,871.8,1e-07,0.0,0.0,23261.590236619617,optimal,optimal,optimal,09:00:00
2025-03-22,55,0.8357,0.0,672.4147333333333,892.1261666666666,5986.710584647432,2627.2970040012065,2825.0372940012066,0.0,0.0,219.71143333333328,0.0,0.0,0.0,0.0,0.0,Q4 SMOKE / TEST ONLY,635.8207333333332,896.9515766666666,1e-07,0.0,0.0,23152.04148661985,optimal,optimal,optimal,09:10:00
2025-03-22,56,0.7841,0.0,635.6066,945.7011666666667,5986.710584647432,2825.0372940012066,3104.1224040012066,0.0,0.0,310.09456666666676,0.0,0.0,0.0,0.0,0.0,Q4 SMOKE / TEST ONLY,639.64905,946.6320166666667,1e-07,0.0,0.0,22954.301196619897,optimal,optimal,optimal,09:20:00
2025-03-22,57,0.7509,0.0,638.42,956.175,5986.710584647432,3104.1224040012066,3390.1019040012065,0.0,0.0,317.755,0.0,0.0,0.0,0.0,0.0,Q4 SMOKE / TEST ONLY,653.6483333333333,1020.9375,1e-07,0.0,0.0,22675.216086619796,optimal,optimal,optimal,09:30:00
2025-03-22,58,0.7926,0.0,638.4952166666667,953.5883166666667,5986.710584647432,3390.1019040012065,3673.6856940012067,0.0,0.0,315.09310000000005,0.0,0.0,0.0,0.0,0.0,Q4 SMOKE / TEST ONLY,643.8592916666666,1069.2463433333335,1e-07,0.0,0.0,22389.236586619867,optimal,optimal,optimal,09:40:00
2025-03-22,59,0.7748,0.0,640.5507833333334,978.7438,5986.710584647432,3673.6856940012067,3978.0594090012064,0.0,0.0,338.1930166666666,0.0,0.0,0.0,0.0,0.0,Q4 SMOKE / TEST ONLY,628.3528833333332,1093.6046466666664,1e-07,0.0,0.0,22105.65279661994,optimal,optimal,optimal,09:50:00
2025-03-22,60,0.7006,0.0,637.385,1037.75,5986.710584647432,3978.0594090012064,4338.387909001206,0.0,0.0,400.365,0.0,0.0,0.0,0.0,0.0,Q4 SMOKE / TEST ONLY,626.0775,1113.54,1e-07,0.0,0.0,21801.279081619807,optimal,optimal,optimal,10:00:00
2025-03-22,61,0.7026,0.0,613.7173,1100.2375333333332,5986.710584647432,4338.387909001206,4776.256119001206,0.0,0.0,486.5202333333332,0.0,0.0,0.0,0.0,0.0,Q4 SMOKE / TEST ONLY,637.7315416666665,1143.4496433333331,1e-07,0.0,0.0,21440.95058161971,optimal,optimal,optimal,10:10:00
2025-03-22,62,0.6952,0.0,617.8692,1139.382,5986.710584647432,4776.256119001206,5245.617639001206,0.0,0.0,521.5128000000001,0.0,0.0,0.0,0.0,0.0,Q4 SMOKE / TEST ONLY,642.9798833333332,1164.2298566666666,1e-07,0.0,0.0,21003.082371619625,optimal,optimal,optimal,10:20:00
2025-03-22,63,0.6527,0.0,631.9449999999999,1175.5124999999998,5986.710584647432,5245.617639001206,5734.828389001206,0.0,0.0,543.5674999999999,0.0,0.0,0.0,0.0,0.0,Q4 SMOKE / TEST ONLY,634.9966666666667,1181.8574999999996,1e-07,0.0,0.0,20533.72085161943,optimal,optimal,optimal,10:30:00
2025-03-22,64,0.6216,0.0,591.68345,1247.25715,5986.710584647432,5734.828389001206,6324.844719001207,0.0,0.0,655.5736999999999,0.0,0.0,0.0,0.0,0.0,Q4 SMOKE / TEST ONLY,624.6224416666666,1222.9136899999999,1e-07,0.0,0.0,20044.51010161922,optimal,optimal,optimal,10:40:00
2025-03-22,65,0.4832,0.0,573.0117333333333,1286.9089,5986.710584647432,6324.844719001207,6967.352169001207,0.0,0.0,713.8971666666666,0.0,0.0,0.0,0.0,0.0,Q4 SMOKE / TEST ONLY,618.7864166666666,1263.1308566666664,1e-07,0.0,0.0,19454.49377161915,optimal,optimal,optimal,10:50:00
2025-03-22,66,0.2853,0.0,598.7666666666667,1288.8,5986.710584647432,6967.352169001207,7588.382169001206,0.0,0.0,690.0333333333333,0.0,0.0,0.0,0.0,0.0,Q4 SMOKE / TEST ONLY,621.6766666666666,1281.45625,1e-07,0.0,0.0,18811.98632161915,optimal,optimal,optimal,11:00:00
2025-03-22,67,0.2241,0.0,614.28625,1307.8726833333333,5986.710584647432,7588.382169001206,8212.609959001205,0.0,0.0,693.5864333333333,0.0,0.0,0.0,0.0,0.0,Q4 SMOKE / TEST ONLY,630.2593166666666,1282.8893033333331,1e-07,0.0,0.0,18190.95632161897,optimal,optimal,optimal,11:10:00
2025-03-22,68,0.2506,0.0,611.4100166666666,1290.04695,5986.710584647432,8212.609959001205,8823.383199001206,0.0,0.0,678.6369333333333,0.0,0.0,0.0,0.0,0.0,Q4 SMOKE / TEST ONLY,620.3667333333333,1308.8783133333334,1e-07,0.0,0.0,17566.728531618744,optimal,optimal,optimal,11:20:00
2025-03-22,69,0.2582,0.0,601.9816666666666,1267.8062499999999,5986.710584647432,8823.383199001206,9393.794339,0.0,0.0,633.7901555542156,0.0,0.0,0.0,0.0,0.0,Q4 SMOKE / TEST ONLY,597.1424999999999,1351.1225,1e-07,0.0,0.0,16955.95529161858,optimal,optimal,optimal,11:30:00
2025-03-22,70,0.1901,0.0,604.0989333333333,1335.2861666666665,5986.710584647432,9393.794339,10051.862849,0.0,0.0,731.1872333333332,0.0,0.0,0.0,0.0,0.0,Q4 SMOKE / TEST ONLY,593.9683416666667,1360.4917133333333,1e-07,0.0,0.0,16385.544151619375,optimal,optimal,optimal,11:40:00
2025-03-22,71,0.1607,0.0,629.1526166666666,1379.7402666666667,5986.710584647432,10051.862849,10413.942507141977,0.0,0.0,402.31073126886463,0.0,0.0,0.0,0.0,0.0,Q4 SMOKE / TEST ONLY,617.5210666666667,1358.3072766666667,1e-07,0.0,0.0,15727.47564161881,optimal,optimal,optimal,11:50:00
2025-03-22,72,0.1784,0.0,638.4983333333332,1365.19375,5986.710584647432,10413.942507141977,10413.942507141977,0.0,0.0,0.0,0.0,0.0,0.0,0.0,0.0,Q4 SMOKE / TEST ONLY,636.7725,1362.3087499999997,1e-07,0.0,0.0,15365.39598347639,optimal,optimal,optimal,12:00:00
2025-03-22,73,0.1546,0.0,581.4682333333333,1355.9115499999998,5986.710584647432,10413.942507141977,10413.942507141977,0.0,0.0,0.0,0.0,0.0,0.0,0.0,0.0,Q4 SMOKE / TEST ONLY,611.5036,1369.2459133333334,1e-07,0.0,0.0,15365.395983476135,optimal,optimal,optimal,12:10:00
2025-03-22,74,0.2005,0.0,548.0254166666666,1302.0528333333332,5986.710584647432,10413.942507141977,10413.942507141977,0.0,0.0,0.0,0.0,0.0,0.0,0.0,0.0,Q4 SMOKE / TEST ONLY,585.7614333333332,1378.36302,1e-07,0.0,0.0,15365.395983476024,optimal,optimal,optimal,12:20:00
2025-03-22,75,0.2739,0.0,564.0883333333334,1213.6812499999999,5986.710584647432,10413.942507141977,10413.942507141977,0.0,0.0,0.0,0.0,0.0,0.0,0.0,0.0,Q4 SMOKE / TEST ONLY,589.3774999999999,1369.1912499999996,1e-07,0.0,0.0,15365.395983475966,optimal,optimal,optimal,12:30:00
2025-03-22,76,0.2309,0.0,572.82525,1177.37285,5986.710584647432,10413.942507141977,10413.942507141977,0.0,0.0,0.0,0.0,0.0,0.0,0.0,0.0,Q4 SMOKE / TEST ONLY,610.9810249999999,1320.9411533333332,1e-07,0.0,0.0,15365.39598347585,optimal,optimal,optimal,12:40:00
2025-03-22,77,0.3247,0.0,584.25685,1222.6877666666664,5986.710584647432,10413.942507141977,10413.942507141977,0.0,0.0,0.0,0.0,0.0,0.0,0.0,0.0,Q4 SMOKE / TEST ONLY,618.3311916666667,1290.9864533333332,1e-07,0.0,0.0,15365.395983475688,optimal,optimal,optimal,12:50:00
2025-03-22,78,0.5467,0.0,601.68,1281.1812499999999,5986.710584647432,10413.942507141977,10413.942507141977,0.0,0.0,0.0,0.0,0.0,0.0,0.0,0.0,Q4 SMOKE / TEST ONLY,607.655,1291.37625,1e-07,0.0,0.0,15365.395983475577,optimal,optimal,optimal,13:00:00
2025-03-22,79,0.6192,0.0,609.2394833333333,1244.5746666666666,5986.710584647432,10413.942507141977,10413.942507141977,0.0,0.0,0.0,0.0,0.0,0.0,0.0,0.0,Q4 SMOKE / TEST ONLY,600.8249000000001,1277.76794,1e-07,0.0,0.0,15365.395983475608,optimal,optimal,optimal,13:10:00
2025-03-22,80,0.6385,0.0,612.01285,1173.7238833333333,5986.710584647432,10413.942507141977,10413.942507141977,0.0,0.0,0.0,0.0,0.0,0.0,0.0,0.0,Q4 SMOKE / TEST ONLY,589.999775,1241.540843333333,1e-07,0.0,0.0,15365.395983475777,optimal,optimal,optimal,13:20:00
2025-03-22,81,0.6846,0.0,607.1566666666666,1113.8999999999999,5986.710584647432,10413.942507141977,10413.942507141977,0.0,0.0,0.0,0.0,0.0,0.0,0.0,0.0,Q4 SMOKE / TEST ONLY,579.5775,1204.7112499999998,1e-07,0.0,0.0,15365.395983476037,optimal,optimal,optimal,13:30:00
2025-03-22,82,0.7242,0.0,589.7963166666666,1060.5286166666665,5986.710584647432,10413.942507141977,10413.942507141977,0.0,0.0,0.0,0.0,0.0,0.0,0.0,0.0,Q4 SMOKE / TEST ONLY,586.754475,1195.5679733333334,1e-07,0.0,0.0,15365.395983476299,optimal,optimal,optimal,13:40:00
2025-03-22,83,0.7285,0.0,597.6549,1042.6090333333332,5986.710584647432,10413.942507141977,10413.942507141977,0.0,0.0,0.0,0.0,0.0,0.0,0.0,0.0,Q4 SMOKE / TEST ONLY,600.0125833333333,1184.4909633333332,1e-07,0.0,0.0,15365.39598347648,optimal,optimal,optimal,13:50:00
2025-03-22,84,0.6955,0.0,611.6183333333333,1049.13125,5986.710584647432,10413.942507141977,10413.942507141977,0.0,0.0,0.0,0.0,0.0,0.0,0.0,0.0,Q4 SMOKE / TEST ONLY,605.5333333333333,1149.1212499999997,1e-07,0.0,0.0,15365.395983476523,optimal,optimal,optimal,14:00:00
2025-03-22,85,0.6572,0.0,576.08895,1034.2348666666667,5986.710584647432,10413.942507141977,10413.942507141977,0.0,0.0,0.0,0.0,0.0,0.0,0.0,0.0,Q4 SMOKE / TEST ONLY,595.5753416666666,1094.6474199999998,1e-07,0.0,0.0,15365.395983476457,optimal,optimal,optimal,14:10:00
2025-03-22,86,0.6788,0.0,556.9430333333332,1008.0778499999999,5986.710584647432,10413.942507141977,10413.942507141977,0.0,0.0,0.0,0.0,0.0,0.0,0.0,0.0,Q4 SMOKE / TEST ONLY,567.5788666666666,1047.3846666666664,1e-07,0.0,0.0,15365.395983476468,optimal,optimal,optimal,14:20:00
2025-03-22,87,0.7532,0.0,580.0016666666667,977.7437499999999,5986.710584647432,10413.942507141977,10413.942507141977,0.0,0.0,0.0,0.0,0.0,0.0,0.0,0.0,Q4 SMOKE / TEST ONLY,549.045,1011.67125,1e-07,0.0,0.0,15365.395983476617,optimal,optimal,optimal,14:30:00
2025-03-22,88,0.7833,0.0,603.4314999999999,938.0560833333334,5986.710584647432,10413.942507141977,10413.942507141977,0.0,0.0,0.0,0.0,0.0,0.0,0.0,0.0,Q4 SMOKE / TEST ONLY,574.3399166666666,970.0689933333333,1e-07,0.0,0.0,15365.395983476663,optimal,optimal,optimal,14:40:00
2025-03-22,89,0.642,0.0,600.5787333333333,904.0596166666666,5986.710584647432,10413.942507141977,10413.942507141977,0.0,0.0,0.0,0.0,0.0,0.0,0.0,0.0,Q4 SMOKE / TEST ONLY,592.4062083333333,925.9848933333333,1e-07,0.0,0.0,15365.395983476668,optimal,optimal,optimal,14:50:00
2025-03-22,90,0.4471,0.0,575.0566666666666,868.50625,5986.710584647432,10413.942507141977,10413.942507141977,0.0,0.0,0.0,0.0,0.0,0.0,0.0,0.0,Q4 SMOKE / TEST ONLY,585.16,885.6499999999999,1e-07,0.0,0.0,15365.395983476745,optimal,optimal,optimal,15:00:00
2025-03-22,91,0.4594,0.0,553.7620999999999,809.4586166666666,5986.710584647432,10413.942507141977,10413.942507141977,0.0,0.0,0.0,0.0,0.0,0.0,0.0,0.0,Q4 SMOKE / TEST ONLY,582.316475,849.8287833333331,1e-07,0.0,0.0,15365.395983476816,optimal,optimal,optimal,15:10:00
2025-03-22,92,0.5157,0.0,552.9443666666666,754.7803999999999,5986.710584647432,10413.942507141977,10413.942507141977,0.0,0.0,0.0,0.0,0.0,0.0,0.0,0.0,Q4 SMOKE / TEST ONLY,585.893225,808.4645533333334,1e-07,0.0,0.0,15365.39598347688,optimal,optimal,optimal,15:20:00
2025-03-22,93,0.5121,0.0,562.6933333333333,708.4812499999999,5986.710584647432,10413.942507141977,10413.942507141977,0.0,0.0,0.0,0.0,0.0,0.0,0.0,0.0,Q4 SMOKE / TEST ONLY,583.3475,755.8425,1e-07,0.0,0.0,15365.39598347696,optimal,optimal,optimal,15:30:00
2025-03-22,94,0.511,0.0,561.9606333333334,649.8975,5986.710584647432,10413.942507141977,10413.942507141977,0.0,0.0,0.0,0.0,0.0,0.0,0.0,0.0,Q4 SMOKE / TEST ONLY,565.4352916666666,696.3326533333333,1e-07,0.0,0.0,15365.395983477032,optimal,optimal,optimal,15:40:00
2025-03-22,95,0.5593,0.0,576.08125,604.188,5986.710584647432,10413.942507141977,10413.942507141977,0.0,0.0,0.0,0.0,0.0,0.0,0.0,0.0,Q4 SMOKE / TEST ONLY,562.7226499999999,645.5964966666667,1.0000000000000002e-07,0.0,0.0,15365.395983477116,optimal,optimal,optimal,15:50:00
2025-03-22,96,0.6285,0.0,598.4449999999999,564.875,5986.710584647432,10413.942507141977,10413.94250714198,0.0,0.0,0.0,-1.6370904631912707e-12,33.57000000000157,0.0,105.49372500000493,105.49372500000493,Q4 SMOKE / TEST ONLY,581.075,599.81125,1e-07,105.49372500000493,0.0,15365.395983477243,optimal,optimal,optimal,16:00:00
2025-03-22,97,0.6456,59.15004166666665,590.8783833333333,500.9182166666667,5986.710584647432,10413.94250714198,10413.94250714198,0.0,59.15004166666665,0.0,0.0,30.81012499999997,38.18726689999999,99.4550834999999,137.64235039999988,Q4 SMOKE / TEST ONLY,592.3924833333333,540.1224599999999,1.0000209726968023e-07,120.23791798562812,0.0,15365.395983148755,optimal,optimal,optimal,16:10:00
2025-03-22,98,0.64,103.55227000000002,564.4169666666667,454.58759999999995,5986.710584647432,10413.94250714198,10413.94250714198,0.0,103.55227000000002,0.0,0.0,6.277096666666694,66.27345280000002,20.08670933333342,86.36016213333343,Q4 SMOKE / TEST ONLY,573.9230499999999,476.09002666666663,1.0000000116860974e-07,60.376501415400384,0.0,15365.39598284223,optimal,optimal,optimal,16:20:00
2025-03-22,99,0.6428,143.8558333333334,549.2016666666666,431.96875,5986.710584647432,10413.94250714198,10437.903132141979,26.62291666666681,117.2329166666666,0.0,0.0,0.0,92.47052966666672,0.0,92.47052966666672,Q4 SMOKE / TEST ONLY,556.67,415.99749999999995,1e-07,0.0,0.0,15365.395983477434,optimal,optimal,optimal,16:30:00
2025-03-22,100,0.6531,229.74069999999995,559.6329499999999,393.66204999999997,5986.710584647432,10437.903132141979,10495.295952141978,63.769799999999975,165.97089999999997,0.0,0.0,0.0,150.04365116999998,0.0,150.04365116999998,Q4 SMOKE / TEST ONLY,583.5164916666665,359.29274999999996,1e-07,0.0,0.0,15341.435358477387,optimal,optimal,optimal,16:40:00
2025-03-22,101,0.6438,243.7754716666667,526.6263833333333,338.43608333333333,5986.710584647432,10495.295952141978,10545.322606641977,55.58517166666678,188.19029999999992,0.0,0.0,0.0,156.94264865900004,0.0,156.94264865900004,Q4 SMOKE / TEST ONLY,543.9290833333333,304.60005,1e-07,0.0,0.0,15284.042538477333,optimal,optimal,optimal,16:50:00
2025-03-22,102,0.6292,209.48208333333343,468.53666666666663,278.59999999999997,5986.710584647432,10545.322606641977,10562.913481641977,19.545416666666767,189.93666666666667,0.0,0.0,0.0,131.8061268333334,0.0,131.8061268333334,Q4 SMOKE / TEST ONLY,452.49666666666667,250.93624999999997,1e-07,0.0,0.0,15234.015883977294,optimal,optimal,optimal,17:00:00
2025-03-22,103,0.6548,252.76242833333328,472.36375,224.66298333333333,5986.710584647432,10562.913481641977,10567.468977141978,5.061661666666623,247.70076666666665,0.0,0.0,0.0,165.50883807266663,0.0,165.50883807266663,Q4 SMOKE / TEST ONLY,440.2561416666666,198.52596333333332,1e-07,0.0,0.0,15216.425008977327,optimal,optimal,optimal,17:10:00
2025-03-22,104,0.6965,307.5068644444442,469.90201666666667,167.20206666666667,5986.710584647432,10567.468977141978,10571.795200141978,4.806914444444203,302.69995,0.0,0.0,0.0,214.1785310855554,0.0,214.1785310855554,Q4 SMOKE / TEST ONLY,450.68829999999997,150.24402,1e-07,0.0,0.0,15211.869513477362,optimal,optimal,optimal,17:20:00
2025-03-22,105,0.7125,344.6604166666666,437.8633333333333,110.98749999999998,5986.710584647432,10571.795200141978,10587.801325141978,17.78458333333333,326.8758333333333,0.0,0.0,0.0,245.57054687499996,0.0,245.57054687499996,Q4 SMOKE / TEST ONLY,443.30916666666667,105.845,1e-07,0.0,0.0,15207.543290477352,optimal,optimal,optimal,17:30:00
2025-03-22,106,0.7072,387.577365,425.16639999999995,71.6645,5986.710584647432,10587.801325141978,10618.469243641977,34.07546500000001,353.5019,0.0,0.0,0.0,274.094712528,0.0,274.094712528,Q4 SMOKE / TEST ONLY,438.881675,62.736676666666675,1e-07,0.0,0.0,15191.537165477366,optimal,optimal,optimal,17:40:00
2025-03-22,107,0.856,248.92392888888693,430.0163,32.84565,5986.710584647432,10618.469243641977,10453.75066462963,0.0,248.92392888888693,0.0,148.24672111111312,-2.4859675875915243e-14,213.0788831288872,-1.0639941274891724e-13,213.0788831288871,Q4 SMOKE / TEST ONLY,443.8929833333333,24.256623333333334,1e-07,0.0,0.0,15110.945446977381,optimal,optimal,optimal,17:50:00
2025-03-22,108,1.0851,0.0,439.24666666666667,0.0,5986.710584647432,10453.75066462963,9965.698812777777,0.0,0.0,0.0,439.2466666666678,0.0,0.0,0.0,0.0,Q4 SMOKE / TEST ONLY,452.46916666666664,0.0,1e-07,0.0,0.0,14916.843534631684,optimal,optimal,optimal,18:00:00
2025-03-22,109,1.128,0.0,446.4558833333333,0.0,5986.710584647432,9965.698812777777,9469.636720185183,0.0,0.0,0.0,446.455883333334,0.0,0.0,0.0,0.0,Q4 SMOKE / TEST ONLY,455.4556333333333,0.0,1e-07,0.0,0.0,14408.792238335453,optimal,optimal,optimal,18:10:00
2025-03-22,110,1.1061,0.0,461.84068333333335,1.22355,5986.710584647432,9469.636720185183,8957.839905370367,0.0,0.0,0.0,460.61713333333336,0.0,0.0,0.0,0.0,Q4 SMOKE / TEST ONLY,462.0320083333333,0.8363233333333333,1e-07,0.0,0.0,13911.444475372547,optimal,optimal,optimal,18:20:00
2025-03-22,111,1.1081,0.0,465.58833333333337,0.0,5986.710584647432,8957.839905370367,8440.519534999996,0.0,0.0,0.0,465.58833333333405,0.0,0.0,0.0,0.0,Q4 SMOKE / TEST ONLY,466.3308333333333,0.0,1e-07,0.0,0.0,13397.99766055774,optimal,optimal,optimal,18:30:00
2025-03-22,112,1.1049,0.0,430.26011666666665,0.0,5986.710584647432,8440.519534999996,7962.4527387037,0.0,0.0,0.0,430.26011666666636,0.0,0.0,0.0,0.0,Q4 SMOKE / TEST ONLY,452.685075,0.0,1e-07,0.0,0.0,12830.84404944667,optimal,optimal,optimal,18:40:00
2025-03-22,113,1.1248,0.0,429.9805833333333,0.08785,5986.710584647432,7962.4527387037,7484.794146111107,0.0,0.0,0.0,429.8927333333333,0.0,0.0,0.0,0.0,Q4 SMOKE / TEST ONLY,443.9781083333333,0.06004666666666667,1e-07,0.0,0.0,12321.609856854182,optimal,optimal,optimal,18:50:00
2025-03-22,114,1.1446,0.0,462.9333333333333,0.0,5986.710584647432,7484.794146111107,6970.423775740735,0.0,0.0,0.0,462.9333333333343,0.0,0.0,0.0,0.0,Q4 SMOKE / TEST ONLY,447.2608333333333,0.0,1e-07,0.0,0.0,11878.779042039485,optimal,optimal,optimal,19:00:00
2025-03-22,115,1.1075,0.0,453.21805,0.0,5986.710584647432,6970.423775740735,6466.848164629624,0.0,0.0,0.0,453.2180500000004,0.0,0.0,0.0,0.0,Q4 SMOKE / TEST ONLY,448.683975,0.0,1e-07,0.0,0.0,11374.48439389142,optimal,optimal,optimal,19:10:00
2025-03-22,116,1.0855,0.0,433.96823333333333,0.0063,5986.710584647432,6466.848164629624,5984.668238703698,0.0,0.0,0.0,433.9619333333333,0.0,0.0,0.0,0.0,Q4 SMOKE / TEST ONLY,453.04950833333334,0.004313333333333333,1e-07,0.0,0.0,10828.50153463225,optimal,optimal,optimal,19:20:00
2025-03-22,117,1.0844,0.0,433.5333333333333,0.0,5986.710584647432,5984.668238703698,5502.964534999993,0.0,0.0,0.0,433.53333333333467,0.0,0.0,0.0,0.0,Q4 SMOKE / TEST ONLY,458.8458333333333,0.0,1e-07,0.0,0.0,10290.071608706425,optimal,optimal,optimal,19:30:00
2025-03-22,118,1.0496,0.0,444.87764999999996,0.0,5986.710584647432,5502.964534999993,5008.656034999993,0.0,0.0,0.0,444.87765000000036,0.0,0.0,0.0,0.0,Q4 SMOKE / TEST ONLY,455.4065333333333,0.0,1e-07,0.0,0.0,9784.970386484176,optimal,optimal,optimal,19:40:00
2025-03-22,119,1.0712,0.0,452.48516666666666,0.00045,5986.710584647432,5008.656034999993,4505.895238703696,0.0,0.0,0.0,452.48471666666666,0.0,0.0,0.0,0.0,Q4 SMOKE / TEST ONLY,441.2922083333333,0.0003066666666666667,1.0000000000000002e-07,0.0,0.0,9315.534808706365,optimal,optimal,optimal,19:50:00
2025-03-22,120,1.1374,0.0,448.63666666666666,0.0,5986.710584647432,4505.895238703696,4007.4100535185103,0.0,0.0,0.0,448.6366666666672,0.0,0.0,0.0,0.0,Q4 SMOKE / TEST ONLY,435.96,0.0,1e-07,0.0,0.0,8840.944382780512,optimal,optimal,optimal,20:00:00
2025-03-22,121,1.1398,0.0,438.8105833333333,0.0,5986.710584647432,4007.4100535185103,3519.8427387036954,0.0,0.0,0.0,438.8105833333334,0.0,0.0,0.0,0.0,Q4 SMOKE / TEST ONLY,459.288075,0.0,1e-07,0.0,0.0,8296.953660558407,optimal,optimal,optimal,20:10:00
2025-03-22,122,1.139,0.0,442.03175,0.0,5986.710584647432,3519.8427387036954,3028.6963498148066,0.0,0.0,0.0,442.0317500000001,0.0,0.0,0.0,0.0,Q4 SMOKE / TEST ONLY,462.0394083333333,0.0,1e-07,0.0,0.0,7764.924882780764,optimal,optimal,optimal,20:20:00
2025-03-22,123,1.1642,0.0,457.06333333333333,0.0,5986.710584647432,3028.6963498148066,2520.8482016666585,0.0,0.0,0.0,457.0633333333335,0.0,0.0,0.0,0.0,Q4 SMOKE / TEST ONLY,447.22416666666663,0.0,1e-07,0.0,0.0,7295.643308706814,optimal,optimal,optimal,20:30:00
2025-03-22,124,1.1549,0.0,462.79409999999996,0.0,5986.710584647432,2520.8482016666585,2006.6325349999915,0.0,0.0,0.0,462.7941000000003,0.0,0.0,0.0,0.0,Q4 SMOKE / TEST ONLY,464.4633166666666,0.0,1e-07,0.0,0.0,6784.085790188303,optimal,optimal,optimal,20:40:00
2025-03-22,125,1.0024,0.0,453.48021666666665,0.0,5986.710584647432,2006.6325349999915,1502.7656275925842,0.0,0.0,0.0,453.4802166666666,0.0,0.0,0.0,0.0,Q4 SMOKE / TEST ONLY,473.2889333333333,0.0,1e-07,0.0,0.0,6225.85075315127,optimal,optimal,optimal,20:50:00
2025-03-22,126,0.7936,478.7425,443.22166666666664,0.0,5986.710584647432,1502.7656275925842,1534.7343775925842,35.52083333333337,443.22166666666664,0.0,0.0,0.0,379.930048,0.0,379.930048,Q4 SMOKE / TEST ONLY,464.16833333333335,0.0,1e-07,0.0,0.0,5721.9838457439255,optimal,optimal,optimal,21:00:00
2025-03-22,127,0.746,483.3765916666666,452.77166666666665,0.0,5986.710584647432,1534.7343775925842,1562.2788100925843,30.60492499999998,452.77166666666665,0.0,0.0,0.0,360.5989373833333,0.0,360.5989373833333,Q4 SMOKE / TEST ONLY,470.51487499999996,0.0,1e-07,0.0,0.0,5690.015095743955,optimal,optimal,optimal,21:10:00
2025-03-22,128,0.7759,500.5837583333332,467.08731666666665,0.0,5986.710584647432,1562.2788100925843,1592.4256075925841,33.496441666666556,467.08731666666665,0.0,0.0,0.0,388.40293809083323,0.0,388.40293809083323,Q4 SMOKE / TEST ONLY,481.51577499999996,0.0,1e-07,0.0,0.0,5662.47066324397,optimal,optimal,optimal,21:20:00
2025-03-22,129,0.799,510.9233333333333,474.8333333333333,0.0,5986.710584647432,1592.4256075925841,1624.9066075925841,36.089999999999975,474.8333333333333,0.0,0.0,0.0,408.2277433333333,0.0,408.2277433333333,Q4 SMOKE / TEST ONLY,494.82916666666665,0.0,1e-07,0.0,0.0,5632.323865743996,optimal,optimal,optimal,21:30:00
2025-03-22,130,0.7838,523.4188708333332,472.4906,0.0,5986.710584647432,1624.9066075925841,1670.742051342584,50.92827083333327,472.4906,0.0,0.0,0.0,410.2557109591666,0.0,410.2557109591666,Q4 SMOKE / TEST ONLY,510.12042499999995,0.0,1e-07,0.0,0.0,5599.842865743916,optimal,optimal,optimal,21:40:00
2025-03-22,131,0.6095,475.16129999999987,438.2858,0.0,5986.710584647432,1670.742051342584,1703.930001342584,36.875499999999874,438.2858,0.0,0.0,0.0,289.61081234999995,0.0,289.61081234999995,Q4 SMOKE / TEST ONLY,460.0256499999999,0.0,1e-07,0.0,0.0,5554.007421993858,optimal,optimal,optimal,21:50:00
2025-03-22,132,0.3671,405.8366666666667,386.675,0.0,5986.710584647432,1703.930001342584,1721.175501342584,19.16166666666669,386.675,0.0,0.0,0.0,148.98264033333334,0.0,148.98264033333334,Q4 SMOKE / TEST ONLY,383.84916666666663,0.0,1e-07,0.0,0.0,5520.819471993906,optimal,optimal,optimal,22:00:00
2025-03-22,133,0.2993,1239.6171749999999,364.4008833333333,0.0,5986.710584647432,1721.175501342584,2471.1755013425836,833.3333333333334,406.2838416666665,0.0,4.547473508864641e-13,0.0,371.01742047749997,0.0,371.01742047749997,Q4 SMOKE / TEST ONLY,392.91117499999996,0.0,1e-07,0.0,0.0,5503.573971993908,optimal,optimal,optimal,22:10:00
2025-03-22,134,0.3201,411.8772499999999,382.17806666666667,0.0,5986.710584647432,2471.1755013425836,2497.9047663425836,29.699183333333224,382.17806666666667,0.0,0.0,0.0,131.84190772499997,0.0,131.84190772499997,Q4 SMOKE / TEST ONLY,397.4687416666667,0.0,1e-07,0.0,0.0,4753.573971993897,optimal,optimal,optimal,22:20:00
2025-03-22,135,0.3521,1231.8125,408.52666666666664,0.0,5986.710584647432,2497.9047663425836,3238.8620163425835,823.2858333333334,408.52666666666664,0.0,0.0,0.0,433.72118125000003,0.0,433.72118125000003,Q4 SMOKE / TEST ONLY,380.3725,0.0,1e-07,0.0,0.0,4726.844706993959,optimal,optimal,optimal,22:30:00
2025-03-22,136,0.3933,615.1428917893277,399.3849333333333,0.0,5986.710584647432,3238.8620163425835,3433.0441789529787,215.75795845599436,399.3849333333333,0.0,0.0,0.0,241.93569934074256,0.0,241.93569934074256,Q4 SMOKE / TEST ONLY,411.4078333333333,0.0,1e-07,0.0,0.0,3985.887456994047,optimal,optimal,optimal,22:40:00
2025-03-22,137,0.3728,432.25916666666666,389.55721666666665,0.0,5986.710584647432,3433.0441789529787,3471.4759339529787,42.70195000000001,389.55721666666665,0.0,0.0,0.0,161.14621733333334,0.0,161.14621733333334,Q4 SMOKE / TEST ONLY,415.7603833333333,0.0,1e-07,0.0,0.0,3791.7052943837043,optimal,optimal,optimal,22:50:00
2025-03-22,138,0.2959,1230.8475,393.9566666666666,0.0,5986.710584647432,3471.4759339529787,3594.9634189420576,137.2083166545317,1093.6391833454684,0.0,-4.547473508864641e-13,0.0,364.20777525,0.0,364.20777525,Q4 SMOKE / TEST ONLY,384.23749999999995,0.0,1e-07,0.0,0.0,3753.273539383703,optimal,optimal,optimal,23:00:00
2025-03-22,139,0.255,1229.69775,397.6480833333333,0.0,5986.710584647432,3594.9634189420576,4343.808118942057,832.0496666666668,397.6480833333333,0.0,0.0,0.0,313.57292625,0.0,313.57292625,Q4 SMOKE / TEST ONLY,386.8535499999999,0.0,1.0000000005838672e-07,0.0,1.155300079230983,3628.63075431532,optimal,optimal,optimal,23:10:00
2025-03-22,140,0.3103,1248.31535,423.27223333333336,0.0,5986.710584647432,4343.808118942057,5086.346923850199,825.0431165646019,423.2722334353983,0.0,0.0,0.0,387.35225310500005,0.0,387.35225310500005,Q4 SMOKE / TEST ONLY,399.04339166666665,0.0,9.999999999999998e-08,0.0,8.616495091811885,2872.3248593027183,optimal,optimal,optimal,23:20:00
2025-03-22,141,0.3833,1246.7658333333334,437.31833333333327,0.0,5986.710584647432,5086.346923850199,5814.8496738502,809.4475000000001,437.31833333333327,0.0,0.0,0.0,477.88534391666667,0.0,477.88534391666667,Q4 SMOKE / TEST ONLY,397.38083333333327,0.0,1.0000000116860974e-07,0.0,30.113745189290967,2108.288804297208,optimal,optimal,optimal,23:30:00
2025-03-22,142,0.3372,1239.1417666666666,394.27548333333334,0.0,5986.710584647432,5814.8496738502,6564.849673752775,833.3333332250827,405.8084334415839,0.0,0.0,0.0,417.83860372,0.0,417.83860372,Q4 SMOKE / TEST ONLY,397.7579416666666,0.0,1.0000000116860974e-07,0.0,30.113745189330984,1379.7860542972476,optimal,optimal,optimal,23:40:00
2025-03-22,143,0.3112,476.49994999999996,453.75261666666665,0.0,5986.710584647432,6564.849673752775,6585.322273660825,22.74733323116652,453.75261676883343,0.0,0.0,1.3234889800848443e-23,148.28678443999996,2.0593488530120175e-23,148.28678443999996,Q4 SMOKE / TEST ONLY,464.53705,0.0,1.0000000116860974e-07,0.0,20.407755281261643,639.4920443027036,optimal,optimal,optimal,23:50:00
2025-03-22,144,0.3593,0.0,581.2366666666667,0.0,5986.710584647432,6585.322273660825,5939.503755204155,0.0,0.0,0.0,581.2366666110029,5.5663790704146953e-08,0.0,1e-07,1e-07,Q4 SMOKE / TEST ONLY,557.1175,0.0,1e-07,0.0,47.206829443277684,645.8185184566698,optimal,optimal,optimal,0:00+1
