date,chosen_price_window_weeks,price_backtest_days,price_backtest_first,price_backtest_last,price_backtest_dates,price_nmae_w1,price_nmae_w2,price_nmae_w3,price_nmae_w4
2025-02-01,4,3,2025-01-29,2025-01-31,2025-01-29|2025-01-30|2025-01-31,0.05215841169639285,0.04611609717121177,0.045299960863584926,0.044894113740657424
2025-02-02,2,4,2025-01-29,2025-02-01,2025-01-29|2025-01-30|2025-01-31|2025-02-01,0.06318169213280556,0.05887141661128953,0.059903630206891316,0.06008725394987445
2025-02-03,2,5,2025-01-29,2025-02-02,2025-01-29|2025-01-30|2025-01-31|2025-02-01|2025-02-02,0.07237870094421078,0.0678249380274629,0.06911841164619485,0.06939361787315822
2025-02-04,2,6,2025-01-29,2025-02-03,2025-01-29|2025-01-30|2025-01-31|2025-02-01|2025-02-02|2025-02-03,0.07443408095816421,0.07068884573403335,0.07214292780889889,0.0731546630372916
2025-02-05,2,7,2025-01-29,2025-02-04,2025-01-29|2025-01-30|2025-01-31|2025-02-01|2025-02-02|2025-02-03|2025-02-04,0.07627693259289589,0.07175709458588425,0.0732616707138846,0.07433926565508416
2025-02-06,2,8,2025-01-29,2025-02-05,2025-01-29|2025-01-30|2025-01-31|2025-02-01|2025-02-02|2025-02-03|2025-02-04|2025-02-05,0.07635941746443518,0.07315016208419574,0.07502105816895877,0.07599018404203503
2025-02-07,2,9,2025-01-29,2025-02-06,2025-01-29|2025-01-30|2025-01-31|2025-02-01|2025-02-02|2025-02-03|2025-02-04|2025-02-05|2025-02-06,0.0780862221986203,0.07519246076918774,0.0767297710381749,0.07781385073507105
2025-02-08,2,10,2025-01-29,2025-02-07,2025-01-29|2025-01-30|2025-01-31|2025-02-01|2025-02-02|2025-02-03|2025-02-04|2025-02-05|2025-02-06|2025-02-07,0.0814248535376881,0.07845967040935667,0.08022808292767944,0.08146572633824216
2025-02-09,2,11,2025-01-29,2025-02-08,2025-01-29|2025-01-30|2025-01-31|2025-02-01|2025-02-02|2025-02-03|2025-02-04|2025-02-05|2025-02-06|2025-02-07|2025-02-08,0.07935166881958226,0.07842129981797494,0.08110919728959258,0.08329839121405197
2025-02-10,1,12,2025-01-29,2025-02-09,2025-01-29|2025-01-30|2025-01-31|2025-02-01|2025-02-02|2025-02-03|2025-02-04|2025-02-05|2025-02-06|2025-02-07|2025-02-08|2025-02-09,0.07616984959956086,0.07651450707258473,0.08009399275385035,0.08266382775793024
2025-02-11,1,13,2025-01-29,2025-02-10,2025-01-29|2025-01-30|2025-01-31|2025-02-01|2025-02-02|2025-02-03|2025-02-04|2025-02-05|2025-02-06|2025-02-07|2025-02-08|2025-02-09|2025-02-10,0.07431196654316438,0.07643040291771036,0.08085976088681937,0.08382509858798044
2025-02-12,1,14,2025-01-29,2025-02-11,2025-01-29|2025-01-30|2025-01-31|2025-02-01|2025-02-02|2025-02-03|2025-02-04|2025-02-05|2025-02-06|2025-02-07|2025-02-08|2025-02-09|2025-02-10|2025-02-11,0.07233619185081482,0.0762940840360043,0.08076159977491609,0.08409503338452613
2025-02-13,1,15,2025-01-29,2025-02-12,2025-01-29|2025-01-30|2025-01-31|2025-02-01|2025-02-02|2025-02-03|2025-02-04|2025-02-05|2025-02-06|2025-02-07|2025-02-08|2025-02-09|2025-02-10|2025-02-11|2025-02-12,0.07105258107053164,0.07573143045048987,0.08098466478944433,0.08468902931300006
2025-02-14,1,16,2025-01-29,2025-02-13,2025-01-29|2025-01-30|2025-01-31|2025-02-01|2025-02-02|2025-02-03|2025-02-04|2025-02-05|2025-02-06|2025-02-07|2025-02-08|2025-02-09|2025-02-10|2025-02-11|2025-02-12|2025-02-13,0.07072031954843132,0.07623853683198299,0.08219919598929916,0.08617637707861536
2025-02-15,1,17,2025-01-29,2025-02-14,2025-01-29|2025-01-30|2025-01-31|2025-02-01|2025-02-02|2025-02-03|2025-02-04|2025-02-05|2025-02-06|2025-02-07|2025-02-08|2025-02-09|2025-02-10|2025-02-11|2025-02-12|2025-02-13|2025-02-14,0.07074797431427185,0.07709875673228002,0.08336365239332244,0.08766974793168132
2025-02-16,1,18,2025-01-29,2025-02-15,2025-01-29|2025-01-30|2025-01-31|2025-02-01|2025-02-02|2025-02-03|2025-02-04|2025-02-05|2025-02-06|2025-02-07|2025-02-08|2025-02-09|2025-02-10|2025-02-11|2025-02-12|2025-02-13|2025-02-14|2025-02-15,0.07019389639852781,0.07591571407996217,0.0826052323564755,0.0873866013680738
2025-02-17,1,19,2025-01-29,2025-02-16,2025-01-29|2025-01-30|2025-01-31|2025-02-01|2025-02-02|2025-02-03|2025-02-04|2025-02-05|2025-02-06|2025-02-07|2025-02-08|2025-02-09|2025-02-10|2025-02-11|2025-02-12|2025-02-13|2025-02-14|2025-02-15|2025-02-16,0.06858353301986667,0.07365296703563204,0.08093421894971568,0.08620757963132067
2025-02-18,1,20,2025-01-29,2025-02-17,2025-01-29|2025-01-30|2025-01-31|2025-02-01|2025-02-02|2025-02-03|2025-02-04|2025-02-05|2025-02-06|2025-02-07|2025-02-08|2025-02-09|2025-02-10|2025-02-11|2025-02-12|2025-02-13|2025-02-14|2025-02-15|2025-02-16|2025-02-17,0.0671864732050962,0.07190944239267219,0.07978503667370973,0.08556050932210403
2025-02-19,1,21,2025-01-29,2025-02-18,2025-01-29|2025-01-30|2025-01-31|2025-02-01|2025-02-02|2025-02-03|2025-02-04|2025-02-05|2025-02-06|2025-02-07|2025-02-08|2025-02-09|2025-02-10|2025-02-11|2025-02-12|2025-02-13|2025-02-14|2025-02-15|2025-02-16|2025-02-17|2025-02-18,0.06603810659613156,0.07061108222865833,0.07902992842769882,0.08501606370150705
2025-02-20,1,22,2025-01-29,2025-02-19,2025-01-29|2025-01-30|2025-01-31|2025-02-01|2025-02-02|2025-02-03|2025-02-04|2025-02-05|2025-02-06|2025-02-07|2025-02-08|2025-02-09|2025-02-10|2025-02-11|2025-02-12|2025-02-13|2025-02-14|2025-02-15|2025-02-16|2025-02-17|2025-02-18|2025-02-19,0.065147096437136,0.06964774764375671,0.07831510924055479,0.08473237887112275
2025-02-21,1,23,2025-01-29,2025-02-20,2025-01-29|2025-01-30|2025-01-31|2025-02-01|2025-02-02|2025-02-03|2025-02-04|2025-02-05|2025-02-06|2025-02-07|2025-02-08|2025-02-09|2025-02-10|2025-02-11|2025-02-12|2025-02-13|2025-02-14|2025-02-15|2025-02-16|2025-02-17|2025-02-18|2025-02-19|2025-02-20,0.0642100773800189,0.06838297563084034,0.07736854385568989,0.08426742389179802
2025-02-22,1,24,2025-01-29,2025-02-21,2025-01-29|2025-01-30|2025-01-31|2025-02-01|2025-02-02|2025-02-03|2025-02-04|2025-02-05|2025-02-06|2025-02-07|2025-02-08|2025-02-09|2025-02-10|2025-02-11|2025-02-12|2025-02-13|2025-02-14|2025-02-15|2025-02-16|2025-02-17|2025-02-18|2025-02-19|2025-02-20|2025-02-21,0.06403664006630144,0.06810284771011053,0.07769498892239105,0.08489224166945412
2025-02-23,1,25,2025-01-29,2025-02-22,2025-01-29|2025-01-30|2025-01-31|2025-02-01|2025-02-02|2025-02-03|2025-02-04|2025-02-05|2025-02-06|2025-02-07|2025-02-08|2025-02-09|2025-02-10|2025-02-11|2025-02-12|2025-02-13|2025-02-14|2025-02-15|2025-02-16|2025-02-17|2025-02-18|2025-02-19|2025-02-20|2025-02-21|2025-02-22,0.06366786151365961,0.06744412035932487,0.0768262396828223,0.08416510052952983
2025-02-24,1,26,2025-01-29,2025-02-23,2025-01-29|2025-01-30|2025-01-31|2025-02-01|2025-02-02|2025-02-03|2025-02-04|2025-02-05|2025-02-06|2025-02-07|2025-02-08|2025-02-09|2025-02-10|2025-02-11|2025-02-12|2025-02-13|2025-02-14|2025-02-15|2025-02-16|2025-02-17|2025-02-18|2025-02-19|2025-02-20|2025-02-21|2025-02-22|2025-02-23,0.06302610273646725,0.0666812912890375,0.07557606352041475,0.08330460823578989
2025-02-25,1,27,2025-01-29,2025-02-24,2025-01-29|2025-01-30|2025-01-31|2025-02-01|2025-02-02|2025-02-03|2025-02-04|2025-02-05|2025-02-06|2025-02-07|2025-02-08|2025-02-09|2025-02-10|2025-02-11|2025-02-12|2025-02-13|2025-02-14|2025-02-15|2025-02-16|2025-02-17|2025-02-18|2025-02-19|2025-02-20|2025-02-21|2025-02-22|2025-02-23|2025-02-24,0.06236603704580276,0.06560778991287616,0.07431224633252315,0.08230137530980365
2025-02-26,1,28,2025-01-29,2025-02-25,2025-01-29|2025-01-30|2025-01-31|2025-02-01|2025-02-02|2025-02-03|2025-02-04|2025-02-05|2025-02-06|2025-02-07|2025-02-08|2025-02-09|2025-02-10|2025-02-11|2025-02-12|2025-02-13|2025-02-14|2025-02-15|2025-02-16|2025-02-17|2025-02-18|2025-02-19|2025-02-20|2025-02-21|2025-02-22|2025-02-23|2025-02-24|2025-02-25,0.062203872131550576,0.06525755060053338,0.07389914938116798,0.08227568532676789
2025-02-27,1,29,2025-01-29,2025-02-26,2025-01-29|2025-01-30|2025-01-31|2025-02-01|2025-02-02|2025-02-03|2025-02-04|2025-02-05|2025-02-06|2025-02-07|2025-02-08|2025-02-09|2025-02-10|2025-02-11|2025-02-12|2025-02-13|2025-02-14|2025-02-15|2025-02-16|2025-02-17|2025-02-18|2025-02-19|2025-02-20|2025-02-21|2025-02-22|2025-02-23|2025-02-24|2025-02-25|2025-02-26,0.06175234968635822,0.06456229669782176,0.07311075863348517,0.08159935020004122
2025-02-28,1,30,2025-01-29,2025-02-27,2025-01-29|2025-01-30|2025-01-31|2025-02-01|2025-02-02|2025-02-03|2025-02-04|2025-02-05|2025-02-06|2025-02-07|2025-02-08|2025-02-09|2025-02-10|2025-02-11|2025-02-12|2025-02-13|2025-02-14|2025-02-15|2025-02-16|2025-02-17|2025-02-18|2025-02-19|2025-02-20|2025-02-21|2025-02-22|2025-02-23|2025-02-24|2025-02-25|2025-02-26|2025-02-27,0.06143180883847281,0.06395052203975553,0.07241905763988431,0.08118101685255003
2025-03-01,1,31,2025-01-29,2025-02-28,2025-01-29|2025-01-30|2025-01-31|2025-02-01|2025-02-02|2025-02-03|2025-02-04|2025-02-05|2025-02-06|2025-02-07|2025-02-08|2025-02-09|2025-02-10|2025-02-11|2025-02-12|2025-02-13|2025-02-14|2025-02-15|2025-02-16|2025-02-17|2025-02-18|2025-02-19|2025-02-20|2025-02-21|2025-02-22|2025-02-23|2025-02-24|2025-02-25|2025-02-26|2025-02-27|2025-02-28,0.06140733684557735,0.06375026381678794,0.07205126560686792,0.08104270530013812
2025-03-02,1,32,2025-01-29,2025-03-01,2025-01-29|2025-01-30|2025-01-31|2025-02-01|2025-02-02|2025-02-03|2025-02-04|2025-02-05|2025-02-06|2025-02-07|2025-02-08|2025-02-09|2025-02-10|2025-02-11|2025-02-12|2025-02-13|2025-02-14|2025-02-15|2025-02-16|2025-02-17|2025-02-18|2025-02-19|2025-02-20|2025-02-21|2025-02-22|2025-02-23|2025-02-24|2025-02-25|2025-02-26|2025-02-27|2025-02-28|2025-03-01,0.061548667693766906,0.0635951109938666,0.0717902650693669,0.08059653693380989
2025-03-03,1,33,2025-01-29,2025-03-02,2025-01-29|2025-01-30|2025-01-31|2025-02-01|2025-02-02|2025-02-03|2025-02-04|2025-02-05|2025-02-06|2025-02-07|2025-02-08|2025-02-09|2025-02-10|2025-02-11|2025-02-12|2025-02-13|2025-02-14|2025-02-15|2025-02-16|2025-02-17|2025-02-18|2025-02-19|2025-02-20|2025-02-21|2025-02-22|2025-02-23|2025-02-24|2025-02-25|2025-02-26|2025-02-27|2025-02-28|2025-03-01|2025-03-02,0.06137572068186692,0.06322060520117323,0.07110234366936607,0.07961556482837791
2025-03-04,1,34,2025-01-29,2025-03-03,2025-01-29|2025-01-30|2025-01-31|2025-02-01|2025-02-02|2025-02-03|2025-02-04|2025-02-05|2025-02-06|2025-02-07|2025-02-08|2025-02-09|2025-02-10|2025-02-11|2025-02-12|2025-02-13|2025-02-14|2025-02-15|2025-02-16|2025-02-17|2025-02-18|2025-02-19|2025-02-20|2025-02-21|2025-02-22|2025-02-23|2025-02-24|2025-02-25|2025-02-26|2025-02-27|2025-02-28|2025-03-01|2025-03-02|2025-03-03,0.06108293626029728,0.06267550356978062,0.0701900157305829,0.07836333042014501
2025-03-05,1,35,2025-01-29,2025-03-04,2025-01-29|2025-01-30|2025-01-31|2025-02-01|2025-02-02|2025-02-03|2025-02-04|2025-02-05|2025-02-06|2025-02-07|2025-02-08|2025-02-09|2025-02-10|2025-02-11|2025-02-12|2025-02-13|2025-02-14|2025-02-15|2025-02-16|2025-02-17|2025-02-18|2025-02-19|2025-02-20|2025-02-21|2025-02-22|2025-02-23|2025-02-24|2025-02-25|2025-02-26|2025-02-27|2025-02-28|2025-03-01|2025-03-02|2025-03-03|2025-03-04,0.0609138966197284,0.062161064097130195,0.06940980019128609,0.07739169170115326
2025-03-06,1,36,2025-01-29,2025-03-05,2025-01-29|2025-01-30|2025-01-31|2025-02-01|2025-02-02|2025-02-03|2025-02-04|2025-02-05|2025-02-06|2025-02-07|2025-02-08|2025-02-09|2025-02-10|2025-02-11|2025-02-12|2025-02-13|2025-02-14|2025-02-15|2025-02-16|2025-02-17|2025-02-18|2025-02-19|2025-02-20|2025-02-21|2025-02-22|2025-02-23|2025-02-24|2025-02-25|2025-02-26|2025-02-27|2025-02-28|2025-03-01|2025-03-02|2025-03-03|2025-03-04|2025-03-05,0.06046981525267743,0.06160869573447138,0.06869060918750801,0.07661953399633266
2025-03-07,1,37,2025-01-29,2025-03-06,2025-01-29|2025-01-30|2025-01-31|2025-02-01|2025-02-02|2025-02-03|2025-02-04|2025-02-05|2025-02-06|2025-02-07|2025-02-08|2025-02-09|2025-02-10|2025-02-11|2025-02-12|2025-02-13|2025-02-14|2025-02-15|2025-02-16|2025-02-17|2025-02-18|2025-02-19|2025-02-20|2025-02-21|2025-02-22|2025-02-23|2025-02-24|2025-02-25|2025-02-26|2025-02-27|2025-02-28|2025-03-01|2025-03-02|2025-03-03|2025-03-04|2025-03-05|2025-03-06,0.06010937444676933,0.06122219303680226,0.06811697806939301,0.07592150945377535
2025-03-08,1,38,2025-01-29,2025-03-07,2025-01-29|2025-01-30|2025-01-31|2025-02-01|2025-02-02|2025-02-03|2025-02-04|2025-02-05|2025-02-06|2025-02-07|2025-02-08|2025-02-09|2025-02-10|2025-02-11|2025-02-12|2025-02-13|2025-02-14|2025-02-15|2025-02-16|2025-02-17|2025-02-18|2025-02-19|2025-02-20|2025-02-21|2025-02-22|2025-02-23|2025-02-24|2025-02-25|2025-02-26|2025-02-27|2025-02-28|2025-03-01|2025-03-02|2025-03-03|2025-03-04|2025-03-05|2025-03-06|2025-03-07,0.06035232391132303,0.06136265672745272,0.0681767877730113,0.07583105260347067
2025-03-09,1,39,2025-01-29,2025-03-08,2025-01-29|2025-01-30|2025-01-31|2025-02-01|2025-02-02|2025-02-03|2025-02-04|2025-02-05|2025-02-06|2025-02-07|2025-02-08|2025-02-09|2025-02-10|2025-02-11|2025-02-12|2025-02-13|2025-02-14|2025-02-15|2025-02-16|2025-02-17|2025-02-18|2025-02-19|2025-02-20|2025-02-21|2025-02-22|2025-02-23|2025-02-24|2025-02-25|2025-02-26|2025-02-27|2025-02-28|2025-03-01|2025-03-02|2025-03-03|2025-03-04|2025-03-05|2025-03-06|2025-03-07|2025-03-08,0.06048699113390452,0.06146414901958724,0.06821659006085058,0.07579518212937772
2025-03-10,1,40,2025-01-29,2025-03-09,2025-01-29|2025-01-30|2025-01-31|2025-02-01|2025-02-02|2025-02-03|2025-02-04|2025-02-05|2025-02-06|2025-02-07|2025-02-08|2025-02-09|2025-02-10|2025-02-11|2025-02-12|2025-02-13|2025-02-14|2025-02-15|2025-02-16|2025-02-17|2025-02-18|2025-02-19|2025-02-20|2025-02-21|2025-02-22|2025-02-23|2025-02-24|2025-02-25|2025-02-26|2025-02-27|2025-02-28|2025-03-01|2025-03-02|2025-03-03|2025-03-04|2025-03-05|2025-03-06|2025-03-07|2025-03-08|2025-03-09,0.06059216788130011,0.0613363273184588,0.0680604853660156,0.0756077492679905
2025-03-11,1,41,2025-01-29,2025-03-10,2025-01-29|2025-01-30|2025-01-31|2025-02-01|2025-02-02|2025-02-03|2025-02-04|2025-02-05|2025-02-06|2025-02-07|2025-02-08|2025-02-09|2025-02-10|2025-02-11|2025-02-12|2025-02-13|2025-02-14|2025-02-15|2025-02-16|2025-02-17|2025-02-18|2025-02-19|2025-02-20|2025-02-21|2025-02-22|2025-02-23|2025-02-24|2025-02-25|2025-02-26|2025-02-27|2025-02-28|2025-03-01|2025-03-02|2025-03-03|2025-03-04|2025-03-05|2025-03-06|2025-03-07|2025-03-08|2025-03-09|2025-03-10,0.060361587605525444,0.06096767346407674,0.06740777617521208,0.07476112541512676
2025-03-12,1,42,2025-01-29,2025-03-11,2025-01-29|2025-01-30|2025-01-31|2025-02-01|2025-02-02|2025-02-03|2025-02-04|2025-02-05|2025-02-06|2025-02-07|2025-02-08|2025-02-09|2025-02-10|2025-02-11|2025-02-12|2025-02-13|2025-02-14|2025-02-15|2025-02-16|2025-02-17|2025-02-18|2025-02-19|2025-02-20|2025-02-21|2025-02-22|2025-02-23|2025-02-24|2025-02-25|2025-02-26|2025-02-27|2025-02-28|2025-03-01|2025-03-02|2025-03-03|2025-03-04|2025-03-05|2025-03-06|2025-03-07|2025-03-08|2025-03-09|2025-03-10|2025-03-11,0.06010219254805961,0.060463203044178467,0.06676567463217052,0.07403921927952135
2025-03-13,1,43,2025-01-29,2025-03-12,2025-01-29|2025-01-30|2025-01-31|2025-02-01|2025-02-02|2025-02-03|2025-02-04|2025-02-05|2025-02-06|2025-02-07|2025-02-08|2025-02-09|2025-02-10|2025-02-11|2025-02-12|2025-02-13|2025-02-14|2025-02-15|2025-02-16|2025-02-17|2025-02-18|2025-02-19|2025-02-20|2025-02-21|2025-02-22|2025-02-23|2025-02-24|2025-02-25|2025-02-26|2025-02-27|2025-02-28|2025-03-01|2025-03-02|2025-03-03|2025-03-04|2025-03-05|2025-03-06|2025-03-07|2025-03-08|2025-03-09|2025-03-10|2025-03-11|2025-03-12,0.05990585263713727,0.06023887255232727,0.06645610264643889,0.07367165676277945
2025-03-14,1,44,2025-01-29,2025-03-13,2025-01-29|2025-01-30|2025-01-31|2025-02-01|2025-02-02|2025-02-03|2025-02-04|2025-02-05|2025-02-06|2025-02-07|2025-02-08|2025-02-09|2025-02-10|2025-02-11|2025-02-12|2025-02-13|2025-02-14|2025-02-15|2025-02-16|2025-02-17|2025-02-18|2025-02-19|2025-02-20|2025-02-21|2025-02-22|2025-02-23|2025-02-24|2025-02-25|2025-02-26|2025-02-27|2025-02-28|2025-03-01|2025-03-02|2025-03-03|2025-03-04|2025-03-05|2025-03-06|2025-03-07|2025-03-08|2025-03-09|2025-03-10|2025-03-11|2025-03-12|2025-03-13,0.05982436722590983,0.060138526402793484,0.06617517697955172,0.07320963749310705
2025-03-15,1,45,2025-01-29,2025-03-14,2025-01-29|2025-01-30|2025-01-31|2025-02-01|2025-02-02|2025-02-03|2025-02-04|2025-02-05|2025-02-06|2025-02-07|2025-02-08|2025-02-09|2025-02-10|2025-02-11|2025-02-12|2025-02-13|2025-02-14|2025-02-15|2025-02-16|2025-02-17|2025-02-18|2025-02-19|2025-02-20|2025-02-21|2025-02-22|2025-02-23|2025-02-24|2025-02-25|2025-02-26|2025-02-27|2025-02-28|2025-03-01|2025-03-02|2025-03-03|2025-03-04|2025-03-05|2025-03-06|2025-03-07|2025-03-08|2025-03-09|2025-03-10|2025-03-11|2025-03-12|2025-03-13|2025-03-14,0.060165156825560645,0.06041825662998947,0.06635116684271196,0.0732897306431095
2025-03-16,1,46,2025-01-29,2025-03-15,2025-01-29|2025-01-30|2025-01-31|2025-02-01|2025-02-02|2025-02-03|2025-02-04|2025-02-05|2025-02-06|2025-02-07|2025-02-08|2025-02-09|2025-02-10|2025-02-11|2025-02-12|2025-02-13|2025-02-14|2025-02-15|2025-02-16|2025-02-17|2025-02-18|2025-02-19|2025-02-20|2025-02-21|2025-02-22|2025-02-23|2025-02-24|2025-02-25|2025-02-26|2025-02-27|2025-02-28|2025-03-01|2025-03-02|2025-03-03|2025-03-04|2025-03-05|2025-03-06|2025-03-07|2025-03-08|2025-03-09|2025-03-10|2025-03-11|2025-03-12|2025-03-13|2025-03-14|2025-03-15,0.06027753104065747,0.060387826811930674,0.06623935050618404,0.07307707876456128
2025-03-17,2,47,2025-01-29,2025-03-16,2025-01-29|2025-01-30|2025-01-31|2025-02-01|2025-02-02|2025-02-03|2025-02-04|2025-02-05|2025-02-06|2025-02-07|2025-02-08|2025-02-09|2025-02-10|2025-02-11|2025-02-12|2025-02-13|2025-02-14|2025-02-15|2025-02-16|2025-02-17|2025-02-18|2025-02-19|2025-02-20|2025-02-21|2025-02-22|2025-02-23|2025-02-24|2025-02-25|2025-02-26|2025-02-27|2025-02-28|2025-03-01|2025-03-02|2025-03-03|2025-03-04|2025-03-05|2025-03-06|2025-03-07|2025-03-08|2025-03-09|2025-03-10|2025-03-11|2025-03-12|2025-03-13|2025-03-14|2025-03-15|2025-03-16,0.06013881225504072,0.06006277945664556,0.06580318302784298,0.07255061159142742
2025-03-18,2,48,2025-01-29,2025-03-17,2025-01-29|2025-01-30|2025-01-31|2025-02-01|2025-02-02|2025-02-03|2025-02-04|2025-02-05|2025-02-06|2025-02-07|2025-02-08|2025-02-09|2025-02-10|2025-02-11|2025-02-12|2025-02-13|2025-02-14|2025-02-15|2025-02-16|2025-02-17|2025-02-18|2025-02-19|2025-02-20|2025-02-21|2025-02-22|2025-02-23|2025-02-24|2025-02-25|2025-02-26|2025-02-27|2025-02-28|2025-03-01|2025-03-02|2025-03-03|2025-03-04|2025-03-05|2025-03-06|2025-03-07|2025-03-08|2025-03-09|2025-03-10|2025-03-11|2025-03-12|2025-03-13|2025-03-14|2025-03-15|2025-03-16|2025-03-17,0.06038383986779539,0.06035056733886162,0.06589796651023609,0.07257224595683713
2025-03-19,2,49,2025-01-29,2025-03-18,2025-01-29|2025-01-30|2025-01-31|2025-02-01|2025-02-02|2025-02-03|2025-02-04|2025-02-05|2025-02-06|2025-02-07|2025-02-08|2025-02-09|2025-02-10|2025-02-11|2025-02-12|2025-02-13|2025-02-14|2025-02-15|2025-02-16|2025-02-17|2025-02-18|2025-02-19|2025-02-20|2025-02-21|2025-02-22|2025-02-23|2025-02-24|2025-02-25|2025-02-26|2025-02-27|2025-02-28|2025-03-01|2025-03-02|2025-03-03|2025-03-04|2025-03-05|2025-03-06|2025-03-07|2025-03-08|2025-03-09|2025-03-10|2025-03-11|2025-03-12|2025-03-13|2025-03-14|2025-03-15|2025-03-16|2025-03-17|2025-03-18,0.06013399544955141,0.060079680908999525,0.06544205271867405,0.07203216119834291
2025-03-20,2,50,2025-01-29,2025-03-19,2025-01-29|2025-01-30|2025-01-31|2025-02-01|2025-02-02|2025-02-03|2025-02-04|2025-02-05|2025-02-06|2025-02-07|2025-02-08|2025-02-09|2025-02-10|2025-02-11|2025-02-12|2025-02-13|2025-02-14|2025-02-15|2025-02-16|2025-02-17|2025-02-18|2025-02-19|2025-02-20|2025-02-21|2025-02-22|2025-02-23|2025-02-24|2025-02-25|2025-02-26|2025-02-27|2025-02-28|2025-03-01|2025-03-02|2025-03-03|2025-03-04|2025-03-05|2025-03-06|2025-03-07|2025-03-08|2025-03-09|2025-03-10|2025-03-11|2025-03-12|2025-03-13|2025-03-14|2025-03-15|2025-03-16|2025-03-17|2025-03-18|2025-03-19,0.06000236065616771,0.05983937337693505,0.06511681210385162,0.07165038190353039
2025-03-21,2,51,2025-01-29,2025-03-20,2025-01-29|2025-01-30|2025-01-31|2025-02-01|2025-02-02|2025-02-03|2025-02-04|2025-02-05|2025-02-06|2025-02-07|2025-02-08|2025-02-09|2025-02-10|2025-02-11|2025-02-12|2025-02-13|2025-02-14|2025-02-15|2025-02-16|2025-02-17|2025-02-18|2025-02-19|2025-02-20|2025-02-21|2025-02-22|2025-02-23|2025-02-24|2025-02-25|2025-02-26|2025-02-27|2025-02-28|2025-03-01|2025-03-02|2025-03-03|2025-03-04|2025-03-05|2025-03-06|2025-03-07|2025-03-08|2025-03-09|2025-03-10|2025-03-11|2025-03-12|2025-03-13|2025-03-14|2025-03-15|2025-03-16|2025-03-17|2025-03-18|2025-03-19|2025-03-20,0.059999611932826415,0.05953493094555281,0.06467217989808828,0.0711541065976971
2025-03-22,2,52,2025-01-29,2025-03-21,2025-01-29|2025-01-30|2025-01-31|2025-02-01|2025-02-02|2025-02-03|2025-02-04|2025-02-05|2025-02-06|2025-02-07|2025-02-08|2025-02-09|2025-02-10|2025-02-11|2025-02-12|2025-02-13|2025-02-14|2025-02-15|2025-02-16|2025-02-17|2025-02-18|2025-02-19|2025-02-20|2025-02-21|2025-02-22|2025-02-23|2025-02-24|2025-02-25|2025-02-26|2025-02-27|2025-02-28|2025-03-01|2025-03-02|2025-03-03|2025-03-04|2025-03-05|2025-03-06|2025-03-07|2025-03-08|2025-03-09|2025-03-10|2025-03-11|2025-03-12|2025-03-13|2025-03-14|2025-03-15|2025-03-16|2025-03-17|2025-03-18|2025-03-19|2025-03-20|2025-03-21,0.060288555135566226,0.05981504455640343,0.06491419461000099,0.0713612575475507
2025-03-23,2,53,2025-01-29,2025-03-22,2025-01-29|2025-01-30|2025-01-31|2025-02-01|2025-02-02|2025-02-03|2025-02-04|2025-02-05|2025-02-06|2025-02-07|2025-02-08|2025-02-09|2025-02-10|2025-02-11|2025-02-12|2025-02-13|2025-02-14|2025-02-15|2025-02-16|2025-02-17|2025-02-18|2025-02-19|2025-02-20|2025-02-21|2025-02-22|2025-02-23|2025-02-24|2025-02-25|2025-02-26|2025-02-27|2025-02-28|2025-03-01|2025-03-02|2025-03-03|2025-03-04|2025-03-05|2025-03-06|2025-03-07|2025-03-08|2025-03-09|2025-03-10|2025-03-11|2025-03-12|2025-03-13|2025-03-14|2025-03-15|2025-03-16|2025-03-17|2025-03-18|2025-03-19|2025-03-20|2025-03-21|2025-03-22,0.06058665012165557,0.05992902961270163,0.06490007925236908,0.0713286489392318
2025-03-24,2,54,2025-01-29,2025-03-23,2025-01-29|2025-01-30|2025-01-31|2025-02-01|2025-02-02|2025-02-03|2025-02-04|2025-02-05|2025-02-06|2025-02-07|2025-02-08|2025-02-09|2025-02-10|2025-02-11|2025-02-12|2025-02-13|2025-02-14|2025-02-15|2025-02-16|2025-02-17|2025-02-18|2025-02-19|2025-02-20|2025-02-21|2025-02-22|2025-02-23|2025-02-24|2025-02-25|2025-02-26|2025-02-27|2025-02-28|2025-03-01|2025-03-02|2025-03-03|2025-03-04|2025-03-05|2025-03-06|2025-03-07|2025-03-08|2025-03-09|2025-03-10|2025-03-11|2025-03-12|2025-03-13|2025-03-14|2025-03-15|2025-03-16|2025-03-17|2025-03-18|2025-03-19|2025-03-20|2025-03-21|2025-03-22|2025-03-23,0.060537523304423406,0.05977120788635074,0.06479298289073064,0.07117938551994511
2025-03-25,2,55,2025-01-29,2025-03-24,2025-01-29|2025-01-30|2025-01-31|2025-02-01|2025-02-02|2025-02-03|2025-02-04|2025-02-05|2025-02-06|2025-02-07|2025-02-08|2025-02-09|2025-02-10|2025-02-11|2025-02-12|2025-02-13|2025-02-14|2025-02-15|2025-02-16|2025-02-17|2025-02-18|2025-02-19|2025-02-20|2025-02-21|2025-02-22|2025-02-23|2025-02-24|2025-02-25|2025-02-26|2025-02-27|2025-02-28|2025-03-01|2025-03-02|2025-03-03|2025-03-04|2025-03-05|2025-03-06|2025-03-07|2025-03-08|2025-03-09|2025-03-10|2025-03-11|2025-03-12|2025-03-13|2025-03-14|2025-03-15|2025-03-16|2025-03-17|2025-03-18|2025-03-19|2025-03-20|2025-03-21|2025-03-22|2025-03-23|2025-03-24,0.06035274547385005,0.059491809796030116,0.06454587071112412,0.07084383232665593
2025-03-26,2,56,2025-01-29,2025-03-25,2025-01-29|2025-01-30|2025-01-31|2025-02-01|2025-02-02|2025-02-03|2025-02-04|2025-02-05|2025-02-06|2025-02-07|2025-02-08|2025-02-09|2025-02-10|2025-02-11|2025-02-12|2025-02-13|2025-02-14|2025-02-15|2025-02-16|2025-02-17|2025-02-18|2025-02-19|2025-02-20|2025-02-21|2025-02-22|2025-02-23|2025-02-24|2025-02-25|2025-02-26|2025-02-27|2025-02-28|2025-03-01|2025-03-02|2025-03-03|2025-03-04|2025-03-05|2025-03-06|2025-03-07|2025-03-08|2025-03-09|2025-03-10|2025-03-11|2025-03-12|2025-03-13|2025-03-14|2025-03-15|2025-03-16|2025-03-17|2025-03-18|2025-03-19|2025-03-20|2025-03-21|2025-03-22|2025-03-23|2025-03-24|2025-03-25,0.060109452990746944,0.0592501430940172,0.06422652848341323,0.07037657985301801
2025-03-27,2,57,2025-01-29,2025-03-26,2025-01-29|2025-01-30|2025-01-31|2025-02-01|2025-02-02|2025-02-03|2025-02-04|2025-02-05|2025-02-06|2025-02-07|2025-02-08|2025-02-09|2025-02-10|2025-02-11|2025-02-12|2025-02-13|2025-02-14|2025-02-15|2025-02-16|2025-02-17|2025-02-18|2025-02-19|2025-02-20|2025-02-21|2025-02-22|2025-02-23|2025-02-24|2025-02-25|2025-02-26|2025-02-27|2025-02-28|2025-03-01|2025-03-02|2025-03-03|2025-03-04|2025-03-05|2025-03-06|2025-03-07|2025-03-08|2025-03-09|2025-03-10|2025-03-11|2025-03-12|2025-03-13|2025-03-14|2025-03-15|2025-03-16|2025-03-17|2025-03-18|2025-03-19|2025-03-20|2025-03-21|2025-03-22|2025-03-23|2025-03-24|2025-03-25|2025-03-26,0.06005593384430767,0.05912225379220966,0.06405891127130142,0.07016703420186941
2025-03-28,2,58,2025-01-29,2025-03-27,2025-01-29|2025-01-30|2025-01-31|2025-02-01|2025-02-02|2025-02-03|2025-02-04|2025-02-05|2025-02-06|2025-02-07|2025-02-08|2025-02-09|2025-02-10|2025-02-11|2025-02-12|2025-02-13|2025-02-14|2025-02-15|2025-02-16|2025-02-17|2025-02-18|2025-02-19|2025-02-20|2025-02-21|2025-02-22|2025-02-23|2025-02-24|2025-02-25|2025-02-26|2025-02-27|2025-02-28|2025-03-01|2025-03-02|2025-03-03|2025-03-04|2025-03-05|2025-03-06|2025-03-07|2025-03-08|2025-03-09|2025-03-10|2025-03-11|2025-03-12|2025-03-13|2025-03-14|2025-03-15|2025-03-16|2025-03-17|2025-03-18|2025-03-19|2025-03-20|2025-03-21|2025-03-22|2025-03-23|2025-03-24|2025-03-25|2025-03-26|2025-03-27,0.05982983228109607,0.05898712950519176,0.06383699983919812,0.06984895762553332
2025-03-29,2,59,2025-01-29,2025-03-28,2025-01-29|2025-01-30|2025-01-31|2025-02-01|2025-02-02|2025-02-03|2025-02-04|2025-02-05|2025-02-06|2025-02-07|2025-02-08|2025-02-09|2025-02-10|2025-02-11|2025-02-12|2025-02-13|2025-02-14|2025-02-15|2025-02-16|2025-02-17|2025-02-18|2025-02-19|2025-02-20|2025-02-21|2025-02-22|2025-02-23|2025-02-24|2025-02-25|2025-02-26|2025-02-27|2025-02-28|2025-03-01|2025-03-02|2025-03-03|2025-03-04|2025-03-05|2025-03-06|2025-03-07|2025-03-08|2025-03-09|2025-03-10|2025-03-11|2025-03-12|2025-03-13|2025-03-14|2025-03-15|2025-03-16|2025-03-17|2025-03-18|2025-03-19|2025-03-20|2025-03-21|2025-03-22|2025-03-23|2025-03-24|2025-03-25|2025-03-26|2025-03-27|2025-03-28,0.05982519196375619,0.05895333046018592,0.06385172143776378,0.06988779732019525
2025-03-30,2,60,2025-01-29,2025-03-29,2025-01-29|2025-01-30|2025-01-31|2025-02-01|2025-02-02|2025-02-03|2025-02-04|2025-02-05|2025-02-06|2025-02-07|2025-02-08|2025-02-09|2025-02-10|2025-02-11|2025-02-12|2025-02-13|2025-02-14|2025-02-15|2025-02-16|2025-02-17|2025-02-18|2025-02-19|2025-02-20|2025-02-21|2025-02-22|2025-02-23|2025-02-24|2025-02-25|2025-02-26|2025-02-27|2025-02-28|2025-03-01|2025-03-02|2025-03-03|2025-03-04|2025-03-05|2025-03-06|2025-03-07|2025-03-08|2025-03-09|2025-03-10|2025-03-11|2025-03-12|2025-03-13|2025-03-14|2025-03-15|2025-03-16|2025-03-17|2025-03-18|2025-03-19|2025-03-20|2025-03-21|2025-03-22|2025-03-23|2025-03-24|2025-03-25|2025-03-26|2025-03-27|2025-03-28|2025-03-29,0.06008948726652522,0.059312542421396754,0.06413099876399285,0.07015050082116873
2025-03-31,2,61,2025-01-29,2025-03-30,2025-01-29|2025-01-30|2025-01-31|2025-02-01|2025-02-02|2025-02-03|2025-02-04|2025-02-05|2025-02-06|2025-02-07|2025-02-08|2025-02-09|2025-02-10|2025-02-11|2025-02-12|2025-02-13|2025-02-14|2025-02-15|2025-02-16|2025-02-17|2025-02-18|2025-02-19|2025-02-20|2025-02-21|2025-02-22|2025-02-23|2025-02-24|2025-02-25|2025-02-26|2025-02-27|2025-02-28|2025-03-01|2025-03-02|2025-03-03|2025-03-04|2025-03-05|2025-03-06|2025-03-07|2025-03-08|2025-03-09|2025-03-10|2025-03-11|2025-03-12|2025-03-13|2025-03-14|2025-03-15|2025-03-16|2025-03-17|2025-03-18|2025-03-19|2025-03-20|2025-03-21|2025-03-22|2025-03-23|2025-03-24|2025-03-25|2025-03-26|2025-03-27|2025-03-28|2025-03-29|2025-03-30,0.05998369714657897,0.059187447606828834,0.06392140190401806,0.06993312650651105
2025-04-01,2,62,2025-01-29,2025-03-31,2025-01-29|2025-01-30|2025-01-31|2025-02-01|2025-02-02|2025-02-03|2025-02-04|2025-02-05|2025-02-06|2025-02-07|2025-02-08|2025-02-09|2025-02-10|2025-02-11|2025-02-12|2025-02-13|2025-02-14|2025-02-15|2025-02-16|2025-02-17|2025-02-18|2025-02-19|2025-02-20|2025-02-21|2025-02-22|2025-02-23|2025-02-24|2025-02-25|2025-02-26|2025-02-27|2025-02-28|2025-03-01|2025-03-02|2025-03-03|2025-03-04|2025-03-05|2025-03-06|2025-03-07|2025-03-08|2025-03-09|2025-03-10|2025-03-11|2025-03-12|2025-03-13|2025-03-14|2025-03-15|2025-03-16|2025-03-17|2025-03-18|2025-03-19|2025-03-20|2025-03-21|2025-03-22|2025-03-23|2025-03-24|2025-03-25|2025-03-26|2025-03-27|2025-03-28|2025-03-29|2025-03-30|2025-03-31,0.059837246071228076,0.058903448989711754,0.06358422212690243,0.06960456255563827
2025-04-02,2,63,2025-01-29,2025-04-01,2025-01-29|2025-01-30|2025-01-31|2025-02-01|2025-02-02|2025-02-03|2025-02-04|2025-02-05|2025-02-06|2025-02-07|2025-02-08|2025-02-09|2025-02-10|2025-02-11|2025-02-12|2025-02-13|2025-02-14|2025-02-15|2025-02-16|2025-02-17|2025-02-18|2025-02-19|2025-02-20|2025-02-21|2025-02-22|2025-02-23|2025-02-24|2025-02-25|2025-02-26|2025-02-27|2025-02-28|2025-03-01|2025-03-02|2025-03-03|2025-03-04|2025-03-05|2025-03-06|2025-03-07|2025-03-08|2025-03-09|2025-03-10|2025-03-11|2025-03-12|2025-03-13|2025-03-14|2025-03-15|2025-03-16|2025-03-17|2025-03-18|2025-03-19|2025-03-20|2025-03-21|2025-03-22|2025-03-23|2025-03-24|2025-03-25|2025-03-26|2025-03-27|2025-03-28|2025-03-29|2025-03-30|2025-03-31|2025-04-01,0.059848790849308685,0.058850164944228955,0.06340798339070225,0.06928356258399121
2025-04-03,2,64,2025-01-29,2025-04-02,2025-01-29|2025-01-30|2025-01-31|2025-02-01|2025-02-02|2025-02-03|2025-02-04|2025-02-05|2025-02-06|2025-02-07|2025-02-08|2025-02-09|2025-02-10|2025-02-11|2025-02-12|2025-02-13|2025-02-14|2025-02-15|2025-02-16|2025-02-17|2025-02-18|2025-02-19|2025-02-20|2025-02-21|2025-02-22|2025-02-23|2025-02-24|2025-02-25|2025-02-26|2025-02-27|2025-02-28|2025-03-01|2025-03-02|2025-03-03|2025-03-04|2025-03-05|2025-03-06|2025-03-07|2025-03-08|2025-03-09|2025-03-10|2025-03-11|2025-03-12|2025-03-13|2025-03-14|2025-03-15|2025-03-16|2025-03-17|2025-03-18|2025-03-19|2025-03-20|2025-03-21|2025-03-22|2025-03-23|2025-03-24|2025-03-25|2025-03-26|2025-03-27|2025-03-28|2025-03-29|2025-03-30|2025-03-31|2025-04-01|2025-04-02,0.05989957781483149,0.05873223197515243,0.06321972300347027,0.06898488670418476
2025-04-04,2,65,2025-01-29,2025-04-03,2025-01-29|2025-01-30|2025-01-31|2025-02-01|2025-02-02|2025-02-03|2025-02-04|2025-02-05|2025-02-06|2025-02-07|2025-02-08|2025-02-09|2025-02-10|2025-02-11|2025-02-12|2025-02-13|2025-02-14|2025-02-15|2025-02-16|2025-02-17|2025-02-18|2025-02-19|2025-02-20|2025-02-21|2025-02-22|2025-02-23|2025-02-24|2025-02-25|2025-02-26|2025-02-27|2025-02-28|2025-03-01|2025-03-02|2025-03-03|2025-03-04|2025-03-05|2025-03-06|2025-03-07|2025-03-08|2025-03-09|2025-03-10|2025-03-11|2025-03-12|2025-03-13|2025-03-14|2025-03-15|2025-03-16|2025-03-17|2025-03-18|2025-03-19|2025-03-20|2025-03-21|2025-03-22|2025-03-23|2025-03-24|2025-03-25|2025-03-26|2025-03-27|2025-03-28|2025-03-29|2025-03-30|2025-03-31|2025-04-01|2025-04-02|2025-04-03,0.05982065073512099,0.0586050008409258,0.06310282252491949,0.06880085118664075
2025-04-05,2,66,2025-01-29,2025-04-04,2025-01-29|2025-01-30|2025-01-31|2025-02-01|2025-02-02|2025-02-03|2025-02-04|2025-02-05|2025-02-06|2025-02-07|2025-02-08|2025-02-09|2025-02-10|2025-02-11|2025-02-12|2025-02-13|2025-02-14|2025-02-15|2025-02-16|2025-02-17|2025-02-18|2025-02-19|2025-02-20|2025-02-21|2025-02-22|2025-02-23|2025-02-24|2025-02-25|2025-02-26|2025-02-27|2025-02-28|2025-03-01|2025-03-02|2025-03-03|2025-03-04|2025-03-05|2025-03-06|2025-03-07|2025-03-08|2025-03-09|2025-03-10|2025-03-11|2025-03-12|2025-03-13|2025-03-14|2025-03-15|2025-03-16|2025-03-17|2025-03-18|2025-03-19|2025-03-20|2025-03-21|2025-03-22|2025-03-23|2025-03-24|2025-03-25|2025-03-26|2025-03-27|2025-03-28|2025-03-29|2025-03-30|2025-03-31|2025-04-01|2025-04-02|2025-04-03|2025-04-04,0.05995582085945857,0.05862543475107432,0.06312351190712524,0.06882507446545942
2025-04-06,2,67,2025-01-29,2025-04-05,2025-01-29|2025-01-30|2025-01-31|2025-02-01|2025-02-02|2025-02-03|2025-02-04|2025-02-05|2025-02-06|2025-02-07|2025-02-08|2025-02-09|2025-02-10|2025-02-11|2025-02-12|2025-02-13|2025-02-14|2025-02-15|2025-02-16|2025-02-17|2025-02-18|2025-02-19|2025-02-20|2025-02-21|2025-02-22|2025-02-23|2025-02-24|2025-02-25|2025-02-26|2025-02-27|2025-02-28|2025-03-01|2025-03-02|2025-03-03|2025-03-04|2025-03-05|2025-03-06|2025-03-07|2025-03-08|2025-03-09|2025-03-10|2025-03-11|2025-03-12|2025-03-13|2025-03-14|2025-03-15|2025-03-16|2025-03-17|2025-03-18|2025-03-19|2025-03-20|2025-03-21|2025-03-22|2025-03-23|2025-03-24|2025-03-25|2025-03-26|2025-03-27|2025-03-28|2025-03-29|2025-03-30|2025-03-31|2025-04-01|2025-04-02|2025-04-03|2025-04-04|2025-04-05,0.060146554991589704,0.05862298302736998,0.06304254484337171,0.06871254542992733
2025-04-07,2,68,2025-01-29,2025-04-06,2025-01-29|2025-01-30|2025-01-31|2025-02-01|2025-02-02|2025-02-03|2025-02-04|2025-02-05|2025-02-06|2025-02-07|2025-02-08|2025-02-09|2025-02-10|2025-02-11|2025-02-12|2025-02-13|2025-02-14|2025-02-15|2025-02-16|2025-02-17|2025-02-18|2025-02-19|2025-02-20|2025-02-21|2025-02-22|2025-02-23|2025-02-24|2025-02-25|2025-02-26|2025-02-27|2025-02-28|2025-03-01|2025-03-02|2025-03-03|2025-03-04|2025-03-05|2025-03-06|2025-03-07|2025-03-08|2025-03-09|2025-03-10|2025-03-11|2025-03-12|2025-03-13|2025-03-14|2025-03-15|2025-03-16|2025-03-17|2025-03-18|2025-03-19|2025-03-20|2025-03-21|2025-03-22|2025-03-23|2025-03-24|2025-03-25|2025-03-26|2025-03-27|2025-03-28|2025-03-29|2025-03-30|2025-03-31|2025-04-01|2025-04-02|2025-04-03|2025-04-04|2025-04-05|2025-04-06,0.06003916394110161,0.058440742706598374,0.0628244338931067,0.06840811229330356
2025-04-08,2,69,2025-01-29,2025-04-07,2025-01-29|2025-01-30|2025-01-31|2025-02-01|2025-02-02|2025-02-03|2025-02-04|2025-02-05|2025-02-06|2025-02-07|2025-02-08|2025-02-09|2025-02-10|2025-02-11|2025-02-12|2025-02-13|2025-02-14|2025-02-15|2025-02-16|2025-02-17|2025-02-18|2025-02-19|2025-02-20|2025-02-21|2025-02-22|2025-02-23|2025-02-24|2025-02-25|2025-02-26|2025-02-27|2025-02-28|2025-03-01|2025-03-02|2025-03-03|2025-03-04|2025-03-05|2025-03-06|2025-03-07|2025-03-08|2025-03-09|2025-03-10|2025-03-11|2025-03-12|2025-03-13|2025-03-14|2025-03-15|2025-03-16|2025-03-17|2025-03-18|2025-03-19|2025-03-20|2025-03-21|2025-03-22|2025-03-23|2025-03-24|2025-03-25|2025-03-26|2025-03-27|2025-03-28|2025-03-29|2025-03-30|2025-03-31|2025-04-01|2025-04-02|2025-04-03|2025-04-04|2025-04-05|2025-04-06|2025-04-07,0.05987075367597826,0.05823492518441692,0.0625086564170014,0.06806788327485697
2025-04-09,2,70,2025-01-29,2025-04-08,2025-01-29|2025-01-30|2025-01-31|2025-02-01|2025-02-02|2025-02-03|2025-02-04|2025-02-05|2025-02-06|2025-02-07|2025-02-08|2025-02-09|2025-02-10|2025-02-11|2025-02-12|2025-02-13|2025-02-14|2025-02-15|2025-02-16|2025-02-17|2025-02-18|2025-02-19|2025-02-20|2025-02-21|2025-02-22|2025-02-23|2025-02-24|2025-02-25|2025-02-26|2025-02-27|2025-02-28|2025-03-01|2025-03-02|2025-03-03|2025-03-04|2025-03-05|2025-03-06|2025-03-07|2025-03-08|2025-03-09|2025-03-10|2025-03-11|2025-03-12|2025-03-13|2025-03-14|2025-03-15|2025-03-16|2025-03-17|2025-03-18|2025-03-19|2025-03-20|2025-03-21|2025-03-22|2025-03-23|2025-03-24|2025-03-25|2025-03-26|2025-03-27|2025-03-28|2025-03-29|2025-03-30|2025-03-31|2025-04-01|2025-04-02|2025-04-03|2025-04-04|2025-04-05|2025-04-06|2025-04-07|2025-04-08,0.06009122093080676,0.05824002415537245,0.06237547705103816,0.06787885555947804
2025-04-10,2,71,2025-01-29,2025-04-09,2025-01-29|2025-01-30|2025-01-31|2025-02-01|2025-02-02|2025-02-03|2025-02-04|2025-02-05|2025-02-06|2025-02-07|2025-02-08|2025-02-09|2025-02-10|2025-02-11|2025-02-12|2025-02-13|2025-02-14|2025-02-15|2025-02-16|2025-02-17|2025-02-18|2025-02-19|2025-02-20|2025-02-21|2025-02-22|2025-02-23|2025-02-24|2025-02-25|2025-02-26|2025-02-27|2025-02-28|2025-03-01|2025-03-02|2025-03-03|2025-03-04|2025-03-05|2025-03-06|2025-03-07|2025-03-08|2025-03-09|2025-03-10|2025-03-11|2025-03-12|2025-03-13|2025-03-14|2025-03-15|2025-03-16|2025-03-17|2025-03-18|2025-03-19|2025-03-20|2025-03-21|2025-03-22|2025-03-23|2025-03-24|2025-03-25|2025-03-26|2025-03-27|2025-03-28|2025-03-29|2025-03-30|2025-03-31|2025-04-01|2025-04-02|2025-04-03|2025-04-04|2025-04-05|2025-04-06|2025-04-07|2025-04-08|2025-04-09,0.05996638588443471,0.05806826739485417,0.06208995606546705,0.06748521540508409
2025-04-11,2,72,2025-01-29,2025-04-10,2025-01-29|2025-01-30|2025-01-31|2025-02-01|2025-02-02|2025-02-03|2025-02-04|2025-02-05|2025-02-06|2025-02-07|2025-02-08|2025-02-09|2025-02-10|2025-02-11|2025-02-12|2025-02-13|2025-02-14|2025-02-15|2025-02-16|2025-02-17|2025-02-18|2025-02-19|2025-02-20|2025-02-21|2025-02-22|2025-02-23|2025-02-24|2025-02-25|2025-02-26|2025-02-27|2025-02-28|2025-03-01|2025-03-02|2025-03-03|2025-03-04|2025-03-05|2025-03-06|2025-03-07|2025-03-08|2025-03-09|2025-03-10|2025-03-11|2025-03-12|2025-03-13|2025-03-14|2025-03-15|2025-03-16|2025-03-17|2025-03-18|2025-03-19|2025-03-20|2025-03-21|2025-03-22|2025-03-23|2025-03-24|2025-03-25|2025-03-26|2025-03-27|2025-03-28|2025-03-29|2025-03-30|2025-03-31|2025-04-01|2025-04-02|2025-04-03|2025-04-04|2025-04-05|2025-04-06|2025-04-07|2025-04-08|2025-04-09|2025-04-10,0.059824836878655537,0.057867894771115064,0.0618392130324218,0.06722927299294612
2025-04-12,2,73,2025-01-29,2025-04-11,2025-01-29|2025-01-30|2025-01-31|2025-02-01|2025-02-02|2025-02-03|2025-02-04|2025-02-05|2025-02-06|2025-02-07|2025-02-08|2025-02-09|2025-02-10|2025-02-11|2025-02-12|2025-02-13|2025-02-14|2025-02-15|2025-02-16|2025-02-17|2025-02-18|2025-02-19|2025-02-20|2025-02-21|2025-02-22|2025-02-23|2025-02-24|2025-02-25|2025-02-26|2025-02-27|2025-02-28|2025-03-01|2025-03-02|2025-03-03|2025-03-04|2025-03-05|2025-03-06|2025-03-07|2025-03-08|2025-03-09|2025-03-10|2025-03-11|2025-03-12|2025-03-13|2025-03-14|2025-03-15|2025-03-16|2025-03-17|2025-03-18|2025-03-19|2025-03-20|2025-03-21|2025-03-22|2025-03-23|2025-03-24|2025-03-25|2025-03-26|2025-03-27|2025-03-28|2025-03-29|2025-03-30|2025-03-31|2025-04-01|2025-04-02|2025-04-03|2025-04-04|2025-04-05|2025-04-06|2025-04-07|2025-04-08|2025-04-09|2025-04-10|2025-04-11,0.05993734172545753,0.05797538906889848,0.0619016338751757,0.06731909463251105
2025-04-13,2,74,2025-01-29,2025-04-12,2025-01-29|2025-01-30|2025-01-31|2025-02-01|2025-02-02|2025-02-03|2025-02-04|2025-02-05|2025-02-06|2025-02-07|2025-02-08|2025-02-09|2025-02-10|2025-02-11|2025-02-12|2025-02-13|2025-02-14|2025-02-15|2025-02-16|2025-02-17|2025-02-18|2025-02-19|2025-02-20|2025-02-21|2025-02-22|2025-02-23|2025-02-24|2025-02-25|2025-02-26|2025-02-27|2025-02-28|2025-03-01|2025-03-02|2025-03-03|2025-03-04|2025-03-05|2025-03-06|2025-03-07|2025-03-08|2025-03-09|2025-03-10|2025-03-11|2025-03-12|2025-03-13|2025-03-14|2025-03-15|2025-03-16|2025-03-17|2025-03-18|2025-03-19|2025-03-20|2025-03-21|2025-03-22|2025-03-23|2025-03-24|2025-03-25|2025-03-26|2025-03-27|2025-03-28|2025-03-29|2025-03-30|2025-03-31|2025-04-01|2025-04-02|2025-04-03|2025-04-04|2025-04-05|2025-04-06|2025-04-07|2025-04-08|2025-04-09|2025-04-10|2025-04-11|2025-04-12,0.060072988803305534,0.05809694152038793,0.06198574690095557,0.06733190850423436
2025-04-14,2,75,2025-01-29,2025-04-13,2025-01-29|2025-01-30|2025-01-31|2025-02-01|2025-02-02|2025-02-03|2025-02-04|2025-02-05|2025-02-06|2025-02-07|2025-02-08|2025-02-09|2025-02-10|2025-02-11|2025-02-12|2025-02-13|2025-02-14|2025-02-15|2025-02-16|2025-02-17|2025-02-18|2025-02-19|2025-02-20|2025-02-21|2025-02-22|2025-02-23|2025-02-24|2025-02-25|2025-02-26|2025-02-27|2025-02-28|2025-03-01|2025-03-02|2025-03-03|2025-03-04|2025-03-05|2025-03-06|2025-03-07|2025-03-08|2025-03-09|2025-03-10|2025-03-11|2025-03-12|2025-03-13|2025-03-14|2025-03-15|2025-03-16|2025-03-17|2025-03-18|2025-03-19|2025-03-20|2025-03-21|2025-03-22|2025-03-23|2025-03-24|2025-03-25|2025-03-26|2025-03-27|2025-03-28|2025-03-29|2025-03-30|2025-03-31|2025-04-01|2025-04-02|2025-04-03|2025-04-04|2025-04-05|2025-04-06|2025-04-07|2025-04-08|2025-04-09|2025-04-10|2025-04-11|2025-04-12|2025-04-13,0.05990831826453132,0.05787078966180605,0.06166457116057171,0.0669843940158691
2025-04-15,2,76,2025-01-29,2025-04-14,2025-01-29|2025-01-30|2025-01-31|2025-02-01|2025-02-02|2025-02-03|2025-02-04|2025-02-05|2025-02-06|2025-02-07|2025-02-08|2025-02-09|2025-02-10|2025-02-11|2025-02-12|2025-02-13|2025-02-14|2025-02-15|2025-02-16|2025-02-17|2025-02-18|2025-02-19|2025-02-20|2025-02-21|2025-02-22|2025-02-23|2025-02-24|2025-02-25|2025-02-26|2025-02-27|2025-02-28|2025-03-01|2025-03-02|2025-03-03|2025-03-04|2025-03-05|2025-03-06|2025-03-07|2025-03-08|2025-03-09|2025-03-10|2025-03-11|2025-03-12|2025-03-13|2025-03-14|2025-03-15|2025-03-16|2025-03-17|2025-03-18|2025-03-19|2025-03-20|2025-03-21|2025-03-22|2025-03-23|2025-03-24|2025-03-25|2025-03-26|2025-03-27|2025-03-28|2025-03-29|2025-03-30|2025-03-31|2025-04-01|2025-04-02|2025-04-03|2025-04-04|2025-04-05|2025-04-06|2025-04-07|2025-04-08|2025-04-09|2025-04-10|2025-04-11|2025-04-12|2025-04-13|2025-04-14,0.05984158727168985,0.05779995816899615,0.061529799031825996,0.06677490743723496
2025-04-16,2,77,2025-01-29,2025-04-15,2025-01-29|2025-01-30|2025-01-31|2025-02-01|2025-02-02|2025-02-03|2025-02-04|2025-02-05|2025-02-06|2025-02-07|2025-02-08|2025-02-09|2025-02-10|2025-02-11|2025-02-12|2025-02-13|2025-02-14|2025-02-15|2025-02-16|2025-02-17|2025-02-18|2025-02-19|2025-02-20|2025-02-21|2025-02-22|2025-02-23|2025-02-24|2025-02-25|2025-02-26|2025-02-27|2025-02-28|2025-03-01|2025-03-02|2025-03-03|2025-03-04|2025-03-05|2025-03-06|2025-03-07|2025-03-08|2025-03-09|2025-03-10|2025-03-11|2025-03-12|2025-03-13|2025-03-14|2025-03-15|2025-03-16|2025-03-17|2025-03-18|2025-03-19|2025-03-20|2025-03-21|2025-03-22|2025-03-23|2025-03-24|2025-03-25|2025-03-26|2025-03-27|2025-03-28|2025-03-29|2025-03-30|2025-03-31|2025-04-01|2025-04-02|2025-04-03|2025-04-04|2025-04-05|2025-04-06|2025-04-07|2025-04-08|2025-04-09|2025-04-10|2025-04-11|2025-04-12|2025-04-13|2025-04-14|2025-04-15,0.05979949292035704,0.0578041824454885,0.061534805723244754,0.06674768945143976
2025-04-17,2,78,2025-01-29,2025-04-16,2025-01-29|2025-01-30|2025-01-31|2025-02-01|2025-02-02|2025-02-03|2025-02-04|2025-02-05|2025-02-06|2025-02-07|2025-02-08|2025-02-09|2025-02-10|2025-02-11|2025-02-12|2025-02-13|2025-02-14|2025-02-15|2025-02-16|2025-02-17|2025-02-18|2025-02-19|2025-02-20|2025-02-21|2025-02-22|2025-02-23|2025-02-24|2025-02-25|2025-02-26|2025-02-27|2025-02-28|2025-03-01|2025-03-02|2025-03-03|2025-03-04|2025-03-05|2025-03-06|2025-03-07|2025-03-08|2025-03-09|2025-03-10|2025-03-11|2025-03-12|2025-03-13|2025-03-14|2025-03-15|2025-03-16|2025-03-17|2025-03-18|2025-03-19|2025-03-20|2025-03-21|2025-03-22|2025-03-23|2025-03-24|2025-03-25|2025-03-26|2025-03-27|2025-03-28|2025-03-29|2025-03-30|2025-03-31|2025-04-01|2025-04-02|2025-04-03|2025-04-04|2025-04-05|2025-04-06|2025-04-07|2025-04-08|2025-04-09|2025-04-10|2025-04-11|2025-04-12|2025-04-13|2025-04-14|2025-04-15|2025-04-16,0.059674020780182,0.05760963511456125,0.06126194761934373,0.06637454692585205
2025-04-18,2,79,2025-01-29,2025-04-17,2025-01-29|2025-01-30|2025-01-31|2025-02-01|2025-02-02|2025-02-03|2025-02-04|2025-02-05|2025-02-06|2025-02-07|2025-02-08|2025-02-09|2025-02-10|2025-02-11|2025-02-12|2025-02-13|2025-02-14|2025-02-15|2025-02-16|2025-02-17|2025-02-18|2025-02-19|2025-02-20|2025-02-21|2025-02-22|2025-02-23|2025-02-24|2025-02-25|2025-02-26|2025-02-27|2025-02-28|2025-03-01|2025-03-02|2025-03-03|2025-03-04|2025-03-05|2025-03-06|2025-03-07|2025-03-08|2025-03-09|2025-03-10|2025-03-11|2025-03-12|2025-03-13|2025-03-14|2025-03-15|2025-03-16|2025-03-17|2025-03-18|2025-03-19|2025-03-20|2025-03-21|2025-03-22|2025-03-23|2025-03-24|2025-03-25|2025-03-26|2025-03-27|2025-03-28|2025-03-29|2025-03-30|2025-03-31|2025-04-01|2025-04-02|2025-04-03|2025-04-04|2025-04-05|2025-04-06|2025-04-07|2025-04-08|2025-04-09|2025-04-10|2025-04-11|2025-04-12|2025-04-13|2025-04-14|2025-04-15|2025-04-16|2025-04-17,0.05963524487462485,0.057522472379118776,0.06102951637726888,0.0660965042852646
2025-04-19,2,80,2025-01-29,2025-04-18,2025-01-29|2025-01-30|2025-01-31|2025-02-01|2025-02-02|2025-02-03|2025-02-04|2025-02-05|2025-02-06|2025-02-07|2025-02-08|2025-02-09|2025-02-10|2025-02-11|2025-02-12|2025-02-13|2025-02-14|2025-02-15|2025-02-16|2025-02-17|2025-02-18|2025-02-19|2025-02-20|2025-02-21|2025-02-22|2025-02-23|2025-02-24|2025-02-25|2025-02-26|2025-02-27|2025-02-28|2025-03-01|2025-03-02|2025-03-03|2025-03-04|2025-03-05|2025-03-06|2025-03-07|2025-03-08|2025-03-09|2025-03-10|2025-03-11|2025-03-12|2025-03-13|2025-03-14|2025-03-15|2025-03-16|2025-03-17|2025-03-18|2025-03-19|2025-03-20|2025-03-21|2025-03-22|2025-03-23|2025-03-24|2025-03-25|2025-03-26|2025-03-27|2025-03-28|2025-03-29|2025-03-30|2025-03-31|2025-04-01|2025-04-02|2025-04-03|2025-04-04|2025-04-05|2025-04-06|2025-04-07|2025-04-08|2025-04-09|2025-04-10|2025-04-11|2025-04-12|2025-04-13|2025-04-14|2025-04-15|2025-04-16|2025-04-17|2025-04-18,0.05972151635417632,0.05755638074824674,0.06102825828096912,0.0660390233079851
2025-04-20,2,81,2025-01-29,2025-04-19,2025-01-29|2025-01-30|2025-01-31|2025-02-01|2025-02-02|2025-02-03|2025-02-04|2025-02-05|2025-02-06|2025-02-07|2025-02-08|2025-02-09|2025-02-10|2025-02-11|2025-02-12|2025-02-13|2025-02-14|2025-02-15|2025-02-16|2025-02-17|2025-02-18|2025-02-19|2025-02-20|2025-02-21|2025-02-22|2025-02-23|2025-02-24|2025-02-25|2025-02-26|2025-02-27|2025-02-28|2025-03-01|2025-03-02|2025-03-03|2025-03-04|2025-03-05|2025-03-06|2025-03-07|2025-03-08|2025-03-09|2025-03-10|2025-03-11|2025-03-12|2025-03-13|2025-03-14|2025-03-15|2025-03-16|2025-03-17|2025-03-18|2025-03-19|2025-03-20|2025-03-21|2025-03-22|2025-03-23|2025-03-24|2025-03-25|2025-03-26|2025-03-27|2025-03-28|2025-03-29|2025-03-30|2025-03-31|2025-04-01|2025-04-02|2025-04-03|2025-04-04|2025-04-05|2025-04-06|2025-04-07|2025-04-08|2025-04-09|2025-04-10|2025-04-11|2025-04-12|2025-04-13|2025-04-14|2025-04-15|2025-04-16|2025-04-17|2025-04-18|2025-04-19,0.05996245464305648,0.057699970922279735,0.06103149280584039,0.06598784174747102
2025-04-21,2,82,2025-01-29,2025-04-20,2025-01-29|2025-01-30|2025-01-31|2025-02-01|2025-02-02|2025-02-03|2025-02-04|2025-02-05|2025-02-06|2025-02-07|2025-02-08|2025-02-09|2025-02-10|2025-02-11|2025-02-12|2025-02-13|2025-02-14|2025-02-15|2025-02-16|2025-02-17|2025-02-18|2025-02-19|2025-02-20|2025-02-21|2025-02-22|2025-02-23|2025-02-24|2025-02-25|2025-02-26|2025-02-27|2025-02-28|2025-03-01|2025-03-02|2025-03-03|2025-03-04|2025-03-05|2025-03-06|2025-03-07|2025-03-08|2025-03-09|2025-03-10|2025-03-11|2025-03-12|2025-03-13|2025-03-14|2025-03-15|2025-03-16|2025-03-17|2025-03-18|2025-03-19|2025-03-20|2025-03-21|2025-03-22|2025-03-23|2025-03-24|2025-03-25|2025-03-26|2025-03-27|2025-03-28|2025-03-29|2025-03-30|2025-03-31|2025-04-01|2025-04-02|2025-04-03|2025-04-04|2025-04-05|2025-04-06|2025-04-07|2025-04-08|2025-04-09|2025-04-10|2025-04-11|2025-04-12|2025-04-13|2025-04-14|2025-04-15|2025-04-16|2025-04-17|2025-04-18|2025-04-19|2025-04-20,0.05985229897620596,0.05752422224153687,0.06079830721058115,0.06568483603954933
2025-04-22,2,83,2025-01-29,2025-04-21,2025-01-29|2025-01-30|2025-01-31|2025-02-01|2025-02-02|2025-02-03|2025-02-04|2025-02-05|2025-02-06|2025-02-07|2025-02-08|2025-02-09|2025-02-10|2025-02-11|2025-02-12|2025-02-13|2025-02-14|2025-02-15|2025-02-16|2025-02-17|2025-02-18|2025-02-19|2025-02-20|2025-02-21|2025-02-22|2025-02-23|2025-02-24|2025-02-25|2025-02-26|2025-02-27|2025-02-28|2025-03-01|2025-03-02|2025-03-03|2025-03-04|2025-03-05|2025-03-06|2025-03-07|2025-03-08|2025-03-09|2025-03-10|2025-03-11|2025-03-12|2025-03-13|2025-03-14|2025-03-15|2025-03-16|2025-03-17|2025-03-18|2025-03-19|2025-03-20|2025-03-21|2025-03-22|2025-03-23|2025-03-24|2025-03-25|2025-03-26|2025-03-27|2025-03-28|2025-03-29|2025-03-30|2025-03-31|2025-04-01|2025-04-02|2025-04-03|2025-04-04|2025-04-05|2025-04-06|2025-04-07|2025-04-08|2025-04-09|2025-04-10|2025-04-11|2025-04-12|2025-04-13|2025-04-14|2025-04-15|2025-04-16|2025-04-17|2025-04-18|2025-04-19|2025-04-20|2025-04-21,0.059753537439043665,0.05746016445391691,0.060716782180693554,0.06555673411311609
2025-04-23,2,84,2025-01-29,2025-04-22,2025-01-29|2025-01-30|2025-01-31|2025-02-01|2025-02-02|2025-02-03|2025-02-04|2025-02-05|2025-02-06|2025-02-07|2025-02-08|2025-02-09|2025-02-10|2025-02-11|2025-02-12|2025-02-13|2025-02-14|2025-02-15|2025-02-16|2025-02-17|2025-02-18|2025-02-19|2025-02-20|2025-02-21|2025-02-22|2025-02-23|2025-02-24|2025-02-25|2025-02-26|2025-02-27|2025-02-28|2025-03-01|2025-03-02|2025-03-03|2025-03-04|2025-03-05|2025-03-06|2025-03-07|2025-03-08|2025-03-09|2025-03-10|2025-03-11|2025-03-12|2025-03-13|2025-03-14|2025-03-15|2025-03-16|2025-03-17|2025-03-18|2025-03-19|2025-03-20|2025-03-21|2025-03-22|2025-03-23|2025-03-24|2025-03-25|2025-03-26|2025-03-27|2025-03-28|2025-03-29|2025-03-30|2025-03-31|2025-04-01|2025-04-02|2025-04-03|2025-04-04|2025-04-05|2025-04-06|2025-04-07|2025-04-08|2025-04-09|2025-04-10|2025-04-11|2025-04-12|2025-04-13|2025-04-14|2025-04-15|2025-04-16|2025-04-17|2025-04-18|2025-04-19|2025-04-20|2025-04-21|2025-04-22,0.05973745712141249,0.05735413045590628,0.0605114994408522,0.06529635956804847
2025-04-24,2,85,2025-01-29,2025-04-23,2025-01-29|2025-01-30|2025-01-31|2025-02-01|2025-02-02|2025-02-03|2025-02-04|2025-02-05|2025-02-06|2025-02-07|2025-02-08|2025-02-09|2025-02-10|2025-02-11|2025-02-12|2025-02-13|2025-02-14|2025-02-15|2025-02-16|2025-02-17|2025-02-18|2025-02-19|2025-02-20|2025-02-21|2025-02-22|2025-02-23|2025-02-24|2025-02-25|2025-02-26|2025-02-27|2025-02-28|2025-03-01|2025-03-02|2025-03-03|2025-03-04|2025-03-05|2025-03-06|2025-03-07|2025-03-08|2025-03-09|2025-03-10|2025-03-11|2025-03-12|2025-03-13|2025-03-14|2025-03-15|2025-03-16|2025-03-17|2025-03-18|2025-03-19|2025-03-20|2025-03-21|2025-03-22|2025-03-23|2025-03-24|2025-03-25|2025-03-26|2025-03-27|2025-03-28|2025-03-29|2025-03-30|2025-03-31|2025-04-01|2025-04-02|2025-04-03|2025-04-04|2025-04-05|2025-04-06|2025-04-07|2025-04-08|2025-04-09|2025-04-10|2025-04-11|2025-04-12|2025-04-13|2025-04-14|2025-04-15|2025-04-16|2025-04-17|2025-04-18|2025-04-19|2025-04-20|2025-04-21|2025-04-22|2025-04-23,0.05972099727680479,0.05733585322737496,0.06046088515750505,0.06513454846221337
2025-04-25,2,86,2025-01-29,2025-04-24,2025-01-29|2025-01-30|2025-01-31|2025-02-01|2025-02-02|2025-02-03|2025-02-04|2025-02-05|2025-02-06|2025-02-07|2025-02-08|2025-02-09|2025-02-10|2025-02-11|2025-02-12|2025-02-13|2025-02-14|2025-02-15|2025-02-16|2025-02-17|2025-02-18|2025-02-19|2025-02-20|2025-02-21|2025-02-22|2025-02-23|2025-02-24|2025-02-25|2025-02-26|2025-02-27|2025-02-28|2025-03-01|2025-03-02|2025-03-03|2025-03-04|2025-03-05|2025-03-06|2025-03-07|2025-03-08|2025-03-09|2025-03-10|2025-03-11|2025-03-12|2025-03-13|2025-03-14|2025-03-15|2025-03-16|2025-03-17|2025-03-18|2025-03-19|2025-03-20|2025-03-21|2025-03-22|2025-03-23|2025-03-24|2025-03-25|2025-03-26|2025-03-27|2025-03-28|2025-03-29|2025-03-30|2025-03-31|2025-04-01|2025-04-02|2025-04-03|2025-04-04|2025-04-05|2025-04-06|2025-04-07|2025-04-08|2025-04-09|2025-04-10|2025-04-11|2025-04-12|2025-04-13|2025-04-14|2025-04-15|2025-04-16|2025-04-17|2025-04-18|2025-04-19|2025-04-20|2025-04-21|2025-04-22|2025-04-23|2025-04-24,0.05960311667071855,0.05730261165870261,0.06039831055546791,0.06503841228724014
2025-04-26,2,87,2025-01-29,2025-04-25,2025-01-29|2025-01-30|2025-01-31|2025-02-01|2025-02-02|2025-02-03|2025-02-04|2025-02-05|2025-02-06|2025-02-07|2025-02-08|2025-02-09|2025-02-10|2025-02-11|2025-02-12|2025-02-13|2025-02-14|2025-02-15|2025-02-16|2025-02-17|2025-02-18|2025-02-19|2025-02-20|2025-02-21|2025-02-22|2025-02-23|2025-02-24|2025-02-25|2025-02-26|2025-02-27|2025-02-28|2025-03-01|2025-03-02|2025-03-03|2025-03-04|2025-03-05|2025-03-06|2025-03-07|2025-03-08|2025-03-09|2025-03-10|2025-03-11|2025-03-12|2025-03-13|2025-03-14|2025-03-15|2025-03-16|2025-03-17|2025-03-18|2025-03-19|2025-03-20|2025-03-21|2025-03-22|2025-03-23|2025-03-24|2025-03-25|2025-03-26|2025-03-27|2025-03-28|2025-03-29|2025-03-30|2025-03-31|2025-04-01|2025-04-02|2025-04-03|2025-04-04|2025-04-05|2025-04-06|2025-04-07|2025-04-08|2025-04-09|2025-04-10|2025-04-11|2025-04-12|2025-04-13|2025-04-14|2025-04-15|2025-04-16|2025-04-17|2025-04-18|2025-04-19|2025-04-20|2025-04-21|2025-04-22|2025-04-23|2025-04-24|2025-04-25,0.05981259583712348,0.05745376728255177,0.060504836544497065,0.06511019986957303
2025-04-27,2,88,2025-01-29,2025-04-26,2025-01-29|2025-01-30|2025-01-31|2025-02-01|2025-02-02|2025-02-03|2025-02-04|2025-02-05|2025-02-06|2025-02-07|2025-02-08|2025-02-09|2025-02-10|2025-02-11|2025-02-12|2025-02-13|2025-02-14|2025-02-15|2025-02-16|2025-02-17|2025-02-18|2025-02-19|2025-02-20|2025-02-21|2025-02-22|2025-02-23|2025-02-24|2025-02-25|2025-02-26|2025-02-27|2025-02-28|2025-03-01|2025-03-02|2025-03-03|2025-03-04|2025-03-05|2025-03-06|2025-03-07|2025-03-08|2025-03-09|2025-03-10|2025-03-11|2025-03-12|2025-03-13|2025-03-14|2025-03-15|2025-03-16|2025-03-17|2025-03-18|2025-03-19|2025-03-20|2025-03-21|2025-03-22|2025-03-23|2025-03-24|2025-03-25|2025-03-26|2025-03-27|2025-03-28|2025-03-29|2025-03-30|2025-03-31|2025-04-01|2025-04-02|2025-04-03|2025-04-04|2025-04-05|2025-04-06|2025-04-07|2025-04-08|2025-04-09|2025-04-10|2025-04-11|2025-04-12|2025-04-13|2025-04-14|2025-04-15|2025-04-16|2025-04-17|2025-04-18|2025-04-19|2025-04-20|2025-04-21|2025-04-22|2025-04-23|2025-04-24|2025-04-25|2025-04-26,0.06011777796440725,0.05773167872330991,0.06074932359193541,0.06530315233725748
2025-04-28,2,89,2025-01-29,2025-04-27,2025-01-29|2025-01-30|2025-01-31|2025-02-01|2025-02-02|2025-02-03|2025-02-04|2025-02-05|2025-02-06|2025-02-07|2025-02-08|2025-02-09|2025-02-10|2025-02-11|2025-02-12|2025-02-13|2025-02-14|2025-02-15|2025-02-16|2025-02-17|2025-02-18|2025-02-19|2025-02-20|2025-02-21|2025-02-22|2025-02-23|2025-02-24|2025-02-25|2025-02-26|2025-02-27|2025-02-28|2025-03-01|2025-03-02|2025-03-03|2025-03-04|2025-03-05|2025-03-06|2025-03-07|2025-03-08|2025-03-09|2025-03-10|2025-03-11|2025-03-12|2025-03-13|2025-03-14|2025-03-15|2025-03-16|2025-03-17|2025-03-18|2025-03-19|2025-03-20|2025-03-21|2025-03-22|2025-03-23|2025-03-24|2025-03-25|2025-03-26|2025-03-27|2025-03-28|2025-03-29|2025-03-30|2025-03-31|2025-04-01|2025-04-02|2025-04-03|2025-04-04|2025-04-05|2025-04-06|2025-04-07|2025-04-08|2025-04-09|2025-04-10|2025-04-11|2025-04-12|2025-04-13|2025-04-14|2025-04-15|2025-04-16|2025-04-17|2025-04-18|2025-04-19|2025-04-20|2025-04-21|2025-04-22|2025-04-23|2025-04-24|2025-04-25|2025-04-26|2025-04-27,0.060021289577346114,0.05764233648350926,0.060591050565769126,0.06509016475886147
2025-04-29,2,90,2025-01-29,2025-04-28,2025-01-29|2025-01-30|2025-01-31|2025-02-01|2025-02-02|2025-02-03|2025-02-04|2025-02-05|2025-02-06|2025-02-07|2025-02-08|2025-02-09|2025-02-10|2025-02-11|2025-02-12|2025-02-13|2025-02-14|2025-02-15|2025-02-16|2025-02-17|2025-02-18|2025-02-19|2025-02-20|2025-02-21|2025-02-22|2025-02-23|2025-02-24|2025-02-25|2025-02-26|2025-02-27|2025-02-28|2025-03-01|2025-03-02|2025-03-03|2025-03-04|2025-03-05|2025-03-06|2025-03-07|2025-03-08|2025-03-09|2025-03-10|2025-03-11|2025-03-12|2025-03-13|2025-03-14|2025-03-15|2025-03-16|2025-03-17|2025-03-18|2025-03-19|2025-03-20|2025-03-21|2025-03-22|2025-03-23|2025-03-24|2025-03-25|2025-03-26|2025-03-27|2025-03-28|2025-03-29|2025-03-30|2025-03-31|2025-04-01|2025-04-02|2025-04-03|2025-04-04|2025-04-05|2025-04-06|2025-04-07|2025-04-08|2025-04-09|2025-04-10|2025-04-11|2025-04-12|2025-04-13|2025-04-14|2025-04-15|2025-04-16|2025-04-17|2025-04-18|2025-04-19|2025-04-20|2025-04-21|2025-04-22|2025-04-23|2025-04-24|2025-04-25|2025-04-26|2025-04-27|2025-04-28,0.06013385364630902,0.057673894396261235,0.06053809367694403,0.06493954537033396
2025-04-30,2,91,2025-01-29,2025-04-29,2025-01-29|2025-01-30|2025-01-31|2025-02-01|2025-02-02|2025-02-03|2025-02-04|2025-02-05|2025-02-06|2025-02-07|2025-02-08|2025-02-09|2025-02-10|2025-02-11|2025-02-12|2025-02-13|2025-02-14|2025-02-15|2025-02-16|2025-02-17|2025-02-18|2025-02-19|2025-02-20|2025-02-21|2025-02-22|2025-02-23|2025-02-24|2025-02-25|2025-02-26|2025-02-27|2025-02-28|2025-03-01|2025-03-02|2025-03-03|2025-03-04|2025-03-05|2025-03-06|2025-03-07|2025-03-08|2025-03-09|2025-03-10|2025-03-11|2025-03-12|2025-03-13|2025-03-14|2025-03-15|2025-03-16|2025-03-17|2025-03-18|2025-03-19|2025-03-20|2025-03-21|2025-03-22|2025-03-23|2025-03-24|2025-03-25|2025-03-26|2025-03-27|2025-03-28|2025-03-29|2025-03-30|2025-03-31|2025-04-01|2025-04-02|2025-04-03|2025-04-04|2025-04-05|2025-04-06|2025-04-07|2025-04-08|2025-04-09|2025-04-10|2025-04-11|2025-04-12|2025-04-13|2025-04-14|2025-04-15|2025-04-16|2025-04-17|2025-04-18|2025-04-19|2025-04-20|2025-04-21|2025-04-22|2025-04-23|2025-04-24|2025-04-25|2025-04-26|2025-04-27|2025-04-28|2025-04-29,0.06007928920687094,0.0575385339124751,0.060375577457817756,0.06478477522933436
2025-05-01,2,92,2025-01-29,2025-04-30,2025-01-29|2025-01-30|2025-01-31|2025-02-01|2025-02-02|2025-02-03|2025-02-04|2025-02-05|2025-02-06|2025-02-07|2025-02-08|2025-02-09|2025-02-10|2025-02-11|2025-02-12|2025-02-13|2025-02-14|2025-02-15|2025-02-16|2025-02-17|2025-02-18|2025-02-19|2025-02-20|2025-02-21|2025-02-22|2025-02-23|2025-02-24|2025-02-25|2025-02-26|2025-02-27|2025-02-28|2025-03-01|2025-03-02|2025-03-03|2025-03-04|2025-03-05|2025-03-06|2025-03-07|2025-03-08|2025-03-09|2025-03-10|2025-03-11|2025-03-12|2025-03-13|2025-03-14|2025-03-15|2025-03-16|2025-03-17|2025-03-18|2025-03-19|2025-03-20|2025-03-21|2025-03-22|2025-03-23|2025-03-24|2025-03-25|2025-03-26|2025-03-27|2025-03-28|2025-03-29|2025-03-30|2025-03-31|2025-04-01|2025-04-02|2025-04-03|2025-04-04|2025-04-05|2025-04-06|2025-04-07|2025-04-08|2025-04-09|2025-04-10|2025-04-11|2025-04-12|2025-04-13|2025-04-14|2025-04-15|2025-04-16|2025-04-17|2025-04-18|2025-04-19|2025-04-20|2025-04-21|2025-04-22|2025-04-23|2025-04-24|2025-04-25|2025-04-26|2025-04-27|2025-04-28|2025-04-29|2025-04-30,0.060101343694403314,0.057550258099537455,0.060379568938714,0.06478216247202111
2025-05-02,2,93,2025-01-29,2025-05-01,2025-01-29|2025-01-30|2025-01-31|2025-02-01|2025-02-02|2025-02-03|2025-02-04|2025-02-05|2025-02-06|2025-02-07|2025-02-08|2025-02-09|2025-02-10|2025-02-11|2025-02-12|2025-02-13|2025-02-14|2025-02-15|2025-02-16|2025-02-17|2025-02-18|2025-02-19|2025-02-20|2025-02-21|2025-02-22|2025-02-23|2025-02-24|2025-02-25|2025-02-26|2025-02-27|2025-02-28|2025-03-01|2025-03-02|2025-03-03|2025-03-04|2025-03-05|2025-03-06|2025-03-07|2025-03-08|2025-03-09|2025-03-10|2025-03-11|2025-03-12|2025-03-13|2025-03-14|2025-03-15|2025-03-16|2025-03-17|2025-03-18|2025-03-19|2025-03-20|2025-03-21|2025-03-22|2025-03-23|2025-03-24|2025-03-25|2025-03-26|2025-03-27|2025-03-28|2025-03-29|2025-03-30|2025-03-31|2025-04-01|2025-04-02|2025-04-03|2025-04-04|2025-04-05|2025-04-06|2025-04-07|2025-04-08|2025-04-09|2025-04-10|2025-04-11|2025-04-12|2025-04-13|2025-04-14|2025-04-15|2025-04-16|2025-04-17|2025-04-18|2025-04-19|2025-04-20|2025-04-21|2025-04-22|2025-04-23|2025-04-24|2025-04-25|2025-04-26|2025-04-27|2025-04-28|2025-04-29|2025-04-30|2025-05-01,0.060130075794353414,0.057522662780885,0.0603023296762671,0.06463011688906274
2025-05-03,2,94,2025-01-29,2025-05-02,2025-01-29|2025-01-30|2025-01-31|2025-02-01|2025-02-02|2025-02-03|2025-02-04|2025-02-05|2025-02-06|2025-02-07|2025-02-08|2025-02-09|2025-02-10|2025-02-11|2025-02-12|2025-02-13|2025-02-14|2025-02-15|2025-02-16|2025-02-17|2025-02-18|2025-02-19|2025-02-20|2025-02-21|2025-02-22|2025-02-23|2025-02-24|2025-02-25|2025-02-26|2025-02-27|2025-02-28|2025-03-01|2025-03-02|2025-03-03|2025-03-04|2025-03-05|2025-03-06|2025-03-07|2025-03-08|2025-03-09|2025-03-10|2025-03-11|2025-03-12|2025-03-13|2025-03-14|2025-03-15|2025-03-16|2025-03-17|2025-03-18|2025-03-19|2025-03-20|2025-03-21|2025-03-22|2025-03-23|2025-03-24|2025-03-25|2025-03-26|2025-03-27|2025-03-28|2025-03-29|2025-03-30|2025-03-31|2025-04-01|2025-04-02|2025-04-03|2025-04-04|2025-04-05|2025-04-06|2025-04-07|2025-04-08|2025-04-09|2025-04-10|2025-04-11|2025-04-12|2025-04-13|2025-04-14|2025-04-15|2025-04-16|2025-04-17|2025-04-18|2025-04-19|2025-04-20|2025-04-21|2025-04-22|2025-04-23|2025-04-24|2025-04-25|2025-04-26|2025-04-27|2025-04-28|2025-04-29|2025-04-30|2025-05-01|2025-05-02,0.06045267581373249,0.0577097978694077,0.060484304197613116,0.06476022816741686
2025-05-04,2,95,2025-01-29,2025-05-03,2025-01-29|2025-01-30|2025-01-31|2025-02-01|2025-02-02|2025-02-03|2025-02-04|2025-02-05|2025-02-06|2025-02-07|2025-02-08|2025-02-09|2025-02-10|2025-02-11|2025-02-12|2025-02-13|2025-02-14|2025-02-15|2025-02-16|2025-02-17|2025-02-18|2025-02-19|2025-02-20|2025-02-21|2025-02-22|2025-02-23|2025-02-24|2025-02-25|2025-02-26|2025-02-27|2025-02-28|2025-03-01|2025-03-02|2025-03-03|2025-03-04|2025-03-05|2025-03-06|2025-03-07|2025-03-08|2025-03-09|2025-03-10|2025-03-11|2025-03-12|2025-03-13|2025-03-14|2025-03-15|2025-03-16|2025-03-17|2025-03-18|2025-03-19|2025-03-20|2025-03-21|2025-03-22|2025-03-23|2025-03-24|2025-03-25|2025-03-26|2025-03-27|2025-03-28|2025-03-29|2025-03-30|2025-03-31|2025-04-01|2025-04-02|2025-04-03|2025-04-04|2025-04-05|2025-04-06|2025-04-07|2025-04-08|2025-04-09|2025-04-10|2025-04-11|2025-04-12|2025-04-13|2025-04-14|2025-04-15|2025-04-16|2025-04-17|2025-04-18|2025-04-19|2025-04-20|2025-04-21|2025-04-22|2025-04-23|2025-04-24|2025-04-25|2025-04-26|2025-04-27|2025-04-28|2025-04-29|2025-04-30|2025-05-01|2025-05-02|2025-05-03,0.060629179832920994,0.05776289291598782,0.06044514616666257,0.06467816227595313
2025-05-05,2,96,2025-01-29,2025-05-04,2025-01-29|2025-01-30|2025-01-31|2025-02-01|2025-02-02|2025-02-03|2025-02-04|2025-02-05|2025-02-06|2025-02-07|2025-02-08|2025-02-09|2025-02-10|2025-02-11|2025-02-12|2025-02-13|2025-02-14|2025-02-15|2025-02-16|2025-02-17|2025-02-18|2025-02-19|2025-02-20|2025-02-21|2025-02-22|2025-02-23|2025-02-24|2025-02-25|2025-02-26|2025-02-27|2025-02-28|2025-03-01|2025-03-02|2025-03-03|2025-03-04|2025-03-05|2025-03-06|2025-03-07|2025-03-08|2025-03-09|2025-03-10|2025-03-11|2025-03-12|2025-03-13|2025-03-14|2025-03-15|2025-03-16|2025-03-17|2025-03-18|2025-03-19|2025-03-20|2025-03-21|2025-03-22|2025-03-23|2025-03-24|2025-03-25|2025-03-26|2025-03-27|2025-03-28|2025-03-29|2025-03-30|2025-03-31|2025-04-01|2025-04-02|2025-04-03|2025-04-04|2025-04-05|2025-04-06|2025-04-07|2025-04-08|2025-04-09|2025-04-10|2025-04-11|2025-04-12|2025-04-13|2025-04-14|2025-04-15|2025-04-16|2025-04-17|2025-04-18|2025-04-19|2025-04-20|2025-04-21|2025-04-22|2025-04-23|2025-04-24|2025-04-25|2025-04-26|2025-04-27|2025-04-28|2025-04-29|2025-04-30|2025-05-01|2025-05-02|2025-05-03|2025-05-04,0.06067683612844065,0.057775083954184174,0.06039666219716096,0.06456398711451997
2025-05-06,2,97,2025-01-29,2025-05-05,2025-01-29|2025-01-30|2025-01-31|2025-02-01|2025-02-02|2025-02-03|2025-02-04|2025-02-05|2025-02-06|2025-02-07|2025-02-08|2025-02-09|2025-02-10|2025-02-11|2025-02-12|2025-02-13|2025-02-14|2025-02-15|2025-02-16|2025-02-17|2025-02-18|2025-02-19|2025-02-20|2025-02-21|2025-02-22|2025-02-23|2025-02-24|2025-02-25|2025-02-26|2025-02-27|2025-02-28|2025-03-01|2025-03-02|2025-03-03|2025-03-04|2025-03-05|2025-03-06|2025-03-07|2025-03-08|2025-03-09|2025-03-10|2025-03-11|2025-03-12|2025-03-13|2025-03-14|2025-03-15|2025-03-16|2025-03-17|2025-03-18|2025-03-19|2025-03-20|2025-03-21|2025-03-22|2025-03-23|2025-03-24|2025-03-25|2025-03-26|2025-03-27|2025-03-28|2025-03-29|2025-03-30|2025-03-31|2025-04-01|2025-04-02|2025-04-03|2025-04-04|2025-04-05|2025-04-06|2025-04-07|2025-04-08|2025-04-09|2025-04-10|2025-04-11|2025-04-12|2025-04-13|2025-04-14|2025-04-15|2025-04-16|2025-04-17|2025-04-18|2025-04-19|2025-04-20|2025-04-21|2025-04-22|2025-04-23|2025-04-24|2025-04-25|2025-04-26|2025-04-27|2025-04-28|2025-04-29|2025-04-30|2025-05-01|2025-05-02|2025-05-03|2025-05-04|2025-05-05,0.060693482959585626,0.057685254555005484,0.06024410165866559,0.06434504019392637
2025-05-07,2,98,2025-01-29,2025-05-06,2025-01-29|2025-01-30|2025-01-31|2025-02-01|2025-02-02|2025-02-03|2025-02-04|2025-02-05|2025-02-06|2025-02-07|2025-02-08|2025-02-09|2025-02-10|2025-02-11|2025-02-12|2025-02-13|2025-02-14|2025-02-15|2025-02-16|2025-02-17|2025-02-18|2025-02-19|2025-02-20|2025-02-21|2025-02-22|2025-02-23|2025-02-24|2025-02-25|2025-02-26|2025-02-27|2025-02-28|2025-03-01|2025-03-02|2025-03-03|2025-03-04|2025-03-05|2025-03-06|2025-03-07|2025-03-08|2025-03-09|2025-03-10|2025-03-11|2025-03-12|2025-03-13|2025-03-14|2025-03-15|2025-03-16|2025-03-17|2025-03-18|2025-03-19|2025-03-20|2025-03-21|2025-03-22|2025-03-23|2025-03-24|2025-03-25|2025-03-26|2025-03-27|2025-03-28|2025-03-29|2025-03-30|2025-03-31|2025-04-01|2025-04-02|2025-04-03|2025-04-04|2025-04-05|2025-04-06|2025-04-07|2025-04-08|2025-04-09|2025-04-10|2025-04-11|2025-04-12|2025-04-13|2025-04-14|2025-04-15|2025-04-16|2025-04-17|2025-04-18|2025-04-19|2025-04-20|2025-04-21|2025-04-22|2025-04-23|2025-04-24|2025-04-25|2025-04-26|2025-04-27|2025-04-28|2025-04-29|2025-04-30|2025-05-01|2025-05-02|2025-05-03|2025-05-04|2025-05-05|2025-05-06,0.06072393889509143,0.05765828506244616,0.060186549244004794,0.06419574770090739
2025-05-08,2,99,2025-01-29,2025-05-07,2025-01-29|2025-01-30|2025-01-31|2025-02-01|2025-02-02|2025-02-03|2025-02-04|2025-02-05|2025-02-06|2025-02-07|2025-02-08|2025-02-09|2025-02-10|2025-02-11|2025-02-12|2025-02-13|2025-02-14|2025-02-15|2025-02-16|2025-02-17|2025-02-18|2025-02-19|2025-02-20|2025-02-21|2025-02-22|2025-02-23|2025-02-24|2025-02-25|2025-02-26|2025-02-27|2025-02-28|2025-03-01|2025-03-02|2025-03-03|2025-03-04|2025-03-05|2025-03-06|2025-03-07|2025-03-08|2025-03-09|2025-03-10|2025-03-11|2025-03-12|2025-03-13|2025-03-14|2025-03-15|2025-03-16|2025-03-17|2025-03-18|2025-03-19|2025-03-20|2025-03-21|2025-03-22|2025-03-23|2025-03-24|2025-03-25|2025-03-26|2025-03-27|2025-03-28|2025-03-29|2025-03-30|2025-03-31|2025-04-01|2025-04-02|2025-04-03|2025-04-04|2025-04-05|2025-04-06|2025-04-07|2025-04-08|2025-04-09|2025-04-10|2025-04-11|2025-04-12|2025-04-13|2025-04-14|2025-04-15|2025-04-16|2025-04-17|2025-04-18|2025-04-19|2025-04-20|2025-04-21|2025-04-22|2025-04-23|2025-04-24|2025-04-25|2025-04-26|2025-04-27|2025-04-28|2025-04-29|2025-04-30|2025-05-01|2025-05-02|2025-05-03|2025-05-04|2025-05-05|2025-05-06|2025-05-07,0.06079356507742065,0.05763098614490143,0.06006560353356945,0.06400486515350866
2025-05-09,2,100,2025-01-29,2025-05-08,2025-01-29|2025-01-30|2025-01-31|2025-02-01|2025-02-02|2025-02-03|2025-02-04|2025-02-05|2025-02-06|2025-02-07|2025-02-08|2025-02-09|2025-02-10|2025-02-11|2025-02-12|2025-02-13|2025-02-14|2025-02-15|2025-02-16|2025-02-17|2025-02-18|2025-02-19|2025-02-20|2025-02-21|2025-02-22|2025-02-23|2025-02-24|2025-02-25|2025-02-26|2025-02-27|2025-02-28|2025-03-01|2025-03-02|2025-03-03|2025-03-04|2025-03-05|2025-03-06|2025-03-07|2025-03-08|2025-03-09|2025-03-10|2025-03-11|2025-03-12|2025-03-13|2025-03-14|2025-03-15|2025-03-16|2025-03-17|2025-03-18|2025-03-19|2025-03-20|2025-03-21|2025-03-22|2025-03-23|2025-03-24|2025-03-25|2025-03-26|2025-03-27|2025-03-28|2025-03-29|2025-03-30|2025-03-31|2025-04-01|2025-04-02|2025-04-03|2025-04-04|2025-04-05|2025-04-06|2025-04-07|2025-04-08|2025-04-09|2025-04-10|2025-04-11|2025-04-12|2025-04-13|2025-04-14|2025-04-15|2025-04-16|2025-04-17|2025-04-18|2025-04-19|2025-04-20|2025-04-21|2025-04-22|2025-04-23|2025-04-24|2025-04-25|2025-04-26|2025-04-27|2025-04-28|2025-04-29|2025-04-30|2025-05-01|2025-05-02|2025-05-03|2025-05-04|2025-05-05|2025-05-06|2025-05-07|2025-05-08,0.060819005574896494,0.057604599249051355,0.05996036747915335,0.06384724929895008
2025-05-10,2,101,2025-01-29,2025-05-09,2025-01-29|2025-01-30|2025-01-31|2025-02-01|2025-02-02|2025-02-03|2025-02-04|2025-02-05|2025-02-06|2025-02-07|2025-02-08|2025-02-09|2025-02-10|2025-02-11|2025-02-12|2025-02-13|2025-02-14|2025-02-15|2025-02-16|2025-02-17|2025-02-18|2025-02-19|2025-02-20|2025-02-21|2025-02-22|2025-02-23|2025-02-24|2025-02-25|2025-02-26|2025-02-27|2025-02-28|2025-03-01|2025-03-02|2025-03-03|2025-03-04|2025-03-05|2025-03-06|2025-03-07|2025-03-08|2025-03-09|2025-03-10|2025-03-11|2025-03-12|2025-03-13|2025-03-14|2025-03-15|2025-03-16|2025-03-17|2025-03-18|2025-03-19|2025-03-20|2025-03-21|2025-03-22|2025-03-23|2025-03-24|2025-03-25|2025-03-26|2025-03-27|2025-03-28|2025-03-29|2025-03-30|2025-03-31|2025-04-01|2025-04-02|2025-04-03|2025-04-04|2025-04-05|2025-04-06|2025-04-07|2025-04-08|2025-04-09|2025-04-10|2025-04-11|2025-04-12|2025-04-13|2025-04-14|2025-04-15|2025-04-16|2025-04-17|2025-04-18|2025-04-19|2025-04-20|2025-04-21|2025-04-22|2025-04-23|2025-04-24|2025-04-25|2025-04-26|2025-04-27|2025-04-28|2025-04-29|2025-04-30|2025-05-01|2025-05-02|2025-05-03|2025-05-04|2025-05-05|2025-05-06|2025-05-07|2025-05-08|2025-05-09,0.060948620101928495,0.05760360795124959,0.05989334490883384,0.06374775415385853
2025-05-11,2,102,2025-01-29,2025-05-10,2025-01-29|2025-01-30|2025-01-31|2025-02-01|2025-02-02|2025-02-03|2025-02-04|2025-02-05|2025-02-06|2025-02-07|2025-02-08|2025-02-09|2025-02-10|2025-02-11|2025-02-12|2025-02-13|2025-02-14|2025-02-15|2025-02-16|2025-02-17|2025-02-18|2025-02-19|2025-02-20|2025-02-21|2025-02-22|2025-02-23|2025-02-24|2025-02-25|2025-02-26|2025-02-27|2025-02-28|2025-03-01|2025-03-02|2025-03-03|2025-03-04|2025-03-05|2025-03-06|2025-03-07|2025-03-08|2025-03-09|2025-03-10|2025-03-11|2025-03-12|2025-03-13|2025-03-14|2025-03-15|2025-03-16|2025-03-17|2025-03-18|2025-03-19|2025-03-20|2025-03-21|2025-03-22|2025-03-23|2025-03-24|2025-03-25|2025-03-26|2025-03-27|2025-03-28|2025-03-29|2025-03-30|2025-03-31|2025-04-01|2025-04-02|2025-04-03|2025-04-04|2025-04-05|2025-04-06|2025-04-07|2025-04-08|2025-04-09|2025-04-10|2025-04-11|2025-04-12|2025-04-13|2025-04-14|2025-04-15|2025-04-16|2025-04-17|2025-04-18|2025-04-19|2025-04-20|2025-04-21|2025-04-22|2025-04-23|2025-04-24|2025-04-25|2025-04-26|2025-04-27|2025-04-28|2025-04-29|2025-04-30|2025-05-01|2025-05-02|2025-05-03|2025-05-04|2025-05-05|2025-05-06|2025-05-07|2025-05-08|2025-05-09|2025-05-10,0.06099857893810616,0.05771169656912521,0.05994280456868,0.06374559016912801
2025-05-12,2,103,2025-01-29,2025-05-11,2025-01-29|2025-01-30|2025-01-31|2025-02-01|2025-02-02|2025-02-03|2025-02-04|2025-02-05|2025-02-06|2025-02-07|2025-02-08|2025-02-09|2025-02-10|2025-02-11|2025-02-12|2025-02-13|2025-02-14|2025-02-15|2025-02-16|2025-02-17|2025-02-18|2025-02-19|2025-02-20|2025-02-21|2025-02-22|2025-02-23|2025-02-24|2025-02-25|2025-02-26|2025-02-27|2025-02-28|2025-03-01|2025-03-02|2025-03-03|2025-03-04|2025-03-05|2025-03-06|2025-03-07|2025-03-08|2025-03-09|2025-03-10|2025-03-11|2025-03-12|2025-03-13|2025-03-14|2025-03-15|2025-03-16|2025-03-17|2025-03-18|2025-03-19|2025-03-20|2025-03-21|2025-03-22|2025-03-23|2025-03-24|2025-03-25|2025-03-26|2025-03-27|2025-03-28|2025-03-29|2025-03-30|2025-03-31|2025-04-01|2025-04-02|2025-04-03|2025-04-04|2025-04-05|2025-04-06|2025-04-07|2025-04-08|2025-04-09|2025-04-10|2025-04-11|2025-04-12|2025-04-13|2025-04-14|2025-04-15|2025-04-16|2025-04-17|2025-04-18|2025-04-19|2025-04-20|2025-04-21|2025-04-22|2025-04-23|2025-04-24|2025-04-25|2025-04-26|2025-04-27|2025-04-28|2025-04-29|2025-04-30|2025-05-01|2025-05-02|2025-05-03|2025-05-04|2025-05-05|2025-05-06|2025-05-07|2025-05-08|2025-05-09|2025-05-10|2025-05-11,0.060981373242645624,0.05766120699967203,0.05983571354050031,0.06358858937659068
2025-05-13,2,104,2025-01-29,2025-05-12,2025-01-29|2025-01-30|2025-01-31|2025-02-01|2025-02-02|2025-02-03|2025-02-04|2025-02-05|2025-02-06|2025-02-07|2025-02-08|2025-02-09|2025-02-10|2025-02-11|2025-02-12|2025-02-13|2025-02-14|2025-02-15|2025-02-16|2025-02-17|2025-02-18|2025-02-19|2025-02-20|2025-02-21|2025-02-22|2025-02-23|2025-02-24|2025-02-25|2025-02-26|2025-02-27|2025-02-28|2025-03-01|2025-03-02|2025-03-03|2025-03-04|2025-03-05|2025-03-06|2025-03-07|2025-03-08|2025-03-09|2025-03-10|2025-03-11|2025-03-12|2025-03-13|2025-03-14|2025-03-15|2025-03-16|2025-03-17|2025-03-18|2025-03-19|2025-03-20|2025-03-21|2025-03-22|2025-03-23|2025-03-24|2025-03-25|2025-03-26|2025-03-27|2025-03-28|2025-03-29|2025-03-30|2025-03-31|2025-04-01|2025-04-02|2025-04-03|2025-04-04|2025-04-05|2025-04-06|2025-04-07|2025-04-08|2025-04-09|2025-04-10|2025-04-11|2025-04-12|2025-04-13|2025-04-14|2025-04-15|2025-04-16|2025-04-17|2025-04-18|2025-04-19|2025-04-20|2025-04-21|2025-04-22|2025-04-23|2025-04-24|2025-04-25|2025-04-26|2025-04-27|2025-04-28|2025-04-29|2025-04-30|2025-05-01|2025-05-02|2025-05-03|2025-05-04|2025-05-05|2025-05-06|2025-05-07|2025-05-08|2025-05-09|2025-05-10|2025-05-11|2025-05-12,0.061004722064050956,0.05765969550364242,0.05980579470467998,0.0635132859726048
2025-05-14,2,105,2025-01-29,2025-05-13,2025-01-29|2025-01-30|2025-01-31|2025-02-01|2025-02-02|2025-02-03|2025-02-04|2025-02-05|2025-02-06|2025-02-07|2025-02-08|2025-02-09|2025-02-10|2025-02-11|2025-02-12|2025-02-13|2025-02-14|2025-02-15|2025-02-16|2025-02-17|2025-02-18|2025-02-19|2025-02-20|2025-02-21|2025-02-22|2025-02-23|2025-02-24|2025-02-25|2025-02-26|2025-02-27|2025-02-28|2025-03-01|2025-03-02|2025-03-03|2025-03-04|2025-03-05|2025-03-06|2025-03-07|2025-03-08|2025-03-09|2025-03-10|2025-03-11|2025-03-12|2025-03-13|2025-03-14|2025-03-15|2025-03-16|2025-03-17|2025-03-18|2025-03-19|2025-03-20|2025-03-21|2025-03-22|2025-03-23|2025-03-24|2025-03-25|2025-03-26|2025-03-27|2025-03-28|2025-03-29|2025-03-30|2025-03-31|2025-04-01|2025-04-02|2025-04-03|2025-04-04|2025-04-05|2025-04-06|2025-04-07|2025-04-08|2025-04-09|2025-04-10|2025-04-11|2025-04-12|2025-04-13|2025-04-14|2025-04-15|2025-04-16|2025-04-17|2025-04-18|2025-04-19|2025-04-20|2025-04-21|2025-04-22|2025-04-23|2025-04-24|2025-04-25|2025-04-26|2025-04-27|2025-04-28|2025-04-29|2025-04-30|2025-05-01|2025-05-02|2025-05-03|2025-05-04|2025-05-05|2025-05-06|2025-05-07|2025-05-08|2025-05-09|2025-05-10|2025-05-11|2025-05-12|2025-05-13,0.06096915434208174,0.05761100231109084,0.05969758961236729,0.06339098676747099
2025-05-15,2,106,2025-01-29,2025-05-14,2025-01-29|2025-01-30|2025-01-31|2025-02-01|2025-02-02|2025-02-03|2025-02-04|2025-02-05|2025-02-06|2025-02-07|2025-02-08|2025-02-09|2025-02-10|2025-02-11|2025-02-12|2025-02-13|2025-02-14|2025-02-15|2025-02-16|2025-02-17|2025-02-18|2025-02-19|2025-02-20|2025-02-21|2025-02-22|2025-02-23|2025-02-24|2025-02-25|2025-02-26|2025-02-27|2025-02-28|2025-03-01|2025-03-02|2025-03-03|2025-03-04|2025-03-05|2025-03-06|2025-03-07|2025-03-08|2025-03-09|2025-03-10|2025-03-11|2025-03-12|2025-03-13|2025-03-14|2025-03-15|2025-03-16|2025-03-17|2025-03-18|2025-03-19|2025-03-20|2025-03-21|2025-03-22|2025-03-23|2025-03-24|2025-03-25|2025-03-26|2025-03-27|2025-03-28|2025-03-29|2025-03-30|2025-03-31|2025-04-01|2025-04-02|2025-04-03|2025-04-04|2025-04-05|2025-04-06|2025-04-07|2025-04-08|2025-04-09|2025-04-10|2025-04-11|2025-04-12|2025-04-13|2025-04-14|2025-04-15|2025-04-16|2025-04-17|2025-04-18|2025-04-19|2025-04-20|2025-04-21|2025-04-22|2025-04-23|2025-04-24|2025-04-25|2025-04-26|2025-04-27|2025-04-28|2025-04-29|2025-04-30|2025-05-01|2025-05-02|2025-05-03|2025-05-04|2025-05-05|2025-05-06|2025-05-07|2025-05-08|2025-05-09|2025-05-10|2025-05-11|2025-05-12|2025-05-13|2025-05-14,0.06087876599575592,0.05746588796373329,0.05950292253014538,0.06314039158963337
2025-05-16,2,107,2025-01-29,2025-05-15,2025-01-29|2025-01-30|2025-01-31|2025-02-01|2025-02-02|2025-02-03|2025-02-04|2025-02-05|2025-02-06|2025-02-07|2025-02-08|2025-02-09|2025-02-10|2025-02-11|2025-02-12|2025-02-13|2025-02-14|2025-02-15|2025-02-16|2025-02-17|2025-02-18|2025-02-19|2025-02-20|2025-02-21|2025-02-22|2025-02-23|2025-02-24|2025-02-25|2025-02-26|2025-02-27|2025-02-28|2025-03-01|2025-03-02|2025-03-03|2025-03-04|2025-03-05|2025-03-06|2025-03-07|2025-03-08|2025-03-09|2025-03-10|2025-03-11|2025-03-12|2025-03-13|2025-03-14|2025-03-15|2025-03-16|2025-03-17|2025-03-18|2025-03-19|2025-03-20|2025-03-21|2025-03-22|2025-03-23|2025-03-24|2025-03-25|2025-03-26|2025-03-27|2025-03-28|2025-03-29|2025-03-30|2025-03-31|2025-04-01|2025-04-02|2025-04-03|2025-04-04|2025-04-05|2025-04-06|2025-04-07|2025-04-08|2025-04-09|2025-04-10|2025-04-11|2025-04-12|2025-04-13|2025-04-14|2025-04-15|2025-04-16|2025-04-17|2025-04-18|2025-04-19|2025-04-20|2025-04-21|2025-04-22|2025-04-23|2025-04-24|2025-04-25|2025-04-26|2025-04-27|2025-04-28|2025-04-29|2025-04-30|2025-05-01|2025-05-02|2025-05-03|2025-05-04|2025-05-05|2025-05-06|2025-05-07|2025-05-08|2025-05-09|2025-05-10|2025-05-11|2025-05-12|2025-05-13|2025-05-14|2025-05-15,0.06083739805049176,0.05734831137982244,0.05936675993120634,0.06294653779014388
2025-05-17,2,108,2025-01-29,2025-05-16,2025-01-29|2025-01-30|2025-01-31|2025-02-01|2025-02-02|2025-02-03|2025-02-04|2025-02-05|2025-02-06|2025-02-07|2025-02-08|2025-02-09|2025-02-10|2025-02-11|2025-02-12|2025-02-13|2025-02-14|2025-02-15|2025-02-16|2025-02-17|2025-02-18|2025-02-19|2025-02-20|2025-02-21|2025-02-22|2025-02-23|2025-02-24|2025-02-25|2025-02-26|2025-02-27|2025-02-28|2025-03-01|2025-03-02|2025-03-03|2025-03-04|2025-03-05|2025-03-06|2025-03-07|2025-03-08|2025-03-09|2025-03-10|2025-03-11|2025-03-12|2025-03-13|2025-03-14|2025-03-15|2025-03-16|2025-03-17|2025-03-18|2025-03-19|2025-03-20|2025-03-21|2025-03-22|2025-03-23|2025-03-24|2025-03-25|2025-03-26|2025-03-27|2025-03-28|2025-03-29|2025-03-30|2025-03-31|2025-04-01|2025-04-02|2025-04-03|2025-04-04|2025-04-05|2025-04-06|2025-04-07|2025-04-08|2025-04-09|2025-04-10|2025-04-11|2025-04-12|2025-04-13|2025-04-14|2025-04-15|2025-04-16|2025-04-17|2025-04-18|2025-04-19|2025-04-20|2025-04-21|2025-04-22|2025-04-23|2025-04-24|2025-04-25|2025-04-26|2025-04-27|2025-04-28|2025-04-29|2025-04-30|2025-05-01|2025-05-02|2025-05-03|2025-05-04|2025-05-05|2025-05-06|2025-05-07|2025-05-08|2025-05-09|2025-05-10|2025-05-11|2025-05-12|2025-05-13|2025-05-14|2025-05-15|2025-05-16,0.06093949802997168,0.057517762571987575,0.05941136850522432,0.06295870640194298
2025-05-18,2,109,2025-01-29,2025-05-17,2025-01-29|2025-01-30|2025-01-31|2025-02-01|2025-02-02|2025-02-03|2025-02-04|2025-02-05|2025-02-06|2025-02-07|2025-02-08|2025-02-09|2025-02-10|2025-02-11|2025-02-12|2025-02-13|2025-02-14|2025-02-15|2025-02-16|2025-02-17|2025-02-18|2025-02-19|2025-02-20|2025-02-21|2025-02-22|2025-02-23|2025-02-24|2025-02-25|2025-02-26|2025-02-27|2025-02-28|2025-03-01|2025-03-02|2025-03-03|2025-03-04|2025-03-05|2025-03-06|2025-03-07|2025-03-08|2025-03-09|2025-03-10|2025-03-11|2025-03-12|2025-03-13|2025-03-14|2025-03-15|2025-03-16|2025-03-17|2025-03-18|2025-03-19|2025-03-20|2025-03-21|2025-03-22|2025-03-23|2025-03-24|2025-03-25|2025-03-26|2025-03-27|2025-03-28|2025-03-29|2025-03-30|2025-03-31|2025-04-01|2025-04-02|2025-04-03|2025-04-04|2025-04-05|2025-04-06|2025-04-07|2025-04-08|2025-04-09|2025-04-10|2025-04-11|2025-04-12|2025-04-13|2025-04-14|2025-04-15|2025-04-16|2025-04-17|2025-04-18|2025-04-19|2025-04-20|2025-04-21|2025-04-22|2025-04-23|2025-04-24|2025-04-25|2025-04-26|2025-04-27|2025-04-28|2025-04-29|2025-04-30|2025-05-01|2025-05-02|2025-05-03|2025-05-04|2025-05-05|2025-05-06|2025-05-07|2025-05-08|2025-05-09|2025-05-10|2025-05-11|2025-05-12|2025-05-13|2025-05-14|2025-05-15|2025-05-16|2025-05-17,0.06107139999133397,0.05759830832789092,0.05949890141881612,0.0630387968488094
2025-05-19,2,110,2025-01-29,2025-05-18,2025-01-29|2025-01-30|2025-01-31|2025-02-01|2025-02-02|2025-02-03|2025-02-04|2025-02-05|2025-02-06|2025-02-07|2025-02-08|2025-02-09|2025-02-10|2025-02-11|2025-02-12|2025-02-13|2025-02-14|2025-02-15|2025-02-16|2025-02-17|2025-02-18|2025-02-19|2025-02-20|2025-02-21|2025-02-22|2025-02-23|2025-02-24|2025-02-25|2025-02-26|2025-02-27|2025-02-28|2025-03-01|2025-03-02|2025-03-03|2025-03-04|2025-03-05|2025-03-06|2025-03-07|2025-03-08|2025-03-09|2025-03-10|2025-03-11|2025-03-12|2025-03-13|2025-03-14|2025-03-15|2025-03-16|2025-03-17|2025-03-18|2025-03-19|2025-03-20|2025-03-21|2025-03-22|2025-03-23|2025-03-24|2025-03-25|2025-03-26|2025-03-27|2025-03-28|2025-03-29|2025-03-30|2025-03-31|2025-04-01|2025-04-02|2025-04-03|2025-04-04|2025-04-05|2025-04-06|2025-04-07|2025-04-08|2025-04-09|2025-04-10|2025-04-11|2025-04-12|2025-04-13|2025-04-14|2025-04-15|2025-04-16|2025-04-17|2025-04-18|2025-04-19|2025-04-20|2025-04-21|2025-04-22|2025-04-23|2025-04-24|2025-04-25|2025-04-26|2025-04-27|2025-04-28|2025-04-29|2025-04-30|2025-05-01|2025-05-02|2025-05-03|2025-05-04|2025-05-05|2025-05-06|2025-05-07|2025-05-08|2025-05-09|2025-05-10|2025-05-11|2025-05-12|2025-05-13|2025-05-14|2025-05-15|2025-05-16|2025-05-17|2025-05-18,0.06099352477203667,0.05747310585167205,0.05935351229536094,0.06284587866780224
2025-05-20,2,111,2025-01-29,2025-05-19,2025-01-29|2025-01-30|2025-01-31|2025-02-01|2025-02-02|2025-02-03|2025-02-04|2025-02-05|2025-02-06|2025-02-07|2025-02-08|2025-02-09|2025-02-10|2025-02-11|2025-02-12|2025-02-13|2025-02-14|2025-02-15|2025-02-16|2025-02-17|2025-02-18|2025-02-19|2025-02-20|2025-02-21|2025-02-22|2025-02-23|2025-02-24|2025-02-25|2025-02-26|2025-02-27|2025-02-28|2025-03-01|2025-03-02|2025-03-03|2025-03-04|2025-03-05|2025-03-06|2025-03-07|2025-03-08|2025-03-09|2025-03-10|2025-03-11|2025-03-12|2025-03-13|2025-03-14|2025-03-15|2025-03-16|2025-03-17|2025-03-18|2025-03-19|2025-03-20|2025-03-21|2025-03-22|2025-03-23|2025-03-24|2025-03-25|2025-03-26|2025-03-27|2025-03-28|2025-03-29|2025-03-30|2025-03-31|2025-04-01|2025-04-02|2025-04-03|2025-04-04|2025-04-05|2025-04-06|2025-04-07|2025-04-08|2025-04-09|2025-04-10|2025-04-11|2025-04-12|2025-04-13|2025-04-14|2025-04-15|2025-04-16|2025-04-17|2025-04-18|2025-04-19|2025-04-20|2025-04-21|2025-04-22|2025-04-23|2025-04-24|2025-04-25|2025-04-26|2025-04-27|2025-04-28|2025-04-29|2025-04-30|2025-05-01|2025-05-02|2025-05-03|2025-05-04|2025-05-05|2025-05-06|2025-05-07|2025-05-08|2025-05-09|2025-05-10|2025-05-11|2025-05-12|2025-05-13|2025-05-14|2025-05-15|2025-05-16|2025-05-17|2025-05-18|2025-05-19,0.06104401885323738,0.05749615958212591,0.05938350777194171,0.06279838735922418
2025-05-21,2,112,2025-01-29,2025-05-20,2025-01-29|2025-01-30|2025-01-31|2025-02-01|2025-02-02|2025-02-03|2025-02-04|2025-02-05|2025-02-06|2025-02-07|2025-02-08|2025-02-09|2025-02-10|2025-02-11|2025-02-12|2025-02-13|2025-02-14|2025-02-15|2025-02-16|2025-02-17|2025-02-18|2025-02-19|2025-02-20|2025-02-21|2025-02-22|2025-02-23|2025-02-24|2025-02-25|2025-02-26|2025-02-27|2025-02-28|2025-03-01|2025-03-02|2025-03-03|2025-03-04|2025-03-05|2025-03-06|2025-03-07|2025-03-08|2025-03-09|2025-03-10|2025-03-11|2025-03-12|2025-03-13|2025-03-14|2025-03-15|2025-03-16|2025-03-17|2025-03-18|2025-03-19|2025-03-20|2025-03-21|2025-03-22|2025-03-23|2025-03-24|2025-03-25|2025-03-26|2025-03-27|2025-03-28|2025-03-29|2025-03-30|2025-03-31|2025-04-01|2025-04-02|2025-04-03|2025-04-04|2025-04-05|2025-04-06|2025-04-07|2025-04-08|2025-04-09|2025-04-10|2025-04-11|2025-04-12|2025-04-13|2025-04-14|2025-04-15|2025-04-16|2025-04-17|2025-04-18|2025-04-19|2025-04-20|2025-04-21|2025-04-22|2025-04-23|2025-04-24|2025-04-25|2025-04-26|2025-04-27|2025-04-28|2025-04-29|2025-04-30|2025-05-01|2025-05-02|2025-05-03|2025-05-04|2025-05-05|2025-05-06|2025-05-07|2025-05-08|2025-05-09|2025-05-10|2025-05-11|2025-05-12|2025-05-13|2025-05-14|2025-05-15|2025-05-16|2025-05-17|2025-05-18|2025-05-19|2025-05-20,0.06104703571697595,0.05749950307791612,0.05931296036334397,0.06266032322765393
2025-05-22,2,113,2025-01-29,2025-05-21,2025-01-29|2025-01-30|2025-01-31|2025-02-01|2025-02-02|2025-02-03|2025-02-04|2025-02-05|2025-02-06|2025-02-07|2025-02-08|2025-02-09|2025-02-10|2025-02-11|2025-02-12|2025-02-13|2025-02-14|2025-02-15|2025-02-16|2025-02-17|2025-02-18|2025-02-19|2025-02-20|2025-02-21|2025-02-22|2025-02-23|2025-02-24|2025-02-25|2025-02-26|2025-02-27|2025-02-28|2025-03-01|2025-03-02|2025-03-03|2025-03-04|2025-03-05|2025-03-06|2025-03-07|2025-03-08|2025-03-09|2025-03-10|2025-03-11|2025-03-12|2025-03-13|2025-03-14|2025-03-15|2025-03-16|2025-03-17|2025-03-18|2025-03-19|2025-03-20|2025-03-21|2025-03-22|2025-03-23|2025-03-24|2025-03-25|2025-03-26|2025-03-27|2025-03-28|2025-03-29|2025-03-30|2025-03-31|2025-04-01|2025-04-02|2025-04-03|2025-04-04|2025-04-05|2025-04-06|2025-04-07|2025-04-08|2025-04-09|2025-04-10|2025-04-11|2025-04-12|2025-04-13|2025-04-14|2025-04-15|2025-04-16|2025-04-17|2025-04-18|2025-04-19|2025-04-20|2025-04-21|2025-04-22|2025-04-23|2025-04-24|2025-04-25|2025-04-26|2025-04-27|2025-04-28|2025-04-29|2025-04-30|2025-05-01|2025-05-02|2025-05-03|2025-05-04|2025-05-05|2025-05-06|2025-05-07|2025-05-08|2025-05-09|2025-05-10|2025-05-11|2025-05-12|2025-05-13|2025-05-14|2025-05-15|2025-05-16|2025-05-17|2025-05-18|2025-05-19|2025-05-20|2025-05-21,0.06098769329908282,0.05741811231980407,0.05923773670523412,0.06256722061219816
2025-05-23,2,114,2025-01-29,2025-05-22,2025-01-29|2025-01-30|2025-01-31|2025-02-01|2025-02-02|2025-02-03|2025-02-04|2025-02-05|2025-02-06|2025-02-07|2025-02-08|2025-02-09|2025-02-10|2025-02-11|2025-02-12|2025-02-13|2025-02-14|2025-02-15|2025-02-16|2025-02-17|2025-02-18|2025-02-19|2025-02-20|2025-02-21|2025-02-22|2025-02-23|2025-02-24|2025-02-25|2025-02-26|2025-02-27|2025-02-28|2025-03-01|2025-03-02|2025-03-03|2025-03-04|2025-03-05|2025-03-06|2025-03-07|2025-03-08|2025-03-09|2025-03-10|2025-03-11|2025-03-12|2025-03-13|2025-03-14|2025-03-15|2025-03-16|2025-03-17|2025-03-18|2025-03-19|2025-03-20|2025-03-21|2025-03-22|2025-03-23|2025-03-24|2025-03-25|2025-03-26|2025-03-27|2025-03-28|2025-03-29|2025-03-30|2025-03-31|2025-04-01|2025-04-02|2025-04-03|2025-04-04|2025-04-05|2025-04-06|2025-04-07|2025-04-08|2025-04-09|2025-04-10|2025-04-11|2025-04-12|2025-04-13|2025-04-14|2025-04-15|2025-04-16|2025-04-17|2025-04-18|2025-04-19|2025-04-20|2025-04-21|2025-04-22|2025-04-23|2025-04-24|2025-04-25|2025-04-26|2025-04-27|2025-04-28|2025-04-29|2025-04-30|2025-05-01|2025-05-02|2025-05-03|2025-05-04|2025-05-05|2025-05-06|2025-05-07|2025-05-08|2025-05-09|2025-05-10|2025-05-11|2025-05-12|2025-05-13|2025-05-14|2025-05-15|2025-05-16|2025-05-17|2025-05-18|2025-05-19|2025-05-20|2025-05-21|2025-05-22,0.060923086052052114,0.05733409603637226,0.059083296168038354,0.06236568453483742
2025-05-24,2,115,2025-01-29,2025-05-23,2025-01-29|2025-01-30|2025-01-31|2025-02-01|2025-02-02|2025-02-03|2025-02-04|2025-02-05|2025-02-06|2025-02-07|2025-02-08|2025-02-09|2025-02-10|2025-02-11|2025-02-12|2025-02-13|2025-02-14|2025-02-15|2025-02-16|2025-02-17|2025-02-18|2025-02-19|2025-02-20|2025-02-21|2025-02-22|2025-02-23|2025-02-24|2025-02-25|2025-02-26|2025-02-27|2025-02-28|2025-03-01|2025-03-02|2025-03-03|2025-03-04|2025-03-05|2025-03-06|2025-03-07|2025-03-08|2025-03-09|2025-03-10|2025-03-11|2025-03-12|2025-03-13|2025-03-14|2025-03-15|2025-03-16|2025-03-17|2025-03-18|2025-03-19|2025-03-20|2025-03-21|2025-03-22|2025-03-23|2025-03-24|2025-03-25|2025-03-26|2025-03-27|2025-03-28|2025-03-29|2025-03-30|2025-03-31|2025-04-01|2025-04-02|2025-04-03|2025-04-04|2025-04-05|2025-04-06|2025-04-07|2025-04-08|2025-04-09|2025-04-10|2025-04-11|2025-04-12|2025-04-13|2025-04-14|2025-04-15|2025-04-16|2025-04-17|2025-04-18|2025-04-19|2025-04-20|2025-04-21|2025-04-22|2025-04-23|2025-04-24|2025-04-25|2025-04-26|2025-04-27|2025-04-28|2025-04-29|2025-04-30|2025-05-01|2025-05-02|2025-05-03|2025-05-04|2025-05-05|2025-05-06|2025-05-07|2025-05-08|2025-05-09|2025-05-10|2025-05-11|2025-05-12|2025-05-13|2025-05-14|2025-05-15|2025-05-16|2025-05-17|2025-05-18|2025-05-19|2025-05-20|2025-05-21|2025-05-22|2025-05-23,0.060985014549368714,0.05739165476949197,0.059101793246839826,0.06234774762533278
2025-05-25,2,116,2025-01-29,2025-05-24,2025-01-29|2025-01-30|2025-01-31|2025-02-01|2025-02-02|2025-02-03|2025-02-04|2025-02-05|2025-02-06|2025-02-07|2025-02-08|2025-02-09|2025-02-10|2025-02-11|2025-02-12|2025-02-13|2025-02-14|2025-02-15|2025-02-16|2025-02-17|2025-02-18|2025-02-19|2025-02-20|2025-02-21|2025-02-22|2025-02-23|2025-02-24|2025-02-25|2025-02-26|2025-02-27|2025-02-28|2025-03-01|2025-03-02|2025-03-03|2025-03-04|2025-03-05|2025-03-06|2025-03-07|2025-03-08|2025-03-09|2025-03-10|2025-03-11|2025-03-12|2025-03-13|2025-03-14|2025-03-15|2025-03-16|2025-03-17|2025-03-18|2025-03-19|2025-03-20|2025-03-21|2025-03-22|2025-03-23|2025-03-24|2025-03-25|2025-03-26|2025-03-27|2025-03-28|2025-03-29|2025-03-30|2025-03-31|2025-04-01|2025-04-02|2025-04-03|2025-04-04|2025-04-05|2025-04-06|2025-04-07|2025-04-08|2025-04-09|2025-04-10|2025-04-11|2025-04-12|2025-04-13|2025-04-14|2025-04-15|2025-04-16|2025-04-17|2025-04-18|2025-04-19|2025-04-20|2025-04-21|2025-04-22|2025-04-23|2025-04-24|2025-04-25|2025-04-26|2025-04-27|2025-04-28|2025-04-29|2025-04-30|2025-05-01|2025-05-02|2025-05-03|2025-05-04|2025-05-05|2025-05-06|2025-05-07|2025-05-08|2025-05-09|2025-05-10|2025-05-11|2025-05-12|2025-05-13|2025-05-14|2025-05-15|2025-05-16|2025-05-17|2025-05-18|2025-05-19|2025-05-20|2025-05-21|2025-05-22|2025-05-23|2025-05-24,0.06115929420631295,0.05749286106717469,0.05916970465176891,0.06233663932917223
2025-05-26,2,117,2025-01-29,2025-05-25,2025-01-29|2025-01-30|2025-01-31|2025-02-01|2025-02-02|2025-02-03|2025-02-04|2025-02-05|2025-02-06|2025-02-07|2025-02-08|2025-02-09|2025-02-10|2025-02-11|2025-02-12|2025-02-13|2025-02-14|2025-02-15|2025-02-16|2025-02-17|2025-02-18|2025-02-19|2025-02-20|2025-02-21|2025-02-22|2025-02-23|2025-02-24|2025-02-25|2025-02-26|2025-02-27|2025-02-28|2025-03-01|2025-03-02|2025-03-03|2025-03-04|2025-03-05|2025-03-06|2025-03-07|2025-03-08|2025-03-09|2025-03-10|2025-03-11|2025-03-12|2025-03-13|2025-03-14|2025-03-15|2025-03-16|2025-03-17|2025-03-18|2025-03-19|2025-03-20|2025-03-21|2025-03-22|2025-03-23|2025-03-24|2025-03-25|2025-03-26|2025-03-27|2025-03-28|2025-03-29|2025-03-30|2025-03-31|2025-04-01|2025-04-02|2025-04-03|2025-04-04|2025-04-05|2025-04-06|2025-04-07|2025-04-08|2025-04-09|2025-04-10|2025-04-11|2025-04-12|2025-04-13|2025-04-14|2025-04-15|2025-04-16|2025-04-17|2025-04-18|2025-04-19|2025-04-20|2025-04-21|2025-04-22|2025-04-23|2025-04-24|2025-04-25|2025-04-26|2025-04-27|2025-04-28|2025-04-29|2025-04-30|2025-05-01|2025-05-02|2025-05-03|2025-05-04|2025-05-05|2025-05-06|2025-05-07|2025-05-08|2025-05-09|2025-05-10|2025-05-11|2025-05-12|2025-05-13|2025-05-14|2025-05-15|2025-05-16|2025-05-17|2025-05-18|2025-05-19|2025-05-20|2025-05-21|2025-05-22|2025-05-23|2025-05-24|2025-05-25,0.061163111676566864,0.05747929031006966,0.05911541095523949,0.062241442113104097
2025-05-27,2,118,2025-01-29,2025-05-26,2025-01-29|2025-01-30|2025-01-31|2025-02-01|2025-02-02|2025-02-03|2025-02-04|2025-02-05|2025-02-06|2025-02-07|2025-02-08|2025-02-09|2025-02-10|2025-02-11|2025-02-12|2025-02-13|2025-02-14|2025-02-15|2025-02-16|2025-02-17|2025-02-18|2025-02-19|2025-02-20|2025-02-21|2025-02-22|2025-02-23|2025-02-24|2025-02-25|2025-02-26|2025-02-27|2025-02-28|2025-03-01|2025-03-02|2025-03-03|2025-03-04|2025-03-05|2025-03-06|2025-03-07|2025-03-08|2025-03-09|2025-03-10|2025-03-11|2025-03-12|2025-03-13|2025-03-14|2025-03-15|2025-03-16|2025-03-17|2025-03-18|2025-03-19|2025-03-20|2025-03-21|2025-03-22|2025-03-23|2025-03-24|2025-03-25|2025-03-26|2025-03-27|2025-03-28|2025-03-29|2025-03-30|2025-03-31|2025-04-01|2025-04-02|2025-04-03|2025-04-04|2025-04-05|2025-04-06|2025-04-07|2025-04-08|2025-04-09|2025-04-10|2025-04-11|2025-04-12|2025-04-13|2025-04-14|2025-04-15|2025-04-16|2025-04-17|2025-04-18|2025-04-19|2025-04-20|2025-04-21|2025-04-22|2025-04-23|2025-04-24|2025-04-25|2025-04-26|2025-04-27|2025-04-28|2025-04-29|2025-04-30|2025-05-01|2025-05-02|2025-05-03|2025-05-04|2025-05-05|2025-05-06|2025-05-07|2025-05-08|2025-05-09|2025-05-10|2025-05-11|2025-05-12|2025-05-13|2025-05-14|2025-05-15|2025-05-16|2025-05-17|2025-05-18|2025-05-19|2025-05-20|2025-05-21|2025-05-22|2025-05-23|2025-05-24|2025-05-25|2025-05-26,0.061239365275414306,0.0574760129186558,0.059051473858185884,0.0621066373539029
2025-05-28,2,119,2025-01-29,2025-05-27,2025-01-29|2025-01-30|2025-01-31|2025-02-01|2025-02-02|2025-02-03|2025-02-04|2025-02-05|2025-02-06|2025-02-07|2025-02-08|2025-02-09|2025-02-10|2025-02-11|2025-02-12|2025-02-13|2025-02-14|2025-02-15|2025-02-16|2025-02-17|2025-02-18|2025-02-19|2025-02-20|2025-02-21|2025-02-22|2025-02-23|2025-02-24|2025-02-25|2025-02-26|2025-02-27|2025-02-28|2025-03-01|2025-03-02|2025-03-03|2025-03-04|2025-03-05|2025-03-06|2025-03-07|2025-03-08|2025-03-09|2025-03-10|2025-03-11|2025-03-12|2025-03-13|2025-03-14|2025-03-15|2025-03-16|2025-03-17|2025-03-18|2025-03-19|2025-03-20|2025-03-21|2025-03-22|2025-03-23|2025-03-24|2025-03-25|2025-03-26|2025-03-27|2025-03-28|2025-03-29|2025-03-30|2025-03-31|2025-04-01|2025-04-02|2025-04-03|2025-04-04|2025-04-05|2025-04-06|2025-04-07|2025-04-08|2025-04-09|2025-04-10|2025-04-11|2025-04-12|2025-04-13|2025-04-14|2025-04-15|2025-04-16|2025-04-17|2025-04-18|2025-04-19|2025-04-20|2025-04-21|2025-04-22|2025-04-23|2025-04-24|2025-04-25|2025-04-26|2025-04-27|2025-04-28|2025-04-29|2025-04-30|2025-05-01|2025-05-02|2025-05-03|2025-05-04|2025-05-05|2025-05-06|2025-05-07|2025-05-08|2025-05-09|2025-05-10|2025-05-11|2025-05-12|2025-05-13|2025-05-14|2025-05-15|2025-05-16|2025-05-17|2025-05-18|2025-05-19|2025-05-20|2025-05-21|2025-05-22|2025-05-23|2025-05-24|2025-05-25|2025-05-26|2025-05-27,0.06129700565532833,0.05746328015160019,0.058989450529334034,0.06198176446492252
2025-05-29,2,120,2025-01-29,2025-05-28,2025-01-29|2025-01-30|2025-01-31|2025-02-01|2025-02-02|2025-02-03|2025-02-04|2025-02-05|2025-02-06|2025-02-07|2025-02-08|2025-02-09|2025-02-10|2025-02-11|2025-02-12|2025-02-13|2025-02-14|2025-02-15|2025-02-16|2025-02-17|2025-02-18|2025-02-19|2025-02-20|2025-02-21|2025-02-22|2025-02-23|2025-02-24|2025-02-25|2025-02-26|2025-02-27|2025-02-28|2025-03-01|2025-03-02|2025-03-03|2025-03-04|2025-03-05|2025-03-06|2025-03-07|2025-03-08|2025-03-09|2025-03-10|2025-03-11|2025-03-12|2025-03-13|2025-03-14|2025-03-15|2025-03-16|2025-03-17|2025-03-18|2025-03-19|2025-03-20|2025-03-21|2025-03-22|2025-03-23|2025-03-24|2025-03-25|2025-03-26|2025-03-27|2025-03-28|2025-03-29|2025-03-30|2025-03-31|2025-04-01|2025-04-02|2025-04-03|2025-04-04|2025-04-05|2025-04-06|2025-04-07|2025-04-08|2025-04-09|2025-04-10|2025-04-11|2025-04-12|2025-04-13|2025-04-14|2025-04-15|2025-04-16|2025-04-17|2025-04-18|2025-04-19|2025-04-20|2025-04-21|2025-04-22|2025-04-23|2025-04-24|2025-04-25|2025-04-26|2025-04-27|2025-04-28|2025-04-29|2025-04-30|2025-05-01|2025-05-02|2025-05-03|2025-05-04|2025-05-05|2025-05-06|2025-05-07|2025-05-08|2025-05-09|2025-05-10|2025-05-11|2025-05-12|2025-05-13|2025-05-14|2025-05-15|2025-05-16|2025-05-17|2025-05-18|2025-05-19|2025-05-20|2025-05-21|2025-05-22|2025-05-23|2025-05-24|2025-05-25|2025-05-26|2025-05-27|2025-05-28,0.061323136028853996,0.05743279908993835,0.05891713723727432,0.061864977391740766
2025-05-30,2,121,2025-01-29,2025-05-29,2025-01-29|2025-01-30|2025-01-31|2025-02-01|2025-02-02|2025-02-03|2025-02-04|2025-02-05|2025-02-06|2025-02-07|2025-02-08|2025-02-09|2025-02-10|2025-02-11|2025-02-12|2025-02-13|2025-02-14|2025-02-15|2025-02-16|2025-02-17|2025-02-18|2025-02-19|2025-02-20|2025-02-21|2025-02-22|2025-02-23|2025-02-24|2025-02-25|2025-02-26|2025-02-27|2025-02-28|2025-03-01|2025-03-02|2025-03-03|2025-03-04|2025-03-05|2025-03-06|2025-03-07|2025-03-08|2025-03-09|2025-03-10|2025-03-11|2025-03-12|2025-03-13|2025-03-14|2025-03-15|2025-03-16|2025-03-17|2025-03-18|2025-03-19|2025-03-20|2025-03-21|2025-03-22|2025-03-23|2025-03-24|2025-03-25|2025-03-26|2025-03-27|2025-03-28|2025-03-29|2025-03-30|2025-03-31|2025-04-01|2025-04-02|2025-04-03|2025-04-04|2025-04-05|2025-04-06|2025-04-07|2025-04-08|2025-04-09|2025-04-10|2025-04-11|2025-04-12|2025-04-13|2025-04-14|2025-04-15|2025-04-16|2025-04-17|2025-04-18|2025-04-19|2025-04-20|2025-04-21|2025-04-22|2025-04-23|2025-04-24|2025-04-25|2025-04-26|2025-04-27|2025-04-28|2025-04-29|2025-04-30|2025-05-01|2025-05-02|2025-05-03|2025-05-04|2025-05-05|2025-05-06|2025-05-07|2025-05-08|2025-05-09|2025-05-10|2025-05-11|2025-05-12|2025-05-13|2025-05-14|2025-05-15|2025-05-16|2025-05-17|2025-05-18|2025-05-19|2025-05-20|2025-05-21|2025-05-22|2025-05-23|2025-05-24|2025-05-25|2025-05-26|2025-05-27|2025-05-28|2025-05-29,0.06126931644933307,0.05735459144875772,0.05879493337633628,0.061717037798160235
2025-05-31,2,122,2025-01-29,2025-05-30,2025-01-29|2025-01-30|2025-01-31|2025-02-01|2025-02-02|2025-02-03|2025-02-04|2025-02-05|2025-02-06|2025-02-07|2025-02-08|2025-02-09|2025-02-10|2025-02-11|2025-02-12|2025-02-13|2025-02-14|2025-02-15|2025-02-16|2025-02-17|2025-02-18|2025-02-19|2025-02-20|2025-02-21|2025-02-22|2025-02-23|2025-02-24|2025-02-25|2025-02-26|2025-02-27|2025-02-28|2025-03-01|2025-03-02|2025-03-03|2025-03-04|2025-03-05|2025-03-06|2025-03-07|2025-03-08|2025-03-09|2025-03-10|2025-03-11|2025-03-12|2025-03-13|2025-03-14|2025-03-15|2025-03-16|2025-03-17|2025-03-18|2025-03-19|2025-03-20|2025-03-21|2025-03-22|2025-03-23|2025-03-24|2025-03-25|2025-03-26|2025-03-27|2025-03-28|2025-03-29|2025-03-30|2025-03-31|2025-04-01|2025-04-02|2025-04-03|2025-04-04|2025-04-05|2025-04-06|2025-04-07|2025-04-08|2025-04-09|2025-04-10|2025-04-11|2025-04-12|2025-04-13|2025-04-14|2025-04-15|2025-04-16|2025-04-17|2025-04-18|2025-04-19|2025-04-20|2025-04-21|2025-04-22|2025-04-23|2025-04-24|2025-04-25|2025-04-26|2025-04-27|2025-04-28|2025-04-29|2025-04-30|2025-05-01|2025-05-02|2025-05-03|2025-05-04|2025-05-05|2025-05-06|2025-05-07|2025-05-08|2025-05-09|2025-05-10|2025-05-11|2025-05-12|2025-05-13|2025-05-14|2025-05-15|2025-05-16|2025-05-17|2025-05-18|2025-05-19|2025-05-20|2025-05-21|2025-05-22|2025-05-23|2025-05-24|2025-05-25|2025-05-26|2025-05-27|2025-05-28|2025-05-29|2025-05-30,0.06134315463017913,0.0574141460372386,0.05881192914910521,0.06169569670842845
2025-06-01,2,123,2025-01-29,2025-05-31,2025-01-29|2025-01-30|2025-01-31|2025-02-01|2025-02-02|2025-02-03|2025-02-04|2025-02-05|2025-02-06|2025-02-07|2025-02-08|2025-02-09|2025-02-10|2025-02-11|2025-02-12|2025-02-13|2025-02-14|2025-02-15|2025-02-16|2025-02-17|2025-02-18|2025-02-19|2025-02-20|2025-02-21|2025-02-22|2025-02-23|2025-02-24|2025-02-25|2025-02-26|2025-02-27|2025-02-28|2025-03-01|2025-03-02|2025-03-03|2025-03-04|2025-03-05|2025-03-06|2025-03-07|2025-03-08|2025-03-09|2025-03-10|2025-03-11|2025-03-12|2025-03-13|2025-03-14|2025-03-15|2025-03-16|2025-03-17|2025-03-18|2025-03-19|2025-03-20|2025-03-21|2025-03-22|2025-03-23|2025-03-24|2025-03-25|2025-03-26|2025-03-27|2025-03-28|2025-03-29|2025-03-30|2025-03-31|2025-04-01|2025-04-02|2025-04-03|2025-04-04|2025-04-05|2025-04-06|2025-04-07|2025-04-08|2025-04-09|2025-04-10|2025-04-11|2025-04-12|2025-04-13|2025-04-14|2025-04-15|2025-04-16|2025-04-17|2025-04-18|2025-04-19|2025-04-20|2025-04-21|2025-04-22|2025-04-23|2025-04-24|2025-04-25|2025-04-26|2025-04-27|2025-04-28|2025-04-29|2025-04-30|2025-05-01|2025-05-02|2025-05-03|2025-05-04|2025-05-05|2025-05-06|2025-05-07|2025-05-08|2025-05-09|2025-05-10|2025-05-11|2025-05-12|2025-05-13|2025-05-14|2025-05-15|2025-05-16|2025-05-17|2025-05-18|2025-05-19|2025-05-20|2025-05-21|2025-05-22|2025-05-23|2025-05-24|2025-05-25|2025-05-26|2025-05-27|2025-05-28|2025-05-29|2025-05-30|2025-05-31,0.06142029976201542,0.05746184739495212,0.05880774795716831,0.06168170773046149
2025-06-02,2,124,2025-01-29,2025-06-01,2025-01-29|2025-01-30|2025-01-31|2025-02-01|2025-02-02|2025-02-03|2025-02-04|2025-02-05|2025-02-06|2025-02-07|2025-02-08|2025-02-09|2025-02-10|2025-02-11|2025-02-12|2025-02-13|2025-02-14|2025-02-15|2025-02-16|2025-02-17|2025-02-18|2025-02-19|2025-02-20|2025-02-21|2025-02-22|2025-02-23|2025-02-24|2025-02-25|2025-02-26|2025-02-27|2025-02-28|2025-03-01|2025-03-02|2025-03-03|2025-03-04|2025-03-05|2025-03-06|2025-03-07|2025-03-08|2025-03-09|2025-03-10|2025-03-11|2025-03-12|2025-03-13|2025-03-14|2025-03-15|2025-03-16|2025-03-17|2025-03-18|2025-03-19|2025-03-20|2025-03-21|2025-03-22|2025-03-23|2025-03-24|2025-03-25|2025-03-26|2025-03-27|2025-03-28|2025-03-29|2025-03-30|2025-03-31|2025-04-01|2025-04-02|2025-04-03|2025-04-04|2025-04-05|2025-04-06|2025-04-07|2025-04-08|2025-04-09|2025-04-10|2025-04-11|2025-04-12|2025-04-13|2025-04-14|2025-04-15|2025-04-16|2025-04-17|2025-04-18|2025-04-19|2025-04-20|2025-04-21|2025-04-22|2025-04-23|2025-04-24|2025-04-25|2025-04-26|2025-04-27|2025-04-28|2025-04-29|2025-04-30|2025-05-01|2025-05-02|2025-05-03|2025-05-04|2025-05-05|2025-05-06|2025-05-07|2025-05-08|2025-05-09|2025-05-10|2025-05-11|2025-05-12|2025-05-13|2025-05-14|2025-05-15|2025-05-16|2025-05-17|2025-05-18|2025-05-19|2025-05-20|2025-05-21|2025-05-22|2025-05-23|2025-05-24|2025-05-25|2025-05-26|2025-05-27|2025-05-28|2025-05-29|2025-05-30|2025-05-31|2025-06-01,0.061847882216967416,0.05781817281757501,0.05908347389518969,0.06193954424633917
2025-06-03,2,125,2025-01-29,2025-06-02,2025-01-29|2025-01-30|2025-01-31|2025-02-01|2025-02-02|2025-02-03|2025-02-04|2025-02-05|2025-02-06|2025-02-07|2025-02-08|2025-02-09|2025-02-10|2025-02-11|2025-02-12|2025-02-13|2025-02-14|2025-02-15|2025-02-16|2025-02-17|2025-02-18|2025-02-19|2025-02-20|2025-02-21|2025-02-22|2025-02-23|2025-02-24|2025-02-25|2025-02-26|2025-02-27|2025-02-28|2025-03-01|2025-03-02|2025-03-03|2025-03-04|2025-03-05|2025-03-06|2025-03-07|2025-03-08|2025-03-09|2025-03-10|2025-03-11|2025-03-12|2025-03-13|2025-03-14|2025-03-15|2025-03-16|2025-03-17|2025-03-18|2025-03-19|2025-03-20|2025-03-21|2025-03-22|2025-03-23|2025-03-24|2025-03-25|2025-03-26|2025-03-27|2025-03-28|2025-03-29|2025-03-30|2025-03-31|2025-04-01|2025-04-02|2025-04-03|2025-04-04|2025-04-05|2025-04-06|2025-04-07|2025-04-08|2025-04-09|2025-04-10|2025-04-11|2025-04-12|2025-04-13|2025-04-14|2025-04-15|2025-04-16|2025-04-17|2025-04-18|2025-04-19|2025-04-20|2025-04-21|2025-04-22|2025-04-23|2025-04-24|2025-04-25|2025-04-26|2025-04-27|2025-04-28|2025-04-29|2025-04-30|2025-05-01|2025-05-02|2025-05-03|2025-05-04|2025-05-05|2025-05-06|2025-05-07|2025-05-08|2025-05-09|2025-05-10|2025-05-11|2025-05-12|2025-05-13|2025-05-14|2025-05-15|2025-05-16|2025-05-17|2025-05-18|2025-05-19|2025-05-20|2025-05-21|2025-05-22|2025-05-23|2025-05-24|2025-05-25|2025-05-26|2025-05-27|2025-05-28|2025-05-29|2025-05-30|2025-05-31|2025-06-01|2025-06-02,0.06217435573047071,0.05814071978593873,0.059354132652662275,0.062138718162337875
2025-06-04,2,126,2025-01-29,2025-06-03,2025-01-29|2025-01-30|2025-01-31|2025-02-01|2025-02-02|2025-02-03|2025-02-04|2025-02-05|2025-02-06|2025-02-07|2025-02-08|2025-02-09|2025-02-10|2025-02-11|2025-02-12|2025-02-13|2025-02-14|2025-02-15|2025-02-16|2025-02-17|2025-02-18|2025-02-19|2025-02-20|2025-02-21|2025-02-22|2025-02-23|2025-02-24|2025-02-25|2025-02-26|2025-02-27|2025-02-28|2025-03-01|2025-03-02|2025-03-03|2025-03-04|2025-03-05|2025-03-06|2025-03-07|2025-03-08|2025-03-09|2025-03-10|2025-03-11|2025-03-12|2025-03-13|2025-03-14|2025-03-15|2025-03-16|2025-03-17|2025-03-18|2025-03-19|2025-03-20|2025-03-21|2025-03-22|2025-03-23|2025-03-24|2025-03-25|2025-03-26|2025-03-27|2025-03-28|2025-03-29|2025-03-30|2025-03-31|2025-04-01|2025-04-02|2025-04-03|2025-04-04|2025-04-05|2025-04-06|2025-04-07|2025-04-08|2025-04-09|2025-04-10|2025-04-11|2025-04-12|2025-04-13|2025-04-14|2025-04-15|2025-04-16|2025-04-17|2025-04-18|2025-04-19|2025-04-20|2025-04-21|2025-04-22|2025-04-23|2025-04-24|2025-04-25|2025-04-26|2025-04-27|2025-04-28|2025-04-29|2025-04-30|2025-05-01|2025-05-02|2025-05-03|2025-05-04|2025-05-05|2025-05-06|2025-05-07|2025-05-08|2025-05-09|2025-05-10|2025-05-11|2025-05-12|2025-05-13|2025-05-14|2025-05-15|2025-05-16|2025-05-17|2025-05-18|2025-05-19|2025-05-20|2025-05-21|2025-05-22|2025-05-23|2025-05-24|2025-05-25|2025-05-26|2025-05-27|2025-05-28|2025-05-29|2025-05-30|2025-05-31|2025-06-01|2025-06-02|2025-06-03,0.06240317978450902,0.058300430991042276,0.05947205408763021,0.06223565259504397
2025-06-05,2,127,2025-01-29,2025-06-04,2025-01-29|2025-01-30|2025-01-31|2025-02-01|2025-02-02|2025-02-03|2025-02-04|2025-02-05|2025-02-06|2025-02-07|2025-02-08|2025-02-09|2025-02-10|2025-02-11|2025-02-12|2025-02-13|2025-02-14|2025-02-15|2025-02-16|2025-02-17|2025-02-18|2025-02-19|2025-02-20|2025-02-21|2025-02-22|2025-02-23|2025-02-24|2025-02-25|2025-02-26|2025-02-27|2025-02-28|2025-03-01|2025-03-02|2025-03-03|2025-03-04|2025-03-05|2025-03-06|2025-03-07|2025-03-08|2025-03-09|2025-03-10|2025-03-11|2025-03-12|2025-03-13|2025-03-14|2025-03-15|2025-03-16|2025-03-17|2025-03-18|2025-03-19|2025-03-20|2025-03-21|2025-03-22|2025-03-23|2025-03-24|2025-03-25|2025-03-26|2025-03-27|2025-03-28|2025-03-29|2025-03-30|2025-03-31|2025-04-01|2025-04-02|2025-04-03|2025-04-04|2025-04-05|2025-04-06|2025-04-07|2025-04-08|2025-04-09|2025-04-10|2025-04-11|2025-04-12|2025-04-13|2025-04-14|2025-04-15|2025-04-16|2025-04-17|2025-04-18|2025-04-19|2025-04-20|2025-04-21|2025-04-22|2025-04-23|2025-04-24|2025-04-25|2025-04-26|2025-04-27|2025-04-28|2025-04-29|2025-04-30|2025-05-01|2025-05-02|2025-05-03|2025-05-04|2025-05-05|2025-05-06|2025-05-07|2025-05-08|2025-05-09|2025-05-10|2025-05-11|2025-05-12|2025-05-13|2025-05-14|2025-05-15|2025-05-16|2025-05-17|2025-05-18|2025-05-19|2025-05-20|2025-05-21|2025-05-22|2025-05-23|2025-05-24|2025-05-25|2025-05-26|2025-05-27|2025-05-28|2025-05-29|2025-05-30|2025-05-31|2025-06-01|2025-06-02|2025-06-03|2025-06-04,0.06260804301405341,0.05853903663013894,0.059682275866576665,0.062393430699984424
2025-06-06,2,128,2025-01-29,2025-06-05,2025-01-29|2025-01-30|2025-01-31|2025-02-01|2025-02-02|2025-02-03|2025-02-04|2025-02-05|2025-02-06|2025-02-07|2025-02-08|2025-02-09|2025-02-10|2025-02-11|2025-02-12|2025-02-13|2025-02-14|2025-02-15|2025-02-16|2025-02-17|2025-02-18|2025-02-19|2025-02-20|2025-02-21|2025-02-22|2025-02-23|2025-02-24|2025-02-25|2025-02-26|2025-02-27|2025-02-28|2025-03-01|2025-03-02|2025-03-03|2025-03-04|2025-03-05|2025-03-06|2025-03-07|2025-03-08|2025-03-09|2025-03-10|2025-03-11|2025-03-12|2025-03-13|2025-03-14|2025-03-15|2025-03-16|2025-03-17|2025-03-18|2025-03-19|2025-03-20|2025-03-21|2025-03-22|2025-03-23|2025-03-24|2025-03-25|2025-03-26|2025-03-27|2025-03-28|2025-03-29|2025-03-30|2025-03-31|2025-04-01|2025-04-02|2025-04-03|2025-04-04|2025-04-05|2025-04-06|2025-04-07|2025-04-08|2025-04-09|2025-04-10|2025-04-11|2025-04-12|2025-04-13|2025-04-14|2025-04-15|2025-04-16|2025-04-17|2025-04-18|2025-04-19|2025-04-20|2025-04-21|2025-04-22|2025-04-23|2025-04-24|2025-04-25|2025-04-26|2025-04-27|2025-04-28|2025-04-29|2025-04-30|2025-05-01|2025-05-02|2025-05-03|2025-05-04|2025-05-05|2025-05-06|2025-05-07|2025-05-08|2025-05-09|2025-05-10|2025-05-11|2025-05-12|2025-05-13|2025-05-14|2025-05-15|2025-05-16|2025-05-17|2025-05-18|2025-05-19|2025-05-20|2025-05-21|2025-05-22|2025-05-23|2025-05-24|2025-05-25|2025-05-26|2025-05-27|2025-05-28|2025-05-29|2025-05-30|2025-05-31|2025-06-01|2025-06-02|2025-06-03|2025-06-04|2025-06-05,0.06283972099379875,0.05881891867822643,0.05996002233929642,0.06261791857689479
2025-06-07,2,129,2025-01-29,2025-06-06,2025-01-29|2025-01-30|2025-01-31|2025-02-01|2025-02-02|2025-02-03|2025-02-04|2025-02-05|2025-02-06|2025-02-07|2025-02-08|2025-02-09|2025-02-10|2025-02-11|2025-02-12|2025-02-13|2025-02-14|2025-02-15|2025-02-16|2025-02-17|2025-02-18|2025-02-19|2025-02-20|2025-02-21|2025-02-22|2025-02-23|2025-02-24|2025-02-25|2025-02-26|2025-02-27|2025-02-28|2025-03-01|2025-03-02|2025-03-03|2025-03-04|2025-03-05|2025-03-06|2025-03-07|2025-03-08|2025-03-09|2025-03-10|2025-03-11|2025-03-12|2025-03-13|2025-03-14|2025-03-15|2025-03-16|2025-03-17|2025-03-18|2025-03-19|2025-03-20|2025-03-21|2025-03-22|2025-03-23|2025-03-24|2025-03-25|2025-03-26|2025-03-27|2025-03-28|2025-03-29|2025-03-30|2025-03-31|2025-04-01|2025-04-02|2025-04-03|2025-04-04|2025-04-05|2025-04-06|2025-04-07|2025-04-08|2025-04-09|2025-04-10|2025-04-11|2025-04-12|2025-04-13|2025-04-14|2025-04-15|2025-04-16|2025-04-17|2025-04-18|2025-04-19|2025-04-20|2025-04-21|2025-04-22|2025-04-23|2025-04-24|2025-04-25|2025-04-26|2025-04-27|2025-04-28|2025-04-29|2025-04-30|2025-05-01|2025-05-02|2025-05-03|2025-05-04|2025-05-05|2025-05-06|2025-05-07|2025-05-08|2025-05-09|2025-05-10|2025-05-11|2025-05-12|2025-05-13|2025-05-14|2025-05-15|2025-05-16|2025-05-17|2025-05-18|2025-05-19|2025-05-20|2025-05-21|2025-05-22|2025-05-23|2025-05-24|2025-05-25|2025-05-26|2025-05-27|2025-05-28|2025-05-29|2025-05-30|2025-05-31|2025-06-01|2025-06-02|2025-06-03|2025-06-04|2025-06-05|2025-06-06,0.06340557470489966,0.0594158770002989,0.060583142834327204,0.06318939010628345
2025-06-08,2,130,2025-01-29,2025-06-07,2025-01-29|2025-01-30|2025-01-31|2025-02-01|2025-02-02|2025-02-03|2025-02-04|2025-02-05|2025-02-06|2025-02-07|2025-02-08|2025-02-09|2025-02-10|2025-02-11|2025-02-12|2025-02-13|2025-02-14|2025-02-15|2025-02-16|2025-02-17|2025-02-18|2025-02-19|2025-02-20|2025-02-21|2025-02-22|2025-02-23|2025-02-24|2025-02-25|2025-02-26|2025-02-27|2025-02-28|2025-03-01|2025-03-02|2025-03-03|2025-03-04|2025-03-05|2025-03-06|2025-03-07|2025-03-08|2025-03-09|2025-03-10|2025-03-11|2025-03-12|2025-03-13|2025-03-14|2025-03-15|2025-03-16|2025-03-17|2025-03-18|2025-03-19|2025-03-20|2025-03-21|2025-03-22|2025-03-23|2025-03-24|2025-03-25|2025-03-26|2025-03-27|2025-03-28|2025-03-29|2025-03-30|2025-03-31|2025-04-01|2025-04-02|2025-04-03|2025-04-04|2025-04-05|2025-04-06|2025-04-07|2025-04-08|2025-04-09|2025-04-10|2025-04-11|2025-04-12|2025-04-13|2025-04-14|2025-04-15|2025-04-16|2025-04-17|2025-04-18|2025-04-19|2025-04-20|2025-04-21|2025-04-22|2025-04-23|2025-04-24|2025-04-25|2025-04-26|2025-04-27|2025-04-28|2025-04-29|2025-04-30|2025-05-01|2025-05-02|2025-05-03|2025-05-04|2025-05-05|2025-05-06|2025-05-07|2025-05-08|2025-05-09|2025-05-10|2025-05-11|2025-05-12|2025-05-13|2025-05-14|2025-05-15|2025-05-16|2025-05-17|2025-05-18|2025-05-19|2025-05-20|2025-05-21|2025-05-22|2025-05-23|2025-05-24|2025-05-25|2025-05-26|2025-05-27|2025-05-28|2025-05-29|2025-05-30|2025-05-31|2025-06-01|2025-06-02|2025-06-03|2025-06-04|2025-06-05|2025-06-06|2025-06-07,0.06393200412927989,0.06002101164795412,0.06111787111030169,0.06367201136694113
2025-06-09,2,131,2025-01-29,2025-06-08,2025-01-29|2025-01-30|2025-01-31|2025-02-01|2025-02-02|2025-02-03|2025-02-04|2025-02-05|2025-02-06|2025-02-07|2025-02-08|2025-02-09|2025-02-10|2025-02-11|2025-02-12|2025-02-13|2025-02-14|2025-02-15|2025-02-16|2025-02-17|2025-02-18|2025-02-19|2025-02-20|2025-02-21|2025-02-22|2025-02-23|2025-02-24|2025-02-25|2025-02-26|2025-02-27|2025-02-28|2025-03-01|2025-03-02|2025-03-03|2025-03-04|2025-03-05|2025-03-06|2025-03-07|2025-03-08|2025-03-09|2025-03-10|2025-03-11|2025-03-12|2025-03-13|2025-03-14|2025-03-15|2025-03-16|2025-03-17|2025-03-18|2025-03-19|2025-03-20|2025-03-21|2025-03-22|2025-03-23|2025-03-24|2025-03-25|2025-03-26|2025-03-27|2025-03-28|2025-03-29|2025-03-30|2025-03-31|2025-04-01|2025-04-02|2025-04-03|2025-04-04|2025-04-05|2025-04-06|2025-04-07|2025-04-08|2025-04-09|2025-04-10|2025-04-11|2025-04-12|2025-04-13|2025-04-14|2025-04-15|2025-04-16|2025-04-17|2025-04-18|2025-04-19|2025-04-20|2025-04-21|2025-04-22|2025-04-23|2025-04-24|2025-04-25|2025-04-26|2025-04-27|2025-04-28|2025-04-29|2025-04-30|2025-05-01|2025-05-02|2025-05-03|2025-05-04|2025-05-05|2025-05-06|2025-05-07|2025-05-08|2025-05-09|2025-05-10|2025-05-11|2025-05-12|2025-05-13|2025-05-14|2025-05-15|2025-05-16|2025-05-17|2025-05-18|2025-05-19|2025-05-20|2025-05-21|2025-05-22|2025-05-23|2025-05-24|2025-05-25|2025-05-26|2025-05-27|2025-05-28|2025-05-29|2025-05-30|2025-05-31|2025-06-01|2025-06-02|2025-06-03|2025-06-04|2025-06-05|2025-06-06|2025-06-07|2025-06-08,0.06386731597948543,0.05998683566831421,0.06108893465800819,0.06363055443720965
2025-06-10,2,132,2025-01-29,2025-06-09,2025-01-29|2025-01-30|2025-01-31|2025-02-01|2025-02-02|2025-02-03|2025-02-04|2025-02-05|2025-02-06|2025-02-07|2025-02-08|2025-02-09|2025-02-10|2025-02-11|2025-02-12|2025-02-13|2025-02-14|2025-02-15|2025-02-16|2025-02-17|2025-02-18|2025-02-19|2025-02-20|2025-02-21|2025-02-22|2025-02-23|2025-02-24|2025-02-25|2025-02-26|2025-02-27|2025-02-28|2025-03-01|2025-03-02|2025-03-03|2025-03-04|2025-03-05|2025-03-06|2025-03-07|2025-03-08|2025-03-09|2025-03-10|2025-03-11|2025-03-12|2025-03-13|2025-03-14|2025-03-15|2025-03-16|2025-03-17|2025-03-18|2025-03-19|2025-03-20|2025-03-21|2025-03-22|2025-03-23|2025-03-24|2025-03-25|2025-03-26|2025-03-27|2025-03-28|2025-03-29|2025-03-30|2025-03-31|2025-04-01|2025-04-02|2025-04-03|2025-04-04|2025-04-05|2025-04-06|2025-04-07|2025-04-08|2025-04-09|2025-04-10|2025-04-11|2025-04-12|2025-04-13|2025-04-14|2025-04-15|2025-04-16|2025-04-17|2025-04-18|2025-04-19|2025-04-20|2025-04-21|2025-04-22|2025-04-23|2025-04-24|2025-04-25|2025-04-26|2025-04-27|2025-04-28|2025-04-29|2025-04-30|2025-05-01|2025-05-02|2025-05-03|2025-05-04|2025-05-05|2025-05-06|2025-05-07|2025-05-08|2025-05-09|2025-05-10|2025-05-11|2025-05-12|2025-05-13|2025-05-14|2025-05-15|2025-05-16|2025-05-17|2025-05-18|2025-05-19|2025-05-20|2025-05-21|2025-05-22|2025-05-23|2025-05-24|2025-05-25|2025-05-26|2025-05-27|2025-05-28|2025-05-29|2025-05-30|2025-05-31|2025-06-01|2025-06-02|2025-06-03|2025-06-04|2025-06-05|2025-06-06|2025-06-07|2025-06-08|2025-06-09,0.0637753335310182,0.05998588573782457,0.06119372299886756,0.06372782783232532
2025-06-11,2,133,2025-01-29,2025-06-10,2025-01-29|2025-01-30|2025-01-31|2025-02-01|2025-02-02|2025-02-03|2025-02-04|2025-02-05|2025-02-06|2025-02-07|2025-02-08|2025-02-09|2025-02-10|2025-02-11|2025-02-12|2025-02-13|2025-02-14|2025-02-15|2025-02-16|2025-02-17|2025-02-18|2025-02-19|2025-02-20|2025-02-21|2025-02-22|2025-02-23|2025-02-24|2025-02-25|2025-02-26|2025-02-27|2025-02-28|2025-03-01|2025-03-02|2025-03-03|2025-03-04|2025-03-05|2025-03-06|2025-03-07|2025-03-08|2025-03-09|2025-03-10|2025-03-11|2025-03-12|2025-03-13|2025-03-14|2025-03-15|2025-03-16|2025-03-17|2025-03-18|2025-03-19|2025-03-20|2025-03-21|2025-03-22|2025-03-23|2025-03-24|2025-03-25|2025-03-26|2025-03-27|2025-03-28|2025-03-29|2025-03-30|2025-03-31|2025-04-01|2025-04-02|2025-04-03|2025-04-04|2025-04-05|2025-04-06|2025-04-07|2025-04-08|2025-04-09|2025-04-10|2025-04-11|2025-04-12|2025-04-13|2025-04-14|2025-04-15|2025-04-16|2025-04-17|2025-04-18|2025-04-19|2025-04-20|2025-04-21|2025-04-22|2025-04-23|2025-04-24|2025-04-25|2025-04-26|2025-04-27|2025-04-28|2025-04-29|2025-04-30|2025-05-01|2025-05-02|2025-05-03|2025-05-04|2025-05-05|2025-05-06|2025-05-07|2025-05-08|2025-05-09|2025-05-10|2025-05-11|2025-05-12|2025-05-13|2025-05-14|2025-05-15|2025-05-16|2025-05-17|2025-05-18|2025-05-19|2025-05-20|2025-05-21|2025-05-22|2025-05-23|2025-05-24|2025-05-25|2025-05-26|2025-05-27|2025-05-28|2025-05-29|2025-05-30|2025-05-31|2025-06-01|2025-06-02|2025-06-03|2025-06-04|2025-06-05|2025-06-06|2025-06-07|2025-06-08|2025-06-09|2025-06-10,0.06362944379909877,0.06005365603729091,0.0612619023867936,0.06379265962139512
2025-06-12,2,134,2025-01-29,2025-06-11,2025-01-29|2025-01-30|2025-01-31|2025-02-01|2025-02-02|2025-02-03|2025-02-04|2025-02-05|2025-02-06|2025-02-07|2025-02-08|2025-02-09|2025-02-10|2025-02-11|2025-02-12|2025-02-13|2025-02-14|2025-02-15|2025-02-16|2025-02-17|2025-02-18|2025-02-19|2025-02-20|2025-02-21|2025-02-22|2025-02-23|2025-02-24|2025-02-25|2025-02-26|2025-02-27|2025-02-28|2025-03-01|2025-03-02|2025-03-03|2025-03-04|2025-03-05|2025-03-06|2025-03-07|2025-03-08|2025-03-09|2025-03-10|2025-03-11|2025-03-12|2025-03-13|2025-03-14|2025-03-15|2025-03-16|2025-03-17|2025-03-18|2025-03-19|2025-03-20|2025-03-21|2025-03-22|2025-03-23|2025-03-24|2025-03-25|2025-03-26|2025-03-27|2025-03-28|2025-03-29|2025-03-30|2025-03-31|2025-04-01|2025-04-02|2025-04-03|2025-04-04|2025-04-05|2025-04-06|2025-04-07|2025-04-08|2025-04-09|2025-04-10|2025-04-11|2025-04-12|2025-04-13|2025-04-14|2025-04-15|2025-04-16|2025-04-17|2025-04-18|2025-04-19|2025-04-20|2025-04-21|2025-04-22|2025-04-23|2025-04-24|2025-04-25|2025-04-26|2025-04-27|2025-04-28|2025-04-29|2025-04-30|2025-05-01|2025-05-02|2025-05-03|2025-05-04|2025-05-05|2025-05-06|2025-05-07|2025-05-08|2025-05-09|2025-05-10|2025-05-11|2025-05-12|2025-05-13|2025-05-14|2025-05-15|2025-05-16|2025-05-17|2025-05-18|2025-05-19|2025-05-20|2025-05-21|2025-05-22|2025-05-23|2025-05-24|2025-05-25|2025-05-26|2025-05-27|2025-05-28|2025-05-29|2025-05-30|2025-05-31|2025-06-01|2025-06-02|2025-06-03|2025-06-04|2025-06-05|2025-06-06|2025-06-07|2025-06-08|2025-06-09|2025-06-10|2025-06-11,0.06357441610335755,0.06017207760930217,0.06145216259946644,0.0640009268367312
2025-06-13,2,135,2025-01-29,2025-06-12,2025-01-29|2025-01-30|2025-01-31|2025-02-01|2025-02-02|2025-02-03|2025-02-04|2025-02-05|2025-02-06|2025-02-07|2025-02-08|2025-02-09|2025-02-10|2025-02-11|2025-02-12|2025-02-13|2025-02-14|2025-02-15|2025-02-16|2025-02-17|2025-02-18|2025-02-19|2025-02-20|2025-02-21|2025-02-22|2025-02-23|2025-02-24|2025-02-25|2025-02-26|2025-02-27|2025-02-28|2025-03-01|2025-03-02|2025-03-03|2025-03-04|2025-03-05|2025-03-06|2025-03-07|2025-03-08|2025-03-09|2025-03-10|2025-03-11|2025-03-12|2025-03-13|2025-03-14|2025-03-15|2025-03-16|2025-03-17|2025-03-18|2025-03-19|2025-03-20|2025-03-21|2025-03-22|2025-03-23|2025-03-24|2025-03-25|2025-03-26|2025-03-27|2025-03-28|2025-03-29|2025-03-30|2025-03-31|2025-04-01|2025-04-02|2025-04-03|2025-04-04|2025-04-05|2025-04-06|2025-04-07|2025-04-08|2025-04-09|2025-04-10|2025-04-11|2025-04-12|2025-04-13|2025-04-14|2025-04-15|2025-04-16|2025-04-17|2025-04-18|2025-04-19|2025-04-20|2025-04-21|2025-04-22|2025-04-23|2025-04-24|2025-04-25|2025-04-26|2025-04-27|2025-04-28|2025-04-29|2025-04-30|2025-05-01|2025-05-02|2025-05-03|2025-05-04|2025-05-05|2025-05-06|2025-05-07|2025-05-08|2025-05-09|2025-05-10|2025-05-11|2025-05-12|2025-05-13|2025-05-14|2025-05-15|2025-05-16|2025-05-17|2025-05-18|2025-05-19|2025-05-20|2025-05-21|2025-05-22|2025-05-23|2025-05-24|2025-05-25|2025-05-26|2025-05-27|2025-05-28|2025-05-29|2025-05-30|2025-05-31|2025-06-01|2025-06-02|2025-06-03|2025-06-04|2025-06-05|2025-06-06|2025-06-07|2025-06-08|2025-06-09|2025-06-10|2025-06-11|2025-06-12,0.06341092273626996,0.06012927050815698,0.061508563928369925,0.06409697692069037
2025-06-14,2,136,2025-01-29,2025-06-13,2025-01-29|2025-01-30|2025-01-31|2025-02-01|2025-02-02|2025-02-03|2025-02-04|2025-02-05|2025-02-06|2025-02-07|2025-02-08|2025-02-09|2025-02-10|2025-02-11|2025-02-12|2025-02-13|2025-02-14|2025-02-15|2025-02-16|2025-02-17|2025-02-18|2025-02-19|2025-02-20|2025-02-21|2025-02-22|2025-02-23|2025-02-24|2025-02-25|2025-02-26|2025-02-27|2025-02-28|2025-03-01|2025-03-02|2025-03-03|2025-03-04|2025-03-05|2025-03-06|2025-03-07|2025-03-08|2025-03-09|2025-03-10|2025-03-11|2025-03-12|2025-03-13|2025-03-14|2025-03-15|2025-03-16|2025-03-17|2025-03-18|2025-03-19|2025-03-20|2025-03-21|2025-03-22|2025-03-23|2025-03-24|2025-03-25|2025-03-26|2025-03-27|2025-03-28|2025-03-29|2025-03-30|2025-03-31|2025-04-01|2025-04-02|2025-04-03|2025-04-04|2025-04-05|2025-04-06|2025-04-07|2025-04-08|2025-04-09|2025-04-10|2025-04-11|2025-04-12|2025-04-13|2025-04-14|2025-04-15|2025-04-16|2025-04-17|2025-04-18|2025-04-19|2025-04-20|2025-04-21|2025-04-22|2025-04-23|2025-04-24|2025-04-25|2025-04-26|2025-04-27|2025-04-28|2025-04-29|2025-04-30|2025-05-01|2025-05-02|2025-05-03|2025-05-04|2025-05-05|2025-05-06|2025-05-07|2025-05-08|2025-05-09|2025-05-10|2025-05-11|2025-05-12|2025-05-13|2025-05-14|2025-05-15|2025-05-16|2025-05-17|2025-05-18|2025-05-19|2025-05-20|2025-05-21|2025-05-22|2025-05-23|2025-05-24|2025-05-25|2025-05-26|2025-05-27|2025-05-28|2025-05-29|2025-05-30|2025-05-31|2025-06-01|2025-06-02|2025-06-03|2025-06-04|2025-06-05|2025-06-06|2025-06-07|2025-06-08|2025-06-09|2025-06-10|2025-06-11|2025-06-12|2025-06-13,0.06349099605017905,0.060223614099432214,0.06170127701664533,0.06435948780451424
2025-06-15,2,137,2025-01-29,2025-06-14,2025-01-29|2025-01-30|2025-01-31|2025-02-01|2025-02-02|2025-02-03|2025-02-04|2025-02-05|2025-02-06|2025-02-07|2025-02-08|2025-02-09|2025-02-10|2025-02-11|2025-02-12|2025-02-13|2025-02-14|2025-02-15|2025-02-16|2025-02-17|2025-02-18|2025-02-19|2025-02-20|2025-02-21|2025-02-22|2025-02-23|2025-02-24|2025-02-25|2025-02-26|2025-02-27|2025-02-28|2025-03-01|2025-03-02|2025-03-03|2025-03-04|2025-03-05|2025-03-06|2025-03-07|2025-03-08|2025-03-09|2025-03-10|2025-03-11|2025-03-12|2025-03-13|2025-03-14|2025-03-15|2025-03-16|2025-03-17|2025-03-18|2025-03-19|2025-03-20|2025-03-21|2025-03-22|2025-03-23|2025-03-24|2025-03-25|2025-03-26|2025-03-27|2025-03-28|2025-03-29|2025-03-30|2025-03-31|2025-04-01|2025-04-02|2025-04-03|2025-04-04|2025-04-05|2025-04-06|2025-04-07|2025-04-08|2025-04-09|2025-04-10|2025-04-11|2025-04-12|2025-04-13|2025-04-14|2025-04-15|2025-04-16|2025-04-17|2025-04-18|2025-04-19|2025-04-20|2025-04-21|2025-04-22|2025-04-23|2025-04-24|2025-04-25|2025-04-26|2025-04-27|2025-04-28|2025-04-29|2025-04-30|2025-05-01|2025-05-02|2025-05-03|2025-05-04|2025-05-05|2025-05-06|2025-05-07|2025-05-08|2025-05-09|2025-05-10|2025-05-11|2025-05-12|2025-05-13|2025-05-14|2025-05-15|2025-05-16|2025-05-17|2025-05-18|2025-05-19|2025-05-20|2025-05-21|2025-05-22|2025-05-23|2025-05-24|2025-05-25|2025-05-26|2025-05-27|2025-05-28|2025-05-29|2025-05-30|2025-05-31|2025-06-01|2025-06-02|2025-06-03|2025-06-04|2025-06-05|2025-06-06|2025-06-07|2025-06-08|2025-06-09|2025-06-10|2025-06-11|2025-06-12|2025-06-13|2025-06-14,0.06352135454951358,0.06032124796220829,0.06189893182903761,0.0645375766028323
2025-06-16,2,138,2025-01-29,2025-06-15,2025-01-29|2025-01-30|2025-01-31|2025-02-01|2025-02-02|2025-02-03|2025-02-04|2025-02-05|2025-02-06|2025-02-07|2025-02-08|2025-02-09|2025-02-10|2025-02-11|2025-02-12|2025-02-13|2025-02-14|2025-02-15|2025-02-16|2025-02-17|2025-02-18|2025-02-19|2025-02-20|2025-02-21|2025-02-22|2025-02-23|2025-02-24|2025-02-25|2025-02-26|2025-02-27|2025-02-28|2025-03-01|2025-03-02|2025-03-03|2025-03-04|2025-03-05|2025-03-06|2025-03-07|2025-03-08|2025-03-09|2025-03-10|2025-03-11|2025-03-12|2025-03-13|2025-03-14|2025-03-15|2025-03-16|2025-03-17|2025-03-18|2025-03-19|2025-03-20|2025-03-21|2025-03-22|2025-03-23|2025-03-24|2025-03-25|2025-03-26|2025-03-27|2025-03-28|2025-03-29|2025-03-30|2025-03-31|2025-04-01|2025-04-02|2025-04-03|2025-04-04|2025-04-05|2025-04-06|2025-04-07|2025-04-08|2025-04-09|2025-04-10|2025-04-11|2025-04-12|2025-04-13|2025-04-14|2025-04-15|2025-04-16|2025-04-17|2025-04-18|2025-04-19|2025-04-20|2025-04-21|2025-04-22|2025-04-23|2025-04-24|2025-04-25|2025-04-26|2025-04-27|2025-04-28|2025-04-29|2025-04-30|2025-05-01|2025-05-02|2025-05-03|2025-05-04|2025-05-05|2025-05-06|2025-05-07|2025-05-08|2025-05-09|2025-05-10|2025-05-11|2025-05-12|2025-05-13|2025-05-14|2025-05-15|2025-05-16|2025-05-17|2025-05-18|2025-05-19|2025-05-20|2025-05-21|2025-05-22|2025-05-23|2025-05-24|2025-05-25|2025-05-26|2025-05-27|2025-05-28|2025-05-29|2025-05-30|2025-05-31|2025-06-01|2025-06-02|2025-06-03|2025-06-04|2025-06-05|2025-06-06|2025-06-07|2025-06-08|2025-06-09|2025-06-10|2025-06-11|2025-06-12|2025-06-13|2025-06-14|2025-06-15,0.06350628706246732,0.060225770169290156,0.061872813944454444,0.06455170566539735
2025-06-17,2,139,2025-01-29,2025-06-16,2025-01-29|2025-01-30|2025-01-31|2025-02-01|2025-02-02|2025-02-03|2025-02-04|2025-02-05|2025-02-06|2025-02-07|2025-02-08|2025-02-09|2025-02-10|2025-02-11|2025-02-12|2025-02-13|2025-02-14|2025-02-15|2025-02-16|2025-02-17|2025-02-18|2025-02-19|2025-02-20|2025-02-21|2025-02-22|2025-02-23|2025-02-24|2025-02-25|2025-02-26|2025-02-27|2025-02-28|2025-03-01|2025-03-02|2025-03-03|2025-03-04|2025-03-05|2025-03-06|2025-03-07|2025-03-08|2025-03-09|2025-03-10|2025-03-11|2025-03-12|2025-03-13|2025-03-14|2025-03-15|2025-03-16|2025-03-17|2025-03-18|2025-03-19|2025-03-20|2025-03-21|2025-03-22|2025-03-23|2025-03-24|2025-03-25|2025-03-26|2025-03-27|2025-03-28|2025-03-29|2025-03-30|2025-03-31|2025-04-01|2025-04-02|2025-04-03|2025-04-04|2025-04-05|2025-04-06|2025-04-07|2025-04-08|2025-04-09|2025-04-10|2025-04-11|2025-04-12|2025-04-13|2025-04-14|2025-04-15|2025-04-16|2025-04-17|2025-04-18|2025-04-19|2025-04-20|2025-04-21|2025-04-22|2025-04-23|2025-04-24|2025-04-25|2025-04-26|2025-04-27|2025-04-28|2025-04-29|2025-04-30|2025-05-01|2025-05-02|2025-05-03|2025-05-04|2025-05-05|2025-05-06|2025-05-07|2025-05-08|2025-05-09|2025-05-10|2025-05-11|2025-05-12|2025-05-13|2025-05-14|2025-05-15|2025-05-16|2025-05-17|2025-05-18|2025-05-19|2025-05-20|2025-05-21|2025-05-22|2025-05-23|2025-05-24|2025-05-25|2025-05-26|2025-05-27|2025-05-28|2025-05-29|2025-05-30|2025-05-31|2025-06-01|2025-06-02|2025-06-03|2025-06-04|2025-06-05|2025-06-06|2025-06-07|2025-06-08|2025-06-09|2025-06-10|2025-06-11|2025-06-12|2025-06-13|2025-06-14|2025-06-15|2025-06-16,0.06340811604511201,0.06010824449772985,0.06178072829519279,0.06454629570660013
2025-06-18,2,140,2025-01-29,2025-06-17,2025-01-29|2025-01-30|2025-01-31|2025-02-01|2025-02-02|2025-02-03|2025-02-04|2025-02-05|2025-02-06|2025-02-07|2025-02-08|2025-02-09|2025-02-10|2025-02-11|2025-02-12|2025-02-13|2025-02-14|2025-02-15|2025-02-16|2025-02-17|2025-02-18|2025-02-19|2025-02-20|2025-02-21|2025-02-22|2025-02-23|2025-02-24|2025-02-25|2025-02-26|2025-02-27|2025-02-28|2025-03-01|2025-03-02|2025-03-03|2025-03-04|2025-03-05|2025-03-06|2025-03-07|2025-03-08|2025-03-09|2025-03-10|2025-03-11|2025-03-12|2025-03-13|2025-03-14|2025-03-15|2025-03-16|2025-03-17|2025-03-18|2025-03-19|2025-03-20|2025-03-21|2025-03-22|2025-03-23|2025-03-24|2025-03-25|2025-03-26|2025-03-27|2025-03-28|2025-03-29|2025-03-30|2025-03-31|2025-04-01|2025-04-02|2025-04-03|2025-04-04|2025-04-05|2025-04-06|2025-04-07|2025-04-08|2025-04-09|2025-04-10|2025-04-11|2025-04-12|2025-04-13|2025-04-14|2025-04-15|2025-04-16|2025-04-17|2025-04-18|2025-04-19|2025-04-20|2025-04-21|2025-04-22|2025-04-23|2025-04-24|2025-04-25|2025-04-26|2025-04-27|2025-04-28|2025-04-29|2025-04-30|2025-05-01|2025-05-02|2025-05-03|2025-05-04|2025-05-05|2025-05-06|2025-05-07|2025-05-08|2025-05-09|2025-05-10|2025-05-11|2025-05-12|2025-05-13|2025-05-14|2025-05-15|2025-05-16|2025-05-17|2025-05-18|2025-05-19|2025-05-20|2025-05-21|2025-05-22|2025-05-23|2025-05-24|2025-05-25|2025-05-26|2025-05-27|2025-05-28|2025-05-29|2025-05-30|2025-05-31|2025-06-01|2025-06-02|2025-06-03|2025-06-04|2025-06-05|2025-06-06|2025-06-07|2025-06-08|2025-06-09|2025-06-10|2025-06-11|2025-06-12|2025-06-13|2025-06-14|2025-06-15|2025-06-16|2025-06-17,0.06332518081901535,0.06001963187691324,0.061773044460227265,0.06456259955634604
2025-06-19,2,141,2025-01-29,2025-06-18,2025-01-29|2025-01-30|2025-01-31|2025-02-01|2025-02-02|2025-02-03|2025-02-04|2025-02-05|2025-02-06|2025-02-07|2025-02-08|2025-02-09|2025-02-10|2025-02-11|2025-02-12|2025-02-13|2025-02-14|2025-02-15|2025-02-16|2025-02-17|2025-02-18|2025-02-19|2025-02-20|2025-02-21|2025-02-22|2025-02-23|2025-02-24|2025-02-25|2025-02-26|2025-02-27|2025-02-28|2025-03-01|2025-03-02|2025-03-03|2025-03-04|2025-03-05|2025-03-06|2025-03-07|2025-03-08|2025-03-09|2025-03-10|2025-03-11|2025-03-12|2025-03-13|2025-03-14|2025-03-15|2025-03-16|2025-03-17|2025-03-18|2025-03-19|2025-03-20|2025-03-21|2025-03-22|2025-03-23|2025-03-24|2025-03-25|2025-03-26|2025-03-27|2025-03-28|2025-03-29|2025-03-30|2025-03-31|2025-04-01|2025-04-02|2025-04-03|2025-04-04|2025-04-05|2025-04-06|2025-04-07|2025-04-08|2025-04-09|2025-04-10|2025-04-11|2025-04-12|2025-04-13|2025-04-14|2025-04-15|2025-04-16|2025-04-17|2025-04-18|2025-04-19|2025-04-20|2025-04-21|2025-04-22|2025-04-23|2025-04-24|2025-04-25|2025-04-26|2025-04-27|2025-04-28|2025-04-29|2025-04-30|2025-05-01|2025-05-02|2025-05-03|2025-05-04|2025-05-05|2025-05-06|2025-05-07|2025-05-08|2025-05-09|2025-05-10|2025-05-11|2025-05-12|2025-05-13|2025-05-14|2025-05-15|2025-05-16|2025-05-17|2025-05-18|2025-05-19|2025-05-20|2025-05-21|2025-05-22|2025-05-23|2025-05-24|2025-05-25|2025-05-26|2025-05-27|2025-05-28|2025-05-29|2025-05-30|2025-05-31|2025-06-01|2025-06-02|2025-06-03|2025-06-04|2025-06-05|2025-06-06|2025-06-07|2025-06-08|2025-06-09|2025-06-10|2025-06-11|2025-06-12|2025-06-13|2025-06-14|2025-06-15|2025-06-16|2025-06-17|2025-06-18,0.06320792701880555,0.059825097313643986,0.061634185730066154,0.06447649237383642
2025-06-20,2,142,2025-01-29,2025-06-19,2025-01-29|2025-01-30|2025-01-31|2025-02-01|2025-02-02|2025-02-03|2025-02-04|2025-02-05|2025-02-06|2025-02-07|2025-02-08|2025-02-09|2025-02-10|2025-02-11|2025-02-12|2025-02-13|2025-02-14|2025-02-15|2025-02-16|2025-02-17|2025-02-18|2025-02-19|2025-02-20|2025-02-21|2025-02-22|2025-02-23|2025-02-24|2025-02-25|2025-02-26|2025-02-27|2025-02-28|2025-03-01|2025-03-02|2025-03-03|2025-03-04|2025-03-05|2025-03-06|2025-03-07|2025-03-08|2025-03-09|2025-03-10|2025-03-11|2025-03-12|2025-03-13|2025-03-14|2025-03-15|2025-03-16|2025-03-17|2025-03-18|2025-03-19|2025-03-20|2025-03-21|2025-03-22|2025-03-23|2025-03-24|2025-03-25|2025-03-26|2025-03-27|2025-03-28|2025-03-29|2025-03-30|2025-03-31|2025-04-01|2025-04-02|2025-04-03|2025-04-04|2025-04-05|2025-04-06|2025-04-07|2025-04-08|2025-04-09|2025-04-10|2025-04-11|2025-04-12|2025-04-13|2025-04-14|2025-04-15|2025-04-16|2025-04-17|2025-04-18|2025-04-19|2025-04-20|2025-04-21|2025-04-22|2025-04-23|2025-04-24|2025-04-25|2025-04-26|2025-04-27|2025-04-28|2025-04-29|2025-04-30|2025-05-01|2025-05-02|2025-05-03|2025-05-04|2025-05-05|2025-05-06|2025-05-07|2025-05-08|2025-05-09|2025-05-10|2025-05-11|2025-05-12|2025-05-13|2025-05-14|2025-05-15|2025-05-16|2025-05-17|2025-05-18|2025-05-19|2025-05-20|2025-05-21|2025-05-22|2025-05-23|2025-05-24|2025-05-25|2025-05-26|2025-05-27|2025-05-28|2025-05-29|2025-05-30|2025-05-31|2025-06-01|2025-06-02|2025-06-03|2025-06-04|2025-06-05|2025-06-06|2025-06-07|2025-06-08|2025-06-09|2025-06-10|2025-06-11|2025-06-12|2025-06-13|2025-06-14|2025-06-15|2025-06-16|2025-06-17|2025-06-18|2025-06-19,0.06309668176538395,0.05967373460711109,0.06140499437547537,0.06426038441651113
2025-06-21,2,143,2025-01-29,2025-06-20,2025-01-29|2025-01-30|2025-01-31|2025-02-01|2025-02-02|2025-02-03|2025-02-04|2025-02-05|2025-02-06|2025-02-07|2025-02-08|2025-02-09|2025-02-10|2025-02-11|2025-02-12|2025-02-13|2025-02-14|2025-02-15|2025-02-16|2025-02-17|2025-02-18|2025-02-19|2025-02-20|2025-02-21|2025-02-22|2025-02-23|2025-02-24|2025-02-25|2025-02-26|2025-02-27|2025-02-28|2025-03-01|2025-03-02|2025-03-03|2025-03-04|2025-03-05|2025-03-06|2025-03-07|2025-03-08|2025-03-09|2025-03-10|2025-03-11|2025-03-12|2025-03-13|2025-03-14|2025-03-15|2025-03-16|2025-03-17|2025-03-18|2025-03-19|2025-03-20|2025-03-21|2025-03-22|2025-03-23|2025-03-24|2025-03-25|2025-03-26|2025-03-27|2025-03-28|2025-03-29|2025-03-30|2025-03-31|2025-04-01|2025-04-02|2025-04-03|2025-04-04|2025-04-05|2025-04-06|2025-04-07|2025-04-08|2025-04-09|2025-04-10|2025-04-11|2025-04-12|2025-04-13|2025-04-14|2025-04-15|2025-04-16|2025-04-17|2025-04-18|2025-04-19|2025-04-20|2025-04-21|2025-04-22|2025-04-23|2025-04-24|2025-04-25|2025-04-26|2025-04-27|2025-04-28|2025-04-29|2025-04-30|2025-05-01|2025-05-02|2025-05-03|2025-05-04|2025-05-05|2025-05-06|2025-05-07|2025-05-08|2025-05-09|2025-05-10|2025-05-11|2025-05-12|2025-05-13|2025-05-14|2025-05-15|2025-05-16|2025-05-17|2025-05-18|2025-05-19|2025-05-20|2025-05-21|2025-05-22|2025-05-23|2025-05-24|2025-05-25|2025-05-26|2025-05-27|2025-05-28|2025-05-29|2025-05-30|2025-05-31|2025-06-01|2025-06-02|2025-06-03|2025-06-04|2025-06-05|2025-06-06|2025-06-07|2025-06-08|2025-06-09|2025-06-10|2025-06-11|2025-06-12|2025-06-13|2025-06-14|2025-06-15|2025-06-16|2025-06-17|2025-06-18|2025-06-19|2025-06-20,0.06315291312721544,0.05969915742380537,0.06135163865512525,0.0642057990772147
2025-06-22,2,144,2025-01-29,2025-06-21,2025-01-29|2025-01-30|2025-01-31|2025-02-01|2025-02-02|2025-02-03|2025-02-04|2025-02-05|2025-02-06|2025-02-07|2025-02-08|2025-02-09|2025-02-10|2025-02-11|2025-02-12|2025-02-13|2025-02-14|2025-02-15|2025-02-16|2025-02-17|2025-02-18|2025-02-19|2025-02-20|2025-02-21|2025-02-22|2025-02-23|2025-02-24|2025-02-25|2025-02-26|2025-02-27|2025-02-28|2025-03-01|2025-03-02|2025-03-03|2025-03-04|2025-03-05|2025-03-06|2025-03-07|2025-03-08|2025-03-09|2025-03-10|2025-03-11|2025-03-12|2025-03-13|2025-03-14|2025-03-15|2025-03-16|2025-03-17|2025-03-18|2025-03-19|2025-03-20|2025-03-21|2025-03-22|2025-03-23|2025-03-24|2025-03-25|2025-03-26|2025-03-27|2025-03-28|2025-03-29|2025-03-30|2025-03-31|2025-04-01|2025-04-02|2025-04-03|2025-04-04|2025-04-05|2025-04-06|2025-04-07|2025-04-08|2025-04-09|2025-04-10|2025-04-11|2025-04-12|2025-04-13|2025-04-14|2025-04-15|2025-04-16|2025-04-17|2025-04-18|2025-04-19|2025-04-20|2025-04-21|2025-04-22|2025-04-23|2025-04-24|2025-04-25|2025-04-26|2025-04-27|2025-04-28|2025-04-29|2025-04-30|2025-05-01|2025-05-02|2025-05-03|2025-05-04|2025-05-05|2025-05-06|2025-05-07|2025-05-08|2025-05-09|2025-05-10|2025-05-11|2025-05-12|2025-05-13|2025-05-14|2025-05-15|2025-05-16|2025-05-17|2025-05-18|2025-05-19|2025-05-20|2025-05-21|2025-05-22|2025-05-23|2025-05-24|2025-05-25|2025-05-26|2025-05-27|2025-05-28|2025-05-29|2025-05-30|2025-05-31|2025-06-01|2025-06-02|2025-06-03|2025-06-04|2025-06-05|2025-06-06|2025-06-07|2025-06-08|2025-06-09|2025-06-10|2025-06-11|2025-06-12|2025-06-13|2025-06-14|2025-06-15|2025-06-16|2025-06-17|2025-06-18|2025-06-19|2025-06-20|2025-06-21,0.06329012428700839,0.05982454555895624,0.0613698047804398,0.06416922691226064
2025-06-23,2,145,2025-01-29,2025-06-22,2025-01-29|2025-01-30|2025-01-31|2025-02-01|2025-02-02|2025-02-03|2025-02-04|2025-02-05|2025-02-06|2025-02-07|2025-02-08|2025-02-09|2025-02-10|2025-02-11|2025-02-12|2025-02-13|2025-02-14|2025-02-15|2025-02-16|2025-02-17|2025-02-18|2025-02-19|2025-02-20|2025-02-21|2025-02-22|2025-02-23|2025-02-24|2025-02-25|2025-02-26|2025-02-27|2025-02-28|2025-03-01|2025-03-02|2025-03-03|2025-03-04|2025-03-05|2025-03-06|2025-03-07|2025-03-08|2025-03-09|2025-03-10|2025-03-11|2025-03-12|2025-03-13|2025-03-14|2025-03-15|2025-03-16|2025-03-17|2025-03-18|2025-03-19|2025-03-20|2025-03-21|2025-03-22|2025-03-23|2025-03-24|2025-03-25|2025-03-26|2025-03-27|2025-03-28|2025-03-29|2025-03-30|2025-03-31|2025-04-01|2025-04-02|2025-04-03|2025-04-04|2025-04-05|2025-04-06|2025-04-07|2025-04-08|2025-04-09|2025-04-10|2025-04-11|2025-04-12|2025-04-13|2025-04-14|2025-04-15|2025-04-16|2025-04-17|2025-04-18|2025-04-19|2025-04-20|2025-04-21|2025-04-22|2025-04-23|2025-04-24|2025-04-25|2025-04-26|2025-04-27|2025-04-28|2025-04-29|2025-04-30|2025-05-01|2025-05-02|2025-05-03|2025-05-04|2025-05-05|2025-05-06|2025-05-07|2025-05-08|2025-05-09|2025-05-10|2025-05-11|2025-05-12|2025-05-13|2025-05-14|2025-05-15|2025-05-16|2025-05-17|2025-05-18|2025-05-19|2025-05-20|2025-05-21|2025-05-22|2025-05-23|2025-05-24|2025-05-25|2025-05-26|2025-05-27|2025-05-28|2025-05-29|2025-05-30|2025-05-31|2025-06-01|2025-06-02|2025-06-03|2025-06-04|2025-06-05|2025-06-06|2025-06-07|2025-06-08|2025-06-09|2025-06-10|2025-06-11|2025-06-12|2025-06-13|2025-06-14|2025-06-15|2025-06-16|2025-06-17|2025-06-18|2025-06-19|2025-06-20|2025-06-21|2025-06-22,0.06323610665075287,0.059723324718053306,0.06125620970309412,0.0640457791296296
2025-06-24,2,146,2025-01-29,2025-06-23,2025-01-29|2025-01-30|2025-01-31|2025-02-01|2025-02-02|2025-02-03|2025-02-04|2025-02-05|2025-02-06|2025-02-07|2025-02-08|2025-02-09|2025-02-10|2025-02-11|2025-02-12|2025-02-13|2025-02-14|2025-02-15|2025-02-16|2025-02-17|2025-02-18|2025-02-19|2025-02-20|2025-02-21|2025-02-22|2025-02-23|2025-02-24|2025-02-25|2025-02-26|2025-02-27|2025-02-28|2025-03-01|2025-03-02|2025-03-03|2025-03-04|2025-03-05|2025-03-06|2025-03-07|2025-03-08|2025-03-09|2025-03-10|2025-03-11|2025-03-12|2025-03-13|2025-03-14|2025-03-15|2025-03-16|2025-03-17|2025-03-18|2025-03-19|2025-03-20|2025-03-21|2025-03-22|2025-03-23|2025-03-24|2025-03-25|2025-03-26|2025-03-27|2025-03-28|2025-03-29|2025-03-30|2025-03-31|2025-04-01|2025-04-02|2025-04-03|2025-04-04|2025-04-05|2025-04-06|2025-04-07|2025-04-08|2025-04-09|2025-04-10|2025-04-11|2025-04-12|2025-04-13|2025-04-14|2025-04-15|2025-04-16|2025-04-17|2025-04-18|2025-04-19|2025-04-20|2025-04-21|2025-04-22|2025-04-23|2025-04-24|2025-04-25|2025-04-26|2025-04-27|2025-04-28|2025-04-29|2025-04-30|2025-05-01|2025-05-02|2025-05-03|2025-05-04|2025-05-05|2025-05-06|2025-05-07|2025-05-08|2025-05-09|2025-05-10|2025-05-11|2025-05-12|2025-05-13|2025-05-14|2025-05-15|2025-05-16|2025-05-17|2025-05-18|2025-05-19|2025-05-20|2025-05-21|2025-05-22|2025-05-23|2025-05-24|2025-05-25|2025-05-26|2025-05-27|2025-05-28|2025-05-29|2025-05-30|2025-05-31|2025-06-01|2025-06-02|2025-06-03|2025-06-04|2025-06-05|2025-06-06|2025-06-07|2025-06-08|2025-06-09|2025-06-10|2025-06-11|2025-06-12|2025-06-13|2025-06-14|2025-06-15|2025-06-16|2025-06-17|2025-06-18|2025-06-19|2025-06-20|2025-06-21|2025-06-22|2025-06-23,0.06317788715617083,0.05964557554811548,0.06111965166366243,0.06388139735421072
2025-06-25,2,147,2025-01-29,2025-06-24,2025-01-29|2025-01-30|2025-01-31|2025-02-01|2025-02-02|2025-02-03|2025-02-04|2025-02-05|2025-02-06|2025-02-07|2025-02-08|2025-02-09|2025-02-10|2025-02-11|2025-02-12|2025-02-13|2025-02-14|2025-02-15|2025-02-16|2025-02-17|2025-02-18|2025-02-19|2025-02-20|2025-02-21|2025-02-22|2025-02-23|2025-02-24|2025-02-25|2025-02-26|2025-02-27|2025-02-28|2025-03-01|2025-03-02|2025-03-03|2025-03-04|2025-03-05|2025-03-06|2025-03-07|2025-03-08|2025-03-09|2025-03-10|2025-03-11|2025-03-12|2025-03-13|2025-03-14|2025-03-15|2025-03-16|2025-03-17|2025-03-18|2025-03-19|2025-03-20|2025-03-21|2025-03-22|2025-03-23|2025-03-24|2025-03-25|2025-03-26|2025-03-27|2025-03-28|2025-03-29|2025-03-30|2025-03-31|2025-04-01|2025-04-02|2025-04-03|2025-04-04|2025-04-05|2025-04-06|2025-04-07|2025-04-08|2025-04-09|2025-04-10|2025-04-11|2025-04-12|2025-04-13|2025-04-14|2025-04-15|2025-04-16|2025-04-17|2025-04-18|2025-04-19|2025-04-20|2025-04-21|2025-04-22|2025-04-23|2025-04-24|2025-04-25|2025-04-26|2025-04-27|2025-04-28|2025-04-29|2025-04-30|2025-05-01|2025-05-02|2025-05-03|2025-05-04|2025-05-05|2025-05-06|2025-05-07|2025-05-08|2025-05-09|2025-05-10|2025-05-11|2025-05-12|2025-05-13|2025-05-14|2025-05-15|2025-05-16|2025-05-17|2025-05-18|2025-05-19|2025-05-20|2025-05-21|2025-05-22|2025-05-23|2025-05-24|2025-05-25|2025-05-26|2025-05-27|2025-05-28|2025-05-29|2025-05-30|2025-05-31|2025-06-01|2025-06-02|2025-06-03|2025-06-04|2025-06-05|2025-06-06|2025-06-07|2025-06-08|2025-06-09|2025-06-10|2025-06-11|2025-06-12|2025-06-13|2025-06-14|2025-06-15|2025-06-16|2025-06-17|2025-06-18|2025-06-19|2025-06-20|2025-06-21|2025-06-22|2025-06-23|2025-06-24,0.0630761943590975,0.059536491693539785,0.061015306192981365,0.06387120438769764
2025-06-26,2,148,2025-01-29,2025-06-25,2025-01-29|2025-01-30|2025-01-31|2025-02-01|2025-02-02|2025-02-03|2025-02-04|2025-02-05|2025-02-06|2025-02-07|2025-02-08|2025-02-09|2025-02-10|2025-02-11|2025-02-12|2025-02-13|2025-02-14|2025-02-15|2025-02-16|2025-02-17|2025-02-18|2025-02-19|2025-02-20|2025-02-21|2025-02-22|2025-02-23|2025-02-24|2025-02-25|2025-02-26|2025-02-27|2025-02-28|2025-03-01|2025-03-02|2025-03-03|2025-03-04|2025-03-05|2025-03-06|2025-03-07|2025-03-08|2025-03-09|2025-03-10|2025-03-11|2025-03-12|2025-03-13|2025-03-14|2025-03-15|2025-03-16|2025-03-17|2025-03-18|2025-03-19|2025-03-20|2025-03-21|2025-03-22|2025-03-23|2025-03-24|2025-03-25|2025-03-26|2025-03-27|2025-03-28|2025-03-29|2025-03-30|2025-03-31|2025-04-01|2025-04-02|2025-04-03|2025-04-04|2025-04-05|2025-04-06|2025-04-07|2025-04-08|2025-04-09|2025-04-10|2025-04-11|2025-04-12|2025-04-13|2025-04-14|2025-04-15|2025-04-16|2025-04-17|2025-04-18|2025-04-19|2025-04-20|2025-04-21|2025-04-22|2025-04-23|2025-04-24|2025-04-25|2025-04-26|2025-04-27|2025-04-28|2025-04-29|2025-04-30|2025-05-01|2025-05-02|2025-05-03|2025-05-04|2025-05-05|2025-05-06|2025-05-07|2025-05-08|2025-05-09|2025-05-10|2025-05-11|2025-05-12|2025-05-13|2025-05-14|2025-05-15|2025-05-16|2025-05-17|2025-05-18|2025-05-19|2025-05-20|2025-05-21|2025-05-22|2025-05-23|2025-05-24|2025-05-25|2025-05-26|2025-05-27|2025-05-28|2025-05-29|2025-05-30|2025-05-31|2025-06-01|2025-06-02|2025-06-03|2025-06-04|2025-06-05|2025-06-06|2025-06-07|2025-06-08|2025-06-09|2025-06-10|2025-06-11|2025-06-12|2025-06-13|2025-06-14|2025-06-15|2025-06-16|2025-06-17|2025-06-18|2025-06-19|2025-06-20|2025-06-21|2025-06-22|2025-06-23|2025-06-24|2025-06-25,0.06296299845522699,0.05940699431166343,0.06087229243254855,0.06370238837322692
2025-06-27,2,149,2025-01-29,2025-06-26,2025-01-29|2025-01-30|2025-01-31|2025-02-01|2025-02-02|2025-02-03|2025-02-04|2025-02-05|2025-02-06|2025-02-07|2025-02-08|2025-02-09|2025-02-10|2025-02-11|2025-02-12|2025-02-13|2025-02-14|2025-02-15|2025-02-16|2025-02-17|2025-02-18|2025-02-19|2025-02-20|2025-02-21|2025-02-22|2025-02-23|2025-02-24|2025-02-25|2025-02-26|2025-02-27|2025-02-28|2025-03-01|2025-03-02|2025-03-03|2025-03-04|2025-03-05|2025-03-06|2025-03-07|2025-03-08|2025-03-09|2025-03-10|2025-03-11|2025-03-12|2025-03-13|2025-03-14|2025-03-15|2025-03-16|2025-03-17|2025-03-18|2025-03-19|2025-03-20|2025-03-21|2025-03-22|2025-03-23|2025-03-24|2025-03-25|2025-03-26|2025-03-27|2025-03-28|2025-03-29|2025-03-30|2025-03-31|2025-04-01|2025-04-02|2025-04-03|2025-04-04|2025-04-05|2025-04-06|2025-04-07|2025-04-08|2025-04-09|2025-04-10|2025-04-11|2025-04-12|2025-04-13|2025-04-14|2025-04-15|2025-04-16|2025-04-17|2025-04-18|2025-04-19|2025-04-20|2025-04-21|2025-04-22|2025-04-23|2025-04-24|2025-04-25|2025-04-26|2025-04-27|2025-04-28|2025-04-29|2025-04-30|2025-05-01|2025-05-02|2025-05-03|2025-05-04|2025-05-05|2025-05-06|2025-05-07|2025-05-08|2025-05-09|2025-05-10|2025-05-11|2025-05-12|2025-05-13|2025-05-14|2025-05-15|2025-05-16|2025-05-17|2025-05-18|2025-05-19|2025-05-20|2025-05-21|2025-05-22|2025-05-23|2025-05-24|2025-05-25|2025-05-26|2025-05-27|2025-05-28|2025-05-29|2025-05-30|2025-05-31|2025-06-01|2025-06-02|2025-06-03|2025-06-04|2025-06-05|2025-06-06|2025-06-07|2025-06-08|2025-06-09|2025-06-10|2025-06-11|2025-06-12|2025-06-13|2025-06-14|2025-06-15|2025-06-16|2025-06-17|2025-06-18|2025-06-19|2025-06-20|2025-06-21|2025-06-22|2025-06-23|2025-06-24|2025-06-25|2025-06-26,0.06286040884161469,0.059309756744232826,0.060751352317772914,0.06352837595784182
2025-06-28,2,150,2025-01-29,2025-06-27,2025-01-29|2025-01-30|2025-01-31|2025-02-01|2025-02-02|2025-02-03|2025-02-04|2025-02-05|2025-02-06|2025-02-07|2025-02-08|2025-02-09|2025-02-10|2025-02-11|2025-02-12|2025-02-13|2025-02-14|2025-02-15|2025-02-16|2025-02-17|2025-02-18|2025-02-19|2025-02-20|2025-02-21|2025-02-22|2025-02-23|2025-02-24|2025-02-25|2025-02-26|2025-02-27|2025-02-28|2025-03-01|2025-03-02|2025-03-03|2025-03-04|2025-03-05|2025-03-06|2025-03-07|2025-03-08|2025-03-09|2025-03-10|2025-03-11|2025-03-12|2025-03-13|2025-03-14|2025-03-15|2025-03-16|2025-03-17|2025-03-18|2025-03-19|2025-03-20|2025-03-21|2025-03-22|2025-03-23|2025-03-24|2025-03-25|2025-03-26|2025-03-27|2025-03-28|2025-03-29|2025-03-30|2025-03-31|2025-04-01|2025-04-02|2025-04-03|2025-04-04|2025-04-05|2025-04-06|2025-04-07|2025-04-08|2025-04-09|2025-04-10|2025-04-11|2025-04-12|2025-04-13|2025-04-14|2025-04-15|2025-04-16|2025-04-17|2025-04-18|2025-04-19|2025-04-20|2025-04-21|2025-04-22|2025-04-23|2025-04-24|2025-04-25|2025-04-26|2025-04-27|2025-04-28|2025-04-29|2025-04-30|2025-05-01|2025-05-02|2025-05-03|2025-05-04|2025-05-05|2025-05-06|2025-05-07|2025-05-08|2025-05-09|2025-05-10|2025-05-11|2025-05-12|2025-05-13|2025-05-14|2025-05-15|2025-05-16|2025-05-17|2025-05-18|2025-05-19|2025-05-20|2025-05-21|2025-05-22|2025-05-23|2025-05-24|2025-05-25|2025-05-26|2025-05-27|2025-05-28|2025-05-29|2025-05-30|2025-05-31|2025-06-01|2025-06-02|2025-06-03|2025-06-04|2025-06-05|2025-06-06|2025-06-07|2025-06-08|2025-06-09|2025-06-10|2025-06-11|2025-06-12|2025-06-13|2025-06-14|2025-06-15|2025-06-16|2025-06-17|2025-06-18|2025-06-19|2025-06-20|2025-06-21|2025-06-22|2025-06-23|2025-06-24|2025-06-25|2025-06-26|2025-06-27,0.0628509627542163,0.05932974654669173,0.06078378925885562,0.06345382820550906
2025-06-29,2,151,2025-01-29,2025-06-28,2025-01-29|2025-01-30|2025-01-31|2025-02-01|2025-02-02|2025-02-03|2025-02-04|2025-02-05|2025-02-06|2025-02-07|2025-02-08|2025-02-09|2025-02-10|2025-02-11|2025-02-12|2025-02-13|2025-02-14|2025-02-15|2025-02-16|2025-02-17|2025-02-18|2025-02-19|2025-02-20|2025-02-21|2025-02-22|2025-02-23|2025-02-24|2025-02-25|2025-02-26|2025-02-27|2025-02-28|2025-03-01|2025-03-02|2025-03-03|2025-03-04|2025-03-05|2025-03-06|2025-03-07|2025-03-08|2025-03-09|2025-03-10|2025-03-11|2025-03-12|2025-03-13|2025-03-14|2025-03-15|2025-03-16|2025-03-17|2025-03-18|2025-03-19|2025-03-20|2025-03-21|2025-03-22|2025-03-23|2025-03-24|2025-03-25|2025-03-26|2025-03-27|2025-03-28|2025-03-29|2025-03-30|2025-03-31|2025-04-01|2025-04-02|2025-04-03|2025-04-04|2025-04-05|2025-04-06|2025-04-07|2025-04-08|2025-04-09|2025-04-10|2025-04-11|2025-04-12|2025-04-13|2025-04-14|2025-04-15|2025-04-16|2025-04-17|2025-04-18|2025-04-19|2025-04-20|2025-04-21|2025-04-22|2025-04-23|2025-04-24|2025-04-25|2025-04-26|2025-04-27|2025-04-28|2025-04-29|2025-04-30|2025-05-01|2025-05-02|2025-05-03|2025-05-04|2025-05-05|2025-05-06|2025-05-07|2025-05-08|2025-05-09|2025-05-10|2025-05-11|2025-05-12|2025-05-13|2025-05-14|2025-05-15|2025-05-16|2025-05-17|2025-05-18|2025-05-19|2025-05-20|2025-05-21|2025-05-22|2025-05-23|2025-05-24|2025-05-25|2025-05-26|2025-05-27|2025-05-28|2025-05-29|2025-05-30|2025-05-31|2025-06-01|2025-06-02|2025-06-03|2025-06-04|2025-06-05|2025-06-06|2025-06-07|2025-06-08|2025-06-09|2025-06-10|2025-06-11|2025-06-12|2025-06-13|2025-06-14|2025-06-15|2025-06-16|2025-06-17|2025-06-18|2025-06-19|2025-06-20|2025-06-21|2025-06-22|2025-06-23|2025-06-24|2025-06-25|2025-06-26|2025-06-27|2025-06-28,0.06283870543190026,0.05928733714559748,0.06073313783151216,0.06338639714498119
2025-06-30,2,152,2025-01-29,2025-06-29,2025-01-29|2025-01-30|2025-01-31|2025-02-01|2025-02-02|2025-02-03|2025-02-04|2025-02-05|2025-02-06|2025-02-07|2025-02-08|2025-02-09|2025-02-10|2025-02-11|2025-02-12|2025-02-13|2025-02-14|2025-02-15|2025-02-16|2025-02-17|2025-02-18|2025-02-19|2025-02-20|2025-02-21|2025-02-22|2025-02-23|2025-02-24|2025-02-25|2025-02-26|2025-02-27|2025-02-28|2025-03-01|2025-03-02|2025-03-03|2025-03-04|2025-03-05|2025-03-06|2025-03-07|2025-03-08|2025-03-09|2025-03-10|2025-03-11|2025-03-12|2025-03-13|2025-03-14|2025-03-15|2025-03-16|2025-03-17|2025-03-18|2025-03-19|2025-03-20|2025-03-21|2025-03-22|2025-03-23|2025-03-24|2025-03-25|2025-03-26|2025-03-27|2025-03-28|2025-03-29|2025-03-30|2025-03-31|2025-04-01|2025-04-02|2025-04-03|2025-04-04|2025-04-05|2025-04-06|2025-04-07|2025-04-08|2025-04-09|2025-04-10|2025-04-11|2025-04-12|2025-04-13|2025-04-14|2025-04-15|2025-04-16|2025-04-17|2025-04-18|2025-04-19|2025-04-20|2025-04-21|2025-04-22|2025-04-23|2025-04-24|2025-04-25|2025-04-26|2025-04-27|2025-04-28|2025-04-29|2025-04-30|2025-05-01|2025-05-02|2025-05-03|2025-05-04|2025-05-05|2025-05-06|2025-05-07|2025-05-08|2025-05-09|2025-05-10|2025-05-11|2025-05-12|2025-05-13|2025-05-14|2025-05-15|2025-05-16|2025-05-17|2025-05-18|2025-05-19|2025-05-20|2025-05-21|2025-05-22|2025-05-23|2025-05-24|2025-05-25|2025-05-26|2025-05-27|2025-05-28|2025-05-29|2025-05-30|2025-05-31|2025-06-01|2025-06-02|2025-06-03|2025-06-04|2025-06-05|2025-06-06|2025-06-07|2025-06-08|2025-06-09|2025-06-10|2025-06-11|2025-06-12|2025-06-13|2025-06-14|2025-06-15|2025-06-16|2025-06-17|2025-06-18|2025-06-19|2025-06-20|2025-06-21|2025-06-22|2025-06-23|2025-06-24|2025-06-25|2025-06-26|2025-06-27|2025-06-28|2025-06-29,0.06282140928333474,0.05922895465617205,0.06065122823152567,0.06325542632710526
2025-07-01,2,153,2025-01-29,2025-06-30,2025-01-29|2025-01-30|2025-01-31|2025-02-01|2025-02-02|2025-02-03|2025-02-04|2025-02-05|2025-02-06|2025-02-07|2025-02-08|2025-02-09|2025-02-10|2025-02-11|2025-02-12|2025-02-13|2025-02-14|2025-02-15|2025-02-16|2025-02-17|2025-02-18|2025-02-19|2025-02-20|2025-02-21|2025-02-22|2025-02-23|2025-02-24|2025-02-25|2025-02-26|2025-02-27|2025-02-28|2025-03-01|2025-03-02|2025-03-03|2025-03-04|2025-03-05|2025-03-06|2025-03-07|2025-03-08|2025-03-09|2025-03-10|2025-03-11|2025-03-12|2025-03-13|2025-03-14|2025-03-15|2025-03-16|2025-03-17|2025-03-18|2025-03-19|2025-03-20|2025-03-21|2025-03-22|2025-03-23|2025-03-24|2025-03-25|2025-03-26|2025-03-27|2025-03-28|2025-03-29|2025-03-30|2025-03-31|2025-04-01|2025-04-02|2025-04-03|2025-04-04|2025-04-05|2025-04-06|2025-04-07|2025-04-08|2025-04-09|2025-04-10|2025-04-11|2025-04-12|2025-04-13|2025-04-14|2025-04-15|2025-04-16|2025-04-17|2025-04-18|2025-04-19|2025-04-20|2025-04-21|2025-04-22|2025-04-23|2025-04-24|2025-04-25|2025-04-26|2025-04-27|2025-04-28|2025-04-29|2025-04-30|2025-05-01|2025-05-02|2025-05-03|2025-05-04|2025-05-05|2025-05-06|2025-05-07|2025-05-08|2025-05-09|2025-05-10|2025-05-11|2025-05-12|2025-05-13|2025-05-14|2025-05-15|2025-05-16|2025-05-17|2025-05-18|2025-05-19|2025-05-20|2025-05-21|2025-05-22|2025-05-23|2025-05-24|2025-05-25|2025-05-26|2025-05-27|2025-05-28|2025-05-29|2025-05-30|2025-05-31|2025-06-01|2025-06-02|2025-06-03|2025-06-04|2025-06-05|2025-06-06|2025-06-07|2025-06-08|2025-06-09|2025-06-10|2025-06-11|2025-06-12|2025-06-13|2025-06-14|2025-06-15|2025-06-16|2025-06-17|2025-06-18|2025-06-19|2025-06-20|2025-06-21|2025-06-22|2025-06-23|2025-06-24|2025-06-25|2025-06-26|2025-06-27|2025-06-28|2025-06-29|2025-06-30,0.0627770149403756,0.0591088452806494,0.06052523475088721,0.06312463353298095
2025-07-02,2,154,2025-01-29,2025-07-01,2025-01-29|2025-01-30|2025-01-31|2025-02-01|2025-02-02|2025-02-03|2025-02-04|2025-02-05|2025-02-06|2025-02-07|2025-02-08|2025-02-09|2025-02-10|2025-02-11|2025-02-12|2025-02-13|2025-02-14|2025-02-15|2025-02-16|2025-02-17|2025-02-18|2025-02-19|2025-02-20|2025-02-21|2025-02-22|2025-02-23|2025-02-24|2025-02-25|2025-02-26|2025-02-27|2025-02-28|2025-03-01|2025-03-02|2025-03-03|2025-03-04|2025-03-05|2025-03-06|2025-03-07|2025-03-08|2025-03-09|2025-03-10|2025-03-11|2025-03-12|2025-03-13|2025-03-14|2025-03-15|2025-03-16|2025-03-17|2025-03-18|2025-03-19|2025-03-20|2025-03-21|2025-03-22|2025-03-23|2025-03-24|2025-03-25|2025-03-26|2025-03-27|2025-03-28|2025-03-29|2025-03-30|2025-03-31|2025-04-01|2025-04-02|2025-04-03|2025-04-04|2025-04-05|2025-04-06|2025-04-07|2025-04-08|2025-04-09|2025-04-10|2025-04-11|2025-04-12|2025-04-13|2025-04-14|2025-04-15|2025-04-16|2025-04-17|2025-04-18|2025-04-19|2025-04-20|2025-04-21|2025-04-22|2025-04-23|2025-04-24|2025-04-25|2025-04-26|2025-04-27|2025-04-28|2025-04-29|2025-04-30|2025-05-01|2025-05-02|2025-05-03|2025-05-04|2025-05-05|2025-05-06|2025-05-07|2025-05-08|2025-05-09|2025-05-10|2025-05-11|2025-05-12|2025-05-13|2025-05-14|2025-05-15|2025-05-16|2025-05-17|2025-05-18|2025-05-19|2025-05-20|2025-05-21|2025-05-22|2025-05-23|2025-05-24|2025-05-25|2025-05-26|2025-05-27|2025-05-28|2025-05-29|2025-05-30|2025-05-31|2025-06-01|2025-06-02|2025-06-03|2025-06-04|2025-06-05|2025-06-06|2025-06-07|2025-06-08|2025-06-09|2025-06-10|2025-06-11|2025-06-12|2025-06-13|2025-06-14|2025-06-15|2025-06-16|2025-06-17|2025-06-18|2025-06-19|2025-06-20|2025-06-21|2025-06-22|2025-06-23|2025-06-24|2025-06-25|2025-06-26|2025-06-27|2025-06-28|2025-06-29|2025-06-30|2025-07-01,0.0629843594272273,0.05936349755672821,0.0607520704765951,0.06332615075394553
2025-07-03,2,155,2025-01-29,2025-07-02,2025-01-29|2025-01-30|2025-01-31|2025-02-01|2025-02-02|2025-02-03|2025-02-04|2025-02-05|2025-02-06|2025-02-07|2025-02-08|2025-02-09|2025-02-10|2025-02-11|2025-02-12|2025-02-13|2025-02-14|2025-02-15|2025-02-16|2025-02-17|2025-02-18|2025-02-19|2025-02-20|2025-02-21|2025-02-22|2025-02-23|2025-02-24|2025-02-25|2025-02-26|2025-02-27|2025-02-28|2025-03-01|2025-03-02|2025-03-03|2025-03-04|2025-03-05|2025-03-06|2025-03-07|2025-03-08|2025-03-09|2025-03-10|2025-03-11|2025-03-12|2025-03-13|2025-03-14|2025-03-15|2025-03-16|2025-03-17|2025-03-18|2025-03-19|2025-03-20|2025-03-21|2025-03-22|2025-03-23|2025-03-24|2025-03-25|2025-03-26|2025-03-27|2025-03-28|2025-03-29|2025-03-30|2025-03-31|2025-04-01|2025-04-02|2025-04-03|2025-04-04|2025-04-05|2025-04-06|2025-04-07|2025-04-08|2025-04-09|2025-04-10|2025-04-11|2025-04-12|2025-04-13|2025-04-14|2025-04-15|2025-04-16|2025-04-17|2025-04-18|2025-04-19|2025-04-20|2025-04-21|2025-04-22|2025-04-23|2025-04-24|2025-04-25|2025-04-26|2025-04-27|2025-04-28|2025-04-29|2025-04-30|2025-05-01|2025-05-02|2025-05-03|2025-05-04|2025-05-05|2025-05-06|2025-05-07|2025-05-08|2025-05-09|2025-05-10|2025-05-11|2025-05-12|2025-05-13|2025-05-14|2025-05-15|2025-05-16|2025-05-17|2025-05-18|2025-05-19|2025-05-20|2025-05-21|2025-05-22|2025-05-23|2025-05-24|2025-05-25|2025-05-26|2025-05-27|2025-05-28|2025-05-29|2025-05-30|2025-05-31|2025-06-01|2025-06-02|2025-06-03|2025-06-04|2025-06-05|2025-06-06|2025-06-07|2025-06-08|2025-06-09|2025-06-10|2025-06-11|2025-06-12|2025-06-13|2025-06-14|2025-06-15|2025-06-16|2025-06-17|2025-06-18|2025-06-19|2025-06-20|2025-06-21|2025-06-22|2025-06-23|2025-06-24|2025-06-25|2025-06-26|2025-06-27|2025-06-28|2025-06-29|2025-06-30|2025-07-01|2025-07-02,0.06326686150658911,0.05966584847419038,0.061029726913397364,0.06356433028164479
2025-07-04,2,156,2025-01-29,2025-07-03,2025-01-29|2025-01-30|2025-01-31|2025-02-01|2025-02-02|2025-02-03|2025-02-04|2025-02-05|2025-02-06|2025-02-07|2025-02-08|2025-02-09|2025-02-10|2025-02-11|2025-02-12|2025-02-13|2025-02-14|2025-02-15|2025-02-16|2025-02-17|2025-02-18|2025-02-19|2025-02-20|2025-02-21|2025-02-22|2025-02-23|2025-02-24|2025-02-25|2025-02-26|2025-02-27|2025-02-28|2025-03-01|2025-03-02|2025-03-03|2025-03-04|2025-03-05|2025-03-06|2025-03-07|2025-03-08|2025-03-09|2025-03-10|2025-03-11|2025-03-12|2025-03-13|2025-03-14|2025-03-15|2025-03-16|2025-03-17|2025-03-18|2025-03-19|2025-03-20|2025-03-21|2025-03-22|2025-03-23|2025-03-24|2025-03-25|2025-03-26|2025-03-27|2025-03-28|2025-03-29|2025-03-30|2025-03-31|2025-04-01|2025-04-02|2025-04-03|2025-04-04|2025-04-05|2025-04-06|2025-04-07|2025-04-08|2025-04-09|2025-04-10|2025-04-11|2025-04-12|2025-04-13|2025-04-14|2025-04-15|2025-04-16|2025-04-17|2025-04-18|2025-04-19|2025-04-20|2025-04-21|2025-04-22|2025-04-23|2025-04-24|2025-04-25|2025-04-26|2025-04-27|2025-04-28|2025-04-29|2025-04-30|2025-05-01|2025-05-02|2025-05-03|2025-05-04|2025-05-05|2025-05-06|2025-05-07|2025-05-08|2025-05-09|2025-05-10|2025-05-11|2025-05-12|2025-05-13|2025-05-14|2025-05-15|2025-05-16|2025-05-17|2025-05-18|2025-05-19|2025-05-20|2025-05-21|2025-05-22|2025-05-23|2025-05-24|2025-05-25|2025-05-26|2025-05-27|2025-05-28|2025-05-29|2025-05-30|2025-05-31|2025-06-01|2025-06-02|2025-06-03|2025-06-04|2025-06-05|2025-06-06|2025-06-07|2025-06-08|2025-06-09|2025-06-10|2025-06-11|2025-06-12|2025-06-13|2025-06-14|2025-06-15|2025-06-16|2025-06-17|2025-06-18|2025-06-19|2025-06-20|2025-06-21|2025-06-22|2025-06-23|2025-06-24|2025-06-25|2025-06-26|2025-06-27|2025-06-28|2025-06-29|2025-06-30|2025-07-01|2025-07-02|2025-07-03,0.06367504835871268,0.06006816508295866,0.0613813366058268,0.06387646673631317
2025-07-05,2,157,2025-01-29,2025-07-04,2025-01-29|2025-01-30|2025-01-31|2025-02-01|2025-02-02|2025-02-03|2025-02-04|2025-02-05|2025-02-06|2025-02-07|2025-02-08|2025-02-09|2025-02-10|2025-02-11|2025-02-12|2025-02-13|2025-02-14|2025-02-15|2025-02-16|2025-02-17|2025-02-18|2025-02-19|2025-02-20|2025-02-21|2025-02-22|2025-02-23|2025-02-24|2025-02-25|2025-02-26|2025-02-27|2025-02-28|2025-03-01|2025-03-02|2025-03-03|2025-03-04|2025-03-05|2025-03-06|2025-03-07|2025-03-08|2025-03-09|2025-03-10|2025-03-11|2025-03-12|2025-03-13|2025-03-14|2025-03-15|2025-03-16|2025-03-17|2025-03-18|2025-03-19|2025-03-20|2025-03-21|2025-03-22|2025-03-23|2025-03-24|2025-03-25|2025-03-26|2025-03-27|2025-03-28|2025-03-29|2025-03-30|2025-03-31|2025-04-01|2025-04-02|2025-04-03|2025-04-04|2025-04-05|2025-04-06|2025-04-07|2025-04-08|2025-04-09|2025-04-10|2025-04-11|2025-04-12|2025-04-13|2025-04-14|2025-04-15|2025-04-16|2025-04-17|2025-04-18|2025-04-19|2025-04-20|2025-04-21|2025-04-22|2025-04-23|2025-04-24|2025-04-25|2025-04-26|2025-04-27|2025-04-28|2025-04-29|2025-04-30|2025-05-01|2025-05-02|2025-05-03|2025-05-04|2025-05-05|2025-05-06|2025-05-07|2025-05-08|2025-05-09|2025-05-10|2025-05-11|2025-05-12|2025-05-13|2025-05-14|2025-05-15|2025-05-16|2025-05-17|2025-05-18|2025-05-19|2025-05-20|2025-05-21|2025-05-22|2025-05-23|2025-05-24|2025-05-25|2025-05-26|2025-05-27|2025-05-28|2025-05-29|2025-05-30|2025-05-31|2025-06-01|2025-06-02|2025-06-03|2025-06-04|2025-06-05|2025-06-06|2025-06-07|2025-06-08|2025-06-09|2025-06-10|2025-06-11|2025-06-12|2025-06-13|2025-06-14|2025-06-15|2025-06-16|2025-06-17|2025-06-18|2025-06-19|2025-06-20|2025-06-21|2025-06-22|2025-06-23|2025-06-24|2025-06-25|2025-06-26|2025-06-27|2025-06-28|2025-06-29|2025-06-30|2025-07-01|2025-07-02|2025-07-03|2025-07-04,0.064161156490997,0.06056056770011977,0.06184440925409275,0.06428986383415794
2025-07-06,2,158,2025-01-29,2025-07-05,2025-01-29|2025-01-30|2025-01-31|2025-02-01|2025-02-02|2025-02-03|2025-02-04|2025-02-05|2025-02-06|2025-02-07|2025-02-08|2025-02-09|2025-02-10|2025-02-11|2025-02-12|2025-02-13|2025-02-14|2025-02-15|2025-02-16|2025-02-17|2025-02-18|2025-02-19|2025-02-20|2025-02-21|2025-02-22|2025-02-23|2025-02-24|2025-02-25|2025-02-26|2025-02-27|2025-02-28|2025-03-01|2025-03-02|2025-03-03|2025-03-04|2025-03-05|2025-03-06|2025-03-07|2025-03-08|2025-03-09|2025-03-10|2025-03-11|2025-03-12|2025-03-13|2025-03-14|2025-03-15|2025-03-16|2025-03-17|2025-03-18|2025-03-19|2025-03-20|2025-03-21|2025-03-22|2025-03-23|2025-03-24|2025-03-25|2025-03-26|2025-03-27|2025-03-28|2025-03-29|2025-03-30|2025-03-31|2025-04-01|2025-04-02|2025-04-03|2025-04-04|2025-04-05|2025-04-06|2025-04-07|2025-04-08|2025-04-09|2025-04-10|2025-04-11|2025-04-12|2025-04-13|2025-04-14|2025-04-15|2025-04-16|2025-04-17|2025-04-18|2025-04-19|2025-04-20|2025-04-21|2025-04-22|2025-04-23|2025-04-24|2025-04-25|2025-04-26|2025-04-27|2025-04-28|2025-04-29|2025-04-30|2025-05-01|2025-05-02|2025-05-03|2025-05-04|2025-05-05|2025-05-06|2025-05-07|2025-05-08|2025-05-09|2025-05-10|2025-05-11|2025-05-12|2025-05-13|2025-05-14|2025-05-15|2025-05-16|2025-05-17|2025-05-18|2025-05-19|2025-05-20|2025-05-21|2025-05-22|2025-05-23|2025-05-24|2025-05-25|2025-05-26|2025-05-27|2025-05-28|2025-05-29|2025-05-30|2025-05-31|2025-06-01|2025-06-02|2025-06-03|2025-06-04|2025-06-05|2025-06-06|2025-06-07|2025-06-08|2025-06-09|2025-06-10|2025-06-11|2025-06-12|2025-06-13|2025-06-14|2025-06-15|2025-06-16|2025-06-17|2025-06-18|2025-06-19|2025-06-20|2025-06-21|2025-06-22|2025-06-23|2025-06-24|2025-06-25|2025-06-26|2025-06-27|2025-06-28|2025-06-29|2025-06-30|2025-07-01|2025-07-02|2025-07-03|2025-07-04|2025-07-05,0.06448360708764979,0.06090408321637936,0.06213050374382908,0.06455614523801295
2025-07-07,2,159,2025-01-29,2025-07-06,2025-01-29|2025-01-30|2025-01-31|2025-02-01|2025-02-02|2025-02-03|2025-02-04|2025-02-05|2025-02-06|2025-02-07|2025-02-08|2025-02-09|2025-02-10|2025-02-11|2025-02-12|2025-02-13|2025-02-14|2025-02-15|2025-02-16|2025-02-17|2025-02-18|2025-02-19|2025-02-20|2025-02-21|2025-02-22|2025-02-23|2025-02-24|2025-02-25|2025-02-26|2025-02-27|2025-02-28|2025-03-01|2025-03-02|2025-03-03|2025-03-04|2025-03-05|2025-03-06|2025-03-07|2025-03-08|2025-03-09|2025-03-10|2025-03-11|2025-03-12|2025-03-13|2025-03-14|2025-03-15|2025-03-16|2025-03-17|2025-03-18|2025-03-19|2025-03-20|2025-03-21|2025-03-22|2025-03-23|2025-03-24|2025-03-25|2025-03-26|2025-03-27|2025-03-28|2025-03-29|2025-03-30|2025-03-31|2025-04-01|2025-04-02|2025-04-03|2025-04-04|2025-04-05|2025-04-06|2025-04-07|2025-04-08|2025-04-09|2025-04-10|2025-04-11|2025-04-12|2025-04-13|2025-04-14|2025-04-15|2025-04-16|2025-04-17|2025-04-18|2025-04-19|2025-04-20|2025-04-21|2025-04-22|2025-04-23|2025-04-24|2025-04-25|2025-04-26|2025-04-27|2025-04-28|2025-04-29|2025-04-30|2025-05-01|2025-05-02|2025-05-03|2025-05-04|2025-05-05|2025-05-06|2025-05-07|2025-05-08|2025-05-09|2025-05-10|2025-05-11|2025-05-12|2025-05-13|2025-05-14|2025-05-15|2025-05-16|2025-05-17|2025-05-18|2025-05-19|2025-05-20|2025-05-21|2025-05-22|2025-05-23|2025-05-24|2025-05-25|2025-05-26|2025-05-27|2025-05-28|2025-05-29|2025-05-30|2025-05-31|2025-06-01|2025-06-02|2025-06-03|2025-06-04|2025-06-05|2025-06-06|2025-06-07|2025-06-08|2025-06-09|2025-06-10|2025-06-11|2025-06-12|2025-06-13|2025-06-14|2025-06-15|2025-06-16|2025-06-17|2025-06-18|2025-06-19|2025-06-20|2025-06-21|2025-06-22|2025-06-23|2025-06-24|2025-06-25|2025-06-26|2025-06-27|2025-06-28|2025-06-29|2025-06-30|2025-07-01|2025-07-02|2025-07-03|2025-07-04|2025-07-05|2025-07-06,0.06490103518273072,0.061279686962741775,0.06245600355883413,0.06487593447043086
2025-07-08,2,160,2025-01-29,2025-07-07,2025-01-29|2025-01-30|2025-01-31|2025-02-01|2025-02-02|2025-02-03|2025-02-04|2025-02-05|2025-02-06|2025-02-07|2025-02-08|2025-02-09|2025-02-10|2025-02-11|2025-02-12|2025-02-13|2025-02-14|2025-02-15|2025-02-16|2025-02-17|2025-02-18|2025-02-19|2025-02-20|2025-02-21|2025-02-22|2025-02-23|2025-02-24|2025-02-25|2025-02-26|2025-02-27|2025-02-28|2025-03-01|2025-03-02|2025-03-03|2025-03-04|2025-03-05|2025-03-06|2025-03-07|2025-03-08|2025-03-09|2025-03-10|2025-03-11|2025-03-12|2025-03-13|2025-03-14|2025-03-15|2025-03-16|2025-03-17|2025-03-18|2025-03-19|2025-03-20|2025-03-21|2025-03-22|2025-03-23|2025-03-24|2025-03-25|2025-03-26|2025-03-27|2025-03-28|2025-03-29|2025-03-30|2025-03-31|2025-04-01|2025-04-02|2025-04-03|2025-04-04|2025-04-05|2025-04-06|2025-04-07|2025-04-08|2025-04-09|2025-04-10|2025-04-11|2025-04-12|2025-04-13|2025-04-14|2025-04-15|2025-04-16|2025-04-17|2025-04-18|2025-04-19|2025-04-20|2025-04-21|2025-04-22|2025-04-23|2025-04-24|2025-04-25|2025-04-26|2025-04-27|2025-04-28|2025-04-29|2025-04-30|2025-05-01|2025-05-02|2025-05-03|2025-05-04|2025-05-05|2025-05-06|2025-05-07|2025-05-08|2025-05-09|2025-05-10|2025-05-11|2025-05-12|2025-05-13|2025-05-14|2025-05-15|2025-05-16|2025-05-17|2025-05-18|2025-05-19|2025-05-20|2025-05-21|2025-05-22|2025-05-23|2025-05-24|2025-05-25|2025-05-26|2025-05-27|2025-05-28|2025-05-29|2025-05-30|2025-05-31|2025-06-01|2025-06-02|2025-06-03|2025-06-04|2025-06-05|2025-06-06|2025-06-07|2025-06-08|2025-06-09|2025-06-10|2025-06-11|2025-06-12|2025-06-13|2025-06-14|2025-06-15|2025-06-16|2025-06-17|2025-06-18|2025-06-19|2025-06-20|2025-06-21|2025-06-22|2025-06-23|2025-06-24|2025-06-25|2025-06-26|2025-06-27|2025-06-28|2025-06-29|2025-06-30|2025-07-01|2025-07-02|2025-07-03|2025-07-04|2025-07-05|2025-07-06|2025-07-07,0.0652004020230107,0.06155632163891048,0.06270349341012858,0.06508761520261706
2025-07-09,2,161,2025-01-29,2025-07-08,2025-01-29|2025-01-30|2025-01-31|2025-02-01|2025-02-02|2025-02-03|2025-02-04|2025-02-05|2025-02-06|2025-02-07|2025-02-08|2025-02-09|2025-02-10|2025-02-11|2025-02-12|2025-02-13|2025-02-14|2025-02-15|2025-02-16|2025-02-17|2025-02-18|2025-02-19|2025-02-20|2025-02-21|2025-02-22|2025-02-23|2025-02-24|2025-02-25|2025-02-26|2025-02-27|2025-02-28|2025-03-01|2025-03-02|2025-03-03|2025-03-04|2025-03-05|2025-03-06|2025-03-07|2025-03-08|2025-03-09|2025-03-10|2025-03-11|2025-03-12|2025-03-13|2025-03-14|2025-03-15|2025-03-16|2025-03-17|2025-03-18|2025-03-19|2025-03-20|2025-03-21|2025-03-22|2025-03-23|2025-03-24|2025-03-25|2025-03-26|2025-03-27|2025-03-28|2025-03-29|2025-03-30|2025-03-31|2025-04-01|2025-04-02|2025-04-03|2025-04-04|2025-04-05|2025-04-06|2025-04-07|2025-04-08|2025-04-09|2025-04-10|2025-04-11|2025-04-12|2025-04-13|2025-04-14|2025-04-15|2025-04-16|2025-04-17|2025-04-18|2025-04-19|2025-04-20|2025-04-21|2025-04-22|2025-04-23|2025-04-24|2025-04-25|2025-04-26|2025-04-27|2025-04-28|2025-04-29|2025-04-30|2025-05-01|2025-05-02|2025-05-03|2025-05-04|2025-05-05|2025-05-06|2025-05-07|2025-05-08|2025-05-09|2025-05-10|2025-05-11|2025-05-12|2025-05-13|2025-05-14|2025-05-15|2025-05-16|2025-05-17|2025-05-18|2025-05-19|2025-05-20|2025-05-21|2025-05-22|2025-05-23|2025-05-24|2025-05-25|2025-05-26|2025-05-27|2025-05-28|2025-05-29|2025-05-30|2025-05-31|2025-06-01|2025-06-02|2025-06-03|2025-06-04|2025-06-05|2025-06-06|2025-06-07|2025-06-08|2025-06-09|2025-06-10|2025-06-11|2025-06-12|2025-06-13|2025-06-14|2025-06-15|2025-06-16|2025-06-17|2025-06-18|2025-06-19|2025-06-20|2025-06-21|2025-06-22|2025-06-23|2025-06-24|2025-06-25|2025-06-26|2025-06-27|2025-06-28|2025-06-29|2025-06-30|2025-07-01|2025-07-02|2025-07-03|2025-07-04|2025-07-05|2025-07-06|2025-07-07|2025-07-08,0.06508170091861797,0.061621642152414176,0.06285072288790702,0.06525414331850968
2025-07-10,2,162,2025-01-29,2025-07-09,2025-01-29|2025-01-30|2025-01-31|2025-02-01|2025-02-02|2025-02-03|2025-02-04|2025-02-05|2025-02-06|2025-02-07|2025-02-08|2025-02-09|2025-02-10|2025-02-11|2025-02-12|2025-02-13|2025-02-14|2025-02-15|2025-02-16|2025-02-17|2025-02-18|2025-02-19|2025-02-20|2025-02-21|2025-02-22|2025-02-23|2025-02-24|2025-02-25|2025-02-26|2025-02-27|2025-02-28|2025-03-01|2025-03-02|2025-03-03|2025-03-04|2025-03-05|2025-03-06|2025-03-07|2025-03-08|2025-03-09|2025-03-10|2025-03-11|2025-03-12|2025-03-13|2025-03-14|2025-03-15|2025-03-16|2025-03-17|2025-03-18|2025-03-19|2025-03-20|2025-03-21|2025-03-22|2025-03-23|2025-03-24|2025-03-25|2025-03-26|2025-03-27|2025-03-28|2025-03-29|2025-03-30|2025-03-31|2025-04-01|2025-04-02|2025-04-03|2025-04-04|2025-04-05|2025-04-06|2025-04-07|2025-04-08|2025-04-09|2025-04-10|2025-04-11|2025-04-12|2025-04-13|2025-04-14|2025-04-15|2025-04-16|2025-04-17|2025-04-18|2025-04-19|2025-04-20|2025-04-21|2025-04-22|2025-04-23|2025-04-24|2025-04-25|2025-04-26|2025-04-27|2025-04-28|2025-04-29|2025-04-30|2025-05-01|2025-05-02|2025-05-03|2025-05-04|2025-05-05|2025-05-06|2025-05-07|2025-05-08|2025-05-09|2025-05-10|2025-05-11|2025-05-12|2025-05-13|2025-05-14|2025-05-15|2025-05-16|2025-05-17|2025-05-18|2025-05-19|2025-05-20|2025-05-21|2025-05-22|2025-05-23|2025-05-24|2025-05-25|2025-05-26|2025-05-27|2025-05-28|2025-05-29|2025-05-30|2025-05-31|2025-06-01|2025-06-02|2025-06-03|2025-06-04|2025-06-05|2025-06-06|2025-06-07|2025-06-08|2025-06-09|2025-06-10|2025-06-11|2025-06-12|2025-06-13|2025-06-14|2025-06-15|2025-06-16|2025-06-17|2025-06-18|2025-06-19|2025-06-20|2025-06-21|2025-06-22|2025-06-23|2025-06-24|2025-06-25|2025-06-26|2025-06-27|2025-06-28|2025-06-29|2025-06-30|2025-07-01|2025-07-02|2025-07-03|2025-07-04|2025-07-05|2025-07-06|2025-07-07|2025-07-08|2025-07-09,0.06489692822728128,0.06162112540867636,0.06292250787425387,0.065349428371644
2025-07-11,2,163,2025-01-29,2025-07-10,2025-01-29|2025-01-30|2025-01-31|2025-02-01|2025-02-02|2025-02-03|2025-02-04|2025-02-05|2025-02-06|2025-02-07|2025-02-08|2025-02-09|2025-02-10|2025-02-11|2025-02-12|2025-02-13|2025-02-14|2025-02-15|2025-02-16|2025-02-17|2025-02-18|2025-02-19|2025-02-20|2025-02-21|2025-02-22|2025-02-23|2025-02-24|2025-02-25|2025-02-26|2025-02-27|2025-02-28|2025-03-01|2025-03-02|2025-03-03|2025-03-04|2025-03-05|2025-03-06|2025-03-07|2025-03-08|2025-03-09|2025-03-10|2025-03-11|2025-03-12|2025-03-13|2025-03-14|2025-03-15|2025-03-16|2025-03-17|2025-03-18|2025-03-19|2025-03-20|2025-03-21|2025-03-22|2025-03-23|2025-03-24|2025-03-25|2025-03-26|2025-03-27|2025-03-28|2025-03-29|2025-03-30|2025-03-31|2025-04-01|2025-04-02|2025-04-03|2025-04-04|2025-04-05|2025-04-06|2025-04-07|2025-04-08|2025-04-09|2025-04-10|2025-04-11|2025-04-12|2025-04-13|2025-04-14|2025-04-15|2025-04-16|2025-04-17|2025-04-18|2025-04-19|2025-04-20|2025-04-21|2025-04-22|2025-04-23|2025-04-24|2025-04-25|2025-04-26|2025-04-27|2025-04-28|2025-04-29|2025-04-30|2025-05-01|2025-05-02|2025-05-03|2025-05-04|2025-05-05|2025-05-06|2025-05-07|2025-05-08|2025-05-09|2025-05-10|2025-05-11|2025-05-12|2025-05-13|2025-05-14|2025-05-15|2025-05-16|2025-05-17|2025-05-18|2025-05-19|2025-05-20|2025-05-21|2025-05-22|2025-05-23|2025-05-24|2025-05-25|2025-05-26|2025-05-27|2025-05-28|2025-05-29|2025-05-30|2025-05-31|2025-06-01|2025-06-02|2025-06-03|2025-06-04|2025-06-05|2025-06-06|2025-06-07|2025-06-08|2025-06-09|2025-06-10|2025-06-11|2025-06-12|2025-06-13|2025-06-14|2025-06-15|2025-06-16|2025-06-17|2025-06-18|2025-06-19|2025-06-20|2025-06-21|2025-06-22|2025-06-23|2025-06-24|2025-06-25|2025-06-26|2025-06-27|2025-06-28|2025-06-29|2025-06-30|2025-07-01|2025-07-02|2025-07-03|2025-07-04|2025-07-05|2025-07-06|2025-07-07|2025-07-08|2025-07-09|2025-07-10,0.06490476524459816,0.06168789513902176,0.06305258621869597,0.06549825796771935
2025-07-12,2,164,2025-01-29,2025-07-11,2025-01-29|2025-01-30|2025-01-31|2025-02-01|2025-02-02|2025-02-03|2025-02-04|2025-02-05|2025-02-06|2025-02-07|2025-02-08|2025-02-09|2025-02-10|2025-02-11|2025-02-12|2025-02-13|2025-02-14|2025-02-15|2025-02-16|2025-02-17|2025-02-18|2025-02-19|2025-02-20|2025-02-21|2025-02-22|2025-02-23|2025-02-24|2025-02-25|2025-02-26|2025-02-27|2025-02-28|2025-03-01|2025-03-02|2025-03-03|2025-03-04|2025-03-05|2025-03-06|2025-03-07|2025-03-08|2025-03-09|2025-03-10|2025-03-11|2025-03-12|2025-03-13|2025-03-14|2025-03-15|2025-03-16|2025-03-17|2025-03-18|2025-03-19|2025-03-20|2025-03-21|2025-03-22|2025-03-23|2025-03-24|2025-03-25|2025-03-26|2025-03-27|2025-03-28|2025-03-29|2025-03-30|2025-03-31|2025-04-01|2025-04-02|2025-04-03|2025-04-04|2025-04-05|2025-04-06|2025-04-07|2025-04-08|2025-04-09|2025-04-10|2025-04-11|2025-04-12|2025-04-13|2025-04-14|2025-04-15|2025-04-16|2025-04-17|2025-04-18|2025-04-19|2025-04-20|2025-04-21|2025-04-22|2025-04-23|2025-04-24|2025-04-25|2025-04-26|2025-04-27|2025-04-28|2025-04-29|2025-04-30|2025-05-01|2025-05-02|2025-05-03|2025-05-04|2025-05-05|2025-05-06|2025-05-07|2025-05-08|2025-05-09|2025-05-10|2025-05-11|2025-05-12|2025-05-13|2025-05-14|2025-05-15|2025-05-16|2025-05-17|2025-05-18|2025-05-19|2025-05-20|2025-05-21|2025-05-22|2025-05-23|2025-05-24|2025-05-25|2025-05-26|2025-05-27|2025-05-28|2025-05-29|2025-05-30|2025-05-31|2025-06-01|2025-06-02|2025-06-03|2025-06-04|2025-06-05|2025-06-06|2025-06-07|2025-06-08|2025-06-09|2025-06-10|2025-06-11|2025-06-12|2025-06-13|2025-06-14|2025-06-15|2025-06-16|2025-06-17|2025-06-18|2025-06-19|2025-06-20|2025-06-21|2025-06-22|2025-06-23|2025-06-24|2025-06-25|2025-06-26|2025-06-27|2025-06-28|2025-06-29|2025-06-30|2025-07-01|2025-07-02|2025-07-03|2025-07-04|2025-07-05|2025-07-06|2025-07-07|2025-07-08|2025-07-09|2025-07-10|2025-07-11,0.0650010672693882,0.06191007802189723,0.06332765363681546,0.0657622282894125
2025-07-13,2,165,2025-01-29,2025-07-12,2025-01-29|2025-01-30|2025-01-31|2025-02-01|2025-02-02|2025-02-03|2025-02-04|2025-02-05|2025-02-06|2025-02-07|2025-02-08|2025-02-09|2025-02-10|2025-02-11|2025-02-12|2025-02-13|2025-02-14|2025-02-15|2025-02-16|2025-02-17|2025-02-18|2025-02-19|2025-02-20|2025-02-21|2025-02-22|2025-02-23|2025-02-24|2025-02-25|2025-02-26|2025-02-27|2025-02-28|2025-03-01|2025-03-02|2025-03-03|2025-03-04|2025-03-05|2025-03-06|2025-03-07|2025-03-08|2025-03-09|2025-03-10|2025-03-11|2025-03-12|2025-03-13|2025-03-14|2025-03-15|2025-03-16|2025-03-17|2025-03-18|2025-03-19|2025-03-20|2025-03-21|2025-03-22|2025-03-23|2025-03-24|2025-03-25|2025-03-26|2025-03-27|2025-03-28|2025-03-29|2025-03-30|2025-03-31|2025-04-01|2025-04-02|2025-04-03|2025-04-04|2025-04-05|2025-04-06|2025-04-07|2025-04-08|2025-04-09|2025-04-10|2025-04-11|2025-04-12|2025-04-13|2025-04-14|2025-04-15|2025-04-16|2025-04-17|2025-04-18|2025-04-19|2025-04-20|2025-04-21|2025-04-22|2025-04-23|2025-04-24|2025-04-25|2025-04-26|2025-04-27|2025-04-28|2025-04-29|2025-04-30|2025-05-01|2025-05-02|2025-05-03|2025-05-04|2025-05-05|2025-05-06|2025-05-07|2025-05-08|2025-05-09|2025-05-10|2025-05-11|2025-05-12|2025-05-13|2025-05-14|2025-05-15|2025-05-16|2025-05-17|2025-05-18|2025-05-19|2025-05-20|2025-05-21|2025-05-22|2025-05-23|2025-05-24|2025-05-25|2025-05-26|2025-05-27|2025-05-28|2025-05-29|2025-05-30|2025-05-31|2025-06-01|2025-06-02|2025-06-03|2025-06-04|2025-06-05|2025-06-06|2025-06-07|2025-06-08|2025-06-09|2025-06-10|2025-06-11|2025-06-12|2025-06-13|2025-06-14|2025-06-15|2025-06-16|2025-06-17|2025-06-18|2025-06-19|2025-06-20|2025-06-21|2025-06-22|2025-06-23|2025-06-24|2025-06-25|2025-06-26|2025-06-27|2025-06-28|2025-06-29|2025-06-30|2025-07-01|2025-07-02|2025-07-03|2025-07-04|2025-07-05|2025-07-06|2025-07-07|2025-07-08|2025-07-09|2025-07-10|2025-07-11|2025-07-12,0.06498674940275954,0.06205008809524884,0.06352197846115544,0.06595647657849399
2025-07-14,2,166,2025-01-29,2025-07-13,2025-01-29|2025-01-30|2025-01-31|2025-02-01|2025-02-02|2025-02-03|2025-02-04|2025-02-05|2025-02-06|2025-02-07|2025-02-08|2025-02-09|2025-02-10|2025-02-11|2025-02-12|2025-02-13|2025-02-14|2025-02-15|2025-02-16|2025-02-17|2025-02-18|2025-02-19|2025-02-20|2025-02-21|2025-02-22|2025-02-23|2025-02-24|2025-02-25|2025-02-26|2025-02-27|2025-02-28|2025-03-01|2025-03-02|2025-03-03|2025-03-04|2025-03-05|2025-03-06|2025-03-07|2025-03-08|2025-03-09|2025-03-10|2025-03-11|2025-03-12|2025-03-13|2025-03-14|2025-03-15|2025-03-16|2025-03-17|2025-03-18|2025-03-19|2025-03-20|2025-03-21|2025-03-22|2025-03-23|2025-03-24|2025-03-25|2025-03-26|2025-03-27|2025-03-28|2025-03-29|2025-03-30|2025-03-31|2025-04-01|2025-04-02|2025-04-03|2025-04-04|2025-04-05|2025-04-06|2025-04-07|2025-04-08|2025-04-09|2025-04-10|2025-04-11|2025-04-12|2025-04-13|2025-04-14|2025-04-15|2025-04-16|2025-04-17|2025-04-18|2025-04-19|2025-04-20|2025-04-21|2025-04-22|2025-04-23|2025-04-24|2025-04-25|2025-04-26|2025-04-27|2025-04-28|2025-04-29|2025-04-30|2025-05-01|2025-05-02|2025-05-03|2025-05-04|2025-05-05|2025-05-06|2025-05-07|2025-05-08|2025-05-09|2025-05-10|2025-05-11|2025-05-12|2025-05-13|2025-05-14|2025-05-15|2025-05-16|2025-05-17|2025-05-18|2025-05-19|2025-05-20|2025-05-21|2025-05-22|2025-05-23|2025-05-24|2025-05-25|2025-05-26|2025-05-27|2025-05-28|2025-05-29|2025-05-30|2025-05-31|2025-06-01|2025-06-02|2025-06-03|2025-06-04|2025-06-05|2025-06-06|2025-06-07|2025-06-08|2025-06-09|2025-06-10|2025-06-11|2025-06-12|2025-06-13|2025-06-14|2025-06-15|2025-06-16|2025-06-17|2025-06-18|2025-06-19|2025-06-20|2025-06-21|2025-06-22|2025-06-23|2025-06-24|2025-06-25|2025-06-26|2025-06-27|2025-06-28|2025-06-29|2025-06-30|2025-07-01|2025-07-02|2025-07-03|2025-07-04|2025-07-05|2025-07-06|2025-07-07|2025-07-08|2025-07-09|2025-07-10|2025-07-11|2025-07-12|2025-07-13,0.06501365264298357,0.06213237839607866,0.06364446884069024,0.06609520072815908
2025-07-15,2,167,2025-01-29,2025-07-14,2025-01-29|2025-01-30|2025-01-31|2025-02-01|2025-02-02|2025-02-03|2025-02-04|2025-02-05|2025-02-06|2025-02-07|2025-02-08|2025-02-09|2025-02-10|2025-02-11|2025-02-12|2025-02-13|2025-02-14|2025-02-15|2025-02-16|2025-02-17|2025-02-18|2025-02-19|2025-02-20|2025-02-21|2025-02-22|2025-02-23|2025-02-24|2025-02-25|2025-02-26|2025-02-27|2025-02-28|2025-03-01|2025-03-02|2025-03-03|2025-03-04|2025-03-05|2025-03-06|2025-03-07|2025-03-08|2025-03-09|2025-03-10|2025-03-11|2025-03-12|2025-03-13|2025-03-14|2025-03-15|2025-03-16|2025-03-17|2025-03-18|2025-03-19|2025-03-20|2025-03-21|2025-03-22|2025-03-23|2025-03-24|2025-03-25|2025-03-26|2025-03-27|2025-03-28|2025-03-29|2025-03-30|2025-03-31|2025-04-01|2025-04-02|2025-04-03|2025-04-04|2025-04-05|2025-04-06|2025-04-07|2025-04-08|2025-04-09|2025-04-10|2025-04-11|2025-04-12|2025-04-13|2025-04-14|2025-04-15|2025-04-16|2025-04-17|2025-04-18|2025-04-19|2025-04-20|2025-04-21|2025-04-22|2025-04-23|2025-04-24|2025-04-25|2025-04-26|2025-04-27|2025-04-28|2025-04-29|2025-04-30|2025-05-01|2025-05-02|2025-05-03|2025-05-04|2025-05-05|2025-05-06|2025-05-07|2025-05-08|2025-05-09|2025-05-10|2025-05-11|2025-05-12|2025-05-13|2025-05-14|2025-05-15|2025-05-16|2025-05-17|2025-05-18|2025-05-19|2025-05-20|2025-05-21|2025-05-22|2025-05-23|2025-05-24|2025-05-25|2025-05-26|2025-05-27|2025-05-28|2025-05-29|2025-05-30|2025-05-31|2025-06-01|2025-06-02|2025-06-03|2025-06-04|2025-06-05|2025-06-06|2025-06-07|2025-06-08|2025-06-09|2025-06-10|2025-06-11|2025-06-12|2025-06-13|2025-06-14|2025-06-15|2025-06-16|2025-06-17|2025-06-18|2025-06-19|2025-06-20|2025-06-21|2025-06-22|2025-06-23|2025-06-24|2025-06-25|2025-06-26|2025-06-27|2025-06-28|2025-06-29|2025-06-30|2025-07-01|2025-07-02|2025-07-03|2025-07-04|2025-07-05|2025-07-06|2025-07-07|2025-07-08|2025-07-09|2025-07-10|2025-07-11|2025-07-12|2025-07-13|2025-07-14,0.0649050873445986,0.062173265627322644,0.06373323308038836,0.06620233416460941
2025-07-16,2,168,2025-01-29,2025-07-15,2025-01-29|2025-01-30|2025-01-31|2025-02-01|2025-02-02|2025-02-03|2025-02-04|2025-02-05|2025-02-06|2025-02-07|2025-02-08|2025-02-09|2025-02-10|2025-02-11|2025-02-12|2025-02-13|2025-02-14|2025-02-15|2025-02-16|2025-02-17|2025-02-18|2025-02-19|2025-02-20|2025-02-21|2025-02-22|2025-02-23|2025-02-24|2025-02-25|2025-02-26|2025-02-27|2025-02-28|2025-03-01|2025-03-02|2025-03-03|2025-03-04|2025-03-05|2025-03-06|2025-03-07|2025-03-08|2025-03-09|2025-03-10|2025-03-11|2025-03-12|2025-03-13|2025-03-14|2025-03-15|2025-03-16|2025-03-17|2025-03-18|2025-03-19|2025-03-20|2025-03-21|2025-03-22|2025-03-23|2025-03-24|2025-03-25|2025-03-26|2025-03-27|2025-03-28|2025-03-29|2025-03-30|2025-03-31|2025-04-01|2025-04-02|2025-04-03|2025-04-04|2025-04-05|2025-04-06|2025-04-07|2025-04-08|2025-04-09|2025-04-10|2025-04-11|2025-04-12|2025-04-13|2025-04-14|2025-04-15|2025-04-16|2025-04-17|2025-04-18|2025-04-19|2025-04-20|2025-04-21|2025-04-22|2025-04-23|2025-04-24|2025-04-25|2025-04-26|2025-04-27|2025-04-28|2025-04-29|2025-04-30|2025-05-01|2025-05-02|2025-05-03|2025-05-04|2025-05-05|2025-05-06|2025-05-07|2025-05-08|2025-05-09|2025-05-10|2025-05-11|2025-05-12|2025-05-13|2025-05-14|2025-05-15|2025-05-16|2025-05-17|2025-05-18|2025-05-19|2025-05-20|2025-05-21|2025-05-22|2025-05-23|2025-05-24|2025-05-25|2025-05-26|2025-05-27|2025-05-28|2025-05-29|2025-05-30|2025-05-31|2025-06-01|2025-06-02|2025-06-03|2025-06-04|2025-06-05|2025-06-06|2025-06-07|2025-06-08|2025-06-09|2025-06-10|2025-06-11|2025-06-12|2025-06-13|2025-06-14|2025-06-15|2025-06-16|2025-06-17|2025-06-18|2025-06-19|2025-06-20|2025-06-21|2025-06-22|2025-06-23|2025-06-24|2025-06-25|2025-06-26|2025-06-27|2025-06-28|2025-06-29|2025-06-30|2025-07-01|2025-07-02|2025-07-03|2025-07-04|2025-07-05|2025-07-06|2025-07-07|2025-07-08|2025-07-09|2025-07-10|2025-07-11|2025-07-12|2025-07-13|2025-07-14|2025-07-15,0.06488160898721139,0.06211208205172966,0.06365128692342227,0.06614002082315985
2025-07-17,2,169,2025-01-29,2025-07-16,2025-01-29|2025-01-30|2025-01-31|2025-02-01|2025-02-02|2025-02-03|2025-02-04|2025-02-05|2025-02-06|2025-02-07|2025-02-08|2025-02-09|2025-02-10|2025-02-11|2025-02-12|2025-02-13|2025-02-14|2025-02-15|2025-02-16|2025-02-17|2025-02-18|2025-02-19|2025-02-20|2025-02-21|2025-02-22|2025-02-23|2025-02-24|2025-02-25|2025-02-26|2025-02-27|2025-02-28|2025-03-01|2025-03-02|2025-03-03|2025-03-04|2025-03-05|2025-03-06|2025-03-07|2025-03-08|2025-03-09|2025-03-10|2025-03-11|2025-03-12|2025-03-13|2025-03-14|2025-03-15|2025-03-16|2025-03-17|2025-03-18|2025-03-19|2025-03-20|2025-03-21|2025-03-22|2025-03-23|2025-03-24|2025-03-25|2025-03-26|2025-03-27|2025-03-28|2025-03-29|2025-03-30|2025-03-31|2025-04-01|2025-04-02|2025-04-03|2025-04-04|2025-04-05|2025-04-06|2025-04-07|2025-04-08|2025-04-09|2025-04-10|2025-04-11|2025-04-12|2025-04-13|2025-04-14|2025-04-15|2025-04-16|2025-04-17|2025-04-18|2025-04-19|2025-04-20|2025-04-21|2025-04-22|2025-04-23|2025-04-24|2025-04-25|2025-04-26|2025-04-27|2025-04-28|2025-04-29|2025-04-30|2025-05-01|2025-05-02|2025-05-03|2025-05-04|2025-05-05|2025-05-06|2025-05-07|2025-05-08|2025-05-09|2025-05-10|2025-05-11|2025-05-12|2025-05-13|2025-05-14|2025-05-15|2025-05-16|2025-05-17|2025-05-18|2025-05-19|2025-05-20|2025-05-21|2025-05-22|2025-05-23|2025-05-24|2025-05-25|2025-05-26|2025-05-27|2025-05-28|2025-05-29|2025-05-30|2025-05-31|2025-06-01|2025-06-02|2025-06-03|2025-06-04|2025-06-05|2025-06-06|2025-06-07|2025-06-08|2025-06-09|2025-06-10|2025-06-11|2025-06-12|2025-06-13|2025-06-14|2025-06-15|2025-06-16|2025-06-17|2025-06-18|2025-06-19|2025-06-20|2025-06-21|2025-06-22|2025-06-23|2025-06-24|2025-06-25|2025-06-26|2025-06-27|2025-06-28|2025-06-29|2025-06-30|2025-07-01|2025-07-02|2025-07-03|2025-07-04|2025-07-05|2025-07-06|2025-07-07|2025-07-08|2025-07-09|2025-07-10|2025-07-11|2025-07-12|2025-07-13|2025-07-14|2025-07-15|2025-07-16,0.06474438008446019,0.06196025970350097,0.06353069965998895,0.06606427826754499
2025-07-18,2,170,2025-01-29,2025-07-17,2025-01-29|2025-01-30|2025-01-31|2025-02-01|2025-02-02|2025-02-03|2025-02-04|2025-02-05|2025-02-06|2025-02-07|2025-02-08|2025-02-09|2025-02-10|2025-02-11|2025-02-12|2025-02-13|2025-02-14|2025-02-15|2025-02-16|2025-02-17|2025-02-18|2025-02-19|2025-02-20|2025-02-21|2025-02-22|2025-02-23|2025-02-24|2025-02-25|2025-02-26|2025-02-27|2025-02-28|2025-03-01|2025-03-02|2025-03-03|2025-03-04|2025-03-05|2025-03-06|2025-03-07|2025-03-08|2025-03-09|2025-03-10|2025-03-11|2025-03-12|2025-03-13|2025-03-14|2025-03-15|2025-03-16|2025-03-17|2025-03-18|2025-03-19|2025-03-20|2025-03-21|2025-03-22|2025-03-23|2025-03-24|2025-03-25|2025-03-26|2025-03-27|2025-03-28|2025-03-29|2025-03-30|2025-03-31|2025-04-01|2025-04-02|2025-04-03|2025-04-04|2025-04-05|2025-04-06|2025-04-07|2025-04-08|2025-04-09|2025-04-10|2025-04-11|2025-04-12|2025-04-13|2025-04-14|2025-04-15|2025-04-16|2025-04-17|2025-04-18|2025-04-19|2025-04-20|2025-04-21|2025-04-22|2025-04-23|2025-04-24|2025-04-25|2025-04-26|2025-04-27|2025-04-28|2025-04-29|2025-04-30|2025-05-01|2025-05-02|2025-05-03|2025-05-04|2025-05-05|2025-05-06|2025-05-07|2025-05-08|2025-05-09|2025-05-10|2025-05-11|2025-05-12|2025-05-13|2025-05-14|2025-05-15|2025-05-16|2025-05-17|2025-05-18|2025-05-19|2025-05-20|2025-05-21|2025-05-22|2025-05-23|2025-05-24|2025-05-25|2025-05-26|2025-05-27|2025-05-28|2025-05-29|2025-05-30|2025-05-31|2025-06-01|2025-06-02|2025-06-03|2025-06-04|2025-06-05|2025-06-06|2025-06-07|2025-06-08|2025-06-09|2025-06-10|2025-06-11|2025-06-12|2025-06-13|2025-06-14|2025-06-15|2025-06-16|2025-06-17|2025-06-18|2025-06-19|2025-06-20|2025-06-21|2025-06-22|2025-06-23|2025-06-24|2025-06-25|2025-06-26|2025-06-27|2025-06-28|2025-06-29|2025-06-30|2025-07-01|2025-07-02|2025-07-03|2025-07-04|2025-07-05|2025-07-06|2025-07-07|2025-07-08|2025-07-09|2025-07-10|2025-07-11|2025-07-12|2025-07-13|2025-07-14|2025-07-15|2025-07-16|2025-07-17,0.06465463512824547,0.06185320341224549,0.06341910745871693,0.06600568496522016
2025-07-19,2,171,2025-01-29,2025-07-18,2025-01-29|2025-01-30|2025-01-31|2025-02-01|2025-02-02|2025-02-03|2025-02-04|2025-02-05|2025-02-06|2025-02-07|2025-02-08|2025-02-09|2025-02-10|2025-02-11|2025-02-12|2025-02-13|2025-02-14|2025-02-15|2025-02-16|2025-02-17|2025-02-18|2025-02-19|2025-02-20|2025-02-21|2025-02-22|2025-02-23|2025-02-24|2025-02-25|2025-02-26|2025-02-27|2025-02-28|2025-03-01|2025-03-02|2025-03-03|2025-03-04|2025-03-05|2025-03-06|2025-03-07|2025-03-08|2025-03-09|2025-03-10|2025-03-11|2025-03-12|2025-03-13|2025-03-14|2025-03-15|2025-03-16|2025-03-17|2025-03-18|2025-03-19|2025-03-20|2025-03-21|2025-03-22|2025-03-23|2025-03-24|2025-03-25|2025-03-26|2025-03-27|2025-03-28|2025-03-29|2025-03-30|2025-03-31|2025-04-01|2025-04-02|2025-04-03|2025-04-04|2025-04-05|2025-04-06|2025-04-07|2025-04-08|2025-04-09|2025-04-10|2025-04-11|2025-04-12|2025-04-13|2025-04-14|2025-04-15|2025-04-16|2025-04-17|2025-04-18|2025-04-19|2025-04-20|2025-04-21|2025-04-22|2025-04-23|2025-04-24|2025-04-25|2025-04-26|2025-04-27|2025-04-28|2025-04-29|2025-04-30|2025-05-01|2025-05-02|2025-05-03|2025-05-04|2025-05-05|2025-05-06|2025-05-07|2025-05-08|2025-05-09|2025-05-10|2025-05-11|2025-05-12|2025-05-13|2025-05-14|2025-05-15|2025-05-16|2025-05-17|2025-05-18|2025-05-19|2025-05-20|2025-05-21|2025-05-22|2025-05-23|2025-05-24|2025-05-25|2025-05-26|2025-05-27|2025-05-28|2025-05-29|2025-05-30|2025-05-31|2025-06-01|2025-06-02|2025-06-03|2025-06-04|2025-06-05|2025-06-06|2025-06-07|2025-06-08|2025-06-09|2025-06-10|2025-06-11|2025-06-12|2025-06-13|2025-06-14|2025-06-15|2025-06-16|2025-06-17|2025-06-18|2025-06-19|2025-06-20|2025-06-21|2025-06-22|2025-06-23|2025-06-24|2025-06-25|2025-06-26|2025-06-27|2025-06-28|2025-06-29|2025-06-30|2025-07-01|2025-07-02|2025-07-03|2025-07-04|2025-07-05|2025-07-06|2025-07-07|2025-07-08|2025-07-09|2025-07-10|2025-07-11|2025-07-12|2025-07-13|2025-07-14|2025-07-15|2025-07-16|2025-07-17|2025-07-18,0.06461694572194822,0.06180378499989151,0.06342876441431286,0.06605684520672127
2025-07-20,2,172,2025-01-29,2025-07-19,2025-01-29|2025-01-30|2025-01-31|2025-02-01|2025-02-02|2025-02-03|2025-02-04|2025-02-05|2025-02-06|2025-02-07|2025-02-08|2025-02-09|2025-02-10|2025-02-11|2025-02-12|2025-02-13|2025-02-14|2025-02-15|2025-02-16|2025-02-17|2025-02-18|2025-02-19|2025-02-20|2025-02-21|2025-02-22|2025-02-23|2025-02-24|2025-02-25|2025-02-26|2025-02-27|2025-02-28|2025-03-01|2025-03-02|2025-03-03|2025-03-04|2025-03-05|2025-03-06|2025-03-07|2025-03-08|2025-03-09|2025-03-10|2025-03-11|2025-03-12|2025-03-13|2025-03-14|2025-03-15|2025-03-16|2025-03-17|2025-03-18|2025-03-19|2025-03-20|2025-03-21|2025-03-22|2025-03-23|2025-03-24|2025-03-25|2025-03-26|2025-03-27|2025-03-28|2025-03-29|2025-03-30|2025-03-31|2025-04-01|2025-04-02|2025-04-03|2025-04-04|2025-04-05|2025-04-06|2025-04-07|2025-04-08|2025-04-09|2025-04-10|2025-04-11|2025-04-12|2025-04-13|2025-04-14|2025-04-15|2025-04-16|2025-04-17|2025-04-18|2025-04-19|2025-04-20|2025-04-21|2025-04-22|2025-04-23|2025-04-24|2025-04-25|2025-04-26|2025-04-27|2025-04-28|2025-04-29|2025-04-30|2025-05-01|2025-05-02|2025-05-03|2025-05-04|2025-05-05|2025-05-06|2025-05-07|2025-05-08|2025-05-09|2025-05-10|2025-05-11|2025-05-12|2025-05-13|2025-05-14|2025-05-15|2025-05-16|2025-05-17|2025-05-18|2025-05-19|2025-05-20|2025-05-21|2025-05-22|2025-05-23|2025-05-24|2025-05-25|2025-05-26|2025-05-27|2025-05-28|2025-05-29|2025-05-30|2025-05-31|2025-06-01|2025-06-02|2025-06-03|2025-06-04|2025-06-05|2025-06-06|2025-06-07|2025-06-08|2025-06-09|2025-06-10|2025-06-11|2025-06-12|2025-06-13|2025-06-14|2025-06-15|2025-06-16|2025-06-17|2025-06-18|2025-06-19|2025-06-20|2025-06-21|2025-06-22|2025-06-23|2025-06-24|2025-06-25|2025-06-26|2025-06-27|2025-06-28|2025-06-29|2025-06-30|2025-07-01|2025-07-02|2025-07-03|2025-07-04|2025-07-05|2025-07-06|2025-07-07|2025-07-08|2025-07-09|2025-07-10|2025-07-11|2025-07-12|2025-07-13|2025-07-14|2025-07-15|2025-07-16|2025-07-17|2025-07-18|2025-07-19,0.06456987921347407,0.06174492354431985,0.06343573516917425,0.0661037886456948
2025-07-21,2,173,2025-01-29,2025-07-20,2025-01-29|2025-01-30|2025-01-31|2025-02-01|2025-02-02|2025-02-03|2025-02-04|2025-02-05|2025-02-06|2025-02-07|2025-02-08|2025-02-09|2025-02-10|2025-02-11|2025-02-12|2025-02-13|2025-02-14|2025-02-15|2025-02-16|2025-02-17|2025-02-18|2025-02-19|2025-02-20|2025-02-21|2025-02-22|2025-02-23|2025-02-24|2025-02-25|2025-02-26|2025-02-27|2025-02-28|2025-03-01|2025-03-02|2025-03-03|2025-03-04|2025-03-05|2025-03-06|2025-03-07|2025-03-08|2025-03-09|2025-03-10|2025-03-11|2025-03-12|2025-03-13|2025-03-14|2025-03-15|2025-03-16|2025-03-17|2025-03-18|2025-03-19|2025-03-20|2025-03-21|2025-03-22|2025-03-23|2025-03-24|2025-03-25|2025-03-26|2025-03-27|2025-03-28|2025-03-29|2025-03-30|2025-03-31|2025-04-01|2025-04-02|2025-04-03|2025-04-04|2025-04-05|2025-04-06|2025-04-07|2025-04-08|2025-04-09|2025-04-10|2025-04-11|2025-04-12|2025-04-13|2025-04-14|2025-04-15|2025-04-16|2025-04-17|2025-04-18|2025-04-19|2025-04-20|2025-04-21|2025-04-22|2025-04-23|2025-04-24|2025-04-25|2025-04-26|2025-04-27|2025-04-28|2025-04-29|2025-04-30|2025-05-01|2025-05-02|2025-05-03|2025-05-04|2025-05-05|2025-05-06|2025-05-07|2025-05-08|2025-05-09|2025-05-10|2025-05-11|2025-05-12|2025-05-13|2025-05-14|2025-05-15|2025-05-16|2025-05-17|2025-05-18|2025-05-19|2025-05-20|2025-05-21|2025-05-22|2025-05-23|2025-05-24|2025-05-25|2025-05-26|2025-05-27|2025-05-28|2025-05-29|2025-05-30|2025-05-31|2025-06-01|2025-06-02|2025-06-03|2025-06-04|2025-06-05|2025-06-06|2025-06-07|2025-06-08|2025-06-09|2025-06-10|2025-06-11|2025-06-12|2025-06-13|2025-06-14|2025-06-15|2025-06-16|2025-06-17|2025-06-18|2025-06-19|2025-06-20|2025-06-21|2025-06-22|2025-06-23|2025-06-24|2025-06-25|2025-06-26|2025-06-27|2025-06-28|2025-06-29|2025-06-30|2025-07-01|2025-07-02|2025-07-03|2025-07-04|2025-07-05|2025-07-06|2025-07-07|2025-07-08|2025-07-09|2025-07-10|2025-07-11|2025-07-12|2025-07-13|2025-07-14|2025-07-15|2025-07-16|2025-07-17|2025-07-18|2025-07-19|2025-07-20,0.06445168422083582,0.061576297052998,0.06333708659801046,0.06604290471364477
2025-07-22,2,174,2025-01-29,2025-07-21,2025-01-29|2025-01-30|2025-01-31|2025-02-01|2025-02-02|2025-02-03|2025-02-04|2025-02-05|2025-02-06|2025-02-07|2025-02-08|2025-02-09|2025-02-10|2025-02-11|2025-02-12|2025-02-13|2025-02-14|2025-02-15|2025-02-16|2025-02-17|2025-02-18|2025-02-19|2025-02-20|2025-02-21|2025-02-22|2025-02-23|2025-02-24|2025-02-25|2025-02-26|2025-02-27|2025-02-28|2025-03-01|2025-03-02|2025-03-03|2025-03-04|2025-03-05|2025-03-06|2025-03-07|2025-03-08|2025-03-09|2025-03-10|2025-03-11|2025-03-12|2025-03-13|2025-03-14|2025-03-15|2025-03-16|2025-03-17|2025-03-18|2025-03-19|2025-03-20|2025-03-21|2025-03-22|2025-03-23|2025-03-24|2025-03-25|2025-03-26|2025-03-27|2025-03-28|2025-03-29|2025-03-30|2025-03-31|2025-04-01|2025-04-02|2025-04-03|2025-04-04|2025-04-05|2025-04-06|2025-04-07|2025-04-08|2025-04-09|2025-04-10|2025-04-11|2025-04-12|2025-04-13|2025-04-14|2025-04-15|2025-04-16|2025-04-17|2025-04-18|2025-04-19|2025-04-20|2025-04-21|2025-04-22|2025-04-23|2025-04-24|2025-04-25|2025-04-26|2025-04-27|2025-04-28|2025-04-29|2025-04-30|2025-05-01|2025-05-02|2025-05-03|2025-05-04|2025-05-05|2025-05-06|2025-05-07|2025-05-08|2025-05-09|2025-05-10|2025-05-11|2025-05-12|2025-05-13|2025-05-14|2025-05-15|2025-05-16|2025-05-17|2025-05-18|2025-05-19|2025-05-20|2025-05-21|2025-05-22|2025-05-23|2025-05-24|2025-05-25|2025-05-26|2025-05-27|2025-05-28|2025-05-29|2025-05-30|2025-05-31|2025-06-01|2025-06-02|2025-06-03|2025-06-04|2025-06-05|2025-06-06|2025-06-07|2025-06-08|2025-06-09|2025-06-10|2025-06-11|2025-06-12|2025-06-13|2025-06-14|2025-06-15|2025-06-16|2025-06-17|2025-06-18|2025-06-19|2025-06-20|2025-06-21|2025-06-22|2025-06-23|2025-06-24|2025-06-25|2025-06-26|2025-06-27|2025-06-28|2025-06-29|2025-06-30|2025-07-01|2025-07-02|2025-07-03|2025-07-04|2025-07-05|2025-07-06|2025-07-07|2025-07-08|2025-07-09|2025-07-10|2025-07-11|2025-07-12|2025-07-13|2025-07-14|2025-07-15|2025-07-16|2025-07-17|2025-07-18|2025-07-19|2025-07-20|2025-07-21,0.06432826578645522,0.061421357998345465,0.06320571338585808,0.06596291047811788
2025-07-23,2,175,2025-01-29,2025-07-22,2025-01-29|2025-01-30|2025-01-31|2025-02-01|2025-02-02|2025-02-03|2025-02-04|2025-02-05|2025-02-06|2025-02-07|2025-02-08|2025-02-09|2025-02-10|2025-02-11|2025-02-12|2025-02-13|2025-02-14|2025-02-15|2025-02-16|2025-02-17|2025-02-18|2025-02-19|2025-02-20|2025-02-21|2025-02-22|2025-02-23|2025-02-24|2025-02-25|2025-02-26|2025-02-27|2025-02-28|2025-03-01|2025-03-02|2025-03-03|2025-03-04|2025-03-05|2025-03-06|2025-03-07|2025-03-08|2025-03-09|2025-03-10|2025-03-11|2025-03-12|2025-03-13|2025-03-14|2025-03-15|2025-03-16|2025-03-17|2025-03-18|2025-03-19|2025-03-20|2025-03-21|2025-03-22|2025-03-23|2025-03-24|2025-03-25|2025-03-26|2025-03-27|2025-03-28|2025-03-29|2025-03-30|2025-03-31|2025-04-01|2025-04-02|2025-04-03|2025-04-04|2025-04-05|2025-04-06|2025-04-07|2025-04-08|2025-04-09|2025-04-10|2025-04-11|2025-04-12|2025-04-13|2025-04-14|2025-04-15|2025-04-16|2025-04-17|2025-04-18|2025-04-19|2025-04-20|2025-04-21|2025-04-22|2025-04-23|2025-04-24|2025-04-25|2025-04-26|2025-04-27|2025-04-28|2025-04-29|2025-04-30|2025-05-01|2025-05-02|2025-05-03|2025-05-04|2025-05-05|2025-05-06|2025-05-07|2025-05-08|2025-05-09|2025-05-10|2025-05-11|2025-05-12|2025-05-13|2025-05-14|2025-05-15|2025-05-16|2025-05-17|2025-05-18|2025-05-19|2025-05-20|2025-05-21|2025-05-22|2025-05-23|2025-05-24|2025-05-25|2025-05-26|2025-05-27|2025-05-28|2025-05-29|2025-05-30|2025-05-31|2025-06-01|2025-06-02|2025-06-03|2025-06-04|2025-06-05|2025-06-06|2025-06-07|2025-06-08|2025-06-09|2025-06-10|2025-06-11|2025-06-12|2025-06-13|2025-06-14|2025-06-15|2025-06-16|2025-06-17|2025-06-18|2025-06-19|2025-06-20|2025-06-21|2025-06-22|2025-06-23|2025-06-24|2025-06-25|2025-06-26|2025-06-27|2025-06-28|2025-06-29|2025-06-30|2025-07-01|2025-07-02|2025-07-03|2025-07-04|2025-07-05|2025-07-06|2025-07-07|2025-07-08|2025-07-09|2025-07-10|2025-07-11|2025-07-12|2025-07-13|2025-07-14|2025-07-15|2025-07-16|2025-07-17|2025-07-18|2025-07-19|2025-07-20|2025-07-21|2025-07-22,0.06423360426053461,0.061293826701672716,0.06307268818944166,0.06585006178920501
2025-07-24,2,176,2025-01-29,2025-07-23,2025-01-29|2025-01-30|2025-01-31|2025-02-01|2025-02-02|2025-02-03|2025-02-04|2025-02-05|2025-02-06|2025-02-07|2025-02-08|2025-02-09|2025-02-10|2025-02-11|2025-02-12|2025-02-13|2025-02-14|2025-02-15|2025-02-16|2025-02-17|2025-02-18|2025-02-19|2025-02-20|2025-02-21|2025-02-22|2025-02-23|2025-02-24|2025-02-25|2025-02-26|2025-02-27|2025-02-28|2025-03-01|2025-03-02|2025-03-03|2025-03-04|2025-03-05|2025-03-06|2025-03-07|2025-03-08|2025-03-09|2025-03-10|2025-03-11|2025-03-12|2025-03-13|2025-03-14|2025-03-15|2025-03-16|2025-03-17|2025-03-18|2025-03-19|2025-03-20|2025-03-21|2025-03-22|2025-03-23|2025-03-24|2025-03-25|2025-03-26|2025-03-27|2025-03-28|2025-03-29|2025-03-30|2025-03-31|2025-04-01|2025-04-02|2025-04-03|2025-04-04|2025-04-05|2025-04-06|2025-04-07|2025-04-08|2025-04-09|2025-04-10|2025-04-11|2025-04-12|2025-04-13|2025-04-14|2025-04-15|2025-04-16|2025-04-17|2025-04-18|2025-04-19|2025-04-20|2025-04-21|2025-04-22|2025-04-23|2025-04-24|2025-04-25|2025-04-26|2025-04-27|2025-04-28|2025-04-29|2025-04-30|2025-05-01|2025-05-02|2025-05-03|2025-05-04|2025-05-05|2025-05-06|2025-05-07|2025-05-08|2025-05-09|2025-05-10|2025-05-11|2025-05-12|2025-05-13|2025-05-14|2025-05-15|2025-05-16|2025-05-17|2025-05-18|2025-05-19|2025-05-20|2025-05-21|2025-05-22|2025-05-23|2025-05-24|2025-05-25|2025-05-26|2025-05-27|2025-05-28|2025-05-29|2025-05-30|2025-05-31|2025-06-01|2025-06-02|2025-06-03|2025-06-04|2025-06-05|2025-06-06|2025-06-07|2025-06-08|2025-06-09|2025-06-10|2025-06-11|2025-06-12|2025-06-13|2025-06-14|2025-06-15|2025-06-16|2025-06-17|2025-06-18|2025-06-19|2025-06-20|2025-06-21|2025-06-22|2025-06-23|2025-06-24|2025-06-25|2025-06-26|2025-06-27|2025-06-28|2025-06-29|2025-06-30|2025-07-01|2025-07-02|2025-07-03|2025-07-04|2025-07-05|2025-07-06|2025-07-07|2025-07-08|2025-07-09|2025-07-10|2025-07-11|2025-07-12|2025-07-13|2025-07-14|2025-07-15|2025-07-16|2025-07-17|2025-07-18|2025-07-19|2025-07-20|2025-07-21|2025-07-22|2025-07-23,0.06414421699602722,0.06116645565886747,0.062901522842453,0.06568283423281292
2025-07-25,2,177,2025-01-29,2025-07-24,2025-01-29|2025-01-30|2025-01-31|2025-02-01|2025-02-02|2025-02-03|2025-02-04|2025-02-05|2025-02-06|2025-02-07|2025-02-08|2025-02-09|2025-02-10|2025-02-11|2025-02-12|2025-02-13|2025-02-14|2025-02-15|2025-02-16|2025-02-17|2025-02-18|2025-02-19|2025-02-20|2025-02-21|2025-02-22|2025-02-23|2025-02-24|2025-02-25|2025-02-26|2025-02-27|2025-02-28|2025-03-01|2025-03-02|2025-03-03|2025-03-04|2025-03-05|2025-03-06|2025-03-07|2025-03-08|2025-03-09|2025-03-10|2025-03-11|2025-03-12|2025-03-13|2025-03-14|2025-03-15|2025-03-16|2025-03-17|2025-03-18|2025-03-19|2025-03-20|2025-03-21|2025-03-22|2025-03-23|2025-03-24|2025-03-25|2025-03-26|2025-03-27|2025-03-28|2025-03-29|2025-03-30|2025-03-31|2025-04-01|2025-04-02|2025-04-03|2025-04-04|2025-04-05|2025-04-06|2025-04-07|2025-04-08|2025-04-09|2025-04-10|2025-04-11|2025-04-12|2025-04-13|2025-04-14|2025-04-15|2025-04-16|2025-04-17|2025-04-18|2025-04-19|2025-04-20|2025-04-21|2025-04-22|2025-04-23|2025-04-24|2025-04-25|2025-04-26|2025-04-27|2025-04-28|2025-04-29|2025-04-30|2025-05-01|2025-05-02|2025-05-03|2025-05-04|2025-05-05|2025-05-06|2025-05-07|2025-05-08|2025-05-09|2025-05-10|2025-05-11|2025-05-12|2025-05-13|2025-05-14|2025-05-15|2025-05-16|2025-05-17|2025-05-18|2025-05-19|2025-05-20|2025-05-21|2025-05-22|2025-05-23|2025-05-24|2025-05-25|2025-05-26|2025-05-27|2025-05-28|2025-05-29|2025-05-30|2025-05-31|2025-06-01|2025-06-02|2025-06-03|2025-06-04|2025-06-05|2025-06-06|2025-06-07|2025-06-08|2025-06-09|2025-06-10|2025-06-11|2025-06-12|2025-06-13|2025-06-14|2025-06-15|2025-06-16|2025-06-17|2025-06-18|2025-06-19|2025-06-20|2025-06-21|2025-06-22|2025-06-23|2025-06-24|2025-06-25|2025-06-26|2025-06-27|2025-06-28|2025-06-29|2025-06-30|2025-07-01|2025-07-02|2025-07-03|2025-07-04|2025-07-05|2025-07-06|2025-07-07|2025-07-08|2025-07-09|2025-07-10|2025-07-11|2025-07-12|2025-07-13|2025-07-14|2025-07-15|2025-07-16|2025-07-17|2025-07-18|2025-07-19|2025-07-20|2025-07-21|2025-07-22|2025-07-23|2025-07-24,0.06408943435795642,0.06107619766595955,0.06278405266577489,0.06558398761442799
2025-07-26,2,178,2025-01-29,2025-07-25,2025-01-29|2025-01-30|2025-01-31|2025-02-01|2025-02-02|2025-02-03|2025-02-04|2025-02-05|2025-02-06|2025-02-07|2025-02-08|2025-02-09|2025-02-10|2025-02-11|2025-02-12|2025-02-13|2025-02-14|2025-02-15|2025-02-16|2025-02-17|2025-02-18|2025-02-19|2025-02-20|2025-02-21|2025-02-22|2025-02-23|2025-02-24|2025-02-25|2025-02-26|2025-02-27|2025-02-28|2025-03-01|2025-03-02|2025-03-03|2025-03-04|2025-03-05|2025-03-06|2025-03-07|2025-03-08|2025-03-09|2025-03-10|2025-03-11|2025-03-12|2025-03-13|2025-03-14|2025-03-15|2025-03-16|2025-03-17|2025-03-18|2025-03-19|2025-03-20|2025-03-21|2025-03-22|2025-03-23|2025-03-24|2025-03-25|2025-03-26|2025-03-27|2025-03-28|2025-03-29|2025-03-30|2025-03-31|2025-04-01|2025-04-02|2025-04-03|2025-04-04|2025-04-05|2025-04-06|2025-04-07|2025-04-08|2025-04-09|2025-04-10|2025-04-11|2025-04-12|2025-04-13|2025-04-14|2025-04-15|2025-04-16|2025-04-17|2025-04-18|2025-04-19|2025-04-20|2025-04-21|2025-04-22|2025-04-23|2025-04-24|2025-04-25|2025-04-26|2025-04-27|2025-04-28|2025-04-29|2025-04-30|2025-05-01|2025-05-02|2025-05-03|2025-05-04|2025-05-05|2025-05-06|2025-05-07|2025-05-08|2025-05-09|2025-05-10|2025-05-11|2025-05-12|2025-05-13|2025-05-14|2025-05-15|2025-05-16|2025-05-17|2025-05-18|2025-05-19|2025-05-20|2025-05-21|2025-05-22|2025-05-23|2025-05-24|2025-05-25|2025-05-26|2025-05-27|2025-05-28|2025-05-29|2025-05-30|2025-05-31|2025-06-01|2025-06-02|2025-06-03|2025-06-04|2025-06-05|2025-06-06|2025-06-07|2025-06-08|2025-06-09|2025-06-10|2025-06-11|2025-06-12|2025-06-13|2025-06-14|2025-06-15|2025-06-16|2025-06-17|2025-06-18|2025-06-19|2025-06-20|2025-06-21|2025-06-22|2025-06-23|2025-06-24|2025-06-25|2025-06-26|2025-06-27|2025-06-28|2025-06-29|2025-06-30|2025-07-01|2025-07-02|2025-07-03|2025-07-04|2025-07-05|2025-07-06|2025-07-07|2025-07-08|2025-07-09|2025-07-10|2025-07-11|2025-07-12|2025-07-13|2025-07-14|2025-07-15|2025-07-16|2025-07-17|2025-07-18|2025-07-19|2025-07-20|2025-07-21|2025-07-22|2025-07-23|2025-07-24|2025-07-25,0.06408962492704857,0.06107884476824571,0.06274183767798114,0.06553346921151439
2025-07-27,2,179,2025-01-29,2025-07-26,2025-01-29|2025-01-30|2025-01-31|2025-02-01|2025-02-02|2025-02-03|2025-02-04|2025-02-05|2025-02-06|2025-02-07|2025-02-08|2025-02-09|2025-02-10|2025-02-11|2025-02-12|2025-02-13|2025-02-14|2025-02-15|2025-02-16|2025-02-17|2025-02-18|2025-02-19|2025-02-20|2025-02-21|2025-02-22|2025-02-23|2025-02-24|2025-02-25|2025-02-26|2025-02-27|2025-02-28|2025-03-01|2025-03-02|2025-03-03|2025-03-04|2025-03-05|2025-03-06|2025-03-07|2025-03-08|2025-03-09|2025-03-10|2025-03-11|2025-03-12|2025-03-13|2025-03-14|2025-03-15|2025-03-16|2025-03-17|2025-03-18|2025-03-19|2025-03-20|2025-03-21|2025-03-22|2025-03-23|2025-03-24|2025-03-25|2025-03-26|2025-03-27|2025-03-28|2025-03-29|2025-03-30|2025-03-31|2025-04-01|2025-04-02|2025-04-03|2025-04-04|2025-04-05|2025-04-06|2025-04-07|2025-04-08|2025-04-09|2025-04-10|2025-04-11|2025-04-12|2025-04-13|2025-04-14|2025-04-15|2025-04-16|2025-04-17|2025-04-18|2025-04-19|2025-04-20|2025-04-21|2025-04-22|2025-04-23|2025-04-24|2025-04-25|2025-04-26|2025-04-27|2025-04-28|2025-04-29|2025-04-30|2025-05-01|2025-05-02|2025-05-03|2025-05-04|2025-05-05|2025-05-06|2025-05-07|2025-05-08|2025-05-09|2025-05-10|2025-05-11|2025-05-12|2025-05-13|2025-05-14|2025-05-15|2025-05-16|2025-05-17|2025-05-18|2025-05-19|2025-05-20|2025-05-21|2025-05-22|2025-05-23|2025-05-24|2025-05-25|2025-05-26|2025-05-27|2025-05-28|2025-05-29|2025-05-30|2025-05-31|2025-06-01|2025-06-02|2025-06-03|2025-06-04|2025-06-05|2025-06-06|2025-06-07|2025-06-08|2025-06-09|2025-06-10|2025-06-11|2025-06-12|2025-06-13|2025-06-14|2025-06-15|2025-06-16|2025-06-17|2025-06-18|2025-06-19|2025-06-20|2025-06-21|2025-06-22|2025-06-23|2025-06-24|2025-06-25|2025-06-26|2025-06-27|2025-06-28|2025-06-29|2025-06-30|2025-07-01|2025-07-02|2025-07-03|2025-07-04|2025-07-05|2025-07-06|2025-07-07|2025-07-08|2025-07-09|2025-07-10|2025-07-11|2025-07-12|2025-07-13|2025-07-14|2025-07-15|2025-07-16|2025-07-17|2025-07-18|2025-07-19|2025-07-20|2025-07-21|2025-07-22|2025-07-23|2025-07-24|2025-07-25|2025-07-26,0.06411131789026304,0.06108573824978157,0.06272303317709696,0.06553394259471211
2025-07-28,2,180,2025-01-29,2025-07-27,2025-01-29|2025-01-30|2025-01-31|2025-02-01|2025-02-02|2025-02-03|2025-02-04|2025-02-05|2025-02-06|2025-02-07|2025-02-08|2025-02-09|2025-02-10|2025-02-11|2025-02-12|2025-02-13|2025-02-14|2025-02-15|2025-02-16|2025-02-17|2025-02-18|2025-02-19|2025-02-20|2025-02-21|2025-02-22|2025-02-23|2025-02-24|2025-02-25|2025-02-26|2025-02-27|2025-02-28|2025-03-01|2025-03-02|2025-03-03|2025-03-04|2025-03-05|2025-03-06|2025-03-07|2025-03-08|2025-03-09|2025-03-10|2025-03-11|2025-03-12|2025-03-13|2025-03-14|2025-03-15|2025-03-16|2025-03-17|2025-03-18|2025-03-19|2025-03-20|2025-03-21|2025-03-22|2025-03-23|2025-03-24|2025-03-25|2025-03-26|2025-03-27|2025-03-28|2025-03-29|2025-03-30|2025-03-31|2025-04-01|2025-04-02|2025-04-03|2025-04-04|2025-04-05|2025-04-06|2025-04-07|2025-04-08|2025-04-09|2025-04-10|2025-04-11|2025-04-12|2025-04-13|2025-04-14|2025-04-15|2025-04-16|2025-04-17|2025-04-18|2025-04-19|2025-04-20|2025-04-21|2025-04-22|2025-04-23|2025-04-24|2025-04-25|2025-04-26|2025-04-27|2025-04-28|2025-04-29|2025-04-30|2025-05-01|2025-05-02|2025-05-03|2025-05-04|2025-05-05|2025-05-06|2025-05-07|2025-05-08|2025-05-09|2025-05-10|2025-05-11|2025-05-12|2025-05-13|2025-05-14|2025-05-15|2025-05-16|2025-05-17|2025-05-18|2025-05-19|2025-05-20|2025-05-21|2025-05-22|2025-05-23|2025-05-24|2025-05-25|2025-05-26|2025-05-27|2025-05-28|2025-05-29|2025-05-30|2025-05-31|2025-06-01|2025-06-02|2025-06-03|2025-06-04|2025-06-05|2025-06-06|2025-06-07|2025-06-08|2025-06-09|2025-06-10|2025-06-11|2025-06-12|2025-06-13|2025-06-14|2025-06-15|2025-06-16|2025-06-17|2025-06-18|2025-06-19|2025-06-20|2025-06-21|2025-06-22|2025-06-23|2025-06-24|2025-06-25|2025-06-26|2025-06-27|2025-06-28|2025-06-29|2025-06-30|2025-07-01|2025-07-02|2025-07-03|2025-07-04|2025-07-05|2025-07-06|2025-07-07|2025-07-08|2025-07-09|2025-07-10|2025-07-11|2025-07-12|2025-07-13|2025-07-14|2025-07-15|2025-07-16|2025-07-17|2025-07-18|2025-07-19|2025-07-20|2025-07-21|2025-07-22|2025-07-23|2025-07-24|2025-07-25|2025-07-26|2025-07-27,0.06398442279459415,0.06096996751849365,0.06254655731335781,0.06539472653099392
2025-07-29,2,181,2025-01-29,2025-07-28,2025-01-29|2025-01-30|2025-01-31|2025-02-01|2025-02-02|2025-02-03|2025-02-04|2025-02-05|2025-02-06|2025-02-07|2025-02-08|2025-02-09|2025-02-10|2025-02-11|2025-02-12|2025-02-13|2025-02-14|2025-02-15|2025-02-16|2025-02-17|2025-02-18|2025-02-19|2025-02-20|2025-02-21|2025-02-22|2025-02-23|2025-02-24|2025-02-25|2025-02-26|2025-02-27|2025-02-28|2025-03-01|2025-03-02|2025-03-03|2025-03-04|2025-03-05|2025-03-06|2025-03-07|2025-03-08|2025-03-09|2025-03-10|2025-03-11|2025-03-12|2025-03-13|2025-03-14|2025-03-15|2025-03-16|2025-03-17|2025-03-18|2025-03-19|2025-03-20|2025-03-21|2025-03-22|2025-03-23|2025-03-24|2025-03-25|2025-03-26|2025-03-27|2025-03-28|2025-03-29|2025-03-30|2025-03-31|2025-04-01|2025-04-02|2025-04-03|2025-04-04|2025-04-05|2025-04-06|2025-04-07|2025-04-08|2025-04-09|2025-04-10|2025-04-11|2025-04-12|2025-04-13|2025-04-14|2025-04-15|2025-04-16|2025-04-17|2025-04-18|2025-04-19|2025-04-20|2025-04-21|2025-04-22|2025-04-23|2025-04-24|2025-04-25|2025-04-26|2025-04-27|2025-04-28|2025-04-29|2025-04-30|2025-05-01|2025-05-02|2025-05-03|2025-05-04|2025-05-05|2025-05-06|2025-05-07|2025-05-08|2025-05-09|2025-05-10|2025-05-11|2025-05-12|2025-05-13|2025-05-14|2025-05-15|2025-05-16|2025-05-17|2025-05-18|2025-05-19|2025-05-20|2025-05-21|2025-05-22|2025-05-23|2025-05-24|2025-05-25|2025-05-26|2025-05-27|2025-05-28|2025-05-29|2025-05-30|2025-05-31|2025-06-01|2025-06-02|2025-06-03|2025-06-04|2025-06-05|2025-06-06|2025-06-07|2025-06-08|2025-06-09|2025-06-10|2025-06-11|2025-06-12|2025-06-13|2025-06-14|2025-06-15|2025-06-16|2025-06-17|2025-06-18|2025-06-19|2025-06-20|2025-06-21|2025-06-22|2025-06-23|2025-06-24|2025-06-25|2025-06-26|2025-06-27|2025-06-28|2025-06-29|2025-06-30|2025-07-01|2025-07-02|2025-07-03|2025-07-04|2025-07-05|2025-07-06|2025-07-07|2025-07-08|2025-07-09|2025-07-10|2025-07-11|2025-07-12|2025-07-13|2025-07-14|2025-07-15|2025-07-16|2025-07-17|2025-07-18|2025-07-19|2025-07-20|2025-07-21|2025-07-22|2025-07-23|2025-07-24|2025-07-25|2025-07-26|2025-07-27|2025-07-28,0.06386120676066906,0.06087543275825501,0.06242507115995858,0.06527095470472342
2025-07-30,2,182,2025-01-29,2025-07-29,2025-01-29|2025-01-30|2025-01-31|2025-02-01|2025-02-02|2025-02-03|2025-02-04|2025-02-05|2025-02-06|2025-02-07|2025-02-08|2025-02-09|2025-02-10|2025-02-11|2025-02-12|2025-02-13|2025-02-14|2025-02-15|2025-02-16|2025-02-17|2025-02-18|2025-02-19|2025-02-20|2025-02-21|2025-02-22|2025-02-23|2025-02-24|2025-02-25|2025-02-26|2025-02-27|2025-02-28|2025-03-01|2025-03-02|2025-03-03|2025-03-04|2025-03-05|2025-03-06|2025-03-07|2025-03-08|2025-03-09|2025-03-10|2025-03-11|2025-03-12|2025-03-13|2025-03-14|2025-03-15|2025-03-16|2025-03-17|2025-03-18|2025-03-19|2025-03-20|2025-03-21|2025-03-22|2025-03-23|2025-03-24|2025-03-25|2025-03-26|2025-03-27|2025-03-28|2025-03-29|2025-03-30|2025-03-31|2025-04-01|2025-04-02|2025-04-03|2025-04-04|2025-04-05|2025-04-06|2025-04-07|2025-04-08|2025-04-09|2025-04-10|2025-04-11|2025-04-12|2025-04-13|2025-04-14|2025-04-15|2025-04-16|2025-04-17|2025-04-18|2025-04-19|2025-04-20|2025-04-21|2025-04-22|2025-04-23|2025-04-24|2025-04-25|2025-04-26|2025-04-27|2025-04-28|2025-04-29|2025-04-30|2025-05-01|2025-05-02|2025-05-03|2025-05-04|2025-05-05|2025-05-06|2025-05-07|2025-05-08|2025-05-09|2025-05-10|2025-05-11|2025-05-12|2025-05-13|2025-05-14|2025-05-15|2025-05-16|2025-05-17|2025-05-18|2025-05-19|2025-05-20|2025-05-21|2025-05-22|2025-05-23|2025-05-24|2025-05-25|2025-05-26|2025-05-27|2025-05-28|2025-05-29|2025-05-30|2025-05-31|2025-06-01|2025-06-02|2025-06-03|2025-06-04|2025-06-05|2025-06-06|2025-06-07|2025-06-08|2025-06-09|2025-06-10|2025-06-11|2025-06-12|2025-06-13|2025-06-14|2025-06-15|2025-06-16|2025-06-17|2025-06-18|2025-06-19|2025-06-20|2025-06-21|2025-06-22|2025-06-23|2025-06-24|2025-06-25|2025-06-26|2025-06-27|2025-06-28|2025-06-29|2025-06-30|2025-07-01|2025-07-02|2025-07-03|2025-07-04|2025-07-05|2025-07-06|2025-07-07|2025-07-08|2025-07-09|2025-07-10|2025-07-11|2025-07-12|2025-07-13|2025-07-14|2025-07-15|2025-07-16|2025-07-17|2025-07-18|2025-07-19|2025-07-20|2025-07-21|2025-07-22|2025-07-23|2025-07-24|2025-07-25|2025-07-26|2025-07-27|2025-07-28|2025-07-29,0.06378383543849048,0.060772681350387193,0.06229388461077884,0.06509531208399574
2025-07-31,2,183,2025-01-29,2025-07-30,2025-01-29|2025-01-30|2025-01-31|2025-02-01|2025-02-02|2025-02-03|2025-02-04|2025-02-05|2025-02-06|2025-02-07|2025-02-08|2025-02-09|2025-02-10|2025-02-11|2025-02-12|2025-02-13|2025-02-14|2025-02-15|2025-02-16|2025-02-17|2025-02-18|2025-02-19|2025-02-20|2025-02-21|2025-02-22|2025-02-23|2025-02-24|2025-02-25|2025-02-26|2025-02-27|2025-02-28|2025-03-01|2025-03-02|2025-03-03|2025-03-04|2025-03-05|2025-03-06|2025-03-07|2025-03-08|2025-03-09|2025-03-10|2025-03-11|2025-03-12|2025-03-13|2025-03-14|2025-03-15|2025-03-16|2025-03-17|2025-03-18|2025-03-19|2025-03-20|2025-03-21|2025-03-22|2025-03-23|2025-03-24|2025-03-25|2025-03-26|2025-03-27|2025-03-28|2025-03-29|2025-03-30|2025-03-31|2025-04-01|2025-04-02|2025-04-03|2025-04-04|2025-04-05|2025-04-06|2025-04-07|2025-04-08|2025-04-09|2025-04-10|2025-04-11|2025-04-12|2025-04-13|2025-04-14|2025-04-15|2025-04-16|2025-04-17|2025-04-18|2025-04-19|2025-04-20|2025-04-21|2025-04-22|2025-04-23|2025-04-24|2025-04-25|2025-04-26|2025-04-27|2025-04-28|2025-04-29|2025-04-30|2025-05-01|2025-05-02|2025-05-03|2025-05-04|2025-05-05|2025-05-06|2025-05-07|2025-05-08|2025-05-09|2025-05-10|2025-05-11|2025-05-12|2025-05-13|2025-05-14|2025-05-15|2025-05-16|2025-05-17|2025-05-18|2025-05-19|2025-05-20|2025-05-21|2025-05-22|2025-05-23|2025-05-24|2025-05-25|2025-05-26|2025-05-27|2025-05-28|2025-05-29|2025-05-30|2025-05-31|2025-06-01|2025-06-02|2025-06-03|2025-06-04|2025-06-05|2025-06-06|2025-06-07|2025-06-08|2025-06-09|2025-06-10|2025-06-11|2025-06-12|2025-06-13|2025-06-14|2025-06-15|2025-06-16|2025-06-17|2025-06-18|2025-06-19|2025-06-20|2025-06-21|2025-06-22|2025-06-23|2025-06-24|2025-06-25|2025-06-26|2025-06-27|2025-06-28|2025-06-29|2025-06-30|2025-07-01|2025-07-02|2025-07-03|2025-07-04|2025-07-05|2025-07-06|2025-07-07|2025-07-08|2025-07-09|2025-07-10|2025-07-11|2025-07-12|2025-07-13|2025-07-14|2025-07-15|2025-07-16|2025-07-17|2025-07-18|2025-07-19|2025-07-20|2025-07-21|2025-07-22|2025-07-23|2025-07-24|2025-07-25|2025-07-26|2025-07-27|2025-07-28|2025-07-29|2025-07-30,0.06364562468939582,0.06062763860406539,0.06214046251259621,0.06492011365176246
2025-08-01,2,184,2025-01-29,2025-07-31,2025-01-29|2025-01-30|2025-01-31|2025-02-01|2025-02-02|2025-02-03|2025-02-04|2025-02-05|2025-02-06|2025-02-07|2025-02-08|2025-02-09|2025-02-10|2025-02-11|2025-02-12|2025-02-13|2025-02-14|2025-02-15|2025-02-16|2025-02-17|2025-02-18|2025-02-19|2025-02-20|2025-02-21|2025-02-22|2025-02-23|2025-02-24|2025-02-25|2025-02-26|2025-02-27|2025-02-28|2025-03-01|2025-03-02|2025-03-03|2025-03-04|2025-03-05|2025-03-06|2025-03-07|2025-03-08|2025-03-09|2025-03-10|2025-03-11|2025-03-12|2025-03-13|2025-03-14|2025-03-15|2025-03-16|2025-03-17|2025-03-18|2025-03-19|2025-03-20|2025-03-21|2025-03-22|2025-03-23|2025-03-24|2025-03-25|2025-03-26|2025-03-27|2025-03-28|2025-03-29|2025-03-30|2025-03-31|2025-04-01|2025-04-02|2025-04-03|2025-04-04|2025-04-05|2025-04-06|2025-04-07|2025-04-08|2025-04-09|2025-04-10|2025-04-11|2025-04-12|2025-04-13|2025-04-14|2025-04-15|2025-04-16|2025-04-17|2025-04-18|2025-04-19|2025-04-20|2025-04-21|2025-04-22|2025-04-23|2025-04-24|2025-04-25|2025-04-26|2025-04-27|2025-04-28|2025-04-29|2025-04-30|2025-05-01|2025-05-02|2025-05-03|2025-05-04|2025-05-05|2025-05-06|2025-05-07|2025-05-08|2025-05-09|2025-05-10|2025-05-11|2025-05-12|2025-05-13|2025-05-14|2025-05-15|2025-05-16|2025-05-17|2025-05-18|2025-05-19|2025-05-20|2025-05-21|2025-05-22|2025-05-23|2025-05-24|2025-05-25|2025-05-26|2025-05-27|2025-05-28|2025-05-29|2025-05-30|2025-05-31|2025-06-01|2025-06-02|2025-06-03|2025-06-04|2025-06-05|2025-06-06|2025-06-07|2025-06-08|2025-06-09|2025-06-10|2025-06-11|2025-06-12|2025-06-13|2025-06-14|2025-06-15|2025-06-16|2025-06-17|2025-06-18|2025-06-19|2025-06-20|2025-06-21|2025-06-22|2025-06-23|2025-06-24|2025-06-25|2025-06-26|2025-06-27|2025-06-28|2025-06-29|2025-06-30|2025-07-01|2025-07-02|2025-07-03|2025-07-04|2025-07-05|2025-07-06|2025-07-07|2025-07-08|2025-07-09|2025-07-10|2025-07-11|2025-07-12|2025-07-13|2025-07-14|2025-07-15|2025-07-16|2025-07-17|2025-07-18|2025-07-19|2025-07-20|2025-07-21|2025-07-22|2025-07-23|2025-07-24|2025-07-25|2025-07-26|2025-07-27|2025-07-28|2025-07-29|2025-07-30|2025-07-31,0.06352609257683059,0.060484010351942355,0.06197665066556007,0.06472288885371848
2025-08-02,2,185,2025-01-29,2025-08-01,2025-01-29|2025-01-30|2025-01-31|2025-02-01|2025-02-02|2025-02-03|2025-02-04|2025-02-05|2025-02-06|2025-02-07|2025-02-08|2025-02-09|2025-02-10|2025-02-11|2025-02-12|2025-02-13|2025-02-14|2025-02-15|2025-02-16|2025-02-17|2025-02-18|2025-02-19|2025-02-20|2025-02-21|2025-02-22|2025-02-23|2025-02-24|2025-02-25|2025-02-26|2025-02-27|2025-02-28|2025-03-01|2025-03-02|2025-03-03|2025-03-04|2025-03-05|2025-03-06|2025-03-07|2025-03-08|2025-03-09|2025-03-10|2025-03-11|2025-03-12|2025-03-13|2025-03-14|2025-03-15|2025-03-16|2025-03-17|2025-03-18|2025-03-19|2025-03-20|2025-03-21|2025-03-22|2025-03-23|2025-03-24|2025-03-25|2025-03-26|2025-03-27|2025-03-28|2025-03-29|2025-03-30|2025-03-31|2025-04-01|2025-04-02|2025-04-03|2025-04-04|2025-04-05|2025-04-06|2025-04-07|2025-04-08|2025-04-09|2025-04-10|2025-04-11|2025-04-12|2025-04-13|2025-04-14|2025-04-15|2025-04-16|2025-04-17|2025-04-18|2025-04-19|2025-04-20|2025-04-21|2025-04-22|2025-04-23|2025-04-24|2025-04-25|2025-04-26|2025-04-27|2025-04-28|2025-04-29|2025-04-30|2025-05-01|2025-05-02|2025-05-03|2025-05-04|2025-05-05|2025-05-06|2025-05-07|2025-05-08|2025-05-09|2025-05-10|2025-05-11|2025-05-12|2025-05-13|2025-05-14|2025-05-15|2025-05-16|2025-05-17|2025-05-18|2025-05-19|2025-05-20|2025-05-21|2025-05-22|2025-05-23|2025-05-24|2025-05-25|2025-05-26|2025-05-27|2025-05-28|2025-05-29|2025-05-30|2025-05-31|2025-06-01|2025-06-02|2025-06-03|2025-06-04|2025-06-05|2025-06-06|2025-06-07|2025-06-08|2025-06-09|2025-06-10|2025-06-11|2025-06-12|2025-06-13|2025-06-14|2025-06-15|2025-06-16|2025-06-17|2025-06-18|2025-06-19|2025-06-20|2025-06-21|2025-06-22|2025-06-23|2025-06-24|2025-06-25|2025-06-26|2025-06-27|2025-06-28|2025-06-29|2025-06-30|2025-07-01|2025-07-02|2025-07-03|2025-07-04|2025-07-05|2025-07-06|2025-07-07|2025-07-08|2025-07-09|2025-07-10|2025-07-11|2025-07-12|2025-07-13|2025-07-14|2025-07-15|2025-07-16|2025-07-17|2025-07-18|2025-07-19|2025-07-20|2025-07-21|2025-07-22|2025-07-23|2025-07-24|2025-07-25|2025-07-26|2025-07-27|2025-07-28|2025-07-29|2025-07-30|2025-07-31|2025-08-01,0.06352333428803929,0.06050633327144011,0.062020981013372944,0.06473895779279683
2025-08-03,2,186,2025-01-29,2025-08-02,2025-01-29|2025-01-30|2025-01-31|2025-02-01|2025-02-02|2025-02-03|2025-02-04|2025-02-05|2025-02-06|2025-02-07|2025-02-08|2025-02-09|2025-02-10|2025-02-11|2025-02-12|2025-02-13|2025-02-14|2025-02-15|2025-02-16|2025-02-17|2025-02-18|2025-02-19|2025-02-20|2025-02-21|2025-02-22|2025-02-23|2025-02-24|2025-02-25|2025-02-26|2025-02-27|2025-02-28|2025-03-01|2025-03-02|2025-03-03|2025-03-04|2025-03-05|2025-03-06|2025-03-07|2025-03-08|2025-03-09|2025-03-10|2025-03-11|2025-03-12|2025-03-13|2025-03-14|2025-03-15|2025-03-16|2025-03-17|2025-03-18|2025-03-19|2025-03-20|2025-03-21|2025-03-22|2025-03-23|2025-03-24|2025-03-25|2025-03-26|2025-03-27|2025-03-28|2025-03-29|2025-03-30|2025-03-31|2025-04-01|2025-04-02|2025-04-03|2025-04-04|2025-04-05|2025-04-06|2025-04-07|2025-04-08|2025-04-09|2025-04-10|2025-04-11|2025-04-12|2025-04-13|2025-04-14|2025-04-15|2025-04-16|2025-04-17|2025-04-18|2025-04-19|2025-04-20|2025-04-21|2025-04-22|2025-04-23|2025-04-24|2025-04-25|2025-04-26|2025-04-27|2025-04-28|2025-04-29|2025-04-30|2025-05-01|2025-05-02|2025-05-03|2025-05-04|2025-05-05|2025-05-06|2025-05-07|2025-05-08|2025-05-09|2025-05-10|2025-05-11|2025-05-12|2025-05-13|2025-05-14|2025-05-15|2025-05-16|2025-05-17|2025-05-18|2025-05-19|2025-05-20|2025-05-21|2025-05-22|2025-05-23|2025-05-24|2025-05-25|2025-05-26|2025-05-27|2025-05-28|2025-05-29|2025-05-30|2025-05-31|2025-06-01|2025-06-02|2025-06-03|2025-06-04|2025-06-05|2025-06-06|2025-06-07|2025-06-08|2025-06-09|2025-06-10|2025-06-11|2025-06-12|2025-06-13|2025-06-14|2025-06-15|2025-06-16|2025-06-17|2025-06-18|2025-06-19|2025-06-20|2025-06-21|2025-06-22|2025-06-23|2025-06-24|2025-06-25|2025-06-26|2025-06-27|2025-06-28|2025-06-29|2025-06-30|2025-07-01|2025-07-02|2025-07-03|2025-07-04|2025-07-05|2025-07-06|2025-07-07|2025-07-08|2025-07-09|2025-07-10|2025-07-11|2025-07-12|2025-07-13|2025-07-14|2025-07-15|2025-07-16|2025-07-17|2025-07-18|2025-07-19|2025-07-20|2025-07-21|2025-07-22|2025-07-23|2025-07-24|2025-07-25|2025-07-26|2025-07-27|2025-07-28|2025-07-29|2025-07-30|2025-07-31|2025-08-01|2025-08-02,0.06359869493478522,0.060537193326318274,0.062048108797765913,0.06474081611975212
2025-08-04,2,187,2025-01-29,2025-08-03,2025-01-29|2025-01-30|2025-01-31|2025-02-01|2025-02-02|2025-02-03|2025-02-04|2025-02-05|2025-02-06|2025-02-07|2025-02-08|2025-02-09|2025-02-10|2025-02-11|2025-02-12|2025-02-13|2025-02-14|2025-02-15|2025-02-16|2025-02-17|2025-02-18|2025-02-19|2025-02-20|2025-02-21|2025-02-22|2025-02-23|2025-02-24|2025-02-25|2025-02-26|2025-02-27|2025-02-28|2025-03-01|2025-03-02|2025-03-03|2025-03-04|2025-03-05|2025-03-06|2025-03-07|2025-03-08|2025-03-09|2025-03-10|2025-03-11|2025-03-12|2025-03-13|2025-03-14|2025-03-15|2025-03-16|2025-03-17|2025-03-18|2025-03-19|2025-03-20|2025-03-21|2025-03-22|2025-03-23|2025-03-24|2025-03-25|2025-03-26|2025-03-27|2025-03-28|2025-03-29|2025-03-30|2025-03-31|2025-04-01|2025-04-02|2025-04-03|2025-04-04|2025-04-05|2025-04-06|2025-04-07|2025-04-08|2025-04-09|2025-04-10|2025-04-11|2025-04-12|2025-04-13|2025-04-14|2025-04-15|2025-04-16|2025-04-17|2025-04-18|2025-04-19|2025-04-20|2025-04-21|2025-04-22|2025-04-23|2025-04-24|2025-04-25|2025-04-26|2025-04-27|2025-04-28|2025-04-29|2025-04-30|2025-05-01|2025-05-02|2025-05-03|2025-05-04|2025-05-05|2025-05-06|2025-05-07|2025-05-08|2025-05-09|2025-05-10|2025-05-11|2025-05-12|2025-05-13|2025-05-14|2025-05-15|2025-05-16|2025-05-17|2025-05-18|2025-05-19|2025-05-20|2025-05-21|2025-05-22|2025-05-23|2025-05-24|2025-05-25|2025-05-26|2025-05-27|2025-05-28|2025-05-29|2025-05-30|2025-05-31|2025-06-01|2025-06-02|2025-06-03|2025-06-04|2025-06-05|2025-06-06|2025-06-07|2025-06-08|2025-06-09|2025-06-10|2025-06-11|2025-06-12|2025-06-13|2025-06-14|2025-06-15|2025-06-16|2025-06-17|2025-06-18|2025-06-19|2025-06-20|2025-06-21|2025-06-22|2025-06-23|2025-06-24|2025-06-25|2025-06-26|2025-06-27|2025-06-28|2025-06-29|2025-06-30|2025-07-01|2025-07-02|2025-07-03|2025-07-04|2025-07-05|2025-07-06|2025-07-07|2025-07-08|2025-07-09|2025-07-10|2025-07-11|2025-07-12|2025-07-13|2025-07-14|2025-07-15|2025-07-16|2025-07-17|2025-07-18|2025-07-19|2025-07-20|2025-07-21|2025-07-22|2025-07-23|2025-07-24|2025-07-25|2025-07-26|2025-07-27|2025-07-28|2025-07-29|2025-07-30|2025-07-31|2025-08-01|2025-08-02|2025-08-03,0.0636350935255841,0.06054244715124202,0.06200341605540743,0.06472407772114043
2025-08-05,2,188,2025-01-29,2025-08-04,2025-01-29|2025-01-30|2025-01-31|2025-02-01|2025-02-02|2025-02-03|2025-02-04|2025-02-05|2025-02-06|2025-02-07|2025-02-08|2025-02-09|2025-02-10|2025-02-11|2025-02-12|2025-02-13|2025-02-14|2025-02-15|2025-02-16|2025-02-17|2025-02-18|2025-02-19|2025-02-20|2025-02-21|2025-02-22|2025-02-23|2025-02-24|2025-02-25|2025-02-26|2025-02-27|2025-02-28|2025-03-01|2025-03-02|2025-03-03|2025-03-04|2025-03-05|2025-03-06|2025-03-07|2025-03-08|2025-03-09|2025-03-10|2025-03-11|2025-03-12|2025-03-13|2025-03-14|2025-03-15|2025-03-16|2025-03-17|2025-03-18|2025-03-19|2025-03-20|2025-03-21|2025-03-22|2025-03-23|2025-03-24|2025-03-25|2025-03-26|2025-03-27|2025-03-28|2025-03-29|2025-03-30|2025-03-31|2025-04-01|2025-04-02|2025-04-03|2025-04-04|2025-04-05|2025-04-06|2025-04-07|2025-04-08|2025-04-09|2025-04-10|2025-04-11|2025-04-12|2025-04-13|2025-04-14|2025-04-15|2025-04-16|2025-04-17|2025-04-18|2025-04-19|2025-04-20|2025-04-21|2025-04-22|2025-04-23|2025-04-24|2025-04-25|2025-04-26|2025-04-27|2025-04-28|2025-04-29|2025-04-30|2025-05-01|2025-05-02|2025-05-03|2025-05-04|2025-05-05|2025-05-06|2025-05-07|2025-05-08|2025-05-09|2025-05-10|2025-05-11|2025-05-12|2025-05-13|2025-05-14|2025-05-15|2025-05-16|2025-05-17|2025-05-18|2025-05-19|2025-05-20|2025-05-21|2025-05-22|2025-05-23|2025-05-24|2025-05-25|2025-05-26|2025-05-27|2025-05-28|2025-05-29|2025-05-30|2025-05-31|2025-06-01|2025-06-02|2025-06-03|2025-06-04|2025-06-05|2025-06-06|2025-06-07|2025-06-08|2025-06-09|2025-06-10|2025-06-11|2025-06-12|2025-06-13|2025-06-14|2025-06-15|2025-06-16|2025-06-17|2025-06-18|2025-06-19|2025-06-20|2025-06-21|2025-06-22|2025-06-23|2025-06-24|2025-06-25|2025-06-26|2025-06-27|2025-06-28|2025-06-29|2025-06-30|2025-07-01|2025-07-02|2025-07-03|2025-07-04|2025-07-05|2025-07-06|2025-07-07|2025-07-08|2025-07-09|2025-07-10|2025-07-11|2025-07-12|2025-07-13|2025-07-14|2025-07-15|2025-07-16|2025-07-17|2025-07-18|2025-07-19|2025-07-20|2025-07-21|2025-07-22|2025-07-23|2025-07-24|2025-07-25|2025-07-26|2025-07-27|2025-07-28|2025-07-29|2025-07-30|2025-07-31|2025-08-01|2025-08-02|2025-08-03|2025-08-04,0.06368979332879574,0.06054106093054396,0.06197710738661138,0.06466758134943902
2025-08-06,2,189,2025-01-29,2025-08-05,2025-01-29|2025-01-30|2025-01-31|2025-02-01|2025-02-02|2025-02-03|2025-02-04|2025-02-05|2025-02-06|2025-02-07|2025-02-08|2025-02-09|2025-02-10|2025-02-11|2025-02-12|2025-02-13|2025-02-14|2025-02-15|2025-02-16|2025-02-17|2025-02-18|2025-02-19|2025-02-20|2025-02-21|2025-02-22|2025-02-23|2025-02-24|2025-02-25|2025-02-26|2025-02-27|2025-02-28|2025-03-01|2025-03-02|2025-03-03|2025-03-04|2025-03-05|2025-03-06|2025-03-07|2025-03-08|2025-03-09|2025-03-10|2025-03-11|2025-03-12|2025-03-13|2025-03-14|2025-03-15|2025-03-16|2025-03-17|2025-03-18|2025-03-19|2025-03-20|2025-03-21|2025-03-22|2025-03-23|2025-03-24|2025-03-25|2025-03-26|2025-03-27|2025-03-28|2025-03-29|2025-03-30|2025-03-31|2025-04-01|2025-04-02|2025-04-03|2025-04-04|2025-04-05|2025-04-06|2025-04-07|2025-04-08|2025-04-09|2025-04-10|2025-04-11|2025-04-12|2025-04-13|2025-04-14|2025-04-15|2025-04-16|2025-04-17|2025-04-18|2025-04-19|2025-04-20|2025-04-21|2025-04-22|2025-04-23|2025-04-24|2025-04-25|2025-04-26|2025-04-27|2025-04-28|2025-04-29|2025-04-30|2025-05-01|2025-05-02|2025-05-03|2025-05-04|2025-05-05|2025-05-06|2025-05-07|2025-05-08|2025-05-09|2025-05-10|2025-05-11|2025-05-12|2025-05-13|2025-05-14|2025-05-15|2025-05-16|2025-05-17|2025-05-18|2025-05-19|2025-05-20|2025-05-21|2025-05-22|2025-05-23|2025-05-24|2025-05-25|2025-05-26|2025-05-27|2025-05-28|2025-05-29|2025-05-30|2025-05-31|2025-06-01|2025-06-02|2025-06-03|2025-06-04|2025-06-05|2025-06-06|2025-06-07|2025-06-08|2025-06-09|2025-06-10|2025-06-11|2025-06-12|2025-06-13|2025-06-14|2025-06-15|2025-06-16|2025-06-17|2025-06-18|2025-06-19|2025-06-20|2025-06-21|2025-06-22|2025-06-23|2025-06-24|2025-06-25|2025-06-26|2025-06-27|2025-06-28|2025-06-29|2025-06-30|2025-07-01|2025-07-02|2025-07-03|2025-07-04|2025-07-05|2025-07-06|2025-07-07|2025-07-08|2025-07-09|2025-07-10|2025-07-11|2025-07-12|2025-07-13|2025-07-14|2025-07-15|2025-07-16|2025-07-17|2025-07-18|2025-07-19|2025-07-20|2025-07-21|2025-07-22|2025-07-23|2025-07-24|2025-07-25|2025-07-26|2025-07-27|2025-07-28|2025-07-29|2025-07-30|2025-07-31|2025-08-01|2025-08-02|2025-08-03|2025-08-04|2025-08-05,0.0637071038297491,0.060532290526711385,0.061934397024813174,0.06460634198065747
2025-08-07,2,190,2025-01-29,2025-08-06,2025-01-29|2025-01-30|2025-01-31|2025-02-01|2025-02-02|2025-02-03|2025-02-04|2025-02-05|2025-02-06|2025-02-07|2025-02-08|2025-02-09|2025-02-10|2025-02-11|2025-02-12|2025-02-13|2025-02-14|2025-02-15|2025-02-16|2025-02-17|2025-02-18|2025-02-19|2025-02-20|2025-02-21|2025-02-22|2025-02-23|2025-02-24|2025-02-25|2025-02-26|2025-02-27|2025-02-28|2025-03-01|2025-03-02|2025-03-03|2025-03-04|2025-03-05|2025-03-06|2025-03-07|2025-03-08|2025-03-09|2025-03-10|2025-03-11|2025-03-12|2025-03-13|2025-03-14|2025-03-15|2025-03-16|2025-03-17|2025-03-18|2025-03-19|2025-03-20|2025-03-21|2025-03-22|2025-03-23|2025-03-24|2025-03-25|2025-03-26|2025-03-27|2025-03-28|2025-03-29|2025-03-30|2025-03-31|2025-04-01|2025-04-02|2025-04-03|2025-04-04|2025-04-05|2025-04-06|2025-04-07|2025-04-08|2025-04-09|2025-04-10|2025-04-11|2025-04-12|2025-04-13|2025-04-14|2025-04-15|2025-04-16|2025-04-17|2025-04-18|2025-04-19|2025-04-20|2025-04-21|2025-04-22|2025-04-23|2025-04-24|2025-04-25|2025-04-26|2025-04-27|2025-04-28|2025-04-29|2025-04-30|2025-05-01|2025-05-02|2025-05-03|2025-05-04|2025-05-05|2025-05-06|2025-05-07|2025-05-08|2025-05-09|2025-05-10|2025-05-11|2025-05-12|2025-05-13|2025-05-14|2025-05-15|2025-05-16|2025-05-17|2025-05-18|2025-05-19|2025-05-20|2025-05-21|2025-05-22|2025-05-23|2025-05-24|2025-05-25|2025-05-26|2025-05-27|2025-05-28|2025-05-29|2025-05-30|2025-05-31|2025-06-01|2025-06-02|2025-06-03|2025-06-04|2025-06-05|2025-06-06|2025-06-07|2025-06-08|2025-06-09|2025-06-10|2025-06-11|2025-06-12|2025-06-13|2025-06-14|2025-06-15|2025-06-16|2025-06-17|2025-06-18|2025-06-19|2025-06-20|2025-06-21|2025-06-22|2025-06-23|2025-06-24|2025-06-25|2025-06-26|2025-06-27|2025-06-28|2025-06-29|2025-06-30|2025-07-01|2025-07-02|2025-07-03|2025-07-04|2025-07-05|2025-07-06|2025-07-07|2025-07-08|2025-07-09|2025-07-10|2025-07-11|2025-07-12|2025-07-13|2025-07-14|2025-07-15|2025-07-16|2025-07-17|2025-07-18|2025-07-19|2025-07-20|2025-07-21|2025-07-22|2025-07-23|2025-07-24|2025-07-25|2025-07-26|2025-07-27|2025-07-28|2025-07-29|2025-07-30|2025-07-31|2025-08-01|2025-08-02|2025-08-03|2025-08-04|2025-08-05|2025-08-06,0.06367789775460234,0.06048567689939946,0.061847970248542876,0.06449964832988488
2025-08-08,2,191,2025-01-29,2025-08-07,2025-01-29|2025-01-30|2025-01-31|2025-02-01|2025-02-02|2025-02-03|2025-02-04|2025-02-05|2025-02-06|2025-02-07|2025-02-08|2025-02-09|2025-02-10|2025-02-11|2025-02-12|2025-02-13|2025-02-14|2025-02-15|2025-02-16|2025-02-17|2025-02-18|2025-02-19|2025-02-20|2025-02-21|2025-02-22|2025-02-23|2025-02-24|2025-02-25|2025-02-26|2025-02-27|2025-02-28|2025-03-01|2025-03-02|2025-03-03|2025-03-04|2025-03-05|2025-03-06|2025-03-07|2025-03-08|2025-03-09|2025-03-10|2025-03-11|2025-03-12|2025-03-13|2025-03-14|2025-03-15|2025-03-16|2025-03-17|2025-03-18|2025-03-19|2025-03-20|2025-03-21|2025-03-22|2025-03-23|2025-03-24|2025-03-25|2025-03-26|2025-03-27|2025-03-28|2025-03-29|2025-03-30|2025-03-31|2025-04-01|2025-04-02|2025-04-03|2025-04-04|2025-04-05|2025-04-06|2025-04-07|2025-04-08|2025-04-09|2025-04-10|2025-04-11|2025-04-12|2025-04-13|2025-04-14|2025-04-15|2025-04-16|2025-04-17|2025-04-18|2025-04-19|2025-04-20|2025-04-21|2025-04-22|2025-04-23|2025-04-24|2025-04-25|2025-04-26|2025-04-27|2025-04-28|2025-04-29|2025-04-30|2025-05-01|2025-05-02|2025-05-03|2025-05-04|2025-05-05|2025-05-06|2025-05-07|2025-05-08|2025-05-09|2025-05-10|2025-05-11|2025-05-12|2025-05-13|2025-05-14|2025-05-15|2025-05-16|2025-05-17|2025-05-18|2025-05-19|2025-05-20|2025-05-21|2025-05-22|2025-05-23|2025-05-24|2025-05-25|2025-05-26|2025-05-27|2025-05-28|2025-05-29|2025-05-30|2025-05-31|2025-06-01|2025-06-02|2025-06-03|2025-06-04|2025-06-05|2025-06-06|2025-06-07|2025-06-08|2025-06-09|2025-06-10|2025-06-11|2025-06-12|2025-06-13|2025-06-14|2025-06-15|2025-06-16|2025-06-17|2025-06-18|2025-06-19|2025-06-20|2025-06-21|2025-06-22|2025-06-23|2025-06-24|2025-06-25|2025-06-26|2025-06-27|2025-06-28|2025-06-29|2025-06-30|2025-07-01|2025-07-02|2025-07-03|2025-07-04|2025-07-05|2025-07-06|2025-07-07|2025-07-08|2025-07-09|2025-07-10|2025-07-11|2025-07-12|2025-07-13|2025-07-14|2025-07-15|2025-07-16|2025-07-17|2025-07-18|2025-07-19|2025-07-20|2025-07-21|2025-07-22|2025-07-23|2025-07-24|2025-07-25|2025-07-26|2025-07-27|2025-07-28|2025-07-29|2025-07-30|2025-07-31|2025-08-01|2025-08-02|2025-08-03|2025-08-04|2025-08-05|2025-08-06|2025-08-07,0.06371971783890114,0.0605134673576666,0.06186357356476934,0.06448309326069643
2025-08-09,2,192,2025-01-29,2025-08-08,2025-01-29|2025-01-30|2025-01-31|2025-02-01|2025-02-02|2025-02-03|2025-02-04|2025-02-05|2025-02-06|2025-02-07|2025-02-08|2025-02-09|2025-02-10|2025-02-11|2025-02-12|2025-02-13|2025-02-14|2025-02-15|2025-02-16|2025-02-17|2025-02-18|2025-02-19|2025-02-20|2025-02-21|2025-02-22|2025-02-23|2025-02-24|2025-02-25|2025-02-26|2025-02-27|2025-02-28|2025-03-01|2025-03-02|2025-03-03|2025-03-04|2025-03-05|2025-03-06|2025-03-07|2025-03-08|2025-03-09|2025-03-10|2025-03-11|2025-03-12|2025-03-13|2025-03-14|2025-03-15|2025-03-16|2025-03-17|2025-03-18|2025-03-19|2025-03-20|2025-03-21|2025-03-22|2025-03-23|2025-03-24|2025-03-25|2025-03-26|2025-03-27|2025-03-28|2025-03-29|2025-03-30|2025-03-31|2025-04-01|2025-04-02|2025-04-03|2025-04-04|2025-04-05|2025-04-06|2025-04-07|2025-04-08|2025-04-09|2025-04-10|2025-04-11|2025-04-12|2025-04-13|2025-04-14|2025-04-15|2025-04-16|2025-04-17|2025-04-18|2025-04-19|2025-04-20|2025-04-21|2025-04-22|2025-04-23|2025-04-24|2025-04-25|2025-04-26|2025-04-27|2025-04-28|2025-04-29|2025-04-30|2025-05-01|2025-05-02|2025-05-03|2025-05-04|2025-05-05|2025-05-06|2025-05-07|2025-05-08|2025-05-09|2025-05-10|2025-05-11|2025-05-12|2025-05-13|2025-05-14|2025-05-15|2025-05-16|2025-05-17|2025-05-18|2025-05-19|2025-05-20|2025-05-21|2025-05-22|2025-05-23|2025-05-24|2025-05-25|2025-05-26|2025-05-27|2025-05-28|2025-05-29|2025-05-30|2025-05-31|2025-06-01|2025-06-02|2025-06-03|2025-06-04|2025-06-05|2025-06-06|2025-06-07|2025-06-08|2025-06-09|2025-06-10|2025-06-11|2025-06-12|2025-06-13|2025-06-14|2025-06-15|2025-06-16|2025-06-17|2025-06-18|2025-06-19|2025-06-20|2025-06-21|2025-06-22|2025-06-23|2025-06-24|2025-06-25|2025-06-26|2025-06-27|2025-06-28|2025-06-29|2025-06-30|2025-07-01|2025-07-02|2025-07-03|2025-07-04|2025-07-05|2025-07-06|2025-07-07|2025-07-08|2025-07-09|2025-07-10|2025-07-11|2025-07-12|2025-07-13|2025-07-14|2025-07-15|2025-07-16|2025-07-17|2025-07-18|2025-07-19|2025-07-20|2025-07-21|2025-07-22|2025-07-23|2025-07-24|2025-07-25|2025-07-26|2025-07-27|2025-07-28|2025-07-29|2025-07-30|2025-07-31|2025-08-01|2025-08-02|2025-08-03|2025-08-04|2025-08-05|2025-08-06|2025-08-07|2025-08-08,0.06382177213684079,0.060618364877511446,0.06198628841026629,0.06461755293560233
2025-08-10,2,193,2025-01-29,2025-08-09,2025-01-29|2025-01-30|2025-01-31|2025-02-01|2025-02-02|2025-02-03|2025-02-04|2025-02-05|2025-02-06|2025-02-07|2025-02-08|2025-02-09|2025-02-10|2025-02-11|2025-02-12|2025-02-13|2025-02-14|2025-02-15|2025-02-16|2025-02-17|2025-02-18|2025-02-19|2025-02-20|2025-02-21|2025-02-22|2025-02-23|2025-02-24|2025-02-25|2025-02-26|2025-02-27|2025-02-28|2025-03-01|2025-03-02|2025-03-03|2025-03-04|2025-03-05|2025-03-06|2025-03-07|2025-03-08|2025-03-09|2025-03-10|2025-03-11|2025-03-12|2025-03-13|2025-03-14|2025-03-15|2025-03-16|2025-03-17|2025-03-18|2025-03-19|2025-03-20|2025-03-21|2025-03-22|2025-03-23|2025-03-24|2025-03-25|2025-03-26|2025-03-27|2025-03-28|2025-03-29|2025-03-30|2025-03-31|2025-04-01|2025-04-02|2025-04-03|2025-04-04|2025-04-05|2025-04-06|2025-04-07|2025-04-08|2025-04-09|2025-04-10|2025-04-11|2025-04-12|2025-04-13|2025-04-14|2025-04-15|2025-04-16|2025-04-17|2025-04-18|2025-04-19|2025-04-20|2025-04-21|2025-04-22|2025-04-23|2025-04-24|2025-04-25|2025-04-26|2025-04-27|2025-04-28|2025-04-29|2025-04-30|2025-05-01|2025-05-02|2025-05-03|2025-05-04|2025-05-05|2025-05-06|2025-05-07|2025-05-08|2025-05-09|2025-05-10|2025-05-11|2025-05-12|2025-05-13|2025-05-14|2025-05-15|2025-05-16|2025-05-17|2025-05-18|2025-05-19|2025-05-20|2025-05-21|2025-05-22|2025-05-23|2025-05-24|2025-05-25|2025-05-26|2025-05-27|2025-05-28|2025-05-29|2025-05-30|2025-05-31|2025-06-01|2025-06-02|2025-06-03|2025-06-04|2025-06-05|2025-06-06|2025-06-07|2025-06-08|2025-06-09|2025-06-10|2025-06-11|2025-06-12|2025-06-13|2025-06-14|2025-06-15|2025-06-16|2025-06-17|2025-06-18|2025-06-19|2025-06-20|2025-06-21|2025-06-22|2025-06-23|2025-06-24|2025-06-25|2025-06-26|2025-06-27|2025-06-28|2025-06-29|2025-06-30|2025-07-01|2025-07-02|2025-07-03|2025-07-04|2025-07-05|2025-07-06|2025-07-07|2025-07-08|2025-07-09|2025-07-10|2025-07-11|2025-07-12|2025-07-13|2025-07-14|2025-07-15|2025-07-16|2025-07-17|2025-07-18|2025-07-19|2025-07-20|2025-07-21|2025-07-22|2025-07-23|2025-07-24|2025-07-25|2025-07-26|2025-07-27|2025-07-28|2025-07-29|2025-07-30|2025-07-31|2025-08-01|2025-08-02|2025-08-03|2025-08-04|2025-08-05|2025-08-06|2025-08-07|2025-08-08|2025-08-09,0.06384231974295941,0.06066579537447589,0.06203404698094039,0.0646610791717568
2025-08-11,2,194,2025-01-29,2025-08-10,2025-01-29|2025-01-30|2025-01-31|2025-02-01|2025-02-02|2025-02-03|2025-02-04|2025-02-05|2025-02-06|2025-02-07|2025-02-08|2025-02-09|2025-02-10|2025-02-11|2025-02-12|2025-02-13|2025-02-14|2025-02-15|2025-02-16|2025-02-17|2025-02-18|2025-02-19|2025-02-20|2025-02-21|2025-02-22|2025-02-23|2025-02-24|2025-02-25|2025-02-26|2025-02-27|2025-02-28|2025-03-01|2025-03-02|2025-03-03|2025-03-04|2025-03-05|2025-03-06|2025-03-07|2025-03-08|2025-03-09|2025-03-10|2025-03-11|2025-03-12|2025-03-13|2025-03-14|2025-03-15|2025-03-16|2025-03-17|2025-03-18|2025-03-19|2025-03-20|2025-03-21|2025-03-22|2025-03-23|2025-03-24|2025-03-25|2025-03-26|2025-03-27|2025-03-28|2025-03-29|2025-03-30|2025-03-31|2025-04-01|2025-04-02|2025-04-03|2025-04-04|2025-04-05|2025-04-06|2025-04-07|2025-04-08|2025-04-09|2025-04-10|2025-04-11|2025-04-12|2025-04-13|2025-04-14|2025-04-15|2025-04-16|2025-04-17|2025-04-18|2025-04-19|2025-04-20|2025-04-21|2025-04-22|2025-04-23|2025-04-24|2025-04-25|2025-04-26|2025-04-27|2025-04-28|2025-04-29|2025-04-30|2025-05-01|2025-05-02|2025-05-03|2025-05-04|2025-05-05|2025-05-06|2025-05-07|2025-05-08|2025-05-09|2025-05-10|2025-05-11|2025-05-12|2025-05-13|2025-05-14|2025-05-15|2025-05-16|2025-05-17|2025-05-18|2025-05-19|2025-05-20|2025-05-21|2025-05-22|2025-05-23|2025-05-24|2025-05-25|2025-05-26|2025-05-27|2025-05-28|2025-05-29|2025-05-30|2025-05-31|2025-06-01|2025-06-02|2025-06-03|2025-06-04|2025-06-05|2025-06-06|2025-06-07|2025-06-08|2025-06-09|2025-06-10|2025-06-11|2025-06-12|2025-06-13|2025-06-14|2025-06-15|2025-06-16|2025-06-17|2025-06-18|2025-06-19|2025-06-20|2025-06-21|2025-06-22|2025-06-23|2025-06-24|2025-06-25|2025-06-26|2025-06-27|2025-06-28|2025-06-29|2025-06-30|2025-07-01|2025-07-02|2025-07-03|2025-07-04|2025-07-05|2025-07-06|2025-07-07|2025-07-08|2025-07-09|2025-07-10|2025-07-11|2025-07-12|2025-07-13|2025-07-14|2025-07-15|2025-07-16|2025-07-17|2025-07-18|2025-07-19|2025-07-20|2025-07-21|2025-07-22|2025-07-23|2025-07-24|2025-07-25|2025-07-26|2025-07-27|2025-07-28|2025-07-29|2025-07-30|2025-07-31|2025-08-01|2025-08-02|2025-08-03|2025-08-04|2025-08-05|2025-08-06|2025-08-07|2025-08-08|2025-08-09|2025-08-10,0.06376637610898013,0.06056222131619835,0.06192920759421786,0.06454410206846165
2025-08-12,2,195,2025-01-29,2025-08-11,2025-01-29|2025-01-30|2025-01-31|2025-02-01|2025-02-02|2025-02-03|2025-02-04|2025-02-05|2025-02-06|2025-02-07|2025-02-08|2025-02-09|2025-02-10|2025-02-11|2025-02-12|2025-02-13|2025-02-14|2025-02-15|2025-02-16|2025-02-17|2025-02-18|2025-02-19|2025-02-20|2025-02-21|2025-02-22|2025-02-23|2025-02-24|2025-02-25|2025-02-26|2025-02-27|2025-02-28|2025-03-01|2025-03-02|2025-03-03|2025-03-04|2025-03-05|2025-03-06|2025-03-07|2025-03-08|2025-03-09|2025-03-10|2025-03-11|2025-03-12|2025-03-13|2025-03-14|2025-03-15|2025-03-16|2025-03-17|2025-03-18|2025-03-19|2025-03-20|2025-03-21|2025-03-22|2025-03-23|2025-03-24|2025-03-25|2025-03-26|2025-03-27|2025-03-28|2025-03-29|2025-03-30|2025-03-31|2025-04-01|2025-04-02|2025-04-03|2025-04-04|2025-04-05|2025-04-06|2025-04-07|2025-04-08|2025-04-09|2025-04-10|2025-04-11|2025-04-12|2025-04-13|2025-04-14|2025-04-15|2025-04-16|2025-04-17|2025-04-18|2025-04-19|2025-04-20|2025-04-21|2025-04-22|2025-04-23|2025-04-24|2025-04-25|2025-04-26|2025-04-27|2025-04-28|2025-04-29|2025-04-30|2025-05-01|2025-05-02|2025-05-03|2025-05-04|2025-05-05|2025-05-06|2025-05-07|2025-05-08|2025-05-09|2025-05-10|2025-05-11|2025-05-12|2025-05-13|2025-05-14|2025-05-15|2025-05-16|2025-05-17|2025-05-18|2025-05-19|2025-05-20|2025-05-21|2025-05-22|2025-05-23|2025-05-24|2025-05-25|2025-05-26|2025-05-27|2025-05-28|2025-05-29|2025-05-30|2025-05-31|2025-06-01|2025-06-02|2025-06-03|2025-06-04|2025-06-05|2025-06-06|2025-06-07|2025-06-08|2025-06-09|2025-06-10|2025-06-11|2025-06-12|2025-06-13|2025-06-14|2025-06-15|2025-06-16|2025-06-17|2025-06-18|2025-06-19|2025-06-20|2025-06-21|2025-06-22|2025-06-23|2025-06-24|2025-06-25|2025-06-26|2025-06-27|2025-06-28|2025-06-29|2025-06-30|2025-07-01|2025-07-02|2025-07-03|2025-07-04|2025-07-05|2025-07-06|2025-07-07|2025-07-08|2025-07-09|2025-07-10|2025-07-11|2025-07-12|2025-07-13|2025-07-14|2025-07-15|2025-07-16|2025-07-17|2025-07-18|2025-07-19|2025-07-20|2025-07-21|2025-07-22|2025-07-23|2025-07-24|2025-07-25|2025-07-26|2025-07-27|2025-07-28|2025-07-29|2025-07-30|2025-07-31|2025-08-01|2025-08-02|2025-08-03|2025-08-04|2025-08-05|2025-08-06|2025-08-07|2025-08-08|2025-08-09|2025-08-10|2025-08-11,0.06371245412408282,0.060541859361864216,0.06189438382154195,0.06448277847119391
2025-08-13,2,196,2025-01-29,2025-08-12,2025-01-29|2025-01-30|2025-01-31|2025-02-01|2025-02-02|2025-02-03|2025-02-04|2025-02-05|2025-02-06|2025-02-07|2025-02-08|2025-02-09|2025-02-10|2025-02-11|2025-02-12|2025-02-13|2025-02-14|2025-02-15|2025-02-16|2025-02-17|2025-02-18|2025-02-19|2025-02-20|2025-02-21|2025-02-22|2025-02-23|2025-02-24|2025-02-25|2025-02-26|2025-02-27|2025-02-28|2025-03-01|2025-03-02|2025-03-03|2025-03-04|2025-03-05|2025-03-06|2025-03-07|2025-03-08|2025-03-09|2025-03-10|2025-03-11|2025-03-12|2025-03-13|2025-03-14|2025-03-15|2025-03-16|2025-03-17|2025-03-18|2025-03-19|2025-03-20|2025-03-21|2025-03-22|2025-03-23|2025-03-24|2025-03-25|2025-03-26|2025-03-27|2025-03-28|2025-03-29|2025-03-30|2025-03-31|2025-04-01|2025-04-02|2025-04-03|2025-04-04|2025-04-05|2025-04-06|2025-04-07|2025-04-08|2025-04-09|2025-04-10|2025-04-11|2025-04-12|2025-04-13|2025-04-14|2025-04-15|2025-04-16|2025-04-17|2025-04-18|2025-04-19|2025-04-20|2025-04-21|2025-04-22|2025-04-23|2025-04-24|2025-04-25|2025-04-26|2025-04-27|2025-04-28|2025-04-29|2025-04-30|2025-05-01|2025-05-02|2025-05-03|2025-05-04|2025-05-05|2025-05-06|2025-05-07|2025-05-08|2025-05-09|2025-05-10|2025-05-11|2025-05-12|2025-05-13|2025-05-14|2025-05-15|2025-05-16|2025-05-17|2025-05-18|2025-05-19|2025-05-20|2025-05-21|2025-05-22|2025-05-23|2025-05-24|2025-05-25|2025-05-26|2025-05-27|2025-05-28|2025-05-29|2025-05-30|2025-05-31|2025-06-01|2025-06-02|2025-06-03|2025-06-04|2025-06-05|2025-06-06|2025-06-07|2025-06-08|2025-06-09|2025-06-10|2025-06-11|2025-06-12|2025-06-13|2025-06-14|2025-06-15|2025-06-16|2025-06-17|2025-06-18|2025-06-19|2025-06-20|2025-06-21|2025-06-22|2025-06-23|2025-06-24|2025-06-25|2025-06-26|2025-06-27|2025-06-28|2025-06-29|2025-06-30|2025-07-01|2025-07-02|2025-07-03|2025-07-04|2025-07-05|2025-07-06|2025-07-07|2025-07-08|2025-07-09|2025-07-10|2025-07-11|2025-07-12|2025-07-13|2025-07-14|2025-07-15|2025-07-16|2025-07-17|2025-07-18|2025-07-19|2025-07-20|2025-07-21|2025-07-22|2025-07-23|2025-07-24|2025-07-25|2025-07-26|2025-07-27|2025-07-28|2025-07-29|2025-07-30|2025-07-31|2025-08-01|2025-08-02|2025-08-03|2025-08-04|2025-08-05|2025-08-06|2025-08-07|2025-08-08|2025-08-09|2025-08-10|2025-08-11|2025-08-12,0.06363313818360204,0.06043047783445784,0.06177168091474198,0.0643457875345428
2025-08-14,2,197,2025-01-29,2025-08-13,2025-01-29|2025-01-30|2025-01-31|2025-02-01|2025-02-02|2025-02-03|2025-02-04|2025-02-05|2025-02-06|2025-02-07|2025-02-08|2025-02-09|2025-02-10|2025-02-11|2025-02-12|2025-02-13|2025-02-14|2025-02-15|2025-02-16|2025-02-17|2025-02-18|2025-02-19|2025-02-20|2025-02-21|2025-02-22|2025-02-23|2025-02-24|2025-02-25|2025-02-26|2025-02-27|2025-02-28|2025-03-01|2025-03-02|2025-03-03|2025-03-04|2025-03-05|2025-03-06|2025-03-07|2025-03-08|2025-03-09|2025-03-10|2025-03-11|2025-03-12|2025-03-13|2025-03-14|2025-03-15|2025-03-16|2025-03-17|2025-03-18|2025-03-19|2025-03-20|2025-03-21|2025-03-22|2025-03-23|2025-03-24|2025-03-25|2025-03-26|2025-03-27|2025-03-28|2025-03-29|2025-03-30|2025-03-31|2025-04-01|2025-04-02|2025-04-03|2025-04-04|2025-04-05|2025-04-06|2025-04-07|2025-04-08|2025-04-09|2025-04-10|2025-04-11|2025-04-12|2025-04-13|2025-04-14|2025-04-15|2025-04-16|2025-04-17|2025-04-18|2025-04-19|2025-04-20|2025-04-21|2025-04-22|2025-04-23|2025-04-24|2025-04-25|2025-04-26|2025-04-27|2025-04-28|2025-04-29|2025-04-30|2025-05-01|2025-05-02|2025-05-03|2025-05-04|2025-05-05|2025-05-06|2025-05-07|2025-05-08|2025-05-09|2025-05-10|2025-05-11|2025-05-12|2025-05-13|2025-05-14|2025-05-15|2025-05-16|2025-05-17|2025-05-18|2025-05-19|2025-05-20|2025-05-21|2025-05-22|2025-05-23|2025-05-24|2025-05-25|2025-05-26|2025-05-27|2025-05-28|2025-05-29|2025-05-30|2025-05-31|2025-06-01|2025-06-02|2025-06-03|2025-06-04|2025-06-05|2025-06-06|2025-06-07|2025-06-08|2025-06-09|2025-06-10|2025-06-11|2025-06-12|2025-06-13|2025-06-14|2025-06-15|2025-06-16|2025-06-17|2025-06-18|2025-06-19|2025-06-20|2025-06-21|2025-06-22|2025-06-23|2025-06-24|2025-06-25|2025-06-26|2025-06-27|2025-06-28|2025-06-29|2025-06-30|2025-07-01|2025-07-02|2025-07-03|2025-07-04|2025-07-05|2025-07-06|2025-07-07|2025-07-08|2025-07-09|2025-07-10|2025-07-11|2025-07-12|2025-07-13|2025-07-14|2025-07-15|2025-07-16|2025-07-17|2025-07-18|2025-07-19|2025-07-20|2025-07-21|2025-07-22|2025-07-23|2025-07-24|2025-07-25|2025-07-26|2025-07-27|2025-07-28|2025-07-29|2025-07-30|2025-07-31|2025-08-01|2025-08-02|2025-08-03|2025-08-04|2025-08-05|2025-08-06|2025-08-07|2025-08-08|2025-08-09|2025-08-10|2025-08-11|2025-08-12|2025-08-13,0.06358159514746652,0.06031933023378011,0.061653549879991255,0.06421593552294974
2025-08-15,2,198,2025-01-29,2025-08-14,2025-01-29|2025-01-30|2025-01-31|2025-02-01|2025-02-02|2025-02-03|2025-02-04|2025-02-05|2025-02-06|2025-02-07|2025-02-08|2025-02-09|2025-02-10|2025-02-11|2025-02-12|2025-02-13|2025-02-14|2025-02-15|2025-02-16|2025-02-17|2025-02-18|2025-02-19|2025-02-20|2025-02-21|2025-02-22|2025-02-23|2025-02-24|2025-02-25|2025-02-26|2025-02-27|2025-02-28|2025-03-01|2025-03-02|2025-03-03|2025-03-04|2025-03-05|2025-03-06|2025-03-07|2025-03-08|2025-03-09|2025-03-10|2025-03-11|2025-03-12|2025-03-13|2025-03-14|2025-03-15|2025-03-16|2025-03-17|2025-03-18|2025-03-19|2025-03-20|2025-03-21|2025-03-22|2025-03-23|2025-03-24|2025-03-25|2025-03-26|2025-03-27|2025-03-28|2025-03-29|2025-03-30|2025-03-31|2025-04-01|2025-04-02|2025-04-03|2025-04-04|2025-04-05|2025-04-06|2025-04-07|2025-04-08|2025-04-09|2025-04-10|2025-04-11|2025-04-12|2025-04-13|2025-04-14|2025-04-15|2025-04-16|2025-04-17|2025-04-18|2025-04-19|2025-04-20|2025-04-21|2025-04-22|2025-04-23|2025-04-24|2025-04-25|2025-04-26|2025-04-27|2025-04-28|2025-04-29|2025-04-30|2025-05-01|2025-05-02|2025-05-03|2025-05-04|2025-05-05|2025-05-06|2025-05-07|2025-05-08|2025-05-09|2025-05-10|2025-05-11|2025-05-12|2025-05-13|2025-05-14|2025-05-15|2025-05-16|2025-05-17|2025-05-18|2025-05-19|2025-05-20|2025-05-21|2025-05-22|2025-05-23|2025-05-24|2025-05-25|2025-05-26|2025-05-27|2025-05-28|2025-05-29|2025-05-30|2025-05-31|2025-06-01|2025-06-02|2025-06-03|2025-06-04|2025-06-05|2025-06-06|2025-06-07|2025-06-08|2025-06-09|2025-06-10|2025-06-11|2025-06-12|2025-06-13|2025-06-14|2025-06-15|2025-06-16|2025-06-17|2025-06-18|2025-06-19|2025-06-20|2025-06-21|2025-06-22|2025-06-23|2025-06-24|2025-06-25|2025-06-26|2025-06-27|2025-06-28|2025-06-29|2025-06-30|2025-07-01|2025-07-02|2025-07-03|2025-07-04|2025-07-05|2025-07-06|2025-07-07|2025-07-08|2025-07-09|2025-07-10|2025-07-11|2025-07-12|2025-07-13|2025-07-14|2025-07-15|2025-07-16|2025-07-17|2025-07-18|2025-07-19|2025-07-20|2025-07-21|2025-07-22|2025-07-23|2025-07-24|2025-07-25|2025-07-26|2025-07-27|2025-07-28|2025-07-29|2025-07-30|2025-07-31|2025-08-01|2025-08-02|2025-08-03|2025-08-04|2025-08-05|2025-08-06|2025-08-07|2025-08-08|2025-08-09|2025-08-10|2025-08-11|2025-08-12|2025-08-13|2025-08-14,0.06349107409573959,0.0602382660151187,0.061577797181358127,0.06412078291155943
2025-08-16,2,199,2025-01-29,2025-08-15,2025-01-29|2025-01-30|2025-01-31|2025-02-01|2025-02-02|2025-02-03|2025-02-04|2025-02-05|2025-02-06|2025-02-07|2025-02-08|2025-02-09|2025-02-10|2025-02-11|2025-02-12|2025-02-13|2025-02-14|2025-02-15|2025-02-16|2025-02-17|2025-02-18|2025-02-19|2025-02-20|2025-02-21|2025-02-22|2025-02-23|2025-02-24|2025-02-25|2025-02-26|2025-02-27|2025-02-28|2025-03-01|2025-03-02|2025-03-03|2025-03-04|2025-03-05|2025-03-06|2025-03-07|2025-03-08|2025-03-09|2025-03-10|2025-03-11|2025-03-12|2025-03-13|2025-03-14|2025-03-15|2025-03-16|2025-03-17|2025-03-18|2025-03-19|2025-03-20|2025-03-21|2025-03-22|2025-03-23|2025-03-24|2025-03-25|2025-03-26|2025-03-27|2025-03-28|2025-03-29|2025-03-30|2025-03-31|2025-04-01|2025-04-02|2025-04-03|2025-04-04|2025-04-05|2025-04-06|2025-04-07|2025-04-08|2025-04-09|2025-04-10|2025-04-11|2025-04-12|2025-04-13|2025-04-14|2025-04-15|2025-04-16|2025-04-17|2025-04-18|2025-04-19|2025-04-20|2025-04-21|2025-04-22|2025-04-23|2025-04-24|2025-04-25|2025-04-26|2025-04-27|2025-04-28|2025-04-29|2025-04-30|2025-05-01|2025-05-02|2025-05-03|2025-05-04|2025-05-05|2025-05-06|2025-05-07|2025-05-08|2025-05-09|2025-05-10|2025-05-11|2025-05-12|2025-05-13|2025-05-14|2025-05-15|2025-05-16|2025-05-17|2025-05-18|2025-05-19|2025-05-20|2025-05-21|2025-05-22|2025-05-23|2025-05-24|2025-05-25|2025-05-26|2025-05-27|2025-05-28|2025-05-29|2025-05-30|2025-05-31|2025-06-01|2025-06-02|2025-06-03|2025-06-04|2025-06-05|2025-06-06|2025-06-07|2025-06-08|2025-06-09|2025-06-10|2025-06-11|2025-06-12|2025-06-13|2025-06-14|2025-06-15|2025-06-16|2025-06-17|2025-06-18|2025-06-19|2025-06-20|2025-06-21|2025-06-22|2025-06-23|2025-06-24|2025-06-25|2025-06-26|2025-06-27|2025-06-28|2025-06-29|2025-06-30|2025-07-01|2025-07-02|2025-07-03|2025-07-04|2025-07-05|2025-07-06|2025-07-07|2025-07-08|2025-07-09|2025-07-10|2025-07-11|2025-07-12|2025-07-13|2025-07-14|2025-07-15|2025-07-16|2025-07-17|2025-07-18|2025-07-19|2025-07-20|2025-07-21|2025-07-22|2025-07-23|2025-07-24|2025-07-25|2025-07-26|2025-07-27|2025-07-28|2025-07-29|2025-07-30|2025-07-31|2025-08-01|2025-08-02|2025-08-03|2025-08-04|2025-08-05|2025-08-06|2025-08-07|2025-08-08|2025-08-09|2025-08-10|2025-08-11|2025-08-12|2025-08-13|2025-08-14|2025-08-15,0.06351079358180009,0.06023684857211144,0.06158195322187933,0.06413260014058686
2025-08-17,2,200,2025-01-29,2025-08-16,2025-01-29|2025-01-30|2025-01-31|2025-02-01|2025-02-02|2025-02-03|2025-02-04|2025-02-05|2025-02-06|2025-02-07|2025-02-08|2025-02-09|2025-02-10|2025-02-11|2025-02-12|2025-02-13|2025-02-14|2025-02-15|2025-02-16|2025-02-17|2025-02-18|2025-02-19|2025-02-20|2025-02-21|2025-02-22|2025-02-23|2025-02-24|2025-02-25|2025-02-26|2025-02-27|2025-02-28|2025-03-01|2025-03-02|2025-03-03|2025-03-04|2025-03-05|2025-03-06|2025-03-07|2025-03-08|2025-03-09|2025-03-10|2025-03-11|2025-03-12|2025-03-13|2025-03-14|2025-03-15|2025-03-16|2025-03-17|2025-03-18|2025-03-19|2025-03-20|2025-03-21|2025-03-22|2025-03-23|2025-03-24|2025-03-25|2025-03-26|2025-03-27|2025-03-28|2025-03-29|2025-03-30|2025-03-31|2025-04-01|2025-04-02|2025-04-03|2025-04-04|2025-04-05|2025-04-06|2025-04-07|2025-04-08|2025-04-09|2025-04-10|2025-04-11|2025-04-12|2025-04-13|2025-04-14|2025-04-15|2025-04-16|2025-04-17|2025-04-18|2025-04-19|2025-04-20|2025-04-21|2025-04-22|2025-04-23|2025-04-24|2025-04-25|2025-04-26|2025-04-27|2025-04-28|2025-04-29|2025-04-30|2025-05-01|2025-05-02|2025-05-03|2025-05-04|2025-05-05|2025-05-06|2025-05-07|2025-05-08|2025-05-09|2025-05-10|2025-05-11|2025-05-12|2025-05-13|2025-05-14|2025-05-15|2025-05-16|2025-05-17|2025-05-18|2025-05-19|2025-05-20|2025-05-21|2025-05-22|2025-05-23|2025-05-24|2025-05-25|2025-05-26|2025-05-27|2025-05-28|2025-05-29|2025-05-30|2025-05-31|2025-06-01|2025-06-02|2025-06-03|2025-06-04|2025-06-05|2025-06-06|2025-06-07|2025-06-08|2025-06-09|2025-06-10|2025-06-11|2025-06-12|2025-06-13|2025-06-14|2025-06-15|2025-06-16|2025-06-17|2025-06-18|2025-06-19|2025-06-20|2025-06-21|2025-06-22|2025-06-23|2025-06-24|2025-06-25|2025-06-26|2025-06-27|2025-06-28|2025-06-29|2025-06-30|2025-07-01|2025-07-02|2025-07-03|2025-07-04|2025-07-05|2025-07-06|2025-07-07|2025-07-08|2025-07-09|2025-07-10|2025-07-11|2025-07-12|2025-07-13|2025-07-14|2025-07-15|2025-07-16|2025-07-17|2025-07-18|2025-07-19|2025-07-20|2025-07-21|2025-07-22|2025-07-23|2025-07-24|2025-07-25|2025-07-26|2025-07-27|2025-07-28|2025-07-29|2025-07-30|2025-07-31|2025-08-01|2025-08-02|2025-08-03|2025-08-04|2025-08-05|2025-08-06|2025-08-07|2025-08-08|2025-08-09|2025-08-10|2025-08-11|2025-08-12|2025-08-13|2025-08-14|2025-08-15|2025-08-16,0.06352121689714689,0.060231909968971487,0.06159475090003231,0.06413808445165196
2025-08-18,2,201,2025-01-29,2025-08-17,2025-01-29|2025-01-30|2025-01-31|2025-02-01|2025-02-02|2025-02-03|2025-02-04|2025-02-05|2025-02-06|2025-02-07|2025-02-08|2025-02-09|2025-02-10|2025-02-11|2025-02-12|2025-02-13|2025-02-14|2025-02-15|2025-02-16|2025-02-17|2025-02-18|2025-02-19|2025-02-20|2025-02-21|2025-02-22|2025-02-23|2025-02-24|2025-02-25|2025-02-26|2025-02-27|2025-02-28|2025-03-01|2025-03-02|2025-03-03|2025-03-04|2025-03-05|2025-03-06|2025-03-07|2025-03-08|2025-03-09|2025-03-10|2025-03-11|2025-03-12|2025-03-13|2025-03-14|2025-03-15|2025-03-16|2025-03-17|2025-03-18|2025-03-19|2025-03-20|2025-03-21|2025-03-22|2025-03-23|2025-03-24|2025-03-25|2025-03-26|2025-03-27|2025-03-28|2025-03-29|2025-03-30|2025-03-31|2025-04-01|2025-04-02|2025-04-03|2025-04-04|2025-04-05|2025-04-06|2025-04-07|2025-04-08|2025-04-09|2025-04-10|2025-04-11|2025-04-12|2025-04-13|2025-04-14|2025-04-15|2025-04-16|2025-04-17|2025-04-18|2025-04-19|2025-04-20|2025-04-21|2025-04-22|2025-04-23|2025-04-24|2025-04-25|2025-04-26|2025-04-27|2025-04-28|2025-04-29|2025-04-30|2025-05-01|2025-05-02|2025-05-03|2025-05-04|2025-05-05|2025-05-06|2025-05-07|2025-05-08|2025-05-09|2025-05-10|2025-05-11|2025-05-12|2025-05-13|2025-05-14|2025-05-15|2025-05-16|2025-05-17|2025-05-18|2025-05-19|2025-05-20|2025-05-21|2025-05-22|2025-05-23|2025-05-24|2025-05-25|2025-05-26|2025-05-27|2025-05-28|2025-05-29|2025-05-30|2025-05-31|2025-06-01|2025-06-02|2025-06-03|2025-06-04|2025-06-05|2025-06-06|2025-06-07|2025-06-08|2025-06-09|2025-06-10|2025-06-11|2025-06-12|2025-06-13|2025-06-14|2025-06-15|2025-06-16|2025-06-17|2025-06-18|2025-06-19|2025-06-20|2025-06-21|2025-06-22|2025-06-23|2025-06-24|2025-06-25|2025-06-26|2025-06-27|2025-06-28|2025-06-29|2025-06-30|2025-07-01|2025-07-02|2025-07-03|2025-07-04|2025-07-05|2025-07-06|2025-07-07|2025-07-08|2025-07-09|2025-07-10|2025-07-11|2025-07-12|2025-07-13|2025-07-14|2025-07-15|2025-07-16|2025-07-17|2025-07-18|2025-07-19|2025-07-20|2025-07-21|2025-07-22|2025-07-23|2025-07-24|2025-07-25|2025-07-26|2025-07-27|2025-07-28|2025-07-29|2025-07-30|2025-07-31|2025-08-01|2025-08-02|2025-08-03|2025-08-04|2025-08-05|2025-08-06|2025-08-07|2025-08-08|2025-08-09|2025-08-10|2025-08-11|2025-08-12|2025-08-13|2025-08-14|2025-08-15|2025-08-16|2025-08-17,0.0634476999539096,0.060155830661668845,0.06151121257732264,0.06404744686103933
2025-08-19,2,202,2025-01-29,2025-08-18,2025-01-29|2025-01-30|2025-01-31|2025-02-01|2025-02-02|2025-02-03|2025-02-04|2025-02-05|2025-02-06|2025-02-07|2025-02-08|2025-02-09|2025-02-10|2025-02-11|2025-02-12|2025-02-13|2025-02-14|2025-02-15|2025-02-16|2025-02-17|2025-02-18|2025-02-19|2025-02-20|2025-02-21|2025-02-22|2025-02-23|2025-02-24|2025-02-25|2025-02-26|2025-02-27|2025-02-28|2025-03-01|2025-03-02|2025-03-03|2025-03-04|2025-03-05|2025-03-06|2025-03-07|2025-03-08|2025-03-09|2025-03-10|2025-03-11|2025-03-12|2025-03-13|2025-03-14|2025-03-15|2025-03-16|2025-03-17|2025-03-18|2025-03-19|2025-03-20|2025-03-21|2025-03-22|2025-03-23|2025-03-24|2025-03-25|2025-03-26|2025-03-27|2025-03-28|2025-03-29|2025-03-30|2025-03-31|2025-04-01|2025-04-02|2025-04-03|2025-04-04|2025-04-05|2025-04-06|2025-04-07|2025-04-08|2025-04-09|2025-04-10|2025-04-11|2025-04-12|2025-04-13|2025-04-14|2025-04-15|2025-04-16|2025-04-17|2025-04-18|2025-04-19|2025-04-20|2025-04-21|2025-04-22|2025-04-23|2025-04-24|2025-04-25|2025-04-26|2025-04-27|2025-04-28|2025-04-29|2025-04-30|2025-05-01|2025-05-02|2025-05-03|2025-05-04|2025-05-05|2025-05-06|2025-05-07|2025-05-08|2025-05-09|2025-05-10|2025-05-11|2025-05-12|2025-05-13|2025-05-14|2025-05-15|2025-05-16|2025-05-17|2025-05-18|2025-05-19|2025-05-20|2025-05-21|2025-05-22|2025-05-23|2025-05-24|2025-05-25|2025-05-26|2025-05-27|2025-05-28|2025-05-29|2025-05-30|2025-05-31|2025-06-01|2025-06-02|2025-06-03|2025-06-04|2025-06-05|2025-06-06|2025-06-07|2025-06-08|2025-06-09|2025-06-10|2025-06-11|2025-06-12|2025-06-13|2025-06-14|2025-06-15|2025-06-16|2025-06-17|2025-06-18|2025-06-19|2025-06-20|2025-06-21|2025-06-22|2025-06-23|2025-06-24|2025-06-25|2025-06-26|2025-06-27|2025-06-28|2025-06-29|2025-06-30|2025-07-01|2025-07-02|2025-07-03|2025-07-04|2025-07-05|2025-07-06|2025-07-07|2025-07-08|2025-07-09|2025-07-10|2025-07-11|2025-07-12|2025-07-13|2025-07-14|2025-07-15|2025-07-16|2025-07-17|2025-07-18|2025-07-19|2025-07-20|2025-07-21|2025-07-22|2025-07-23|2025-07-24|2025-07-25|2025-07-26|2025-07-27|2025-07-28|2025-07-29|2025-07-30|2025-07-31|2025-08-01|2025-08-02|2025-08-03|2025-08-04|2025-08-05|2025-08-06|2025-08-07|2025-08-08|2025-08-09|2025-08-10|2025-08-11|2025-08-12|2025-08-13|2025-08-14|2025-08-15|2025-08-16|2025-08-17|2025-08-18,0.06338067610351232,0.060066811410213555,0.06143037795011004,0.06395103295469945
2025-08-20,2,203,2025-01-29,2025-08-19,2025-01-29|2025-01-30|2025-01-31|2025-02-01|2025-02-02|2025-02-03|2025-02-04|2025-02-05|2025-02-06|2025-02-07|2025-02-08|2025-02-09|2025-02-10|2025-02-11|2025-02-12|2025-02-13|2025-02-14|2025-02-15|2025-02-16|2025-02-17|2025-02-18|2025-02-19|2025-02-20|2025-02-21|2025-02-22|2025-02-23|2025-02-24|2025-02-25|2025-02-26|2025-02-27|2025-02-28|2025-03-01|2025-03-02|2025-03-03|2025-03-04|2025-03-05|2025-03-06|2025-03-07|2025-03-08|2025-03-09|2025-03-10|2025-03-11|2025-03-12|2025-03-13|2025-03-14|2025-03-15|2025-03-16|2025-03-17|2025-03-18|2025-03-19|2025-03-20|2025-03-21|2025-03-22|2025-03-23|2025-03-24|2025-03-25|2025-03-26|2025-03-27|2025-03-28|2025-03-29|2025-03-30|2025-03-31|2025-04-01|2025-04-02|2025-04-03|2025-04-04|2025-04-05|2025-04-06|2025-04-07|2025-04-08|2025-04-09|2025-04-10|2025-04-11|2025-04-12|2025-04-13|2025-04-14|2025-04-15|2025-04-16|2025-04-17|2025-04-18|2025-04-19|2025-04-20|2025-04-21|2025-04-22|2025-04-23|2025-04-24|2025-04-25|2025-04-26|2025-04-27|2025-04-28|2025-04-29|2025-04-30|2025-05-01|2025-05-02|2025-05-03|2025-05-04|2025-05-05|2025-05-06|2025-05-07|2025-05-08|2025-05-09|2025-05-10|2025-05-11|2025-05-12|2025-05-13|2025-05-14|2025-05-15|2025-05-16|2025-05-17|2025-05-18|2025-05-19|2025-05-20|2025-05-21|2025-05-22|2025-05-23|2025-05-24|2025-05-25|2025-05-26|2025-05-27|2025-05-28|2025-05-29|2025-05-30|2025-05-31|2025-06-01|2025-06-02|2025-06-03|2025-06-04|2025-06-05|2025-06-06|2025-06-07|2025-06-08|2025-06-09|2025-06-10|2025-06-11|2025-06-12|2025-06-13|2025-06-14|2025-06-15|2025-06-16|2025-06-17|2025-06-18|2025-06-19|2025-06-20|2025-06-21|2025-06-22|2025-06-23|2025-06-24|2025-06-25|2025-06-26|2025-06-27|2025-06-28|2025-06-29|2025-06-30|2025-07-01|2025-07-02|2025-07-03|2025-07-04|2025-07-05|2025-07-06|2025-07-07|2025-07-08|2025-07-09|2025-07-10|2025-07-11|2025-07-12|2025-07-13|2025-07-14|2025-07-15|2025-07-16|2025-07-17|2025-07-18|2025-07-19|2025-07-20|2025-07-21|2025-07-22|2025-07-23|2025-07-24|2025-07-25|2025-07-26|2025-07-27|2025-07-28|2025-07-29|2025-07-30|2025-07-31|2025-08-01|2025-08-02|2025-08-03|2025-08-04|2025-08-05|2025-08-06|2025-08-07|2025-08-08|2025-08-09|2025-08-10|2025-08-11|2025-08-12|2025-08-13|2025-08-14|2025-08-15|2025-08-16|2025-08-17|2025-08-18|2025-08-19,0.06332034380984296,0.05996137038323556,0.061346978118772995,0.0638557001838447
2025-08-21,2,204,2025-01-29,2025-08-20,2025-01-29|2025-01-30|2025-01-31|2025-02-01|2025-02-02|2025-02-03|2025-02-04|2025-02-05|2025-02-06|2025-02-07|2025-02-08|2025-02-09|2025-02-10|2025-02-11|2025-02-12|2025-02-13|2025-02-14|2025-02-15|2025-02-16|2025-02-17|2025-02-18|2025-02-19|2025-02-20|2025-02-21|2025-02-22|2025-02-23|2025-02-24|2025-02-25|2025-02-26|2025-02-27|2025-02-28|2025-03-01|2025-03-02|2025-03-03|2025-03-04|2025-03-05|2025-03-06|2025-03-07|2025-03-08|2025-03-09|2025-03-10|2025-03-11|2025-03-12|2025-03-13|2025-03-14|2025-03-15|2025-03-16|2025-03-17|2025-03-18|2025-03-19|2025-03-20|2025-03-21|2025-03-22|2025-03-23|2025-03-24|2025-03-25|2025-03-26|2025-03-27|2025-03-28|2025-03-29|2025-03-30|2025-03-31|2025-04-01|2025-04-02|2025-04-03|2025-04-04|2025-04-05|2025-04-06|2025-04-07|2025-04-08|2025-04-09|2025-04-10|2025-04-11|2025-04-12|2025-04-13|2025-04-14|2025-04-15|2025-04-16|2025-04-17|2025-04-18|2025-04-19|2025-04-20|2025-04-21|2025-04-22|2025-04-23|2025-04-24|2025-04-25|2025-04-26|2025-04-27|2025-04-28|2025-04-29|2025-04-30|2025-05-01|2025-05-02|2025-05-03|2025-05-04|2025-05-05|2025-05-06|2025-05-07|2025-05-08|2025-05-09|2025-05-10|2025-05-11|2025-05-12|2025-05-13|2025-05-14|2025-05-15|2025-05-16|2025-05-17|2025-05-18|2025-05-19|2025-05-20|2025-05-21|2025-05-22|2025-05-23|2025-05-24|2025-05-25|2025-05-26|2025-05-27|2025-05-28|2025-05-29|2025-05-30|2025-05-31|2025-06-01|2025-06-02|2025-06-03|2025-06-04|2025-06-05|2025-06-06|2025-06-07|2025-06-08|2025-06-09|2025-06-10|2025-06-11|2025-06-12|2025-06-13|2025-06-14|2025-06-15|2025-06-16|2025-06-17|2025-06-18|2025-06-19|2025-06-20|2025-06-21|2025-06-22|2025-06-23|2025-06-24|2025-06-25|2025-06-26|2025-06-27|2025-06-28|2025-06-29|2025-06-30|2025-07-01|2025-07-02|2025-07-03|2025-07-04|2025-07-05|2025-07-06|2025-07-07|2025-07-08|2025-07-09|2025-07-10|2025-07-11|2025-07-12|2025-07-13|2025-07-14|2025-07-15|2025-07-16|2025-07-17|2025-07-18|2025-07-19|2025-07-20|2025-07-21|2025-07-22|2025-07-23|2025-07-24|2025-07-25|2025-07-26|2025-07-27|2025-07-28|2025-07-29|2025-07-30|2025-07-31|2025-08-01|2025-08-02|2025-08-03|2025-08-04|2025-08-05|2025-08-06|2025-08-07|2025-08-08|2025-08-09|2025-08-10|2025-08-11|2025-08-12|2025-08-13|2025-08-14|2025-08-15|2025-08-16|2025-08-17|2025-08-18|2025-08-19|2025-08-20,0.06324652365870588,0.05988899153562755,0.06123821626229171,0.06372419864325843
2025-08-22,2,205,2025-01-29,2025-08-21,2025-01-29|2025-01-30|2025-01-31|2025-02-01|2025-02-02|2025-02-03|2025-02-04|2025-02-05|2025-02-06|2025-02-07|2025-02-08|2025-02-09|2025-02-10|2025-02-11|2025-02-12|2025-02-13|2025-02-14|2025-02-15|2025-02-16|2025-02-17|2025-02-18|2025-02-19|2025-02-20|2025-02-21|2025-02-22|2025-02-23|2025-02-24|2025-02-25|2025-02-26|2025-02-27|2025-02-28|2025-03-01|2025-03-02|2025-03-03|2025-03-04|2025-03-05|2025-03-06|2025-03-07|2025-03-08|2025-03-09|2025-03-10|2025-03-11|2025-03-12|2025-03-13|2025-03-14|2025-03-15|2025-03-16|2025-03-17|2025-03-18|2025-03-19|2025-03-20|2025-03-21|2025-03-22|2025-03-23|2025-03-24|2025-03-25|2025-03-26|2025-03-27|2025-03-28|2025-03-29|2025-03-30|2025-03-31|2025-04-01|2025-04-02|2025-04-03|2025-04-04|2025-04-05|2025-04-06|2025-04-07|2025-04-08|2025-04-09|2025-04-10|2025-04-11|2025-04-12|2025-04-13|2025-04-14|2025-04-15|2025-04-16|2025-04-17|2025-04-18|2025-04-19|2025-04-20|2025-04-21|2025-04-22|2025-04-23|2025-04-24|2025-04-25|2025-04-26|2025-04-27|2025-04-28|2025-04-29|2025-04-30|2025-05-01|2025-05-02|2025-05-03|2025-05-04|2025-05-05|2025-05-06|2025-05-07|2025-05-08|2025-05-09|2025-05-10|2025-05-11|2025-05-12|2025-05-13|2025-05-14|2025-05-15|2025-05-16|2025-05-17|2025-05-18|2025-05-19|2025-05-20|2025-05-21|2025-05-22|2025-05-23|2025-05-24|2025-05-25|2025-05-26|2025-05-27|2025-05-28|2025-05-29|2025-05-30|2025-05-31|2025-06-01|2025-06-02|2025-06-03|2025-06-04|2025-06-05|2025-06-06|2025-06-07|2025-06-08|2025-06-09|2025-06-10|2025-06-11|2025-06-12|2025-06-13|2025-06-14|2025-06-15|2025-06-16|2025-06-17|2025-06-18|2025-06-19|2025-06-20|2025-06-21|2025-06-22|2025-06-23|2025-06-24|2025-06-25|2025-06-26|2025-06-27|2025-06-28|2025-06-29|2025-06-30|2025-07-01|2025-07-02|2025-07-03|2025-07-04|2025-07-05|2025-07-06|2025-07-07|2025-07-08|2025-07-09|2025-07-10|2025-07-11|2025-07-12|2025-07-13|2025-07-14|2025-07-15|2025-07-16|2025-07-17|2025-07-18|2025-07-19|2025-07-20|2025-07-21|2025-07-22|2025-07-23|2025-07-24|2025-07-25|2025-07-26|2025-07-27|2025-07-28|2025-07-29|2025-07-30|2025-07-31|2025-08-01|2025-08-02|2025-08-03|2025-08-04|2025-08-05|2025-08-06|2025-08-07|2025-08-08|2025-08-09|2025-08-10|2025-08-11|2025-08-12|2025-08-13|2025-08-14|2025-08-15|2025-08-16|2025-08-17|2025-08-18|2025-08-19|2025-08-20|2025-08-21,0.06317519921937954,0.05981820773491782,0.0611255190749465,0.06359438599568329
2025-08-23,2,206,2025-01-29,2025-08-22,2025-01-29|2025-01-30|2025-01-31|2025-02-01|2025-02-02|2025-02-03|2025-02-04|2025-02-05|2025-02-06|2025-02-07|2025-02-08|2025-02-09|2025-02-10|2025-02-11|2025-02-12|2025-02-13|2025-02-14|2025-02-15|2025-02-16|2025-02-17|2025-02-18|2025-02-19|2025-02-20|2025-02-21|2025-02-22|2025-02-23|2025-02-24|2025-02-25|2025-02-26|2025-02-27|2025-02-28|2025-03-01|2025-03-02|2025-03-03|2025-03-04|2025-03-05|2025-03-06|2025-03-07|2025-03-08|2025-03-09|2025-03-10|2025-03-11|2025-03-12|2025-03-13|2025-03-14|2025-03-15|2025-03-16|2025-03-17|2025-03-18|2025-03-19|2025-03-20|2025-03-21|2025-03-22|2025-03-23|2025-03-24|2025-03-25|2025-03-26|2025-03-27|2025-03-28|2025-03-29|2025-03-30|2025-03-31|2025-04-01|2025-04-02|2025-04-03|2025-04-04|2025-04-05|2025-04-06|2025-04-07|2025-04-08|2025-04-09|2025-04-10|2025-04-11|2025-04-12|2025-04-13|2025-04-14|2025-04-15|2025-04-16|2025-04-17|2025-04-18|2025-04-19|2025-04-20|2025-04-21|2025-04-22|2025-04-23|2025-04-24|2025-04-25|2025-04-26|2025-04-27|2025-04-28|2025-04-29|2025-04-30|2025-05-01|2025-05-02|2025-05-03|2025-05-04|2025-05-05|2025-05-06|2025-05-07|2025-05-08|2025-05-09|2025-05-10|2025-05-11|2025-05-12|2025-05-13|2025-05-14|2025-05-15|2025-05-16|2025-05-17|2025-05-18|2025-05-19|2025-05-20|2025-05-21|2025-05-22|2025-05-23|2025-05-24|2025-05-25|2025-05-26|2025-05-27|2025-05-28|2025-05-29|2025-05-30|2025-05-31|2025-06-01|2025-06-02|2025-06-03|2025-06-04|2025-06-05|2025-06-06|2025-06-07|2025-06-08|2025-06-09|2025-06-10|2025-06-11|2025-06-12|2025-06-13|2025-06-14|2025-06-15|2025-06-16|2025-06-17|2025-06-18|2025-06-19|2025-06-20|2025-06-21|2025-06-22|2025-06-23|2025-06-24|2025-06-25|2025-06-26|2025-06-27|2025-06-28|2025-06-29|2025-06-30|2025-07-01|2025-07-02|2025-07-03|2025-07-04|2025-07-05|2025-07-06|2025-07-07|2025-07-08|2025-07-09|2025-07-10|2025-07-11|2025-07-12|2025-07-13|2025-07-14|2025-07-15|2025-07-16|2025-07-17|2025-07-18|2025-07-19|2025-07-20|2025-07-21|2025-07-22|2025-07-23|2025-07-24|2025-07-25|2025-07-26|2025-07-27|2025-07-28|2025-07-29|2025-07-30|2025-07-31|2025-08-01|2025-08-02|2025-08-03|2025-08-04|2025-08-05|2025-08-06|2025-08-07|2025-08-08|2025-08-09|2025-08-10|2025-08-11|2025-08-12|2025-08-13|2025-08-14|2025-08-15|2025-08-16|2025-08-17|2025-08-18|2025-08-19|2025-08-20|2025-08-21|2025-08-22,0.06317093906975542,0.05981839919169292,0.06108978648268068,0.06353922063924625
2025-08-24,2,207,2025-01-29,2025-08-23,2025-01-29|2025-01-30|2025-01-31|2025-02-01|2025-02-02|2025-02-03|2025-02-04|2025-02-05|2025-02-06|2025-02-07|2025-02-08|2025-02-09|2025-02-10|2025-02-11|2025-02-12|2025-02-13|2025-02-14|2025-02-15|2025-02-16|2025-02-17|2025-02-18|2025-02-19|2025-02-20|2025-02-21|2025-02-22|2025-02-23|2025-02-24|2025-02-25|2025-02-26|2025-02-27|2025-02-28|2025-03-01|2025-03-02|2025-03-03|2025-03-04|2025-03-05|2025-03-06|2025-03-07|2025-03-08|2025-03-09|2025-03-10|2025-03-11|2025-03-12|2025-03-13|2025-03-14|2025-03-15|2025-03-16|2025-03-17|2025-03-18|2025-03-19|2025-03-20|2025-03-21|2025-03-22|2025-03-23|2025-03-24|2025-03-25|2025-03-26|2025-03-27|2025-03-28|2025-03-29|2025-03-30|2025-03-31|2025-04-01|2025-04-02|2025-04-03|2025-04-04|2025-04-05|2025-04-06|2025-04-07|2025-04-08|2025-04-09|2025-04-10|2025-04-11|2025-04-12|2025-04-13|2025-04-14|2025-04-15|2025-04-16|2025-04-17|2025-04-18|2025-04-19|2025-04-20|2025-04-21|2025-04-22|2025-04-23|2025-04-24|2025-04-25|2025-04-26|2025-04-27|2025-04-28|2025-04-29|2025-04-30|2025-05-01|2025-05-02|2025-05-03|2025-05-04|2025-05-05|2025-05-06|2025-05-07|2025-05-08|2025-05-09|2025-05-10|2025-05-11|2025-05-12|2025-05-13|2025-05-14|2025-05-15|2025-05-16|2025-05-17|2025-05-18|2025-05-19|2025-05-20|2025-05-21|2025-05-22|2025-05-23|2025-05-24|2025-05-25|2025-05-26|2025-05-27|2025-05-28|2025-05-29|2025-05-30|2025-05-31|2025-06-01|2025-06-02|2025-06-03|2025-06-04|2025-06-05|2025-06-06|2025-06-07|2025-06-08|2025-06-09|2025-06-10|2025-06-11|2025-06-12|2025-06-13|2025-06-14|2025-06-15|2025-06-16|2025-06-17|2025-06-18|2025-06-19|2025-06-20|2025-06-21|2025-06-22|2025-06-23|2025-06-24|2025-06-25|2025-06-26|2025-06-27|2025-06-28|2025-06-29|2025-06-30|2025-07-01|2025-07-02|2025-07-03|2025-07-04|2025-07-05|2025-07-06|2025-07-07|2025-07-08|2025-07-09|2025-07-10|2025-07-11|2025-07-12|2025-07-13|2025-07-14|2025-07-15|2025-07-16|2025-07-17|2025-07-18|2025-07-19|2025-07-20|2025-07-21|2025-07-22|2025-07-23|2025-07-24|2025-07-25|2025-07-26|2025-07-27|2025-07-28|2025-07-29|2025-07-30|2025-07-31|2025-08-01|2025-08-02|2025-08-03|2025-08-04|2025-08-05|2025-08-06|2025-08-07|2025-08-08|2025-08-09|2025-08-10|2025-08-11|2025-08-12|2025-08-13|2025-08-14|2025-08-15|2025-08-16|2025-08-17|2025-08-18|2025-08-19|2025-08-20|2025-08-21|2025-08-22|2025-08-23,0.06321025399895812,0.05983518522683819,0.06108509284637851,0.06351834283200822
2025-08-25,2,208,2025-01-29,2025-08-24,2025-01-29|2025-01-30|2025-01-31|2025-02-01|2025-02-02|2025-02-03|2025-02-04|2025-02-05|2025-02-06|2025-02-07|2025-02-08|2025-02-09|2025-02-10|2025-02-11|2025-02-12|2025-02-13|2025-02-14|2025-02-15|2025-02-16|2025-02-17|2025-02-18|2025-02-19|2025-02-20|2025-02-21|2025-02-22|2025-02-23|2025-02-24|2025-02-25|2025-02-26|2025-02-27|2025-02-28|2025-03-01|2025-03-02|2025-03-03|2025-03-04|2025-03-05|2025-03-06|2025-03-07|2025-03-08|2025-03-09|2025-03-10|2025-03-11|2025-03-12|2025-03-13|2025-03-14|2025-03-15|2025-03-16|2025-03-17|2025-03-18|2025-03-19|2025-03-20|2025-03-21|2025-03-22|2025-03-23|2025-03-24|2025-03-25|2025-03-26|2025-03-27|2025-03-28|2025-03-29|2025-03-30|2025-03-31|2025-04-01|2025-04-02|2025-04-03|2025-04-04|2025-04-05|2025-04-06|2025-04-07|2025-04-08|2025-04-09|2025-04-10|2025-04-11|2025-04-12|2025-04-13|2025-04-14|2025-04-15|2025-04-16|2025-04-17|2025-04-18|2025-04-19|2025-04-20|2025-04-21|2025-04-22|2025-04-23|2025-04-24|2025-04-25|2025-04-26|2025-04-27|2025-04-28|2025-04-29|2025-04-30|2025-05-01|2025-05-02|2025-05-03|2025-05-04|2025-05-05|2025-05-06|2025-05-07|2025-05-08|2025-05-09|2025-05-10|2025-05-11|2025-05-12|2025-05-13|2025-05-14|2025-05-15|2025-05-16|2025-05-17|2025-05-18|2025-05-19|2025-05-20|2025-05-21|2025-05-22|2025-05-23|2025-05-24|2025-05-25|2025-05-26|2025-05-27|2025-05-28|2025-05-29|2025-05-30|2025-05-31|2025-06-01|2025-06-02|2025-06-03|2025-06-04|2025-06-05|2025-06-06|2025-06-07|2025-06-08|2025-06-09|2025-06-10|2025-06-11|2025-06-12|2025-06-13|2025-06-14|2025-06-15|2025-06-16|2025-06-17|2025-06-18|2025-06-19|2025-06-20|2025-06-21|2025-06-22|2025-06-23|2025-06-24|2025-06-25|2025-06-26|2025-06-27|2025-06-28|2025-06-29|2025-06-30|2025-07-01|2025-07-02|2025-07-03|2025-07-04|2025-07-05|2025-07-06|2025-07-07|2025-07-08|2025-07-09|2025-07-10|2025-07-11|2025-07-12|2025-07-13|2025-07-14|2025-07-15|2025-07-16|2025-07-17|2025-07-18|2025-07-19|2025-07-20|2025-07-21|2025-07-22|2025-07-23|2025-07-24|2025-07-25|2025-07-26|2025-07-27|2025-07-28|2025-07-29|2025-07-30|2025-07-31|2025-08-01|2025-08-02|2025-08-03|2025-08-04|2025-08-05|2025-08-06|2025-08-07|2025-08-08|2025-08-09|2025-08-10|2025-08-11|2025-08-12|2025-08-13|2025-08-14|2025-08-15|2025-08-16|2025-08-17|2025-08-18|2025-08-19|2025-08-20|2025-08-21|2025-08-22|2025-08-23|2025-08-24,0.06310872409998,0.05973938119141485,0.06096864427055471,0.0633792055075479
2025-08-26,2,209,2025-01-29,2025-08-25,2025-01-29|2025-01-30|2025-01-31|2025-02-01|2025-02-02|2025-02-03|2025-02-04|2025-02-05|2025-02-06|2025-02-07|2025-02-08|2025-02-09|2025-02-10|2025-02-11|2025-02-12|2025-02-13|2025-02-14|2025-02-15|2025-02-16|2025-02-17|2025-02-18|2025-02-19|2025-02-20|2025-02-21|2025-02-22|2025-02-23|2025-02-24|2025-02-25|2025-02-26|2025-02-27|2025-02-28|2025-03-01|2025-03-02|2025-03-03|2025-03-04|2025-03-05|2025-03-06|2025-03-07|2025-03-08|2025-03-09|2025-03-10|2025-03-11|2025-03-12|2025-03-13|2025-03-14|2025-03-15|2025-03-16|2025-03-17|2025-03-18|2025-03-19|2025-03-20|2025-03-21|2025-03-22|2025-03-23|2025-03-24|2025-03-25|2025-03-26|2025-03-27|2025-03-28|2025-03-29|2025-03-30|2025-03-31|2025-04-01|2025-04-02|2025-04-03|2025-04-04|2025-04-05|2025-04-06|2025-04-07|2025-04-08|2025-04-09|2025-04-10|2025-04-11|2025-04-12|2025-04-13|2025-04-14|2025-04-15|2025-04-16|2025-04-17|2025-04-18|2025-04-19|2025-04-20|2025-04-21|2025-04-22|2025-04-23|2025-04-24|2025-04-25|2025-04-26|2025-04-27|2025-04-28|2025-04-29|2025-04-30|2025-05-01|2025-05-02|2025-05-03|2025-05-04|2025-05-05|2025-05-06|2025-05-07|2025-05-08|2025-05-09|2025-05-10|2025-05-11|2025-05-12|2025-05-13|2025-05-14|2025-05-15|2025-05-16|2025-05-17|2025-05-18|2025-05-19|2025-05-20|2025-05-21|2025-05-22|2025-05-23|2025-05-24|2025-05-25|2025-05-26|2025-05-27|2025-05-28|2025-05-29|2025-05-30|2025-05-31|2025-06-01|2025-06-02|2025-06-03|2025-06-04|2025-06-05|2025-06-06|2025-06-07|2025-06-08|2025-06-09|2025-06-10|2025-06-11|2025-06-12|2025-06-13|2025-06-14|2025-06-15|2025-06-16|2025-06-17|2025-06-18|2025-06-19|2025-06-20|2025-06-21|2025-06-22|2025-06-23|2025-06-24|2025-06-25|2025-06-26|2025-06-27|2025-06-28|2025-06-29|2025-06-30|2025-07-01|2025-07-02|2025-07-03|2025-07-04|2025-07-05|2025-07-06|2025-07-07|2025-07-08|2025-07-09|2025-07-10|2025-07-11|2025-07-12|2025-07-13|2025-07-14|2025-07-15|2025-07-16|2025-07-17|2025-07-18|2025-07-19|2025-07-20|2025-07-21|2025-07-22|2025-07-23|2025-07-24|2025-07-25|2025-07-26|2025-07-27|2025-07-28|2025-07-29|2025-07-30|2025-07-31|2025-08-01|2025-08-02|2025-08-03|2025-08-04|2025-08-05|2025-08-06|2025-08-07|2025-08-08|2025-08-09|2025-08-10|2025-08-11|2025-08-12|2025-08-13|2025-08-14|2025-08-15|2025-08-16|2025-08-17|2025-08-18|2025-08-19|2025-08-20|2025-08-21|2025-08-22|2025-08-23|2025-08-24|2025-08-25,0.06305406252750677,0.059676936109863625,0.06086831446331161,0.06322120776429392
2025-08-27,2,210,2025-01-29,2025-08-26,2025-01-29|2025-01-30|2025-01-31|2025-02-01|2025-02-02|2025-02-03|2025-02-04|2025-02-05|2025-02-06|2025-02-07|2025-02-08|2025-02-09|2025-02-10|2025-02-11|2025-02-12|2025-02-13|2025-02-14|2025-02-15|2025-02-16|2025-02-17|2025-02-18|2025-02-19|2025-02-20|2025-02-21|2025-02-22|2025-02-23|2025-02-24|2025-02-25|2025-02-26|2025-02-27|2025-02-28|2025-03-01|2025-03-02|2025-03-03|2025-03-04|2025-03-05|2025-03-06|2025-03-07|2025-03-08|2025-03-09|2025-03-10|2025-03-11|2025-03-12|2025-03-13|2025-03-14|2025-03-15|2025-03-16|2025-03-17|2025-03-18|2025-03-19|2025-03-20|2025-03-21|2025-03-22|2025-03-23|2025-03-24|2025-03-25|2025-03-26|2025-03-27|2025-03-28|2025-03-29|2025-03-30|2025-03-31|2025-04-01|2025-04-02|2025-04-03|2025-04-04|2025-04-05|2025-04-06|2025-04-07|2025-04-08|2025-04-09|2025-04-10|2025-04-11|2025-04-12|2025-04-13|2025-04-14|2025-04-15|2025-04-16|2025-04-17|2025-04-18|2025-04-19|2025-04-20|2025-04-21|2025-04-22|2025-04-23|2025-04-24|2025-04-25|2025-04-26|2025-04-27|2025-04-28|2025-04-29|2025-04-30|2025-05-01|2025-05-02|2025-05-03|2025-05-04|2025-05-05|2025-05-06|2025-05-07|2025-05-08|2025-05-09|2025-05-10|2025-05-11|2025-05-12|2025-05-13|2025-05-14|2025-05-15|2025-05-16|2025-05-17|2025-05-18|2025-05-19|2025-05-20|2025-05-21|2025-05-22|2025-05-23|2025-05-24|2025-05-25|2025-05-26|2025-05-27|2025-05-28|2025-05-29|2025-05-30|2025-05-31|2025-06-01|2025-06-02|2025-06-03|2025-06-04|2025-06-05|2025-06-06|2025-06-07|2025-06-08|2025-06-09|2025-06-10|2025-06-11|2025-06-12|2025-06-13|2025-06-14|2025-06-15|2025-06-16|2025-06-17|2025-06-18|2025-06-19|2025-06-20|2025-06-21|2025-06-22|2025-06-23|2025-06-24|2025-06-25|2025-06-26|2025-06-27|2025-06-28|2025-06-29|2025-06-30|2025-07-01|2025-07-02|2025-07-03|2025-07-04|2025-07-05|2025-07-06|2025-07-07|2025-07-08|2025-07-09|2025-07-10|2025-07-11|2025-07-12|2025-07-13|2025-07-14|2025-07-15|2025-07-16|2025-07-17|2025-07-18|2025-07-19|2025-07-20|2025-07-21|2025-07-22|2025-07-23|2025-07-24|2025-07-25|2025-07-26|2025-07-27|2025-07-28|2025-07-29|2025-07-30|2025-07-31|2025-08-01|2025-08-02|2025-08-03|2025-08-04|2025-08-05|2025-08-06|2025-08-07|2025-08-08|2025-08-09|2025-08-10|2025-08-11|2025-08-12|2025-08-13|2025-08-14|2025-08-15|2025-08-16|2025-08-17|2025-08-18|2025-08-19|2025-08-20|2025-08-21|2025-08-22|2025-08-23|2025-08-24|2025-08-25|2025-08-26,0.0629820531544486,0.059592374901729056,0.0607557870148432,0.06310926785014383
2025-08-28,2,211,2025-01-29,2025-08-27,2025-01-29|2025-01-30|2025-01-31|2025-02-01|2025-02-02|2025-02-03|2025-02-04|2025-02-05|2025-02-06|2025-02-07|2025-02-08|2025-02-09|2025-02-10|2025-02-11|2025-02-12|2025-02-13|2025-02-14|2025-02-15|2025-02-16|2025-02-17|2025-02-18|2025-02-19|2025-02-20|2025-02-21|2025-02-22|2025-02-23|2025-02-24|2025-02-25|2025-02-26|2025-02-27|2025-02-28|2025-03-01|2025-03-02|2025-03-03|2025-03-04|2025-03-05|2025-03-06|2025-03-07|2025-03-08|2025-03-09|2025-03-10|2025-03-11|2025-03-12|2025-03-13|2025-03-14|2025-03-15|2025-03-16|2025-03-17|2025-03-18|2025-03-19|2025-03-20|2025-03-21|2025-03-22|2025-03-23|2025-03-24|2025-03-25|2025-03-26|2025-03-27|2025-03-28|2025-03-29|2025-03-30|2025-03-31|2025-04-01|2025-04-02|2025-04-03|2025-04-04|2025-04-05|2025-04-06|2025-04-07|2025-04-08|2025-04-09|2025-04-10|2025-04-11|2025-04-12|2025-04-13|2025-04-14|2025-04-15|2025-04-16|2025-04-17|2025-04-18|2025-04-19|2025-04-20|2025-04-21|2025-04-22|2025-04-23|2025-04-24|2025-04-25|2025-04-26|2025-04-27|2025-04-28|2025-04-29|2025-04-30|2025-05-01|2025-05-02|2025-05-03|2025-05-04|2025-05-05|2025-05-06|2025-05-07|2025-05-08|2025-05-09|2025-05-10|2025-05-11|2025-05-12|2025-05-13|2025-05-14|2025-05-15|2025-05-16|2025-05-17|2025-05-18|2025-05-19|2025-05-20|2025-05-21|2025-05-22|2025-05-23|2025-05-24|2025-05-25|2025-05-26|2025-05-27|2025-05-28|2025-05-29|2025-05-30|2025-05-31|2025-06-01|2025-06-02|2025-06-03|2025-06-04|2025-06-05|2025-06-06|2025-06-07|2025-06-08|2025-06-09|2025-06-10|2025-06-11|2025-06-12|2025-06-13|2025-06-14|2025-06-15|2025-06-16|2025-06-17|2025-06-18|2025-06-19|2025-06-20|2025-06-21|2025-06-22|2025-06-23|2025-06-24|2025-06-25|2025-06-26|2025-06-27|2025-06-28|2025-06-29|2025-06-30|2025-07-01|2025-07-02|2025-07-03|2025-07-04|2025-07-05|2025-07-06|2025-07-07|2025-07-08|2025-07-09|2025-07-10|2025-07-11|2025-07-12|2025-07-13|2025-07-14|2025-07-15|2025-07-16|2025-07-17|2025-07-18|2025-07-19|2025-07-20|2025-07-21|2025-07-22|2025-07-23|2025-07-24|2025-07-25|2025-07-26|2025-07-27|2025-07-28|2025-07-29|2025-07-30|2025-07-31|2025-08-01|2025-08-02|2025-08-03|2025-08-04|2025-08-05|2025-08-06|2025-08-07|2025-08-08|2025-08-09|2025-08-10|2025-08-11|2025-08-12|2025-08-13|2025-08-14|2025-08-15|2025-08-16|2025-08-17|2025-08-18|2025-08-19|2025-08-20|2025-08-21|2025-08-22|2025-08-23|2025-08-24|2025-08-25|2025-08-26|2025-08-27,0.0629352375979589,0.05952310860417256,0.06066363384848952,0.063009789533945
2025-08-29,2,212,2025-01-29,2025-08-28,2025-01-29|2025-01-30|2025-01-31|2025-02-01|2025-02-02|2025-02-03|2025-02-04|2025-02-05|2025-02-06|2025-02-07|2025-02-08|2025-02-09|2025-02-10|2025-02-11|2025-02-12|2025-02-13|2025-02-14|2025-02-15|2025-02-16|2025-02-17|2025-02-18|2025-02-19|2025-02-20|2025-02-21|2025-02-22|2025-02-23|2025-02-24|2025-02-25|2025-02-26|2025-02-27|2025-02-28|2025-03-01|2025-03-02|2025-03-03|2025-03-04|2025-03-05|2025-03-06|2025-03-07|2025-03-08|2025-03-09|2025-03-10|2025-03-11|2025-03-12|2025-03-13|2025-03-14|2025-03-15|2025-03-16|2025-03-17|2025-03-18|2025-03-19|2025-03-20|2025-03-21|2025-03-22|2025-03-23|2025-03-24|2025-03-25|2025-03-26|2025-03-27|2025-03-28|2025-03-29|2025-03-30|2025-03-31|2025-04-01|2025-04-02|2025-04-03|2025-04-04|2025-04-05|2025-04-06|2025-04-07|2025-04-08|2025-04-09|2025-04-10|2025-04-11|2025-04-12|2025-04-13|2025-04-14|2025-04-15|2025-04-16|2025-04-17|2025-04-18|2025-04-19|2025-04-20|2025-04-21|2025-04-22|2025-04-23|2025-04-24|2025-04-25|2025-04-26|2025-04-27|2025-04-28|2025-04-29|2025-04-30|2025-05-01|2025-05-02|2025-05-03|2025-05-04|2025-05-05|2025-05-06|2025-05-07|2025-05-08|2025-05-09|2025-05-10|2025-05-11|2025-05-12|2025-05-13|2025-05-14|2025-05-15|2025-05-16|2025-05-17|2025-05-18|2025-05-19|2025-05-20|2025-05-21|2025-05-22|2025-05-23|2025-05-24|2025-05-25|2025-05-26|2025-05-27|2025-05-28|2025-05-29|2025-05-30|2025-05-31|2025-06-01|2025-06-02|2025-06-03|2025-06-04|2025-06-05|2025-06-06|2025-06-07|2025-06-08|2025-06-09|2025-06-10|2025-06-11|2025-06-12|2025-06-13|2025-06-14|2025-06-15|2025-06-16|2025-06-17|2025-06-18|2025-06-19|2025-06-20|2025-06-21|2025-06-22|2025-06-23|2025-06-24|2025-06-25|2025-06-26|2025-06-27|2025-06-28|2025-06-29|2025-06-30|2025-07-01|2025-07-02|2025-07-03|2025-07-04|2025-07-05|2025-07-06|2025-07-07|2025-07-08|2025-07-09|2025-07-10|2025-07-11|2025-07-12|2025-07-13|2025-07-14|2025-07-15|2025-07-16|2025-07-17|2025-07-18|2025-07-19|2025-07-20|2025-07-21|2025-07-22|2025-07-23|2025-07-24|2025-07-25|2025-07-26|2025-07-27|2025-07-28|2025-07-29|2025-07-30|2025-07-31|2025-08-01|2025-08-02|2025-08-03|2025-08-04|2025-08-05|2025-08-06|2025-08-07|2025-08-08|2025-08-09|2025-08-10|2025-08-11|2025-08-12|2025-08-13|2025-08-14|2025-08-15|2025-08-16|2025-08-17|2025-08-18|2025-08-19|2025-08-20|2025-08-21|2025-08-22|2025-08-23|2025-08-24|2025-08-25|2025-08-26|2025-08-27|2025-08-28,0.06292516149855751,0.05947864367622126,0.06061050434885025,0.06292759947572346
2025-08-30,2,213,2025-01-29,2025-08-29,2025-01-29|2025-01-30|2025-01-31|2025-02-01|2025-02-02|2025-02-03|2025-02-04|2025-02-05|2025-02-06|2025-02-07|2025-02-08|2025-02-09|2025-02-10|2025-02-11|2025-02-12|2025-02-13|2025-02-14|2025-02-15|2025-02-16|2025-02-17|2025-02-18|2025-02-19|2025-02-20|2025-02-21|2025-02-22|2025-02-23|2025-02-24|2025-02-25|2025-02-26|2025-02-27|2025-02-28|2025-03-01|2025-03-02|2025-03-03|2025-03-04|2025-03-05|2025-03-06|2025-03-07|2025-03-08|2025-03-09|2025-03-10|2025-03-11|2025-03-12|2025-03-13|2025-03-14|2025-03-15|2025-03-16|2025-03-17|2025-03-18|2025-03-19|2025-03-20|2025-03-21|2025-03-22|2025-03-23|2025-03-24|2025-03-25|2025-03-26|2025-03-27|2025-03-28|2025-03-29|2025-03-30|2025-03-31|2025-04-01|2025-04-02|2025-04-03|2025-04-04|2025-04-05|2025-04-06|2025-04-07|2025-04-08|2025-04-09|2025-04-10|2025-04-11|2025-04-12|2025-04-13|2025-04-14|2025-04-15|2025-04-16|2025-04-17|2025-04-18|2025-04-19|2025-04-20|2025-04-21|2025-04-22|2025-04-23|2025-04-24|2025-04-25|2025-04-26|2025-04-27|2025-04-28|2025-04-29|2025-04-30|2025-05-01|2025-05-02|2025-05-03|2025-05-04|2025-05-05|2025-05-06|2025-05-07|2025-05-08|2025-05-09|2025-05-10|2025-05-11|2025-05-12|2025-05-13|2025-05-14|2025-05-15|2025-05-16|2025-05-17|2025-05-18|2025-05-19|2025-05-20|2025-05-21|2025-05-22|2025-05-23|2025-05-24|2025-05-25|2025-05-26|2025-05-27|2025-05-28|2025-05-29|2025-05-30|2025-05-31|2025-06-01|2025-06-02|2025-06-03|2025-06-04|2025-06-05|2025-06-06|2025-06-07|2025-06-08|2025-06-09|2025-06-10|2025-06-11|2025-06-12|2025-06-13|2025-06-14|2025-06-15|2025-06-16|2025-06-17|2025-06-18|2025-06-19|2025-06-20|2025-06-21|2025-06-22|2025-06-23|2025-06-24|2025-06-25|2025-06-26|2025-06-27|2025-06-28|2025-06-29|2025-06-30|2025-07-01|2025-07-02|2025-07-03|2025-07-04|2025-07-05|2025-07-06|2025-07-07|2025-07-08|2025-07-09|2025-07-10|2025-07-11|2025-07-12|2025-07-13|2025-07-14|2025-07-15|2025-07-16|2025-07-17|2025-07-18|2025-07-19|2025-07-20|2025-07-21|2025-07-22|2025-07-23|2025-07-24|2025-07-25|2025-07-26|2025-07-27|2025-07-28|2025-07-29|2025-07-30|2025-07-31|2025-08-01|2025-08-02|2025-08-03|2025-08-04|2025-08-05|2025-08-06|2025-08-07|2025-08-08|2025-08-09|2025-08-10|2025-08-11|2025-08-12|2025-08-13|2025-08-14|2025-08-15|2025-08-16|2025-08-17|2025-08-18|2025-08-19|2025-08-20|2025-08-21|2025-08-22|2025-08-23|2025-08-24|2025-08-25|2025-08-26|2025-08-27|2025-08-28|2025-08-29,0.06293612528555222,0.05946931895725204,0.06058203022573579,0.06288073705282214
2025-08-31,2,214,2025-01-29,2025-08-30,2025-01-29|2025-01-30|2025-01-31|2025-02-01|2025-02-02|2025-02-03|2025-02-04|2025-02-05|2025-02-06|2025-02-07|2025-02-08|2025-02-09|2025-02-10|2025-02-11|2025-02-12|2025-02-13|2025-02-14|2025-02-15|2025-02-16|2025-02-17|2025-02-18|2025-02-19|2025-02-20|2025-02-21|2025-02-22|2025-02-23|2025-02-24|2025-02-25|2025-02-26|2025-02-27|2025-02-28|2025-03-01|2025-03-02|2025-03-03|2025-03-04|2025-03-05|2025-03-06|2025-03-07|2025-03-08|2025-03-09|2025-03-10|2025-03-11|2025-03-12|2025-03-13|2025-03-14|2025-03-15|2025-03-16|2025-03-17|2025-03-18|2025-03-19|2025-03-20|2025-03-21|2025-03-22|2025-03-23|2025-03-24|2025-03-25|2025-03-26|2025-03-27|2025-03-28|2025-03-29|2025-03-30|2025-03-31|2025-04-01|2025-04-02|2025-04-03|2025-04-04|2025-04-05|2025-04-06|2025-04-07|2025-04-08|2025-04-09|2025-04-10|2025-04-11|2025-04-12|2025-04-13|2025-04-14|2025-04-15|2025-04-16|2025-04-17|2025-04-18|2025-04-19|2025-04-20|2025-04-21|2025-04-22|2025-04-23|2025-04-24|2025-04-25|2025-04-26|2025-04-27|2025-04-28|2025-04-29|2025-04-30|2025-05-01|2025-05-02|2025-05-03|2025-05-04|2025-05-05|2025-05-06|2025-05-07|2025-05-08|2025-05-09|2025-05-10|2025-05-11|2025-05-12|2025-05-13|2025-05-14|2025-05-15|2025-05-16|2025-05-17|2025-05-18|2025-05-19|2025-05-20|2025-05-21|2025-05-22|2025-05-23|2025-05-24|2025-05-25|2025-05-26|2025-05-27|2025-05-28|2025-05-29|2025-05-30|2025-05-31|2025-06-01|2025-06-02|2025-06-03|2025-06-04|2025-06-05|2025-06-06|2025-06-07|2025-06-08|2025-06-09|2025-06-10|2025-06-11|2025-06-12|2025-06-13|2025-06-14|2025-06-15|2025-06-16|2025-06-17|2025-06-18|2025-06-19|2025-06-20|2025-06-21|2025-06-22|2025-06-23|2025-06-24|2025-06-25|2025-06-26|2025-06-27|2025-06-28|2025-06-29|2025-06-30|2025-07-01|2025-07-02|2025-07-03|2025-07-04|2025-07-05|2025-07-06|2025-07-07|2025-07-08|2025-07-09|2025-07-10|2025-07-11|2025-07-12|2025-07-13|2025-07-14|2025-07-15|2025-07-16|2025-07-17|2025-07-18|2025-07-19|2025-07-20|2025-07-21|2025-07-22|2025-07-23|2025-07-24|2025-07-25|2025-07-26|2025-07-27|2025-07-28|2025-07-29|2025-07-30|2025-07-31|2025-08-01|2025-08-02|2025-08-03|2025-08-04|2025-08-05|2025-08-06|2025-08-07|2025-08-08|2025-08-09|2025-08-10|2025-08-11|2025-08-12|2025-08-13|2025-08-14|2025-08-15|2025-08-16|2025-08-17|2025-08-18|2025-08-19|2025-08-20|2025-08-21|2025-08-22|2025-08-23|2025-08-24|2025-08-25|2025-08-26|2025-08-27|2025-08-28|2025-08-29|2025-08-30,0.06297636566898865,0.059458688008724635,0.060578105975804965,0.06285432058614346
2025-09-01,2,215,2025-01-29,2025-08-31,2025-01-29|2025-01-30|2025-01-31|2025-02-01|2025-02-02|2025-02-03|2025-02-04|2025-02-05|2025-02-06|2025-02-07|2025-02-08|2025-02-09|2025-02-10|2025-02-11|2025-02-12|2025-02-13|2025-02-14|2025-02-15|2025-02-16|2025-02-17|2025-02-18|2025-02-19|2025-02-20|2025-02-21|2025-02-22|2025-02-23|2025-02-24|2025-02-25|2025-02-26|2025-02-27|2025-02-28|2025-03-01|2025-03-02|2025-03-03|2025-03-04|2025-03-05|2025-03-06|2025-03-07|2025-03-08|2025-03-09|2025-03-10|2025-03-11|2025-03-12|2025-03-13|2025-03-14|2025-03-15|2025-03-16|2025-03-17|2025-03-18|2025-03-19|2025-03-20|2025-03-21|2025-03-22|2025-03-23|2025-03-24|2025-03-25|2025-03-26|2025-03-27|2025-03-28|2025-03-29|2025-03-30|2025-03-31|2025-04-01|2025-04-02|2025-04-03|2025-04-04|2025-04-05|2025-04-06|2025-04-07|2025-04-08|2025-04-09|2025-04-10|2025-04-11|2025-04-12|2025-04-13|2025-04-14|2025-04-15|2025-04-16|2025-04-17|2025-04-18|2025-04-19|2025-04-20|2025-04-21|2025-04-22|2025-04-23|2025-04-24|2025-04-25|2025-04-26|2025-04-27|2025-04-28|2025-04-29|2025-04-30|2025-05-01|2025-05-02|2025-05-03|2025-05-04|2025-05-05|2025-05-06|2025-05-07|2025-05-08|2025-05-09|2025-05-10|2025-05-11|2025-05-12|2025-05-13|2025-05-14|2025-05-15|2025-05-16|2025-05-17|2025-05-18|2025-05-19|2025-05-20|2025-05-21|2025-05-22|2025-05-23|2025-05-24|2025-05-25|2025-05-26|2025-05-27|2025-05-28|2025-05-29|2025-05-30|2025-05-31|2025-06-01|2025-06-02|2025-06-03|2025-06-04|2025-06-05|2025-06-06|2025-06-07|2025-06-08|2025-06-09|2025-06-10|2025-06-11|2025-06-12|2025-06-13|2025-06-14|2025-06-15|2025-06-16|2025-06-17|2025-06-18|2025-06-19|2025-06-20|2025-06-21|2025-06-22|2025-06-23|2025-06-24|2025-06-25|2025-06-26|2025-06-27|2025-06-28|2025-06-29|2025-06-30|2025-07-01|2025-07-02|2025-07-03|2025-07-04|2025-07-05|2025-07-06|2025-07-07|2025-07-08|2025-07-09|2025-07-10|2025-07-11|2025-07-12|2025-07-13|2025-07-14|2025-07-15|2025-07-16|2025-07-17|2025-07-18|2025-07-19|2025-07-20|2025-07-21|2025-07-22|2025-07-23|2025-07-24|2025-07-25|2025-07-26|2025-07-27|2025-07-28|2025-07-29|2025-07-30|2025-07-31|2025-08-01|2025-08-02|2025-08-03|2025-08-04|2025-08-05|2025-08-06|2025-08-07|2025-08-08|2025-08-09|2025-08-10|2025-08-11|2025-08-12|2025-08-13|2025-08-14|2025-08-15|2025-08-16|2025-08-17|2025-08-18|2025-08-19|2025-08-20|2025-08-21|2025-08-22|2025-08-23|2025-08-24|2025-08-25|2025-08-26|2025-08-27|2025-08-28|2025-08-29|2025-08-30|2025-08-31,0.06291036387032405,0.059385342984129764,0.06048929177756199,0.06274900118379563
2025-09-02,2,216,2025-01-29,2025-09-01,2025-01-29|2025-01-30|2025-01-31|2025-02-01|2025-02-02|2025-02-03|2025-02-04|2025-02-05|2025-02-06|2025-02-07|2025-02-08|2025-02-09|2025-02-10|2025-02-11|2025-02-12|2025-02-13|2025-02-14|2025-02-15|2025-02-16|2025-02-17|2025-02-18|2025-02-19|2025-02-20|2025-02-21|2025-02-22|2025-02-23|2025-02-24|2025-02-25|2025-02-26|2025-02-27|2025-02-28|2025-03-01|2025-03-02|2025-03-03|2025-03-04|2025-03-05|2025-03-06|2025-03-07|2025-03-08|2025-03-09|2025-03-10|2025-03-11|2025-03-12|2025-03-13|2025-03-14|2025-03-15|2025-03-16|2025-03-17|2025-03-18|2025-03-19|2025-03-20|2025-03-21|2025-03-22|2025-03-23|2025-03-24|2025-03-25|2025-03-26|2025-03-27|2025-03-28|2025-03-29|2025-03-30|2025-03-31|2025-04-01|2025-04-02|2025-04-03|2025-04-04|2025-04-05|2025-04-06|2025-04-07|2025-04-08|2025-04-09|2025-04-10|2025-04-11|2025-04-12|2025-04-13|2025-04-14|2025-04-15|2025-04-16|2025-04-17|2025-04-18|2025-04-19|2025-04-20|2025-04-21|2025-04-22|2025-04-23|2025-04-24|2025-04-25|2025-04-26|2025-04-27|2025-04-28|2025-04-29|2025-04-30|2025-05-01|2025-05-02|2025-05-03|2025-05-04|2025-05-05|2025-05-06|2025-05-07|2025-05-08|2025-05-09|2025-05-10|2025-05-11|2025-05-12|2025-05-13|2025-05-14|2025-05-15|2025-05-16|2025-05-17|2025-05-18|2025-05-19|2025-05-20|2025-05-21|2025-05-22|2025-05-23|2025-05-24|2025-05-25|2025-05-26|2025-05-27|2025-05-28|2025-05-29|2025-05-30|2025-05-31|2025-06-01|2025-06-02|2025-06-03|2025-06-04|2025-06-05|2025-06-06|2025-06-07|2025-06-08|2025-06-09|2025-06-10|2025-06-11|2025-06-12|2025-06-13|2025-06-14|2025-06-15|2025-06-16|2025-06-17|2025-06-18|2025-06-19|2025-06-20|2025-06-21|2025-06-22|2025-06-23|2025-06-24|2025-06-25|2025-06-26|2025-06-27|2025-06-28|2025-06-29|2025-06-30|2025-07-01|2025-07-02|2025-07-03|2025-07-04|2025-07-05|2025-07-06|2025-07-07|2025-07-08|2025-07-09|2025-07-10|2025-07-11|2025-07-12|2025-07-13|2025-07-14|2025-07-15|2025-07-16|2025-07-17|2025-07-18|2025-07-19|2025-07-20|2025-07-21|2025-07-22|2025-07-23|2025-07-24|2025-07-25|2025-07-26|2025-07-27|2025-07-28|2025-07-29|2025-07-30|2025-07-31|2025-08-01|2025-08-02|2025-08-03|2025-08-04|2025-08-05|2025-08-06|2025-08-07|2025-08-08|2025-08-09|2025-08-10|2025-08-11|2025-08-12|2025-08-13|2025-08-14|2025-08-15|2025-08-16|2025-08-17|2025-08-18|2025-08-19|2025-08-20|2025-08-21|2025-08-22|2025-08-23|2025-08-24|2025-08-25|2025-08-26|2025-08-27|2025-08-28|2025-08-29|2025-08-30|2025-08-31|2025-09-01,0.06331016704487455,0.059775964980701084,0.06084168193675935,0.06307838542370996
2025-09-03,2,217,2025-01-29,2025-09-02,2025-01-29|2025-01-30|2025-01-31|2025-02-01|2025-02-02|2025-02-03|2025-02-04|2025-02-05|2025-02-06|2025-02-07|2025-02-08|2025-02-09|2025-02-10|2025-02-11|2025-02-12|2025-02-13|2025-02-14|2025-02-15|2025-02-16|2025-02-17|2025-02-18|2025-02-19|2025-02-20|2025-02-21|2025-02-22|2025-02-23|2025-02-24|2025-02-25|2025-02-26|2025-02-27|2025-02-28|2025-03-01|2025-03-02|2025-03-03|2025-03-04|2025-03-05|2025-03-06|2025-03-07|2025-03-08|2025-03-09|2025-03-10|2025-03-11|2025-03-12|2025-03-13|2025-03-14|2025-03-15|2025-03-16|2025-03-17|2025-03-18|2025-03-19|2025-03-20|2025-03-21|2025-03-22|2025-03-23|2025-03-24|2025-03-25|2025-03-26|2025-03-27|2025-03-28|2025-03-29|2025-03-30|2025-03-31|2025-04-01|2025-04-02|2025-04-03|2025-04-04|2025-04-05|2025-04-06|2025-04-07|2025-04-08|2025-04-09|2025-04-10|2025-04-11|2025-04-12|2025-04-13|2025-04-14|2025-04-15|2025-04-16|2025-04-17|2025-04-18|2025-04-19|2025-04-20|2025-04-21|2025-04-22|2025-04-23|2025-04-24|2025-04-25|2025-04-26|2025-04-27|2025-04-28|2025-04-29|2025-04-30|2025-05-01|2025-05-02|2025-05-03|2025-05-04|2025-05-05|2025-05-06|2025-05-07|2025-05-08|2025-05-09|2025-05-10|2025-05-11|2025-05-12|2025-05-13|2025-05-14|2025-05-15|2025-05-16|2025-05-17|2025-05-18|2025-05-19|2025-05-20|2025-05-21|2025-05-22|2025-05-23|2025-05-24|2025-05-25|2025-05-26|2025-05-27|2025-05-28|2025-05-29|2025-05-30|2025-05-31|2025-06-01|2025-06-02|2025-06-03|2025-06-04|2025-06-05|2025-06-06|2025-06-07|2025-06-08|2025-06-09|2025-06-10|2025-06-11|2025-06-12|2025-06-13|2025-06-14|2025-06-15|2025-06-16|2025-06-17|2025-06-18|2025-06-19|2025-06-20|2025-06-21|2025-06-22|2025-06-23|2025-06-24|2025-06-25|2025-06-26|2025-06-27|2025-06-28|2025-06-29|2025-06-30|2025-07-01|2025-07-02|2025-07-03|2025-07-04|2025-07-05|2025-07-06|2025-07-07|2025-07-08|2025-07-09|2025-07-10|2025-07-11|2025-07-12|2025-07-13|2025-07-14|2025-07-15|2025-07-16|2025-07-17|2025-07-18|2025-07-19|2025-07-20|2025-07-21|2025-07-22|2025-07-23|2025-07-24|2025-07-25|2025-07-26|2025-07-27|2025-07-28|2025-07-29|2025-07-30|2025-07-31|2025-08-01|2025-08-02|2025-08-03|2025-08-04|2025-08-05|2025-08-06|2025-08-07|2025-08-08|2025-08-09|2025-08-10|2025-08-11|2025-08-12|2025-08-13|2025-08-14|2025-08-15|2025-08-16|2025-08-17|2025-08-18|2025-08-19|2025-08-20|2025-08-21|2025-08-22|2025-08-23|2025-08-24|2025-08-25|2025-08-26|2025-08-27|2025-08-28|2025-08-29|2025-08-30|2025-08-31|2025-09-01|2025-09-02,0.0636311078542804,0.06010397276480357,0.061190054622212726,0.06341185778015039
2025-09-04,2,218,2025-01-29,2025-09-03,2025-01-29|2025-01-30|2025-01-31|2025-02-01|2025-02-02|2025-02-03|2025-02-04|2025-02-05|2025-02-06|2025-02-07|2025-02-08|2025-02-09|2025-02-10|2025-02-11|2025-02-12|2025-02-13|2025-02-14|2025-02-15|2025-02-16|2025-02-17|2025-02-18|2025-02-19|2025-02-20|2025-02-21|2025-02-22|2025-02-23|2025-02-24|2025-02-25|2025-02-26|2025-02-27|2025-02-28|2025-03-01|2025-03-02|2025-03-03|2025-03-04|2025-03-05|2025-03-06|2025-03-07|2025-03-08|2025-03-09|2025-03-10|2025-03-11|2025-03-12|2025-03-13|2025-03-14|2025-03-15|2025-03-16|2025-03-17|2025-03-18|2025-03-19|2025-03-20|2025-03-21|2025-03-22|2025-03-23|2025-03-24|2025-03-25|2025-03-26|2025-03-27|2025-03-28|2025-03-29|2025-03-30|2025-03-31|2025-04-01|2025-04-02|2025-04-03|2025-04-04|2025-04-05|2025-04-06|2025-04-07|2025-04-08|2025-04-09|2025-04-10|2025-04-11|2025-04-12|2025-04-13|2025-04-14|2025-04-15|2025-04-16|2025-04-17|2025-04-18|2025-04-19|2025-04-20|2025-04-21|2025-04-22|2025-04-23|2025-04-24|2025-04-25|2025-04-26|2025-04-27|2025-04-28|2025-04-29|2025-04-30|2025-05-01|2025-05-02|2025-05-03|2025-05-04|2025-05-05|2025-05-06|2025-05-07|2025-05-08|2025-05-09|2025-05-10|2025-05-11|2025-05-12|2025-05-13|2025-05-14|2025-05-15|2025-05-16|2025-05-17|2025-05-18|2025-05-19|2025-05-20|2025-05-21|2025-05-22|2025-05-23|2025-05-24|2025-05-25|2025-05-26|2025-05-27|2025-05-28|2025-05-29|2025-05-30|2025-05-31|2025-06-01|2025-06-02|2025-06-03|2025-06-04|2025-06-05|2025-06-06|2025-06-07|2025-06-08|2025-06-09|2025-06-10|2025-06-11|2025-06-12|2025-06-13|2025-06-14|2025-06-15|2025-06-16|2025-06-17|2025-06-18|2025-06-19|2025-06-20|2025-06-21|2025-06-22|2025-06-23|2025-06-24|2025-06-25|2025-06-26|2025-06-27|2025-06-28|2025-06-29|2025-06-30|2025-07-01|2025-07-02|2025-07-03|2025-07-04|2025-07-05|2025-07-06|2025-07-07|2025-07-08|2025-07-09|2025-07-10|2025-07-11|2025-07-12|2025-07-13|2025-07-14|2025-07-15|2025-07-16|2025-07-17|2025-07-18|2025-07-19|2025-07-20|2025-07-21|2025-07-22|2025-07-23|2025-07-24|2025-07-25|2025-07-26|2025-07-27|2025-07-28|2025-07-29|2025-07-30|2025-07-31|2025-08-01|2025-08-02|2025-08-03|2025-08-04|2025-08-05|2025-08-06|2025-08-07|2025-08-08|2025-08-09|2025-08-10|2025-08-11|2025-08-12|2025-08-13|2025-08-14|2025-08-15|2025-08-16|2025-08-17|2025-08-18|2025-08-19|2025-08-20|2025-08-21|2025-08-22|2025-08-23|2025-08-24|2025-08-25|2025-08-26|2025-08-27|2025-08-28|2025-08-29|2025-08-30|2025-08-31|2025-09-01|2025-09-02|2025-09-03,0.06397363125483935,0.06046103223512278,0.06152628729340526,0.06373772717404266
2025-09-05,2,219,2025-01-29,2025-09-04,2025-01-29|2025-01-30|2025-01-31|2025-02-01|2025-02-02|2025-02-03|2025-02-04|2025-02-05|2025-02-06|2025-02-07|2025-02-08|2025-02-09|2025-02-10|2025-02-11|2025-02-12|2025-02-13|2025-02-14|2025-02-15|2025-02-16|2025-02-17|2025-02-18|2025-02-19|2025-02-20|2025-02-21|2025-02-22|2025-02-23|2025-02-24|2025-02-25|2025-02-26|2025-02-27|2025-02-28|2025-03-01|2025-03-02|2025-03-03|2025-03-04|2025-03-05|2025-03-06|2025-03-07|2025-03-08|2025-03-09|2025-03-10|2025-03-11|2025-03-12|2025-03-13|2025-03-14|2025-03-15|2025-03-16|2025-03-17|2025-03-18|2025-03-19|2025-03-20|2025-03-21|2025-03-22|2025-03-23|2025-03-24|2025-03-25|2025-03-26|2025-03-27|2025-03-28|2025-03-29|2025-03-30|2025-03-31|2025-04-01|2025-04-02|2025-04-03|2025-04-04|2025-04-05|2025-04-06|2025-04-07|2025-04-08|2025-04-09|2025-04-10|2025-04-11|2025-04-12|2025-04-13|2025-04-14|2025-04-15|2025-04-16|2025-04-17|2025-04-18|2025-04-19|2025-04-20|2025-04-21|2025-04-22|2025-04-23|2025-04-24|2025-04-25|2025-04-26|2025-04-27|2025-04-28|2025-04-29|2025-04-30|2025-05-01|2025-05-02|2025-05-03|2025-05-04|2025-05-05|2025-05-06|2025-05-07|2025-05-08|2025-05-09|2025-05-10|2025-05-11|2025-05-12|2025-05-13|2025-05-14|2025-05-15|2025-05-16|2025-05-17|2025-05-18|2025-05-19|2025-05-20|2025-05-21|2025-05-22|2025-05-23|2025-05-24|2025-05-25|2025-05-26|2025-05-27|2025-05-28|2025-05-29|2025-05-30|2025-05-31|2025-06-01|2025-06-02|2025-06-03|2025-06-04|2025-06-05|2025-06-06|2025-06-07|2025-06-08|2025-06-09|2025-06-10|2025-06-11|2025-06-12|2025-06-13|2025-06-14|2025-06-15|2025-06-16|2025-06-17|2025-06-18|2025-06-19|2025-06-20|2025-06-21|2025-06-22|2025-06-23|2025-06-24|2025-06-25|2025-06-26|2025-06-27|2025-06-28|2025-06-29|2025-06-30|2025-07-01|2025-07-02|2025-07-03|2025-07-04|2025-07-05|2025-07-06|2025-07-07|2025-07-08|2025-07-09|2025-07-10|2025-07-11|2025-07-12|2025-07-13|2025-07-14|2025-07-15|2025-07-16|2025-07-17|2025-07-18|2025-07-19|2025-07-20|2025-07-21|2025-07-22|2025-07-23|2025-07-24|2025-07-25|2025-07-26|2025-07-27|2025-07-28|2025-07-29|2025-07-30|2025-07-31|2025-08-01|2025-08-02|2025-08-03|2025-08-04|2025-08-05|2025-08-06|2025-08-07|2025-08-08|2025-08-09|2025-08-10|2025-08-11|2025-08-12|2025-08-13|2025-08-14|2025-08-15|2025-08-16|2025-08-17|2025-08-18|2025-08-19|2025-08-20|2025-08-21|2025-08-22|2025-08-23|2025-08-24|2025-08-25|2025-08-26|2025-08-27|2025-08-28|2025-08-29|2025-08-30|2025-08-31|2025-09-01|2025-09-02|2025-09-03|2025-09-04,0.06435841849408531,0.06081799053642281,0.06185553356217287,0.06404181656747539
2025-09-06,2,220,2025-01-29,2025-09-05,2025-01-29|2025-01-30|2025-01-31|2025-02-01|2025-02-02|2025-02-03|2025-02-04|2025-02-05|2025-02-06|2025-02-07|2025-02-08|2025-02-09|2025-02-10|2025-02-11|2025-02-12|2025-02-13|2025-02-14|2025-02-15|2025-02-16|2025-02-17|2025-02-18|2025-02-19|2025-02-20|2025-02-21|2025-02-22|2025-02-23|2025-02-24|2025-02-25|2025-02-26|2025-02-27|2025-02-28|2025-03-01|2025-03-02|2025-03-03|2025-03-04|2025-03-05|2025-03-06|2025-03-07|2025-03-08|2025-03-09|2025-03-10|2025-03-11|2025-03-12|2025-03-13|2025-03-14|2025-03-15|2025-03-16|2025-03-17|2025-03-18|2025-03-19|2025-03-20|2025-03-21|2025-03-22|2025-03-23|2025-03-24|2025-03-25|2025-03-26|2025-03-27|2025-03-28|2025-03-29|2025-03-30|2025-03-31|2025-04-01|2025-04-02|2025-04-03|2025-04-04|2025-04-05|2025-04-06|2025-04-07|2025-04-08|2025-04-09|2025-04-10|2025-04-11|2025-04-12|2025-04-13|2025-04-14|2025-04-15|2025-04-16|2025-04-17|2025-04-18|2025-04-19|2025-04-20|2025-04-21|2025-04-22|2025-04-23|2025-04-24|2025-04-25|2025-04-26|2025-04-27|2025-04-28|2025-04-29|2025-04-30|2025-05-01|2025-05-02|2025-05-03|2025-05-04|2025-05-05|2025-05-06|2025-05-07|2025-05-08|2025-05-09|2025-05-10|2025-05-11|2025-05-12|2025-05-13|2025-05-14|2025-05-15|2025-05-16|2025-05-17|2025-05-18|2025-05-19|2025-05-20|2025-05-21|2025-05-22|2025-05-23|2025-05-24|2025-05-25|2025-05-26|2025-05-27|2025-05-28|2025-05-29|2025-05-30|2025-05-31|2025-06-01|2025-06-02|2025-06-03|2025-06-04|2025-06-05|2025-06-06|2025-06-07|2025-06-08|2025-06-09|2025-06-10|2025-06-11|2025-06-12|2025-06-13|2025-06-14|2025-06-15|2025-06-16|2025-06-17|2025-06-18|2025-06-19|2025-06-20|2025-06-21|2025-06-22|2025-06-23|2025-06-24|2025-06-25|2025-06-26|2025-06-27|2025-06-28|2025-06-29|2025-06-30|2025-07-01|2025-07-02|2025-07-03|2025-07-04|2025-07-05|2025-07-06|2025-07-07|2025-07-08|2025-07-09|2025-07-10|2025-07-11|2025-07-12|2025-07-13|2025-07-14|2025-07-15|2025-07-16|2025-07-17|2025-07-18|2025-07-19|2025-07-20|2025-07-21|2025-07-22|2025-07-23|2025-07-24|2025-07-25|2025-07-26|2025-07-27|2025-07-28|2025-07-29|2025-07-30|2025-07-31|2025-08-01|2025-08-02|2025-08-03|2025-08-04|2025-08-05|2025-08-06|2025-08-07|2025-08-08|2025-08-09|2025-08-10|2025-08-11|2025-08-12|2025-08-13|2025-08-14|2025-08-15|2025-08-16|2025-08-17|2025-08-18|2025-08-19|2025-08-20|2025-08-21|2025-08-22|2025-08-23|2025-08-24|2025-08-25|2025-08-26|2025-08-27|2025-08-28|2025-08-29|2025-08-30|2025-08-31|2025-09-01|2025-09-02|2025-09-03|2025-09-04|2025-09-05,0.06479389592190954,0.06126172231799408,0.06227042897877181,0.06442921281243334
2025-09-07,2,221,2025-01-29,2025-09-06,2025-01-29|2025-01-30|2025-01-31|2025-02-01|2025-02-02|2025-02-03|2025-02-04|2025-02-05|2025-02-06|2025-02-07|2025-02-08|2025-02-09|2025-02-10|2025-02-11|2025-02-12|2025-02-13|2025-02-14|2025-02-15|2025-02-16|2025-02-17|2025-02-18|2025-02-19|2025-02-20|2025-02-21|2025-02-22|2025-02-23|2025-02-24|2025-02-25|2025-02-26|2025-02-27|2025-02-28|2025-03-01|2025-03-02|2025-03-03|2025-03-04|2025-03-05|2025-03-06|2025-03-07|2025-03-08|2025-03-09|2025-03-10|2025-03-11|2025-03-12|2025-03-13|2025-03-14|2025-03-15|2025-03-16|2025-03-17|2025-03-18|2025-03-19|2025-03-20|2025-03-21|2025-03-22|2025-03-23|2025-03-24|2025-03-25|2025-03-26|2025-03-27|2025-03-28|2025-03-29|2025-03-30|2025-03-31|2025-04-01|2025-04-02|2025-04-03|2025-04-04|2025-04-05|2025-04-06|2025-04-07|2025-04-08|2025-04-09|2025-04-10|2025-04-11|2025-04-12|2025-04-13|2025-04-14|2025-04-15|2025-04-16|2025-04-17|2025-04-18|2025-04-19|2025-04-20|2025-04-21|2025-04-22|2025-04-23|2025-04-24|2025-04-25|2025-04-26|2025-04-27|2025-04-28|2025-04-29|2025-04-30|2025-05-01|2025-05-02|2025-05-03|2025-05-04|2025-05-05|2025-05-06|2025-05-07|2025-05-08|2025-05-09|2025-05-10|2025-05-11|2025-05-12|2025-05-13|2025-05-14|2025-05-15|2025-05-16|2025-05-17|2025-05-18|2025-05-19|2025-05-20|2025-05-21|2025-05-22|2025-05-23|2025-05-24|2025-05-25|2025-05-26|2025-05-27|2025-05-28|2025-05-29|2025-05-30|2025-05-31|2025-06-01|2025-06-02|2025-06-03|2025-06-04|2025-06-05|2025-06-06|2025-06-07|2025-06-08|2025-06-09|2025-06-10|2025-06-11|2025-06-12|2025-06-13|2025-06-14|2025-06-15|2025-06-16|2025-06-17|2025-06-18|2025-06-19|2025-06-20|2025-06-21|2025-06-22|2025-06-23|2025-06-24|2025-06-25|2025-06-26|2025-06-27|2025-06-28|2025-06-29|2025-06-30|2025-07-01|2025-07-02|2025-07-03|2025-07-04|2025-07-05|2025-07-06|2025-07-07|2025-07-08|2025-07-09|2025-07-10|2025-07-11|2025-07-12|2025-07-13|2025-07-14|2025-07-15|2025-07-16|2025-07-17|2025-07-18|2025-07-19|2025-07-20|2025-07-21|2025-07-22|2025-07-23|2025-07-24|2025-07-25|2025-07-26|2025-07-27|2025-07-28|2025-07-29|2025-07-30|2025-07-31|2025-08-01|2025-08-02|2025-08-03|2025-08-04|2025-08-05|2025-08-06|2025-08-07|2025-08-08|2025-08-09|2025-08-10|2025-08-11|2025-08-12|2025-08-13|2025-08-14|2025-08-15|2025-08-16|2025-08-17|2025-08-18|2025-08-19|2025-08-20|2025-08-21|2025-08-22|2025-08-23|2025-08-24|2025-08-25|2025-08-26|2025-08-27|2025-08-28|2025-08-29|2025-08-30|2025-08-31|2025-09-01|2025-09-02|2025-09-03|2025-09-04|2025-09-05|2025-09-06,0.06524447637418605,0.061683502039473447,0.06268458287896721,0.06483673524863445
2025-09-08,2,222,2025-01-29,2025-09-07,2025-01-29|2025-01-30|2025-01-31|2025-02-01|2025-02-02|2025-02-03|2025-02-04|2025-02-05|2025-02-06|2025-02-07|2025-02-08|2025-02-09|2025-02-10|2025-02-11|2025-02-12|2025-02-13|2025-02-14|2025-02-15|2025-02-16|2025-02-17|2025-02-18|2025-02-19|2025-02-20|2025-02-21|2025-02-22|2025-02-23|2025-02-24|2025-02-25|2025-02-26|2025-02-27|2025-02-28|2025-03-01|2025-03-02|2025-03-03|2025-03-04|2025-03-05|2025-03-06|2025-03-07|2025-03-08|2025-03-09|2025-03-10|2025-03-11|2025-03-12|2025-03-13|2025-03-14|2025-03-15|2025-03-16|2025-03-17|2025-03-18|2025-03-19|2025-03-20|2025-03-21|2025-03-22|2025-03-23|2025-03-24|2025-03-25|2025-03-26|2025-03-27|2025-03-28|2025-03-29|2025-03-30|2025-03-31|2025-04-01|2025-04-02|2025-04-03|2025-04-04|2025-04-05|2025-04-06|2025-04-07|2025-04-08|2025-04-09|2025-04-10|2025-04-11|2025-04-12|2025-04-13|2025-04-14|2025-04-15|2025-04-16|2025-04-17|2025-04-18|2025-04-19|2025-04-20|2025-04-21|2025-04-22|2025-04-23|2025-04-24|2025-04-25|2025-04-26|2025-04-27|2025-04-28|2025-04-29|2025-04-30|2025-05-01|2025-05-02|2025-05-03|2025-05-04|2025-05-05|2025-05-06|2025-05-07|2025-05-08|2025-05-09|2025-05-10|2025-05-11|2025-05-12|2025-05-13|2025-05-14|2025-05-15|2025-05-16|2025-05-17|2025-05-18|2025-05-19|2025-05-20|2025-05-21|2025-05-22|2025-05-23|2025-05-24|2025-05-25|2025-05-26|2025-05-27|2025-05-28|2025-05-29|2025-05-30|2025-05-31|2025-06-01|2025-06-02|2025-06-03|2025-06-04|2025-06-05|2025-06-06|2025-06-07|2025-06-08|2025-06-09|2025-06-10|2025-06-11|2025-06-12|2025-06-13|2025-06-14|2025-06-15|2025-06-16|2025-06-17|2025-06-18|2025-06-19|2025-06-20|2025-06-21|2025-06-22|2025-06-23|2025-06-24|2025-06-25|2025-06-26|2025-06-27|2025-06-28|2025-06-29|2025-06-30|2025-07-01|2025-07-02|2025-07-03|2025-07-04|2025-07-05|2025-07-06|2025-07-07|2025-07-08|2025-07-09|2025-07-10|2025-07-11|2025-07-12|2025-07-13|2025-07-14|2025-07-15|2025-07-16|2025-07-17|2025-07-18|2025-07-19|2025-07-20|2025-07-21|2025-07-22|2025-07-23|2025-07-24|2025-07-25|2025-07-26|2025-07-27|2025-07-28|2025-07-29|2025-07-30|2025-07-31|2025-08-01|2025-08-02|2025-08-03|2025-08-04|2025-08-05|2025-08-06|2025-08-07|2025-08-08|2025-08-09|2025-08-10|2025-08-11|2025-08-12|2025-08-13|2025-08-14|2025-08-15|2025-08-16|2025-08-17|2025-08-18|2025-08-19|2025-08-20|2025-08-21|2025-08-22|2025-08-23|2025-08-24|2025-08-25|2025-08-26|2025-08-27|2025-08-28|2025-08-29|2025-08-30|2025-08-31|2025-09-01|2025-09-02|2025-09-03|2025-09-04|2025-09-05|2025-09-06|2025-09-07,0.06555361929686539,0.06199616461292916,0.06298154877791382,0.06512850824589665
2025-09-09,2,223,2025-01-29,2025-09-08,2025-01-29|2025-01-30|2025-01-31|2025-02-01|2025-02-02|2025-02-03|2025-02-04|2025-02-05|2025-02-06|2025-02-07|2025-02-08|2025-02-09|2025-02-10|2025-02-11|2025-02-12|2025-02-13|2025-02-14|2025-02-15|2025-02-16|2025-02-17|2025-02-18|2025-02-19|2025-02-20|2025-02-21|2025-02-22|2025-02-23|2025-02-24|2025-02-25|2025-02-26|2025-02-27|2025-02-28|2025-03-01|2025-03-02|2025-03-03|2025-03-04|2025-03-05|2025-03-06|2025-03-07|2025-03-08|2025-03-09|2025-03-10|2025-03-11|2025-03-12|2025-03-13|2025-03-14|2025-03-15|2025-03-16|2025-03-17|2025-03-18|2025-03-19|2025-03-20|2025-03-21|2025-03-22|2025-03-23|2025-03-24|2025-03-25|2025-03-26|2025-03-27|2025-03-28|2025-03-29|2025-03-30|2025-03-31|2025-04-01|2025-04-02|2025-04-03|2025-04-04|2025-04-05|2025-04-06|2025-04-07|2025-04-08|2025-04-09|2025-04-10|2025-04-11|2025-04-12|2025-04-13|2025-04-14|2025-04-15|2025-04-16|2025-04-17|2025-04-18|2025-04-19|2025-04-20|2025-04-21|2025-04-22|2025-04-23|2025-04-24|2025-04-25|2025-04-26|2025-04-27|2025-04-28|2025-04-29|2025-04-30|2025-05-01|2025-05-02|2025-05-03|2025-05-04|2025-05-05|2025-05-06|2025-05-07|2025-05-08|2025-05-09|2025-05-10|2025-05-11|2025-05-12|2025-05-13|2025-05-14|2025-05-15|2025-05-16|2025-05-17|2025-05-18|2025-05-19|2025-05-20|2025-05-21|2025-05-22|2025-05-23|2025-05-24|2025-05-25|2025-05-26|2025-05-27|2025-05-28|2025-05-29|2025-05-30|2025-05-31|2025-06-01|2025-06-02|2025-06-03|2025-06-04|2025-06-05|2025-06-06|2025-06-07|2025-06-08|2025-06-09|2025-06-10|2025-06-11|2025-06-12|2025-06-13|2025-06-14|2025-06-15|2025-06-16|2025-06-17|2025-06-18|2025-06-19|2025-06-20|2025-06-21|2025-06-22|2025-06-23|2025-06-24|2025-06-25|2025-06-26|2025-06-27|2025-06-28|2025-06-29|2025-06-30|2025-07-01|2025-07-02|2025-07-03|2025-07-04|2025-07-05|2025-07-06|2025-07-07|2025-07-08|2025-07-09|2025-07-10|2025-07-11|2025-07-12|2025-07-13|2025-07-14|2025-07-15|2025-07-16|2025-07-17|2025-07-18|2025-07-19|2025-07-20|2025-07-21|2025-07-22|2025-07-23|2025-07-24|2025-07-25|2025-07-26|2025-07-27|2025-07-28|2025-07-29|2025-07-30|2025-07-31|2025-08-01|2025-08-02|2025-08-03|2025-08-04|2025-08-05|2025-08-06|2025-08-07|2025-08-08|2025-08-09|2025-08-10|2025-08-11|2025-08-12|2025-08-13|2025-08-14|2025-08-15|2025-08-16|2025-08-17|2025-08-18|2025-08-19|2025-08-20|2025-08-21|2025-08-22|2025-08-23|2025-08-24|2025-08-25|2025-08-26|2025-08-27|2025-08-28|2025-08-29|2025-08-30|2025-08-31|2025-09-01|2025-09-02|2025-09-03|2025-09-04|2025-09-05|2025-09-06|2025-09-07|2025-09-08,0.06552965564793244,0.06202785923927907,0.06307843963695742,0.06524017441049168
2025-09-10,2,224,2025-01-29,2025-09-09,2025-01-29|2025-01-30|2025-01-31|2025-02-01|2025-02-02|2025-02-03|2025-02-04|2025-02-05|2025-02-06|2025-02-07|2025-02-08|2025-02-09|2025-02-10|2025-02-11|2025-02-12|2025-02-13|2025-02-14|2025-02-15|2025-02-16|2025-02-17|2025-02-18|2025-02-19|2025-02-20|2025-02-21|2025-02-22|2025-02-23|2025-02-24|2025-02-25|2025-02-26|2025-02-27|2025-02-28|2025-03-01|2025-03-02|2025-03-03|2025-03-04|2025-03-05|2025-03-06|2025-03-07|2025-03-08|2025-03-09|2025-03-10|2025-03-11|2025-03-12|2025-03-13|2025-03-14|2025-03-15|2025-03-16|2025-03-17|2025-03-18|2025-03-19|2025-03-20|2025-03-21|2025-03-22|2025-03-23|2025-03-24|2025-03-25|2025-03-26|2025-03-27|2025-03-28|2025-03-29|2025-03-30|2025-03-31|2025-04-01|2025-04-02|2025-04-03|2025-04-04|2025-04-05|2025-04-06|2025-04-07|2025-04-08|2025-04-09|2025-04-10|2025-04-11|2025-04-12|2025-04-13|2025-04-14|2025-04-15|2025-04-16|2025-04-17|2025-04-18|2025-04-19|2025-04-20|2025-04-21|2025-04-22|2025-04-23|2025-04-24|2025-04-25|2025-04-26|2025-04-27|2025-04-28|2025-04-29|2025-04-30|2025-05-01|2025-05-02|2025-05-03|2025-05-04|2025-05-05|2025-05-06|2025-05-07|2025-05-08|2025-05-09|2025-05-10|2025-05-11|2025-05-12|2025-05-13|2025-05-14|2025-05-15|2025-05-16|2025-05-17|2025-05-18|2025-05-19|2025-05-20|2025-05-21|2025-05-22|2025-05-23|2025-05-24|2025-05-25|2025-05-26|2025-05-27|2025-05-28|2025-05-29|2025-05-30|2025-05-31|2025-06-01|2025-06-02|2025-06-03|2025-06-04|2025-06-05|2025-06-06|2025-06-07|2025-06-08|2025-06-09|2025-06-10|2025-06-11|2025-06-12|2025-06-13|2025-06-14|2025-06-15|2025-06-16|2025-06-17|2025-06-18|2025-06-19|2025-06-20|2025-06-21|2025-06-22|2025-06-23|2025-06-24|2025-06-25|2025-06-26|2025-06-27|2025-06-28|2025-06-29|2025-06-30|2025-07-01|2025-07-02|2025-07-03|2025-07-04|2025-07-05|2025-07-06|2025-07-07|2025-07-08|2025-07-09|2025-07-10|2025-07-11|2025-07-12|2025-07-13|2025-07-14|2025-07-15|2025-07-16|2025-07-17|2025-07-18|2025-07-19|2025-07-20|2025-07-21|2025-07-22|2025-07-23|2025-07-24|2025-07-25|2025-07-26|2025-07-27|2025-07-28|2025-07-29|2025-07-30|2025-07-31|2025-08-01|2025-08-02|2025-08-03|2025-08-04|2025-08-05|2025-08-06|2025-08-07|2025-08-08|2025-08-09|2025-08-10|2025-08-11|2025-08-12|2025-08-13|2025-08-14|2025-08-15|2025-08-16|2025-08-17|2025-08-18|2025-08-19|2025-08-20|2025-08-21|2025-08-22|2025-08-23|2025-08-24|2025-08-25|2025-08-26|2025-08-27|2025-08-28|2025-08-29|2025-08-30|2025-08-31|2025-09-01|2025-09-02|2025-09-03|2025-09-04|2025-09-05|2025-09-06|2025-09-07|2025-09-08|2025-09-09,0.06551858466690703,0.062122213467144256,0.06323637022122473,0.06543733444480175
2025-09-11,2,225,2025-01-29,2025-09-10,2025-01-29|2025-01-30|2025-01-31|2025-02-01|2025-02-02|2025-02-03|2025-02-04|2025-02-05|2025-02-06|2025-02-07|2025-02-08|2025-02-09|2025-02-10|2025-02-11|2025-02-12|2025-02-13|2025-02-14|2025-02-15|2025-02-16|2025-02-17|2025-02-18|2025-02-19|2025-02-20|2025-02-21|2025-02-22|2025-02-23|2025-02-24|2025-02-25|2025-02-26|2025-02-27|2025-02-28|2025-03-01|2025-03-02|2025-03-03|2025-03-04|2025-03-05|2025-03-06|2025-03-07|2025-03-08|2025-03-09|2025-03-10|2025-03-11|2025-03-12|2025-03-13|2025-03-14|2025-03-15|2025-03-16|2025-03-17|2025-03-18|2025-03-19|2025-03-20|2025-03-21|2025-03-22|2025-03-23|2025-03-24|2025-03-25|2025-03-26|2025-03-27|2025-03-28|2025-03-29|2025-03-30|2025-03-31|2025-04-01|2025-04-02|2025-04-03|2025-04-04|2025-04-05|2025-04-06|2025-04-07|2025-04-08|2025-04-09|2025-04-10|2025-04-11|2025-04-12|2025-04-13|2025-04-14|2025-04-15|2025-04-16|2025-04-17|2025-04-18|2025-04-19|2025-04-20|2025-04-21|2025-04-22|2025-04-23|2025-04-24|2025-04-25|2025-04-26|2025-04-27|2025-04-28|2025-04-29|2025-04-30|2025-05-01|2025-05-02|2025-05-03|2025-05-04|2025-05-05|2025-05-06|2025-05-07|2025-05-08|2025-05-09|2025-05-10|2025-05-11|2025-05-12|2025-05-13|2025-05-14|2025-05-15|2025-05-16|2025-05-17|2025-05-18|2025-05-19|2025-05-20|2025-05-21|2025-05-22|2025-05-23|2025-05-24|2025-05-25|2025-05-26|2025-05-27|2025-05-28|2025-05-29|2025-05-30|2025-05-31|2025-06-01|2025-06-02|2025-06-03|2025-06-04|2025-06-05|2025-06-06|2025-06-07|2025-06-08|2025-06-09|2025-06-10|2025-06-11|2025-06-12|2025-06-13|2025-06-14|2025-06-15|2025-06-16|2025-06-17|2025-06-18|2025-06-19|2025-06-20|2025-06-21|2025-06-22|2025-06-23|2025-06-24|2025-06-25|2025-06-26|2025-06-27|2025-06-28|2025-06-29|2025-06-30|2025-07-01|2025-07-02|2025-07-03|2025-07-04|2025-07-05|2025-07-06|2025-07-07|2025-07-08|2025-07-09|2025-07-10|2025-07-11|2025-07-12|2025-07-13|2025-07-14|2025-07-15|2025-07-16|2025-07-17|2025-07-18|2025-07-19|2025-07-20|2025-07-21|2025-07-22|2025-07-23|2025-07-24|2025-07-25|2025-07-26|2025-07-27|2025-07-28|2025-07-29|2025-07-30|2025-07-31|2025-08-01|2025-08-02|2025-08-03|2025-08-04|2025-08-05|2025-08-06|2025-08-07|2025-08-08|2025-08-09|2025-08-10|2025-08-11|2025-08-12|2025-08-13|2025-08-14|2025-08-15|2025-08-16|2025-08-17|2025-08-18|2025-08-19|2025-08-20|2025-08-21|2025-08-22|2025-08-23|2025-08-24|2025-08-25|2025-08-26|2025-08-27|2025-08-28|2025-08-29|2025-08-30|2025-08-31|2025-09-01|2025-09-02|2025-09-03|2025-09-04|2025-09-05|2025-09-06|2025-09-07|2025-09-08|2025-09-09|2025-09-10,0.06549883025332658,0.06219426446133297,0.06335023707568083,0.06557038704354815
2025-09-12,2,226,2025-01-29,2025-09-11,2025-01-29|2025-01-30|2025-01-31|2025-02-01|2025-02-02|2025-02-03|2025-02-04|2025-02-05|2025-02-06|2025-02-07|2025-02-08|2025-02-09|2025-02-10|2025-02-11|2025-02-12|2025-02-13|2025-02-14|2025-02-15|2025-02-16|2025-02-17|2025-02-18|2025-02-19|2025-02-20|2025-02-21|2025-02-22|2025-02-23|2025-02-24|2025-02-25|2025-02-26|2025-02-27|2025-02-28|2025-03-01|2025-03-02|2025-03-03|2025-03-04|2025-03-05|2025-03-06|2025-03-07|2025-03-08|2025-03-09|2025-03-10|2025-03-11|2025-03-12|2025-03-13|2025-03-14|2025-03-15|2025-03-16|2025-03-17|2025-03-18|2025-03-19|2025-03-20|2025-03-21|2025-03-22|2025-03-23|2025-03-24|2025-03-25|2025-03-26|2025-03-27|2025-03-28|2025-03-29|2025-03-30|2025-03-31|2025-04-01|2025-04-02|2025-04-03|2025-04-04|2025-04-05|2025-04-06|2025-04-07|2025-04-08|2025-04-09|2025-04-10|2025-04-11|2025-04-12|2025-04-13|2025-04-14|2025-04-15|2025-04-16|2025-04-17|2025-04-18|2025-04-19|2025-04-20|2025-04-21|2025-04-22|2025-04-23|2025-04-24|2025-04-25|2025-04-26|2025-04-27|2025-04-28|2025-04-29|2025-04-30|2025-05-01|2025-05-02|2025-05-03|2025-05-04|2025-05-05|2025-05-06|2025-05-07|2025-05-08|2025-05-09|2025-05-10|2025-05-11|2025-05-12|2025-05-13|2025-05-14|2025-05-15|2025-05-16|2025-05-17|2025-05-18|2025-05-19|2025-05-20|2025-05-21|2025-05-22|2025-05-23|2025-05-24|2025-05-25|2025-05-26|2025-05-27|2025-05-28|2025-05-29|2025-05-30|2025-05-31|2025-06-01|2025-06-02|2025-06-03|2025-06-04|2025-06-05|2025-06-06|2025-06-07|2025-06-08|2025-06-09|2025-06-10|2025-06-11|2025-06-12|2025-06-13|2025-06-14|2025-06-15|2025-06-16|2025-06-17|2025-06-18|2025-06-19|2025-06-20|2025-06-21|2025-06-22|2025-06-23|2025-06-24|2025-06-25|2025-06-26|2025-06-27|2025-06-28|2025-06-29|2025-06-30|2025-07-01|2025-07-02|2025-07-03|2025-07-04|2025-07-05|2025-07-06|2025-07-07|2025-07-08|2025-07-09|2025-07-10|2025-07-11|2025-07-12|2025-07-13|2025-07-14|2025-07-15|2025-07-16|2025-07-17|2025-07-18|2025-07-19|2025-07-20|2025-07-21|2025-07-22|2025-07-23|2025-07-24|2025-07-25|2025-07-26|2025-07-27|2025-07-28|2025-07-29|2025-07-30|2025-07-31|2025-08-01|2025-08-02|2025-08-03|2025-08-04|2025-08-05|2025-08-06|2025-08-07|2025-08-08|2025-08-09|2025-08-10|2025-08-11|2025-08-12|2025-08-13|2025-08-14|2025-08-15|2025-08-16|2025-08-17|2025-08-18|2025-08-19|2025-08-20|2025-08-21|2025-08-22|2025-08-23|2025-08-24|2025-08-25|2025-08-26|2025-08-27|2025-08-28|2025-08-29|2025-08-30|2025-08-31|2025-09-01|2025-09-02|2025-09-03|2025-09-04|2025-09-05|2025-09-06|2025-09-07|2025-09-08|2025-09-09|2025-09-10|2025-09-11,0.06544457154461077,0.06230434377794087,0.06352670618928968,0.06576668714118988
2025-09-13,2,227,2025-01-29,2025-09-12,2025-01-29|2025-01-30|2025-01-31|2025-02-01|2025-02-02|2025-02-03|2025-02-04|2025-02-05|2025-02-06|2025-02-07|2025-02-08|2025-02-09|2025-02-10|2025-02-11|2025-02-12|2025-02-13|2025-02-14|2025-02-15|2025-02-16|2025-02-17|2025-02-18|2025-02-19|2025-02-20|2025-02-21|2025-02-22|2025-02-23|2025-02-24|2025-02-25|2025-02-26|2025-02-27|2025-02-28|2025-03-01|2025-03-02|2025-03-03|2025-03-04|2025-03-05|2025-03-06|2025-03-07|2025-03-08|2025-03-09|2025-03-10|2025-03-11|2025-03-12|2025-03-13|2025-03-14|2025-03-15|2025-03-16|2025-03-17|2025-03-18|2025-03-19|2025-03-20|2025-03-21|2025-03-22|2025-03-23|2025-03-24|2025-03-25|2025-03-26|2025-03-27|2025-03-28|2025-03-29|2025-03-30|2025-03-31|2025-04-01|2025-04-02|2025-04-03|2025-04-04|2025-04-05|2025-04-06|2025-04-07|2025-04-08|2025-04-09|2025-04-10|2025-04-11|2025-04-12|2025-04-13|2025-04-14|2025-04-15|2025-04-16|2025-04-17|2025-04-18|2025-04-19|2025-04-20|2025-04-21|2025-04-22|2025-04-23|2025-04-24|2025-04-25|2025-04-26|2025-04-27|2025-04-28|2025-04-29|2025-04-30|2025-05-01|2025-05-02|2025-05-03|2025-05-04|2025-05-05|2025-05-06|2025-05-07|2025-05-08|2025-05-09|2025-05-10|2025-05-11|2025-05-12|2025-05-13|2025-05-14|2025-05-15|2025-05-16|2025-05-17|2025-05-18|2025-05-19|2025-05-20|2025-05-21|2025-05-22|2025-05-23|2025-05-24|2025-05-25|2025-05-26|2025-05-27|2025-05-28|2025-05-29|2025-05-30|2025-05-31|2025-06-01|2025-06-02|2025-06-03|2025-06-04|2025-06-05|2025-06-06|2025-06-07|2025-06-08|2025-06-09|2025-06-10|2025-06-11|2025-06-12|2025-06-13|2025-06-14|2025-06-15|2025-06-16|2025-06-17|2025-06-18|2025-06-19|2025-06-20|2025-06-21|2025-06-22|2025-06-23|2025-06-24|2025-06-25|2025-06-26|2025-06-27|2025-06-28|2025-06-29|2025-06-30|2025-07-01|2025-07-02|2025-07-03|2025-07-04|2025-07-05|2025-07-06|2025-07-07|2025-07-08|2025-07-09|2025-07-10|2025-07-11|2025-07-12|2025-07-13|2025-07-14|2025-07-15|2025-07-16|2025-07-17|2025-07-18|2025-07-19|2025-07-20|2025-07-21|2025-07-22|2025-07-23|2025-07-24|2025-07-25|2025-07-26|2025-07-27|2025-07-28|2025-07-29|2025-07-30|2025-07-31|2025-08-01|2025-08-02|2025-08-03|2025-08-04|2025-08-05|2025-08-06|2025-08-07|2025-08-08|2025-08-09|2025-08-10|2025-08-11|2025-08-12|2025-08-13|2025-08-14|2025-08-15|2025-08-16|2025-08-17|2025-08-18|2025-08-19|2025-08-20|2025-08-21|2025-08-22|2025-08-23|2025-08-24|2025-08-25|2025-08-26|2025-08-27|2025-08-28|2025-08-29|2025-08-30|2025-08-31|2025-09-01|2025-09-02|2025-09-03|2025-09-04|2025-09-05|2025-09-06|2025-09-07|2025-09-08|2025-09-09|2025-09-10|2025-09-11|2025-09-12,0.06548736264915539,0.062412000308885364,0.06370410227116427,0.0659759246963818
2025-09-14,2,228,2025-01-29,2025-09-13,2025-01-29|2025-01-30|2025-01-31|2025-02-01|2025-02-02|2025-02-03|2025-02-04|2025-02-05|2025-02-06|2025-02-07|2025-02-08|2025-02-09|2025-02-10|2025-02-11|2025-02-12|2025-02-13|2025-02-14|2025-02-15|2025-02-16|2025-02-17|2025-02-18|2025-02-19|2025-02-20|2025-02-21|2025-02-22|2025-02-23|2025-02-24|2025-02-25|2025-02-26|2025-02-27|2025-02-28|2025-03-01|2025-03-02|2025-03-03|2025-03-04|2025-03-05|2025-03-06|2025-03-07|2025-03-08|2025-03-09|2025-03-10|2025-03-11|2025-03-12|2025-03-13|2025-03-14|2025-03-15|2025-03-16|2025-03-17|2025-03-18|2025-03-19|2025-03-20|2025-03-21|2025-03-22|2025-03-23|2025-03-24|2025-03-25|2025-03-26|2025-03-27|2025-03-28|2025-03-29|2025-03-30|2025-03-31|2025-04-01|2025-04-02|2025-04-03|2025-04-04|2025-04-05|2025-04-06|2025-04-07|2025-04-08|2025-04-09|2025-04-10|2025-04-11|2025-04-12|2025-04-13|2025-04-14|2025-04-15|2025-04-16|2025-04-17|2025-04-18|2025-04-19|2025-04-20|2025-04-21|2025-04-22|2025-04-23|2025-04-24|2025-04-25|2025-04-26|2025-04-27|2025-04-28|2025-04-29|2025-04-30|2025-05-01|2025-05-02|2025-05-03|2025-05-04|2025-05-05|2025-05-06|2025-05-07|2025-05-08|2025-05-09|2025-05-10|2025-05-11|2025-05-12|2025-05-13|2025-05-14|2025-05-15|2025-05-16|2025-05-17|2025-05-18|2025-05-19|2025-05-20|2025-05-21|2025-05-22|2025-05-23|2025-05-24|2025-05-25|2025-05-26|2025-05-27|2025-05-28|2025-05-29|2025-05-30|2025-05-31|2025-06-01|2025-06-02|2025-06-03|2025-06-04|2025-06-05|2025-06-06|2025-06-07|2025-06-08|2025-06-09|2025-06-10|2025-06-11|2025-06-12|2025-06-13|2025-06-14|2025-06-15|2025-06-16|2025-06-17|2025-06-18|2025-06-19|2025-06-20|2025-06-21|2025-06-22|2025-06-23|2025-06-24|2025-06-25|2025-06-26|2025-06-27|2025-06-28|2025-06-29|2025-06-30|2025-07-01|2025-07-02|2025-07-03|2025-07-04|2025-07-05|2025-07-06|2025-07-07|2025-07-08|2025-07-09|2025-07-10|2025-07-11|2025-07-12|2025-07-13|2025-07-14|2025-07-15|2025-07-16|2025-07-17|2025-07-18|2025-07-19|2025-07-20|2025-07-21|2025-07-22|2025-07-23|2025-07-24|2025-07-25|2025-07-26|2025-07-27|2025-07-28|2025-07-29|2025-07-30|2025-07-31|2025-08-01|2025-08-02|2025-08-03|2025-08-04|2025-08-05|2025-08-06|2025-08-07|2025-08-08|2025-08-09|2025-08-10|2025-08-11|2025-08-12|2025-08-13|2025-08-14|2025-08-15|2025-08-16|2025-08-17|2025-08-18|2025-08-19|2025-08-20|2025-08-21|2025-08-22|2025-08-23|2025-08-24|2025-08-25|2025-08-26|2025-08-27|2025-08-28|2025-08-29|2025-08-30|2025-08-31|2025-09-01|2025-09-02|2025-09-03|2025-09-04|2025-09-05|2025-09-06|2025-09-07|2025-09-08|2025-09-09|2025-09-10|2025-09-11|2025-09-12|2025-09-13,0.06555083066492326,0.06257606113131017,0.06393499924901458,0.06623198940193818
2025-09-15,2,229,2025-01-29,2025-09-14,2025-01-29|2025-01-30|2025-01-31|2025-02-01|2025-02-02|2025-02-03|2025-02-04|2025-02-05|2025-02-06|2025-02-07|2025-02-08|2025-02-09|2025-02-10|2025-02-11|2025-02-12|2025-02-13|2025-02-14|2025-02-15|2025-02-16|2025-02-17|2025-02-18|2025-02-19|2025-02-20|2025-02-21|2025-02-22|2025-02-23|2025-02-24|2025-02-25|2025-02-26|2025-02-27|2025-02-28|2025-03-01|2025-03-02|2025-03-03|2025-03-04|2025-03-05|2025-03-06|2025-03-07|2025-03-08|2025-03-09|2025-03-10|2025-03-11|2025-03-12|2025-03-13|2025-03-14|2025-03-15|2025-03-16|2025-03-17|2025-03-18|2025-03-19|2025-03-20|2025-03-21|2025-03-22|2025-03-23|2025-03-24|2025-03-25|2025-03-26|2025-03-27|2025-03-28|2025-03-29|2025-03-30|2025-03-31|2025-04-01|2025-04-02|2025-04-03|2025-04-04|2025-04-05|2025-04-06|2025-04-07|2025-04-08|2025-04-09|2025-04-10|2025-04-11|2025-04-12|2025-04-13|2025-04-14|2025-04-15|2025-04-16|2025-04-17|2025-04-18|2025-04-19|2025-04-20|2025-04-21|2025-04-22|2025-04-23|2025-04-24|2025-04-25|2025-04-26|2025-04-27|2025-04-28|2025-04-29|2025-04-30|2025-05-01|2025-05-02|2025-05-03|2025-05-04|2025-05-05|2025-05-06|2025-05-07|2025-05-08|2025-05-09|2025-05-10|2025-05-11|2025-05-12|2025-05-13|2025-05-14|2025-05-15|2025-05-16|2025-05-17|2025-05-18|2025-05-19|2025-05-20|2025-05-21|2025-05-22|2025-05-23|2025-05-24|2025-05-25|2025-05-26|2025-05-27|2025-05-28|2025-05-29|2025-05-30|2025-05-31|2025-06-01|2025-06-02|2025-06-03|2025-06-04|2025-06-05|2025-06-06|2025-06-07|2025-06-08|2025-06-09|2025-06-10|2025-06-11|2025-06-12|2025-06-13|2025-06-14|2025-06-15|2025-06-16|2025-06-17|2025-06-18|2025-06-19|2025-06-20|2025-06-21|2025-06-22|2025-06-23|2025-06-24|2025-06-25|2025-06-26|2025-06-27|2025-06-28|2025-06-29|2025-06-30|2025-07-01|2025-07-02|2025-07-03|2025-07-04|2025-07-05|2025-07-06|2025-07-07|2025-07-08|2025-07-09|2025-07-10|2025-07-11|2025-07-12|2025-07-13|2025-07-14|2025-07-15|2025-07-16|2025-07-17|2025-07-18|2025-07-19|2025-07-20|2025-07-21|2025-07-22|2025-07-23|2025-07-24|2025-07-25|2025-07-26|2025-07-27|2025-07-28|2025-07-29|2025-07-30|2025-07-31|2025-08-01|2025-08-02|2025-08-03|2025-08-04|2025-08-05|2025-08-06|2025-08-07|2025-08-08|2025-08-09|2025-08-10|2025-08-11|2025-08-12|2025-08-13|2025-08-14|2025-08-15|2025-08-16|2025-08-17|2025-08-18|2025-08-19|2025-08-20|2025-08-21|2025-08-22|2025-08-23|2025-08-24|2025-08-25|2025-08-26|2025-08-27|2025-08-28|2025-08-29|2025-08-30|2025-08-31|2025-09-01|2025-09-02|2025-09-03|2025-09-04|2025-09-05|2025-09-06|2025-09-07|2025-09-08|2025-09-09|2025-09-10|2025-09-11|2025-09-12|2025-09-13|2025-09-14,0.06548921737738357,0.06255648423963883,0.06398256301274348,0.0663067311650559
2025-09-16,2,230,2025-01-29,2025-09-15,2025-01-29|2025-01-30|2025-01-31|2025-02-01|2025-02-02|2025-02-03|2025-02-04|2025-02-05|2025-02-06|2025-02-07|2025-02-08|2025-02-09|2025-02-10|2025-02-11|2025-02-12|2025-02-13|2025-02-14|2025-02-15|2025-02-16|2025-02-17|2025-02-18|2025-02-19|2025-02-20|2025-02-21|2025-02-22|2025-02-23|2025-02-24|2025-02-25|2025-02-26|2025-02-27|2025-02-28|2025-03-01|2025-03-02|2025-03-03|2025-03-04|2025-03-05|2025-03-06|2025-03-07|2025-03-08|2025-03-09|2025-03-10|2025-03-11|2025-03-12|2025-03-13|2025-03-14|2025-03-15|2025-03-16|2025-03-17|2025-03-18|2025-03-19|2025-03-20|2025-03-21|2025-03-22|2025-03-23|2025-03-24|2025-03-25|2025-03-26|2025-03-27|2025-03-28|2025-03-29|2025-03-30|2025-03-31|2025-04-01|2025-04-02|2025-04-03|2025-04-04|2025-04-05|2025-04-06|2025-04-07|2025-04-08|2025-04-09|2025-04-10|2025-04-11|2025-04-12|2025-04-13|2025-04-14|2025-04-15|2025-04-16|2025-04-17|2025-04-18|2025-04-19|2025-04-20|2025-04-21|2025-04-22|2025-04-23|2025-04-24|2025-04-25|2025-04-26|2025-04-27|2025-04-28|2025-04-29|2025-04-30|2025-05-01|2025-05-02|2025-05-03|2025-05-04|2025-05-05|2025-05-06|2025-05-07|2025-05-08|2025-05-09|2025-05-10|2025-05-11|2025-05-12|2025-05-13|2025-05-14|2025-05-15|2025-05-16|2025-05-17|2025-05-18|2025-05-19|2025-05-20|2025-05-21|2025-05-22|2025-05-23|2025-05-24|2025-05-25|2025-05-26|2025-05-27|2025-05-28|2025-05-29|2025-05-30|2025-05-31|2025-06-01|2025-06-02|2025-06-03|2025-06-04|2025-06-05|2025-06-06|2025-06-07|2025-06-08|2025-06-09|2025-06-10|2025-06-11|2025-06-12|2025-06-13|2025-06-14|2025-06-15|2025-06-16|2025-06-17|2025-06-18|2025-06-19|2025-06-20|2025-06-21|2025-06-22|2025-06-23|2025-06-24|2025-06-25|2025-06-26|2025-06-27|2025-06-28|2025-06-29|2025-06-30|2025-07-01|2025-07-02|2025-07-03|2025-07-04|2025-07-05|2025-07-06|2025-07-07|2025-07-08|2025-07-09|2025-07-10|2025-07-11|2025-07-12|2025-07-13|2025-07-14|2025-07-15|2025-07-16|2025-07-17|2025-07-18|2025-07-19|2025-07-20|2025-07-21|2025-07-22|2025-07-23|2025-07-24|2025-07-25|2025-07-26|2025-07-27|2025-07-28|2025-07-29|2025-07-30|2025-07-31|2025-08-01|2025-08-02|2025-08-03|2025-08-04|2025-08-05|2025-08-06|2025-08-07|2025-08-08|2025-08-09|2025-08-10|2025-08-11|2025-08-12|2025-08-13|2025-08-14|2025-08-15|2025-08-16|2025-08-17|2025-08-18|2025-08-19|2025-08-20|2025-08-21|2025-08-22|2025-08-23|2025-08-24|2025-08-25|2025-08-26|2025-08-27|2025-08-28|2025-08-29|2025-08-30|2025-08-31|2025-09-01|2025-09-02|2025-09-03|2025-09-04|2025-09-05|2025-09-06|2025-09-07|2025-09-08|2025-09-09|2025-09-10|2025-09-11|2025-09-12|2025-09-13|2025-09-14|2025-09-15,0.06547617070366299,0.06251406982885058,0.0640208161736281,0.06638791913914074
2025-09-17,2,231,2025-01-29,2025-09-16,2025-01-29|2025-01-30|2025-01-31|2025-02-01|2025-02-02|2025-02-03|2025-02-04|2025-02-05|2025-02-06|2025-02-07|2025-02-08|2025-02-09|2025-02-10|2025-02-11|2025-02-12|2025-02-13|2025-02-14|2025-02-15|2025-02-16|2025-02-17|2025-02-18|2025-02-19|2025-02-20|2025-02-21|2025-02-22|2025-02-23|2025-02-24|2025-02-25|2025-02-26|2025-02-27|2025-02-28|2025-03-01|2025-03-02|2025-03-03|2025-03-04|2025-03-05|2025-03-06|2025-03-07|2025-03-08|2025-03-09|2025-03-10|2025-03-11|2025-03-12|2025-03-13|2025-03-14|2025-03-15|2025-03-16|2025-03-17|2025-03-18|2025-03-19|2025-03-20|2025-03-21|2025-03-22|2025-03-23|2025-03-24|2025-03-25|2025-03-26|2025-03-27|2025-03-28|2025-03-29|2025-03-30|2025-03-31|2025-04-01|2025-04-02|2025-04-03|2025-04-04|2025-04-05|2025-04-06|2025-04-07|2025-04-08|2025-04-09|2025-04-10|2025-04-11|2025-04-12|2025-04-13|2025-04-14|2025-04-15|2025-04-16|2025-04-17|2025-04-18|2025-04-19|2025-04-20|2025-04-21|2025-04-22|2025-04-23|2025-04-24|2025-04-25|2025-04-26|2025-04-27|2025-04-28|2025-04-29|2025-04-30|2025-05-01|2025-05-02|2025-05-03|2025-05-04|2025-05-05|2025-05-06|2025-05-07|2025-05-08|2025-05-09|2025-05-10|2025-05-11|2025-05-12|2025-05-13|2025-05-14|2025-05-15|2025-05-16|2025-05-17|2025-05-18|2025-05-19|2025-05-20|2025-05-21|2025-05-22|2025-05-23|2025-05-24|2025-05-25|2025-05-26|2025-05-27|2025-05-28|2025-05-29|2025-05-30|2025-05-31|2025-06-01|2025-06-02|2025-06-03|2025-06-04|2025-06-05|2025-06-06|2025-06-07|2025-06-08|2025-06-09|2025-06-10|2025-06-11|2025-06-12|2025-06-13|2025-06-14|2025-06-15|2025-06-16|2025-06-17|2025-06-18|2025-06-19|2025-06-20|2025-06-21|2025-06-22|2025-06-23|2025-06-24|2025-06-25|2025-06-26|2025-06-27|2025-06-28|2025-06-29|2025-06-30|2025-07-01|2025-07-02|2025-07-03|2025-07-04|2025-07-05|2025-07-06|2025-07-07|2025-07-08|2025-07-09|2025-07-10|2025-07-11|2025-07-12|2025-07-13|2025-07-14|2025-07-15|2025-07-16|2025-07-17|2025-07-18|2025-07-19|2025-07-20|2025-07-21|2025-07-22|2025-07-23|2025-07-24|2025-07-25|2025-07-26|2025-07-27|2025-07-28|2025-07-29|2025-07-30|2025-07-31|2025-08-01|2025-08-02|2025-08-03|2025-08-04|2025-08-05|2025-08-06|2025-08-07|2025-08-08|2025-08-09|2025-08-10|2025-08-11|2025-08-12|2025-08-13|2025-08-14|2025-08-15|2025-08-16|2025-08-17|2025-08-18|2025-08-19|2025-08-20|2025-08-21|2025-08-22|2025-08-23|2025-08-24|2025-08-25|2025-08-26|2025-08-27|2025-08-28|2025-08-29|2025-08-30|2025-08-31|2025-09-01|2025-09-02|2025-09-03|2025-09-04|2025-09-05|2025-09-06|2025-09-07|2025-09-08|2025-09-09|2025-09-10|2025-09-11|2025-09-12|2025-09-13|2025-09-14|2025-09-15|2025-09-16,0.06544156360559876,0.062456439723795464,0.06398504679717848,0.06638793874945893
2025-09-18,2,232,2025-01-29,2025-09-17,2025-01-29|2025-01-30|2025-01-31|2025-02-01|2025-02-02|2025-02-03|2025-02-04|2025-02-05|2025-02-06|2025-02-07|2025-02-08|2025-02-09|2025-02-10|2025-02-11|2025-02-12|2025-02-13|2025-02-14|2025-02-15|2025-02-16|2025-02-17|2025-02-18|2025-02-19|2025-02-20|2025-02-21|2025-02-22|2025-02-23|2025-02-24|2025-02-25|2025-02-26|2025-02-27|2025-02-28|2025-03-01|2025-03-02|2025-03-03|2025-03-04|2025-03-05|2025-03-06|2025-03-07|2025-03-08|2025-03-09|2025-03-10|2025-03-11|2025-03-12|2025-03-13|2025-03-14|2025-03-15|2025-03-16|2025-03-17|2025-03-18|2025-03-19|2025-03-20|2025-03-21|2025-03-22|2025-03-23|2025-03-24|2025-03-25|2025-03-26|2025-03-27|2025-03-28|2025-03-29|2025-03-30|2025-03-31|2025-04-01|2025-04-02|2025-04-03|2025-04-04|2025-04-05|2025-04-06|2025-04-07|2025-04-08|2025-04-09|2025-04-10|2025-04-11|2025-04-12|2025-04-13|2025-04-14|2025-04-15|2025-04-16|2025-04-17|2025-04-18|2025-04-19|2025-04-20|2025-04-21|2025-04-22|2025-04-23|2025-04-24|2025-04-25|2025-04-26|2025-04-27|2025-04-28|2025-04-29|2025-04-30|2025-05-01|2025-05-02|2025-05-03|2025-05-04|2025-05-05|2025-05-06|2025-05-07|2025-05-08|2025-05-09|2025-05-10|2025-05-11|2025-05-12|2025-05-13|2025-05-14|2025-05-15|2025-05-16|2025-05-17|2025-05-18|2025-05-19|2025-05-20|2025-05-21|2025-05-22|2025-05-23|2025-05-24|2025-05-25|2025-05-26|2025-05-27|2025-05-28|2025-05-29|2025-05-30|2025-05-31|2025-06-01|2025-06-02|2025-06-03|2025-06-04|2025-06-05|2025-06-06|2025-06-07|2025-06-08|2025-06-09|2025-06-10|2025-06-11|2025-06-12|2025-06-13|2025-06-14|2025-06-15|2025-06-16|2025-06-17|2025-06-18|2025-06-19|2025-06-20|2025-06-21|2025-06-22|2025-06-23|2025-06-24|2025-06-25|2025-06-26|2025-06-27|2025-06-28|2025-06-29|2025-06-30|2025-07-01|2025-07-02|2025-07-03|2025-07-04|2025-07-05|2025-07-06|2025-07-07|2025-07-08|2025-07-09|2025-07-10|2025-07-11|2025-07-12|2025-07-13|2025-07-14|2025-07-15|2025-07-16|2025-07-17|2025-07-18|2025-07-19|2025-07-20|2025-07-21|2025-07-22|2025-07-23|2025-07-24|2025-07-25|2025-07-26|2025-07-27|2025-07-28|2025-07-29|2025-07-30|2025-07-31|2025-08-01|2025-08-02|2025-08-03|2025-08-04|2025-08-05|2025-08-06|2025-08-07|2025-08-08|2025-08-09|2025-08-10|2025-08-11|2025-08-12|2025-08-13|2025-08-14|2025-08-15|2025-08-16|2025-08-17|2025-08-18|2025-08-19|2025-08-20|2025-08-21|2025-08-22|2025-08-23|2025-08-24|2025-08-25|2025-08-26|2025-08-27|2025-08-28|2025-08-29|2025-08-30|2025-08-31|2025-09-01|2025-09-02|2025-09-03|2025-09-04|2025-09-05|2025-09-06|2025-09-07|2025-09-08|2025-09-09|2025-09-10|2025-09-11|2025-09-12|2025-09-13|2025-09-14|2025-09-15|2025-09-16|2025-09-17,0.0653792219245939,0.062390078666520785,0.06397348140273743,0.06641157353926323
2025-09-19,2,233,2025-01-29,2025-09-18,2025-01-29|2025-01-30|2025-01-31|2025-02-01|2025-02-02|2025-02-03|2025-02-04|2025-02-05|2025-02-06|2025-02-07|2025-02-08|2025-02-09|2025-02-10|2025-02-11|2025-02-12|2025-02-13|2025-02-14|2025-02-15|2025-02-16|2025-02-17|2025-02-18|2025-02-19|2025-02-20|2025-02-21|2025-02-22|2025-02-23|2025-02-24|2025-02-25|2025-02-26|2025-02-27|2025-02-28|2025-03-01|2025-03-02|2025-03-03|2025-03-04|2025-03-05|2025-03-06|2025-03-07|2025-03-08|2025-03-09|2025-03-10|2025-03-11|2025-03-12|2025-03-13|2025-03-14|2025-03-15|2025-03-16|2025-03-17|2025-03-18|2025-03-19|2025-03-20|2025-03-21|2025-03-22|2025-03-23|2025-03-24|2025-03-25|2025-03-26|2025-03-27|2025-03-28|2025-03-29|2025-03-30|2025-03-31|2025-04-01|2025-04-02|2025-04-03|2025-04-04|2025-04-05|2025-04-06|2025-04-07|2025-04-08|2025-04-09|2025-04-10|2025-04-11|2025-04-12|2025-04-13|2025-04-14|2025-04-15|2025-04-16|2025-04-17|2025-04-18|2025-04-19|2025-04-20|2025-04-21|2025-04-22|2025-04-23|2025-04-24|2025-04-25|2025-04-26|2025-04-27|2025-04-28|2025-04-29|2025-04-30|2025-05-01|2025-05-02|2025-05-03|2025-05-04|2025-05-05|2025-05-06|2025-05-07|2025-05-08|2025-05-09|2025-05-10|2025-05-11|2025-05-12|2025-05-13|2025-05-14|2025-05-15|2025-05-16|2025-05-17|2025-05-18|2025-05-19|2025-05-20|2025-05-21|2025-05-22|2025-05-23|2025-05-24|2025-05-25|2025-05-26|2025-05-27|2025-05-28|2025-05-29|2025-05-30|2025-05-31|2025-06-01|2025-06-02|2025-06-03|2025-06-04|2025-06-05|2025-06-06|2025-06-07|2025-06-08|2025-06-09|2025-06-10|2025-06-11|2025-06-12|2025-06-13|2025-06-14|2025-06-15|2025-06-16|2025-06-17|2025-06-18|2025-06-19|2025-06-20|2025-06-21|2025-06-22|2025-06-23|2025-06-24|2025-06-25|2025-06-26|2025-06-27|2025-06-28|2025-06-29|2025-06-30|2025-07-01|2025-07-02|2025-07-03|2025-07-04|2025-07-05|2025-07-06|2025-07-07|2025-07-08|2025-07-09|2025-07-10|2025-07-11|2025-07-12|2025-07-13|2025-07-14|2025-07-15|2025-07-16|2025-07-17|2025-07-18|2025-07-19|2025-07-20|2025-07-21|2025-07-22|2025-07-23|2025-07-24|2025-07-25|2025-07-26|2025-07-27|2025-07-28|2025-07-29|2025-07-30|2025-07-31|2025-08-01|2025-08-02|2025-08-03|2025-08-04|2025-08-05|2025-08-06|2025-08-07|2025-08-08|2025-08-09|2025-08-10|2025-08-11|2025-08-12|2025-08-13|2025-08-14|2025-08-15|2025-08-16|2025-08-17|2025-08-18|2025-08-19|2025-08-20|2025-08-21|2025-08-22|2025-08-23|2025-08-24|2025-08-25|2025-08-26|2025-08-27|2025-08-28|2025-08-29|2025-08-30|2025-08-31|2025-09-01|2025-09-02|2025-09-03|2025-09-04|2025-09-05|2025-09-06|2025-09-07|2025-09-08|2025-09-09|2025-09-10|2025-09-11|2025-09-12|2025-09-13|2025-09-14|2025-09-15|2025-09-16|2025-09-17|2025-09-18,0.06533129113969505,0.062335001803435215,0.06394588176012783,0.06643688006925132
2025-09-20,2,234,2025-01-29,2025-09-19,2025-01-29|2025-01-30|2025-01-31|2025-02-01|2025-02-02|2025-02-03|2025-02-04|2025-02-05|2025-02-06|2025-02-07|2025-02-08|2025-02-09|2025-02-10|2025-02-11|2025-02-12|2025-02-13|2025-02-14|2025-02-15|2025-02-16|2025-02-17|2025-02-18|2025-02-19|2025-02-20|2025-02-21|2025-02-22|2025-02-23|2025-02-24|2025-02-25|2025-02-26|2025-02-27|2025-02-28|2025-03-01|2025-03-02|2025-03-03|2025-03-04|2025-03-05|2025-03-06|2025-03-07|2025-03-08|2025-03-09|2025-03-10|2025-03-11|2025-03-12|2025-03-13|2025-03-14|2025-03-15|2025-03-16|2025-03-17|2025-03-18|2025-03-19|2025-03-20|2025-03-21|2025-03-22|2025-03-23|2025-03-24|2025-03-25|2025-03-26|2025-03-27|2025-03-28|2025-03-29|2025-03-30|2025-03-31|2025-04-01|2025-04-02|2025-04-03|2025-04-04|2025-04-05|2025-04-06|2025-04-07|2025-04-08|2025-04-09|2025-04-10|2025-04-11|2025-04-12|2025-04-13|2025-04-14|2025-04-15|2025-04-16|2025-04-17|2025-04-18|2025-04-19|2025-04-20|2025-04-21|2025-04-22|2025-04-23|2025-04-24|2025-04-25|2025-04-26|2025-04-27|2025-04-28|2025-04-29|2025-04-30|2025-05-01|2025-05-02|2025-05-03|2025-05-04|2025-05-05|2025-05-06|2025-05-07|2025-05-08|2025-05-09|2025-05-10|2025-05-11|2025-05-12|2025-05-13|2025-05-14|2025-05-15|2025-05-16|2025-05-17|2025-05-18|2025-05-19|2025-05-20|2025-05-21|2025-05-22|2025-05-23|2025-05-24|2025-05-25|2025-05-26|2025-05-27|2025-05-28|2025-05-29|2025-05-30|2025-05-31|2025-06-01|2025-06-02|2025-06-03|2025-06-04|2025-06-05|2025-06-06|2025-06-07|2025-06-08|2025-06-09|2025-06-10|2025-06-11|2025-06-12|2025-06-13|2025-06-14|2025-06-15|2025-06-16|2025-06-17|2025-06-18|2025-06-19|2025-06-20|2025-06-21|2025-06-22|2025-06-23|2025-06-24|2025-06-25|2025-06-26|2025-06-27|2025-06-28|2025-06-29|2025-06-30|2025-07-01|2025-07-02|2025-07-03|2025-07-04|2025-07-05|2025-07-06|2025-07-07|2025-07-08|2025-07-09|2025-07-10|2025-07-11|2025-07-12|2025-07-13|2025-07-14|2025-07-15|2025-07-16|2025-07-17|2025-07-18|2025-07-19|2025-07-20|2025-07-21|2025-07-22|2025-07-23|2025-07-24|2025-07-25|2025-07-26|2025-07-27|2025-07-28|2025-07-29|2025-07-30|2025-07-31|2025-08-01|2025-08-02|2025-08-03|2025-08-04|2025-08-05|2025-08-06|2025-08-07|2025-08-08|2025-08-09|2025-08-10|2025-08-11|2025-08-12|2025-08-13|2025-08-14|2025-08-15|2025-08-16|2025-08-17|2025-08-18|2025-08-19|2025-08-20|2025-08-21|2025-08-22|2025-08-23|2025-08-24|2025-08-25|2025-08-26|2025-08-27|2025-08-28|2025-08-29|2025-08-30|2025-08-31|2025-09-01|2025-09-02|2025-09-03|2025-09-04|2025-09-05|2025-09-06|2025-09-07|2025-09-08|2025-09-09|2025-09-10|2025-09-11|2025-09-12|2025-09-13|2025-09-14|2025-09-15|2025-09-16|2025-09-17|2025-09-18|2025-09-19,0.06535262500868436,0.06238585806294604,0.0639741331479632,0.06650965844255734
2025-09-21,2,235,2025-01-29,2025-09-20,2025-01-29|2025-01-30|2025-01-31|2025-02-01|2025-02-02|2025-02-03|2025-02-04|2025-02-05|2025-02-06|2025-02-07|2025-02-08|2025-02-09|2025-02-10|2025-02-11|2025-02-12|2025-02-13|2025-02-14|2025-02-15|2025-02-16|2025-02-17|2025-02-18|2025-02-19|2025-02-20|2025-02-21|2025-02-22|2025-02-23|2025-02-24|2025-02-25|2025-02-26|2025-02-27|2025-02-28|2025-03-01|2025-03-02|2025-03-03|2025-03-04|2025-03-05|2025-03-06|2025-03-07|2025-03-08|2025-03-09|2025-03-10|2025-03-11|2025-03-12|2025-03-13|2025-03-14|2025-03-15|2025-03-16|2025-03-17|2025-03-18|2025-03-19|2025-03-20|2025-03-21|2025-03-22|2025-03-23|2025-03-24|2025-03-25|2025-03-26|2025-03-27|2025-03-28|2025-03-29|2025-03-30|2025-03-31|2025-04-01|2025-04-02|2025-04-03|2025-04-04|2025-04-05|2025-04-06|2025-04-07|2025-04-08|2025-04-09|2025-04-10|2025-04-11|2025-04-12|2025-04-13|2025-04-14|2025-04-15|2025-04-16|2025-04-17|2025-04-18|2025-04-19|2025-04-20|2025-04-21|2025-04-22|2025-04-23|2025-04-24|2025-04-25|2025-04-26|2025-04-27|2025-04-28|2025-04-29|2025-04-30|2025-05-01|2025-05-02|2025-05-03|2025-05-04|2025-05-05|2025-05-06|2025-05-07|2025-05-08|2025-05-09|2025-05-10|2025-05-11|2025-05-12|2025-05-13|2025-05-14|2025-05-15|2025-05-16|2025-05-17|2025-05-18|2025-05-19|2025-05-20|2025-05-21|2025-05-22|2025-05-23|2025-05-24|2025-05-25|2025-05-26|2025-05-27|2025-05-28|2025-05-29|2025-05-30|2025-05-31|2025-06-01|2025-06-02|2025-06-03|2025-06-04|2025-06-05|2025-06-06|2025-06-07|2025-06-08|2025-06-09|2025-06-10|2025-06-11|2025-06-12|2025-06-13|2025-06-14|2025-06-15|2025-06-16|2025-06-17|2025-06-18|2025-06-19|2025-06-20|2025-06-21|2025-06-22|2025-06-23|2025-06-24|2025-06-25|2025-06-26|2025-06-27|2025-06-28|2025-06-29|2025-06-30|2025-07-01|2025-07-02|2025-07-03|2025-07-04|2025-07-05|2025-07-06|2025-07-07|2025-07-08|2025-07-09|2025-07-10|2025-07-11|2025-07-12|2025-07-13|2025-07-14|2025-07-15|2025-07-16|2025-07-17|2025-07-18|2025-07-19|2025-07-20|2025-07-21|2025-07-22|2025-07-23|2025-07-24|2025-07-25|2025-07-26|2025-07-27|2025-07-28|2025-07-29|2025-07-30|2025-07-31|2025-08-01|2025-08-02|2025-08-03|2025-08-04|2025-08-05|2025-08-06|2025-08-07|2025-08-08|2025-08-09|2025-08-10|2025-08-11|2025-08-12|2025-08-13|2025-08-14|2025-08-15|2025-08-16|2025-08-17|2025-08-18|2025-08-19|2025-08-20|2025-08-21|2025-08-22|2025-08-23|2025-08-24|2025-08-25|2025-08-26|2025-08-27|2025-08-28|2025-08-29|2025-08-30|2025-08-31|2025-09-01|2025-09-02|2025-09-03|2025-09-04|2025-09-05|2025-09-06|2025-09-07|2025-09-08|2025-09-09|2025-09-10|2025-09-11|2025-09-12|2025-09-13|2025-09-14|2025-09-15|2025-09-16|2025-09-17|2025-09-18|2025-09-19|2025-09-20,0.06540730274236176,0.06243060015355422,0.0640417394805033,0.06662106496662797
2025-09-22,2,236,2025-01-29,2025-09-21,2025-01-29|2025-01-30|2025-01-31|2025-02-01|2025-02-02|2025-02-03|2025-02-04|2025-02-05|2025-02-06|2025-02-07|2025-02-08|2025-02-09|2025-02-10|2025-02-11|2025-02-12|2025-02-13|2025-02-14|2025-02-15|2025-02-16|2025-02-17|2025-02-18|2025-02-19|2025-02-20|2025-02-21|2025-02-22|2025-02-23|2025-02-24|2025-02-25|2025-02-26|2025-02-27|2025-02-28|2025-03-01|2025-03-02|2025-03-03|2025-03-04|2025-03-05|2025-03-06|2025-03-07|2025-03-08|2025-03-09|2025-03-10|2025-03-11|2025-03-12|2025-03-13|2025-03-14|2025-03-15|2025-03-16|2025-03-17|2025-03-18|2025-03-19|2025-03-20|2025-03-21|2025-03-22|2025-03-23|2025-03-24|2025-03-25|2025-03-26|2025-03-27|2025-03-28|2025-03-29|2025-03-30|2025-03-31|2025-04-01|2025-04-02|2025-04-03|2025-04-04|2025-04-05|2025-04-06|2025-04-07|2025-04-08|2025-04-09|2025-04-10|2025-04-11|2025-04-12|2025-04-13|2025-04-14|2025-04-15|2025-04-16|2025-04-17|2025-04-18|2025-04-19|2025-04-20|2025-04-21|2025-04-22|2025-04-23|2025-04-24|2025-04-25|2025-04-26|2025-04-27|2025-04-28|2025-04-29|2025-04-30|2025-05-01|2025-05-02|2025-05-03|2025-05-04|2025-05-05|2025-05-06|2025-05-07|2025-05-08|2025-05-09|2025-05-10|2025-05-11|2025-05-12|2025-05-13|2025-05-14|2025-05-15|2025-05-16|2025-05-17|2025-05-18|2025-05-19|2025-05-20|2025-05-21|2025-05-22|2025-05-23|2025-05-24|2025-05-25|2025-05-26|2025-05-27|2025-05-28|2025-05-29|2025-05-30|2025-05-31|2025-06-01|2025-06-02|2025-06-03|2025-06-04|2025-06-05|2025-06-06|2025-06-07|2025-06-08|2025-06-09|2025-06-10|2025-06-11|2025-06-12|2025-06-13|2025-06-14|2025-06-15|2025-06-16|2025-06-17|2025-06-18|2025-06-19|2025-06-20|2025-06-21|2025-06-22|2025-06-23|2025-06-24|2025-06-25|2025-06-26|2025-06-27|2025-06-28|2025-06-29|2025-06-30|2025-07-01|2025-07-02|2025-07-03|2025-07-04|2025-07-05|2025-07-06|2025-07-07|2025-07-08|2025-07-09|2025-07-10|2025-07-11|2025-07-12|2025-07-13|2025-07-14|2025-07-15|2025-07-16|2025-07-17|2025-07-18|2025-07-19|2025-07-20|2025-07-21|2025-07-22|2025-07-23|2025-07-24|2025-07-25|2025-07-26|2025-07-27|2025-07-28|2025-07-29|2025-07-30|2025-07-31|2025-08-01|2025-08-02|2025-08-03|2025-08-04|2025-08-05|2025-08-06|2025-08-07|2025-08-08|2025-08-09|2025-08-10|2025-08-11|2025-08-12|2025-08-13|2025-08-14|2025-08-15|2025-08-16|2025-08-17|2025-08-18|2025-08-19|2025-08-20|2025-08-21|2025-08-22|2025-08-23|2025-08-24|2025-08-25|2025-08-26|2025-08-27|2025-08-28|2025-08-29|2025-08-30|2025-08-31|2025-09-01|2025-09-02|2025-09-03|2025-09-04|2025-09-05|2025-09-06|2025-09-07|2025-09-08|2025-09-09|2025-09-10|2025-09-11|2025-09-12|2025-09-13|2025-09-14|2025-09-15|2025-09-16|2025-09-17|2025-09-18|2025-09-19|2025-09-20|2025-09-21,0.06533583349868506,0.062351170819281175,0.06401723197956347,0.0666332351979883
2025-09-23,2,237,2025-01-29,2025-09-22,2025-01-29|2025-01-30|2025-01-31|2025-02-01|2025-02-02|2025-02-03|2025-02-04|2025-02-05|2025-02-06|2025-02-07|2025-02-08|2025-02-09|2025-02-10|2025-02-11|2025-02-12|2025-02-13|2025-02-14|2025-02-15|2025-02-16|2025-02-17|2025-02-18|2025-02-19|2025-02-20|2025-02-21|2025-02-22|2025-02-23|2025-02-24|2025-02-25|2025-02-26|2025-02-27|2025-02-28|2025-03-01|2025-03-02|2025-03-03|2025-03-04|2025-03-05|2025-03-06|2025-03-07|2025-03-08|2025-03-09|2025-03-10|2025-03-11|2025-03-12|2025-03-13|2025-03-14|2025-03-15|2025-03-16|2025-03-17|2025-03-18|2025-03-19|2025-03-20|2025-03-21|2025-03-22|2025-03-23|2025-03-24|2025-03-25|2025-03-26|2025-03-27|2025-03-28|2025-03-29|2025-03-30|2025-03-31|2025-04-01|2025-04-02|2025-04-03|2025-04-04|2025-04-05|2025-04-06|2025-04-07|2025-04-08|2025-04-09|2025-04-10|2025-04-11|2025-04-12|2025-04-13|2025-04-14|2025-04-15|2025-04-16|2025-04-17|2025-04-18|2025-04-19|2025-04-20|2025-04-21|2025-04-22|2025-04-23|2025-04-24|2025-04-25|2025-04-26|2025-04-27|2025-04-28|2025-04-29|2025-04-30|2025-05-01|2025-05-02|2025-05-03|2025-05-04|2025-05-05|2025-05-06|2025-05-07|2025-05-08|2025-05-09|2025-05-10|2025-05-11|2025-05-12|2025-05-13|2025-05-14|2025-05-15|2025-05-16|2025-05-17|2025-05-18|2025-05-19|2025-05-20|2025-05-21|2025-05-22|2025-05-23|2025-05-24|2025-05-25|2025-05-26|2025-05-27|2025-05-28|2025-05-29|2025-05-30|2025-05-31|2025-06-01|2025-06-02|2025-06-03|2025-06-04|2025-06-05|2025-06-06|2025-06-07|2025-06-08|2025-06-09|2025-06-10|2025-06-11|2025-06-12|2025-06-13|2025-06-14|2025-06-15|2025-06-16|2025-06-17|2025-06-18|2025-06-19|2025-06-20|2025-06-21|2025-06-22|2025-06-23|2025-06-24|2025-06-25|2025-06-26|2025-06-27|2025-06-28|2025-06-29|2025-06-30|2025-07-01|2025-07-02|2025-07-03|2025-07-04|2025-07-05|2025-07-06|2025-07-07|2025-07-08|2025-07-09|2025-07-10|2025-07-11|2025-07-12|2025-07-13|2025-07-14|2025-07-15|2025-07-16|2025-07-17|2025-07-18|2025-07-19|2025-07-20|2025-07-21|2025-07-22|2025-07-23|2025-07-24|2025-07-25|2025-07-26|2025-07-27|2025-07-28|2025-07-29|2025-07-30|2025-07-31|2025-08-01|2025-08-02|2025-08-03|2025-08-04|2025-08-05|2025-08-06|2025-08-07|2025-08-08|2025-08-09|2025-08-10|2025-08-11|2025-08-12|2025-08-13|2025-08-14|2025-08-15|2025-08-16|2025-08-17|2025-08-18|2025-08-19|2025-08-20|2025-08-21|2025-08-22|2025-08-23|2025-08-24|2025-08-25|2025-08-26|2025-08-27|2025-08-28|2025-08-29|2025-08-30|2025-08-31|2025-09-01|2025-09-02|2025-09-03|2025-09-04|2025-09-05|2025-09-06|2025-09-07|2025-09-08|2025-09-09|2025-09-10|2025-09-11|2025-09-12|2025-09-13|2025-09-14|2025-09-15|2025-09-16|2025-09-17|2025-09-18|2025-09-19|2025-09-20|2025-09-21|2025-09-22,0.065307789170357,0.062299765364231034,0.06394148136294626,0.06655456396095635
2025-09-24,2,238,2025-01-29,2025-09-23,2025-01-29|2025-01-30|2025-01-31|2025-02-01|2025-02-02|2025-02-03|2025-02-04|2025-02-05|2025-02-06|2025-02-07|2025-02-08|2025-02-09|2025-02-10|2025-02-11|2025-02-12|2025-02-13|2025-02-14|2025-02-15|2025-02-16|2025-02-17|2025-02-18|2025-02-19|2025-02-20|2025-02-21|2025-02-22|2025-02-23|2025-02-24|2025-02-25|2025-02-26|2025-02-27|2025-02-28|2025-03-01|2025-03-02|2025-03-03|2025-03-04|2025-03-05|2025-03-06|2025-03-07|2025-03-08|2025-03-09|2025-03-10|2025-03-11|2025-03-12|2025-03-13|2025-03-14|2025-03-15|2025-03-16|2025-03-17|2025-03-18|2025-03-19|2025-03-20|2025-03-21|2025-03-22|2025-03-23|2025-03-24|2025-03-25|2025-03-26|2025-03-27|2025-03-28|2025-03-29|2025-03-30|2025-03-31|2025-04-01|2025-04-02|2025-04-03|2025-04-04|2025-04-05|2025-04-06|2025-04-07|2025-04-08|2025-04-09|2025-04-10|2025-04-11|2025-04-12|2025-04-13|2025-04-14|2025-04-15|2025-04-16|2025-04-17|2025-04-18|2025-04-19|2025-04-20|2025-04-21|2025-04-22|2025-04-23|2025-04-24|2025-04-25|2025-04-26|2025-04-27|2025-04-28|2025-04-29|2025-04-30|2025-05-01|2025-05-02|2025-05-03|2025-05-04|2025-05-05|2025-05-06|2025-05-07|2025-05-08|2025-05-09|2025-05-10|2025-05-11|2025-05-12|2025-05-13|2025-05-14|2025-05-15|2025-05-16|2025-05-17|2025-05-18|2025-05-19|2025-05-20|2025-05-21|2025-05-22|2025-05-23|2025-05-24|2025-05-25|2025-05-26|2025-05-27|2025-05-28|2025-05-29|2025-05-30|2025-05-31|2025-06-01|2025-06-02|2025-06-03|2025-06-04|2025-06-05|2025-06-06|2025-06-07|2025-06-08|2025-06-09|2025-06-10|2025-06-11|2025-06-12|2025-06-13|2025-06-14|2025-06-15|2025-06-16|2025-06-17|2025-06-18|2025-06-19|2025-06-20|2025-06-21|2025-06-22|2025-06-23|2025-06-24|2025-06-25|2025-06-26|2025-06-27|2025-06-28|2025-06-29|2025-06-30|2025-07-01|2025-07-02|2025-07-03|2025-07-04|2025-07-05|2025-07-06|2025-07-07|2025-07-08|2025-07-09|2025-07-10|2025-07-11|2025-07-12|2025-07-13|2025-07-14|2025-07-15|2025-07-16|2025-07-17|2025-07-18|2025-07-19|2025-07-20|2025-07-21|2025-07-22|2025-07-23|2025-07-24|2025-07-25|2025-07-26|2025-07-27|2025-07-28|2025-07-29|2025-07-30|2025-07-31|2025-08-01|2025-08-02|2025-08-03|2025-08-04|2025-08-05|2025-08-06|2025-08-07|2025-08-08|2025-08-09|2025-08-10|2025-08-11|2025-08-12|2025-08-13|2025-08-14|2025-08-15|2025-08-16|2025-08-17|2025-08-18|2025-08-19|2025-08-20|2025-08-21|2025-08-22|2025-08-23|2025-08-24|2025-08-25|2025-08-26|2025-08-27|2025-08-28|2025-08-29|2025-08-30|2025-08-31|2025-09-01|2025-09-02|2025-09-03|2025-09-04|2025-09-05|2025-09-06|2025-09-07|2025-09-08|2025-09-09|2025-09-10|2025-09-11|2025-09-12|2025-09-13|2025-09-14|2025-09-15|2025-09-16|2025-09-17|2025-09-18|2025-09-19|2025-09-20|2025-09-21|2025-09-22|2025-09-23,0.06524559589602992,0.06224794134990999,0.06388583897423342,0.06648502553050951
2025-09-25,2,239,2025-01-29,2025-09-24,2025-01-29|2025-01-30|2025-01-31|2025-02-01|2025-02-02|2025-02-03|2025-02-04|2025-02-05|2025-02-06|2025-02-07|2025-02-08|2025-02-09|2025-02-10|2025-02-11|2025-02-12|2025-02-13|2025-02-14|2025-02-15|2025-02-16|2025-02-17|2025-02-18|2025-02-19|2025-02-20|2025-02-21|2025-02-22|2025-02-23|2025-02-24|2025-02-25|2025-02-26|2025-02-27|2025-02-28|2025-03-01|2025-03-02|2025-03-03|2025-03-04|2025-03-05|2025-03-06|2025-03-07|2025-03-08|2025-03-09|2025-03-10|2025-03-11|2025-03-12|2025-03-13|2025-03-14|2025-03-15|2025-03-16|2025-03-17|2025-03-18|2025-03-19|2025-03-20|2025-03-21|2025-03-22|2025-03-23|2025-03-24|2025-03-25|2025-03-26|2025-03-27|2025-03-28|2025-03-29|2025-03-30|2025-03-31|2025-04-01|2025-04-02|2025-04-03|2025-04-04|2025-04-05|2025-04-06|2025-04-07|2025-04-08|2025-04-09|2025-04-10|2025-04-11|2025-04-12|2025-04-13|2025-04-14|2025-04-15|2025-04-16|2025-04-17|2025-04-18|2025-04-19|2025-04-20|2025-04-21|2025-04-22|2025-04-23|2025-04-24|2025-04-25|2025-04-26|2025-04-27|2025-04-28|2025-04-29|2025-04-30|2025-05-01|2025-05-02|2025-05-03|2025-05-04|2025-05-05|2025-05-06|2025-05-07|2025-05-08|2025-05-09|2025-05-10|2025-05-11|2025-05-12|2025-05-13|2025-05-14|2025-05-15|2025-05-16|2025-05-17|2025-05-18|2025-05-19|2025-05-20|2025-05-21|2025-05-22|2025-05-23|2025-05-24|2025-05-25|2025-05-26|2025-05-27|2025-05-28|2025-05-29|2025-05-30|2025-05-31|2025-06-01|2025-06-02|2025-06-03|2025-06-04|2025-06-05|2025-06-06|2025-06-07|2025-06-08|2025-06-09|2025-06-10|2025-06-11|2025-06-12|2025-06-13|2025-06-14|2025-06-15|2025-06-16|2025-06-17|2025-06-18|2025-06-19|2025-06-20|2025-06-21|2025-06-22|2025-06-23|2025-06-24|2025-06-25|2025-06-26|2025-06-27|2025-06-28|2025-06-29|2025-06-30|2025-07-01|2025-07-02|2025-07-03|2025-07-04|2025-07-05|2025-07-06|2025-07-07|2025-07-08|2025-07-09|2025-07-10|2025-07-11|2025-07-12|2025-07-13|2025-07-14|2025-07-15|2025-07-16|2025-07-17|2025-07-18|2025-07-19|2025-07-20|2025-07-21|2025-07-22|2025-07-23|2025-07-24|2025-07-25|2025-07-26|2025-07-27|2025-07-28|2025-07-29|2025-07-30|2025-07-31|2025-08-01|2025-08-02|2025-08-03|2025-08-04|2025-08-05|2025-08-06|2025-08-07|2025-08-08|2025-08-09|2025-08-10|2025-08-11|2025-08-12|2025-08-13|2025-08-14|2025-08-15|2025-08-16|2025-08-17|2025-08-18|2025-08-19|2025-08-20|2025-08-21|2025-08-22|2025-08-23|2025-08-24|2025-08-25|2025-08-26|2025-08-27|2025-08-28|2025-08-29|2025-08-30|2025-08-31|2025-09-01|2025-09-02|2025-09-03|2025-09-04|2025-09-05|2025-09-06|2025-09-07|2025-09-08|2025-09-09|2025-09-10|2025-09-11|2025-09-12|2025-09-13|2025-09-14|2025-09-15|2025-09-16|2025-09-17|2025-09-18|2025-09-19|2025-09-20|2025-09-21|2025-09-22|2025-09-23|2025-09-24,0.06517640263865908,0.06217689163743763,0.06380740590793725,0.06644002161793118
2025-09-26,2,240,2025-01-29,2025-09-25,2025-01-29|2025-01-30|2025-01-31|2025-02-01|2025-02-02|2025-02-03|2025-02-04|2025-02-05|2025-02-06|2025-02-07|2025-02-08|2025-02-09|2025-02-10|2025-02-11|2025-02-12|2025-02-13|2025-02-14|2025-02-15|2025-02-16|2025-02-17|2025-02-18|2025-02-19|2025-02-20|2025-02-21|2025-02-22|2025-02-23|2025-02-24|2025-02-25|2025-02-26|2025-02-27|2025-02-28|2025-03-01|2025-03-02|2025-03-03|2025-03-04|2025-03-05|2025-03-06|2025-03-07|2025-03-08|2025-03-09|2025-03-10|2025-03-11|2025-03-12|2025-03-13|2025-03-14|2025-03-15|2025-03-16|2025-03-17|2025-03-18|2025-03-19|2025-03-20|2025-03-21|2025-03-22|2025-03-23|2025-03-24|2025-03-25|2025-03-26|2025-03-27|2025-03-28|2025-03-29|2025-03-30|2025-03-31|2025-04-01|2025-04-02|2025-04-03|2025-04-04|2025-04-05|2025-04-06|2025-04-07|2025-04-08|2025-04-09|2025-04-10|2025-04-11|2025-04-12|2025-04-13|2025-04-14|2025-04-15|2025-04-16|2025-04-17|2025-04-18|2025-04-19|2025-04-20|2025-04-21|2025-04-22|2025-04-23|2025-04-24|2025-04-25|2025-04-26|2025-04-27|2025-04-28|2025-04-29|2025-04-30|2025-05-01|2025-05-02|2025-05-03|2025-05-04|2025-05-05|2025-05-06|2025-05-07|2025-05-08|2025-05-09|2025-05-10|2025-05-11|2025-05-12|2025-05-13|2025-05-14|2025-05-15|2025-05-16|2025-05-17|2025-05-18|2025-05-19|2025-05-20|2025-05-21|2025-05-22|2025-05-23|2025-05-24|2025-05-25|2025-05-26|2025-05-27|2025-05-28|2025-05-29|2025-05-30|2025-05-31|2025-06-01|2025-06-02|2025-06-03|2025-06-04|2025-06-05|2025-06-06|2025-06-07|2025-06-08|2025-06-09|2025-06-10|2025-06-11|2025-06-12|2025-06-13|2025-06-14|2025-06-15|2025-06-16|2025-06-17|2025-06-18|2025-06-19|2025-06-20|2025-06-21|2025-06-22|2025-06-23|2025-06-24|2025-06-25|2025-06-26|2025-06-27|2025-06-28|2025-06-29|2025-06-30|2025-07-01|2025-07-02|2025-07-03|2025-07-04|2025-07-05|2025-07-06|2025-07-07|2025-07-08|2025-07-09|2025-07-10|2025-07-11|2025-07-12|2025-07-13|2025-07-14|2025-07-15|2025-07-16|2025-07-17|2025-07-18|2025-07-19|2025-07-20|2025-07-21|2025-07-22|2025-07-23|2025-07-24|2025-07-25|2025-07-26|2025-07-27|2025-07-28|2025-07-29|2025-07-30|2025-07-31|2025-08-01|2025-08-02|2025-08-03|2025-08-04|2025-08-05|2025-08-06|2025-08-07|2025-08-08|2025-08-09|2025-08-10|2025-08-11|2025-08-12|2025-08-13|2025-08-14|2025-08-15|2025-08-16|2025-08-17|2025-08-18|2025-08-19|2025-08-20|2025-08-21|2025-08-22|2025-08-23|2025-08-24|2025-08-25|2025-08-26|2025-08-27|2025-08-28|2025-08-29|2025-08-30|2025-08-31|2025-09-01|2025-09-02|2025-09-03|2025-09-04|2025-09-05|2025-09-06|2025-09-07|2025-09-08|2025-09-09|2025-09-10|2025-09-11|2025-09-12|2025-09-13|2025-09-14|2025-09-15|2025-09-16|2025-09-17|2025-09-18|2025-09-19|2025-09-20|2025-09-21|2025-09-22|2025-09-23|2025-09-24|2025-09-25,0.06508470862701725,0.062095718501452735,0.06372265561287382,0.0663693919997755
2025-09-27,2,241,2025-01-29,2025-09-26,2025-01-29|2025-01-30|2025-01-31|2025-02-01|2025-02-02|2025-02-03|2025-02-04|2025-02-05|2025-02-06|2025-02-07|2025-02-08|2025-02-09|2025-02-10|2025-02-11|2025-02-12|2025-02-13|2025-02-14|2025-02-15|2025-02-16|2025-02-17|2025-02-18|2025-02-19|2025-02-20|2025-02-21|2025-02-22|2025-02-23|2025-02-24|2025-02-25|2025-02-26|2025-02-27|2025-02-28|2025-03-01|2025-03-02|2025-03-03|2025-03-04|2025-03-05|2025-03-06|2025-03-07|2025-03-08|2025-03-09|2025-03-10|2025-03-11|2025-03-12|2025-03-13|2025-03-14|2025-03-15|2025-03-16|2025-03-17|2025-03-18|2025-03-19|2025-03-20|2025-03-21|2025-03-22|2025-03-23|2025-03-24|2025-03-25|2025-03-26|2025-03-27|2025-03-28|2025-03-29|2025-03-30|2025-03-31|2025-04-01|2025-04-02|2025-04-03|2025-04-04|2025-04-05|2025-04-06|2025-04-07|2025-04-08|2025-04-09|2025-04-10|2025-04-11|2025-04-12|2025-04-13|2025-04-14|2025-04-15|2025-04-16|2025-04-17|2025-04-18|2025-04-19|2025-04-20|2025-04-21|2025-04-22|2025-04-23|2025-04-24|2025-04-25|2025-04-26|2025-04-27|2025-04-28|2025-04-29|2025-04-30|2025-05-01|2025-05-02|2025-05-03|2025-05-04|2025-05-05|2025-05-06|2025-05-07|2025-05-08|2025-05-09|2025-05-10|2025-05-11|2025-05-12|2025-05-13|2025-05-14|2025-05-15|2025-05-16|2025-05-17|2025-05-18|2025-05-19|2025-05-20|2025-05-21|2025-05-22|2025-05-23|2025-05-24|2025-05-25|2025-05-26|2025-05-27|2025-05-28|2025-05-29|2025-05-30|2025-05-31|2025-06-01|2025-06-02|2025-06-03|2025-06-04|2025-06-05|2025-06-06|2025-06-07|2025-06-08|2025-06-09|2025-06-10|2025-06-11|2025-06-12|2025-06-13|2025-06-14|2025-06-15|2025-06-16|2025-06-17|2025-06-18|2025-06-19|2025-06-20|2025-06-21|2025-06-22|2025-06-23|2025-06-24|2025-06-25|2025-06-26|2025-06-27|2025-06-28|2025-06-29|2025-06-30|2025-07-01|2025-07-02|2025-07-03|2025-07-04|2025-07-05|2025-07-06|2025-07-07|2025-07-08|2025-07-09|2025-07-10|2025-07-11|2025-07-12|2025-07-13|2025-07-14|2025-07-15|2025-07-16|2025-07-17|2025-07-18|2025-07-19|2025-07-20|2025-07-21|2025-07-22|2025-07-23|2025-07-24|2025-07-25|2025-07-26|2025-07-27|2025-07-28|2025-07-29|2025-07-30|2025-07-31|2025-08-01|2025-08-02|2025-08-03|2025-08-04|2025-08-05|2025-08-06|2025-08-07|2025-08-08|2025-08-09|2025-08-10|2025-08-11|2025-08-12|2025-08-13|2025-08-14|2025-08-15|2025-08-16|2025-08-17|2025-08-18|2025-08-19|2025-08-20|2025-08-21|2025-08-22|2025-08-23|2025-08-24|2025-08-25|2025-08-26|2025-08-27|2025-08-28|2025-08-29|2025-08-30|2025-08-31|2025-09-01|2025-09-02|2025-09-03|2025-09-04|2025-09-05|2025-09-06|2025-09-07|2025-09-08|2025-09-09|2025-09-10|2025-09-11|2025-09-12|2025-09-13|2025-09-14|2025-09-15|2025-09-16|2025-09-17|2025-09-18|2025-09-19|2025-09-20|2025-09-21|2025-09-22|2025-09-23|2025-09-24|2025-09-25|2025-09-26,0.0650986584738988,0.06210108374222304,0.06373145386908723,0.06638643821692572
2025-09-28,2,242,2025-01-29,2025-09-27,2025-01-29|2025-01-30|2025-01-31|2025-02-01|2025-02-02|2025-02-03|2025-02-04|2025-02-05|2025-02-06|2025-02-07|2025-02-08|2025-02-09|2025-02-10|2025-02-11|2025-02-12|2025-02-13|2025-02-14|2025-02-15|2025-02-16|2025-02-17|2025-02-18|2025-02-19|2025-02-20|2025-02-21|2025-02-22|2025-02-23|2025-02-24|2025-02-25|2025-02-26|2025-02-27|2025-02-28|2025-03-01|2025-03-02|2025-03-03|2025-03-04|2025-03-05|2025-03-06|2025-03-07|2025-03-08|2025-03-09|2025-03-10|2025-03-11|2025-03-12|2025-03-13|2025-03-14|2025-03-15|2025-03-16|2025-03-17|2025-03-18|2025-03-19|2025-03-20|2025-03-21|2025-03-22|2025-03-23|2025-03-24|2025-03-25|2025-03-26|2025-03-27|2025-03-28|2025-03-29|2025-03-30|2025-03-31|2025-04-01|2025-04-02|2025-04-03|2025-04-04|2025-04-05|2025-04-06|2025-04-07|2025-04-08|2025-04-09|2025-04-10|2025-04-11|2025-04-12|2025-04-13|2025-04-14|2025-04-15|2025-04-16|2025-04-17|2025-04-18|2025-04-19|2025-04-20|2025-04-21|2025-04-22|2025-04-23|2025-04-24|2025-04-25|2025-04-26|2025-04-27|2025-04-28|2025-04-29|2025-04-30|2025-05-01|2025-05-02|2025-05-03|2025-05-04|2025-05-05|2025-05-06|2025-05-07|2025-05-08|2025-05-09|2025-05-10|2025-05-11|2025-05-12|2025-05-13|2025-05-14|2025-05-15|2025-05-16|2025-05-17|2025-05-18|2025-05-19|2025-05-20|2025-05-21|2025-05-22|2025-05-23|2025-05-24|2025-05-25|2025-05-26|2025-05-27|2025-05-28|2025-05-29|2025-05-30|2025-05-31|2025-06-01|2025-06-02|2025-06-03|2025-06-04|2025-06-05|2025-06-06|2025-06-07|2025-06-08|2025-06-09|2025-06-10|2025-06-11|2025-06-12|2025-06-13|2025-06-14|2025-06-15|2025-06-16|2025-06-17|2025-06-18|2025-06-19|2025-06-20|2025-06-21|2025-06-22|2025-06-23|2025-06-24|2025-06-25|2025-06-26|2025-06-27|2025-06-28|2025-06-29|2025-06-30|2025-07-01|2025-07-02|2025-07-03|2025-07-04|2025-07-05|2025-07-06|2025-07-07|2025-07-08|2025-07-09|2025-07-10|2025-07-11|2025-07-12|2025-07-13|2025-07-14|2025-07-15|2025-07-16|2025-07-17|2025-07-18|2025-07-19|2025-07-20|2025-07-21|2025-07-22|2025-07-23|2025-07-24|2025-07-25|2025-07-26|2025-07-27|2025-07-28|2025-07-29|2025-07-30|2025-07-31|2025-08-01|2025-08-02|2025-08-03|2025-08-04|2025-08-05|2025-08-06|2025-08-07|2025-08-08|2025-08-09|2025-08-10|2025-08-11|2025-08-12|2025-08-13|2025-08-14|2025-08-15|2025-08-16|2025-08-17|2025-08-18|2025-08-19|2025-08-20|2025-08-21|2025-08-22|2025-08-23|2025-08-24|2025-08-25|2025-08-26|2025-08-27|2025-08-28|2025-08-29|2025-08-30|2025-08-31|2025-09-01|2025-09-02|2025-09-03|2025-09-04|2025-09-05|2025-09-06|2025-09-07|2025-09-08|2025-09-09|2025-09-10|2025-09-11|2025-09-12|2025-09-13|2025-09-14|2025-09-15|2025-09-16|2025-09-17|2025-09-18|2025-09-19|2025-09-20|2025-09-21|2025-09-22|2025-09-23|2025-09-24|2025-09-25|2025-09-26|2025-09-27,0.06513534893216148,0.06213495860817694,0.06376452654192041,0.06639091304678266
2025-09-29,2,243,2025-01-29,2025-09-28,2025-01-29|2025-01-30|2025-01-31|2025-02-01|2025-02-02|2025-02-03|2025-02-04|2025-02-05|2025-02-06|2025-02-07|2025-02-08|2025-02-09|2025-02-10|2025-02-11|2025-02-12|2025-02-13|2025-02-14|2025-02-15|2025-02-16|2025-02-17|2025-02-18|2025-02-19|2025-02-20|2025-02-21|2025-02-22|2025-02-23|2025-02-24|2025-02-25|2025-02-26|2025-02-27|2025-02-28|2025-03-01|2025-03-02|2025-03-03|2025-03-04|2025-03-05|2025-03-06|2025-03-07|2025-03-08|2025-03-09|2025-03-10|2025-03-11|2025-03-12|2025-03-13|2025-03-14|2025-03-15|2025-03-16|2025-03-17|2025-03-18|2025-03-19|2025-03-20|2025-03-21|2025-03-22|2025-03-23|2025-03-24|2025-03-25|2025-03-26|2025-03-27|2025-03-28|2025-03-29|2025-03-30|2025-03-31|2025-04-01|2025-04-02|2025-04-03|2025-04-04|2025-04-05|2025-04-06|2025-04-07|2025-04-08|2025-04-09|2025-04-10|2025-04-11|2025-04-12|2025-04-13|2025-04-14|2025-04-15|2025-04-16|2025-04-17|2025-04-18|2025-04-19|2025-04-20|2025-04-21|2025-04-22|2025-04-23|2025-04-24|2025-04-25|2025-04-26|2025-04-27|2025-04-28|2025-04-29|2025-04-30|2025-05-01|2025-05-02|2025-05-03|2025-05-04|2025-05-05|2025-05-06|2025-05-07|2025-05-08|2025-05-09|2025-05-10|2025-05-11|2025-05-12|2025-05-13|2025-05-14|2025-05-15|2025-05-16|2025-05-17|2025-05-18|2025-05-19|2025-05-20|2025-05-21|2025-05-22|2025-05-23|2025-05-24|2025-05-25|2025-05-26|2025-05-27|2025-05-28|2025-05-29|2025-05-30|2025-05-31|2025-06-01|2025-06-02|2025-06-03|2025-06-04|2025-06-05|2025-06-06|2025-06-07|2025-06-08|2025-06-09|2025-06-10|2025-06-11|2025-06-12|2025-06-13|2025-06-14|2025-06-15|2025-06-16|2025-06-17|2025-06-18|2025-06-19|2025-06-20|2025-06-21|2025-06-22|2025-06-23|2025-06-24|2025-06-25|2025-06-26|2025-06-27|2025-06-28|2025-06-29|2025-06-30|2025-07-01|2025-07-02|2025-07-03|2025-07-04|2025-07-05|2025-07-06|2025-07-07|2025-07-08|2025-07-09|2025-07-10|2025-07-11|2025-07-12|2025-07-13|2025-07-14|2025-07-15|2025-07-16|2025-07-17|2025-07-18|2025-07-19|2025-07-20|2025-07-21|2025-07-22|2025-07-23|2025-07-24|2025-07-25|2025-07-26|2025-07-27|2025-07-28|2025-07-29|2025-07-30|2025-07-31|2025-08-01|2025-08-02|2025-08-03|2025-08-04|2025-08-05|2025-08-06|2025-08-07|2025-08-08|2025-08-09|2025-08-10|2025-08-11|2025-08-12|2025-08-13|2025-08-14|2025-08-15|2025-08-16|2025-08-17|2025-08-18|2025-08-19|2025-08-20|2025-08-21|2025-08-22|2025-08-23|2025-08-24|2025-08-25|2025-08-26|2025-08-27|2025-08-28|2025-08-29|2025-08-30|2025-08-31|2025-09-01|2025-09-02|2025-09-03|2025-09-04|2025-09-05|2025-09-06|2025-09-07|2025-09-08|2025-09-09|2025-09-10|2025-09-11|2025-09-12|2025-09-13|2025-09-14|2025-09-15|2025-09-16|2025-09-17|2025-09-18|2025-09-19|2025-09-20|2025-09-21|2025-09-22|2025-09-23|2025-09-24|2025-09-25|2025-09-26|2025-09-27|2025-09-28,0.06507638462715905,0.06206275702211307,0.06369056644047244,0.06632034276112173
2025-09-30,2,244,2025-01-29,2025-09-29,2025-01-29|2025-01-30|2025-01-31|2025-02-01|2025-02-02|2025-02-03|2025-02-04|2025-02-05|2025-02-06|2025-02-07|2025-02-08|2025-02-09|2025-02-10|2025-02-11|2025-02-12|2025-02-13|2025-02-14|2025-02-15|2025-02-16|2025-02-17|2025-02-18|2025-02-19|2025-02-20|2025-02-21|2025-02-22|2025-02-23|2025-02-24|2025-02-25|2025-02-26|2025-02-27|2025-02-28|2025-03-01|2025-03-02|2025-03-03|2025-03-04|2025-03-05|2025-03-06|2025-03-07|2025-03-08|2025-03-09|2025-03-10|2025-03-11|2025-03-12|2025-03-13|2025-03-14|2025-03-15|2025-03-16|2025-03-17|2025-03-18|2025-03-19|2025-03-20|2025-03-21|2025-03-22|2025-03-23|2025-03-24|2025-03-25|2025-03-26|2025-03-27|2025-03-28|2025-03-29|2025-03-30|2025-03-31|2025-04-01|2025-04-02|2025-04-03|2025-04-04|2025-04-05|2025-04-06|2025-04-07|2025-04-08|2025-04-09|2025-04-10|2025-04-11|2025-04-12|2025-04-13|2025-04-14|2025-04-15|2025-04-16|2025-04-17|2025-04-18|2025-04-19|2025-04-20|2025-04-21|2025-04-22|2025-04-23|2025-04-24|2025-04-25|2025-04-26|2025-04-27|2025-04-28|2025-04-29|2025-04-30|2025-05-01|2025-05-02|2025-05-03|2025-05-04|2025-05-05|2025-05-06|2025-05-07|2025-05-08|2025-05-09|2025-05-10|2025-05-11|2025-05-12|2025-05-13|2025-05-14|2025-05-15|2025-05-16|2025-05-17|2025-05-18|2025-05-19|2025-05-20|2025-05-21|2025-05-22|2025-05-23|2025-05-24|2025-05-25|2025-05-26|2025-05-27|2025-05-28|2025-05-29|2025-05-30|2025-05-31|2025-06-01|2025-06-02|2025-06-03|2025-06-04|2025-06-05|2025-06-06|2025-06-07|2025-06-08|2025-06-09|2025-06-10|2025-06-11|2025-06-12|2025-06-13|2025-06-14|2025-06-15|2025-06-16|2025-06-17|2025-06-18|2025-06-19|2025-06-20|2025-06-21|2025-06-22|2025-06-23|2025-06-24|2025-06-25|2025-06-26|2025-06-27|2025-06-28|2025-06-29|2025-06-30|2025-07-01|2025-07-02|2025-07-03|2025-07-04|2025-07-05|2025-07-06|2025-07-07|2025-07-08|2025-07-09|2025-07-10|2025-07-11|2025-07-12|2025-07-13|2025-07-14|2025-07-15|2025-07-16|2025-07-17|2025-07-18|2025-07-19|2025-07-20|2025-07-21|2025-07-22|2025-07-23|2025-07-24|2025-07-25|2025-07-26|2025-07-27|2025-07-28|2025-07-29|2025-07-30|2025-07-31|2025-08-01|2025-08-02|2025-08-03|2025-08-04|2025-08-05|2025-08-06|2025-08-07|2025-08-08|2025-08-09|2025-08-10|2025-08-11|2025-08-12|2025-08-13|2025-08-14|2025-08-15|2025-08-16|2025-08-17|2025-08-18|2025-08-19|2025-08-20|2025-08-21|2025-08-22|2025-08-23|2025-08-24|2025-08-25|2025-08-26|2025-08-27|2025-08-28|2025-08-29|2025-08-30|2025-08-31|2025-09-01|2025-09-02|2025-09-03|2025-09-04|2025-09-05|2025-09-06|2025-09-07|2025-09-08|2025-09-09|2025-09-10|2025-09-11|2025-09-12|2025-09-13|2025-09-14|2025-09-15|2025-09-16|2025-09-17|2025-09-18|2025-09-19|2025-09-20|2025-09-21|2025-09-22|2025-09-23|2025-09-24|2025-09-25|2025-09-26|2025-09-27|2025-09-28|2025-09-29,0.06499938652418184,0.0619996937216376,0.06360003525773722,0.06623430331938306
2025-10-01,2,245,2025-01-29,2025-09-30,2025-01-29|2025-01-30|2025-01-31|2025-02-01|2025-02-02|2025-02-03|2025-02-04|2025-02-05|2025-02-06|2025-02-07|2025-02-08|2025-02-09|2025-02-10|2025-02-11|2025-02-12|2025-02-13|2025-02-14|2025-02-15|2025-02-16|2025-02-17|2025-02-18|2025-02-19|2025-02-20|2025-02-21|2025-02-22|2025-02-23|2025-02-24|2025-02-25|2025-02-26|2025-02-27|2025-02-28|2025-03-01|2025-03-02|2025-03-03|2025-03-04|2025-03-05|2025-03-06|2025-03-07|2025-03-08|2025-03-09|2025-03-10|2025-03-11|2025-03-12|2025-03-13|2025-03-14|2025-03-15|2025-03-16|2025-03-17|2025-03-18|2025-03-19|2025-03-20|2025-03-21|2025-03-22|2025-03-23|2025-03-24|2025-03-25|2025-03-26|2025-03-27|2025-03-28|2025-03-29|2025-03-30|2025-03-31|2025-04-01|2025-04-02|2025-04-03|2025-04-04|2025-04-05|2025-04-06|2025-04-07|2025-04-08|2025-04-09|2025-04-10|2025-04-11|2025-04-12|2025-04-13|2025-04-14|2025-04-15|2025-04-16|2025-04-17|2025-04-18|2025-04-19|2025-04-20|2025-04-21|2025-04-22|2025-04-23|2025-04-24|2025-04-25|2025-04-26|2025-04-27|2025-04-28|2025-04-29|2025-04-30|2025-05-01|2025-05-02|2025-05-03|2025-05-04|2025-05-05|2025-05-06|2025-05-07|2025-05-08|2025-05-09|2025-05-10|2025-05-11|2025-05-12|2025-05-13|2025-05-14|2025-05-15|2025-05-16|2025-05-17|2025-05-18|2025-05-19|2025-05-20|2025-05-21|2025-05-22|2025-05-23|2025-05-24|2025-05-25|2025-05-26|2025-05-27|2025-05-28|2025-05-29|2025-05-30|2025-05-31|2025-06-01|2025-06-02|2025-06-03|2025-06-04|2025-06-05|2025-06-06|2025-06-07|2025-06-08|2025-06-09|2025-06-10|2025-06-11|2025-06-12|2025-06-13|2025-06-14|2025-06-15|2025-06-16|2025-06-17|2025-06-18|2025-06-19|2025-06-20|2025-06-21|2025-06-22|2025-06-23|2025-06-24|2025-06-25|2025-06-26|2025-06-27|2025-06-28|2025-06-29|2025-06-30|2025-07-01|2025-07-02|2025-07-03|2025-07-04|2025-07-05|2025-07-06|2025-07-07|2025-07-08|2025-07-09|2025-07-10|2025-07-11|2025-07-12|2025-07-13|2025-07-14|2025-07-15|2025-07-16|2025-07-17|2025-07-18|2025-07-19|2025-07-20|2025-07-21|2025-07-22|2025-07-23|2025-07-24|2025-07-25|2025-07-26|2025-07-27|2025-07-28|2025-07-29|2025-07-30|2025-07-31|2025-08-01|2025-08-02|2025-08-03|2025-08-04|2025-08-05|2025-08-06|2025-08-07|2025-08-08|2025-08-09|2025-08-10|2025-08-11|2025-08-12|2025-08-13|2025-08-14|2025-08-15|2025-08-16|2025-08-17|2025-08-18|2025-08-19|2025-08-20|2025-08-21|2025-08-22|2025-08-23|2025-08-24|2025-08-25|2025-08-26|2025-08-27|2025-08-28|2025-08-29|2025-08-30|2025-08-31|2025-09-01|2025-09-02|2025-09-03|2025-09-04|2025-09-05|2025-09-06|2025-09-07|2025-09-08|2025-09-09|2025-09-10|2025-09-11|2025-09-12|2025-09-13|2025-09-14|2025-09-15|2025-09-16|2025-09-17|2025-09-18|2025-09-19|2025-09-20|2025-09-21|2025-09-22|2025-09-23|2025-09-24|2025-09-25|2025-09-26|2025-09-27|2025-09-28|2025-09-29|2025-09-30,0.06496145344478522,0.06195545300391658,0.06357733631754853,0.06621079419410839
2025-10-02,2,246,2025-01-29,2025-10-01,2025-01-29|2025-01-30|2025-01-31|2025-02-01|2025-02-02|2025-02-03|2025-02-04|2025-02-05|2025-02-06|2025-02-07|2025-02-08|2025-02-09|2025-02-10|2025-02-11|2025-02-12|2025-02-13|2025-02-14|2025-02-15|2025-02-16|2025-02-17|2025-02-18|2025-02-19|2025-02-20|2025-02-21|2025-02-22|2025-02-23|2025-02-24|2025-02-25|2025-02-26|2025-02-27|2025-02-28|2025-03-01|2025-03-02|2025-03-03|2025-03-04|2025-03-05|2025-03-06|2025-03-07|2025-03-08|2025-03-09|2025-03-10|2025-03-11|2025-03-12|2025-03-13|2025-03-14|2025-03-15|2025-03-16|2025-03-17|2025-03-18|2025-03-19|2025-03-20|2025-03-21|2025-03-22|2025-03-23|2025-03-24|2025-03-25|2025-03-26|2025-03-27|2025-03-28|2025-03-29|2025-03-30|2025-03-31|2025-04-01|2025-04-02|2025-04-03|2025-04-04|2025-04-05|2025-04-06|2025-04-07|2025-04-08|2025-04-09|2025-04-10|2025-04-11|2025-04-12|2025-04-13|2025-04-14|2025-04-15|2025-04-16|2025-04-17|2025-04-18|2025-04-19|2025-04-20|2025-04-21|2025-04-22|2025-04-23|2025-04-24|2025-04-25|2025-04-26|2025-04-27|2025-04-28|2025-04-29|2025-04-30|2025-05-01|2025-05-02|2025-05-03|2025-05-04|2025-05-05|2025-05-06|2025-05-07|2025-05-08|2025-05-09|2025-05-10|2025-05-11|2025-05-12|2025-05-13|2025-05-14|2025-05-15|2025-05-16|2025-05-17|2025-05-18|2025-05-19|2025-05-20|2025-05-21|2025-05-22|2025-05-23|2025-05-24|2025-05-25|2025-05-26|2025-05-27|2025-05-28|2025-05-29|2025-05-30|2025-05-31|2025-06-01|2025-06-02|2025-06-03|2025-06-04|2025-06-05|2025-06-06|2025-06-07|2025-06-08|2025-06-09|2025-06-10|2025-06-11|2025-06-12|2025-06-13|2025-06-14|2025-06-15|2025-06-16|2025-06-17|2025-06-18|2025-06-19|2025-06-20|2025-06-21|2025-06-22|2025-06-23|2025-06-24|2025-06-25|2025-06-26|2025-06-27|2025-06-28|2025-06-29|2025-06-30|2025-07-01|2025-07-02|2025-07-03|2025-07-04|2025-07-05|2025-07-06|2025-07-07|2025-07-08|2025-07-09|2025-07-10|2025-07-11|2025-07-12|2025-07-13|2025-07-14|2025-07-15|2025-07-16|2025-07-17|2025-07-18|2025-07-19|2025-07-20|2025-07-21|2025-07-22|2025-07-23|2025-07-24|2025-07-25|2025-07-26|2025-07-27|2025-07-28|2025-07-29|2025-07-30|2025-07-31|2025-08-01|2025-08-02|2025-08-03|2025-08-04|2025-08-05|2025-08-06|2025-08-07|2025-08-08|2025-08-09|2025-08-10|2025-08-11|2025-08-12|2025-08-13|2025-08-14|2025-08-15|2025-08-16|2025-08-17|2025-08-18|2025-08-19|2025-08-20|2025-08-21|2025-08-22|2025-08-23|2025-08-24|2025-08-25|2025-08-26|2025-08-27|2025-08-28|2025-08-29|2025-08-30|2025-08-31|2025-09-01|2025-09-02|2025-09-03|2025-09-04|2025-09-05|2025-09-06|2025-09-07|2025-09-08|2025-09-09|2025-09-10|2025-09-11|2025-09-12|2025-09-13|2025-09-14|2025-09-15|2025-09-16|2025-09-17|2025-09-18|2025-09-19|2025-09-20|2025-09-21|2025-09-22|2025-09-23|2025-09-24|2025-09-25|2025-09-26|2025-09-27|2025-09-28|2025-09-29|2025-09-30|2025-10-01,0.06500710015444923,0.06199607431029087,0.06360726066952754,0.0662169423227828
2025-10-03,2,247,2025-01-29,2025-10-02,2025-01-29|2025-01-30|2025-01-31|2025-02-01|2025-02-02|2025-02-03|2025-02-04|2025-02-05|2025-02-06|2025-02-07|2025-02-08|2025-02-09|2025-02-10|2025-02-11|2025-02-12|2025-02-13|2025-02-14|2025-02-15|2025-02-16|2025-02-17|2025-02-18|2025-02-19|2025-02-20|2025-02-21|2025-02-22|2025-02-23|2025-02-24|2025-02-25|2025-02-26|2025-02-27|2025-02-28|2025-03-01|2025-03-02|2025-03-03|2025-03-04|2025-03-05|2025-03-06|2025-03-07|2025-03-08|2025-03-09|2025-03-10|2025-03-11|2025-03-12|2025-03-13|2025-03-14|2025-03-15|2025-03-16|2025-03-17|2025-03-18|2025-03-19|2025-03-20|2025-03-21|2025-03-22|2025-03-23|2025-03-24|2025-03-25|2025-03-26|2025-03-27|2025-03-28|2025-03-29|2025-03-30|2025-03-31|2025-04-01|2025-04-02|2025-04-03|2025-04-04|2025-04-05|2025-04-06|2025-04-07|2025-04-08|2025-04-09|2025-04-10|2025-04-11|2025-04-12|2025-04-13|2025-04-14|2025-04-15|2025-04-16|2025-04-17|2025-04-18|2025-04-19|2025-04-20|2025-04-21|2025-04-22|2025-04-23|2025-04-24|2025-04-25|2025-04-26|2025-04-27|2025-04-28|2025-04-29|2025-04-30|2025-05-01|2025-05-02|2025-05-03|2025-05-04|2025-05-05|2025-05-06|2025-05-07|2025-05-08|2025-05-09|2025-05-10|2025-05-11|2025-05-12|2025-05-13|2025-05-14|2025-05-15|2025-05-16|2025-05-17|2025-05-18|2025-05-19|2025-05-20|2025-05-21|2025-05-22|2025-05-23|2025-05-24|2025-05-25|2025-05-26|2025-05-27|2025-05-28|2025-05-29|2025-05-30|2025-05-31|2025-06-01|2025-06-02|2025-06-03|2025-06-04|2025-06-05|2025-06-06|2025-06-07|2025-06-08|2025-06-09|2025-06-10|2025-06-11|2025-06-12|2025-06-13|2025-06-14|2025-06-15|2025-06-16|2025-06-17|2025-06-18|2025-06-19|2025-06-20|2025-06-21|2025-06-22|2025-06-23|2025-06-24|2025-06-25|2025-06-26|2025-06-27|2025-06-28|2025-06-29|2025-06-30|2025-07-01|2025-07-02|2025-07-03|2025-07-04|2025-07-05|2025-07-06|2025-07-07|2025-07-08|2025-07-09|2025-07-10|2025-07-11|2025-07-12|2025-07-13|2025-07-14|2025-07-15|2025-07-16|2025-07-17|2025-07-18|2025-07-19|2025-07-20|2025-07-21|2025-07-22|2025-07-23|2025-07-24|2025-07-25|2025-07-26|2025-07-27|2025-07-28|2025-07-29|2025-07-30|2025-07-31|2025-08-01|2025-08-02|2025-08-03|2025-08-04|2025-08-05|2025-08-06|2025-08-07|2025-08-08|2025-08-09|2025-08-10|2025-08-11|2025-08-12|2025-08-13|2025-08-14|2025-08-15|2025-08-16|2025-08-17|2025-08-18|2025-08-19|2025-08-20|2025-08-21|2025-08-22|2025-08-23|2025-08-24|2025-08-25|2025-08-26|2025-08-27|2025-08-28|2025-08-29|2025-08-30|2025-08-31|2025-09-01|2025-09-02|2025-09-03|2025-09-04|2025-09-05|2025-09-06|2025-09-07|2025-09-08|2025-09-09|2025-09-10|2025-09-11|2025-09-12|2025-09-13|2025-09-14|2025-09-15|2025-09-16|2025-09-17|2025-09-18|2025-09-19|2025-09-20|2025-09-21|2025-09-22|2025-09-23|2025-09-24|2025-09-25|2025-09-26|2025-09-27|2025-09-28|2025-09-29|2025-09-30|2025-10-01|2025-10-02,0.06500826609668284,0.06198374361390565,0.0635610431764459,0.06615212971518633
2025-10-04,2,248,2025-01-29,2025-10-03,2025-01-29|2025-01-30|2025-01-31|2025-02-01|2025-02-02|2025-02-03|2025-02-04|2025-02-05|2025-02-06|2025-02-07|2025-02-08|2025-02-09|2025-02-10|2025-02-11|2025-02-12|2025-02-13|2025-02-14|2025-02-15|2025-02-16|2025-02-17|2025-02-18|2025-02-19|2025-02-20|2025-02-21|2025-02-22|2025-02-23|2025-02-24|2025-02-25|2025-02-26|2025-02-27|2025-02-28|2025-03-01|2025-03-02|2025-03-03|2025-03-04|2025-03-05|2025-03-06|2025-03-07|2025-03-08|2025-03-09|2025-03-10|2025-03-11|2025-03-12|2025-03-13|2025-03-14|2025-03-15|2025-03-16|2025-03-17|2025-03-18|2025-03-19|2025-03-20|2025-03-21|2025-03-22|2025-03-23|2025-03-24|2025-03-25|2025-03-26|2025-03-27|2025-03-28|2025-03-29|2025-03-30|2025-03-31|2025-04-01|2025-04-02|2025-04-03|2025-04-04|2025-04-05|2025-04-06|2025-04-07|2025-04-08|2025-04-09|2025-04-10|2025-04-11|2025-04-12|2025-04-13|2025-04-14|2025-04-15|2025-04-16|2025-04-17|2025-04-18|2025-04-19|2025-04-20|2025-04-21|2025-04-22|2025-04-23|2025-04-24|2025-04-25|2025-04-26|2025-04-27|2025-04-28|2025-04-29|2025-04-30|2025-05-01|2025-05-02|2025-05-03|2025-05-04|2025-05-05|2025-05-06|2025-05-07|2025-05-08|2025-05-09|2025-05-10|2025-05-11|2025-05-12|2025-05-13|2025-05-14|2025-05-15|2025-05-16|2025-05-17|2025-05-18|2025-05-19|2025-05-20|2025-05-21|2025-05-22|2025-05-23|2025-05-24|2025-05-25|2025-05-26|2025-05-27|2025-05-28|2025-05-29|2025-05-30|2025-05-31|2025-06-01|2025-06-02|2025-06-03|2025-06-04|2025-06-05|2025-06-06|2025-06-07|2025-06-08|2025-06-09|2025-06-10|2025-06-11|2025-06-12|2025-06-13|2025-06-14|2025-06-15|2025-06-16|2025-06-17|2025-06-18|2025-06-19|2025-06-20|2025-06-21|2025-06-22|2025-06-23|2025-06-24|2025-06-25|2025-06-26|2025-06-27|2025-06-28|2025-06-29|2025-06-30|2025-07-01|2025-07-02|2025-07-03|2025-07-04|2025-07-05|2025-07-06|2025-07-07|2025-07-08|2025-07-09|2025-07-10|2025-07-11|2025-07-12|2025-07-13|2025-07-14|2025-07-15|2025-07-16|2025-07-17|2025-07-18|2025-07-19|2025-07-20|2025-07-21|2025-07-22|2025-07-23|2025-07-24|2025-07-25|2025-07-26|2025-07-27|2025-07-28|2025-07-29|2025-07-30|2025-07-31|2025-08-01|2025-08-02|2025-08-03|2025-08-04|2025-08-05|2025-08-06|2025-08-07|2025-08-08|2025-08-09|2025-08-10|2025-08-11|2025-08-12|2025-08-13|2025-08-14|2025-08-15|2025-08-16|2025-08-17|2025-08-18|2025-08-19|2025-08-20|2025-08-21|2025-08-22|2025-08-23|2025-08-24|2025-08-25|2025-08-26|2025-08-27|2025-08-28|2025-08-29|2025-08-30|2025-08-31|2025-09-01|2025-09-02|2025-09-03|2025-09-04|2025-09-05|2025-09-06|2025-09-07|2025-09-08|2025-09-09|2025-09-10|2025-09-11|2025-09-12|2025-09-13|2025-09-14|2025-09-15|2025-09-16|2025-09-17|2025-09-18|2025-09-19|2025-09-20|2025-09-21|2025-09-22|2025-09-23|2025-09-24|2025-09-25|2025-09-26|2025-09-27|2025-09-28|2025-09-29|2025-09-30|2025-10-01|2025-10-02|2025-10-03,0.06510180632857554,0.062069241424786405,0.06362237766537426,0.06619025814414682
2025-10-05,2,249,2025-01-29,2025-10-04,2025-01-29|2025-01-30|2025-01-31|2025-02-01|2025-02-02|2025-02-03|2025-02-04|2025-02-05|2025-02-06|2025-02-07|2025-02-08|2025-02-09|2025-02-10|2025-02-11|2025-02-12|2025-02-13|2025-02-14|2025-02-15|2025-02-16|2025-02-17|2025-02-18|2025-02-19|2025-02-20|2025-02-21|2025-02-22|2025-02-23|2025-02-24|2025-02-25|2025-02-26|2025-02-27|2025-02-28|2025-03-01|2025-03-02|2025-03-03|2025-03-04|2025-03-05|2025-03-06|2025-03-07|2025-03-08|2025-03-09|2025-03-10|2025-03-11|2025-03-12|2025-03-13|2025-03-14|2025-03-15|2025-03-16|2025-03-17|2025-03-18|2025-03-19|2025-03-20|2025-03-21|2025-03-22|2025-03-23|2025-03-24|2025-03-25|2025-03-26|2025-03-27|2025-03-28|2025-03-29|2025-03-30|2025-03-31|2025-04-01|2025-04-02|2025-04-03|2025-04-04|2025-04-05|2025-04-06|2025-04-07|2025-04-08|2025-04-09|2025-04-10|2025-04-11|2025-04-12|2025-04-13|2025-04-14|2025-04-15|2025-04-16|2025-04-17|2025-04-18|2025-04-19|2025-04-20|2025-04-21|2025-04-22|2025-04-23|2025-04-24|2025-04-25|2025-04-26|2025-04-27|2025-04-28|2025-04-29|2025-04-30|2025-05-01|2025-05-02|2025-05-03|2025-05-04|2025-05-05|2025-05-06|2025-05-07|2025-05-08|2025-05-09|2025-05-10|2025-05-11|2025-05-12|2025-05-13|2025-05-14|2025-05-15|2025-05-16|2025-05-17|2025-05-18|2025-05-19|2025-05-20|2025-05-21|2025-05-22|2025-05-23|2025-05-24|2025-05-25|2025-05-26|2025-05-27|2025-05-28|2025-05-29|2025-05-30|2025-05-31|2025-06-01|2025-06-02|2025-06-03|2025-06-04|2025-06-05|2025-06-06|2025-06-07|2025-06-08|2025-06-09|2025-06-10|2025-06-11|2025-06-12|2025-06-13|2025-06-14|2025-06-15|2025-06-16|2025-06-17|2025-06-18|2025-06-19|2025-06-20|2025-06-21|2025-06-22|2025-06-23|2025-06-24|2025-06-25|2025-06-26|2025-06-27|2025-06-28|2025-06-29|2025-06-30|2025-07-01|2025-07-02|2025-07-03|2025-07-04|2025-07-05|2025-07-06|2025-07-07|2025-07-08|2025-07-09|2025-07-10|2025-07-11|2025-07-12|2025-07-13|2025-07-14|2025-07-15|2025-07-16|2025-07-17|2025-07-18|2025-07-19|2025-07-20|2025-07-21|2025-07-22|2025-07-23|2025-07-24|2025-07-25|2025-07-26|2025-07-27|2025-07-28|2025-07-29|2025-07-30|2025-07-31|2025-08-01|2025-08-02|2025-08-03|2025-08-04|2025-08-05|2025-08-06|2025-08-07|2025-08-08|2025-08-09|2025-08-10|2025-08-11|2025-08-12|2025-08-13|2025-08-14|2025-08-15|2025-08-16|2025-08-17|2025-08-18|2025-08-19|2025-08-20|2025-08-21|2025-08-22|2025-08-23|2025-08-24|2025-08-25|2025-08-26|2025-08-27|2025-08-28|2025-08-29|2025-08-30|2025-08-31|2025-09-01|2025-09-02|2025-09-03|2025-09-04|2025-09-05|2025-09-06|2025-09-07|2025-09-08|2025-09-09|2025-09-10|2025-09-11|2025-09-12|2025-09-13|2025-09-14|2025-09-15|2025-09-16|2025-09-17|2025-09-18|2025-09-19|2025-09-20|2025-09-21|2025-09-22|2025-09-23|2025-09-24|2025-09-25|2025-09-26|2025-09-27|2025-09-28|2025-09-29|2025-09-30|2025-10-01|2025-10-02|2025-10-03|2025-10-04,0.06512449395099654,0.06206360113582153,0.06361464440522664,0.06616596380648539
2025-10-06,2,250,2025-01-29,2025-10-05,2025-01-29|2025-01-30|2025-01-31|2025-02-01|2025-02-02|2025-02-03|2025-02-04|2025-02-05|2025-02-06|2025-02-07|2025-02-08|2025-02-09|2025-02-10|2025-02-11|2025-02-12|2025-02-13|2025-02-14|2025-02-15|2025-02-16|2025-02-17|2025-02-18|2025-02-19|2025-02-20|2025-02-21|2025-02-22|2025-02-23|2025-02-24|2025-02-25|2025-02-26|2025-02-27|2025-02-28|2025-03-01|2025-03-02|2025-03-03|2025-03-04|2025-03-05|2025-03-06|2025-03-07|2025-03-08|2025-03-09|2025-03-10|2025-03-11|2025-03-12|2025-03-13|2025-03-14|2025-03-15|2025-03-16|2025-03-17|2025-03-18|2025-03-19|2025-03-20|2025-03-21|2025-03-22|2025-03-23|2025-03-24|2025-03-25|2025-03-26|2025-03-27|2025-03-28|2025-03-29|2025-03-30|2025-03-31|2025-04-01|2025-04-02|2025-04-03|2025-04-04|2025-04-05|2025-04-06|2025-04-07|2025-04-08|2025-04-09|2025-04-10|2025-04-11|2025-04-12|2025-04-13|2025-04-14|2025-04-15|2025-04-16|2025-04-17|2025-04-18|2025-04-19|2025-04-20|2025-04-21|2025-04-22|2025-04-23|2025-04-24|2025-04-25|2025-04-26|2025-04-27|2025-04-28|2025-04-29|2025-04-30|2025-05-01|2025-05-02|2025-05-03|2025-05-04|2025-05-05|2025-05-06|2025-05-07|2025-05-08|2025-05-09|2025-05-10|2025-05-11|2025-05-12|2025-05-13|2025-05-14|2025-05-15|2025-05-16|2025-05-17|2025-05-18|2025-05-19|2025-05-20|2025-05-21|2025-05-22|2025-05-23|2025-05-24|2025-05-25|2025-05-26|2025-05-27|2025-05-28|2025-05-29|2025-05-30|2025-05-31|2025-06-01|2025-06-02|2025-06-03|2025-06-04|2025-06-05|2025-06-06|2025-06-07|2025-06-08|2025-06-09|2025-06-10|2025-06-11|2025-06-12|2025-06-13|2025-06-14|2025-06-15|2025-06-16|2025-06-17|2025-06-18|2025-06-19|2025-06-20|2025-06-21|2025-06-22|2025-06-23|2025-06-24|2025-06-25|2025-06-26|2025-06-27|2025-06-28|2025-06-29|2025-06-30|2025-07-01|2025-07-02|2025-07-03|2025-07-04|2025-07-05|2025-07-06|2025-07-07|2025-07-08|2025-07-09|2025-07-10|2025-07-11|2025-07-12|2025-07-13|2025-07-14|2025-07-15|2025-07-16|2025-07-17|2025-07-18|2025-07-19|2025-07-20|2025-07-21|2025-07-22|2025-07-23|2025-07-24|2025-07-25|2025-07-26|2025-07-27|2025-07-28|2025-07-29|2025-07-30|2025-07-31|2025-08-01|2025-08-02|2025-08-03|2025-08-04|2025-08-05|2025-08-06|2025-08-07|2025-08-08|2025-08-09|2025-08-10|2025-08-11|2025-08-12|2025-08-13|2025-08-14|2025-08-15|2025-08-16|2025-08-17|2025-08-18|2025-08-19|2025-08-20|2025-08-21|2025-08-22|2025-08-23|2025-08-24|2025-08-25|2025-08-26|2025-08-27|2025-08-28|2025-08-29|2025-08-30|2025-08-31|2025-09-01|2025-09-02|2025-09-03|2025-09-04|2025-09-05|2025-09-06|2025-09-07|2025-09-08|2025-09-09|2025-09-10|2025-09-11|2025-09-12|2025-09-13|2025-09-14|2025-09-15|2025-09-16|2025-09-17|2025-09-18|2025-09-19|2025-09-20|2025-09-21|2025-09-22|2025-09-23|2025-09-24|2025-09-25|2025-09-26|2025-09-27|2025-09-28|2025-09-29|2025-09-30|2025-10-01|2025-10-02|2025-10-03|2025-10-04|2025-10-05,0.06514695285594069,0.062067509001192414,0.06360348955228881,0.06612910079687652
2025-10-07,2,251,2025-01-29,2025-10-06,2025-01-29|2025-01-30|2025-01-31|2025-02-01|2025-02-02|2025-02-03|2025-02-04|2025-02-05|2025-02-06|2025-02-07|2025-02-08|2025-02-09|2025-02-10|2025-02-11|2025-02-12|2025-02-13|2025-02-14|2025-02-15|2025-02-16|2025-02-17|2025-02-18|2025-02-19|2025-02-20|2025-02-21|2025-02-22|2025-02-23|2025-02-24|2025-02-25|2025-02-26|2025-02-27|2025-02-28|2025-03-01|2025-03-02|2025-03-03|2025-03-04|2025-03-05|2025-03-06|2025-03-07|2025-03-08|2025-03-09|2025-03-10|2025-03-11|2025-03-12|2025-03-13|2025-03-14|2025-03-15|2025-03-16|2025-03-17|2025-03-18|2025-03-19|2025-03-20|2025-03-21|2025-03-22|2025-03-23|2025-03-24|2025-03-25|2025-03-26|2025-03-27|2025-03-28|2025-03-29|2025-03-30|2025-03-31|2025-04-01|2025-04-02|2025-04-03|2025-04-04|2025-04-05|2025-04-06|2025-04-07|2025-04-08|2025-04-09|2025-04-10|2025-04-11|2025-04-12|2025-04-13|2025-04-14|2025-04-15|2025-04-16|2025-04-17|2025-04-18|2025-04-19|2025-04-20|2025-04-21|2025-04-22|2025-04-23|2025-04-24|2025-04-25|2025-04-26|2025-04-27|2025-04-28|2025-04-29|2025-04-30|2025-05-01|2025-05-02|2025-05-03|2025-05-04|2025-05-05|2025-05-06|2025-05-07|2025-05-08|2025-05-09|2025-05-10|2025-05-11|2025-05-12|2025-05-13|2025-05-14|2025-05-15|2025-05-16|2025-05-17|2025-05-18|2025-05-19|2025-05-20|2025-05-21|2025-05-22|2025-05-23|2025-05-24|2025-05-25|2025-05-26|2025-05-27|2025-05-28|2025-05-29|2025-05-30|2025-05-31|2025-06-01|2025-06-02|2025-06-03|2025-06-04|2025-06-05|2025-06-06|2025-06-07|2025-06-08|2025-06-09|2025-06-10|2025-06-11|2025-06-12|2025-06-13|2025-06-14|2025-06-15|2025-06-16|2025-06-17|2025-06-18|2025-06-19|2025-06-20|2025-06-21|2025-06-22|2025-06-23|2025-06-24|2025-06-25|2025-06-26|2025-06-27|2025-06-28|2025-06-29|2025-06-30|2025-07-01|2025-07-02|2025-07-03|2025-07-04|2025-07-05|2025-07-06|2025-07-07|2025-07-08|2025-07-09|2025-07-10|2025-07-11|2025-07-12|2025-07-13|2025-07-14|2025-07-15|2025-07-16|2025-07-17|2025-07-18|2025-07-19|2025-07-20|2025-07-21|2025-07-22|2025-07-23|2025-07-24|2025-07-25|2025-07-26|2025-07-27|2025-07-28|2025-07-29|2025-07-30|2025-07-31|2025-08-01|2025-08-02|2025-08-03|2025-08-04|2025-08-05|2025-08-06|2025-08-07|2025-08-08|2025-08-09|2025-08-10|2025-08-11|2025-08-12|2025-08-13|2025-08-14|2025-08-15|2025-08-16|2025-08-17|2025-08-18|2025-08-19|2025-08-20|2025-08-21|2025-08-22|2025-08-23|2025-08-24|2025-08-25|2025-08-26|2025-08-27|2025-08-28|2025-08-29|2025-08-30|2025-08-31|2025-09-01|2025-09-02|2025-09-03|2025-09-04|2025-09-05|2025-09-06|2025-09-07|2025-09-08|2025-09-09|2025-09-10|2025-09-11|2025-09-12|2025-09-13|2025-09-14|2025-09-15|2025-09-16|2025-09-17|2025-09-18|2025-09-19|2025-09-20|2025-09-21|2025-09-22|2025-09-23|2025-09-24|2025-09-25|2025-09-26|2025-09-27|2025-09-28|2025-09-29|2025-09-30|2025-10-01|2025-10-02|2025-10-03|2025-10-04|2025-10-05|2025-10-06,0.06510497939367817,0.06202433845057849,0.06353170399888303,0.0660396461390832
2025-10-08,2,252,2025-01-29,2025-10-07,2025-01-29|2025-01-30|2025-01-31|2025-02-01|2025-02-02|2025-02-03|2025-02-04|2025-02-05|2025-02-06|2025-02-07|2025-02-08|2025-02-09|2025-02-10|2025-02-11|2025-02-12|2025-02-13|2025-02-14|2025-02-15|2025-02-16|2025-02-17|2025-02-18|2025-02-19|2025-02-20|2025-02-21|2025-02-22|2025-02-23|2025-02-24|2025-02-25|2025-02-26|2025-02-27|2025-02-28|2025-03-01|2025-03-02|2025-03-03|2025-03-04|2025-03-05|2025-03-06|2025-03-07|2025-03-08|2025-03-09|2025-03-10|2025-03-11|2025-03-12|2025-03-13|2025-03-14|2025-03-15|2025-03-16|2025-03-17|2025-03-18|2025-03-19|2025-03-20|2025-03-21|2025-03-22|2025-03-23|2025-03-24|2025-03-25|2025-03-26|2025-03-27|2025-03-28|2025-03-29|2025-03-30|2025-03-31|2025-04-01|2025-04-02|2025-04-03|2025-04-04|2025-04-05|2025-04-06|2025-04-07|2025-04-08|2025-04-09|2025-04-10|2025-04-11|2025-04-12|2025-04-13|2025-04-14|2025-04-15|2025-04-16|2025-04-17|2025-04-18|2025-04-19|2025-04-20|2025-04-21|2025-04-22|2025-04-23|2025-04-24|2025-04-25|2025-04-26|2025-04-27|2025-04-28|2025-04-29|2025-04-30|2025-05-01|2025-05-02|2025-05-03|2025-05-04|2025-05-05|2025-05-06|2025-05-07|2025-05-08|2025-05-09|2025-05-10|2025-05-11|2025-05-12|2025-05-13|2025-05-14|2025-05-15|2025-05-16|2025-05-17|2025-05-18|2025-05-19|2025-05-20|2025-05-21|2025-05-22|2025-05-23|2025-05-24|2025-05-25|2025-05-26|2025-05-27|2025-05-28|2025-05-29|2025-05-30|2025-05-31|2025-06-01|2025-06-02|2025-06-03|2025-06-04|2025-06-05|2025-06-06|2025-06-07|2025-06-08|2025-06-09|2025-06-10|2025-06-11|2025-06-12|2025-06-13|2025-06-14|2025-06-15|2025-06-16|2025-06-17|2025-06-18|2025-06-19|2025-06-20|2025-06-21|2025-06-22|2025-06-23|2025-06-24|2025-06-25|2025-06-26|2025-06-27|2025-06-28|2025-06-29|2025-06-30|2025-07-01|2025-07-02|2025-07-03|2025-07-04|2025-07-05|2025-07-06|2025-07-07|2025-07-08|2025-07-09|2025-07-10|2025-07-11|2025-07-12|2025-07-13|2025-07-14|2025-07-15|2025-07-16|2025-07-17|2025-07-18|2025-07-19|2025-07-20|2025-07-21|2025-07-22|2025-07-23|2025-07-24|2025-07-25|2025-07-26|2025-07-27|2025-07-28|2025-07-29|2025-07-30|2025-07-31|2025-08-01|2025-08-02|2025-08-03|2025-08-04|2025-08-05|2025-08-06|2025-08-07|2025-08-08|2025-08-09|2025-08-10|2025-08-11|2025-08-12|2025-08-13|2025-08-14|2025-08-15|2025-08-16|2025-08-17|2025-08-18|2025-08-19|2025-08-20|2025-08-21|2025-08-22|2025-08-23|2025-08-24|2025-08-25|2025-08-26|2025-08-27|2025-08-28|2025-08-29|2025-08-30|2025-08-31|2025-09-01|2025-09-02|2025-09-03|2025-09-04|2025-09-05|2025-09-06|2025-09-07|2025-09-08|2025-09-09|2025-09-10|2025-09-11|2025-09-12|2025-09-13|2025-09-14|2025-09-15|2025-09-16|2025-09-17|2025-09-18|2025-09-19|2025-09-20|2025-09-21|2025-09-22|2025-09-23|2025-09-24|2025-09-25|2025-09-26|2025-09-27|2025-09-28|2025-09-29|2025-09-30|2025-10-01|2025-10-02|2025-10-03|2025-10-04|2025-10-05|2025-10-06|2025-10-07,0.0650915280176619,0.06198454246318306,0.06347158219189554,0.06595665268240002
2025-10-09,2,253,2025-01-29,2025-10-08,2025-01-29|2025-01-30|2025-01-31|2025-02-01|2025-02-02|2025-02-03|2025-02-04|2025-02-05|2025-02-06|2025-02-07|2025-02-08|2025-02-09|2025-02-10|2025-02-11|2025-02-12|2025-02-13|2025-02-14|2025-02-15|2025-02-16|2025-02-17|2025-02-18|2025-02-19|2025-02-20|2025-02-21|2025-02-22|2025-02-23|2025-02-24|2025-02-25|2025-02-26|2025-02-27|2025-02-28|2025-03-01|2025-03-02|2025-03-03|2025-03-04|2025-03-05|2025-03-06|2025-03-07|2025-03-08|2025-03-09|2025-03-10|2025-03-11|2025-03-12|2025-03-13|2025-03-14|2025-03-15|2025-03-16|2025-03-17|2025-03-18|2025-03-19|2025-03-20|2025-03-21|2025-03-22|2025-03-23|2025-03-24|2025-03-25|2025-03-26|2025-03-27|2025-03-28|2025-03-29|2025-03-30|2025-03-31|2025-04-01|2025-04-02|2025-04-03|2025-04-04|2025-04-05|2025-04-06|2025-04-07|2025-04-08|2025-04-09|2025-04-10|2025-04-11|2025-04-12|2025-04-13|2025-04-14|2025-04-15|2025-04-16|2025-04-17|2025-04-18|2025-04-19|2025-04-20|2025-04-21|2025-04-22|2025-04-23|2025-04-24|2025-04-25|2025-04-26|2025-04-27|2025-04-28|2025-04-29|2025-04-30|2025-05-01|2025-05-02|2025-05-03|2025-05-04|2025-05-05|2025-05-06|2025-05-07|2025-05-08|2025-05-09|2025-05-10|2025-05-11|2025-05-12|2025-05-13|2025-05-14|2025-05-15|2025-05-16|2025-05-17|2025-05-18|2025-05-19|2025-05-20|2025-05-21|2025-05-22|2025-05-23|2025-05-24|2025-05-25|2025-05-26|2025-05-27|2025-05-28|2025-05-29|2025-05-30|2025-05-31|2025-06-01|2025-06-02|2025-06-03|2025-06-04|2025-06-05|2025-06-06|2025-06-07|2025-06-08|2025-06-09|2025-06-10|2025-06-11|2025-06-12|2025-06-13|2025-06-14|2025-06-15|2025-06-16|2025-06-17|2025-06-18|2025-06-19|2025-06-20|2025-06-21|2025-06-22|2025-06-23|2025-06-24|2025-06-25|2025-06-26|2025-06-27|2025-06-28|2025-06-29|2025-06-30|2025-07-01|2025-07-02|2025-07-03|2025-07-04|2025-07-05|2025-07-06|2025-07-07|2025-07-08|2025-07-09|2025-07-10|2025-07-11|2025-07-12|2025-07-13|2025-07-14|2025-07-15|2025-07-16|2025-07-17|2025-07-18|2025-07-19|2025-07-20|2025-07-21|2025-07-22|2025-07-23|2025-07-24|2025-07-25|2025-07-26|2025-07-27|2025-07-28|2025-07-29|2025-07-30|2025-07-31|2025-08-01|2025-08-02|2025-08-03|2025-08-04|2025-08-05|2025-08-06|2025-08-07|2025-08-08|2025-08-09|2025-08-10|2025-08-11|2025-08-12|2025-08-13|2025-08-14|2025-08-15|2025-08-16|2025-08-17|2025-08-18|2025-08-19|2025-08-20|2025-08-21|2025-08-22|2025-08-23|2025-08-24|2025-08-25|2025-08-26|2025-08-27|2025-08-28|2025-08-29|2025-08-30|2025-08-31|2025-09-01|2025-09-02|2025-09-03|2025-09-04|2025-09-05|2025-09-06|2025-09-07|2025-09-08|2025-09-09|2025-09-10|2025-09-11|2025-09-12|2025-09-13|2025-09-14|2025-09-15|2025-09-16|2025-09-17|2025-09-18|2025-09-19|2025-09-20|2025-09-21|2025-09-22|2025-09-23|2025-09-24|2025-09-25|2025-09-26|2025-09-27|2025-09-28|2025-09-29|2025-09-30|2025-10-01|2025-10-02|2025-10-03|2025-10-04|2025-10-05|2025-10-06|2025-10-07|2025-10-08,0.06507179522606808,0.06191375321658925,0.06340738880335871,0.06588552505161499
2025-10-10,2,254,2025-01-29,2025-10-09,2025-01-29|2025-01-30|2025-01-31|2025-02-01|2025-02-02|2025-02-03|2025-02-04|2025-02-05|2025-02-06|2025-02-07|2025-02-08|2025-02-09|2025-02-10|2025-02-11|2025-02-12|2025-02-13|2025-02-14|2025-02-15|2025-02-16|2025-02-17|2025-02-18|2025-02-19|2025-02-20|2025-02-21|2025-02-22|2025-02-23|2025-02-24|2025-02-25|2025-02-26|2025-02-27|2025-02-28|2025-03-01|2025-03-02|2025-03-03|2025-03-04|2025-03-05|2025-03-06|2025-03-07|2025-03-08|2025-03-09|2025-03-10|2025-03-11|2025-03-12|2025-03-13|2025-03-14|2025-03-15|2025-03-16|2025-03-17|2025-03-18|2025-03-19|2025-03-20|2025-03-21|2025-03-22|2025-03-23|2025-03-24|2025-03-25|2025-03-26|2025-03-27|2025-03-28|2025-03-29|2025-03-30|2025-03-31|2025-04-01|2025-04-02|2025-04-03|2025-04-04|2025-04-05|2025-04-06|2025-04-07|2025-04-08|2025-04-09|2025-04-10|2025-04-11|2025-04-12|2025-04-13|2025-04-14|2025-04-15|2025-04-16|2025-04-17|2025-04-18|2025-04-19|2025-04-20|2025-04-21|2025-04-22|2025-04-23|2025-04-24|2025-04-25|2025-04-26|2025-04-27|2025-04-28|2025-04-29|2025-04-30|2025-05-01|2025-05-02|2025-05-03|2025-05-04|2025-05-05|2025-05-06|2025-05-07|2025-05-08|2025-05-09|2025-05-10|2025-05-11|2025-05-12|2025-05-13|2025-05-14|2025-05-15|2025-05-16|2025-05-17|2025-05-18|2025-05-19|2025-05-20|2025-05-21|2025-05-22|2025-05-23|2025-05-24|2025-05-25|2025-05-26|2025-05-27|2025-05-28|2025-05-29|2025-05-30|2025-05-31|2025-06-01|2025-06-02|2025-06-03|2025-06-04|2025-06-05|2025-06-06|2025-06-07|2025-06-08|2025-06-09|2025-06-10|2025-06-11|2025-06-12|2025-06-13|2025-06-14|2025-06-15|2025-06-16|2025-06-17|2025-06-18|2025-06-19|2025-06-20|2025-06-21|2025-06-22|2025-06-23|2025-06-24|2025-06-25|2025-06-26|2025-06-27|2025-06-28|2025-06-29|2025-06-30|2025-07-01|2025-07-02|2025-07-03|2025-07-04|2025-07-05|2025-07-06|2025-07-07|2025-07-08|2025-07-09|2025-07-10|2025-07-11|2025-07-12|2025-07-13|2025-07-14|2025-07-15|2025-07-16|2025-07-17|2025-07-18|2025-07-19|2025-07-20|2025-07-21|2025-07-22|2025-07-23|2025-07-24|2025-07-25|2025-07-26|2025-07-27|2025-07-28|2025-07-29|2025-07-30|2025-07-31|2025-08-01|2025-08-02|2025-08-03|2025-08-04|2025-08-05|2025-08-06|2025-08-07|2025-08-08|2025-08-09|2025-08-10|2025-08-11|2025-08-12|2025-08-13|2025-08-14|2025-08-15|2025-08-16|2025-08-17|2025-08-18|2025-08-19|2025-08-20|2025-08-21|2025-08-22|2025-08-23|2025-08-24|2025-08-25|2025-08-26|2025-08-27|2025-08-28|2025-08-29|2025-08-30|2025-08-31|2025-09-01|2025-09-02|2025-09-03|2025-09-04|2025-09-05|2025-09-06|2025-09-07|2025-09-08|2025-09-09|2025-09-10|2025-09-11|2025-09-12|2025-09-13|2025-09-14|2025-09-15|2025-09-16|2025-09-17|2025-09-18|2025-09-19|2025-09-20|2025-09-21|2025-09-22|2025-09-23|2025-09-24|2025-09-25|2025-09-26|2025-09-27|2025-09-28|2025-09-29|2025-09-30|2025-10-01|2025-10-02|2025-10-03|2025-10-04|2025-10-05|2025-10-06|2025-10-07|2025-10-08|2025-10-09,0.06500534482233247,0.06184920147718622,0.06334195505166021,0.06580594743652758
2025-10-11,2,255,2025-01-29,2025-10-10,2025-01-29|2025-01-30|2025-01-31|2025-02-01|2025-02-02|2025-02-03|2025-02-04|2025-02-05|2025-02-06|2025-02-07|2025-02-08|2025-02-09|2025-02-10|2025-02-11|2025-02-12|2025-02-13|2025-02-14|2025-02-15|2025-02-16|2025-02-17|2025-02-18|2025-02-19|2025-02-20|2025-02-21|2025-02-22|2025-02-23|2025-02-24|2025-02-25|2025-02-26|2025-02-27|2025-02-28|2025-03-01|2025-03-02|2025-03-03|2025-03-04|2025-03-05|2025-03-06|2025-03-07|2025-03-08|2025-03-09|2025-03-10|2025-03-11|2025-03-12|2025-03-13|2025-03-14|2025-03-15|2025-03-16|2025-03-17|2025-03-18|2025-03-19|2025-03-20|2025-03-21|2025-03-22|2025-03-23|2025-03-24|2025-03-25|2025-03-26|2025-03-27|2025-03-28|2025-03-29|2025-03-30|2025-03-31|2025-04-01|2025-04-02|2025-04-03|2025-04-04|2025-04-05|2025-04-06|2025-04-07|2025-04-08|2025-04-09|2025-04-10|2025-04-11|2025-04-12|2025-04-13|2025-04-14|2025-04-15|2025-04-16|2025-04-17|2025-04-18|2025-04-19|2025-04-20|2025-04-21|2025-04-22|2025-04-23|2025-04-24|2025-04-25|2025-04-26|2025-04-27|2025-04-28|2025-04-29|2025-04-30|2025-05-01|2025-05-02|2025-05-03|2025-05-04|2025-05-05|2025-05-06|2025-05-07|2025-05-08|2025-05-09|2025-05-10|2025-05-11|2025-05-12|2025-05-13|2025-05-14|2025-05-15|2025-05-16|2025-05-17|2025-05-18|2025-05-19|2025-05-20|2025-05-21|2025-05-22|2025-05-23|2025-05-24|2025-05-25|2025-05-26|2025-05-27|2025-05-28|2025-05-29|2025-05-30|2025-05-31|2025-06-01|2025-06-02|2025-06-03|2025-06-04|2025-06-05|2025-06-06|2025-06-07|2025-06-08|2025-06-09|2025-06-10|2025-06-11|2025-06-12|2025-06-13|2025-06-14|2025-06-15|2025-06-16|2025-06-17|2025-06-18|2025-06-19|2025-06-20|2025-06-21|2025-06-22|2025-06-23|2025-06-24|2025-06-25|2025-06-26|2025-06-27|2025-06-28|2025-06-29|2025-06-30|2025-07-01|2025-07-02|2025-07-03|2025-07-04|2025-07-05|2025-07-06|2025-07-07|2025-07-08|2025-07-09|2025-07-10|2025-07-11|2025-07-12|2025-07-13|2025-07-14|2025-07-15|2025-07-16|2025-07-17|2025-07-18|2025-07-19|2025-07-20|2025-07-21|2025-07-22|2025-07-23|2025-07-24|2025-07-25|2025-07-26|2025-07-27|2025-07-28|2025-07-29|2025-07-30|2025-07-31|2025-08-01|2025-08-02|2025-08-03|2025-08-04|2025-08-05|2025-08-06|2025-08-07|2025-08-08|2025-08-09|2025-08-10|2025-08-11|2025-08-12|2025-08-13|2025-08-14|2025-08-15|2025-08-16|2025-08-17|2025-08-18|2025-08-19|2025-08-20|2025-08-21|2025-08-22|2025-08-23|2025-08-24|2025-08-25|2025-08-26|2025-08-27|2025-08-28|2025-08-29|2025-08-30|2025-08-31|2025-09-01|2025-09-02|2025-09-03|2025-09-04|2025-09-05|2025-09-06|2025-09-07|2025-09-08|2025-09-09|2025-09-10|2025-09-11|2025-09-12|2025-09-13|2025-09-14|2025-09-15|2025-09-16|2025-09-17|2025-09-18|2025-09-19|2025-09-20|2025-09-21|2025-09-22|2025-09-23|2025-09-24|2025-09-25|2025-09-26|2025-09-27|2025-09-28|2025-09-29|2025-09-30|2025-10-01|2025-10-02|2025-10-03|2025-10-04|2025-10-05|2025-10-06|2025-10-07|2025-10-08|2025-10-09|2025-10-10,0.06501666136837486,0.0618798050777526,0.06336529752753337,0.06582104047218466
2025-10-12,2,256,2025-01-29,2025-10-11,2025-01-29|2025-01-30|2025-01-31|2025-02-01|2025-02-02|2025-02-03|2025-02-04|2025-02-05|2025-02-06|2025-02-07|2025-02-08|2025-02-09|2025-02-10|2025-02-11|2025-02-12|2025-02-13|2025-02-14|2025-02-15|2025-02-16|2025-02-17|2025-02-18|2025-02-19|2025-02-20|2025-02-21|2025-02-22|2025-02-23|2025-02-24|2025-02-25|2025-02-26|2025-02-27|2025-02-28|2025-03-01|2025-03-02|2025-03-03|2025-03-04|2025-03-05|2025-03-06|2025-03-07|2025-03-08|2025-03-09|2025-03-10|2025-03-11|2025-03-12|2025-03-13|2025-03-14|2025-03-15|2025-03-16|2025-03-17|2025-03-18|2025-03-19|2025-03-20|2025-03-21|2025-03-22|2025-03-23|2025-03-24|2025-03-25|2025-03-26|2025-03-27|2025-03-28|2025-03-29|2025-03-30|2025-03-31|2025-04-01|2025-04-02|2025-04-03|2025-04-04|2025-04-05|2025-04-06|2025-04-07|2025-04-08|2025-04-09|2025-04-10|2025-04-11|2025-04-12|2025-04-13|2025-04-14|2025-04-15|2025-04-16|2025-04-17|2025-04-18|2025-04-19|2025-04-20|2025-04-21|2025-04-22|2025-04-23|2025-04-24|2025-04-25|2025-04-26|2025-04-27|2025-04-28|2025-04-29|2025-04-30|2025-05-01|2025-05-02|2025-05-03|2025-05-04|2025-05-05|2025-05-06|2025-05-07|2025-05-08|2025-05-09|2025-05-10|2025-05-11|2025-05-12|2025-05-13|2025-05-14|2025-05-15|2025-05-16|2025-05-17|2025-05-18|2025-05-19|2025-05-20|2025-05-21|2025-05-22|2025-05-23|2025-05-24|2025-05-25|2025-05-26|2025-05-27|2025-05-28|2025-05-29|2025-05-30|2025-05-31|2025-06-01|2025-06-02|2025-06-03|2025-06-04|2025-06-05|2025-06-06|2025-06-07|2025-06-08|2025-06-09|2025-06-10|2025-06-11|2025-06-12|2025-06-13|2025-06-14|2025-06-15|2025-06-16|2025-06-17|2025-06-18|2025-06-19|2025-06-20|2025-06-21|2025-06-22|2025-06-23|2025-06-24|2025-06-25|2025-06-26|2025-06-27|2025-06-28|2025-06-29|2025-06-30|2025-07-01|2025-07-02|2025-07-03|2025-07-04|2025-07-05|2025-07-06|2025-07-07|2025-07-08|2025-07-09|2025-07-10|2025-07-11|2025-07-12|2025-07-13|2025-07-14|2025-07-15|2025-07-16|2025-07-17|2025-07-18|2025-07-19|2025-07-20|2025-07-21|2025-07-22|2025-07-23|2025-07-24|2025-07-25|2025-07-26|2025-07-27|2025-07-28|2025-07-29|2025-07-30|2025-07-31|2025-08-01|2025-08-02|2025-08-03|2025-08-04|2025-08-05|2025-08-06|2025-08-07|2025-08-08|2025-08-09|2025-08-10|2025-08-11|2025-08-12|2025-08-13|2025-08-14|2025-08-15|2025-08-16|2025-08-17|2025-08-18|2025-08-19|2025-08-20|2025-08-21|2025-08-22|2025-08-23|2025-08-24|2025-08-25|2025-08-26|2025-08-27|2025-08-28|2025-08-29|2025-08-30|2025-08-31|2025-09-01|2025-09-02|2025-09-03|2025-09-04|2025-09-05|2025-09-06|2025-09-07|2025-09-08|2025-09-09|2025-09-10|2025-09-11|2025-09-12|2025-09-13|2025-09-14|2025-09-15|2025-09-16|2025-09-17|2025-09-18|2025-09-19|2025-09-20|2025-09-21|2025-09-22|2025-09-23|2025-09-24|2025-09-25|2025-09-26|2025-09-27|2025-09-28|2025-09-29|2025-09-30|2025-10-01|2025-10-02|2025-10-03|2025-10-04|2025-10-05|2025-10-06|2025-10-07|2025-10-08|2025-10-09|2025-10-10|2025-10-11,0.06500449497990955,0.061872635795641895,0.06334037305948415,0.06579913893370225
2025-10-13,2,257,2025-01-29,2025-10-12,2025-01-29|2025-01-30|2025-01-31|2025-02-01|2025-02-02|2025-02-03|2025-02-04|2025-02-05|2025-02-06|2025-02-07|2025-02-08|2025-02-09|2025-02-10|2025-02-11|2025-02-12|2025-02-13|2025-02-14|2025-02-15|2025-02-16|2025-02-17|2025-02-18|2025-02-19|2025-02-20|2025-02-21|2025-02-22|2025-02-23|2025-02-24|2025-02-25|2025-02-26|2025-02-27|2025-02-28|2025-03-01|2025-03-02|2025-03-03|2025-03-04|2025-03-05|2025-03-06|2025-03-07|2025-03-08|2025-03-09|2025-03-10|2025-03-11|2025-03-12|2025-03-13|2025-03-14|2025-03-15|2025-03-16|2025-03-17|2025-03-18|2025-03-19|2025-03-20|2025-03-21|2025-03-22|2025-03-23|2025-03-24|2025-03-25|2025-03-26|2025-03-27|2025-03-28|2025-03-29|2025-03-30|2025-03-31|2025-04-01|2025-04-02|2025-04-03|2025-04-04|2025-04-05|2025-04-06|2025-04-07|2025-04-08|2025-04-09|2025-04-10|2025-04-11|2025-04-12|2025-04-13|2025-04-14|2025-04-15|2025-04-16|2025-04-17|2025-04-18|2025-04-19|2025-04-20|2025-04-21|2025-04-22|2025-04-23|2025-04-24|2025-04-25|2025-04-26|2025-04-27|2025-04-28|2025-04-29|2025-04-30|2025-05-01|2025-05-02|2025-05-03|2025-05-04|2025-05-05|2025-05-06|2025-05-07|2025-05-08|2025-05-09|2025-05-10|2025-05-11|2025-05-12|2025-05-13|2025-05-14|2025-05-15|2025-05-16|2025-05-17|2025-05-18|2025-05-19|2025-05-20|2025-05-21|2025-05-22|2025-05-23|2025-05-24|2025-05-25|2025-05-26|2025-05-27|2025-05-28|2025-05-29|2025-05-30|2025-05-31|2025-06-01|2025-06-02|2025-06-03|2025-06-04|2025-06-05|2025-06-06|2025-06-07|2025-06-08|2025-06-09|2025-06-10|2025-06-11|2025-06-12|2025-06-13|2025-06-14|2025-06-15|2025-06-16|2025-06-17|2025-06-18|2025-06-19|2025-06-20|2025-06-21|2025-06-22|2025-06-23|2025-06-24|2025-06-25|2025-06-26|2025-06-27|2025-06-28|2025-06-29|2025-06-30|2025-07-01|2025-07-02|2025-07-03|2025-07-04|2025-07-05|2025-07-06|2025-07-07|2025-07-08|2025-07-09|2025-07-10|2025-07-11|2025-07-12|2025-07-13|2025-07-14|2025-07-15|2025-07-16|2025-07-17|2025-07-18|2025-07-19|2025-07-20|2025-07-21|2025-07-22|2025-07-23|2025-07-24|2025-07-25|2025-07-26|2025-07-27|2025-07-28|2025-07-29|2025-07-30|2025-07-31|2025-08-01|2025-08-02|2025-08-03|2025-08-04|2025-08-05|2025-08-06|2025-08-07|2025-08-08|2025-08-09|2025-08-10|2025-08-11|2025-08-12|2025-08-13|2025-08-14|2025-08-15|2025-08-16|2025-08-17|2025-08-18|2025-08-19|2025-08-20|2025-08-21|2025-08-22|2025-08-23|2025-08-24|2025-08-25|2025-08-26|2025-08-27|2025-08-28|2025-08-29|2025-08-30|2025-08-31|2025-09-01|2025-09-02|2025-09-03|2025-09-04|2025-09-05|2025-09-06|2025-09-07|2025-09-08|2025-09-09|2025-09-10|2025-09-11|2025-09-12|2025-09-13|2025-09-14|2025-09-15|2025-09-16|2025-09-17|2025-09-18|2025-09-19|2025-09-20|2025-09-21|2025-09-22|2025-09-23|2025-09-24|2025-09-25|2025-09-26|2025-09-27|2025-09-28|2025-09-29|2025-09-30|2025-10-01|2025-10-02|2025-10-03|2025-10-04|2025-10-05|2025-10-06|2025-10-07|2025-10-08|2025-10-09|2025-10-10|2025-10-11|2025-10-12,0.06496621848125769,0.06178450533866871,0.06324517985566223,0.06569836344704799
2025-10-14,2,258,2025-01-29,2025-10-13,2025-01-29|2025-01-30|2025-01-31|2025-02-01|2025-02-02|2025-02-03|2025-02-04|2025-02-05|2025-02-06|2025-02-07|2025-02-08|2025-02-09|2025-02-10|2025-02-11|2025-02-12|2025-02-13|2025-02-14|2025-02-15|2025-02-16|2025-02-17|2025-02-18|2025-02-19|2025-02-20|2025-02-21|2025-02-22|2025-02-23|2025-02-24|2025-02-25|2025-02-26|2025-02-27|2025-02-28|2025-03-01|2025-03-02|2025-03-03|2025-03-04|2025-03-05|2025-03-06|2025-03-07|2025-03-08|2025-03-09|2025-03-10|2025-03-11|2025-03-12|2025-03-13|2025-03-14|2025-03-15|2025-03-16|2025-03-17|2025-03-18|2025-03-19|2025-03-20|2025-03-21|2025-03-22|2025-03-23|2025-03-24|2025-03-25|2025-03-26|2025-03-27|2025-03-28|2025-03-29|2025-03-30|2025-03-31|2025-04-01|2025-04-02|2025-04-03|2025-04-04|2025-04-05|2025-04-06|2025-04-07|2025-04-08|2025-04-09|2025-04-10|2025-04-11|2025-04-12|2025-04-13|2025-04-14|2025-04-15|2025-04-16|2025-04-17|2025-04-18|2025-04-19|2025-04-20|2025-04-21|2025-04-22|2025-04-23|2025-04-24|2025-04-25|2025-04-26|2025-04-27|2025-04-28|2025-04-29|2025-04-30|2025-05-01|2025-05-02|2025-05-03|2025-05-04|2025-05-05|2025-05-06|2025-05-07|2025-05-08|2025-05-09|2025-05-10|2025-05-11|2025-05-12|2025-05-13|2025-05-14|2025-05-15|2025-05-16|2025-05-17|2025-05-18|2025-05-19|2025-05-20|2025-05-21|2025-05-22|2025-05-23|2025-05-24|2025-05-25|2025-05-26|2025-05-27|2025-05-28|2025-05-29|2025-05-30|2025-05-31|2025-06-01|2025-06-02|2025-06-03|2025-06-04|2025-06-05|2025-06-06|2025-06-07|2025-06-08|2025-06-09|2025-06-10|2025-06-11|2025-06-12|2025-06-13|2025-06-14|2025-06-15|2025-06-16|2025-06-17|2025-06-18|2025-06-19|2025-06-20|2025-06-21|2025-06-22|2025-06-23|2025-06-24|2025-06-25|2025-06-26|2025-06-27|2025-06-28|2025-06-29|2025-06-30|2025-07-01|2025-07-02|2025-07-03|2025-07-04|2025-07-05|2025-07-06|2025-07-07|2025-07-08|2025-07-09|2025-07-10|2025-07-11|2025-07-12|2025-07-13|2025-07-14|2025-07-15|2025-07-16|2025-07-17|2025-07-18|2025-07-19|2025-07-20|2025-07-21|2025-07-22|2025-07-23|2025-07-24|2025-07-25|2025-07-26|2025-07-27|2025-07-28|2025-07-29|2025-07-30|2025-07-31|2025-08-01|2025-08-02|2025-08-03|2025-08-04|2025-08-05|2025-08-06|2025-08-07|2025-08-08|2025-08-09|2025-08-10|2025-08-11|2025-08-12|2025-08-13|2025-08-14|2025-08-15|2025-08-16|2025-08-17|2025-08-18|2025-08-19|2025-08-20|2025-08-21|2025-08-22|2025-08-23|2025-08-24|2025-08-25|2025-08-26|2025-08-27|2025-08-28|2025-08-29|2025-08-30|2025-08-31|2025-09-01|2025-09-02|2025-09-03|2025-09-04|2025-09-05|2025-09-06|2025-09-07|2025-09-08|2025-09-09|2025-09-10|2025-09-11|2025-09-12|2025-09-13|2025-09-14|2025-09-15|2025-09-16|2025-09-17|2025-09-18|2025-09-19|2025-09-20|2025-09-21|2025-09-22|2025-09-23|2025-09-24|2025-09-25|2025-09-26|2025-09-27|2025-09-28|2025-09-29|2025-09-30|2025-10-01|2025-10-02|2025-10-03|2025-10-04|2025-10-05|2025-10-06|2025-10-07|2025-10-08|2025-10-09|2025-10-10|2025-10-11|2025-10-12|2025-10-13,0.06487961559273522,0.06170583914029127,0.06316758426624235,0.06559570556675583
2025-10-15,2,259,2025-01-29,2025-10-14,2025-01-29|2025-01-30|2025-01-31|2025-02-01|2025-02-02|2025-02-03|2025-02-04|2025-02-05|2025-02-06|2025-02-07|2025-02-08|2025-02-09|2025-02-10|2025-02-11|2025-02-12|2025-02-13|2025-02-14|2025-02-15|2025-02-16|2025-02-17|2025-02-18|2025-02-19|2025-02-20|2025-02-21|2025-02-22|2025-02-23|2025-02-24|2025-02-25|2025-02-26|2025-02-27|2025-02-28|2025-03-01|2025-03-02|2025-03-03|2025-03-04|2025-03-05|2025-03-06|2025-03-07|2025-03-08|2025-03-09|2025-03-10|2025-03-11|2025-03-12|2025-03-13|2025-03-14|2025-03-15|2025-03-16|2025-03-17|2025-03-18|2025-03-19|2025-03-20|2025-03-21|2025-03-22|2025-03-23|2025-03-24|2025-03-25|2025-03-26|2025-03-27|2025-03-28|2025-03-29|2025-03-30|2025-03-31|2025-04-01|2025-04-02|2025-04-03|2025-04-04|2025-04-05|2025-04-06|2025-04-07|2025-04-08|2025-04-09|2025-04-10|2025-04-11|2025-04-12|2025-04-13|2025-04-14|2025-04-15|2025-04-16|2025-04-17|2025-04-18|2025-04-19|2025-04-20|2025-04-21|2025-04-22|2025-04-23|2025-04-24|2025-04-25|2025-04-26|2025-04-27|2025-04-28|2025-04-29|2025-04-30|2025-05-01|2025-05-02|2025-05-03|2025-05-04|2025-05-05|2025-05-06|2025-05-07|2025-05-08|2025-05-09|2025-05-10|2025-05-11|2025-05-12|2025-05-13|2025-05-14|2025-05-15|2025-05-16|2025-05-17|2025-05-18|2025-05-19|2025-05-20|2025-05-21|2025-05-22|2025-05-23|2025-05-24|2025-05-25|2025-05-26|2025-05-27|2025-05-28|2025-05-29|2025-05-30|2025-05-31|2025-06-01|2025-06-02|2025-06-03|2025-06-04|2025-06-05|2025-06-06|2025-06-07|2025-06-08|2025-06-09|2025-06-10|2025-06-11|2025-06-12|2025-06-13|2025-06-14|2025-06-15|2025-06-16|2025-06-17|2025-06-18|2025-06-19|2025-06-20|2025-06-21|2025-06-22|2025-06-23|2025-06-24|2025-06-25|2025-06-26|2025-06-27|2025-06-28|2025-06-29|2025-06-30|2025-07-01|2025-07-02|2025-07-03|2025-07-04|2025-07-05|2025-07-06|2025-07-07|2025-07-08|2025-07-09|2025-07-10|2025-07-11|2025-07-12|2025-07-13|2025-07-14|2025-07-15|2025-07-16|2025-07-17|2025-07-18|2025-07-19|2025-07-20|2025-07-21|2025-07-22|2025-07-23|2025-07-24|2025-07-25|2025-07-26|2025-07-27|2025-07-28|2025-07-29|2025-07-30|2025-07-31|2025-08-01|2025-08-02|2025-08-03|2025-08-04|2025-08-05|2025-08-06|2025-08-07|2025-08-08|2025-08-09|2025-08-10|2025-08-11|2025-08-12|2025-08-13|2025-08-14|2025-08-15|2025-08-16|2025-08-17|2025-08-18|2025-08-19|2025-08-20|2025-08-21|2025-08-22|2025-08-23|2025-08-24|2025-08-25|2025-08-26|2025-08-27|2025-08-28|2025-08-29|2025-08-30|2025-08-31|2025-09-01|2025-09-02|2025-09-03|2025-09-04|2025-09-05|2025-09-06|2025-09-07|2025-09-08|2025-09-09|2025-09-10|2025-09-11|2025-09-12|2025-09-13|2025-09-14|2025-09-15|2025-09-16|2025-09-17|2025-09-18|2025-09-19|2025-09-20|2025-09-21|2025-09-22|2025-09-23|2025-09-24|2025-09-25|2025-09-26|2025-09-27|2025-09-28|2025-09-29|2025-09-30|2025-10-01|2025-10-02|2025-10-03|2025-10-04|2025-10-05|2025-10-06|2025-10-07|2025-10-08|2025-10-09|2025-10-10|2025-10-11|2025-10-12|2025-10-13|2025-10-14,0.06482819257103462,0.061637952523604184,0.06309626860008352,0.06551793533578659
2025-10-16,2,260,2025-01-29,2025-10-15,2025-01-29|2025-01-30|2025-01-31|2025-02-01|2025-02-02|2025-02-03|2025-02-04|2025-02-05|2025-02-06|2025-02-07|2025-02-08|2025-02-09|2025-02-10|2025-02-11|2025-02-12|2025-02-13|2025-02-14|2025-02-15|2025-02-16|2025-02-17|2025-02-18|2025-02-19|2025-02-20|2025-02-21|2025-02-22|2025-02-23|2025-02-24|2025-02-25|2025-02-26|2025-02-27|2025-02-28|2025-03-01|2025-03-02|2025-03-03|2025-03-04|2025-03-05|2025-03-06|2025-03-07|2025-03-08|2025-03-09|2025-03-10|2025-03-11|2025-03-12|2025-03-13|2025-03-14|2025-03-15|2025-03-16|2025-03-17|2025-03-18|2025-03-19|2025-03-20|2025-03-21|2025-03-22|2025-03-23|2025-03-24|2025-03-25|2025-03-26|2025-03-27|2025-03-28|2025-03-29|2025-03-30|2025-03-31|2025-04-01|2025-04-02|2025-04-03|2025-04-04|2025-04-05|2025-04-06|2025-04-07|2025-04-08|2025-04-09|2025-04-10|2025-04-11|2025-04-12|2025-04-13|2025-04-14|2025-04-15|2025-04-16|2025-04-17|2025-04-18|2025-04-19|2025-04-20|2025-04-21|2025-04-22|2025-04-23|2025-04-24|2025-04-25|2025-04-26|2025-04-27|2025-04-28|2025-04-29|2025-04-30|2025-05-01|2025-05-02|2025-05-03|2025-05-04|2025-05-05|2025-05-06|2025-05-07|2025-05-08|2025-05-09|2025-05-10|2025-05-11|2025-05-12|2025-05-13|2025-05-14|2025-05-15|2025-05-16|2025-05-17|2025-05-18|2025-05-19|2025-05-20|2025-05-21|2025-05-22|2025-05-23|2025-05-24|2025-05-25|2025-05-26|2025-05-27|2025-05-28|2025-05-29|2025-05-30|2025-05-31|2025-06-01|2025-06-02|2025-06-03|2025-06-04|2025-06-05|2025-06-06|2025-06-07|2025-06-08|2025-06-09|2025-06-10|2025-06-11|2025-06-12|2025-06-13|2025-06-14|2025-06-15|2025-06-16|2025-06-17|2025-06-18|2025-06-19|2025-06-20|2025-06-21|2025-06-22|2025-06-23|2025-06-24|2025-06-25|2025-06-26|2025-06-27|2025-06-28|2025-06-29|2025-06-30|2025-07-01|2025-07-02|2025-07-03|2025-07-04|2025-07-05|2025-07-06|2025-07-07|2025-07-08|2025-07-09|2025-07-10|2025-07-11|2025-07-12|2025-07-13|2025-07-14|2025-07-15|2025-07-16|2025-07-17|2025-07-18|2025-07-19|2025-07-20|2025-07-21|2025-07-22|2025-07-23|2025-07-24|2025-07-25|2025-07-26|2025-07-27|2025-07-28|2025-07-29|2025-07-30|2025-07-31|2025-08-01|2025-08-02|2025-08-03|2025-08-04|2025-08-05|2025-08-06|2025-08-07|2025-08-08|2025-08-09|2025-08-10|2025-08-11|2025-08-12|2025-08-13|2025-08-14|2025-08-15|2025-08-16|2025-08-17|2025-08-18|2025-08-19|2025-08-20|2025-08-21|2025-08-22|2025-08-23|2025-08-24|2025-08-25|2025-08-26|2025-08-27|2025-08-28|2025-08-29|2025-08-30|2025-08-31|2025-09-01|2025-09-02|2025-09-03|2025-09-04|2025-09-05|2025-09-06|2025-09-07|2025-09-08|2025-09-09|2025-09-10|2025-09-11|2025-09-12|2025-09-13|2025-09-14|2025-09-15|2025-09-16|2025-09-17|2025-09-18|2025-09-19|2025-09-20|2025-09-21|2025-09-22|2025-09-23|2025-09-24|2025-09-25|2025-09-26|2025-09-27|2025-09-28|2025-09-29|2025-09-30|2025-10-01|2025-10-02|2025-10-03|2025-10-04|2025-10-05|2025-10-06|2025-10-07|2025-10-08|2025-10-09|2025-10-10|2025-10-11|2025-10-12|2025-10-13|2025-10-14|2025-10-15,0.06477457391701642,0.06161289723161496,0.06304329850973395,0.06544655030402428
2025-10-17,2,261,2025-01-29,2025-10-16,2025-01-29|2025-01-30|2025-01-31|2025-02-01|2025-02-02|2025-02-03|2025-02-04|2025-02-05|2025-02-06|2025-02-07|2025-02-08|2025-02-09|2025-02-10|2025-02-11|2025-02-12|2025-02-13|2025-02-14|2025-02-15|2025-02-16|2025-02-17|2025-02-18|2025-02-19|2025-02-20|2025-02-21|2025-02-22|2025-02-23|2025-02-24|2025-02-25|2025-02-26|2025-02-27|2025-02-28|2025-03-01|2025-03-02|2025-03-03|2025-03-04|2025-03-05|2025-03-06|2025-03-07|2025-03-08|2025-03-09|2025-03-10|2025-03-11|2025-03-12|2025-03-13|2025-03-14|2025-03-15|2025-03-16|2025-03-17|2025-03-18|2025-03-19|2025-03-20|2025-03-21|2025-03-22|2025-03-23|2025-03-24|2025-03-25|2025-03-26|2025-03-27|2025-03-28|2025-03-29|2025-03-30|2025-03-31|2025-04-01|2025-04-02|2025-04-03|2025-04-04|2025-04-05|2025-04-06|2025-04-07|2025-04-08|2025-04-09|2025-04-10|2025-04-11|2025-04-12|2025-04-13|2025-04-14|2025-04-15|2025-04-16|2025-04-17|2025-04-18|2025-04-19|2025-04-20|2025-04-21|2025-04-22|2025-04-23|2025-04-24|2025-04-25|2025-04-26|2025-04-27|2025-04-28|2025-04-29|2025-04-30|2025-05-01|2025-05-02|2025-05-03|2025-05-04|2025-05-05|2025-05-06|2025-05-07|2025-05-08|2025-05-09|2025-05-10|2025-05-11|2025-05-12|2025-05-13|2025-05-14|2025-05-15|2025-05-16|2025-05-17|2025-05-18|2025-05-19|2025-05-20|2025-05-21|2025-05-22|2025-05-23|2025-05-24|2025-05-25|2025-05-26|2025-05-27|2025-05-28|2025-05-29|2025-05-30|2025-05-31|2025-06-01|2025-06-02|2025-06-03|2025-06-04|2025-06-05|2025-06-06|2025-06-07|2025-06-08|2025-06-09|2025-06-10|2025-06-11|2025-06-12|2025-06-13|2025-06-14|2025-06-15|2025-06-16|2025-06-17|2025-06-18|2025-06-19|2025-06-20|2025-06-21|2025-06-22|2025-06-23|2025-06-24|2025-06-25|2025-06-26|2025-06-27|2025-06-28|2025-06-29|2025-06-30|2025-07-01|2025-07-02|2025-07-03|2025-07-04|2025-07-05|2025-07-06|2025-07-07|2025-07-08|2025-07-09|2025-07-10|2025-07-11|2025-07-12|2025-07-13|2025-07-14|2025-07-15|2025-07-16|2025-07-17|2025-07-18|2025-07-19|2025-07-20|2025-07-21|2025-07-22|2025-07-23|2025-07-24|2025-07-25|2025-07-26|2025-07-27|2025-07-28|2025-07-29|2025-07-30|2025-07-31|2025-08-01|2025-08-02|2025-08-03|2025-08-04|2025-08-05|2025-08-06|2025-08-07|2025-08-08|2025-08-09|2025-08-10|2025-08-11|2025-08-12|2025-08-13|2025-08-14|2025-08-15|2025-08-16|2025-08-17|2025-08-18|2025-08-19|2025-08-20|2025-08-21|2025-08-22|2025-08-23|2025-08-24|2025-08-25|2025-08-26|2025-08-27|2025-08-28|2025-08-29|2025-08-30|2025-08-31|2025-09-01|2025-09-02|2025-09-03|2025-09-04|2025-09-05|2025-09-06|2025-09-07|2025-09-08|2025-09-09|2025-09-10|2025-09-11|2025-09-12|2025-09-13|2025-09-14|2025-09-15|2025-09-16|2025-09-17|2025-09-18|2025-09-19|2025-09-20|2025-09-21|2025-09-22|2025-09-23|2025-09-24|2025-09-25|2025-09-26|2025-09-27|2025-09-28|2025-09-29|2025-09-30|2025-10-01|2025-10-02|2025-10-03|2025-10-04|2025-10-05|2025-10-06|2025-10-07|2025-10-08|2025-10-09|2025-10-10|2025-10-11|2025-10-12|2025-10-13|2025-10-14|2025-10-15|2025-10-16,0.06476636871705926,0.06161877397462723,0.06301665265006866,0.06540628838026856
2025-10-18,2,262,2025-01-29,2025-10-17,2025-01-29|2025-01-30|2025-01-31|2025-02-01|2025-02-02|2025-02-03|2025-02-04|2025-02-05|2025-02-06|2025-02-07|2025-02-08|2025-02-09|2025-02-10|2025-02-11|2025-02-12|2025-02-13|2025-02-14|2025-02-15|2025-02-16|2025-02-17|2025-02-18|2025-02-19|2025-02-20|2025-02-21|2025-02-22|2025-02-23|2025-02-24|2025-02-25|2025-02-26|2025-02-27|2025-02-28|2025-03-01|2025-03-02|2025-03-03|2025-03-04|2025-03-05|2025-03-06|2025-03-07|2025-03-08|2025-03-09|2025-03-10|2025-03-11|2025-03-12|2025-03-13|2025-03-14|2025-03-15|2025-03-16|2025-03-17|2025-03-18|2025-03-19|2025-03-20|2025-03-21|2025-03-22|2025-03-23|2025-03-24|2025-03-25|2025-03-26|2025-03-27|2025-03-28|2025-03-29|2025-03-30|2025-03-31|2025-04-01|2025-04-02|2025-04-03|2025-04-04|2025-04-05|2025-04-06|2025-04-07|2025-04-08|2025-04-09|2025-04-10|2025-04-11|2025-04-12|2025-04-13|2025-04-14|2025-04-15|2025-04-16|2025-04-17|2025-04-18|2025-04-19|2025-04-20|2025-04-21|2025-04-22|2025-04-23|2025-04-24|2025-04-25|2025-04-26|2025-04-27|2025-04-28|2025-04-29|2025-04-30|2025-05-01|2025-05-02|2025-05-03|2025-05-04|2025-05-05|2025-05-06|2025-05-07|2025-05-08|2025-05-09|2025-05-10|2025-05-11|2025-05-12|2025-05-13|2025-05-14|2025-05-15|2025-05-16|2025-05-17|2025-05-18|2025-05-19|2025-05-20|2025-05-21|2025-05-22|2025-05-23|2025-05-24|2025-05-25|2025-05-26|2025-05-27|2025-05-28|2025-05-29|2025-05-30|2025-05-31|2025-06-01|2025-06-02|2025-06-03|2025-06-04|2025-06-05|2025-06-06|2025-06-07|2025-06-08|2025-06-09|2025-06-10|2025-06-11|2025-06-12|2025-06-13|2025-06-14|2025-06-15|2025-06-16|2025-06-17|2025-06-18|2025-06-19|2025-06-20|2025-06-21|2025-06-22|2025-06-23|2025-06-24|2025-06-25|2025-06-26|2025-06-27|2025-06-28|2025-06-29|2025-06-30|2025-07-01|2025-07-02|2025-07-03|2025-07-04|2025-07-05|2025-07-06|2025-07-07|2025-07-08|2025-07-09|2025-07-10|2025-07-11|2025-07-12|2025-07-13|2025-07-14|2025-07-15|2025-07-16|2025-07-17|2025-07-18|2025-07-19|2025-07-20|2025-07-21|2025-07-22|2025-07-23|2025-07-24|2025-07-25|2025-07-26|2025-07-27|2025-07-28|2025-07-29|2025-07-30|2025-07-31|2025-08-01|2025-08-02|2025-08-03|2025-08-04|2025-08-05|2025-08-06|2025-08-07|2025-08-08|2025-08-09|2025-08-10|2025-08-11|2025-08-12|2025-08-13|2025-08-14|2025-08-15|2025-08-16|2025-08-17|2025-08-18|2025-08-19|2025-08-20|2025-08-21|2025-08-22|2025-08-23|2025-08-24|2025-08-25|2025-08-26|2025-08-27|2025-08-28|2025-08-29|2025-08-30|2025-08-31|2025-09-01|2025-09-02|2025-09-03|2025-09-04|2025-09-05|2025-09-06|2025-09-07|2025-09-08|2025-09-09|2025-09-10|2025-09-11|2025-09-12|2025-09-13|2025-09-14|2025-09-15|2025-09-16|2025-09-17|2025-09-18|2025-09-19|2025-09-20|2025-09-21|2025-09-22|2025-09-23|2025-09-24|2025-09-25|2025-09-26|2025-09-27|2025-09-28|2025-09-29|2025-09-30|2025-10-01|2025-10-02|2025-10-03|2025-10-04|2025-10-05|2025-10-06|2025-10-07|2025-10-08|2025-10-09|2025-10-10|2025-10-11|2025-10-12|2025-10-13|2025-10-14|2025-10-15|2025-10-16|2025-10-17,0.06483736792382679,0.061669150353198955,0.06302506181698939,0.065383990250924
2025-10-19,2,263,2025-01-29,2025-10-18,2025-01-29|2025-01-30|2025-01-31|2025-02-01|2025-02-02|2025-02-03|2025-02-04|2025-02-05|2025-02-06|2025-02-07|2025-02-08|2025-02-09|2025-02-10|2025-02-11|2025-02-12|2025-02-13|2025-02-14|2025-02-15|2025-02-16|2025-02-17|2025-02-18|2025-02-19|2025-02-20|2025-02-21|2025-02-22|2025-02-23|2025-02-24|2025-02-25|2025-02-26|2025-02-27|2025-02-28|2025-03-01|2025-03-02|2025-03-03|2025-03-04|2025-03-05|2025-03-06|2025-03-07|2025-03-08|2025-03-09|2025-03-10|2025-03-11|2025-03-12|2025-03-13|2025-03-14|2025-03-15|2025-03-16|2025-03-17|2025-03-18|2025-03-19|2025-03-20|2025-03-21|2025-03-22|2025-03-23|2025-03-24|2025-03-25|2025-03-26|2025-03-27|2025-03-28|2025-03-29|2025-03-30|2025-03-31|2025-04-01|2025-04-02|2025-04-03|2025-04-04|2025-04-05|2025-04-06|2025-04-07|2025-04-08|2025-04-09|2025-04-10|2025-04-11|2025-04-12|2025-04-13|2025-04-14|2025-04-15|2025-04-16|2025-04-17|2025-04-18|2025-04-19|2025-04-20|2025-04-21|2025-04-22|2025-04-23|2025-04-24|2025-04-25|2025-04-26|2025-04-27|2025-04-28|2025-04-29|2025-04-30|2025-05-01|2025-05-02|2025-05-03|2025-05-04|2025-05-05|2025-05-06|2025-05-07|2025-05-08|2025-05-09|2025-05-10|2025-05-11|2025-05-12|2025-05-13|2025-05-14|2025-05-15|2025-05-16|2025-05-17|2025-05-18|2025-05-19|2025-05-20|2025-05-21|2025-05-22|2025-05-23|2025-05-24|2025-05-25|2025-05-26|2025-05-27|2025-05-28|2025-05-29|2025-05-30|2025-05-31|2025-06-01|2025-06-02|2025-06-03|2025-06-04|2025-06-05|2025-06-06|2025-06-07|2025-06-08|2025-06-09|2025-06-10|2025-06-11|2025-06-12|2025-06-13|2025-06-14|2025-06-15|2025-06-16|2025-06-17|2025-06-18|2025-06-19|2025-06-20|2025-06-21|2025-06-22|2025-06-23|2025-06-24|2025-06-25|2025-06-26|2025-06-27|2025-06-28|2025-06-29|2025-06-30|2025-07-01|2025-07-02|2025-07-03|2025-07-04|2025-07-05|2025-07-06|2025-07-07|2025-07-08|2025-07-09|2025-07-10|2025-07-11|2025-07-12|2025-07-13|2025-07-14|2025-07-15|2025-07-16|2025-07-17|2025-07-18|2025-07-19|2025-07-20|2025-07-21|2025-07-22|2025-07-23|2025-07-24|2025-07-25|2025-07-26|2025-07-27|2025-07-28|2025-07-29|2025-07-30|2025-07-31|2025-08-01|2025-08-02|2025-08-03|2025-08-04|2025-08-05|2025-08-06|2025-08-07|2025-08-08|2025-08-09|2025-08-10|2025-08-11|2025-08-12|2025-08-13|2025-08-14|2025-08-15|2025-08-16|2025-08-17|2025-08-18|2025-08-19|2025-08-20|2025-08-21|2025-08-22|2025-08-23|2025-08-24|2025-08-25|2025-08-26|2025-08-27|2025-08-28|2025-08-29|2025-08-30|2025-08-31|2025-09-01|2025-09-02|2025-09-03|2025-09-04|2025-09-05|2025-09-06|2025-09-07|2025-09-08|2025-09-09|2025-09-10|2025-09-11|2025-09-12|2025-09-13|2025-09-14|2025-09-15|2025-09-16|2025-09-17|2025-09-18|2025-09-19|2025-09-20|2025-09-21|2025-09-22|2025-09-23|2025-09-24|2025-09-25|2025-09-26|2025-09-27|2025-09-28|2025-09-29|2025-09-30|2025-10-01|2025-10-02|2025-10-03|2025-10-04|2025-10-05|2025-10-06|2025-10-07|2025-10-08|2025-10-09|2025-10-10|2025-10-11|2025-10-12|2025-10-13|2025-10-14|2025-10-15|2025-10-16|2025-10-17|2025-10-18,0.06485000545964305,0.06165705722522039,0.06299502425008903,0.06535146974026113
2025-10-20,2,264,2025-01-29,2025-10-19,2025-01-29|2025-01-30|2025-01-31|2025-02-01|2025-02-02|2025-02-03|2025-02-04|2025-02-05|2025-02-06|2025-02-07|2025-02-08|2025-02-09|2025-02-10|2025-02-11|2025-02-12|2025-02-13|2025-02-14|2025-02-15|2025-02-16|2025-02-17|2025-02-18|2025-02-19|2025-02-20|2025-02-21|2025-02-22|2025-02-23|2025-02-24|2025-02-25|2025-02-26|2025-02-27|2025-02-28|2025-03-01|2025-03-02|2025-03-03|2025-03-04|2025-03-05|2025-03-06|2025-03-07|2025-03-08|2025-03-09|2025-03-10|2025-03-11|2025-03-12|2025-03-13|2025-03-14|2025-03-15|2025-03-16|2025-03-17|2025-03-18|2025-03-19|2025-03-20|2025-03-21|2025-03-22|2025-03-23|2025-03-24|2025-03-25|2025-03-26|2025-03-27|2025-03-28|2025-03-29|2025-03-30|2025-03-31|2025-04-01|2025-04-02|2025-04-03|2025-04-04|2025-04-05|2025-04-06|2025-04-07|2025-04-08|2025-04-09|2025-04-10|2025-04-11|2025-04-12|2025-04-13|2025-04-14|2025-04-15|2025-04-16|2025-04-17|2025-04-18|2025-04-19|2025-04-20|2025-04-21|2025-04-22|2025-04-23|2025-04-24|2025-04-25|2025-04-26|2025-04-27|2025-04-28|2025-04-29|2025-04-30|2025-05-01|2025-05-02|2025-05-03|2025-05-04|2025-05-05|2025-05-06|2025-05-07|2025-05-08|2025-05-09|2025-05-10|2025-05-11|2025-05-12|2025-05-13|2025-05-14|2025-05-15|2025-05-16|2025-05-17|2025-05-18|2025-05-19|2025-05-20|2025-05-21|2025-05-22|2025-05-23|2025-05-24|2025-05-25|2025-05-26|2025-05-27|2025-05-28|2025-05-29|2025-05-30|2025-05-31|2025-06-01|2025-06-02|2025-06-03|2025-06-04|2025-06-05|2025-06-06|2025-06-07|2025-06-08|2025-06-09|2025-06-10|2025-06-11|2025-06-12|2025-06-13|2025-06-14|2025-06-15|2025-06-16|2025-06-17|2025-06-18|2025-06-19|2025-06-20|2025-06-21|2025-06-22|2025-06-23|2025-06-24|2025-06-25|2025-06-26|2025-06-27|2025-06-28|2025-06-29|2025-06-30|2025-07-01|2025-07-02|2025-07-03|2025-07-04|2025-07-05|2025-07-06|2025-07-07|2025-07-08|2025-07-09|2025-07-10|2025-07-11|2025-07-12|2025-07-13|2025-07-14|2025-07-15|2025-07-16|2025-07-17|2025-07-18|2025-07-19|2025-07-20|2025-07-21|2025-07-22|2025-07-23|2025-07-24|2025-07-25|2025-07-26|2025-07-27|2025-07-28|2025-07-29|2025-07-30|2025-07-31|2025-08-01|2025-08-02|2025-08-03|2025-08-04|2025-08-05|2025-08-06|2025-08-07|2025-08-08|2025-08-09|2025-08-10|2025-08-11|2025-08-12|2025-08-13|2025-08-14|2025-08-15|2025-08-16|2025-08-17|2025-08-18|2025-08-19|2025-08-20|2025-08-21|2025-08-22|2025-08-23|2025-08-24|2025-08-25|2025-08-26|2025-08-27|2025-08-28|2025-08-29|2025-08-30|2025-08-31|2025-09-01|2025-09-02|2025-09-03|2025-09-04|2025-09-05|2025-09-06|2025-09-07|2025-09-08|2025-09-09|2025-09-10|2025-09-11|2025-09-12|2025-09-13|2025-09-14|2025-09-15|2025-09-16|2025-09-17|2025-09-18|2025-09-19|2025-09-20|2025-09-21|2025-09-22|2025-09-23|2025-09-24|2025-09-25|2025-09-26|2025-09-27|2025-09-28|2025-09-29|2025-09-30|2025-10-01|2025-10-02|2025-10-03|2025-10-04|2025-10-05|2025-10-06|2025-10-07|2025-10-08|2025-10-09|2025-10-10|2025-10-11|2025-10-12|2025-10-13|2025-10-14|2025-10-15|2025-10-16|2025-10-17|2025-10-18|2025-10-19,0.0648011658237779,0.06163438563378094,0.06293102336778462,0.06528052603820712
2025-10-21,2,265,2025-01-29,2025-10-20,2025-01-29|2025-01-30|2025-01-31|2025-02-01|2025-02-02|2025-02-03|2025-02-04|2025-02-05|2025-02-06|2025-02-07|2025-02-08|2025-02-09|2025-02-10|2025-02-11|2025-02-12|2025-02-13|2025-02-14|2025-02-15|2025-02-16|2025-02-17|2025-02-18|2025-02-19|2025-02-20|2025-02-21|2025-02-22|2025-02-23|2025-02-24|2025-02-25|2025-02-26|2025-02-27|2025-02-28|2025-03-01|2025-03-02|2025-03-03|2025-03-04|2025-03-05|2025-03-06|2025-03-07|2025-03-08|2025-03-09|2025-03-10|2025-03-11|2025-03-12|2025-03-13|2025-03-14|2025-03-15|2025-03-16|2025-03-17|2025-03-18|2025-03-19|2025-03-20|2025-03-21|2025-03-22|2025-03-23|2025-03-24|2025-03-25|2025-03-26|2025-03-27|2025-03-28|2025-03-29|2025-03-30|2025-03-31|2025-04-01|2025-04-02|2025-04-03|2025-04-04|2025-04-05|2025-04-06|2025-04-07|2025-04-08|2025-04-09|2025-04-10|2025-04-11|2025-04-12|2025-04-13|2025-04-14|2025-04-15|2025-04-16|2025-04-17|2025-04-18|2025-04-19|2025-04-20|2025-04-21|2025-04-22|2025-04-23|2025-04-24|2025-04-25|2025-04-26|2025-04-27|2025-04-28|2025-04-29|2025-04-30|2025-05-01|2025-05-02|2025-05-03|2025-05-04|2025-05-05|2025-05-06|2025-05-07|2025-05-08|2025-05-09|2025-05-10|2025-05-11|2025-05-12|2025-05-13|2025-05-14|2025-05-15|2025-05-16|2025-05-17|2025-05-18|2025-05-19|2025-05-20|2025-05-21|2025-05-22|2025-05-23|2025-05-24|2025-05-25|2025-05-26|2025-05-27|2025-05-28|2025-05-29|2025-05-30|2025-05-31|2025-06-01|2025-06-02|2025-06-03|2025-06-04|2025-06-05|2025-06-06|2025-06-07|2025-06-08|2025-06-09|2025-06-10|2025-06-11|2025-06-12|2025-06-13|2025-06-14|2025-06-15|2025-06-16|2025-06-17|2025-06-18|2025-06-19|2025-06-20|2025-06-21|2025-06-22|2025-06-23|2025-06-24|2025-06-25|2025-06-26|2025-06-27|2025-06-28|2025-06-29|2025-06-30|2025-07-01|2025-07-02|2025-07-03|2025-07-04|2025-07-05|2025-07-06|2025-07-07|2025-07-08|2025-07-09|2025-07-10|2025-07-11|2025-07-12|2025-07-13|2025-07-14|2025-07-15|2025-07-16|2025-07-17|2025-07-18|2025-07-19|2025-07-20|2025-07-21|2025-07-22|2025-07-23|2025-07-24|2025-07-25|2025-07-26|2025-07-27|2025-07-28|2025-07-29|2025-07-30|2025-07-31|2025-08-01|2025-08-02|2025-08-03|2025-08-04|2025-08-05|2025-08-06|2025-08-07|2025-08-08|2025-08-09|2025-08-10|2025-08-11|2025-08-12|2025-08-13|2025-08-14|2025-08-15|2025-08-16|2025-08-17|2025-08-18|2025-08-19|2025-08-20|2025-08-21|2025-08-22|2025-08-23|2025-08-24|2025-08-25|2025-08-26|2025-08-27|2025-08-28|2025-08-29|2025-08-30|2025-08-31|2025-09-01|2025-09-02|2025-09-03|2025-09-04|2025-09-05|2025-09-06|2025-09-07|2025-09-08|2025-09-09|2025-09-10|2025-09-11|2025-09-12|2025-09-13|2025-09-14|2025-09-15|2025-09-16|2025-09-17|2025-09-18|2025-09-19|2025-09-20|2025-09-21|2025-09-22|2025-09-23|2025-09-24|2025-09-25|2025-09-26|2025-09-27|2025-09-28|2025-09-29|2025-09-30|2025-10-01|2025-10-02|2025-10-03|2025-10-04|2025-10-05|2025-10-06|2025-10-07|2025-10-08|2025-10-09|2025-10-10|2025-10-11|2025-10-12|2025-10-13|2025-10-14|2025-10-15|2025-10-16|2025-10-17|2025-10-18|2025-10-19|2025-10-20,0.06475186378026465,0.0615893729986469,0.0628580500412745,0.06519610867553714
2025-10-22,2,266,2025-01-29,2025-10-21,2025-01-29|2025-01-30|2025-01-31|2025-02-01|2025-02-02|2025-02-03|2025-02-04|2025-02-05|2025-02-06|2025-02-07|2025-02-08|2025-02-09|2025-02-10|2025-02-11|2025-02-12|2025-02-13|2025-02-14|2025-02-15|2025-02-16|2025-02-17|2025-02-18|2025-02-19|2025-02-20|2025-02-21|2025-02-22|2025-02-23|2025-02-24|2025-02-25|2025-02-26|2025-02-27|2025-02-28|2025-03-01|2025-03-02|2025-03-03|2025-03-04|2025-03-05|2025-03-06|2025-03-07|2025-03-08|2025-03-09|2025-03-10|2025-03-11|2025-03-12|2025-03-13|2025-03-14|2025-03-15|2025-03-16|2025-03-17|2025-03-18|2025-03-19|2025-03-20|2025-03-21|2025-03-22|2025-03-23|2025-03-24|2025-03-25|2025-03-26|2025-03-27|2025-03-28|2025-03-29|2025-03-30|2025-03-31|2025-04-01|2025-04-02|2025-04-03|2025-04-04|2025-04-05|2025-04-06|2025-04-07|2025-04-08|2025-04-09|2025-04-10|2025-04-11|2025-04-12|2025-04-13|2025-04-14|2025-04-15|2025-04-16|2025-04-17|2025-04-18|2025-04-19|2025-04-20|2025-04-21|2025-04-22|2025-04-23|2025-04-24|2025-04-25|2025-04-26|2025-04-27|2025-04-28|2025-04-29|2025-04-30|2025-05-01|2025-05-02|2025-05-03|2025-05-04|2025-05-05|2025-05-06|2025-05-07|2025-05-08|2025-05-09|2025-05-10|2025-05-11|2025-05-12|2025-05-13|2025-05-14|2025-05-15|2025-05-16|2025-05-17|2025-05-18|2025-05-19|2025-05-20|2025-05-21|2025-05-22|2025-05-23|2025-05-24|2025-05-25|2025-05-26|2025-05-27|2025-05-28|2025-05-29|2025-05-30|2025-05-31|2025-06-01|2025-06-02|2025-06-03|2025-06-04|2025-06-05|2025-06-06|2025-06-07|2025-06-08|2025-06-09|2025-06-10|2025-06-11|2025-06-12|2025-06-13|2025-06-14|2025-06-15|2025-06-16|2025-06-17|2025-06-18|2025-06-19|2025-06-20|2025-06-21|2025-06-22|2025-06-23|2025-06-24|2025-06-25|2025-06-26|2025-06-27|2025-06-28|2025-06-29|2025-06-30|2025-07-01|2025-07-02|2025-07-03|2025-07-04|2025-07-05|2025-07-06|2025-07-07|2025-07-08|2025-07-09|2025-07-10|2025-07-11|2025-07-12|2025-07-13|2025-07-14|2025-07-15|2025-07-16|2025-07-17|2025-07-18|2025-07-19|2025-07-20|2025-07-21|2025-07-22|2025-07-23|2025-07-24|2025-07-25|2025-07-26|2025-07-27|2025-07-28|2025-07-29|2025-07-30|2025-07-31|2025-08-01|2025-08-02|2025-08-03|2025-08-04|2025-08-05|2025-08-06|2025-08-07|2025-08-08|2025-08-09|2025-08-10|2025-08-11|2025-08-12|2025-08-13|2025-08-14|2025-08-15|2025-08-16|2025-08-17|2025-08-18|2025-08-19|2025-08-20|2025-08-21|2025-08-22|2025-08-23|2025-08-24|2025-08-25|2025-08-26|2025-08-27|2025-08-28|2025-08-29|2025-08-30|2025-08-31|2025-09-01|2025-09-02|2025-09-03|2025-09-04|2025-09-05|2025-09-06|2025-09-07|2025-09-08|2025-09-09|2025-09-10|2025-09-11|2025-09-12|2025-09-13|2025-09-14|2025-09-15|2025-09-16|2025-09-17|2025-09-18|2025-09-19|2025-09-20|2025-09-21|2025-09-22|2025-09-23|2025-09-24|2025-09-25|2025-09-26|2025-09-27|2025-09-28|2025-09-29|2025-09-30|2025-10-01|2025-10-02|2025-10-03|2025-10-04|2025-10-05|2025-10-06|2025-10-07|2025-10-08|2025-10-09|2025-10-10|2025-10-11|2025-10-12|2025-10-13|2025-10-14|2025-10-15|2025-10-16|2025-10-17|2025-10-18|2025-10-19|2025-10-20|2025-10-21,0.06473674055233536,0.06156882810047419,0.06280297642788976,0.06513408945279257
2025-10-23,2,267,2025-01-29,2025-10-22,2025-01-29|2025-01-30|2025-01-31|2025-02-01|2025-02-02|2025-02-03|2025-02-04|2025-02-05|2025-02-06|2025-02-07|2025-02-08|2025-02-09|2025-02-10|2025-02-11|2025-02-12|2025-02-13|2025-02-14|2025-02-15|2025-02-16|2025-02-17|2025-02-18|2025-02-19|2025-02-20|2025-02-21|2025-02-22|2025-02-23|2025-02-24|2025-02-25|2025-02-26|2025-02-27|2025-02-28|2025-03-01|2025-03-02|2025-03-03|2025-03-04|2025-03-05|2025-03-06|2025-03-07|2025-03-08|2025-03-09|2025-03-10|2025-03-11|2025-03-12|2025-03-13|2025-03-14|2025-03-15|2025-03-16|2025-03-17|2025-03-18|2025-03-19|2025-03-20|2025-03-21|2025-03-22|2025-03-23|2025-03-24|2025-03-25|2025-03-26|2025-03-27|2025-03-28|2025-03-29|2025-03-30|2025-03-31|2025-04-01|2025-04-02|2025-04-03|2025-04-04|2025-04-05|2025-04-06|2025-04-07|2025-04-08|2025-04-09|2025-04-10|2025-04-11|2025-04-12|2025-04-13|2025-04-14|2025-04-15|2025-04-16|2025-04-17|2025-04-18|2025-04-19|2025-04-20|2025-04-21|2025-04-22|2025-04-23|2025-04-24|2025-04-25|2025-04-26|2025-04-27|2025-04-28|2025-04-29|2025-04-30|2025-05-01|2025-05-02|2025-05-03|2025-05-04|2025-05-05|2025-05-06|2025-05-07|2025-05-08|2025-05-09|2025-05-10|2025-05-11|2025-05-12|2025-05-13|2025-05-14|2025-05-15|2025-05-16|2025-05-17|2025-05-18|2025-05-19|2025-05-20|2025-05-21|2025-05-22|2025-05-23|2025-05-24|2025-05-25|2025-05-26|2025-05-27|2025-05-28|2025-05-29|2025-05-30|2025-05-31|2025-06-01|2025-06-02|2025-06-03|2025-06-04|2025-06-05|2025-06-06|2025-06-07|2025-06-08|2025-06-09|2025-06-10|2025-06-11|2025-06-12|2025-06-13|2025-06-14|2025-06-15|2025-06-16|2025-06-17|2025-06-18|2025-06-19|2025-06-20|2025-06-21|2025-06-22|2025-06-23|2025-06-24|2025-06-25|2025-06-26|2025-06-27|2025-06-28|2025-06-29|2025-06-30|2025-07-01|2025-07-02|2025-07-03|2025-07-04|2025-07-05|2025-07-06|2025-07-07|2025-07-08|2025-07-09|2025-07-10|2025-07-11|2025-07-12|2025-07-13|2025-07-14|2025-07-15|2025-07-16|2025-07-17|2025-07-18|2025-07-19|2025-07-20|2025-07-21|2025-07-22|2025-07-23|2025-07-24|2025-07-25|2025-07-26|2025-07-27|2025-07-28|2025-07-29|2025-07-30|2025-07-31|2025-08-01|2025-08-02|2025-08-03|2025-08-04|2025-08-05|2025-08-06|2025-08-07|2025-08-08|2025-08-09|2025-08-10|2025-08-11|2025-08-12|2025-08-13|2025-08-14|2025-08-15|2025-08-16|2025-08-17|2025-08-18|2025-08-19|2025-08-20|2025-08-21|2025-08-22|2025-08-23|2025-08-24|2025-08-25|2025-08-26|2025-08-27|2025-08-28|2025-08-29|2025-08-30|2025-08-31|2025-09-01|2025-09-02|2025-09-03|2025-09-04|2025-09-05|2025-09-06|2025-09-07|2025-09-08|2025-09-09|2025-09-10|2025-09-11|2025-09-12|2025-09-13|2025-09-14|2025-09-15|2025-09-16|2025-09-17|2025-09-18|2025-09-19|2025-09-20|2025-09-21|2025-09-22|2025-09-23|2025-09-24|2025-09-25|2025-09-26|2025-09-27|2025-09-28|2025-09-29|2025-09-30|2025-10-01|2025-10-02|2025-10-03|2025-10-04|2025-10-05|2025-10-06|2025-10-07|2025-10-08|2025-10-09|2025-10-10|2025-10-11|2025-10-12|2025-10-13|2025-10-14|2025-10-15|2025-10-16|2025-10-17|2025-10-18|2025-10-19|2025-10-20|2025-10-21|2025-10-22,0.06469568100456752,0.06153147305415892,0.06279670282558397,0.06511022091320429
2025-10-24,2,268,2025-01-29,2025-10-23,2025-01-29|2025-01-30|2025-01-31|2025-02-01|2025-02-02|2025-02-03|2025-02-04|2025-02-05|2025-02-06|2025-02-07|2025-02-08|2025-02-09|2025-02-10|2025-02-11|2025-02-12|2025-02-13|2025-02-14|2025-02-15|2025-02-16|2025-02-17|2025-02-18|2025-02-19|2025-02-20|2025-02-21|2025-02-22|2025-02-23|2025-02-24|2025-02-25|2025-02-26|2025-02-27|2025-02-28|2025-03-01|2025-03-02|2025-03-03|2025-03-04|2025-03-05|2025-03-06|2025-03-07|2025-03-08|2025-03-09|2025-03-10|2025-03-11|2025-03-12|2025-03-13|2025-03-14|2025-03-15|2025-03-16|2025-03-17|2025-03-18|2025-03-19|2025-03-20|2025-03-21|2025-03-22|2025-03-23|2025-03-24|2025-03-25|2025-03-26|2025-03-27|2025-03-28|2025-03-29|2025-03-30|2025-03-31|2025-04-01|2025-04-02|2025-04-03|2025-04-04|2025-04-05|2025-04-06|2025-04-07|2025-04-08|2025-04-09|2025-04-10|2025-04-11|2025-04-12|2025-04-13|2025-04-14|2025-04-15|2025-04-16|2025-04-17|2025-04-18|2025-04-19|2025-04-20|2025-04-21|2025-04-22|2025-04-23|2025-04-24|2025-04-25|2025-04-26|2025-04-27|2025-04-28|2025-04-29|2025-04-30|2025-05-01|2025-05-02|2025-05-03|2025-05-04|2025-05-05|2025-05-06|2025-05-07|2025-05-08|2025-05-09|2025-05-10|2025-05-11|2025-05-12|2025-05-13|2025-05-14|2025-05-15|2025-05-16|2025-05-17|2025-05-18|2025-05-19|2025-05-20|2025-05-21|2025-05-22|2025-05-23|2025-05-24|2025-05-25|2025-05-26|2025-05-27|2025-05-28|2025-05-29|2025-05-30|2025-05-31|2025-06-01|2025-06-02|2025-06-03|2025-06-04|2025-06-05|2025-06-06|2025-06-07|2025-06-08|2025-06-09|2025-06-10|2025-06-11|2025-06-12|2025-06-13|2025-06-14|2025-06-15|2025-06-16|2025-06-17|2025-06-18|2025-06-19|2025-06-20|2025-06-21|2025-06-22|2025-06-23|2025-06-24|2025-06-25|2025-06-26|2025-06-27|2025-06-28|2025-06-29|2025-06-30|2025-07-01|2025-07-02|2025-07-03|2025-07-04|2025-07-05|2025-07-06|2025-07-07|2025-07-08|2025-07-09|2025-07-10|2025-07-11|2025-07-12|2025-07-13|2025-07-14|2025-07-15|2025-07-16|2025-07-17|2025-07-18|2025-07-19|2025-07-20|2025-07-21|2025-07-22|2025-07-23|2025-07-24|2025-07-25|2025-07-26|2025-07-27|2025-07-28|2025-07-29|2025-07-30|2025-07-31|2025-08-01|2025-08-02|2025-08-03|2025-08-04|2025-08-05|2025-08-06|2025-08-07|2025-08-08|2025-08-09|2025-08-10|2025-08-11|2025-08-12|2025-08-13|2025-08-14|2025-08-15|2025-08-16|2025-08-17|2025-08-18|2025-08-19|2025-08-20|2025-08-21|2025-08-22|2025-08-23|2025-08-24|2025-08-25|2025-08-26|2025-08-27|2025-08-28|2025-08-29|2025-08-30|2025-08-31|2025-09-01|2025-09-02|2025-09-03|2025-09-04|2025-09-05|2025-09-06|2025-09-07|2025-09-08|2025-09-09|2025-09-10|2025-09-11|2025-09-12|2025-09-13|2025-09-14|2025-09-15|2025-09-16|2025-09-17|2025-09-18|2025-09-19|2025-09-20|2025-09-21|2025-09-22|2025-09-23|2025-09-24|2025-09-25|2025-09-26|2025-09-27|2025-09-28|2025-09-29|2025-09-30|2025-10-01|2025-10-02|2025-10-03|2025-10-04|2025-10-05|2025-10-06|2025-10-07|2025-10-08|2025-10-09|2025-10-10|2025-10-11|2025-10-12|2025-10-13|2025-10-14|2025-10-15|2025-10-16|2025-10-17|2025-10-18|2025-10-19|2025-10-20|2025-10-21|2025-10-22|2025-10-23,0.06463956028356292,0.06148956969201833,0.06276435127181844,0.0650674415545805
2025-10-25,2,269,2025-01-29,2025-10-24,2025-01-29|2025-01-30|2025-01-31|2025-02-01|2025-02-02|2025-02-03|2025-02-04|2025-02-05|2025-02-06|2025-02-07|2025-02-08|2025-02-09|2025-02-10|2025-02-11|2025-02-12|2025-02-13|2025-02-14|2025-02-15|2025-02-16|2025-02-17|2025-02-18|2025-02-19|2025-02-20|2025-02-21|2025-02-22|2025-02-23|2025-02-24|2025-02-25|2025-02-26|2025-02-27|2025-02-28|2025-03-01|2025-03-02|2025-03-03|2025-03-04|2025-03-05|2025-03-06|2025-03-07|2025-03-08|2025-03-09|2025-03-10|2025-03-11|2025-03-12|2025-03-13|2025-03-14|2025-03-15|2025-03-16|2025-03-17|2025-03-18|2025-03-19|2025-03-20|2025-03-21|2025-03-22|2025-03-23|2025-03-24|2025-03-25|2025-03-26|2025-03-27|2025-03-28|2025-03-29|2025-03-30|2025-03-31|2025-04-01|2025-04-02|2025-04-03|2025-04-04|2025-04-05|2025-04-06|2025-04-07|2025-04-08|2025-04-09|2025-04-10|2025-04-11|2025-04-12|2025-04-13|2025-04-14|2025-04-15|2025-04-16|2025-04-17|2025-04-18|2025-04-19|2025-04-20|2025-04-21|2025-04-22|2025-04-23|2025-04-24|2025-04-25|2025-04-26|2025-04-27|2025-04-28|2025-04-29|2025-04-30|2025-05-01|2025-05-02|2025-05-03|2025-05-04|2025-05-05|2025-05-06|2025-05-07|2025-05-08|2025-05-09|2025-05-10|2025-05-11|2025-05-12|2025-05-13|2025-05-14|2025-05-15|2025-05-16|2025-05-17|2025-05-18|2025-05-19|2025-05-20|2025-05-21|2025-05-22|2025-05-23|2025-05-24|2025-05-25|2025-05-26|2025-05-27|2025-05-28|2025-05-29|2025-05-30|2025-05-31|2025-06-01|2025-06-02|2025-06-03|2025-06-04|2025-06-05|2025-06-06|2025-06-07|2025-06-08|2025-06-09|2025-06-10|2025-06-11|2025-06-12|2025-06-13|2025-06-14|2025-06-15|2025-06-16|2025-06-17|2025-06-18|2025-06-19|2025-06-20|2025-06-21|2025-06-22|2025-06-23|2025-06-24|2025-06-25|2025-06-26|2025-06-27|2025-06-28|2025-06-29|2025-06-30|2025-07-01|2025-07-02|2025-07-03|2025-07-04|2025-07-05|2025-07-06|2025-07-07|2025-07-08|2025-07-09|2025-07-10|2025-07-11|2025-07-12|2025-07-13|2025-07-14|2025-07-15|2025-07-16|2025-07-17|2025-07-18|2025-07-19|2025-07-20|2025-07-21|2025-07-22|2025-07-23|2025-07-24|2025-07-25|2025-07-26|2025-07-27|2025-07-28|2025-07-29|2025-07-30|2025-07-31|2025-08-01|2025-08-02|2025-08-03|2025-08-04|2025-08-05|2025-08-06|2025-08-07|2025-08-08|2025-08-09|2025-08-10|2025-08-11|2025-08-12|2025-08-13|2025-08-14|2025-08-15|2025-08-16|2025-08-17|2025-08-18|2025-08-19|2025-08-20|2025-08-21|2025-08-22|2025-08-23|2025-08-24|2025-08-25|2025-08-26|2025-08-27|2025-08-28|2025-08-29|2025-08-30|2025-08-31|2025-09-01|2025-09-02|2025-09-03|2025-09-04|2025-09-05|2025-09-06|2025-09-07|2025-09-08|2025-09-09|2025-09-10|2025-09-11|2025-09-12|2025-09-13|2025-09-14|2025-09-15|2025-09-16|2025-09-17|2025-09-18|2025-09-19|2025-09-20|2025-09-21|2025-09-22|2025-09-23|2025-09-24|2025-09-25|2025-09-26|2025-09-27|2025-09-28|2025-09-29|2025-09-30|2025-10-01|2025-10-02|2025-10-03|2025-10-04|2025-10-05|2025-10-06|2025-10-07|2025-10-08|2025-10-09|2025-10-10|2025-10-11|2025-10-12|2025-10-13|2025-10-14|2025-10-15|2025-10-16|2025-10-17|2025-10-18|2025-10-19|2025-10-20|2025-10-21|2025-10-22|2025-10-23|2025-10-24,0.06465549497932141,0.061507076533378544,0.06279353671294284,0.06506948015210155
2025-10-26,2,270,2025-01-29,2025-10-25,2025-01-29|2025-01-30|2025-01-31|2025-02-01|2025-02-02|2025-02-03|2025-02-04|2025-02-05|2025-02-06|2025-02-07|2025-02-08|2025-02-09|2025-02-10|2025-02-11|2025-02-12|2025-02-13|2025-02-14|2025-02-15|2025-02-16|2025-02-17|2025-02-18|2025-02-19|2025-02-20|2025-02-21|2025-02-22|2025-02-23|2025-02-24|2025-02-25|2025-02-26|2025-02-27|2025-02-28|2025-03-01|2025-03-02|2025-03-03|2025-03-04|2025-03-05|2025-03-06|2025-03-07|2025-03-08|2025-03-09|2025-03-10|2025-03-11|2025-03-12|2025-03-13|2025-03-14|2025-03-15|2025-03-16|2025-03-17|2025-03-18|2025-03-19|2025-03-20|2025-03-21|2025-03-22|2025-03-23|2025-03-24|2025-03-25|2025-03-26|2025-03-27|2025-03-28|2025-03-29|2025-03-30|2025-03-31|2025-04-01|2025-04-02|2025-04-03|2025-04-04|2025-04-05|2025-04-06|2025-04-07|2025-04-08|2025-04-09|2025-04-10|2025-04-11|2025-04-12|2025-04-13|2025-04-14|2025-04-15|2025-04-16|2025-04-17|2025-04-18|2025-04-19|2025-04-20|2025-04-21|2025-04-22|2025-04-23|2025-04-24|2025-04-25|2025-04-26|2025-04-27|2025-04-28|2025-04-29|2025-04-30|2025-05-01|2025-05-02|2025-05-03|2025-05-04|2025-05-05|2025-05-06|2025-05-07|2025-05-08|2025-05-09|2025-05-10|2025-05-11|2025-05-12|2025-05-13|2025-05-14|2025-05-15|2025-05-16|2025-05-17|2025-05-18|2025-05-19|2025-05-20|2025-05-21|2025-05-22|2025-05-23|2025-05-24|2025-05-25|2025-05-26|2025-05-27|2025-05-28|2025-05-29|2025-05-30|2025-05-31|2025-06-01|2025-06-02|2025-06-03|2025-06-04|2025-06-05|2025-06-06|2025-06-07|2025-06-08|2025-06-09|2025-06-10|2025-06-11|2025-06-12|2025-06-13|2025-06-14|2025-06-15|2025-06-16|2025-06-17|2025-06-18|2025-06-19|2025-06-20|2025-06-21|2025-06-22|2025-06-23|2025-06-24|2025-06-25|2025-06-26|2025-06-27|2025-06-28|2025-06-29|2025-06-30|2025-07-01|2025-07-02|2025-07-03|2025-07-04|2025-07-05|2025-07-06|2025-07-07|2025-07-08|2025-07-09|2025-07-10|2025-07-11|2025-07-12|2025-07-13|2025-07-14|2025-07-15|2025-07-16|2025-07-17|2025-07-18|2025-07-19|2025-07-20|2025-07-21|2025-07-22|2025-07-23|2025-07-24|2025-07-25|2025-07-26|2025-07-27|2025-07-28|2025-07-29|2025-07-30|2025-07-31|2025-08-01|2025-08-02|2025-08-03|2025-08-04|2025-08-05|2025-08-06|2025-08-07|2025-08-08|2025-08-09|2025-08-10|2025-08-11|2025-08-12|2025-08-13|2025-08-14|2025-08-15|2025-08-16|2025-08-17|2025-08-18|2025-08-19|2025-08-20|2025-08-21|2025-08-22|2025-08-23|2025-08-24|2025-08-25|2025-08-26|2025-08-27|2025-08-28|2025-08-29|2025-08-30|2025-08-31|2025-09-01|2025-09-02|2025-09-03|2025-09-04|2025-09-05|2025-09-06|2025-09-07|2025-09-08|2025-09-09|2025-09-10|2025-09-11|2025-09-12|2025-09-13|2025-09-14|2025-09-15|2025-09-16|2025-09-17|2025-09-18|2025-09-19|2025-09-20|2025-09-21|2025-09-22|2025-09-23|2025-09-24|2025-09-25|2025-09-26|2025-09-27|2025-09-28|2025-09-29|2025-09-30|2025-10-01|2025-10-02|2025-10-03|2025-10-04|2025-10-05|2025-10-06|2025-10-07|2025-10-08|2025-10-09|2025-10-10|2025-10-11|2025-10-12|2025-10-13|2025-10-14|2025-10-15|2025-10-16|2025-10-17|2025-10-18|2025-10-19|2025-10-20|2025-10-21|2025-10-22|2025-10-23|2025-10-24|2025-10-25,0.06464499673143982,0.061498693684588296,0.06276946186713446,0.06504618192121865
2025-10-27,2,271,2025-01-29,2025-10-26,2025-01-29|2025-01-30|2025-01-31|2025-02-01|2025-02-02|2025-02-03|2025-02-04|2025-02-05|2025-02-06|2025-02-07|2025-02-08|2025-02-09|2025-02-10|2025-02-11|2025-02-12|2025-02-13|2025-02-14|2025-02-15|2025-02-16|2025-02-17|2025-02-18|2025-02-19|2025-02-20|2025-02-21|2025-02-22|2025-02-23|2025-02-24|2025-02-25|2025-02-26|2025-02-27|2025-02-28|2025-03-01|2025-03-02|2025-03-03|2025-03-04|2025-03-05|2025-03-06|2025-03-07|2025-03-08|2025-03-09|2025-03-10|2025-03-11|2025-03-12|2025-03-13|2025-03-14|2025-03-15|2025-03-16|2025-03-17|2025-03-18|2025-03-19|2025-03-20|2025-03-21|2025-03-22|2025-03-23|2025-03-24|2025-03-25|2025-03-26|2025-03-27|2025-03-28|2025-03-29|2025-03-30|2025-03-31|2025-04-01|2025-04-02|2025-04-03|2025-04-04|2025-04-05|2025-04-06|2025-04-07|2025-04-08|2025-04-09|2025-04-10|2025-04-11|2025-04-12|2025-04-13|2025-04-14|2025-04-15|2025-04-16|2025-04-17|2025-04-18|2025-04-19|2025-04-20|2025-04-21|2025-04-22|2025-04-23|2025-04-24|2025-04-25|2025-04-26|2025-04-27|2025-04-28|2025-04-29|2025-04-30|2025-05-01|2025-05-02|2025-05-03|2025-05-04|2025-05-05|2025-05-06|2025-05-07|2025-05-08|2025-05-09|2025-05-10|2025-05-11|2025-05-12|2025-05-13|2025-05-14|2025-05-15|2025-05-16|2025-05-17|2025-05-18|2025-05-19|2025-05-20|2025-05-21|2025-05-22|2025-05-23|2025-05-24|2025-05-25|2025-05-26|2025-05-27|2025-05-28|2025-05-29|2025-05-30|2025-05-31|2025-06-01|2025-06-02|2025-06-03|2025-06-04|2025-06-05|2025-06-06|2025-06-07|2025-06-08|2025-06-09|2025-06-10|2025-06-11|2025-06-12|2025-06-13|2025-06-14|2025-06-15|2025-06-16|2025-06-17|2025-06-18|2025-06-19|2025-06-20|2025-06-21|2025-06-22|2025-06-23|2025-06-24|2025-06-25|2025-06-26|2025-06-27|2025-06-28|2025-06-29|2025-06-30|2025-07-01|2025-07-02|2025-07-03|2025-07-04|2025-07-05|2025-07-06|2025-07-07|2025-07-08|2025-07-09|2025-07-10|2025-07-11|2025-07-12|2025-07-13|2025-07-14|2025-07-15|2025-07-16|2025-07-17|2025-07-18|2025-07-19|2025-07-20|2025-07-21|2025-07-22|2025-07-23|2025-07-24|2025-07-25|2025-07-26|2025-07-27|2025-07-28|2025-07-29|2025-07-30|2025-07-31|2025-08-01|2025-08-02|2025-08-03|2025-08-04|2025-08-05|2025-08-06|2025-08-07|2025-08-08|2025-08-09|2025-08-10|2025-08-11|2025-08-12|2025-08-13|2025-08-14|2025-08-15|2025-08-16|2025-08-17|2025-08-18|2025-08-19|2025-08-20|2025-08-21|2025-08-22|2025-08-23|2025-08-24|2025-08-25|2025-08-26|2025-08-27|2025-08-28|2025-08-29|2025-08-30|2025-08-31|2025-09-01|2025-09-02|2025-09-03|2025-09-04|2025-09-05|2025-09-06|2025-09-07|2025-09-08|2025-09-09|2025-09-10|2025-09-11|2025-09-12|2025-09-13|2025-09-14|2025-09-15|2025-09-16|2025-09-17|2025-09-18|2025-09-19|2025-09-20|2025-09-21|2025-09-22|2025-09-23|2025-09-24|2025-09-25|2025-09-26|2025-09-27|2025-09-28|2025-09-29|2025-09-30|2025-10-01|2025-10-02|2025-10-03|2025-10-04|2025-10-05|2025-10-06|2025-10-07|2025-10-08|2025-10-09|2025-10-10|2025-10-11|2025-10-12|2025-10-13|2025-10-14|2025-10-15|2025-10-16|2025-10-17|2025-10-18|2025-10-19|2025-10-20|2025-10-21|2025-10-22|2025-10-23|2025-10-24|2025-10-25|2025-10-26,0.06455989383741813,0.0614015282470876,0.06268159303789282,0.06494922347836701
2025-10-28,2,272,2025-01-29,2025-10-27,2025-01-29|2025-01-30|2025-01-31|2025-02-01|2025-02-02|2025-02-03|2025-02-04|2025-02-05|2025-02-06|2025-02-07|2025-02-08|2025-02-09|2025-02-10|2025-02-11|2025-02-12|2025-02-13|2025-02-14|2025-02-15|2025-02-16|2025-02-17|2025-02-18|2025-02-19|2025-02-20|2025-02-21|2025-02-22|2025-02-23|2025-02-24|2025-02-25|2025-02-26|2025-02-27|2025-02-28|2025-03-01|2025-03-02|2025-03-03|2025-03-04|2025-03-05|2025-03-06|2025-03-07|2025-03-08|2025-03-09|2025-03-10|2025-03-11|2025-03-12|2025-03-13|2025-03-14|2025-03-15|2025-03-16|2025-03-17|2025-03-18|2025-03-19|2025-03-20|2025-03-21|2025-03-22|2025-03-23|2025-03-24|2025-03-25|2025-03-26|2025-03-27|2025-03-28|2025-03-29|2025-03-30|2025-03-31|2025-04-01|2025-04-02|2025-04-03|2025-04-04|2025-04-05|2025-04-06|2025-04-07|2025-04-08|2025-04-09|2025-04-10|2025-04-11|2025-04-12|2025-04-13|2025-04-14|2025-04-15|2025-04-16|2025-04-17|2025-04-18|2025-04-19|2025-04-20|2025-04-21|2025-04-22|2025-04-23|2025-04-24|2025-04-25|2025-04-26|2025-04-27|2025-04-28|2025-04-29|2025-04-30|2025-05-01|2025-05-02|2025-05-03|2025-05-04|2025-05-05|2025-05-06|2025-05-07|2025-05-08|2025-05-09|2025-05-10|2025-05-11|2025-05-12|2025-05-13|2025-05-14|2025-05-15|2025-05-16|2025-05-17|2025-05-18|2025-05-19|2025-05-20|2025-05-21|2025-05-22|2025-05-23|2025-05-24|2025-05-25|2025-05-26|2025-05-27|2025-05-28|2025-05-29|2025-05-30|2025-05-31|2025-06-01|2025-06-02|2025-06-03|2025-06-04|2025-06-05|2025-06-06|2025-06-07|2025-06-08|2025-06-09|2025-06-10|2025-06-11|2025-06-12|2025-06-13|2025-06-14|2025-06-15|2025-06-16|2025-06-17|2025-06-18|2025-06-19|2025-06-20|2025-06-21|2025-06-22|2025-06-23|2025-06-24|2025-06-25|2025-06-26|2025-06-27|2025-06-28|2025-06-29|2025-06-30|2025-07-01|2025-07-02|2025-07-03|2025-07-04|2025-07-05|2025-07-06|2025-07-07|2025-07-08|2025-07-09|2025-07-10|2025-07-11|2025-07-12|2025-07-13|2025-07-14|2025-07-15|2025-07-16|2025-07-17|2025-07-18|2025-07-19|2025-07-20|2025-07-21|2025-07-22|2025-07-23|2025-07-24|2025-07-25|2025-07-26|2025-07-27|2025-07-28|2025-07-29|2025-07-30|2025-07-31|2025-08-01|2025-08-02|2025-08-03|2025-08-04|2025-08-05|2025-08-06|2025-08-07|2025-08-08|2025-08-09|2025-08-10|2025-08-11|2025-08-12|2025-08-13|2025-08-14|2025-08-15|2025-08-16|2025-08-17|2025-08-18|2025-08-19|2025-08-20|2025-08-21|2025-08-22|2025-08-23|2025-08-24|2025-08-25|2025-08-26|2025-08-27|2025-08-28|2025-08-29|2025-08-30|2025-08-31|2025-09-01|2025-09-02|2025-09-03|2025-09-04|2025-09-05|2025-09-06|2025-09-07|2025-09-08|2025-09-09|2025-09-10|2025-09-11|2025-09-12|2025-09-13|2025-09-14|2025-09-15|2025-09-16|2025-09-17|2025-09-18|2025-09-19|2025-09-20|2025-09-21|2025-09-22|2025-09-23|2025-09-24|2025-09-25|2025-09-26|2025-09-27|2025-09-28|2025-09-29|2025-09-30|2025-10-01|2025-10-02|2025-10-03|2025-10-04|2025-10-05|2025-10-06|2025-10-07|2025-10-08|2025-10-09|2025-10-10|2025-10-11|2025-10-12|2025-10-13|2025-10-14|2025-10-15|2025-10-16|2025-10-17|2025-10-18|2025-10-19|2025-10-20|2025-10-21|2025-10-22|2025-10-23|2025-10-24|2025-10-25|2025-10-26|2025-10-27,0.06451045962992671,0.06135594036640246,0.06264014658177801,0.06489184128278218
2025-10-29,2,273,2025-01-29,2025-10-28,2025-01-29|2025-01-30|2025-01-31|2025-02-01|2025-02-02|2025-02-03|2025-02-04|2025-02-05|2025-02-06|2025-02-07|2025-02-08|2025-02-09|2025-02-10|2025-02-11|2025-02-12|2025-02-13|2025-02-14|2025-02-15|2025-02-16|2025-02-17|2025-02-18|2025-02-19|2025-02-20|2025-02-21|2025-02-22|2025-02-23|2025-02-24|2025-02-25|2025-02-26|2025-02-27|2025-02-28|2025-03-01|2025-03-02|2025-03-03|2025-03-04|2025-03-05|2025-03-06|2025-03-07|2025-03-08|2025-03-09|2025-03-10|2025-03-11|2025-03-12|2025-03-13|2025-03-14|2025-03-15|2025-03-16|2025-03-17|2025-03-18|2025-03-19|2025-03-20|2025-03-21|2025-03-22|2025-03-23|2025-03-24|2025-03-25|2025-03-26|2025-03-27|2025-03-28|2025-03-29|2025-03-30|2025-03-31|2025-04-01|2025-04-02|2025-04-03|2025-04-04|2025-04-05|2025-04-06|2025-04-07|2025-04-08|2025-04-09|2025-04-10|2025-04-11|2025-04-12|2025-04-13|2025-04-14|2025-04-15|2025-04-16|2025-04-17|2025-04-18|2025-04-19|2025-04-20|2025-04-21|2025-04-22|2025-04-23|2025-04-24|2025-04-25|2025-04-26|2025-04-27|2025-04-28|2025-04-29|2025-04-30|2025-05-01|2025-05-02|2025-05-03|2025-05-04|2025-05-05|2025-05-06|2025-05-07|2025-05-08|2025-05-09|2025-05-10|2025-05-11|2025-05-12|2025-05-13|2025-05-14|2025-05-15|2025-05-16|2025-05-17|2025-05-18|2025-05-19|2025-05-20|2025-05-21|2025-05-22|2025-05-23|2025-05-24|2025-05-25|2025-05-26|2025-05-27|2025-05-28|2025-05-29|2025-05-30|2025-05-31|2025-06-01|2025-06-02|2025-06-03|2025-06-04|2025-06-05|2025-06-06|2025-06-07|2025-06-08|2025-06-09|2025-06-10|2025-06-11|2025-06-12|2025-06-13|2025-06-14|2025-06-15|2025-06-16|2025-06-17|2025-06-18|2025-06-19|2025-06-20|2025-06-21|2025-06-22|2025-06-23|2025-06-24|2025-06-25|2025-06-26|2025-06-27|2025-06-28|2025-06-29|2025-06-30|2025-07-01|2025-07-02|2025-07-03|2025-07-04|2025-07-05|2025-07-06|2025-07-07|2025-07-08|2025-07-09|2025-07-10|2025-07-11|2025-07-12|2025-07-13|2025-07-14|2025-07-15|2025-07-16|2025-07-17|2025-07-18|2025-07-19|2025-07-20|2025-07-21|2025-07-22|2025-07-23|2025-07-24|2025-07-25|2025-07-26|2025-07-27|2025-07-28|2025-07-29|2025-07-30|2025-07-31|2025-08-01|2025-08-02|2025-08-03|2025-08-04|2025-08-05|2025-08-06|2025-08-07|2025-08-08|2025-08-09|2025-08-10|2025-08-11|2025-08-12|2025-08-13|2025-08-14|2025-08-15|2025-08-16|2025-08-17|2025-08-18|2025-08-19|2025-08-20|2025-08-21|2025-08-22|2025-08-23|2025-08-24|2025-08-25|2025-08-26|2025-08-27|2025-08-28|2025-08-29|2025-08-30|2025-08-31|2025-09-01|2025-09-02|2025-09-03|2025-09-04|2025-09-05|2025-09-06|2025-09-07|2025-09-08|2025-09-09|2025-09-10|2025-09-11|2025-09-12|2025-09-13|2025-09-14|2025-09-15|2025-09-16|2025-09-17|2025-09-18|2025-09-19|2025-09-20|2025-09-21|2025-09-22|2025-09-23|2025-09-24|2025-09-25|2025-09-26|2025-09-27|2025-09-28|2025-09-29|2025-09-30|2025-10-01|2025-10-02|2025-10-03|2025-10-04|2025-10-05|2025-10-06|2025-10-07|2025-10-08|2025-10-09|2025-10-10|2025-10-11|2025-10-12|2025-10-13|2025-10-14|2025-10-15|2025-10-16|2025-10-17|2025-10-18|2025-10-19|2025-10-20|2025-10-21|2025-10-22|2025-10-23|2025-10-24|2025-10-25|2025-10-26|2025-10-27|2025-10-28,0.06444835144062146,0.06128797346012809,0.06256802361444276,0.06479972939840595
2025-10-30,2,274,2025-01-29,2025-10-29,2025-01-29|2025-01-30|2025-01-31|2025-02-01|2025-02-02|2025-02-03|2025-02-04|2025-02-05|2025-02-06|2025-02-07|2025-02-08|2025-02-09|2025-02-10|2025-02-11|2025-02-12|2025-02-13|2025-02-14|2025-02-15|2025-02-16|2025-02-17|2025-02-18|2025-02-19|2025-02-20|2025-02-21|2025-02-22|2025-02-23|2025-02-24|2025-02-25|2025-02-26|2025-02-27|2025-02-28|2025-03-01|2025-03-02|2025-03-03|2025-03-04|2025-03-05|2025-03-06|2025-03-07|2025-03-08|2025-03-09|2025-03-10|2025-03-11|2025-03-12|2025-03-13|2025-03-14|2025-03-15|2025-03-16|2025-03-17|2025-03-18|2025-03-19|2025-03-20|2025-03-21|2025-03-22|2025-03-23|2025-03-24|2025-03-25|2025-03-26|2025-03-27|2025-03-28|2025-03-29|2025-03-30|2025-03-31|2025-04-01|2025-04-02|2025-04-03|2025-04-04|2025-04-05|2025-04-06|2025-04-07|2025-04-08|2025-04-09|2025-04-10|2025-04-11|2025-04-12|2025-04-13|2025-04-14|2025-04-15|2025-04-16|2025-04-17|2025-04-18|2025-04-19|2025-04-20|2025-04-21|2025-04-22|2025-04-23|2025-04-24|2025-04-25|2025-04-26|2025-04-27|2025-04-28|2025-04-29|2025-04-30|2025-05-01|2025-05-02|2025-05-03|2025-05-04|2025-05-05|2025-05-06|2025-05-07|2025-05-08|2025-05-09|2025-05-10|2025-05-11|2025-05-12|2025-05-13|2025-05-14|2025-05-15|2025-05-16|2025-05-17|2025-05-18|2025-05-19|2025-05-20|2025-05-21|2025-05-22|2025-05-23|2025-05-24|2025-05-25|2025-05-26|2025-05-27|2025-05-28|2025-05-29|2025-05-30|2025-05-31|2025-06-01|2025-06-02|2025-06-03|2025-06-04|2025-06-05|2025-06-06|2025-06-07|2025-06-08|2025-06-09|2025-06-10|2025-06-11|2025-06-12|2025-06-13|2025-06-14|2025-06-15|2025-06-16|2025-06-17|2025-06-18|2025-06-19|2025-06-20|2025-06-21|2025-06-22|2025-06-23|2025-06-24|2025-06-25|2025-06-26|2025-06-27|2025-06-28|2025-06-29|2025-06-30|2025-07-01|2025-07-02|2025-07-03|2025-07-04|2025-07-05|2025-07-06|2025-07-07|2025-07-08|2025-07-09|2025-07-10|2025-07-11|2025-07-12|2025-07-13|2025-07-14|2025-07-15|2025-07-16|2025-07-17|2025-07-18|2025-07-19|2025-07-20|2025-07-21|2025-07-22|2025-07-23|2025-07-24|2025-07-25|2025-07-26|2025-07-27|2025-07-28|2025-07-29|2025-07-30|2025-07-31|2025-08-01|2025-08-02|2025-08-03|2025-08-04|2025-08-05|2025-08-06|2025-08-07|2025-08-08|2025-08-09|2025-08-10|2025-08-11|2025-08-12|2025-08-13|2025-08-14|2025-08-15|2025-08-16|2025-08-17|2025-08-18|2025-08-19|2025-08-20|2025-08-21|2025-08-22|2025-08-23|2025-08-24|2025-08-25|2025-08-26|2025-08-27|2025-08-28|2025-08-29|2025-08-30|2025-08-31|2025-09-01|2025-09-02|2025-09-03|2025-09-04|2025-09-05|2025-09-06|2025-09-07|2025-09-08|2025-09-09|2025-09-10|2025-09-11|2025-09-12|2025-09-13|2025-09-14|2025-09-15|2025-09-16|2025-09-17|2025-09-18|2025-09-19|2025-09-20|2025-09-21|2025-09-22|2025-09-23|2025-09-24|2025-09-25|2025-09-26|2025-09-27|2025-09-28|2025-09-29|2025-09-30|2025-10-01|2025-10-02|2025-10-03|2025-10-04|2025-10-05|2025-10-06|2025-10-07|2025-10-08|2025-10-09|2025-10-10|2025-10-11|2025-10-12|2025-10-13|2025-10-14|2025-10-15|2025-10-16|2025-10-17|2025-10-18|2025-10-19|2025-10-20|2025-10-21|2025-10-22|2025-10-23|2025-10-24|2025-10-25|2025-10-26|2025-10-27|2025-10-28|2025-10-29,0.06434687048597913,0.06122133295277279,0.06252438527328087,0.06478490960476486
2025-10-31,2,275,2025-01-29,2025-10-30,2025-01-29|2025-01-30|2025-01-31|2025-02-01|2025-02-02|2025-02-03|2025-02-04|2025-02-05|2025-02-06|2025-02-07|2025-02-08|2025-02-09|2025-02-10|2025-02-11|2025-02-12|2025-02-13|2025-02-14|2025-02-15|2025-02-16|2025-02-17|2025-02-18|2025-02-19|2025-02-20|2025-02-21|2025-02-22|2025-02-23|2025-02-24|2025-02-25|2025-02-26|2025-02-27|2025-02-28|2025-03-01|2025-03-02|2025-03-03|2025-03-04|2025-03-05|2025-03-06|2025-03-07|2025-03-08|2025-03-09|2025-03-10|2025-03-11|2025-03-12|2025-03-13|2025-03-14|2025-03-15|2025-03-16|2025-03-17|2025-03-18|2025-03-19|2025-03-20|2025-03-21|2025-03-22|2025-03-23|2025-03-24|2025-03-25|2025-03-26|2025-03-27|2025-03-28|2025-03-29|2025-03-30|2025-03-31|2025-04-01|2025-04-02|2025-04-03|2025-04-04|2025-04-05|2025-04-06|2025-04-07|2025-04-08|2025-04-09|2025-04-10|2025-04-11|2025-04-12|2025-04-13|2025-04-14|2025-04-15|2025-04-16|2025-04-17|2025-04-18|2025-04-19|2025-04-20|2025-04-21|2025-04-22|2025-04-23|2025-04-24|2025-04-25|2025-04-26|2025-04-27|2025-04-28|2025-04-29|2025-04-30|2025-05-01|2025-05-02|2025-05-03|2025-05-04|2025-05-05|2025-05-06|2025-05-07|2025-05-08|2025-05-09|2025-05-10|2025-05-11|2025-05-12|2025-05-13|2025-05-14|2025-05-15|2025-05-16|2025-05-17|2025-05-18|2025-05-19|2025-05-20|2025-05-21|2025-05-22|2025-05-23|2025-05-24|2025-05-25|2025-05-26|2025-05-27|2025-05-28|2025-05-29|2025-05-30|2025-05-31|2025-06-01|2025-06-02|2025-06-03|2025-06-04|2025-06-05|2025-06-06|2025-06-07|2025-06-08|2025-06-09|2025-06-10|2025-06-11|2025-06-12|2025-06-13|2025-06-14|2025-06-15|2025-06-16|2025-06-17|2025-06-18|2025-06-19|2025-06-20|2025-06-21|2025-06-22|2025-06-23|2025-06-24|2025-06-25|2025-06-26|2025-06-27|2025-06-28|2025-06-29|2025-06-30|2025-07-01|2025-07-02|2025-07-03|2025-07-04|2025-07-05|2025-07-06|2025-07-07|2025-07-08|2025-07-09|2025-07-10|2025-07-11|2025-07-12|2025-07-13|2025-07-14|2025-07-15|2025-07-16|2025-07-17|2025-07-18|2025-07-19|2025-07-20|2025-07-21|2025-07-22|2025-07-23|2025-07-24|2025-07-25|2025-07-26|2025-07-27|2025-07-28|2025-07-29|2025-07-30|2025-07-31|2025-08-01|2025-08-02|2025-08-03|2025-08-04|2025-08-05|2025-08-06|2025-08-07|2025-08-08|2025-08-09|2025-08-10|2025-08-11|2025-08-12|2025-08-13|2025-08-14|2025-08-15|2025-08-16|2025-08-17|2025-08-18|2025-08-19|2025-08-20|2025-08-21|2025-08-22|2025-08-23|2025-08-24|2025-08-25|2025-08-26|2025-08-27|2025-08-28|2025-08-29|2025-08-30|2025-08-31|2025-09-01|2025-09-02|2025-09-03|2025-09-04|2025-09-05|2025-09-06|2025-09-07|2025-09-08|2025-09-09|2025-09-10|2025-09-11|2025-09-12|2025-09-13|2025-09-14|2025-09-15|2025-09-16|2025-09-17|2025-09-18|2025-09-19|2025-09-20|2025-09-21|2025-09-22|2025-09-23|2025-09-24|2025-09-25|2025-09-26|2025-09-27|2025-09-28|2025-09-29|2025-09-30|2025-10-01|2025-10-02|2025-10-03|2025-10-04|2025-10-05|2025-10-06|2025-10-07|2025-10-08|2025-10-09|2025-10-10|2025-10-11|2025-10-12|2025-10-13|2025-10-14|2025-10-15|2025-10-16|2025-10-17|2025-10-18|2025-10-19|2025-10-20|2025-10-21|2025-10-22|2025-10-23|2025-10-24|2025-10-25|2025-10-26|2025-10-27|2025-10-28|2025-10-29|2025-10-30,0.06428088797464594,0.061127212803092336,0.06244293962340515,0.06472570807463648
2025-11-01,2,276,2025-01-29,2025-10-31,2025-01-29|2025-01-30|2025-01-31|2025-02-01|2025-02-02|2025-02-03|2025-02-04|2025-02-05|2025-02-06|2025-02-07|2025-02-08|2025-02-09|2025-02-10|2025-02-11|2025-02-12|2025-02-13|2025-02-14|2025-02-15|2025-02-16|2025-02-17|2025-02-18|2025-02-19|2025-02-20|2025-02-21|2025-02-22|2025-02-23|2025-02-24|2025-02-25|2025-02-26|2025-02-27|2025-02-28|2025-03-01|2025-03-02|2025-03-03|2025-03-04|2025-03-05|2025-03-06|2025-03-07|2025-03-08|2025-03-09|2025-03-10|2025-03-11|2025-03-12|2025-03-13|2025-03-14|2025-03-15|2025-03-16|2025-03-17|2025-03-18|2025-03-19|2025-03-20|2025-03-21|2025-03-22|2025-03-23|2025-03-24|2025-03-25|2025-03-26|2025-03-27|2025-03-28|2025-03-29|2025-03-30|2025-03-31|2025-04-01|2025-04-02|2025-04-03|2025-04-04|2025-04-05|2025-04-06|2025-04-07|2025-04-08|2025-04-09|2025-04-10|2025-04-11|2025-04-12|2025-04-13|2025-04-14|2025-04-15|2025-04-16|2025-04-17|2025-04-18|2025-04-19|2025-04-20|2025-04-21|2025-04-22|2025-04-23|2025-04-24|2025-04-25|2025-04-26|2025-04-27|2025-04-28|2025-04-29|2025-04-30|2025-05-01|2025-05-02|2025-05-03|2025-05-04|2025-05-05|2025-05-06|2025-05-07|2025-05-08|2025-05-09|2025-05-10|2025-05-11|2025-05-12|2025-05-13|2025-05-14|2025-05-15|2025-05-16|2025-05-17|2025-05-18|2025-05-19|2025-05-20|2025-05-21|2025-05-22|2025-05-23|2025-05-24|2025-05-25|2025-05-26|2025-05-27|2025-05-28|2025-05-29|2025-05-30|2025-05-31|2025-06-01|2025-06-02|2025-06-03|2025-06-04|2025-06-05|2025-06-06|2025-06-07|2025-06-08|2025-06-09|2025-06-10|2025-06-11|2025-06-12|2025-06-13|2025-06-14|2025-06-15|2025-06-16|2025-06-17|2025-06-18|2025-06-19|2025-06-20|2025-06-21|2025-06-22|2025-06-23|2025-06-24|2025-06-25|2025-06-26|2025-06-27|2025-06-28|2025-06-29|2025-06-30|2025-07-01|2025-07-02|2025-07-03|2025-07-04|2025-07-05|2025-07-06|2025-07-07|2025-07-08|2025-07-09|2025-07-10|2025-07-11|2025-07-12|2025-07-13|2025-07-14|2025-07-15|2025-07-16|2025-07-17|2025-07-18|2025-07-19|2025-07-20|2025-07-21|2025-07-22|2025-07-23|2025-07-24|2025-07-25|2025-07-26|2025-07-27|2025-07-28|2025-07-29|2025-07-30|2025-07-31|2025-08-01|2025-08-02|2025-08-03|2025-08-04|2025-08-05|2025-08-06|2025-08-07|2025-08-08|2025-08-09|2025-08-10|2025-08-11|2025-08-12|2025-08-13|2025-08-14|2025-08-15|2025-08-16|2025-08-17|2025-08-18|2025-08-19|2025-08-20|2025-08-21|2025-08-22|2025-08-23|2025-08-24|2025-08-25|2025-08-26|2025-08-27|2025-08-28|2025-08-29|2025-08-30|2025-08-31|2025-09-01|2025-09-02|2025-09-03|2025-09-04|2025-09-05|2025-09-06|2025-09-07|2025-09-08|2025-09-09|2025-09-10|2025-09-11|2025-09-12|2025-09-13|2025-09-14|2025-09-15|2025-09-16|2025-09-17|2025-09-18|2025-09-19|2025-09-20|2025-09-21|2025-09-22|2025-09-23|2025-09-24|2025-09-25|2025-09-26|2025-09-27|2025-09-28|2025-09-29|2025-09-30|2025-10-01|2025-10-02|2025-10-03|2025-10-04|2025-10-05|2025-10-06|2025-10-07|2025-10-08|2025-10-09|2025-10-10|2025-10-11|2025-10-12|2025-10-13|2025-10-14|2025-10-15|2025-10-16|2025-10-17|2025-10-18|2025-10-19|2025-10-20|2025-10-21|2025-10-22|2025-10-23|2025-10-24|2025-10-25|2025-10-26|2025-10-27|2025-10-28|2025-10-29|2025-10-30|2025-10-31,0.06427171363498556,0.061141089131702235,0.062496039896888435,0.06479226669193171
2025-11-02,2,277,2025-01-29,2025-11-01,2025-01-29|2025-01-30|2025-01-31|2025-02-01|2025-02-02|2025-02-03|2025-02-04|2025-02-05|2025-02-06|2025-02-07|2025-02-08|2025-02-09|2025-02-10|2025-02-11|2025-02-12|2025-02-13|2025-02-14|2025-02-15|2025-02-16|2025-02-17|2025-02-18|2025-02-19|2025-02-20|2025-02-21|2025-02-22|2025-02-23|2025-02-24|2025-02-25|2025-02-26|2025-02-27|2025-02-28|2025-03-01|2025-03-02|2025-03-03|2025-03-04|2025-03-05|2025-03-06|2025-03-07|2025-03-08|2025-03-09|2025-03-10|2025-03-11|2025-03-12|2025-03-13|2025-03-14|2025-03-15|2025-03-16|2025-03-17|2025-03-18|2025-03-19|2025-03-20|2025-03-21|2025-03-22|2025-03-23|2025-03-24|2025-03-25|2025-03-26|2025-03-27|2025-03-28|2025-03-29|2025-03-30|2025-03-31|2025-04-01|2025-04-02|2025-04-03|2025-04-04|2025-04-05|2025-04-06|2025-04-07|2025-04-08|2025-04-09|2025-04-10|2025-04-11|2025-04-12|2025-04-13|2025-04-14|2025-04-15|2025-04-16|2025-04-17|2025-04-18|2025-04-19|2025-04-20|2025-04-21|2025-04-22|2025-04-23|2025-04-24|2025-04-25|2025-04-26|2025-04-27|2025-04-28|2025-04-29|2025-04-30|2025-05-01|2025-05-02|2025-05-03|2025-05-04|2025-05-05|2025-05-06|2025-05-07|2025-05-08|2025-05-09|2025-05-10|2025-05-11|2025-05-12|2025-05-13|2025-05-14|2025-05-15|2025-05-16|2025-05-17|2025-05-18|2025-05-19|2025-05-20|2025-05-21|2025-05-22|2025-05-23|2025-05-24|2025-05-25|2025-05-26|2025-05-27|2025-05-28|2025-05-29|2025-05-30|2025-05-31|2025-06-01|2025-06-02|2025-06-03|2025-06-04|2025-06-05|2025-06-06|2025-06-07|2025-06-08|2025-06-09|2025-06-10|2025-06-11|2025-06-12|2025-06-13|2025-06-14|2025-06-15|2025-06-16|2025-06-17|2025-06-18|2025-06-19|2025-06-20|2025-06-21|2025-06-22|2025-06-23|2025-06-24|2025-06-25|2025-06-26|2025-06-27|2025-06-28|2025-06-29|2025-06-30|2025-07-01|2025-07-02|2025-07-03|2025-07-04|2025-07-05|2025-07-06|2025-07-07|2025-07-08|2025-07-09|2025-07-10|2025-07-11|2025-07-12|2025-07-13|2025-07-14|2025-07-15|2025-07-16|2025-07-17|2025-07-18|2025-07-19|2025-07-20|2025-07-21|2025-07-22|2025-07-23|2025-07-24|2025-07-25|2025-07-26|2025-07-27|2025-07-28|2025-07-29|2025-07-30|2025-07-31|2025-08-01|2025-08-02|2025-08-03|2025-08-04|2025-08-05|2025-08-06|2025-08-07|2025-08-08|2025-08-09|2025-08-10|2025-08-11|2025-08-12|2025-08-13|2025-08-14|2025-08-15|2025-08-16|2025-08-17|2025-08-18|2025-08-19|2025-08-20|2025-08-21|2025-08-22|2025-08-23|2025-08-24|2025-08-25|2025-08-26|2025-08-27|2025-08-28|2025-08-29|2025-08-30|2025-08-31|2025-09-01|2025-09-02|2025-09-03|2025-09-04|2025-09-05|2025-09-06|2025-09-07|2025-09-08|2025-09-09|2025-09-10|2025-09-11|2025-09-12|2025-09-13|2025-09-14|2025-09-15|2025-09-16|2025-09-17|2025-09-18|2025-09-19|2025-09-20|2025-09-21|2025-09-22|2025-09-23|2025-09-24|2025-09-25|2025-09-26|2025-09-27|2025-09-28|2025-09-29|2025-09-30|2025-10-01|2025-10-02|2025-10-03|2025-10-04|2025-10-05|2025-10-06|2025-10-07|2025-10-08|2025-10-09|2025-10-10|2025-10-11|2025-10-12|2025-10-13|2025-10-14|2025-10-15|2025-10-16|2025-10-17|2025-10-18|2025-10-19|2025-10-20|2025-10-21|2025-10-22|2025-10-23|2025-10-24|2025-10-25|2025-10-26|2025-10-27|2025-10-28|2025-10-29|2025-10-30|2025-10-31|2025-11-01,0.0642604559542248,0.06112200245754185,0.06248265298918595,0.0647712602549723
2025-11-03,2,278,2025-01-29,2025-11-02,2025-01-29|2025-01-30|2025-01-31|2025-02-01|2025-02-02|2025-02-03|2025-02-04|2025-02-05|2025-02-06|2025-02-07|2025-02-08|2025-02-09|2025-02-10|2025-02-11|2025-02-12|2025-02-13|2025-02-14|2025-02-15|2025-02-16|2025-02-17|2025-02-18|2025-02-19|2025-02-20|2025-02-21|2025-02-22|2025-02-23|2025-02-24|2025-02-25|2025-02-26|2025-02-27|2025-02-28|2025-03-01|2025-03-02|2025-03-03|2025-03-04|2025-03-05|2025-03-06|2025-03-07|2025-03-08|2025-03-09|2025-03-10|2025-03-11|2025-03-12|2025-03-13|2025-03-14|2025-03-15|2025-03-16|2025-03-17|2025-03-18|2025-03-19|2025-03-20|2025-03-21|2025-03-22|2025-03-23|2025-03-24|2025-03-25|2025-03-26|2025-03-27|2025-03-28|2025-03-29|2025-03-30|2025-03-31|2025-04-01|2025-04-02|2025-04-03|2025-04-04|2025-04-05|2025-04-06|2025-04-07|2025-04-08|2025-04-09|2025-04-10|2025-04-11|2025-04-12|2025-04-13|2025-04-14|2025-04-15|2025-04-16|2025-04-17|2025-04-18|2025-04-19|2025-04-20|2025-04-21|2025-04-22|2025-04-23|2025-04-24|2025-04-25|2025-04-26|2025-04-27|2025-04-28|2025-04-29|2025-04-30|2025-05-01|2025-05-02|2025-05-03|2025-05-04|2025-05-05|2025-05-06|2025-05-07|2025-05-08|2025-05-09|2025-05-10|2025-05-11|2025-05-12|2025-05-13|2025-05-14|2025-05-15|2025-05-16|2025-05-17|2025-05-18|2025-05-19|2025-05-20|2025-05-21|2025-05-22|2025-05-23|2025-05-24|2025-05-25|2025-05-26|2025-05-27|2025-05-28|2025-05-29|2025-05-30|2025-05-31|2025-06-01|2025-06-02|2025-06-03|2025-06-04|2025-06-05|2025-06-06|2025-06-07|2025-06-08|2025-06-09|2025-06-10|2025-06-11|2025-06-12|2025-06-13|2025-06-14|2025-06-15|2025-06-16|2025-06-17|2025-06-18|2025-06-19|2025-06-20|2025-06-21|2025-06-22|2025-06-23|2025-06-24|2025-06-25|2025-06-26|2025-06-27|2025-06-28|2025-06-29|2025-06-30|2025-07-01|2025-07-02|2025-07-03|2025-07-04|2025-07-05|2025-07-06|2025-07-07|2025-07-08|2025-07-09|2025-07-10|2025-07-11|2025-07-12|2025-07-13|2025-07-14|2025-07-15|2025-07-16|2025-07-17|2025-07-18|2025-07-19|2025-07-20|2025-07-21|2025-07-22|2025-07-23|2025-07-24|2025-07-25|2025-07-26|2025-07-27|2025-07-28|2025-07-29|2025-07-30|2025-07-31|2025-08-01|2025-08-02|2025-08-03|2025-08-04|2025-08-05|2025-08-06|2025-08-07|2025-08-08|2025-08-09|2025-08-10|2025-08-11|2025-08-12|2025-08-13|2025-08-14|2025-08-15|2025-08-16|2025-08-17|2025-08-18|2025-08-19|2025-08-20|2025-08-21|2025-08-22|2025-08-23|2025-08-24|2025-08-25|2025-08-26|2025-08-27|2025-08-28|2025-08-29|2025-08-30|2025-08-31|2025-09-01|2025-09-02|2025-09-03|2025-09-04|2025-09-05|2025-09-06|2025-09-07|2025-09-08|2025-09-09|2025-09-10|2025-09-11|2025-09-12|2025-09-13|2025-09-14|2025-09-15|2025-09-16|2025-09-17|2025-09-18|2025-09-19|2025-09-20|2025-09-21|2025-09-22|2025-09-23|2025-09-24|2025-09-25|2025-09-26|2025-09-27|2025-09-28|2025-09-29|2025-09-30|2025-10-01|2025-10-02|2025-10-03|2025-10-04|2025-10-05|2025-10-06|2025-10-07|2025-10-08|2025-10-09|2025-10-10|2025-10-11|2025-10-12|2025-10-13|2025-10-14|2025-10-15|2025-10-16|2025-10-17|2025-10-18|2025-10-19|2025-10-20|2025-10-21|2025-10-22|2025-10-23|2025-10-24|2025-10-25|2025-10-26|2025-10-27|2025-10-28|2025-10-29|2025-10-30|2025-10-31|2025-11-01|2025-11-02,0.06417884273052565,0.06103748640057824,0.062402760234862735,0.06470846128233874
2025-11-04,2,279,2025-01-29,2025-11-03,2025-01-29|2025-01-30|2025-01-31|2025-02-01|2025-02-02|2025-02-03|2025-02-04|2025-02-05|2025-02-06|2025-02-07|2025-02-08|2025-02-09|2025-02-10|2025-02-11|2025-02-12|2025-02-13|2025-02-14|2025-02-15|2025-02-16|2025-02-17|2025-02-18|2025-02-19|2025-02-20|2025-02-21|2025-02-22|2025-02-23|2025-02-24|2025-02-25|2025-02-26|2025-02-27|2025-02-28|2025-03-01|2025-03-02|2025-03-03|2025-03-04|2025-03-05|2025-03-06|2025-03-07|2025-03-08|2025-03-09|2025-03-10|2025-03-11|2025-03-12|2025-03-13|2025-03-14|2025-03-15|2025-03-16|2025-03-17|2025-03-18|2025-03-19|2025-03-20|2025-03-21|2025-03-22|2025-03-23|2025-03-24|2025-03-25|2025-03-26|2025-03-27|2025-03-28|2025-03-29|2025-03-30|2025-03-31|2025-04-01|2025-04-02|2025-04-03|2025-04-04|2025-04-05|2025-04-06|2025-04-07|2025-04-08|2025-04-09|2025-04-10|2025-04-11|2025-04-12|2025-04-13|2025-04-14|2025-04-15|2025-04-16|2025-04-17|2025-04-18|2025-04-19|2025-04-20|2025-04-21|2025-04-22|2025-04-23|2025-04-24|2025-04-25|2025-04-26|2025-04-27|2025-04-28|2025-04-29|2025-04-30|2025-05-01|2025-05-02|2025-05-03|2025-05-04|2025-05-05|2025-05-06|2025-05-07|2025-05-08|2025-05-09|2025-05-10|2025-05-11|2025-05-12|2025-05-13|2025-05-14|2025-05-15|2025-05-16|2025-05-17|2025-05-18|2025-05-19|2025-05-20|2025-05-21|2025-05-22|2025-05-23|2025-05-24|2025-05-25|2025-05-26|2025-05-27|2025-05-28|2025-05-29|2025-05-30|2025-05-31|2025-06-01|2025-06-02|2025-06-03|2025-06-04|2025-06-05|2025-06-06|2025-06-07|2025-06-08|2025-06-09|2025-06-10|2025-06-11|2025-06-12|2025-06-13|2025-06-14|2025-06-15|2025-06-16|2025-06-17|2025-06-18|2025-06-19|2025-06-20|2025-06-21|2025-06-22|2025-06-23|2025-06-24|2025-06-25|2025-06-26|2025-06-27|2025-06-28|2025-06-29|2025-06-30|2025-07-01|2025-07-02|2025-07-03|2025-07-04|2025-07-05|2025-07-06|2025-07-07|2025-07-08|2025-07-09|2025-07-10|2025-07-11|2025-07-12|2025-07-13|2025-07-14|2025-07-15|2025-07-16|2025-07-17|2025-07-18|2025-07-19|2025-07-20|2025-07-21|2025-07-22|2025-07-23|2025-07-24|2025-07-25|2025-07-26|2025-07-27|2025-07-28|2025-07-29|2025-07-30|2025-07-31|2025-08-01|2025-08-02|2025-08-03|2025-08-04|2025-08-05|2025-08-06|2025-08-07|2025-08-08|2025-08-09|2025-08-10|2025-08-11|2025-08-12|2025-08-13|2025-08-14|2025-08-15|2025-08-16|2025-08-17|2025-08-18|2025-08-19|2025-08-20|2025-08-21|2025-08-22|2025-08-23|2025-08-24|2025-08-25|2025-08-26|2025-08-27|2025-08-28|2025-08-29|2025-08-30|2025-08-31|2025-09-01|2025-09-02|2025-09-03|2025-09-04|2025-09-05|2025-09-06|2025-09-07|2025-09-08|2025-09-09|2025-09-10|2025-09-11|2025-09-12|2025-09-13|2025-09-14|2025-09-15|2025-09-16|2025-09-17|2025-09-18|2025-09-19|2025-09-20|2025-09-21|2025-09-22|2025-09-23|2025-09-24|2025-09-25|2025-09-26|2025-09-27|2025-09-28|2025-09-29|2025-09-30|2025-10-01|2025-10-02|2025-10-03|2025-10-04|2025-10-05|2025-10-06|2025-10-07|2025-10-08|2025-10-09|2025-10-10|2025-10-11|2025-10-12|2025-10-13|2025-10-14|2025-10-15|2025-10-16|2025-10-17|2025-10-18|2025-10-19|2025-10-20|2025-10-21|2025-10-22|2025-10-23|2025-10-24|2025-10-25|2025-10-26|2025-10-27|2025-10-28|2025-10-29|2025-10-30|2025-10-31|2025-11-01|2025-11-02|2025-11-03,0.06418821736564348,0.06101321385612501,0.06238214570081844,0.06468410740283653
2025-11-05,2,280,2025-01-29,2025-11-04,2025-01-29|2025-01-30|2025-01-31|2025-02-01|2025-02-02|2025-02-03|2025-02-04|2025-02-05|2025-02-06|2025-02-07|2025-02-08|2025-02-09|2025-02-10|2025-02-11|2025-02-12|2025-02-13|2025-02-14|2025-02-15|2025-02-16|2025-02-17|2025-02-18|2025-02-19|2025-02-20|2025-02-21|2025-02-22|2025-02-23|2025-02-24|2025-02-25|2025-02-26|2025-02-27|2025-02-28|2025-03-01|2025-03-02|2025-03-03|2025-03-04|2025-03-05|2025-03-06|2025-03-07|2025-03-08|2025-03-09|2025-03-10|2025-03-11|2025-03-12|2025-03-13|2025-03-14|2025-03-15|2025-03-16|2025-03-17|2025-03-18|2025-03-19|2025-03-20|2025-03-21|2025-03-22|2025-03-23|2025-03-24|2025-03-25|2025-03-26|2025-03-27|2025-03-28|2025-03-29|2025-03-30|2025-03-31|2025-04-01|2025-04-02|2025-04-03|2025-04-04|2025-04-05|2025-04-06|2025-04-07|2025-04-08|2025-04-09|2025-04-10|2025-04-11|2025-04-12|2025-04-13|2025-04-14|2025-04-15|2025-04-16|2025-04-17|2025-04-18|2025-04-19|2025-04-20|2025-04-21|2025-04-22|2025-04-23|2025-04-24|2025-04-25|2025-04-26|2025-04-27|2025-04-28|2025-04-29|2025-04-30|2025-05-01|2025-05-02|2025-05-03|2025-05-04|2025-05-05|2025-05-06|2025-05-07|2025-05-08|2025-05-09|2025-05-10|2025-05-11|2025-05-12|2025-05-13|2025-05-14|2025-05-15|2025-05-16|2025-05-17|2025-05-18|2025-05-19|2025-05-20|2025-05-21|2025-05-22|2025-05-23|2025-05-24|2025-05-25|2025-05-26|2025-05-27|2025-05-28|2025-05-29|2025-05-30|2025-05-31|2025-06-01|2025-06-02|2025-06-03|2025-06-04|2025-06-05|2025-06-06|2025-06-07|2025-06-08|2025-06-09|2025-06-10|2025-06-11|2025-06-12|2025-06-13|2025-06-14|2025-06-15|2025-06-16|2025-06-17|2025-06-18|2025-06-19|2025-06-20|2025-06-21|2025-06-22|2025-06-23|2025-06-24|2025-06-25|2025-06-26|2025-06-27|2025-06-28|2025-06-29|2025-06-30|2025-07-01|2025-07-02|2025-07-03|2025-07-04|2025-07-05|2025-07-06|2025-07-07|2025-07-08|2025-07-09|2025-07-10|2025-07-11|2025-07-12|2025-07-13|2025-07-14|2025-07-15|2025-07-16|2025-07-17|2025-07-18|2025-07-19|2025-07-20|2025-07-21|2025-07-22|2025-07-23|2025-07-24|2025-07-25|2025-07-26|2025-07-27|2025-07-28|2025-07-29|2025-07-30|2025-07-31|2025-08-01|2025-08-02|2025-08-03|2025-08-04|2025-08-05|2025-08-06|2025-08-07|2025-08-08|2025-08-09|2025-08-10|2025-08-11|2025-08-12|2025-08-13|2025-08-14|2025-08-15|2025-08-16|2025-08-17|2025-08-18|2025-08-19|2025-08-20|2025-08-21|2025-08-22|2025-08-23|2025-08-24|2025-08-25|2025-08-26|2025-08-27|2025-08-28|2025-08-29|2025-08-30|2025-08-31|2025-09-01|2025-09-02|2025-09-03|2025-09-04|2025-09-05|2025-09-06|2025-09-07|2025-09-08|2025-09-09|2025-09-10|2025-09-11|2025-09-12|2025-09-13|2025-09-14|2025-09-15|2025-09-16|2025-09-17|2025-09-18|2025-09-19|2025-09-20|2025-09-21|2025-09-22|2025-09-23|2025-09-24|2025-09-25|2025-09-26|2025-09-27|2025-09-28|2025-09-29|2025-09-30|2025-10-01|2025-10-02|2025-10-03|2025-10-04|2025-10-05|2025-10-06|2025-10-07|2025-10-08|2025-10-09|2025-10-10|2025-10-11|2025-10-12|2025-10-13|2025-10-14|2025-10-15|2025-10-16|2025-10-17|2025-10-18|2025-10-19|2025-10-20|2025-10-21|2025-10-22|2025-10-23|2025-10-24|2025-10-25|2025-10-26|2025-10-27|2025-10-28|2025-10-29|2025-10-30|2025-10-31|2025-11-01|2025-11-02|2025-11-03|2025-11-04,0.06410088773613543,0.060913998041166754,0.06228871939532722,0.06458876091472607
2025-11-06,2,281,2025-01-29,2025-11-05,2025-01-29|2025-01-30|2025-01-31|2025-02-01|2025-02-02|2025-02-03|2025-02-04|2025-02-05|2025-02-06|2025-02-07|2025-02-08|2025-02-09|2025-02-10|2025-02-11|2025-02-12|2025-02-13|2025-02-14|2025-02-15|2025-02-16|2025-02-17|2025-02-18|2025-02-19|2025-02-20|2025-02-21|2025-02-22|2025-02-23|2025-02-24|2025-02-25|2025-02-26|2025-02-27|2025-02-28|2025-03-01|2025-03-02|2025-03-03|2025-03-04|2025-03-05|2025-03-06|2025-03-07|2025-03-08|2025-03-09|2025-03-10|2025-03-11|2025-03-12|2025-03-13|2025-03-14|2025-03-15|2025-03-16|2025-03-17|2025-03-18|2025-03-19|2025-03-20|2025-03-21|2025-03-22|2025-03-23|2025-03-24|2025-03-25|2025-03-26|2025-03-27|2025-03-28|2025-03-29|2025-03-30|2025-03-31|2025-04-01|2025-04-02|2025-04-03|2025-04-04|2025-04-05|2025-04-06|2025-04-07|2025-04-08|2025-04-09|2025-04-10|2025-04-11|2025-04-12|2025-04-13|2025-04-14|2025-04-15|2025-04-16|2025-04-17|2025-04-18|2025-04-19|2025-04-20|2025-04-21|2025-04-22|2025-04-23|2025-04-24|2025-04-25|2025-04-26|2025-04-27|2025-04-28|2025-04-29|2025-04-30|2025-05-01|2025-05-02|2025-05-03|2025-05-04|2025-05-05|2025-05-06|2025-05-07|2025-05-08|2025-05-09|2025-05-10|2025-05-11|2025-05-12|2025-05-13|2025-05-14|2025-05-15|2025-05-16|2025-05-17|2025-05-18|2025-05-19|2025-05-20|2025-05-21|2025-05-22|2025-05-23|2025-05-24|2025-05-25|2025-05-26|2025-05-27|2025-05-28|2025-05-29|2025-05-30|2025-05-31|2025-06-01|2025-06-02|2025-06-03|2025-06-04|2025-06-05|2025-06-06|2025-06-07|2025-06-08|2025-06-09|2025-06-10|2025-06-11|2025-06-12|2025-06-13|2025-06-14|2025-06-15|2025-06-16|2025-06-17|2025-06-18|2025-06-19|2025-06-20|2025-06-21|2025-06-22|2025-06-23|2025-06-24|2025-06-25|2025-06-26|2025-06-27|2025-06-28|2025-06-29|2025-06-30|2025-07-01|2025-07-02|2025-07-03|2025-07-04|2025-07-05|2025-07-06|2025-07-07|2025-07-08|2025-07-09|2025-07-10|2025-07-11|2025-07-12|2025-07-13|2025-07-14|2025-07-15|2025-07-16|2025-07-17|2025-07-18|2025-07-19|2025-07-20|2025-07-21|2025-07-22|2025-07-23|2025-07-24|2025-07-25|2025-07-26|2025-07-27|2025-07-28|2025-07-29|2025-07-30|2025-07-31|2025-08-01|2025-08-02|2025-08-03|2025-08-04|2025-08-05|2025-08-06|2025-08-07|2025-08-08|2025-08-09|2025-08-10|2025-08-11|2025-08-12|2025-08-13|2025-08-14|2025-08-15|2025-08-16|2025-08-17|2025-08-18|2025-08-19|2025-08-20|2025-08-21|2025-08-22|2025-08-23|2025-08-24|2025-08-25|2025-08-26|2025-08-27|2025-08-28|2025-08-29|2025-08-30|2025-08-31|2025-09-01|2025-09-02|2025-09-03|2025-09-04|2025-09-05|2025-09-06|2025-09-07|2025-09-08|2025-09-09|2025-09-10|2025-09-11|2025-09-12|2025-09-13|2025-09-14|2025-09-15|2025-09-16|2025-09-17|2025-09-18|2025-09-19|2025-09-20|2025-09-21|2025-09-22|2025-09-23|2025-09-24|2025-09-25|2025-09-26|2025-09-27|2025-09-28|2025-09-29|2025-09-30|2025-10-01|2025-10-02|2025-10-03|2025-10-04|2025-10-05|2025-10-06|2025-10-07|2025-10-08|2025-10-09|2025-10-10|2025-10-11|2025-10-12|2025-10-13|2025-10-14|2025-10-15|2025-10-16|2025-10-17|2025-10-18|2025-10-19|2025-10-20|2025-10-21|2025-10-22|2025-10-23|2025-10-24|2025-10-25|2025-10-26|2025-10-27|2025-10-28|2025-10-29|2025-10-30|2025-10-31|2025-11-01|2025-11-02|2025-11-03|2025-11-04|2025-11-05,0.06400988793962138,0.06082622863565421,0.06221476699917566,0.06452384594921826
2025-11-07,2,282,2025-01-29,2025-11-06,2025-01-29|2025-01-30|2025-01-31|2025-02-01|2025-02-02|2025-02-03|2025-02-04|2025-02-05|2025-02-06|2025-02-07|2025-02-08|2025-02-09|2025-02-10|2025-02-11|2025-02-12|2025-02-13|2025-02-14|2025-02-15|2025-02-16|2025-02-17|2025-02-18|2025-02-19|2025-02-20|2025-02-21|2025-02-22|2025-02-23|2025-02-24|2025-02-25|2025-02-26|2025-02-27|2025-02-28|2025-03-01|2025-03-02|2025-03-03|2025-03-04|2025-03-05|2025-03-06|2025-03-07|2025-03-08|2025-03-09|2025-03-10|2025-03-11|2025-03-12|2025-03-13|2025-03-14|2025-03-15|2025-03-16|2025-03-17|2025-03-18|2025-03-19|2025-03-20|2025-03-21|2025-03-22|2025-03-23|2025-03-24|2025-03-25|2025-03-26|2025-03-27|2025-03-28|2025-03-29|2025-03-30|2025-03-31|2025-04-01|2025-04-02|2025-04-03|2025-04-04|2025-04-05|2025-04-06|2025-04-07|2025-04-08|2025-04-09|2025-04-10|2025-04-11|2025-04-12|2025-04-13|2025-04-14|2025-04-15|2025-04-16|2025-04-17|2025-04-18|2025-04-19|2025-04-20|2025-04-21|2025-04-22|2025-04-23|2025-04-24|2025-04-25|2025-04-26|2025-04-27|2025-04-28|2025-04-29|2025-04-30|2025-05-01|2025-05-02|2025-05-03|2025-05-04|2025-05-05|2025-05-06|2025-05-07|2025-05-08|2025-05-09|2025-05-10|2025-05-11|2025-05-12|2025-05-13|2025-05-14|2025-05-15|2025-05-16|2025-05-17|2025-05-18|2025-05-19|2025-05-20|2025-05-21|2025-05-22|2025-05-23|2025-05-24|2025-05-25|2025-05-26|2025-05-27|2025-05-28|2025-05-29|2025-05-30|2025-05-31|2025-06-01|2025-06-02|2025-06-03|2025-06-04|2025-06-05|2025-06-06|2025-06-07|2025-06-08|2025-06-09|2025-06-10|2025-06-11|2025-06-12|2025-06-13|2025-06-14|2025-06-15|2025-06-16|2025-06-17|2025-06-18|2025-06-19|2025-06-20|2025-06-21|2025-06-22|2025-06-23|2025-06-24|2025-06-25|2025-06-26|2025-06-27|2025-06-28|2025-06-29|2025-06-30|2025-07-01|2025-07-02|2025-07-03|2025-07-04|2025-07-05|2025-07-06|2025-07-07|2025-07-08|2025-07-09|2025-07-10|2025-07-11|2025-07-12|2025-07-13|2025-07-14|2025-07-15|2025-07-16|2025-07-17|2025-07-18|2025-07-19|2025-07-20|2025-07-21|2025-07-22|2025-07-23|2025-07-24|2025-07-25|2025-07-26|2025-07-27|2025-07-28|2025-07-29|2025-07-30|2025-07-31|2025-08-01|2025-08-02|2025-08-03|2025-08-04|2025-08-05|2025-08-06|2025-08-07|2025-08-08|2025-08-09|2025-08-10|2025-08-11|2025-08-12|2025-08-13|2025-08-14|2025-08-15|2025-08-16|2025-08-17|2025-08-18|2025-08-19|2025-08-20|2025-08-21|2025-08-22|2025-08-23|2025-08-24|2025-08-25|2025-08-26|2025-08-27|2025-08-28|2025-08-29|2025-08-30|2025-08-31|2025-09-01|2025-09-02|2025-09-03|2025-09-04|2025-09-05|2025-09-06|2025-09-07|2025-09-08|2025-09-09|2025-09-10|2025-09-11|2025-09-12|2025-09-13|2025-09-14|2025-09-15|2025-09-16|2025-09-17|2025-09-18|2025-09-19|2025-09-20|2025-09-21|2025-09-22|2025-09-23|2025-09-24|2025-09-25|2025-09-26|2025-09-27|2025-09-28|2025-09-29|2025-09-30|2025-10-01|2025-10-02|2025-10-03|2025-10-04|2025-10-05|2025-10-06|2025-10-07|2025-10-08|2025-10-09|2025-10-10|2025-10-11|2025-10-12|2025-10-13|2025-10-14|2025-10-15|2025-10-16|2025-10-17|2025-10-18|2025-10-19|2025-10-20|2025-10-21|2025-10-22|2025-10-23|2025-10-24|2025-10-25|2025-10-26|2025-10-27|2025-10-28|2025-10-29|2025-10-30|2025-10-31|2025-11-01|2025-11-02|2025-11-03|2025-11-04|2025-11-05|2025-11-06,0.06398987218792684,0.06080118818820684,0.06219398272260611,0.06451452116454469
2025-11-08,2,283,2025-01-29,2025-11-07,2025-01-29|2025-01-30|2025-01-31|2025-02-01|2025-02-02|2025-02-03|2025-02-04|2025-02-05|2025-02-06|2025-02-07|2025-02-08|2025-02-09|2025-02-10|2025-02-11|2025-02-12|2025-02-13|2025-02-14|2025-02-15|2025-02-16|2025-02-17|2025-02-18|2025-02-19|2025-02-20|2025-02-21|2025-02-22|2025-02-23|2025-02-24|2025-02-25|2025-02-26|2025-02-27|2025-02-28|2025-03-01|2025-03-02|2025-03-03|2025-03-04|2025-03-05|2025-03-06|2025-03-07|2025-03-08|2025-03-09|2025-03-10|2025-03-11|2025-03-12|2025-03-13|2025-03-14|2025-03-15|2025-03-16|2025-03-17|2025-03-18|2025-03-19|2025-03-20|2025-03-21|2025-03-22|2025-03-23|2025-03-24|2025-03-25|2025-03-26|2025-03-27|2025-03-28|2025-03-29|2025-03-30|2025-03-31|2025-04-01|2025-04-02|2025-04-03|2025-04-04|2025-04-05|2025-04-06|2025-04-07|2025-04-08|2025-04-09|2025-04-10|2025-04-11|2025-04-12|2025-04-13|2025-04-14|2025-04-15|2025-04-16|2025-04-17|2025-04-18|2025-04-19|2025-04-20|2025-04-21|2025-04-22|2025-04-23|2025-04-24|2025-04-25|2025-04-26|2025-04-27|2025-04-28|2025-04-29|2025-04-30|2025-05-01|2025-05-02|2025-05-03|2025-05-04|2025-05-05|2025-05-06|2025-05-07|2025-05-08|2025-05-09|2025-05-10|2025-05-11|2025-05-12|2025-05-13|2025-05-14|2025-05-15|2025-05-16|2025-05-17|2025-05-18|2025-05-19|2025-05-20|2025-05-21|2025-05-22|2025-05-23|2025-05-24|2025-05-25|2025-05-26|2025-05-27|2025-05-28|2025-05-29|2025-05-30|2025-05-31|2025-06-01|2025-06-02|2025-06-03|2025-06-04|2025-06-05|2025-06-06|2025-06-07|2025-06-08|2025-06-09|2025-06-10|2025-06-11|2025-06-12|2025-06-13|2025-06-14|2025-06-15|2025-06-16|2025-06-17|2025-06-18|2025-06-19|2025-06-20|2025-06-21|2025-06-22|2025-06-23|2025-06-24|2025-06-25|2025-06-26|2025-06-27|2025-06-28|2025-06-29|2025-06-30|2025-07-01|2025-07-02|2025-07-03|2025-07-04|2025-07-05|2025-07-06|2025-07-07|2025-07-08|2025-07-09|2025-07-10|2025-07-11|2025-07-12|2025-07-13|2025-07-14|2025-07-15|2025-07-16|2025-07-17|2025-07-18|2025-07-19|2025-07-20|2025-07-21|2025-07-22|2025-07-23|2025-07-24|2025-07-25|2025-07-26|2025-07-27|2025-07-28|2025-07-29|2025-07-30|2025-07-31|2025-08-01|2025-08-02|2025-08-03|2025-08-04|2025-08-05|2025-08-06|2025-08-07|2025-08-08|2025-08-09|2025-08-10|2025-08-11|2025-08-12|2025-08-13|2025-08-14|2025-08-15|2025-08-16|2025-08-17|2025-08-18|2025-08-19|2025-08-20|2025-08-21|2025-08-22|2025-08-23|2025-08-24|2025-08-25|2025-08-26|2025-08-27|2025-08-28|2025-08-29|2025-08-30|2025-08-31|2025-09-01|2025-09-02|2025-09-03|2025-09-04|2025-09-05|2025-09-06|2025-09-07|2025-09-08|2025-09-09|2025-09-10|2025-09-11|2025-09-12|2025-09-13|2025-09-14|2025-09-15|2025-09-16|2025-09-17|2025-09-18|2025-09-19|2025-09-20|2025-09-21|2025-09-22|2025-09-23|2025-09-24|2025-09-25|2025-09-26|2025-09-27|2025-09-28|2025-09-29|2025-09-30|2025-10-01|2025-10-02|2025-10-03|2025-10-04|2025-10-05|2025-10-06|2025-10-07|2025-10-08|2025-10-09|2025-10-10|2025-10-11|2025-10-12|2025-10-13|2025-10-14|2025-10-15|2025-10-16|2025-10-17|2025-10-18|2025-10-19|2025-10-20|2025-10-21|2025-10-22|2025-10-23|2025-10-24|2025-10-25|2025-10-26|2025-10-27|2025-10-28|2025-10-29|2025-10-30|2025-10-31|2025-11-01|2025-11-02|2025-11-03|2025-11-04|2025-11-05|2025-11-06|2025-11-07,0.06398825908317056,0.06079457719285667,0.0621870746343771,0.0645173793101457
2025-11-09,2,284,2025-01-29,2025-11-08,2025-01-29|2025-01-30|2025-01-31|2025-02-01|2025-02-02|2025-02-03|2025-02-04|2025-02-05|2025-02-06|2025-02-07|2025-02-08|2025-02-09|2025-02-10|2025-02-11|2025-02-12|2025-02-13|2025-02-14|2025-02-15|2025-02-16|2025-02-17|2025-02-18|2025-02-19|2025-02-20|2025-02-21|2025-02-22|2025-02-23|2025-02-24|2025-02-25|2025-02-26|2025-02-27|2025-02-28|2025-03-01|2025-03-02|2025-03-03|2025-03-04|2025-03-05|2025-03-06|2025-03-07|2025-03-08|2025-03-09|2025-03-10|2025-03-11|2025-03-12|2025-03-13|2025-03-14|2025-03-15|2025-03-16|2025-03-17|2025-03-18|2025-03-19|2025-03-20|2025-03-21|2025-03-22|2025-03-23|2025-03-24|2025-03-25|2025-03-26|2025-03-27|2025-03-28|2025-03-29|2025-03-30|2025-03-31|2025-04-01|2025-04-02|2025-04-03|2025-04-04|2025-04-05|2025-04-06|2025-04-07|2025-04-08|2025-04-09|2025-04-10|2025-04-11|2025-04-12|2025-04-13|2025-04-14|2025-04-15|2025-04-16|2025-04-17|2025-04-18|2025-04-19|2025-04-20|2025-04-21|2025-04-22|2025-04-23|2025-04-24|2025-04-25|2025-04-26|2025-04-27|2025-04-28|2025-04-29|2025-04-30|2025-05-01|2025-05-02|2025-05-03|2025-05-04|2025-05-05|2025-05-06|2025-05-07|2025-05-08|2025-05-09|2025-05-10|2025-05-11|2025-05-12|2025-05-13|2025-05-14|2025-05-15|2025-05-16|2025-05-17|2025-05-18|2025-05-19|2025-05-20|2025-05-21|2025-05-22|2025-05-23|2025-05-24|2025-05-25|2025-05-26|2025-05-27|2025-05-28|2025-05-29|2025-05-30|2025-05-31|2025-06-01|2025-06-02|2025-06-03|2025-06-04|2025-06-05|2025-06-06|2025-06-07|2025-06-08|2025-06-09|2025-06-10|2025-06-11|2025-06-12|2025-06-13|2025-06-14|2025-06-15|2025-06-16|2025-06-17|2025-06-18|2025-06-19|2025-06-20|2025-06-21|2025-06-22|2025-06-23|2025-06-24|2025-06-25|2025-06-26|2025-06-27|2025-06-28|2025-06-29|2025-06-30|2025-07-01|2025-07-02|2025-07-03|2025-07-04|2025-07-05|2025-07-06|2025-07-07|2025-07-08|2025-07-09|2025-07-10|2025-07-11|2025-07-12|2025-07-13|2025-07-14|2025-07-15|2025-07-16|2025-07-17|2025-07-18|2025-07-19|2025-07-20|2025-07-21|2025-07-22|2025-07-23|2025-07-24|2025-07-25|2025-07-26|2025-07-27|2025-07-28|2025-07-29|2025-07-30|2025-07-31|2025-08-01|2025-08-02|2025-08-03|2025-08-04|2025-08-05|2025-08-06|2025-08-07|2025-08-08|2025-08-09|2025-08-10|2025-08-11|2025-08-12|2025-08-13|2025-08-14|2025-08-15|2025-08-16|2025-08-17|2025-08-18|2025-08-19|2025-08-20|2025-08-21|2025-08-22|2025-08-23|2025-08-24|2025-08-25|2025-08-26|2025-08-27|2025-08-28|2025-08-29|2025-08-30|2025-08-31|2025-09-01|2025-09-02|2025-09-03|2025-09-04|2025-09-05|2025-09-06|2025-09-07|2025-09-08|2025-09-09|2025-09-10|2025-09-11|2025-09-12|2025-09-13|2025-09-14|2025-09-15|2025-09-16|2025-09-17|2025-09-18|2025-09-19|2025-09-20|2025-09-21|2025-09-22|2025-09-23|2025-09-24|2025-09-25|2025-09-26|2025-09-27|2025-09-28|2025-09-29|2025-09-30|2025-10-01|2025-10-02|2025-10-03|2025-10-04|2025-10-05|2025-10-06|2025-10-07|2025-10-08|2025-10-09|2025-10-10|2025-10-11|2025-10-12|2025-10-13|2025-10-14|2025-10-15|2025-10-16|2025-10-17|2025-10-18|2025-10-19|2025-10-20|2025-10-21|2025-10-22|2025-10-23|2025-10-24|2025-10-25|2025-10-26|2025-10-27|2025-10-28|2025-10-29|2025-10-30|2025-10-31|2025-11-01|2025-11-02|2025-11-03|2025-11-04|2025-11-05|2025-11-06|2025-11-07|2025-11-08,0.06399298062633973,0.06078935302987246,0.06218747182129689,0.0645142828079435
2025-11-10,2,285,2025-01-29,2025-11-09,2025-01-29|2025-01-30|2025-01-31|2025-02-01|2025-02-02|2025-02-03|2025-02-04|2025-02-05|2025-02-06|2025-02-07|2025-02-08|2025-02-09|2025-02-10|2025-02-11|2025-02-12|2025-02-13|2025-02-14|2025-02-15|2025-02-16|2025-02-17|2025-02-18|2025-02-19|2025-02-20|2025-02-21|2025-02-22|2025-02-23|2025-02-24|2025-02-25|2025-02-26|2025-02-27|2025-02-28|2025-03-01|2025-03-02|2025-03-03|2025-03-04|2025-03-05|2025-03-06|2025-03-07|2025-03-08|2025-03-09|2025-03-10|2025-03-11|2025-03-12|2025-03-13|2025-03-14|2025-03-15|2025-03-16|2025-03-17|2025-03-18|2025-03-19|2025-03-20|2025-03-21|2025-03-22|2025-03-23|2025-03-24|2025-03-25|2025-03-26|2025-03-27|2025-03-28|2025-03-29|2025-03-30|2025-03-31|2025-04-01|2025-04-02|2025-04-03|2025-04-04|2025-04-05|2025-04-06|2025-04-07|2025-04-08|2025-04-09|2025-04-10|2025-04-11|2025-04-12|2025-04-13|2025-04-14|2025-04-15|2025-04-16|2025-04-17|2025-04-18|2025-04-19|2025-04-20|2025-04-21|2025-04-22|2025-04-23|2025-04-24|2025-04-25|2025-04-26|2025-04-27|2025-04-28|2025-04-29|2025-04-30|2025-05-01|2025-05-02|2025-05-03|2025-05-04|2025-05-05|2025-05-06|2025-05-07|2025-05-08|2025-05-09|2025-05-10|2025-05-11|2025-05-12|2025-05-13|2025-05-14|2025-05-15|2025-05-16|2025-05-17|2025-05-18|2025-05-19|2025-05-20|2025-05-21|2025-05-22|2025-05-23|2025-05-24|2025-05-25|2025-05-26|2025-05-27|2025-05-28|2025-05-29|2025-05-30|2025-05-31|2025-06-01|2025-06-02|2025-06-03|2025-06-04|2025-06-05|2025-06-06|2025-06-07|2025-06-08|2025-06-09|2025-06-10|2025-06-11|2025-06-12|2025-06-13|2025-06-14|2025-06-15|2025-06-16|2025-06-17|2025-06-18|2025-06-19|2025-06-20|2025-06-21|2025-06-22|2025-06-23|2025-06-24|2025-06-25|2025-06-26|2025-06-27|2025-06-28|2025-06-29|2025-06-30|2025-07-01|2025-07-02|2025-07-03|2025-07-04|2025-07-05|2025-07-06|2025-07-07|2025-07-08|2025-07-09|2025-07-10|2025-07-11|2025-07-12|2025-07-13|2025-07-14|2025-07-15|2025-07-16|2025-07-17|2025-07-18|2025-07-19|2025-07-20|2025-07-21|2025-07-22|2025-07-23|2025-07-24|2025-07-25|2025-07-26|2025-07-27|2025-07-28|2025-07-29|2025-07-30|2025-07-31|2025-08-01|2025-08-02|2025-08-03|2025-08-04|2025-08-05|2025-08-06|2025-08-07|2025-08-08|2025-08-09|2025-08-10|2025-08-11|2025-08-12|2025-08-13|2025-08-14|2025-08-15|2025-08-16|2025-08-17|2025-08-18|2025-08-19|2025-08-20|2025-08-21|2025-08-22|2025-08-23|2025-08-24|2025-08-25|2025-08-26|2025-08-27|2025-08-28|2025-08-29|2025-08-30|2025-08-31|2025-09-01|2025-09-02|2025-09-03|2025-09-04|2025-09-05|2025-09-06|2025-09-07|2025-09-08|2025-09-09|2025-09-10|2025-09-11|2025-09-12|2025-09-13|2025-09-14|2025-09-15|2025-09-16|2025-09-17|2025-09-18|2025-09-19|2025-09-20|2025-09-21|2025-09-22|2025-09-23|2025-09-24|2025-09-25|2025-09-26|2025-09-27|2025-09-28|2025-09-29|2025-09-30|2025-10-01|2025-10-02|2025-10-03|2025-10-04|2025-10-05|2025-10-06|2025-10-07|2025-10-08|2025-10-09|2025-10-10|2025-10-11|2025-10-12|2025-10-13|2025-10-14|2025-10-15|2025-10-16|2025-10-17|2025-10-18|2025-10-19|2025-10-20|2025-10-21|2025-10-22|2025-10-23|2025-10-24|2025-10-25|2025-10-26|2025-10-27|2025-10-28|2025-10-29|2025-10-30|2025-10-31|2025-11-01|2025-11-02|2025-11-03|2025-11-04|2025-11-05|2025-11-06|2025-11-07|2025-11-08|2025-11-09,0.06393008455912702,0.06072924969989205,0.062129771805971824,0.0644641530240596
2025-11-11,2,286,2025-01-29,2025-11-10,2025-01-29|2025-01-30|2025-01-31|2025-02-01|2025-02-02|2025-02-03|2025-02-04|2025-02-05|2025-02-06|2025-02-07|2025-02-08|2025-02-09|2025-02-10|2025-02-11|2025-02-12|2025-02-13|2025-02-14|2025-02-15|2025-02-16|2025-02-17|2025-02-18|2025-02-19|2025-02-20|2025-02-21|2025-02-22|2025-02-23|2025-02-24|2025-02-25|2025-02-26|2025-02-27|2025-02-28|2025-03-01|2025-03-02|2025-03-03|2025-03-04|2025-03-05|2025-03-06|2025-03-07|2025-03-08|2025-03-09|2025-03-10|2025-03-11|2025-03-12|2025-03-13|2025-03-14|2025-03-15|2025-03-16|2025-03-17|2025-03-18|2025-03-19|2025-03-20|2025-03-21|2025-03-22|2025-03-23|2025-03-24|2025-03-25|2025-03-26|2025-03-27|2025-03-28|2025-03-29|2025-03-30|2025-03-31|2025-04-01|2025-04-02|2025-04-03|2025-04-04|2025-04-05|2025-04-06|2025-04-07|2025-04-08|2025-04-09|2025-04-10|2025-04-11|2025-04-12|2025-04-13|2025-04-14|2025-04-15|2025-04-16|2025-04-17|2025-04-18|2025-04-19|2025-04-20|2025-04-21|2025-04-22|2025-04-23|2025-04-24|2025-04-25|2025-04-26|2025-04-27|2025-04-28|2025-04-29|2025-04-30|2025-05-01|2025-05-02|2025-05-03|2025-05-04|2025-05-05|2025-05-06|2025-05-07|2025-05-08|2025-05-09|2025-05-10|2025-05-11|2025-05-12|2025-05-13|2025-05-14|2025-05-15|2025-05-16|2025-05-17|2025-05-18|2025-05-19|2025-05-20|2025-05-21|2025-05-22|2025-05-23|2025-05-24|2025-05-25|2025-05-26|2025-05-27|2025-05-28|2025-05-29|2025-05-30|2025-05-31|2025-06-01|2025-06-02|2025-06-03|2025-06-04|2025-06-05|2025-06-06|2025-06-07|2025-06-08|2025-06-09|2025-06-10|2025-06-11|2025-06-12|2025-06-13|2025-06-14|2025-06-15|2025-06-16|2025-06-17|2025-06-18|2025-06-19|2025-06-20|2025-06-21|2025-06-22|2025-06-23|2025-06-24|2025-06-25|2025-06-26|2025-06-27|2025-06-28|2025-06-29|2025-06-30|2025-07-01|2025-07-02|2025-07-03|2025-07-04|2025-07-05|2025-07-06|2025-07-07|2025-07-08|2025-07-09|2025-07-10|2025-07-11|2025-07-12|2025-07-13|2025-07-14|2025-07-15|2025-07-16|2025-07-17|2025-07-18|2025-07-19|2025-07-20|2025-07-21|2025-07-22|2025-07-23|2025-07-24|2025-07-25|2025-07-26|2025-07-27|2025-07-28|2025-07-29|2025-07-30|2025-07-31|2025-08-01|2025-08-02|2025-08-03|2025-08-04|2025-08-05|2025-08-06|2025-08-07|2025-08-08|2025-08-09|2025-08-10|2025-08-11|2025-08-12|2025-08-13|2025-08-14|2025-08-15|2025-08-16|2025-08-17|2025-08-18|2025-08-19|2025-08-20|2025-08-21|2025-08-22|2025-08-23|2025-08-24|2025-08-25|2025-08-26|2025-08-27|2025-08-28|2025-08-29|2025-08-30|2025-08-31|2025-09-01|2025-09-02|2025-09-03|2025-09-04|2025-09-05|2025-09-06|2025-09-07|2025-09-08|2025-09-09|2025-09-10|2025-09-11|2025-09-12|2025-09-13|2025-09-14|2025-09-15|2025-09-16|2025-09-17|2025-09-18|2025-09-19|2025-09-20|2025-09-21|2025-09-22|2025-09-23|2025-09-24|2025-09-25|2025-09-26|2025-09-27|2025-09-28|2025-09-29|2025-09-30|2025-10-01|2025-10-02|2025-10-03|2025-10-04|2025-10-05|2025-10-06|2025-10-07|2025-10-08|2025-10-09|2025-10-10|2025-10-11|2025-10-12|2025-10-13|2025-10-14|2025-10-15|2025-10-16|2025-10-17|2025-10-18|2025-10-19|2025-10-20|2025-10-21|2025-10-22|2025-10-23|2025-10-24|2025-10-25|2025-10-26|2025-10-27|2025-10-28|2025-10-29|2025-10-30|2025-10-31|2025-11-01|2025-11-02|2025-11-03|2025-11-04|2025-11-05|2025-11-06|2025-11-07|2025-11-08|2025-11-09|2025-11-10,0.06388021005191713,0.060702794085927755,0.06210612042173355,0.06445822192802365
2025-11-12,2,287,2025-01-29,2025-11-11,2025-01-29|2025-01-30|2025-01-31|2025-02-01|2025-02-02|2025-02-03|2025-02-04|2025-02-05|2025-02-06|2025-02-07|2025-02-08|2025-02-09|2025-02-10|2025-02-11|2025-02-12|2025-02-13|2025-02-14|2025-02-15|2025-02-16|2025-02-17|2025-02-18|2025-02-19|2025-02-20|2025-02-21|2025-02-22|2025-02-23|2025-02-24|2025-02-25|2025-02-26|2025-02-27|2025-02-28|2025-03-01|2025-03-02|2025-03-03|2025-03-04|2025-03-05|2025-03-06|2025-03-07|2025-03-08|2025-03-09|2025-03-10|2025-03-11|2025-03-12|2025-03-13|2025-03-14|2025-03-15|2025-03-16|2025-03-17|2025-03-18|2025-03-19|2025-03-20|2025-03-21|2025-03-22|2025-03-23|2025-03-24|2025-03-25|2025-03-26|2025-03-27|2025-03-28|2025-03-29|2025-03-30|2025-03-31|2025-04-01|2025-04-02|2025-04-03|2025-04-04|2025-04-05|2025-04-06|2025-04-07|2025-04-08|2025-04-09|2025-04-10|2025-04-11|2025-04-12|2025-04-13|2025-04-14|2025-04-15|2025-04-16|2025-04-17|2025-04-18|2025-04-19|2025-04-20|2025-04-21|2025-04-22|2025-04-23|2025-04-24|2025-04-25|2025-04-26|2025-04-27|2025-04-28|2025-04-29|2025-04-30|2025-05-01|2025-05-02|2025-05-03|2025-05-04|2025-05-05|2025-05-06|2025-05-07|2025-05-08|2025-05-09|2025-05-10|2025-05-11|2025-05-12|2025-05-13|2025-05-14|2025-05-15|2025-05-16|2025-05-17|2025-05-18|2025-05-19|2025-05-20|2025-05-21|2025-05-22|2025-05-23|2025-05-24|2025-05-25|2025-05-26|2025-05-27|2025-05-28|2025-05-29|2025-05-30|2025-05-31|2025-06-01|2025-06-02|2025-06-03|2025-06-04|2025-06-05|2025-06-06|2025-06-07|2025-06-08|2025-06-09|2025-06-10|2025-06-11|2025-06-12|2025-06-13|2025-06-14|2025-06-15|2025-06-16|2025-06-17|2025-06-18|2025-06-19|2025-06-20|2025-06-21|2025-06-22|2025-06-23|2025-06-24|2025-06-25|2025-06-26|2025-06-27|2025-06-28|2025-06-29|2025-06-30|2025-07-01|2025-07-02|2025-07-03|2025-07-04|2025-07-05|2025-07-06|2025-07-07|2025-07-08|2025-07-09|2025-07-10|2025-07-11|2025-07-12|2025-07-13|2025-07-14|2025-07-15|2025-07-16|2025-07-17|2025-07-18|2025-07-19|2025-07-20|2025-07-21|2025-07-22|2025-07-23|2025-07-24|2025-07-25|2025-07-26|2025-07-27|2025-07-28|2025-07-29|2025-07-30|2025-07-31|2025-08-01|2025-08-02|2025-08-03|2025-08-04|2025-08-05|2025-08-06|2025-08-07|2025-08-08|2025-08-09|2025-08-10|2025-08-11|2025-08-12|2025-08-13|2025-08-14|2025-08-15|2025-08-16|2025-08-17|2025-08-18|2025-08-19|2025-08-20|2025-08-21|2025-08-22|2025-08-23|2025-08-24|2025-08-25|2025-08-26|2025-08-27|2025-08-28|2025-08-29|2025-08-30|2025-08-31|2025-09-01|2025-09-02|2025-09-03|2025-09-04|2025-09-05|2025-09-06|2025-09-07|2025-09-08|2025-09-09|2025-09-10|2025-09-11|2025-09-12|2025-09-13|2025-09-14|2025-09-15|2025-09-16|2025-09-17|2025-09-18|2025-09-19|2025-09-20|2025-09-21|2025-09-22|2025-09-23|2025-09-24|2025-09-25|2025-09-26|2025-09-27|2025-09-28|2025-09-29|2025-09-30|2025-10-01|2025-10-02|2025-10-03|2025-10-04|2025-10-05|2025-10-06|2025-10-07|2025-10-08|2025-10-09|2025-10-10|2025-10-11|2025-10-12|2025-10-13|2025-10-14|2025-10-15|2025-10-16|2025-10-17|2025-10-18|2025-10-19|2025-10-20|2025-10-21|2025-10-22|2025-10-23|2025-10-24|2025-10-25|2025-10-26|2025-10-27|2025-10-28|2025-10-29|2025-10-30|2025-10-31|2025-11-01|2025-11-02|2025-11-03|2025-11-04|2025-11-05|2025-11-06|2025-11-07|2025-11-08|2025-11-09|2025-11-10|2025-11-11,0.06381872271150894,0.06064300588308219,0.06203413770171392,0.06438839954441405
2025-11-13,2,288,2025-01-29,2025-11-12,2025-01-29|2025-01-30|2025-01-31|2025-02-01|2025-02-02|2025-02-03|2025-02-04|2025-02-05|2025-02-06|2025-02-07|2025-02-08|2025-02-09|2025-02-10|2025-02-11|2025-02-12|2025-02-13|2025-02-14|2025-02-15|2025-02-16|2025-02-17|2025-02-18|2025-02-19|2025-02-20|2025-02-21|2025-02-22|2025-02-23|2025-02-24|2025-02-25|2025-02-26|2025-02-27|2025-02-28|2025-03-01|2025-03-02|2025-03-03|2025-03-04|2025-03-05|2025-03-06|2025-03-07|2025-03-08|2025-03-09|2025-03-10|2025-03-11|2025-03-12|2025-03-13|2025-03-14|2025-03-15|2025-03-16|2025-03-17|2025-03-18|2025-03-19|2025-03-20|2025-03-21|2025-03-22|2025-03-23|2025-03-24|2025-03-25|2025-03-26|2025-03-27|2025-03-28|2025-03-29|2025-03-30|2025-03-31|2025-04-01|2025-04-02|2025-04-03|2025-04-04|2025-04-05|2025-04-06|2025-04-07|2025-04-08|2025-04-09|2025-04-10|2025-04-11|2025-04-12|2025-04-13|2025-04-14|2025-04-15|2025-04-16|2025-04-17|2025-04-18|2025-04-19|2025-04-20|2025-04-21|2025-04-22|2025-04-23|2025-04-24|2025-04-25|2025-04-26|2025-04-27|2025-04-28|2025-04-29|2025-04-30|2025-05-01|2025-05-02|2025-05-03|2025-05-04|2025-05-05|2025-05-06|2025-05-07|2025-05-08|2025-05-09|2025-05-10|2025-05-11|2025-05-12|2025-05-13|2025-05-14|2025-05-15|2025-05-16|2025-05-17|2025-05-18|2025-05-19|2025-05-20|2025-05-21|2025-05-22|2025-05-23|2025-05-24|2025-05-25|2025-05-26|2025-05-27|2025-05-28|2025-05-29|2025-05-30|2025-05-31|2025-06-01|2025-06-02|2025-06-03|2025-06-04|2025-06-05|2025-06-06|2025-06-07|2025-06-08|2025-06-09|2025-06-10|2025-06-11|2025-06-12|2025-06-13|2025-06-14|2025-06-15|2025-06-16|2025-06-17|2025-06-18|2025-06-19|2025-06-20|2025-06-21|2025-06-22|2025-06-23|2025-06-24|2025-06-25|2025-06-26|2025-06-27|2025-06-28|2025-06-29|2025-06-30|2025-07-01|2025-07-02|2025-07-03|2025-07-04|2025-07-05|2025-07-06|2025-07-07|2025-07-08|2025-07-09|2025-07-10|2025-07-11|2025-07-12|2025-07-13|2025-07-14|2025-07-15|2025-07-16|2025-07-17|2025-07-18|2025-07-19|2025-07-20|2025-07-21|2025-07-22|2025-07-23|2025-07-24|2025-07-25|2025-07-26|2025-07-27|2025-07-28|2025-07-29|2025-07-30|2025-07-31|2025-08-01|2025-08-02|2025-08-03|2025-08-04|2025-08-05|2025-08-06|2025-08-07|2025-08-08|2025-08-09|2025-08-10|2025-08-11|2025-08-12|2025-08-13|2025-08-14|2025-08-15|2025-08-16|2025-08-17|2025-08-18|2025-08-19|2025-08-20|2025-08-21|2025-08-22|2025-08-23|2025-08-24|2025-08-25|2025-08-26|2025-08-27|2025-08-28|2025-08-29|2025-08-30|2025-08-31|2025-09-01|2025-09-02|2025-09-03|2025-09-04|2025-09-05|2025-09-06|2025-09-07|2025-09-08|2025-09-09|2025-09-10|2025-09-11|2025-09-12|2025-09-13|2025-09-14|2025-09-15|2025-09-16|2025-09-17|2025-09-18|2025-09-19|2025-09-20|2025-09-21|2025-09-22|2025-09-23|2025-09-24|2025-09-25|2025-09-26|2025-09-27|2025-09-28|2025-09-29|2025-09-30|2025-10-01|2025-10-02|2025-10-03|2025-10-04|2025-10-05|2025-10-06|2025-10-07|2025-10-08|2025-10-09|2025-10-10|2025-10-11|2025-10-12|2025-10-13|2025-10-14|2025-10-15|2025-10-16|2025-10-17|2025-10-18|2025-10-19|2025-10-20|2025-10-21|2025-10-22|2025-10-23|2025-10-24|2025-10-25|2025-10-26|2025-10-27|2025-10-28|2025-10-29|2025-10-30|2025-10-31|2025-11-01|2025-11-02|2025-11-03|2025-11-04|2025-11-05|2025-11-06|2025-11-07|2025-11-08|2025-11-09|2025-11-10|2025-11-11|2025-11-12,0.06374184002833065,0.06055690922822756,0.06193932796552994,0.06429496179484234
2025-11-14,2,289,2025-01-29,2025-11-13,2025-01-29|2025-01-30|2025-01-31|2025-02-01|2025-02-02|2025-02-03|2025-02-04|2025-02-05|2025-02-06|2025-02-07|2025-02-08|2025-02-09|2025-02-10|2025-02-11|2025-02-12|2025-02-13|2025-02-14|2025-02-15|2025-02-16|2025-02-17|2025-02-18|2025-02-19|2025-02-20|2025-02-21|2025-02-22|2025-02-23|2025-02-24|2025-02-25|2025-02-26|2025-02-27|2025-02-28|2025-03-01|2025-03-02|2025-03-03|2025-03-04|2025-03-05|2025-03-06|2025-03-07|2025-03-08|2025-03-09|2025-03-10|2025-03-11|2025-03-12|2025-03-13|2025-03-14|2025-03-15|2025-03-16|2025-03-17|2025-03-18|2025-03-19|2025-03-20|2025-03-21|2025-03-22|2025-03-23|2025-03-24|2025-03-25|2025-03-26|2025-03-27|2025-03-28|2025-03-29|2025-03-30|2025-03-31|2025-04-01|2025-04-02|2025-04-03|2025-04-04|2025-04-05|2025-04-06|2025-04-07|2025-04-08|2025-04-09|2025-04-10|2025-04-11|2025-04-12|2025-04-13|2025-04-14|2025-04-15|2025-04-16|2025-04-17|2025-04-18|2025-04-19|2025-04-20|2025-04-21|2025-04-22|2025-04-23|2025-04-24|2025-04-25|2025-04-26|2025-04-27|2025-04-28|2025-04-29|2025-04-30|2025-05-01|2025-05-02|2025-05-03|2025-05-04|2025-05-05|2025-05-06|2025-05-07|2025-05-08|2025-05-09|2025-05-10|2025-05-11|2025-05-12|2025-05-13|2025-05-14|2025-05-15|2025-05-16|2025-05-17|2025-05-18|2025-05-19|2025-05-20|2025-05-21|2025-05-22|2025-05-23|2025-05-24|2025-05-25|2025-05-26|2025-05-27|2025-05-28|2025-05-29|2025-05-30|2025-05-31|2025-06-01|2025-06-02|2025-06-03|2025-06-04|2025-06-05|2025-06-06|2025-06-07|2025-06-08|2025-06-09|2025-06-10|2025-06-11|2025-06-12|2025-06-13|2025-06-14|2025-06-15|2025-06-16|2025-06-17|2025-06-18|2025-06-19|2025-06-20|2025-06-21|2025-06-22|2025-06-23|2025-06-24|2025-06-25|2025-06-26|2025-06-27|2025-06-28|2025-06-29|2025-06-30|2025-07-01|2025-07-02|2025-07-03|2025-07-04|2025-07-05|2025-07-06|2025-07-07|2025-07-08|2025-07-09|2025-07-10|2025-07-11|2025-07-12|2025-07-13|2025-07-14|2025-07-15|2025-07-16|2025-07-17|2025-07-18|2025-07-19|2025-07-20|2025-07-21|2025-07-22|2025-07-23|2025-07-24|2025-07-25|2025-07-26|2025-07-27|2025-07-28|2025-07-29|2025-07-30|2025-07-31|2025-08-01|2025-08-02|2025-08-03|2025-08-04|2025-08-05|2025-08-06|2025-08-07|2025-08-08|2025-08-09|2025-08-10|2025-08-11|2025-08-12|2025-08-13|2025-08-14|2025-08-15|2025-08-16|2025-08-17|2025-08-18|2025-08-19|2025-08-20|2025-08-21|2025-08-22|2025-08-23|2025-08-24|2025-08-25|2025-08-26|2025-08-27|2025-08-28|2025-08-29|2025-08-30|2025-08-31|2025-09-01|2025-09-02|2025-09-03|2025-09-04|2025-09-05|2025-09-06|2025-09-07|2025-09-08|2025-09-09|2025-09-10|2025-09-11|2025-09-12|2025-09-13|2025-09-14|2025-09-15|2025-09-16|2025-09-17|2025-09-18|2025-09-19|2025-09-20|2025-09-21|2025-09-22|2025-09-23|2025-09-24|2025-09-25|2025-09-26|2025-09-27|2025-09-28|2025-09-29|2025-09-30|2025-10-01|2025-10-02|2025-10-03|2025-10-04|2025-10-05|2025-10-06|2025-10-07|2025-10-08|2025-10-09|2025-10-10|2025-10-11|2025-10-12|2025-10-13|2025-10-14|2025-10-15|2025-10-16|2025-10-17|2025-10-18|2025-10-19|2025-10-20|2025-10-21|2025-10-22|2025-10-23|2025-10-24|2025-10-25|2025-10-26|2025-10-27|2025-10-28|2025-10-29|2025-10-30|2025-10-31|2025-11-01|2025-11-02|2025-11-03|2025-11-04|2025-11-05|2025-11-06|2025-11-07|2025-11-08|2025-11-09|2025-11-10|2025-11-11|2025-11-12|2025-11-13,0.06368098394952085,0.06047404400491199,0.06186343751735334,0.06421698052060953
2025-11-15,2,290,2025-01-29,2025-11-14,2025-01-29|2025-01-30|2025-01-31|2025-02-01|2025-02-02|2025-02-03|2025-02-04|2025-02-05|2025-02-06|2025-02-07|2025-02-08|2025-02-09|2025-02-10|2025-02-11|2025-02-12|2025-02-13|2025-02-14|2025-02-15|2025-02-16|2025-02-17|2025-02-18|2025-02-19|2025-02-20|2025-02-21|2025-02-22|2025-02-23|2025-02-24|2025-02-25|2025-02-26|2025-02-27|2025-02-28|2025-03-01|2025-03-02|2025-03-03|2025-03-04|2025-03-05|2025-03-06|2025-03-07|2025-03-08|2025-03-09|2025-03-10|2025-03-11|2025-03-12|2025-03-13|2025-03-14|2025-03-15|2025-03-16|2025-03-17|2025-03-18|2025-03-19|2025-03-20|2025-03-21|2025-03-22|2025-03-23|2025-03-24|2025-03-25|2025-03-26|2025-03-27|2025-03-28|2025-03-29|2025-03-30|2025-03-31|2025-04-01|2025-04-02|2025-04-03|2025-04-04|2025-04-05|2025-04-06|2025-04-07|2025-04-08|2025-04-09|2025-04-10|2025-04-11|2025-04-12|2025-04-13|2025-04-14|2025-04-15|2025-04-16|2025-04-17|2025-04-18|2025-04-19|2025-04-20|2025-04-21|2025-04-22|2025-04-23|2025-04-24|2025-04-25|2025-04-26|2025-04-27|2025-04-28|2025-04-29|2025-04-30|2025-05-01|2025-05-02|2025-05-03|2025-05-04|2025-05-05|2025-05-06|2025-05-07|2025-05-08|2025-05-09|2025-05-10|2025-05-11|2025-05-12|2025-05-13|2025-05-14|2025-05-15|2025-05-16|2025-05-17|2025-05-18|2025-05-19|2025-05-20|2025-05-21|2025-05-22|2025-05-23|2025-05-24|2025-05-25|2025-05-26|2025-05-27|2025-05-28|2025-05-29|2025-05-30|2025-05-31|2025-06-01|2025-06-02|2025-06-03|2025-06-04|2025-06-05|2025-06-06|2025-06-07|2025-06-08|2025-06-09|2025-06-10|2025-06-11|2025-06-12|2025-06-13|2025-06-14|2025-06-15|2025-06-16|2025-06-17|2025-06-18|2025-06-19|2025-06-20|2025-06-21|2025-06-22|2025-06-23|2025-06-24|2025-06-25|2025-06-26|2025-06-27|2025-06-28|2025-06-29|2025-06-30|2025-07-01|2025-07-02|2025-07-03|2025-07-04|2025-07-05|2025-07-06|2025-07-07|2025-07-08|2025-07-09|2025-07-10|2025-07-11|2025-07-12|2025-07-13|2025-07-14|2025-07-15|2025-07-16|2025-07-17|2025-07-18|2025-07-19|2025-07-20|2025-07-21|2025-07-22|2025-07-23|2025-07-24|2025-07-25|2025-07-26|2025-07-27|2025-07-28|2025-07-29|2025-07-30|2025-07-31|2025-08-01|2025-08-02|2025-08-03|2025-08-04|2025-08-05|2025-08-06|2025-08-07|2025-08-08|2025-08-09|2025-08-10|2025-08-11|2025-08-12|2025-08-13|2025-08-14|2025-08-15|2025-08-16|2025-08-17|2025-08-18|2025-08-19|2025-08-20|2025-08-21|2025-08-22|2025-08-23|2025-08-24|2025-08-25|2025-08-26|2025-08-27|2025-08-28|2025-08-29|2025-08-30|2025-08-31|2025-09-01|2025-09-02|2025-09-03|2025-09-04|2025-09-05|2025-09-06|2025-09-07|2025-09-08|2025-09-09|2025-09-10|2025-09-11|2025-09-12|2025-09-13|2025-09-14|2025-09-15|2025-09-16|2025-09-17|2025-09-18|2025-09-19|2025-09-20|2025-09-21|2025-09-22|2025-09-23|2025-09-24|2025-09-25|2025-09-26|2025-09-27|2025-09-28|2025-09-29|2025-09-30|2025-10-01|2025-10-02|2025-10-03|2025-10-04|2025-10-05|2025-10-06|2025-10-07|2025-10-08|2025-10-09|2025-10-10|2025-10-11|2025-10-12|2025-10-13|2025-10-14|2025-10-15|2025-10-16|2025-10-17|2025-10-18|2025-10-19|2025-10-20|2025-10-21|2025-10-22|2025-10-23|2025-10-24|2025-10-25|2025-10-26|2025-10-27|2025-10-28|2025-10-29|2025-10-30|2025-10-31|2025-11-01|2025-11-02|2025-11-03|2025-11-04|2025-11-05|2025-11-06|2025-11-07|2025-11-08|2025-11-09|2025-11-10|2025-11-11|2025-11-12|2025-11-13|2025-11-14,0.06369114083163985,0.06044927391039285,0.061842260479649934,0.06421201874702534
2025-11-16,2,291,2025-01-29,2025-11-15,2025-01-29|2025-01-30|2025-01-31|2025-02-01|2025-02-02|2025-02-03|2025-02-04|2025-02-05|2025-02-06|2025-02-07|2025-02-08|2025-02-09|2025-02-10|2025-02-11|2025-02-12|2025-02-13|2025-02-14|2025-02-15|2025-02-16|2025-02-17|2025-02-18|2025-02-19|2025-02-20|2025-02-21|2025-02-22|2025-02-23|2025-02-24|2025-02-25|2025-02-26|2025-02-27|2025-02-28|2025-03-01|2025-03-02|2025-03-03|2025-03-04|2025-03-05|2025-03-06|2025-03-07|2025-03-08|2025-03-09|2025-03-10|2025-03-11|2025-03-12|2025-03-13|2025-03-14|2025-03-15|2025-03-16|2025-03-17|2025-03-18|2025-03-19|2025-03-20|2025-03-21|2025-03-22|2025-03-23|2025-03-24|2025-03-25|2025-03-26|2025-03-27|2025-03-28|2025-03-29|2025-03-30|2025-03-31|2025-04-01|2025-04-02|2025-04-03|2025-04-04|2025-04-05|2025-04-06|2025-04-07|2025-04-08|2025-04-09|2025-04-10|2025-04-11|2025-04-12|2025-04-13|2025-04-14|2025-04-15|2025-04-16|2025-04-17|2025-04-18|2025-04-19|2025-04-20|2025-04-21|2025-04-22|2025-04-23|2025-04-24|2025-04-25|2025-04-26|2025-04-27|2025-04-28|2025-04-29|2025-04-30|2025-05-01|2025-05-02|2025-05-03|2025-05-04|2025-05-05|2025-05-06|2025-05-07|2025-05-08|2025-05-09|2025-05-10|2025-05-11|2025-05-12|2025-05-13|2025-05-14|2025-05-15|2025-05-16|2025-05-17|2025-05-18|2025-05-19|2025-05-20|2025-05-21|2025-05-22|2025-05-23|2025-05-24|2025-05-25|2025-05-26|2025-05-27|2025-05-28|2025-05-29|2025-05-30|2025-05-31|2025-06-01|2025-06-02|2025-06-03|2025-06-04|2025-06-05|2025-06-06|2025-06-07|2025-06-08|2025-06-09|2025-06-10|2025-06-11|2025-06-12|2025-06-13|2025-06-14|2025-06-15|2025-06-16|2025-06-17|2025-06-18|2025-06-19|2025-06-20|2025-06-21|2025-06-22|2025-06-23|2025-06-24|2025-06-25|2025-06-26|2025-06-27|2025-06-28|2025-06-29|2025-06-30|2025-07-01|2025-07-02|2025-07-03|2025-07-04|2025-07-05|2025-07-06|2025-07-07|2025-07-08|2025-07-09|2025-07-10|2025-07-11|2025-07-12|2025-07-13|2025-07-14|2025-07-15|2025-07-16|2025-07-17|2025-07-18|2025-07-19|2025-07-20|2025-07-21|2025-07-22|2025-07-23|2025-07-24|2025-07-25|2025-07-26|2025-07-27|2025-07-28|2025-07-29|2025-07-30|2025-07-31|2025-08-01|2025-08-02|2025-08-03|2025-08-04|2025-08-05|2025-08-06|2025-08-07|2025-08-08|2025-08-09|2025-08-10|2025-08-11|2025-08-12|2025-08-13|2025-08-14|2025-08-15|2025-08-16|2025-08-17|2025-08-18|2025-08-19|2025-08-20|2025-08-21|2025-08-22|2025-08-23|2025-08-24|2025-08-25|2025-08-26|2025-08-27|2025-08-28|2025-08-29|2025-08-30|2025-08-31|2025-09-01|2025-09-02|2025-09-03|2025-09-04|2025-09-05|2025-09-06|2025-09-07|2025-09-08|2025-09-09|2025-09-10|2025-09-11|2025-09-12|2025-09-13|2025-09-14|2025-09-15|2025-09-16|2025-09-17|2025-09-18|2025-09-19|2025-09-20|2025-09-21|2025-09-22|2025-09-23|2025-09-24|2025-09-25|2025-09-26|2025-09-27|2025-09-28|2025-09-29|2025-09-30|2025-10-01|2025-10-02|2025-10-03|2025-10-04|2025-10-05|2025-10-06|2025-10-07|2025-10-08|2025-10-09|2025-10-10|2025-10-11|2025-10-12|2025-10-13|2025-10-14|2025-10-15|2025-10-16|2025-10-17|2025-10-18|2025-10-19|2025-10-20|2025-10-21|2025-10-22|2025-10-23|2025-10-24|2025-10-25|2025-10-26|2025-10-27|2025-10-28|2025-10-29|2025-10-30|2025-10-31|2025-11-01|2025-11-02|2025-11-03|2025-11-04|2025-11-05|2025-11-06|2025-11-07|2025-11-08|2025-11-09|2025-11-10|2025-11-11|2025-11-12|2025-11-13|2025-11-14|2025-11-15,0.06366760382084401,0.06042173105145511,0.06181856153007969,0.06420475843746934
2025-11-17,2,292,2025-01-29,2025-11-16,2025-01-29|2025-01-30|2025-01-31|2025-02-01|2025-02-02|2025-02-03|2025-02-04|2025-02-05|2025-02-06|2025-02-07|2025-02-08|2025-02-09|2025-02-10|2025-02-11|2025-02-12|2025-02-13|2025-02-14|2025-02-15|2025-02-16|2025-02-17|2025-02-18|2025-02-19|2025-02-20|2025-02-21|2025-02-22|2025-02-23|2025-02-24|2025-02-25|2025-02-26|2025-02-27|2025-02-28|2025-03-01|2025-03-02|2025-03-03|2025-03-04|2025-03-05|2025-03-06|2025-03-07|2025-03-08|2025-03-09|2025-03-10|2025-03-11|2025-03-12|2025-03-13|2025-03-14|2025-03-15|2025-03-16|2025-03-17|2025-03-18|2025-03-19|2025-03-20|2025-03-21|2025-03-22|2025-03-23|2025-03-24|2025-03-25|2025-03-26|2025-03-27|2025-03-28|2025-03-29|2025-03-30|2025-03-31|2025-04-01|2025-04-02|2025-04-03|2025-04-04|2025-04-05|2025-04-06|2025-04-07|2025-04-08|2025-04-09|2025-04-10|2025-04-11|2025-04-12|2025-04-13|2025-04-14|2025-04-15|2025-04-16|2025-04-17|2025-04-18|2025-04-19|2025-04-20|2025-04-21|2025-04-22|2025-04-23|2025-04-24|2025-04-25|2025-04-26|2025-04-27|2025-04-28|2025-04-29|2025-04-30|2025-05-01|2025-05-02|2025-05-03|2025-05-04|2025-05-05|2025-05-06|2025-05-07|2025-05-08|2025-05-09|2025-05-10|2025-05-11|2025-05-12|2025-05-13|2025-05-14|2025-05-15|2025-05-16|2025-05-17|2025-05-18|2025-05-19|2025-05-20|2025-05-21|2025-05-22|2025-05-23|2025-05-24|2025-05-25|2025-05-26|2025-05-27|2025-05-28|2025-05-29|2025-05-30|2025-05-31|2025-06-01|2025-06-02|2025-06-03|2025-06-04|2025-06-05|2025-06-06|2025-06-07|2025-06-08|2025-06-09|2025-06-10|2025-06-11|2025-06-12|2025-06-13|2025-06-14|2025-06-15|2025-06-16|2025-06-17|2025-06-18|2025-06-19|2025-06-20|2025-06-21|2025-06-22|2025-06-23|2025-06-24|2025-06-25|2025-06-26|2025-06-27|2025-06-28|2025-06-29|2025-06-30|2025-07-01|2025-07-02|2025-07-03|2025-07-04|2025-07-05|2025-07-06|2025-07-07|2025-07-08|2025-07-09|2025-07-10|2025-07-11|2025-07-12|2025-07-13|2025-07-14|2025-07-15|2025-07-16|2025-07-17|2025-07-18|2025-07-19|2025-07-20|2025-07-21|2025-07-22|2025-07-23|2025-07-24|2025-07-25|2025-07-26|2025-07-27|2025-07-28|2025-07-29|2025-07-30|2025-07-31|2025-08-01|2025-08-02|2025-08-03|2025-08-04|2025-08-05|2025-08-06|2025-08-07|2025-08-08|2025-08-09|2025-08-10|2025-08-11|2025-08-12|2025-08-13|2025-08-14|2025-08-15|2025-08-16|2025-08-17|2025-08-18|2025-08-19|2025-08-20|2025-08-21|2025-08-22|2025-08-23|2025-08-24|2025-08-25|2025-08-26|2025-08-27|2025-08-28|2025-08-29|2025-08-30|2025-08-31|2025-09-01|2025-09-02|2025-09-03|2025-09-04|2025-09-05|2025-09-06|2025-09-07|2025-09-08|2025-09-09|2025-09-10|2025-09-11|2025-09-12|2025-09-13|2025-09-14|2025-09-15|2025-09-16|2025-09-17|2025-09-18|2025-09-19|2025-09-20|2025-09-21|2025-09-22|2025-09-23|2025-09-24|2025-09-25|2025-09-26|2025-09-27|2025-09-28|2025-09-29|2025-09-30|2025-10-01|2025-10-02|2025-10-03|2025-10-04|2025-10-05|2025-10-06|2025-10-07|2025-10-08|2025-10-09|2025-10-10|2025-10-11|2025-10-12|2025-10-13|2025-10-14|2025-10-15|2025-10-16|2025-10-17|2025-10-18|2025-10-19|2025-10-20|2025-10-21|2025-10-22|2025-10-23|2025-10-24|2025-10-25|2025-10-26|2025-10-27|2025-10-28|2025-10-29|2025-10-30|2025-10-31|2025-11-01|2025-11-02|2025-11-03|2025-11-04|2025-11-05|2025-11-06|2025-11-07|2025-11-08|2025-11-09|2025-11-10|2025-11-11|2025-11-12|2025-11-13|2025-11-14|2025-11-15|2025-11-16,0.06361022414393916,0.060356278712943946,0.061759058801651986,0.06414839109714005
2025-11-18,2,293,2025-01-29,2025-11-17,2025-01-29|2025-01-30|2025-01-31|2025-02-01|2025-02-02|2025-02-03|2025-02-04|2025-02-05|2025-02-06|2025-02-07|2025-02-08|2025-02-09|2025-02-10|2025-02-11|2025-02-12|2025-02-13|2025-02-14|2025-02-15|2025-02-16|2025-02-17|2025-02-18|2025-02-19|2025-02-20|2025-02-21|2025-02-22|2025-02-23|2025-02-24|2025-02-25|2025-02-26|2025-02-27|2025-02-28|2025-03-01|2025-03-02|2025-03-03|2025-03-04|2025-03-05|2025-03-06|2025-03-07|2025-03-08|2025-03-09|2025-03-10|2025-03-11|2025-03-12|2025-03-13|2025-03-14|2025-03-15|2025-03-16|2025-03-17|2025-03-18|2025-03-19|2025-03-20|2025-03-21|2025-03-22|2025-03-23|2025-03-24|2025-03-25|2025-03-26|2025-03-27|2025-03-28|2025-03-29|2025-03-30|2025-03-31|2025-04-01|2025-04-02|2025-04-03|2025-04-04|2025-04-05|2025-04-06|2025-04-07|2025-04-08|2025-04-09|2025-04-10|2025-04-11|2025-04-12|2025-04-13|2025-04-14|2025-04-15|2025-04-16|2025-04-17|2025-04-18|2025-04-19|2025-04-20|2025-04-21|2025-04-22|2025-04-23|2025-04-24|2025-04-25|2025-04-26|2025-04-27|2025-04-28|2025-04-29|2025-04-30|2025-05-01|2025-05-02|2025-05-03|2025-05-04|2025-05-05|2025-05-06|2025-05-07|2025-05-08|2025-05-09|2025-05-10|2025-05-11|2025-05-12|2025-05-13|2025-05-14|2025-05-15|2025-05-16|2025-05-17|2025-05-18|2025-05-19|2025-05-20|2025-05-21|2025-05-22|2025-05-23|2025-05-24|2025-05-25|2025-05-26|2025-05-27|2025-05-28|2025-05-29|2025-05-30|2025-05-31|2025-06-01|2025-06-02|2025-06-03|2025-06-04|2025-06-05|2025-06-06|2025-06-07|2025-06-08|2025-06-09|2025-06-10|2025-06-11|2025-06-12|2025-06-13|2025-06-14|2025-06-15|2025-06-16|2025-06-17|2025-06-18|2025-06-19|2025-06-20|2025-06-21|2025-06-22|2025-06-23|2025-06-24|2025-06-25|2025-06-26|2025-06-27|2025-06-28|2025-06-29|2025-06-30|2025-07-01|2025-07-02|2025-07-03|2025-07-04|2025-07-05|2025-07-06|2025-07-07|2025-07-08|2025-07-09|2025-07-10|2025-07-11|2025-07-12|2025-07-13|2025-07-14|2025-07-15|2025-07-16|2025-07-17|2025-07-18|2025-07-19|2025-07-20|2025-07-21|2025-07-22|2025-07-23|2025-07-24|2025-07-25|2025-07-26|2025-07-27|2025-07-28|2025-07-29|2025-07-30|2025-07-31|2025-08-01|2025-08-02|2025-08-03|2025-08-04|2025-08-05|2025-08-06|2025-08-07|2025-08-08|2025-08-09|2025-08-10|2025-08-11|2025-08-12|2025-08-13|2025-08-14|2025-08-15|2025-08-16|2025-08-17|2025-08-18|2025-08-19|2025-08-20|2025-08-21|2025-08-22|2025-08-23|2025-08-24|2025-08-25|2025-08-26|2025-08-27|2025-08-28|2025-08-29|2025-08-30|2025-08-31|2025-09-01|2025-09-02|2025-09-03|2025-09-04|2025-09-05|2025-09-06|2025-09-07|2025-09-08|2025-09-09|2025-09-10|2025-09-11|2025-09-12|2025-09-13|2025-09-14|2025-09-15|2025-09-16|2025-09-17|2025-09-18|2025-09-19|2025-09-20|2025-09-21|2025-09-22|2025-09-23|2025-09-24|2025-09-25|2025-09-26|2025-09-27|2025-09-28|2025-09-29|2025-09-30|2025-10-01|2025-10-02|2025-10-03|2025-10-04|2025-10-05|2025-10-06|2025-10-07|2025-10-08|2025-10-09|2025-10-10|2025-10-11|2025-10-12|2025-10-13|2025-10-14|2025-10-15|2025-10-16|2025-10-17|2025-10-18|2025-10-19|2025-10-20|2025-10-21|2025-10-22|2025-10-23|2025-10-24|2025-10-25|2025-10-26|2025-10-27|2025-10-28|2025-10-29|2025-10-30|2025-10-31|2025-11-01|2025-11-02|2025-11-03|2025-11-04|2025-11-05|2025-11-06|2025-11-07|2025-11-08|2025-11-09|2025-11-10|2025-11-11|2025-11-12|2025-11-13|2025-11-14|2025-11-15|2025-11-16|2025-11-17,0.06353960350734653,0.06028186964811059,0.06169195727384489,0.06407492594275598
2025-11-19,2,294,2025-01-29,2025-11-18,2025-01-29|2025-01-30|2025-01-31|2025-02-01|2025-02-02|2025-02-03|2025-02-04|2025-02-05|2025-02-06|2025-02-07|2025-02-08|2025-02-09|2025-02-10|2025-02-11|2025-02-12|2025-02-13|2025-02-14|2025-02-15|2025-02-16|2025-02-17|2025-02-18|2025-02-19|2025-02-20|2025-02-21|2025-02-22|2025-02-23|2025-02-24|2025-02-25|2025-02-26|2025-02-27|2025-02-28|2025-03-01|2025-03-02|2025-03-03|2025-03-04|2025-03-05|2025-03-06|2025-03-07|2025-03-08|2025-03-09|2025-03-10|2025-03-11|2025-03-12|2025-03-13|2025-03-14|2025-03-15|2025-03-16|2025-03-17|2025-03-18|2025-03-19|2025-03-20|2025-03-21|2025-03-22|2025-03-23|2025-03-24|2025-03-25|2025-03-26|2025-03-27|2025-03-28|2025-03-29|2025-03-30|2025-03-31|2025-04-01|2025-04-02|2025-04-03|2025-04-04|2025-04-05|2025-04-06|2025-04-07|2025-04-08|2025-04-09|2025-04-10|2025-04-11|2025-04-12|2025-04-13|2025-04-14|2025-04-15|2025-04-16|2025-04-17|2025-04-18|2025-04-19|2025-04-20|2025-04-21|2025-04-22|2025-04-23|2025-04-24|2025-04-25|2025-04-26|2025-04-27|2025-04-28|2025-04-29|2025-04-30|2025-05-01|2025-05-02|2025-05-03|2025-05-04|2025-05-05|2025-05-06|2025-05-07|2025-05-08|2025-05-09|2025-05-10|2025-05-11|2025-05-12|2025-05-13|2025-05-14|2025-05-15|2025-05-16|2025-05-17|2025-05-18|2025-05-19|2025-05-20|2025-05-21|2025-05-22|2025-05-23|2025-05-24|2025-05-25|2025-05-26|2025-05-27|2025-05-28|2025-05-29|2025-05-30|2025-05-31|2025-06-01|2025-06-02|2025-06-03|2025-06-04|2025-06-05|2025-06-06|2025-06-07|2025-06-08|2025-06-09|2025-06-10|2025-06-11|2025-06-12|2025-06-13|2025-06-14|2025-06-15|2025-06-16|2025-06-17|2025-06-18|2025-06-19|2025-06-20|2025-06-21|2025-06-22|2025-06-23|2025-06-24|2025-06-25|2025-06-26|2025-06-27|2025-06-28|2025-06-29|2025-06-30|2025-07-01|2025-07-02|2025-07-03|2025-07-04|2025-07-05|2025-07-06|2025-07-07|2025-07-08|2025-07-09|2025-07-10|2025-07-11|2025-07-12|2025-07-13|2025-07-14|2025-07-15|2025-07-16|2025-07-17|2025-07-18|2025-07-19|2025-07-20|2025-07-21|2025-07-22|2025-07-23|2025-07-24|2025-07-25|2025-07-26|2025-07-27|2025-07-28|2025-07-29|2025-07-30|2025-07-31|2025-08-01|2025-08-02|2025-08-03|2025-08-04|2025-08-05|2025-08-06|2025-08-07|2025-08-08|2025-08-09|2025-08-10|2025-08-11|2025-08-12|2025-08-13|2025-08-14|2025-08-15|2025-08-16|2025-08-17|2025-08-18|2025-08-19|2025-08-20|2025-08-21|2025-08-22|2025-08-23|2025-08-24|2025-08-25|2025-08-26|2025-08-27|2025-08-28|2025-08-29|2025-08-30|2025-08-31|2025-09-01|2025-09-02|2025-09-03|2025-09-04|2025-09-05|2025-09-06|2025-09-07|2025-09-08|2025-09-09|2025-09-10|2025-09-11|2025-09-12|2025-09-13|2025-09-14|2025-09-15|2025-09-16|2025-09-17|2025-09-18|2025-09-19|2025-09-20|2025-09-21|2025-09-22|2025-09-23|2025-09-24|2025-09-25|2025-09-26|2025-09-27|2025-09-28|2025-09-29|2025-09-30|2025-10-01|2025-10-02|2025-10-03|2025-10-04|2025-10-05|2025-10-06|2025-10-07|2025-10-08|2025-10-09|2025-10-10|2025-10-11|2025-10-12|2025-10-13|2025-10-14|2025-10-15|2025-10-16|2025-10-17|2025-10-18|2025-10-19|2025-10-20|2025-10-21|2025-10-22|2025-10-23|2025-10-24|2025-10-25|2025-10-26|2025-10-27|2025-10-28|2025-10-29|2025-10-30|2025-10-31|2025-11-01|2025-11-02|2025-11-03|2025-11-04|2025-11-05|2025-11-06|2025-11-07|2025-11-08|2025-11-09|2025-11-10|2025-11-11|2025-11-12|2025-11-13|2025-11-14|2025-11-15|2025-11-16|2025-11-17|2025-11-18,0.06349204356705043,0.0602452584446111,0.061663372305431424,0.06403815336533039
2025-11-20,2,295,2025-01-29,2025-11-19,2025-01-29|2025-01-30|2025-01-31|2025-02-01|2025-02-02|2025-02-03|2025-02-04|2025-02-05|2025-02-06|2025-02-07|2025-02-08|2025-02-09|2025-02-10|2025-02-11|2025-02-12|2025-02-13|2025-02-14|2025-02-15|2025-02-16|2025-02-17|2025-02-18|2025-02-19|2025-02-20|2025-02-21|2025-02-22|2025-02-23|2025-02-24|2025-02-25|2025-02-26|2025-02-27|2025-02-28|2025-03-01|2025-03-02|2025-03-03|2025-03-04|2025-03-05|2025-03-06|2025-03-07|2025-03-08|2025-03-09|2025-03-10|2025-03-11|2025-03-12|2025-03-13|2025-03-14|2025-03-15|2025-03-16|2025-03-17|2025-03-18|2025-03-19|2025-03-20|2025-03-21|2025-03-22|2025-03-23|2025-03-24|2025-03-25|2025-03-26|2025-03-27|2025-03-28|2025-03-29|2025-03-30|2025-03-31|2025-04-01|2025-04-02|2025-04-03|2025-04-04|2025-04-05|2025-04-06|2025-04-07|2025-04-08|2025-04-09|2025-04-10|2025-04-11|2025-04-12|2025-04-13|2025-04-14|2025-04-15|2025-04-16|2025-04-17|2025-04-18|2025-04-19|2025-04-20|2025-04-21|2025-04-22|2025-04-23|2025-04-24|2025-04-25|2025-04-26|2025-04-27|2025-04-28|2025-04-29|2025-04-30|2025-05-01|2025-05-02|2025-05-03|2025-05-04|2025-05-05|2025-05-06|2025-05-07|2025-05-08|2025-05-09|2025-05-10|2025-05-11|2025-05-12|2025-05-13|2025-05-14|2025-05-15|2025-05-16|2025-05-17|2025-05-18|2025-05-19|2025-05-20|2025-05-21|2025-05-22|2025-05-23|2025-05-24|2025-05-25|2025-05-26|2025-05-27|2025-05-28|2025-05-29|2025-05-30|2025-05-31|2025-06-01|2025-06-02|2025-06-03|2025-06-04|2025-06-05|2025-06-06|2025-06-07|2025-06-08|2025-06-09|2025-06-10|2025-06-11|2025-06-12|2025-06-13|2025-06-14|2025-06-15|2025-06-16|2025-06-17|2025-06-18|2025-06-19|2025-06-20|2025-06-21|2025-06-22|2025-06-23|2025-06-24|2025-06-25|2025-06-26|2025-06-27|2025-06-28|2025-06-29|2025-06-30|2025-07-01|2025-07-02|2025-07-03|2025-07-04|2025-07-05|2025-07-06|2025-07-07|2025-07-08|2025-07-09|2025-07-10|2025-07-11|2025-07-12|2025-07-13|2025-07-14|2025-07-15|2025-07-16|2025-07-17|2025-07-18|2025-07-19|2025-07-20|2025-07-21|2025-07-22|2025-07-23|2025-07-24|2025-07-25|2025-07-26|2025-07-27|2025-07-28|2025-07-29|2025-07-30|2025-07-31|2025-08-01|2025-08-02|2025-08-03|2025-08-04|2025-08-05|2025-08-06|2025-08-07|2025-08-08|2025-08-09|2025-08-10|2025-08-11|2025-08-12|2025-08-13|2025-08-14|2025-08-15|2025-08-16|2025-08-17|2025-08-18|2025-08-19|2025-08-20|2025-08-21|2025-08-22|2025-08-23|2025-08-24|2025-08-25|2025-08-26|2025-08-27|2025-08-28|2025-08-29|2025-08-30|2025-08-31|2025-09-01|2025-09-02|2025-09-03|2025-09-04|2025-09-05|2025-09-06|2025-09-07|2025-09-08|2025-09-09|2025-09-10|2025-09-11|2025-09-12|2025-09-13|2025-09-14|2025-09-15|2025-09-16|2025-09-17|2025-09-18|2025-09-19|2025-09-20|2025-09-21|2025-09-22|2025-09-23|2025-09-24|2025-09-25|2025-09-26|2025-09-27|2025-09-28|2025-09-29|2025-09-30|2025-10-01|2025-10-02|2025-10-03|2025-10-04|2025-10-05|2025-10-06|2025-10-07|2025-10-08|2025-10-09|2025-10-10|2025-10-11|2025-10-12|2025-10-13|2025-10-14|2025-10-15|2025-10-16|2025-10-17|2025-10-18|2025-10-19|2025-10-20|2025-10-21|2025-10-22|2025-10-23|2025-10-24|2025-10-25|2025-10-26|2025-10-27|2025-10-28|2025-10-29|2025-10-30|2025-10-31|2025-11-01|2025-11-02|2025-11-03|2025-11-04|2025-11-05|2025-11-06|2025-11-07|2025-11-08|2025-11-09|2025-11-10|2025-11-11|2025-11-12|2025-11-13|2025-11-14|2025-11-15|2025-11-16|2025-11-17|2025-11-18|2025-11-19,0.06342929361871626,0.06018500786566297,0.061592563670216566,0.06396338159453596
2025-11-21,2,296,2025-01-29,2025-11-20,2025-01-29|2025-01-30|2025-01-31|2025-02-01|2025-02-02|2025-02-03|2025-02-04|2025-02-05|2025-02-06|2025-02-07|2025-02-08|2025-02-09|2025-02-10|2025-02-11|2025-02-12|2025-02-13|2025-02-14|2025-02-15|2025-02-16|2025-02-17|2025-02-18|2025-02-19|2025-02-20|2025-02-21|2025-02-22|2025-02-23|2025-02-24|2025-02-25|2025-02-26|2025-02-27|2025-02-28|2025-03-01|2025-03-02|2025-03-03|2025-03-04|2025-03-05|2025-03-06|2025-03-07|2025-03-08|2025-03-09|2025-03-10|2025-03-11|2025-03-12|2025-03-13|2025-03-14|2025-03-15|2025-03-16|2025-03-17|2025-03-18|2025-03-19|2025-03-20|2025-03-21|2025-03-22|2025-03-23|2025-03-24|2025-03-25|2025-03-26|2025-03-27|2025-03-28|2025-03-29|2025-03-30|2025-03-31|2025-04-01|2025-04-02|2025-04-03|2025-04-04|2025-04-05|2025-04-06|2025-04-07|2025-04-08|2025-04-09|2025-04-10|2025-04-11|2025-04-12|2025-04-13|2025-04-14|2025-04-15|2025-04-16|2025-04-17|2025-04-18|2025-04-19|2025-04-20|2025-04-21|2025-04-22|2025-04-23|2025-04-24|2025-04-25|2025-04-26|2025-04-27|2025-04-28|2025-04-29|2025-04-30|2025-05-01|2025-05-02|2025-05-03|2025-05-04|2025-05-05|2025-05-06|2025-05-07|2025-05-08|2025-05-09|2025-05-10|2025-05-11|2025-05-12|2025-05-13|2025-05-14|2025-05-15|2025-05-16|2025-05-17|2025-05-18|2025-05-19|2025-05-20|2025-05-21|2025-05-22|2025-05-23|2025-05-24|2025-05-25|2025-05-26|2025-05-27|2025-05-28|2025-05-29|2025-05-30|2025-05-31|2025-06-01|2025-06-02|2025-06-03|2025-06-04|2025-06-05|2025-06-06|2025-06-07|2025-06-08|2025-06-09|2025-06-10|2025-06-11|2025-06-12|2025-06-13|2025-06-14|2025-06-15|2025-06-16|2025-06-17|2025-06-18|2025-06-19|2025-06-20|2025-06-21|2025-06-22|2025-06-23|2025-06-24|2025-06-25|2025-06-26|2025-06-27|2025-06-28|2025-06-29|2025-06-30|2025-07-01|2025-07-02|2025-07-03|2025-07-04|2025-07-05|2025-07-06|2025-07-07|2025-07-08|2025-07-09|2025-07-10|2025-07-11|2025-07-12|2025-07-13|2025-07-14|2025-07-15|2025-07-16|2025-07-17|2025-07-18|2025-07-19|2025-07-20|2025-07-21|2025-07-22|2025-07-23|2025-07-24|2025-07-25|2025-07-26|2025-07-27|2025-07-28|2025-07-29|2025-07-30|2025-07-31|2025-08-01|2025-08-02|2025-08-03|2025-08-04|2025-08-05|2025-08-06|2025-08-07|2025-08-08|2025-08-09|2025-08-10|2025-08-11|2025-08-12|2025-08-13|2025-08-14|2025-08-15|2025-08-16|2025-08-17|2025-08-18|2025-08-19|2025-08-20|2025-08-21|2025-08-22|2025-08-23|2025-08-24|2025-08-25|2025-08-26|2025-08-27|2025-08-28|2025-08-29|2025-08-30|2025-08-31|2025-09-01|2025-09-02|2025-09-03|2025-09-04|2025-09-05|2025-09-06|2025-09-07|2025-09-08|2025-09-09|2025-09-10|2025-09-11|2025-09-12|2025-09-13|2025-09-14|2025-09-15|2025-09-16|2025-09-17|2025-09-18|2025-09-19|2025-09-20|2025-09-21|2025-09-22|2025-09-23|2025-09-24|2025-09-25|2025-09-26|2025-09-27|2025-09-28|2025-09-29|2025-09-30|2025-10-01|2025-10-02|2025-10-03|2025-10-04|2025-10-05|2025-10-06|2025-10-07|2025-10-08|2025-10-09|2025-10-10|2025-10-11|2025-10-12|2025-10-13|2025-10-14|2025-10-15|2025-10-16|2025-10-17|2025-10-18|2025-10-19|2025-10-20|2025-10-21|2025-10-22|2025-10-23|2025-10-24|2025-10-25|2025-10-26|2025-10-27|2025-10-28|2025-10-29|2025-10-30|2025-10-31|2025-11-01|2025-11-02|2025-11-03|2025-11-04|2025-11-05|2025-11-06|2025-11-07|2025-11-08|2025-11-09|2025-11-10|2025-11-11|2025-11-12|2025-11-13|2025-11-14|2025-11-15|2025-11-16|2025-11-17|2025-11-18|2025-11-19|2025-11-20,0.06334428580102436,0.06010055509636121,0.06151947707733698,0.06388862179137886
2025-11-22,2,297,2025-01-29,2025-11-21,2025-01-29|2025-01-30|2025-01-31|2025-02-01|2025-02-02|2025-02-03|2025-02-04|2025-02-05|2025-02-06|2025-02-07|2025-02-08|2025-02-09|2025-02-10|2025-02-11|2025-02-12|2025-02-13|2025-02-14|2025-02-15|2025-02-16|2025-02-17|2025-02-18|2025-02-19|2025-02-20|2025-02-21|2025-02-22|2025-02-23|2025-02-24|2025-02-25|2025-02-26|2025-02-27|2025-02-28|2025-03-01|2025-03-02|2025-03-03|2025-03-04|2025-03-05|2025-03-06|2025-03-07|2025-03-08|2025-03-09|2025-03-10|2025-03-11|2025-03-12|2025-03-13|2025-03-14|2025-03-15|2025-03-16|2025-03-17|2025-03-18|2025-03-19|2025-03-20|2025-03-21|2025-03-22|2025-03-23|2025-03-24|2025-03-25|2025-03-26|2025-03-27|2025-03-28|2025-03-29|2025-03-30|2025-03-31|2025-04-01|2025-04-02|2025-04-03|2025-04-04|2025-04-05|2025-04-06|2025-04-07|2025-04-08|2025-04-09|2025-04-10|2025-04-11|2025-04-12|2025-04-13|2025-04-14|2025-04-15|2025-04-16|2025-04-17|2025-04-18|2025-04-19|2025-04-20|2025-04-21|2025-04-22|2025-04-23|2025-04-24|2025-04-25|2025-04-26|2025-04-27|2025-04-28|2025-04-29|2025-04-30|2025-05-01|2025-05-02|2025-05-03|2025-05-04|2025-05-05|2025-05-06|2025-05-07|2025-05-08|2025-05-09|2025-05-10|2025-05-11|2025-05-12|2025-05-13|2025-05-14|2025-05-15|2025-05-16|2025-05-17|2025-05-18|2025-05-19|2025-05-20|2025-05-21|2025-05-22|2025-05-23|2025-05-24|2025-05-25|2025-05-26|2025-05-27|2025-05-28|2025-05-29|2025-05-30|2025-05-31|2025-06-01|2025-06-02|2025-06-03|2025-06-04|2025-06-05|2025-06-06|2025-06-07|2025-06-08|2025-06-09|2025-06-10|2025-06-11|2025-06-12|2025-06-13|2025-06-14|2025-06-15|2025-06-16|2025-06-17|2025-06-18|2025-06-19|2025-06-20|2025-06-21|2025-06-22|2025-06-23|2025-06-24|2025-06-25|2025-06-26|2025-06-27|2025-06-28|2025-06-29|2025-06-30|2025-07-01|2025-07-02|2025-07-03|2025-07-04|2025-07-05|2025-07-06|2025-07-07|2025-07-08|2025-07-09|2025-07-10|2025-07-11|2025-07-12|2025-07-13|2025-07-14|2025-07-15|2025-07-16|2025-07-17|2025-07-18|2025-07-19|2025-07-20|2025-07-21|2025-07-22|2025-07-23|2025-07-24|2025-07-25|2025-07-26|2025-07-27|2025-07-28|2025-07-29|2025-07-30|2025-07-31|2025-08-01|2025-08-02|2025-08-03|2025-08-04|2025-08-05|2025-08-06|2025-08-07|2025-08-08|2025-08-09|2025-08-10|2025-08-11|2025-08-12|2025-08-13|2025-08-14|2025-08-15|2025-08-16|2025-08-17|2025-08-18|2025-08-19|2025-08-20|2025-08-21|2025-08-22|2025-08-23|2025-08-24|2025-08-25|2025-08-26|2025-08-27|2025-08-28|2025-08-29|2025-08-30|2025-08-31|2025-09-01|2025-09-02|2025-09-03|2025-09-04|2025-09-05|2025-09-06|2025-09-07|2025-09-08|2025-09-09|2025-09-10|2025-09-11|2025-09-12|2025-09-13|2025-09-14|2025-09-15|2025-09-16|2025-09-17|2025-09-18|2025-09-19|2025-09-20|2025-09-21|2025-09-22|2025-09-23|2025-09-24|2025-09-25|2025-09-26|2025-09-27|2025-09-28|2025-09-29|2025-09-30|2025-10-01|2025-10-02|2025-10-03|2025-10-04|2025-10-05|2025-10-06|2025-10-07|2025-10-08|2025-10-09|2025-10-10|2025-10-11|2025-10-12|2025-10-13|2025-10-14|2025-10-15|2025-10-16|2025-10-17|2025-10-18|2025-10-19|2025-10-20|2025-10-21|2025-10-22|2025-10-23|2025-10-24|2025-10-25|2025-10-26|2025-10-27|2025-10-28|2025-10-29|2025-10-30|2025-10-31|2025-11-01|2025-11-02|2025-11-03|2025-11-04|2025-11-05|2025-11-06|2025-11-07|2025-11-08|2025-11-09|2025-11-10|2025-11-11|2025-11-12|2025-11-13|2025-11-14|2025-11-15|2025-11-16|2025-11-17|2025-11-18|2025-11-19|2025-11-20|2025-11-21,0.06330602540942673,0.06009191743704674,0.06149820415800351,0.06387074729953697
2025-11-23,2,298,2025-01-29,2025-11-22,2025-01-29|2025-01-30|2025-01-31|2025-02-01|2025-02-02|2025-02-03|2025-02-04|2025-02-05|2025-02-06|2025-02-07|2025-02-08|2025-02-09|2025-02-10|2025-02-11|2025-02-12|2025-02-13|2025-02-14|2025-02-15|2025-02-16|2025-02-17|2025-02-18|2025-02-19|2025-02-20|2025-02-21|2025-02-22|2025-02-23|2025-02-24|2025-02-25|2025-02-26|2025-02-27|2025-02-28|2025-03-01|2025-03-02|2025-03-03|2025-03-04|2025-03-05|2025-03-06|2025-03-07|2025-03-08|2025-03-09|2025-03-10|2025-03-11|2025-03-12|2025-03-13|2025-03-14|2025-03-15|2025-03-16|2025-03-17|2025-03-18|2025-03-19|2025-03-20|2025-03-21|2025-03-22|2025-03-23|2025-03-24|2025-03-25|2025-03-26|2025-03-27|2025-03-28|2025-03-29|2025-03-30|2025-03-31|2025-04-01|2025-04-02|2025-04-03|2025-04-04|2025-04-05|2025-04-06|2025-04-07|2025-04-08|2025-04-09|2025-04-10|2025-04-11|2025-04-12|2025-04-13|2025-04-14|2025-04-15|2025-04-16|2025-04-17|2025-04-18|2025-04-19|2025-04-20|2025-04-21|2025-04-22|2025-04-23|2025-04-24|2025-04-25|2025-04-26|2025-04-27|2025-04-28|2025-04-29|2025-04-30|2025-05-01|2025-05-02|2025-05-03|2025-05-04|2025-05-05|2025-05-06|2025-05-07|2025-05-08|2025-05-09|2025-05-10|2025-05-11|2025-05-12|2025-05-13|2025-05-14|2025-05-15|2025-05-16|2025-05-17|2025-05-18|2025-05-19|2025-05-20|2025-05-21|2025-05-22|2025-05-23|2025-05-24|2025-05-25|2025-05-26|2025-05-27|2025-05-28|2025-05-29|2025-05-30|2025-05-31|2025-06-01|2025-06-02|2025-06-03|2025-06-04|2025-06-05|2025-06-06|2025-06-07|2025-06-08|2025-06-09|2025-06-10|2025-06-11|2025-06-12|2025-06-13|2025-06-14|2025-06-15|2025-06-16|2025-06-17|2025-06-18|2025-06-19|2025-06-20|2025-06-21|2025-06-22|2025-06-23|2025-06-24|2025-06-25|2025-06-26|2025-06-27|2025-06-28|2025-06-29|2025-06-30|2025-07-01|2025-07-02|2025-07-03|2025-07-04|2025-07-05|2025-07-06|2025-07-07|2025-07-08|2025-07-09|2025-07-10|2025-07-11|2025-07-12|2025-07-13|2025-07-14|2025-07-15|2025-07-16|2025-07-17|2025-07-18|2025-07-19|2025-07-20|2025-07-21|2025-07-22|2025-07-23|2025-07-24|2025-07-25|2025-07-26|2025-07-27|2025-07-28|2025-07-29|2025-07-30|2025-07-31|2025-08-01|2025-08-02|2025-08-03|2025-08-04|2025-08-05|2025-08-06|2025-08-07|2025-08-08|2025-08-09|2025-08-10|2025-08-11|2025-08-12|2025-08-13|2025-08-14|2025-08-15|2025-08-16|2025-08-17|2025-08-18|2025-08-19|2025-08-20|2025-08-21|2025-08-22|2025-08-23|2025-08-24|2025-08-25|2025-08-26|2025-08-27|2025-08-28|2025-08-29|2025-08-30|2025-08-31|2025-09-01|2025-09-02|2025-09-03|2025-09-04|2025-09-05|2025-09-06|2025-09-07|2025-09-08|2025-09-09|2025-09-10|2025-09-11|2025-09-12|2025-09-13|2025-09-14|2025-09-15|2025-09-16|2025-09-17|2025-09-18|2025-09-19|2025-09-20|2025-09-21|2025-09-22|2025-09-23|2025-09-24|2025-09-25|2025-09-26|2025-09-27|2025-09-28|2025-09-29|2025-09-30|2025-10-01|2025-10-02|2025-10-03|2025-10-04|2025-10-05|2025-10-06|2025-10-07|2025-10-08|2025-10-09|2025-10-10|2025-10-11|2025-10-12|2025-10-13|2025-10-14|2025-10-15|2025-10-16|2025-10-17|2025-10-18|2025-10-19|2025-10-20|2025-10-21|2025-10-22|2025-10-23|2025-10-24|2025-10-25|2025-10-26|2025-10-27|2025-10-28|2025-10-29|2025-10-30|2025-10-31|2025-11-01|2025-11-02|2025-11-03|2025-11-04|2025-11-05|2025-11-06|2025-11-07|2025-11-08|2025-11-09|2025-11-10|2025-11-11|2025-11-12|2025-11-13|2025-11-14|2025-11-15|2025-11-16|2025-11-17|2025-11-18|2025-11-19|2025-11-20|2025-11-21|2025-11-22,0.06328453278876008,0.06007520291229946,0.06148678457556034,0.06386534828656468
2025-11-24,2,299,2025-01-29,2025-11-23,2025-01-29|2025-01-30|2025-01-31|2025-02-01|2025-02-02|2025-02-03|2025-02-04|2025-02-05|2025-02-06|2025-02-07|2025-02-08|2025-02-09|2025-02-10|2025-02-11|2025-02-12|2025-02-13|2025-02-14|2025-02-15|2025-02-16|2025-02-17|2025-02-18|2025-02-19|2025-02-20|2025-02-21|2025-02-22|2025-02-23|2025-02-24|2025-02-25|2025-02-26|2025-02-27|2025-02-28|2025-03-01|2025-03-02|2025-03-03|2025-03-04|2025-03-05|2025-03-06|2025-03-07|2025-03-08|2025-03-09|2025-03-10|2025-03-11|2025-03-12|2025-03-13|2025-03-14|2025-03-15|2025-03-16|2025-03-17|2025-03-18|2025-03-19|2025-03-20|2025-03-21|2025-03-22|2025-03-23|2025-03-24|2025-03-25|2025-03-26|2025-03-27|2025-03-28|2025-03-29|2025-03-30|2025-03-31|2025-04-01|2025-04-02|2025-04-03|2025-04-04|2025-04-05|2025-04-06|2025-04-07|2025-04-08|2025-04-09|2025-04-10|2025-04-11|2025-04-12|2025-04-13|2025-04-14|2025-04-15|2025-04-16|2025-04-17|2025-04-18|2025-04-19|2025-04-20|2025-04-21|2025-04-22|2025-04-23|2025-04-24|2025-04-25|2025-04-26|2025-04-27|2025-04-28|2025-04-29|2025-04-30|2025-05-01|2025-05-02|2025-05-03|2025-05-04|2025-05-05|2025-05-06|2025-05-07|2025-05-08|2025-05-09|2025-05-10|2025-05-11|2025-05-12|2025-05-13|2025-05-14|2025-05-15|2025-05-16|2025-05-17|2025-05-18|2025-05-19|2025-05-20|2025-05-21|2025-05-22|2025-05-23|2025-05-24|2025-05-25|2025-05-26|2025-05-27|2025-05-28|2025-05-29|2025-05-30|2025-05-31|2025-06-01|2025-06-02|2025-06-03|2025-06-04|2025-06-05|2025-06-06|2025-06-07|2025-06-08|2025-06-09|2025-06-10|2025-06-11|2025-06-12|2025-06-13|2025-06-14|2025-06-15|2025-06-16|2025-06-17|2025-06-18|2025-06-19|2025-06-20|2025-06-21|2025-06-22|2025-06-23|2025-06-24|2025-06-25|2025-06-26|2025-06-27|2025-06-28|2025-06-29|2025-06-30|2025-07-01|2025-07-02|2025-07-03|2025-07-04|2025-07-05|2025-07-06|2025-07-07|2025-07-08|2025-07-09|2025-07-10|2025-07-11|2025-07-12|2025-07-13|2025-07-14|2025-07-15|2025-07-16|2025-07-17|2025-07-18|2025-07-19|2025-07-20|2025-07-21|2025-07-22|2025-07-23|2025-07-24|2025-07-25|2025-07-26|2025-07-27|2025-07-28|2025-07-29|2025-07-30|2025-07-31|2025-08-01|2025-08-02|2025-08-03|2025-08-04|2025-08-05|2025-08-06|2025-08-07|2025-08-08|2025-08-09|2025-08-10|2025-08-11|2025-08-12|2025-08-13|2025-08-14|2025-08-15|2025-08-16|2025-08-17|2025-08-18|2025-08-19|2025-08-20|2025-08-21|2025-08-22|2025-08-23|2025-08-24|2025-08-25|2025-08-26|2025-08-27|2025-08-28|2025-08-29|2025-08-30|2025-08-31|2025-09-01|2025-09-02|2025-09-03|2025-09-04|2025-09-05|2025-09-06|2025-09-07|2025-09-08|2025-09-09|2025-09-10|2025-09-11|2025-09-12|2025-09-13|2025-09-14|2025-09-15|2025-09-16|2025-09-17|2025-09-18|2025-09-19|2025-09-20|2025-09-21|2025-09-22|2025-09-23|2025-09-24|2025-09-25|2025-09-26|2025-09-27|2025-09-28|2025-09-29|2025-09-30|2025-10-01|2025-10-02|2025-10-03|2025-10-04|2025-10-05|2025-10-06|2025-10-07|2025-10-08|2025-10-09|2025-10-10|2025-10-11|2025-10-12|2025-10-13|2025-10-14|2025-10-15|2025-10-16|2025-10-17|2025-10-18|2025-10-19|2025-10-20|2025-10-21|2025-10-22|2025-10-23|2025-10-24|2025-10-25|2025-10-26|2025-10-27|2025-10-28|2025-10-29|2025-10-30|2025-10-31|2025-11-01|2025-11-02|2025-11-03|2025-11-04|2025-11-05|2025-11-06|2025-11-07|2025-11-08|2025-11-09|2025-11-10|2025-11-11|2025-11-12|2025-11-13|2025-11-14|2025-11-15|2025-11-16|2025-11-17|2025-11-18|2025-11-19|2025-11-20|2025-11-21|2025-11-22|2025-11-23,0.0632110040375316,0.06000326152455859,0.06142212419167982,0.06380423870106819
2025-11-25,2,300,2025-01-29,2025-11-24,2025-01-29|2025-01-30|2025-01-31|2025-02-01|2025-02-02|2025-02-03|2025-02-04|2025-02-05|2025-02-06|2025-02-07|2025-02-08|2025-02-09|2025-02-10|2025-02-11|2025-02-12|2025-02-13|2025-02-14|2025-02-15|2025-02-16|2025-02-17|2025-02-18|2025-02-19|2025-02-20|2025-02-21|2025-02-22|2025-02-23|2025-02-24|2025-02-25|2025-02-26|2025-02-27|2025-02-28|2025-03-01|2025-03-02|2025-03-03|2025-03-04|2025-03-05|2025-03-06|2025-03-07|2025-03-08|2025-03-09|2025-03-10|2025-03-11|2025-03-12|2025-03-13|2025-03-14|2025-03-15|2025-03-16|2025-03-17|2025-03-18|2025-03-19|2025-03-20|2025-03-21|2025-03-22|2025-03-23|2025-03-24|2025-03-25|2025-03-26|2025-03-27|2025-03-28|2025-03-29|2025-03-30|2025-03-31|2025-04-01|2025-04-02|2025-04-03|2025-04-04|2025-04-05|2025-04-06|2025-04-07|2025-04-08|2025-04-09|2025-04-10|2025-04-11|2025-04-12|2025-04-13|2025-04-14|2025-04-15|2025-04-16|2025-04-17|2025-04-18|2025-04-19|2025-04-20|2025-04-21|2025-04-22|2025-04-23|2025-04-24|2025-04-25|2025-04-26|2025-04-27|2025-04-28|2025-04-29|2025-04-30|2025-05-01|2025-05-02|2025-05-03|2025-05-04|2025-05-05|2025-05-06|2025-05-07|2025-05-08|2025-05-09|2025-05-10|2025-05-11|2025-05-12|2025-05-13|2025-05-14|2025-05-15|2025-05-16|2025-05-17|2025-05-18|2025-05-19|2025-05-20|2025-05-21|2025-05-22|2025-05-23|2025-05-24|2025-05-25|2025-05-26|2025-05-27|2025-05-28|2025-05-29|2025-05-30|2025-05-31|2025-06-01|2025-06-02|2025-06-03|2025-06-04|2025-06-05|2025-06-06|2025-06-07|2025-06-08|2025-06-09|2025-06-10|2025-06-11|2025-06-12|2025-06-13|2025-06-14|2025-06-15|2025-06-16|2025-06-17|2025-06-18|2025-06-19|2025-06-20|2025-06-21|2025-06-22|2025-06-23|2025-06-24|2025-06-25|2025-06-26|2025-06-27|2025-06-28|2025-06-29|2025-06-30|2025-07-01|2025-07-02|2025-07-03|2025-07-04|2025-07-05|2025-07-06|2025-07-07|2025-07-08|2025-07-09|2025-07-10|2025-07-11|2025-07-12|2025-07-13|2025-07-14|2025-07-15|2025-07-16|2025-07-17|2025-07-18|2025-07-19|2025-07-20|2025-07-21|2025-07-22|2025-07-23|2025-07-24|2025-07-25|2025-07-26|2025-07-27|2025-07-28|2025-07-29|2025-07-30|2025-07-31|2025-08-01|2025-08-02|2025-08-03|2025-08-04|2025-08-05|2025-08-06|2025-08-07|2025-08-08|2025-08-09|2025-08-10|2025-08-11|2025-08-12|2025-08-13|2025-08-14|2025-08-15|2025-08-16|2025-08-17|2025-08-18|2025-08-19|2025-08-20|2025-08-21|2025-08-22|2025-08-23|2025-08-24|2025-08-25|2025-08-26|2025-08-27|2025-08-28|2025-08-29|2025-08-30|2025-08-31|2025-09-01|2025-09-02|2025-09-03|2025-09-04|2025-09-05|2025-09-06|2025-09-07|2025-09-08|2025-09-09|2025-09-10|2025-09-11|2025-09-12|2025-09-13|2025-09-14|2025-09-15|2025-09-16|2025-09-17|2025-09-18|2025-09-19|2025-09-20|2025-09-21|2025-09-22|2025-09-23|2025-09-24|2025-09-25|2025-09-26|2025-09-27|2025-09-28|2025-09-29|2025-09-30|2025-10-01|2025-10-02|2025-10-03|2025-10-04|2025-10-05|2025-10-06|2025-10-07|2025-10-08|2025-10-09|2025-10-10|2025-10-11|2025-10-12|2025-10-13|2025-10-14|2025-10-15|2025-10-16|2025-10-17|2025-10-18|2025-10-19|2025-10-20|2025-10-21|2025-10-22|2025-10-23|2025-10-24|2025-10-25|2025-10-26|2025-10-27|2025-10-28|2025-10-29|2025-10-30|2025-10-31|2025-11-01|2025-11-02|2025-11-03|2025-11-04|2025-11-05|2025-11-06|2025-11-07|2025-11-08|2025-11-09|2025-11-10|2025-11-11|2025-11-12|2025-11-13|2025-11-14|2025-11-15|2025-11-16|2025-11-17|2025-11-18|2025-11-19|2025-11-20|2025-11-21|2025-11-22|2025-11-23|2025-11-24,0.06315803940607993,0.05993520762712613,0.06134159604942149,0.0637090044714576
2025-11-26,2,301,2025-01-29,2025-11-25,2025-01-29|2025-01-30|2025-01-31|2025-02-01|2025-02-02|2025-02-03|2025-02-04|2025-02-05|2025-02-06|2025-02-07|2025-02-08|2025-02-09|2025-02-10|2025-02-11|2025-02-12|2025-02-13|2025-02-14|2025-02-15|2025-02-16|2025-02-17|2025-02-18|2025-02-19|2025-02-20|2025-02-21|2025-02-22|2025-02-23|2025-02-24|2025-02-25|2025-02-26|2025-02-27|2025-02-28|2025-03-01|2025-03-02|2025-03-03|2025-03-04|2025-03-05|2025-03-06|2025-03-07|2025-03-08|2025-03-09|2025-03-10|2025-03-11|2025-03-12|2025-03-13|2025-03-14|2025-03-15|2025-03-16|2025-03-17|2025-03-18|2025-03-19|2025-03-20|2025-03-21|2025-03-22|2025-03-23|2025-03-24|2025-03-25|2025-03-26|2025-03-27|2025-03-28|2025-03-29|2025-03-30|2025-03-31|2025-04-01|2025-04-02|2025-04-03|2025-04-04|2025-04-05|2025-04-06|2025-04-07|2025-04-08|2025-04-09|2025-04-10|2025-04-11|2025-04-12|2025-04-13|2025-04-14|2025-04-15|2025-04-16|2025-04-17|2025-04-18|2025-04-19|2025-04-20|2025-04-21|2025-04-22|2025-04-23|2025-04-24|2025-04-25|2025-04-26|2025-04-27|2025-04-28|2025-04-29|2025-04-30|2025-05-01|2025-05-02|2025-05-03|2025-05-04|2025-05-05|2025-05-06|2025-05-07|2025-05-08|2025-05-09|2025-05-10|2025-05-11|2025-05-12|2025-05-13|2025-05-14|2025-05-15|2025-05-16|2025-05-17|2025-05-18|2025-05-19|2025-05-20|2025-05-21|2025-05-22|2025-05-23|2025-05-24|2025-05-25|2025-05-26|2025-05-27|2025-05-28|2025-05-29|2025-05-30|2025-05-31|2025-06-01|2025-06-02|2025-06-03|2025-06-04|2025-06-05|2025-06-06|2025-06-07|2025-06-08|2025-06-09|2025-06-10|2025-06-11|2025-06-12|2025-06-13|2025-06-14|2025-06-15|2025-06-16|2025-06-17|2025-06-18|2025-06-19|2025-06-20|2025-06-21|2025-06-22|2025-06-23|2025-06-24|2025-06-25|2025-06-26|2025-06-27|2025-06-28|2025-06-29|2025-06-30|2025-07-01|2025-07-02|2025-07-03|2025-07-04|2025-07-05|2025-07-06|2025-07-07|2025-07-08|2025-07-09|2025-07-10|2025-07-11|2025-07-12|2025-07-13|2025-07-14|2025-07-15|2025-07-16|2025-07-17|2025-07-18|2025-07-19|2025-07-20|2025-07-21|2025-07-22|2025-07-23|2025-07-24|2025-07-25|2025-07-26|2025-07-27|2025-07-28|2025-07-29|2025-07-30|2025-07-31|2025-08-01|2025-08-02|2025-08-03|2025-08-04|2025-08-05|2025-08-06|2025-08-07|2025-08-08|2025-08-09|2025-08-10|2025-08-11|2025-08-12|2025-08-13|2025-08-14|2025-08-15|2025-08-16|2025-08-17|2025-08-18|2025-08-19|2025-08-20|2025-08-21|2025-08-22|2025-08-23|2025-08-24|2025-08-25|2025-08-26|2025-08-27|2025-08-28|2025-08-29|2025-08-30|2025-08-31|2025-09-01|2025-09-02|2025-09-03|2025-09-04|2025-09-05|2025-09-06|2025-09-07|2025-09-08|2025-09-09|2025-09-10|2025-09-11|2025-09-12|2025-09-13|2025-09-14|2025-09-15|2025-09-16|2025-09-17|2025-09-18|2025-09-19|2025-09-20|2025-09-21|2025-09-22|2025-09-23|2025-09-24|2025-09-25|2025-09-26|2025-09-27|2025-09-28|2025-09-29|2025-09-30|2025-10-01|2025-10-02|2025-10-03|2025-10-04|2025-10-05|2025-10-06|2025-10-07|2025-10-08|2025-10-09|2025-10-10|2025-10-11|2025-10-12|2025-10-13|2025-10-14|2025-10-15|2025-10-16|2025-10-17|2025-10-18|2025-10-19|2025-10-20|2025-10-21|2025-10-22|2025-10-23|2025-10-24|2025-10-25|2025-10-26|2025-10-27|2025-10-28|2025-10-29|2025-10-30|2025-10-31|2025-11-01|2025-11-02|2025-11-03|2025-11-04|2025-11-05|2025-11-06|2025-11-07|2025-11-08|2025-11-09|2025-11-10|2025-11-11|2025-11-12|2025-11-13|2025-11-14|2025-11-15|2025-11-16|2025-11-17|2025-11-18|2025-11-19|2025-11-20|2025-11-21|2025-11-22|2025-11-23|2025-11-24|2025-11-25,0.06310592944800801,0.05987223491942719,0.06127613225590437,0.06364387913823931
2025-11-27,2,302,2025-01-29,2025-11-26,2025-01-29|2025-01-30|2025-01-31|2025-02-01|2025-02-02|2025-02-03|2025-02-04|2025-02-05|2025-02-06|2025-02-07|2025-02-08|2025-02-09|2025-02-10|2025-02-11|2025-02-12|2025-02-13|2025-02-14|2025-02-15|2025-02-16|2025-02-17|2025-02-18|2025-02-19|2025-02-20|2025-02-21|2025-02-22|2025-02-23|2025-02-24|2025-02-25|2025-02-26|2025-02-27|2025-02-28|2025-03-01|2025-03-02|2025-03-03|2025-03-04|2025-03-05|2025-03-06|2025-03-07|2025-03-08|2025-03-09|2025-03-10|2025-03-11|2025-03-12|2025-03-13|2025-03-14|2025-03-15|2025-03-16|2025-03-17|2025-03-18|2025-03-19|2025-03-20|2025-03-21|2025-03-22|2025-03-23|2025-03-24|2025-03-25|2025-03-26|2025-03-27|2025-03-28|2025-03-29|2025-03-30|2025-03-31|2025-04-01|2025-04-02|2025-04-03|2025-04-04|2025-04-05|2025-04-06|2025-04-07|2025-04-08|2025-04-09|2025-04-10|2025-04-11|2025-04-12|2025-04-13|2025-04-14|2025-04-15|2025-04-16|2025-04-17|2025-04-18|2025-04-19|2025-04-20|2025-04-21|2025-04-22|2025-04-23|2025-04-24|2025-04-25|2025-04-26|2025-04-27|2025-04-28|2025-04-29|2025-04-30|2025-05-01|2025-05-02|2025-05-03|2025-05-04|2025-05-05|2025-05-06|2025-05-07|2025-05-08|2025-05-09|2025-05-10|2025-05-11|2025-05-12|2025-05-13|2025-05-14|2025-05-15|2025-05-16|2025-05-17|2025-05-18|2025-05-19|2025-05-20|2025-05-21|2025-05-22|2025-05-23|2025-05-24|2025-05-25|2025-05-26|2025-05-27|2025-05-28|2025-05-29|2025-05-30|2025-05-31|2025-06-01|2025-06-02|2025-06-03|2025-06-04|2025-06-05|2025-06-06|2025-06-07|2025-06-08|2025-06-09|2025-06-10|2025-06-11|2025-06-12|2025-06-13|2025-06-14|2025-06-15|2025-06-16|2025-06-17|2025-06-18|2025-06-19|2025-06-20|2025-06-21|2025-06-22|2025-06-23|2025-06-24|2025-06-25|2025-06-26|2025-06-27|2025-06-28|2025-06-29|2025-06-30|2025-07-01|2025-07-02|2025-07-03|2025-07-04|2025-07-05|2025-07-06|2025-07-07|2025-07-08|2025-07-09|2025-07-10|2025-07-11|2025-07-12|2025-07-13|2025-07-14|2025-07-15|2025-07-16|2025-07-17|2025-07-18|2025-07-19|2025-07-20|2025-07-21|2025-07-22|2025-07-23|2025-07-24|2025-07-25|2025-07-26|2025-07-27|2025-07-28|2025-07-29|2025-07-30|2025-07-31|2025-08-01|2025-08-02|2025-08-03|2025-08-04|2025-08-05|2025-08-06|2025-08-07|2025-08-08|2025-08-09|2025-08-10|2025-08-11|2025-08-12|2025-08-13|2025-08-14|2025-08-15|2025-08-16|2025-08-17|2025-08-18|2025-08-19|2025-08-20|2025-08-21|2025-08-22|2025-08-23|2025-08-24|2025-08-25|2025-08-26|2025-08-27|2025-08-28|2025-08-29|2025-08-30|2025-08-31|2025-09-01|2025-09-02|2025-09-03|2025-09-04|2025-09-05|2025-09-06|2025-09-07|2025-09-08|2025-09-09|2025-09-10|2025-09-11|2025-09-12|2025-09-13|2025-09-14|2025-09-15|2025-09-16|2025-09-17|2025-09-18|2025-09-19|2025-09-20|2025-09-21|2025-09-22|2025-09-23|2025-09-24|2025-09-25|2025-09-26|2025-09-27|2025-09-28|2025-09-29|2025-09-30|2025-10-01|2025-10-02|2025-10-03|2025-10-04|2025-10-05|2025-10-06|2025-10-07|2025-10-08|2025-10-09|2025-10-10|2025-10-11|2025-10-12|2025-10-13|2025-10-14|2025-10-15|2025-10-16|2025-10-17|2025-10-18|2025-10-19|2025-10-20|2025-10-21|2025-10-22|2025-10-23|2025-10-24|2025-10-25|2025-10-26|2025-10-27|2025-10-28|2025-10-29|2025-10-30|2025-10-31|2025-11-01|2025-11-02|2025-11-03|2025-11-04|2025-11-05|2025-11-06|2025-11-07|2025-11-08|2025-11-09|2025-11-10|2025-11-11|2025-11-12|2025-11-13|2025-11-14|2025-11-15|2025-11-16|2025-11-17|2025-11-18|2025-11-19|2025-11-20|2025-11-21|2025-11-22|2025-11-23|2025-11-24|2025-11-25|2025-11-26,0.06303221642189381,0.059813059907374996,0.061208594878689106,0.06356983970167444
2025-11-28,2,303,2025-01-29,2025-11-27,2025-01-29|2025-01-30|2025-01-31|2025-02-01|2025-02-02|2025-02-03|2025-02-04|2025-02-05|2025-02-06|2025-02-07|2025-02-08|2025-02-09|2025-02-10|2025-02-11|2025-02-12|2025-02-13|2025-02-14|2025-02-15|2025-02-16|2025-02-17|2025-02-18|2025-02-19|2025-02-20|2025-02-21|2025-02-22|2025-02-23|2025-02-24|2025-02-25|2025-02-26|2025-02-27|2025-02-28|2025-03-01|2025-03-02|2025-03-03|2025-03-04|2025-03-05|2025-03-06|2025-03-07|2025-03-08|2025-03-09|2025-03-10|2025-03-11|2025-03-12|2025-03-13|2025-03-14|2025-03-15|2025-03-16|2025-03-17|2025-03-18|2025-03-19|2025-03-20|2025-03-21|2025-03-22|2025-03-23|2025-03-24|2025-03-25|2025-03-26|2025-03-27|2025-03-28|2025-03-29|2025-03-30|2025-03-31|2025-04-01|2025-04-02|2025-04-03|2025-04-04|2025-04-05|2025-04-06|2025-04-07|2025-04-08|2025-04-09|2025-04-10|2025-04-11|2025-04-12|2025-04-13|2025-04-14|2025-04-15|2025-04-16|2025-04-17|2025-04-18|2025-04-19|2025-04-20|2025-04-21|2025-04-22|2025-04-23|2025-04-24|2025-04-25|2025-04-26|2025-04-27|2025-04-28|2025-04-29|2025-04-30|2025-05-01|2025-05-02|2025-05-03|2025-05-04|2025-05-05|2025-05-06|2025-05-07|2025-05-08|2025-05-09|2025-05-10|2025-05-11|2025-05-12|2025-05-13|2025-05-14|2025-05-15|2025-05-16|2025-05-17|2025-05-18|2025-05-19|2025-05-20|2025-05-21|2025-05-22|2025-05-23|2025-05-24|2025-05-25|2025-05-26|2025-05-27|2025-05-28|2025-05-29|2025-05-30|2025-05-31|2025-06-01|2025-06-02|2025-06-03|2025-06-04|2025-06-05|2025-06-06|2025-06-07|2025-06-08|2025-06-09|2025-06-10|2025-06-11|2025-06-12|2025-06-13|2025-06-14|2025-06-15|2025-06-16|2025-06-17|2025-06-18|2025-06-19|2025-06-20|2025-06-21|2025-06-22|2025-06-23|2025-06-24|2025-06-25|2025-06-26|2025-06-27|2025-06-28|2025-06-29|2025-06-30|2025-07-01|2025-07-02|2025-07-03|2025-07-04|2025-07-05|2025-07-06|2025-07-07|2025-07-08|2025-07-09|2025-07-10|2025-07-11|2025-07-12|2025-07-13|2025-07-14|2025-07-15|2025-07-16|2025-07-17|2025-07-18|2025-07-19|2025-07-20|2025-07-21|2025-07-22|2025-07-23|2025-07-24|2025-07-25|2025-07-26|2025-07-27|2025-07-28|2025-07-29|2025-07-30|2025-07-31|2025-08-01|2025-08-02|2025-08-03|2025-08-04|2025-08-05|2025-08-06|2025-08-07|2025-08-08|2025-08-09|2025-08-10|2025-08-11|2025-08-12|2025-08-13|2025-08-14|2025-08-15|2025-08-16|2025-08-17|2025-08-18|2025-08-19|2025-08-20|2025-08-21|2025-08-22|2025-08-23|2025-08-24|2025-08-25|2025-08-26|2025-08-27|2025-08-28|2025-08-29|2025-08-30|2025-08-31|2025-09-01|2025-09-02|2025-09-03|2025-09-04|2025-09-05|2025-09-06|2025-09-07|2025-09-08|2025-09-09|2025-09-10|2025-09-11|2025-09-12|2025-09-13|2025-09-14|2025-09-15|2025-09-16|2025-09-17|2025-09-18|2025-09-19|2025-09-20|2025-09-21|2025-09-22|2025-09-23|2025-09-24|2025-09-25|2025-09-26|2025-09-27|2025-09-28|2025-09-29|2025-09-30|2025-10-01|2025-10-02|2025-10-03|2025-10-04|2025-10-05|2025-10-06|2025-10-07|2025-10-08|2025-10-09|2025-10-10|2025-10-11|2025-10-12|2025-10-13|2025-10-14|2025-10-15|2025-10-16|2025-10-17|2025-10-18|2025-10-19|2025-10-20|2025-10-21|2025-10-22|2025-10-23|2025-10-24|2025-10-25|2025-10-26|2025-10-27|2025-10-28|2025-10-29|2025-10-30|2025-10-31|2025-11-01|2025-11-02|2025-11-03|2025-11-04|2025-11-05|2025-11-06|2025-11-07|2025-11-08|2025-11-09|2025-11-10|2025-11-11|2025-11-12|2025-11-13|2025-11-14|2025-11-15|2025-11-16|2025-11-17|2025-11-18|2025-11-19|2025-11-20|2025-11-21|2025-11-22|2025-11-23|2025-11-24|2025-11-25|2025-11-26|2025-11-27,0.06297554114874121,0.05976076210247818,0.06115370511852216,0.06351868205239593
2025-11-29,2,304,2025-01-29,2025-11-28,2025-01-29|2025-01-30|2025-01-31|2025-02-01|2025-02-02|2025-02-03|2025-02-04|2025-02-05|2025-02-06|2025-02-07|2025-02-08|2025-02-09|2025-02-10|2025-02-11|2025-02-12|2025-02-13|2025-02-14|2025-02-15|2025-02-16|2025-02-17|2025-02-18|2025-02-19|2025-02-20|2025-02-21|2025-02-22|2025-02-23|2025-02-24|2025-02-25|2025-02-26|2025-02-27|2025-02-28|2025-03-01|2025-03-02|2025-03-03|2025-03-04|2025-03-05|2025-03-06|2025-03-07|2025-03-08|2025-03-09|2025-03-10|2025-03-11|2025-03-12|2025-03-13|2025-03-14|2025-03-15|2025-03-16|2025-03-17|2025-03-18|2025-03-19|2025-03-20|2025-03-21|2025-03-22|2025-03-23|2025-03-24|2025-03-25|2025-03-26|2025-03-27|2025-03-28|2025-03-29|2025-03-30|2025-03-31|2025-04-01|2025-04-02|2025-04-03|2025-04-04|2025-04-05|2025-04-06|2025-04-07|2025-04-08|2025-04-09|2025-04-10|2025-04-11|2025-04-12|2025-04-13|2025-04-14|2025-04-15|2025-04-16|2025-04-17|2025-04-18|2025-04-19|2025-04-20|2025-04-21|2025-04-22|2025-04-23|2025-04-24|2025-04-25|2025-04-26|2025-04-27|2025-04-28|2025-04-29|2025-04-30|2025-05-01|2025-05-02|2025-05-03|2025-05-04|2025-05-05|2025-05-06|2025-05-07|2025-05-08|2025-05-09|2025-05-10|2025-05-11|2025-05-12|2025-05-13|2025-05-14|2025-05-15|2025-05-16|2025-05-17|2025-05-18|2025-05-19|2025-05-20|2025-05-21|2025-05-22|2025-05-23|2025-05-24|2025-05-25|2025-05-26|2025-05-27|2025-05-28|2025-05-29|2025-05-30|2025-05-31|2025-06-01|2025-06-02|2025-06-03|2025-06-04|2025-06-05|2025-06-06|2025-06-07|2025-06-08|2025-06-09|2025-06-10|2025-06-11|2025-06-12|2025-06-13|2025-06-14|2025-06-15|2025-06-16|2025-06-17|2025-06-18|2025-06-19|2025-06-20|2025-06-21|2025-06-22|2025-06-23|2025-06-24|2025-06-25|2025-06-26|2025-06-27|2025-06-28|2025-06-29|2025-06-30|2025-07-01|2025-07-02|2025-07-03|2025-07-04|2025-07-05|2025-07-06|2025-07-07|2025-07-08|2025-07-09|2025-07-10|2025-07-11|2025-07-12|2025-07-13|2025-07-14|2025-07-15|2025-07-16|2025-07-17|2025-07-18|2025-07-19|2025-07-20|2025-07-21|2025-07-22|2025-07-23|2025-07-24|2025-07-25|2025-07-26|2025-07-27|2025-07-28|2025-07-29|2025-07-30|2025-07-31|2025-08-01|2025-08-02|2025-08-03|2025-08-04|2025-08-05|2025-08-06|2025-08-07|2025-08-08|2025-08-09|2025-08-10|2025-08-11|2025-08-12|2025-08-13|2025-08-14|2025-08-15|2025-08-16|2025-08-17|2025-08-18|2025-08-19|2025-08-20|2025-08-21|2025-08-22|2025-08-23|2025-08-24|2025-08-25|2025-08-26|2025-08-27|2025-08-28|2025-08-29|2025-08-30|2025-08-31|2025-09-01|2025-09-02|2025-09-03|2025-09-04|2025-09-05|2025-09-06|2025-09-07|2025-09-08|2025-09-09|2025-09-10|2025-09-11|2025-09-12|2025-09-13|2025-09-14|2025-09-15|2025-09-16|2025-09-17|2025-09-18|2025-09-19|2025-09-20|2025-09-21|2025-09-22|2025-09-23|2025-09-24|2025-09-25|2025-09-26|2025-09-27|2025-09-28|2025-09-29|2025-09-30|2025-10-01|2025-10-02|2025-10-03|2025-10-04|2025-10-05|2025-10-06|2025-10-07|2025-10-08|2025-10-09|2025-10-10|2025-10-11|2025-10-12|2025-10-13|2025-10-14|2025-10-15|2025-10-16|2025-10-17|2025-10-18|2025-10-19|2025-10-20|2025-10-21|2025-10-22|2025-10-23|2025-10-24|2025-10-25|2025-10-26|2025-10-27|2025-10-28|2025-10-29|2025-10-30|2025-10-31|2025-11-01|2025-11-02|2025-11-03|2025-11-04|2025-11-05|2025-11-06|2025-11-07|2025-11-08|2025-11-09|2025-11-10|2025-11-11|2025-11-12|2025-11-13|2025-11-14|2025-11-15|2025-11-16|2025-11-17|2025-11-18|2025-11-19|2025-11-20|2025-11-21|2025-11-22|2025-11-23|2025-11-24|2025-11-25|2025-11-26|2025-11-27|2025-11-28,0.06295365998500933,0.059723709925547375,0.061115668969260545,0.06348145585480888
2025-11-30,2,305,2025-01-29,2025-11-29,2025-01-29|2025-01-30|2025-01-31|2025-02-01|2025-02-02|2025-02-03|2025-02-04|2025-02-05|2025-02-06|2025-02-07|2025-02-08|2025-02-09|2025-02-10|2025-02-11|2025-02-12|2025-02-13|2025-02-14|2025-02-15|2025-02-16|2025-02-17|2025-02-18|2025-02-19|2025-02-20|2025-02-21|2025-02-22|2025-02-23|2025-02-24|2025-02-25|2025-02-26|2025-02-27|2025-02-28|2025-03-01|2025-03-02|2025-03-03|2025-03-04|2025-03-05|2025-03-06|2025-03-07|2025-03-08|2025-03-09|2025-03-10|2025-03-11|2025-03-12|2025-03-13|2025-03-14|2025-03-15|2025-03-16|2025-03-17|2025-03-18|2025-03-19|2025-03-20|2025-03-21|2025-03-22|2025-03-23|2025-03-24|2025-03-25|2025-03-26|2025-03-27|2025-03-28|2025-03-29|2025-03-30|2025-03-31|2025-04-01|2025-04-02|2025-04-03|2025-04-04|2025-04-05|2025-04-06|2025-04-07|2025-04-08|2025-04-09|2025-04-10|2025-04-11|2025-04-12|2025-04-13|2025-04-14|2025-04-15|2025-04-16|2025-04-17|2025-04-18|2025-04-19|2025-04-20|2025-04-21|2025-04-22|2025-04-23|2025-04-24|2025-04-25|2025-04-26|2025-04-27|2025-04-28|2025-04-29|2025-04-30|2025-05-01|2025-05-02|2025-05-03|2025-05-04|2025-05-05|2025-05-06|2025-05-07|2025-05-08|2025-05-09|2025-05-10|2025-05-11|2025-05-12|2025-05-13|2025-05-14|2025-05-15|2025-05-16|2025-05-17|2025-05-18|2025-05-19|2025-05-20|2025-05-21|2025-05-22|2025-05-23|2025-05-24|2025-05-25|2025-05-26|2025-05-27|2025-05-28|2025-05-29|2025-05-30|2025-05-31|2025-06-01|2025-06-02|2025-06-03|2025-06-04|2025-06-05|2025-06-06|2025-06-07|2025-06-08|2025-06-09|2025-06-10|2025-06-11|2025-06-12|2025-06-13|2025-06-14|2025-06-15|2025-06-16|2025-06-17|2025-06-18|2025-06-19|2025-06-20|2025-06-21|2025-06-22|2025-06-23|2025-06-24|2025-06-25|2025-06-26|2025-06-27|2025-06-28|2025-06-29|2025-06-30|2025-07-01|2025-07-02|2025-07-03|2025-07-04|2025-07-05|2025-07-06|2025-07-07|2025-07-08|2025-07-09|2025-07-10|2025-07-11|2025-07-12|2025-07-13|2025-07-14|2025-07-15|2025-07-16|2025-07-17|2025-07-18|2025-07-19|2025-07-20|2025-07-21|2025-07-22|2025-07-23|2025-07-24|2025-07-25|2025-07-26|2025-07-27|2025-07-28|2025-07-29|2025-07-30|2025-07-31|2025-08-01|2025-08-02|2025-08-03|2025-08-04|2025-08-05|2025-08-06|2025-08-07|2025-08-08|2025-08-09|2025-08-10|2025-08-11|2025-08-12|2025-08-13|2025-08-14|2025-08-15|2025-08-16|2025-08-17|2025-08-18|2025-08-19|2025-08-20|2025-08-21|2025-08-22|2025-08-23|2025-08-24|2025-08-25|2025-08-26|2025-08-27|2025-08-28|2025-08-29|2025-08-30|2025-08-31|2025-09-01|2025-09-02|2025-09-03|2025-09-04|2025-09-05|2025-09-06|2025-09-07|2025-09-08|2025-09-09|2025-09-10|2025-09-11|2025-09-12|2025-09-13|2025-09-14|2025-09-15|2025-09-16|2025-09-17|2025-09-18|2025-09-19|2025-09-20|2025-09-21|2025-09-22|2025-09-23|2025-09-24|2025-09-25|2025-09-26|2025-09-27|2025-09-28|2025-09-29|2025-09-30|2025-10-01|2025-10-02|2025-10-03|2025-10-04|2025-10-05|2025-10-06|2025-10-07|2025-10-08|2025-10-09|2025-10-10|2025-10-11|2025-10-12|2025-10-13|2025-10-14|2025-10-15|2025-10-16|2025-10-17|2025-10-18|2025-10-19|2025-10-20|2025-10-21|2025-10-22|2025-10-23|2025-10-24|2025-10-25|2025-10-26|2025-10-27|2025-10-28|2025-10-29|2025-10-30|2025-10-31|2025-11-01|2025-11-02|2025-11-03|2025-11-04|2025-11-05|2025-11-06|2025-11-07|2025-11-08|2025-11-09|2025-11-10|2025-11-11|2025-11-12|2025-11-13|2025-11-14|2025-11-15|2025-11-16|2025-11-17|2025-11-18|2025-11-19|2025-11-20|2025-11-21|2025-11-22|2025-11-23|2025-11-24|2025-11-25|2025-11-26|2025-11-27|2025-11-28|2025-11-29,0.06297248205233842,0.05973976067997593,0.061133568572219556,0.06350157610602156
2025-12-01,2,306,2025-01-29,2025-11-30,2025-01-29|2025-01-30|2025-01-31|2025-02-01|2025-02-02|2025-02-03|2025-02-04|2025-02-05|2025-02-06|2025-02-07|2025-02-08|2025-02-09|2025-02-10|2025-02-11|2025-02-12|2025-02-13|2025-02-14|2025-02-15|2025-02-16|2025-02-17|2025-02-18|2025-02-19|2025-02-20|2025-02-21|2025-02-22|2025-02-23|2025-02-24|2025-02-25|2025-02-26|2025-02-27|2025-02-28|2025-03-01|2025-03-02|2025-03-03|2025-03-04|2025-03-05|2025-03-06|2025-03-07|2025-03-08|2025-03-09|2025-03-10|2025-03-11|2025-03-12|2025-03-13|2025-03-14|2025-03-15|2025-03-16|2025-03-17|2025-03-18|2025-03-19|2025-03-20|2025-03-21|2025-03-22|2025-03-23|2025-03-24|2025-03-25|2025-03-26|2025-03-27|2025-03-28|2025-03-29|2025-03-30|2025-03-31|2025-04-01|2025-04-02|2025-04-03|2025-04-04|2025-04-05|2025-04-06|2025-04-07|2025-04-08|2025-04-09|2025-04-10|2025-04-11|2025-04-12|2025-04-13|2025-04-14|2025-04-15|2025-04-16|2025-04-17|2025-04-18|2025-04-19|2025-04-20|2025-04-21|2025-04-22|2025-04-23|2025-04-24|2025-04-25|2025-04-26|2025-04-27|2025-04-28|2025-04-29|2025-04-30|2025-05-01|2025-05-02|2025-05-03|2025-05-04|2025-05-05|2025-05-06|2025-05-07|2025-05-08|2025-05-09|2025-05-10|2025-05-11|2025-05-12|2025-05-13|2025-05-14|2025-05-15|2025-05-16|2025-05-17|2025-05-18|2025-05-19|2025-05-20|2025-05-21|2025-05-22|2025-05-23|2025-05-24|2025-05-25|2025-05-26|2025-05-27|2025-05-28|2025-05-29|2025-05-30|2025-05-31|2025-06-01|2025-06-02|2025-06-03|2025-06-04|2025-06-05|2025-06-06|2025-06-07|2025-06-08|2025-06-09|2025-06-10|2025-06-11|2025-06-12|2025-06-13|2025-06-14|2025-06-15|2025-06-16|2025-06-17|2025-06-18|2025-06-19|2025-06-20|2025-06-21|2025-06-22|2025-06-23|2025-06-24|2025-06-25|2025-06-26|2025-06-27|2025-06-28|2025-06-29|2025-06-30|2025-07-01|2025-07-02|2025-07-03|2025-07-04|2025-07-05|2025-07-06|2025-07-07|2025-07-08|2025-07-09|2025-07-10|2025-07-11|2025-07-12|2025-07-13|2025-07-14|2025-07-15|2025-07-16|2025-07-17|2025-07-18|2025-07-19|2025-07-20|2025-07-21|2025-07-22|2025-07-23|2025-07-24|2025-07-25|2025-07-26|2025-07-27|2025-07-28|2025-07-29|2025-07-30|2025-07-31|2025-08-01|2025-08-02|2025-08-03|2025-08-04|2025-08-05|2025-08-06|2025-08-07|2025-08-08|2025-08-09|2025-08-10|2025-08-11|2025-08-12|2025-08-13|2025-08-14|2025-08-15|2025-08-16|2025-08-17|2025-08-18|2025-08-19|2025-08-20|2025-08-21|2025-08-22|2025-08-23|2025-08-24|2025-08-25|2025-08-26|2025-08-27|2025-08-28|2025-08-29|2025-08-30|2025-08-31|2025-09-01|2025-09-02|2025-09-03|2025-09-04|2025-09-05|2025-09-06|2025-09-07|2025-09-08|2025-09-09|2025-09-10|2025-09-11|2025-09-12|2025-09-13|2025-09-14|2025-09-15|2025-09-16|2025-09-17|2025-09-18|2025-09-19|2025-09-20|2025-09-21|2025-09-22|2025-09-23|2025-09-24|2025-09-25|2025-09-26|2025-09-27|2025-09-28|2025-09-29|2025-09-30|2025-10-01|2025-10-02|2025-10-03|2025-10-04|2025-10-05|2025-10-06|2025-10-07|2025-10-08|2025-10-09|2025-10-10|2025-10-11|2025-10-12|2025-10-13|2025-10-14|2025-10-15|2025-10-16|2025-10-17|2025-10-18|2025-10-19|2025-10-20|2025-10-21|2025-10-22|2025-10-23|2025-10-24|2025-10-25|2025-10-26|2025-10-27|2025-10-28|2025-10-29|2025-10-30|2025-10-31|2025-11-01|2025-11-02|2025-11-03|2025-11-04|2025-11-05|2025-11-06|2025-11-07|2025-11-08|2025-11-09|2025-11-10|2025-11-11|2025-11-12|2025-11-13|2025-11-14|2025-11-15|2025-11-16|2025-11-17|2025-11-18|2025-11-19|2025-11-20|2025-11-21|2025-11-22|2025-11-23|2025-11-24|2025-11-25|2025-11-26|2025-11-27|2025-11-28|2025-11-29|2025-11-30,0.06292867853219028,0.059690472483572385,0.061082889338530295,0.06345851107248912
2025-12-02,2,307,2025-01-29,2025-12-01,2025-01-29|2025-01-30|2025-01-31|2025-02-01|2025-02-02|2025-02-03|2025-02-04|2025-02-05|2025-02-06|2025-02-07|2025-02-08|2025-02-09|2025-02-10|2025-02-11|2025-02-12|2025-02-13|2025-02-14|2025-02-15|2025-02-16|2025-02-17|2025-02-18|2025-02-19|2025-02-20|2025-02-21|2025-02-22|2025-02-23|2025-02-24|2025-02-25|2025-02-26|2025-02-27|2025-02-28|2025-03-01|2025-03-02|2025-03-03|2025-03-04|2025-03-05|2025-03-06|2025-03-07|2025-03-08|2025-03-09|2025-03-10|2025-03-11|2025-03-12|2025-03-13|2025-03-14|2025-03-15|2025-03-16|2025-03-17|2025-03-18|2025-03-19|2025-03-20|2025-03-21|2025-03-22|2025-03-23|2025-03-24|2025-03-25|2025-03-26|2025-03-27|2025-03-28|2025-03-29|2025-03-30|2025-03-31|2025-04-01|2025-04-02|2025-04-03|2025-04-04|2025-04-05|2025-04-06|2025-04-07|2025-04-08|2025-04-09|2025-04-10|2025-04-11|2025-04-12|2025-04-13|2025-04-14|2025-04-15|2025-04-16|2025-04-17|2025-04-18|2025-04-19|2025-04-20|2025-04-21|2025-04-22|2025-04-23|2025-04-24|2025-04-25|2025-04-26|2025-04-27|2025-04-28|2025-04-29|2025-04-30|2025-05-01|2025-05-02|2025-05-03|2025-05-04|2025-05-05|2025-05-06|2025-05-07|2025-05-08|2025-05-09|2025-05-10|2025-05-11|2025-05-12|2025-05-13|2025-05-14|2025-05-15|2025-05-16|2025-05-17|2025-05-18|2025-05-19|2025-05-20|2025-05-21|2025-05-22|2025-05-23|2025-05-24|2025-05-25|2025-05-26|2025-05-27|2025-05-28|2025-05-29|2025-05-30|2025-05-31|2025-06-01|2025-06-02|2025-06-03|2025-06-04|2025-06-05|2025-06-06|2025-06-07|2025-06-08|2025-06-09|2025-06-10|2025-06-11|2025-06-12|2025-06-13|2025-06-14|2025-06-15|2025-06-16|2025-06-17|2025-06-18|2025-06-19|2025-06-20|2025-06-21|2025-06-22|2025-06-23|2025-06-24|2025-06-25|2025-06-26|2025-06-27|2025-06-28|2025-06-29|2025-06-30|2025-07-01|2025-07-02|2025-07-03|2025-07-04|2025-07-05|2025-07-06|2025-07-07|2025-07-08|2025-07-09|2025-07-10|2025-07-11|2025-07-12|2025-07-13|2025-07-14|2025-07-15|2025-07-16|2025-07-17|2025-07-18|2025-07-19|2025-07-20|2025-07-21|2025-07-22|2025-07-23|2025-07-24|2025-07-25|2025-07-26|2025-07-27|2025-07-28|2025-07-29|2025-07-30|2025-07-31|2025-08-01|2025-08-02|2025-08-03|2025-08-04|2025-08-05|2025-08-06|2025-08-07|2025-08-08|2025-08-09|2025-08-10|2025-08-11|2025-08-12|2025-08-13|2025-08-14|2025-08-15|2025-08-16|2025-08-17|2025-08-18|2025-08-19|2025-08-20|2025-08-21|2025-08-22|2025-08-23|2025-08-24|2025-08-25|2025-08-26|2025-08-27|2025-08-28|2025-08-29|2025-08-30|2025-08-31|2025-09-01|2025-09-02|2025-09-03|2025-09-04|2025-09-05|2025-09-06|2025-09-07|2025-09-08|2025-09-09|2025-09-10|2025-09-11|2025-09-12|2025-09-13|2025-09-14|2025-09-15|2025-09-16|2025-09-17|2025-09-18|2025-09-19|2025-09-20|2025-09-21|2025-09-22|2025-09-23|2025-09-24|2025-09-25|2025-09-26|2025-09-27|2025-09-28|2025-09-29|2025-09-30|2025-10-01|2025-10-02|2025-10-03|2025-10-04|2025-10-05|2025-10-06|2025-10-07|2025-10-08|2025-10-09|2025-10-10|2025-10-11|2025-10-12|2025-10-13|2025-10-14|2025-10-15|2025-10-16|2025-10-17|2025-10-18|2025-10-19|2025-10-20|2025-10-21|2025-10-22|2025-10-23|2025-10-24|2025-10-25|2025-10-26|2025-10-27|2025-10-28|2025-10-29|2025-10-30|2025-10-31|2025-11-01|2025-11-02|2025-11-03|2025-11-04|2025-11-05|2025-11-06|2025-11-07|2025-11-08|2025-11-09|2025-11-10|2025-11-11|2025-11-12|2025-11-13|2025-11-14|2025-11-15|2025-11-16|2025-11-17|2025-11-18|2025-11-19|2025-11-20|2025-11-21|2025-11-22|2025-11-23|2025-11-24|2025-11-25|2025-11-26|2025-11-27|2025-11-28|2025-11-29|2025-11-30|2025-12-01,0.06308736973455757,0.059874549507307306,0.06125892838032306,0.0636402590852206
2025-12-03,2,308,2025-01-29,2025-12-02,2025-01-29|2025-01-30|2025-01-31|2025-02-01|2025-02-02|2025-02-03|2025-02-04|2025-02-05|2025-02-06|2025-02-07|2025-02-08|2025-02-09|2025-02-10|2025-02-11|2025-02-12|2025-02-13|2025-02-14|2025-02-15|2025-02-16|2025-02-17|2025-02-18|2025-02-19|2025-02-20|2025-02-21|2025-02-22|2025-02-23|2025-02-24|2025-02-25|2025-02-26|2025-02-27|2025-02-28|2025-03-01|2025-03-02|2025-03-03|2025-03-04|2025-03-05|2025-03-06|2025-03-07|2025-03-08|2025-03-09|2025-03-10|2025-03-11|2025-03-12|2025-03-13|2025-03-14|2025-03-15|2025-03-16|2025-03-17|2025-03-18|2025-03-19|2025-03-20|2025-03-21|2025-03-22|2025-03-23|2025-03-24|2025-03-25|2025-03-26|2025-03-27|2025-03-28|2025-03-29|2025-03-30|2025-03-31|2025-04-01|2025-04-02|2025-04-03|2025-04-04|2025-04-05|2025-04-06|2025-04-07|2025-04-08|2025-04-09|2025-04-10|2025-04-11|2025-04-12|2025-04-13|2025-04-14|2025-04-15|2025-04-16|2025-04-17|2025-04-18|2025-04-19|2025-04-20|2025-04-21|2025-04-22|2025-04-23|2025-04-24|2025-04-25|2025-04-26|2025-04-27|2025-04-28|2025-04-29|2025-04-30|2025-05-01|2025-05-02|2025-05-03|2025-05-04|2025-05-05|2025-05-06|2025-05-07|2025-05-08|2025-05-09|2025-05-10|2025-05-11|2025-05-12|2025-05-13|2025-05-14|2025-05-15|2025-05-16|2025-05-17|2025-05-18|2025-05-19|2025-05-20|2025-05-21|2025-05-22|2025-05-23|2025-05-24|2025-05-25|2025-05-26|2025-05-27|2025-05-28|2025-05-29|2025-05-30|2025-05-31|2025-06-01|2025-06-02|2025-06-03|2025-06-04|2025-06-05|2025-06-06|2025-06-07|2025-06-08|2025-06-09|2025-06-10|2025-06-11|2025-06-12|2025-06-13|2025-06-14|2025-06-15|2025-06-16|2025-06-17|2025-06-18|2025-06-19|2025-06-20|2025-06-21|2025-06-22|2025-06-23|2025-06-24|2025-06-25|2025-06-26|2025-06-27|2025-06-28|2025-06-29|2025-06-30|2025-07-01|2025-07-02|2025-07-03|2025-07-04|2025-07-05|2025-07-06|2025-07-07|2025-07-08|2025-07-09|2025-07-10|2025-07-11|2025-07-12|2025-07-13|2025-07-14|2025-07-15|2025-07-16|2025-07-17|2025-07-18|2025-07-19|2025-07-20|2025-07-21|2025-07-22|2025-07-23|2025-07-24|2025-07-25|2025-07-26|2025-07-27|2025-07-28|2025-07-29|2025-07-30|2025-07-31|2025-08-01|2025-08-02|2025-08-03|2025-08-04|2025-08-05|2025-08-06|2025-08-07|2025-08-08|2025-08-09|2025-08-10|2025-08-11|2025-08-12|2025-08-13|2025-08-14|2025-08-15|2025-08-16|2025-08-17|2025-08-18|2025-08-19|2025-08-20|2025-08-21|2025-08-22|2025-08-23|2025-08-24|2025-08-25|2025-08-26|2025-08-27|2025-08-28|2025-08-29|2025-08-30|2025-08-31|2025-09-01|2025-09-02|2025-09-03|2025-09-04|2025-09-05|2025-09-06|2025-09-07|2025-09-08|2025-09-09|2025-09-10|2025-09-11|2025-09-12|2025-09-13|2025-09-14|2025-09-15|2025-09-16|2025-09-17|2025-09-18|2025-09-19|2025-09-20|2025-09-21|2025-09-22|2025-09-23|2025-09-24|2025-09-25|2025-09-26|2025-09-27|2025-09-28|2025-09-29|2025-09-30|2025-10-01|2025-10-02|2025-10-03|2025-10-04|2025-10-05|2025-10-06|2025-10-07|2025-10-08|2025-10-09|2025-10-10|2025-10-11|2025-10-12|2025-10-13|2025-10-14|2025-10-15|2025-10-16|2025-10-17|2025-10-18|2025-10-19|2025-10-20|2025-10-21|2025-10-22|2025-10-23|2025-10-24|2025-10-25|2025-10-26|2025-10-27|2025-10-28|2025-10-29|2025-10-30|2025-10-31|2025-11-01|2025-11-02|2025-11-03|2025-11-04|2025-11-05|2025-11-06|2025-11-07|2025-11-08|2025-11-09|2025-11-10|2025-11-11|2025-11-12|2025-11-13|2025-11-14|2025-11-15|2025-11-16|2025-11-17|2025-11-18|2025-11-19|2025-11-20|2025-11-21|2025-11-22|2025-11-23|2025-11-24|2025-11-25|2025-11-26|2025-11-27|2025-11-28|2025-11-29|2025-11-30|2025-12-01|2025-12-02,0.06325208069951567,0.060059586149404945,0.06144732590430925,0.0638397080855673
2025-12-04,2,309,2025-01-29,2025-12-03,2025-01-29|2025-01-30|2025-01-31|2025-02-01|2025-02-02|2025-02-03|2025-02-04|2025-02-05|2025-02-06|2025-02-07|2025-02-08|2025-02-09|2025-02-10|2025-02-11|2025-02-12|2025-02-13|2025-02-14|2025-02-15|2025-02-16|2025-02-17|2025-02-18|2025-02-19|2025-02-20|2025-02-21|2025-02-22|2025-02-23|2025-02-24|2025-02-25|2025-02-26|2025-02-27|2025-02-28|2025-03-01|2025-03-02|2025-03-03|2025-03-04|2025-03-05|2025-03-06|2025-03-07|2025-03-08|2025-03-09|2025-03-10|2025-03-11|2025-03-12|2025-03-13|2025-03-14|2025-03-15|2025-03-16|2025-03-17|2025-03-18|2025-03-19|2025-03-20|2025-03-21|2025-03-22|2025-03-23|2025-03-24|2025-03-25|2025-03-26|2025-03-27|2025-03-28|2025-03-29|2025-03-30|2025-03-31|2025-04-01|2025-04-02|2025-04-03|2025-04-04|2025-04-05|2025-04-06|2025-04-07|2025-04-08|2025-04-09|2025-04-10|2025-04-11|2025-04-12|2025-04-13|2025-04-14|2025-04-15|2025-04-16|2025-04-17|2025-04-18|2025-04-19|2025-04-20|2025-04-21|2025-04-22|2025-04-23|2025-04-24|2025-04-25|2025-04-26|2025-04-27|2025-04-28|2025-04-29|2025-04-30|2025-05-01|2025-05-02|2025-05-03|2025-05-04|2025-05-05|2025-05-06|2025-05-07|2025-05-08|2025-05-09|2025-05-10|2025-05-11|2025-05-12|2025-05-13|2025-05-14|2025-05-15|2025-05-16|2025-05-17|2025-05-18|2025-05-19|2025-05-20|2025-05-21|2025-05-22|2025-05-23|2025-05-24|2025-05-25|2025-05-26|2025-05-27|2025-05-28|2025-05-29|2025-05-30|2025-05-31|2025-06-01|2025-06-02|2025-06-03|2025-06-04|2025-06-05|2025-06-06|2025-06-07|2025-06-08|2025-06-09|2025-06-10|2025-06-11|2025-06-12|2025-06-13|2025-06-14|2025-06-15|2025-06-16|2025-06-17|2025-06-18|2025-06-19|2025-06-20|2025-06-21|2025-06-22|2025-06-23|2025-06-24|2025-06-25|2025-06-26|2025-06-27|2025-06-28|2025-06-29|2025-06-30|2025-07-01|2025-07-02|2025-07-03|2025-07-04|2025-07-05|2025-07-06|2025-07-07|2025-07-08|2025-07-09|2025-07-10|2025-07-11|2025-07-12|2025-07-13|2025-07-14|2025-07-15|2025-07-16|2025-07-17|2025-07-18|2025-07-19|2025-07-20|2025-07-21|2025-07-22|2025-07-23|2025-07-24|2025-07-25|2025-07-26|2025-07-27|2025-07-28|2025-07-29|2025-07-30|2025-07-31|2025-08-01|2025-08-02|2025-08-03|2025-08-04|2025-08-05|2025-08-06|2025-08-07|2025-08-08|2025-08-09|2025-08-10|2025-08-11|2025-08-12|2025-08-13|2025-08-14|2025-08-15|2025-08-16|2025-08-17|2025-08-18|2025-08-19|2025-08-20|2025-08-21|2025-08-22|2025-08-23|2025-08-24|2025-08-25|2025-08-26|2025-08-27|2025-08-28|2025-08-29|2025-08-30|2025-08-31|2025-09-01|2025-09-02|2025-09-03|2025-09-04|2025-09-05|2025-09-06|2025-09-07|2025-09-08|2025-09-09|2025-09-10|2025-09-11|2025-09-12|2025-09-13|2025-09-14|2025-09-15|2025-09-16|2025-09-17|2025-09-18|2025-09-19|2025-09-20|2025-09-21|2025-09-22|2025-09-23|2025-09-24|2025-09-25|2025-09-26|2025-09-27|2025-09-28|2025-09-29|2025-09-30|2025-10-01|2025-10-02|2025-10-03|2025-10-04|2025-10-05|2025-10-06|2025-10-07|2025-10-08|2025-10-09|2025-10-10|2025-10-11|2025-10-12|2025-10-13|2025-10-14|2025-10-15|2025-10-16|2025-10-17|2025-10-18|2025-10-19|2025-10-20|2025-10-21|2025-10-22|2025-10-23|2025-10-24|2025-10-25|2025-10-26|2025-10-27|2025-10-28|2025-10-29|2025-10-30|2025-10-31|2025-11-01|2025-11-02|2025-11-03|2025-11-04|2025-11-05|2025-11-06|2025-11-07|2025-11-08|2025-11-09|2025-11-10|2025-11-11|2025-11-12|2025-11-13|2025-11-14|2025-11-15|2025-11-16|2025-11-17|2025-11-18|2025-11-19|2025-11-20|2025-11-21|2025-11-22|2025-11-23|2025-11-24|2025-11-25|2025-11-26|2025-11-27|2025-11-28|2025-11-29|2025-11-30|2025-12-01|2025-12-02|2025-12-03,0.0633925708484545,0.06021189131906556,0.061615395106933216,0.06400962790189703
2025-12-05,2,310,2025-01-29,2025-12-04,2025-01-29|2025-01-30|2025-01-31|2025-02-01|2025-02-02|2025-02-03|2025-02-04|2025-02-05|2025-02-06|2025-02-07|2025-02-08|2025-02-09|2025-02-10|2025-02-11|2025-02-12|2025-02-13|2025-02-14|2025-02-15|2025-02-16|2025-02-17|2025-02-18|2025-02-19|2025-02-20|2025-02-21|2025-02-22|2025-02-23|2025-02-24|2025-02-25|2025-02-26|2025-02-27|2025-02-28|2025-03-01|2025-03-02|2025-03-03|2025-03-04|2025-03-05|2025-03-06|2025-03-07|2025-03-08|2025-03-09|2025-03-10|2025-03-11|2025-03-12|2025-03-13|2025-03-14|2025-03-15|2025-03-16|2025-03-17|2025-03-18|2025-03-19|2025-03-20|2025-03-21|2025-03-22|2025-03-23|2025-03-24|2025-03-25|2025-03-26|2025-03-27|2025-03-28|2025-03-29|2025-03-30|2025-03-31|2025-04-01|2025-04-02|2025-04-03|2025-04-04|2025-04-05|2025-04-06|2025-04-07|2025-04-08|2025-04-09|2025-04-10|2025-04-11|2025-04-12|2025-04-13|2025-04-14|2025-04-15|2025-04-16|2025-04-17|2025-04-18|2025-04-19|2025-04-20|2025-04-21|2025-04-22|2025-04-23|2025-04-24|2025-04-25|2025-04-26|2025-04-27|2025-04-28|2025-04-29|2025-04-30|2025-05-01|2025-05-02|2025-05-03|2025-05-04|2025-05-05|2025-05-06|2025-05-07|2025-05-08|2025-05-09|2025-05-10|2025-05-11|2025-05-12|2025-05-13|2025-05-14|2025-05-15|2025-05-16|2025-05-17|2025-05-18|2025-05-19|2025-05-20|2025-05-21|2025-05-22|2025-05-23|2025-05-24|2025-05-25|2025-05-26|2025-05-27|2025-05-28|2025-05-29|2025-05-30|2025-05-31|2025-06-01|2025-06-02|2025-06-03|2025-06-04|2025-06-05|2025-06-06|2025-06-07|2025-06-08|2025-06-09|2025-06-10|2025-06-11|2025-06-12|2025-06-13|2025-06-14|2025-06-15|2025-06-16|2025-06-17|2025-06-18|2025-06-19|2025-06-20|2025-06-21|2025-06-22|2025-06-23|2025-06-24|2025-06-25|2025-06-26|2025-06-27|2025-06-28|2025-06-29|2025-06-30|2025-07-01|2025-07-02|2025-07-03|2025-07-04|2025-07-05|2025-07-06|2025-07-07|2025-07-08|2025-07-09|2025-07-10|2025-07-11|2025-07-12|2025-07-13|2025-07-14|2025-07-15|2025-07-16|2025-07-17|2025-07-18|2025-07-19|2025-07-20|2025-07-21|2025-07-22|2025-07-23|2025-07-24|2025-07-25|2025-07-26|2025-07-27|2025-07-28|2025-07-29|2025-07-30|2025-07-31|2025-08-01|2025-08-02|2025-08-03|2025-08-04|2025-08-05|2025-08-06|2025-08-07|2025-08-08|2025-08-09|2025-08-10|2025-08-11|2025-08-12|2025-08-13|2025-08-14|2025-08-15|2025-08-16|2025-08-17|2025-08-18|2025-08-19|2025-08-20|2025-08-21|2025-08-22|2025-08-23|2025-08-24|2025-08-25|2025-08-26|2025-08-27|2025-08-28|2025-08-29|2025-08-30|2025-08-31|2025-09-01|2025-09-02|2025-09-03|2025-09-04|2025-09-05|2025-09-06|2025-09-07|2025-09-08|2025-09-09|2025-09-10|2025-09-11|2025-09-12|2025-09-13|2025-09-14|2025-09-15|2025-09-16|2025-09-17|2025-09-18|2025-09-19|2025-09-20|2025-09-21|2025-09-22|2025-09-23|2025-09-24|2025-09-25|2025-09-26|2025-09-27|2025-09-28|2025-09-29|2025-09-30|2025-10-01|2025-10-02|2025-10-03|2025-10-04|2025-10-05|2025-10-06|2025-10-07|2025-10-08|2025-10-09|2025-10-10|2025-10-11|2025-10-12|2025-10-13|2025-10-14|2025-10-15|2025-10-16|2025-10-17|2025-10-18|2025-10-19|2025-10-20|2025-10-21|2025-10-22|2025-10-23|2025-10-24|2025-10-25|2025-10-26|2025-10-27|2025-10-28|2025-10-29|2025-10-30|2025-10-31|2025-11-01|2025-11-02|2025-11-03|2025-11-04|2025-11-05|2025-11-06|2025-11-07|2025-11-08|2025-11-09|2025-11-10|2025-11-11|2025-11-12|2025-11-13|2025-11-14|2025-11-15|2025-11-16|2025-11-17|2025-11-18|2025-11-19|2025-11-20|2025-11-21|2025-11-22|2025-11-23|2025-11-24|2025-11-25|2025-11-26|2025-11-27|2025-11-28|2025-11-29|2025-11-30|2025-12-01|2025-12-02|2025-12-03|2025-12-04,0.06352986894462363,0.060364618727352125,0.061765542568138855,0.06415794433758362
2025-12-06,2,311,2025-01-29,2025-12-05,2025-01-29|2025-01-30|2025-01-31|2025-02-01|2025-02-02|2025-02-03|2025-02-04|2025-02-05|2025-02-06|2025-02-07|2025-02-08|2025-02-09|2025-02-10|2025-02-11|2025-02-12|2025-02-13|2025-02-14|2025-02-15|2025-02-16|2025-02-17|2025-02-18|2025-02-19|2025-02-20|2025-02-21|2025-02-22|2025-02-23|2025-02-24|2025-02-25|2025-02-26|2025-02-27|2025-02-28|2025-03-01|2025-03-02|2025-03-03|2025-03-04|2025-03-05|2025-03-06|2025-03-07|2025-03-08|2025-03-09|2025-03-10|2025-03-11|2025-03-12|2025-03-13|2025-03-14|2025-03-15|2025-03-16|2025-03-17|2025-03-18|2025-03-19|2025-03-20|2025-03-21|2025-03-22|2025-03-23|2025-03-24|2025-03-25|2025-03-26|2025-03-27|2025-03-28|2025-03-29|2025-03-30|2025-03-31|2025-04-01|2025-04-02|2025-04-03|2025-04-04|2025-04-05|2025-04-06|2025-04-07|2025-04-08|2025-04-09|2025-04-10|2025-04-11|2025-04-12|2025-04-13|2025-04-14|2025-04-15|2025-04-16|2025-04-17|2025-04-18|2025-04-19|2025-04-20|2025-04-21|2025-04-22|2025-04-23|2025-04-24|2025-04-25|2025-04-26|2025-04-27|2025-04-28|2025-04-29|2025-04-30|2025-05-01|2025-05-02|2025-05-03|2025-05-04|2025-05-05|2025-05-06|2025-05-07|2025-05-08|2025-05-09|2025-05-10|2025-05-11|2025-05-12|2025-05-13|2025-05-14|2025-05-15|2025-05-16|2025-05-17|2025-05-18|2025-05-19|2025-05-20|2025-05-21|2025-05-22|2025-05-23|2025-05-24|2025-05-25|2025-05-26|2025-05-27|2025-05-28|2025-05-29|2025-05-30|2025-05-31|2025-06-01|2025-06-02|2025-06-03|2025-06-04|2025-06-05|2025-06-06|2025-06-07|2025-06-08|2025-06-09|2025-06-10|2025-06-11|2025-06-12|2025-06-13|2025-06-14|2025-06-15|2025-06-16|2025-06-17|2025-06-18|2025-06-19|2025-06-20|2025-06-21|2025-06-22|2025-06-23|2025-06-24|2025-06-25|2025-06-26|2025-06-27|2025-06-28|2025-06-29|2025-06-30|2025-07-01|2025-07-02|2025-07-03|2025-07-04|2025-07-05|2025-07-06|2025-07-07|2025-07-08|2025-07-09|2025-07-10|2025-07-11|2025-07-12|2025-07-13|2025-07-14|2025-07-15|2025-07-16|2025-07-17|2025-07-18|2025-07-19|2025-07-20|2025-07-21|2025-07-22|2025-07-23|2025-07-24|2025-07-25|2025-07-26|2025-07-27|2025-07-28|2025-07-29|2025-07-30|2025-07-31|2025-08-01|2025-08-02|2025-08-03|2025-08-04|2025-08-05|2025-08-06|2025-08-07|2025-08-08|2025-08-09|2025-08-10|2025-08-11|2025-08-12|2025-08-13|2025-08-14|2025-08-15|2025-08-16|2025-08-17|2025-08-18|2025-08-19|2025-08-20|2025-08-21|2025-08-22|2025-08-23|2025-08-24|2025-08-25|2025-08-26|2025-08-27|2025-08-28|2025-08-29|2025-08-30|2025-08-31|2025-09-01|2025-09-02|2025-09-03|2025-09-04|2025-09-05|2025-09-06|2025-09-07|2025-09-08|2025-09-09|2025-09-10|2025-09-11|2025-09-12|2025-09-13|2025-09-14|2025-09-15|2025-09-16|2025-09-17|2025-09-18|2025-09-19|2025-09-20|2025-09-21|2025-09-22|2025-09-23|2025-09-24|2025-09-25|2025-09-26|2025-09-27|2025-09-28|2025-09-29|2025-09-30|2025-10-01|2025-10-02|2025-10-03|2025-10-04|2025-10-05|2025-10-06|2025-10-07|2025-10-08|2025-10-09|2025-10-10|2025-10-11|2025-10-12|2025-10-13|2025-10-14|2025-10-15|2025-10-16|2025-10-17|2025-10-18|2025-10-19|2025-10-20|2025-10-21|2025-10-22|2025-10-23|2025-10-24|2025-10-25|2025-10-26|2025-10-27|2025-10-28|2025-10-29|2025-10-30|2025-10-31|2025-11-01|2025-11-02|2025-11-03|2025-11-04|2025-11-05|2025-11-06|2025-11-07|2025-11-08|2025-11-09|2025-11-10|2025-11-11|2025-11-12|2025-11-13|2025-11-14|2025-11-15|2025-11-16|2025-11-17|2025-11-18|2025-11-19|2025-11-20|2025-11-21|2025-11-22|2025-11-23|2025-11-24|2025-11-25|2025-11-26|2025-11-27|2025-11-28|2025-11-29|2025-11-30|2025-12-01|2025-12-02|2025-12-03|2025-12-04|2025-12-05,0.0637266121656923,0.0605719289407472,0.061971556826856934,0.06436992469601986
2025-12-07,2,312,2025-01-29,2025-12-06,2025-01-29|2025-01-30|2025-01-31|2025-02-01|2025-02-02|2025-02-03|2025-02-04|2025-02-05|2025-02-06|2025-02-07|2025-02-08|2025-02-09|2025-02-10|2025-02-11|2025-02-12|2025-02-13|2025-02-14|2025-02-15|2025-02-16|2025-02-17|2025-02-18|2025-02-19|2025-02-20|2025-02-21|2025-02-22|2025-02-23|2025-02-24|2025-02-25|2025-02-26|2025-02-27|2025-02-28|2025-03-01|2025-03-02|2025-03-03|2025-03-04|2025-03-05|2025-03-06|2025-03-07|2025-03-08|2025-03-09|2025-03-10|2025-03-11|2025-03-12|2025-03-13|2025-03-14|2025-03-15|2025-03-16|2025-03-17|2025-03-18|2025-03-19|2025-03-20|2025-03-21|2025-03-22|2025-03-23|2025-03-24|2025-03-25|2025-03-26|2025-03-27|2025-03-28|2025-03-29|2025-03-30|2025-03-31|2025-04-01|2025-04-02|2025-04-03|2025-04-04|2025-04-05|2025-04-06|2025-04-07|2025-04-08|2025-04-09|2025-04-10|2025-04-11|2025-04-12|2025-04-13|2025-04-14|2025-04-15|2025-04-16|2025-04-17|2025-04-18|2025-04-19|2025-04-20|2025-04-21|2025-04-22|2025-04-23|2025-04-24|2025-04-25|2025-04-26|2025-04-27|2025-04-28|2025-04-29|2025-04-30|2025-05-01|2025-05-02|2025-05-03|2025-05-04|2025-05-05|2025-05-06|2025-05-07|2025-05-08|2025-05-09|2025-05-10|2025-05-11|2025-05-12|2025-05-13|2025-05-14|2025-05-15|2025-05-16|2025-05-17|2025-05-18|2025-05-19|2025-05-20|2025-05-21|2025-05-22|2025-05-23|2025-05-24|2025-05-25|2025-05-26|2025-05-27|2025-05-28|2025-05-29|2025-05-30|2025-05-31|2025-06-01|2025-06-02|2025-06-03|2025-06-04|2025-06-05|2025-06-06|2025-06-07|2025-06-08|2025-06-09|2025-06-10|2025-06-11|2025-06-12|2025-06-13|2025-06-14|2025-06-15|2025-06-16|2025-06-17|2025-06-18|2025-06-19|2025-06-20|2025-06-21|2025-06-22|2025-06-23|2025-06-24|2025-06-25|2025-06-26|2025-06-27|2025-06-28|2025-06-29|2025-06-30|2025-07-01|2025-07-02|2025-07-03|2025-07-04|2025-07-05|2025-07-06|2025-07-07|2025-07-08|2025-07-09|2025-07-10|2025-07-11|2025-07-12|2025-07-13|2025-07-14|2025-07-15|2025-07-16|2025-07-17|2025-07-18|2025-07-19|2025-07-20|2025-07-21|2025-07-22|2025-07-23|2025-07-24|2025-07-25|2025-07-26|2025-07-27|2025-07-28|2025-07-29|2025-07-30|2025-07-31|2025-08-01|2025-08-02|2025-08-03|2025-08-04|2025-08-05|2025-08-06|2025-08-07|2025-08-08|2025-08-09|2025-08-10|2025-08-11|2025-08-12|2025-08-13|2025-08-14|2025-08-15|2025-08-16|2025-08-17|2025-08-18|2025-08-19|2025-08-20|2025-08-21|2025-08-22|2025-08-23|2025-08-24|2025-08-25|2025-08-26|2025-08-27|2025-08-28|2025-08-29|2025-08-30|2025-08-31|2025-09-01|2025-09-02|2025-09-03|2025-09-04|2025-09-05|2025-09-06|2025-09-07|2025-09-08|2025-09-09|2025-09-10|2025-09-11|2025-09-12|2025-09-13|2025-09-14|2025-09-15|2025-09-16|2025-09-17|2025-09-18|2025-09-19|2025-09-20|2025-09-21|2025-09-22|2025-09-23|2025-09-24|2025-09-25|2025-09-26|2025-09-27|2025-09-28|2025-09-29|2025-09-30|2025-10-01|2025-10-02|2025-10-03|2025-10-04|2025-10-05|2025-10-06|2025-10-07|2025-10-08|2025-10-09|2025-10-10|2025-10-11|2025-10-12|2025-10-13|2025-10-14|2025-10-15|2025-10-16|2025-10-17|2025-10-18|2025-10-19|2025-10-20|2025-10-21|2025-10-22|2025-10-23|2025-10-24|2025-10-25|2025-10-26|2025-10-27|2025-10-28|2025-10-29|2025-10-30|2025-10-31|2025-11-01|2025-11-02|2025-11-03|2025-11-04|2025-11-05|2025-11-06|2025-11-07|2025-11-08|2025-11-09|2025-11-10|2025-11-11|2025-11-12|2025-11-13|2025-11-14|2025-11-15|2025-11-16|2025-11-17|2025-11-18|2025-11-19|2025-11-20|2025-11-21|2025-11-22|2025-11-23|2025-11-24|2025-11-25|2025-11-26|2025-11-27|2025-11-28|2025-11-29|2025-11-30|2025-12-01|2025-12-02|2025-12-03|2025-12-04|2025-12-05|2025-12-06,0.06389730213652794,0.06076020211351121,0.06216881621151984,0.06457953381278347
2025-12-08,2,313,2025-01-29,2025-12-07,2025-01-29|2025-01-30|2025-01-31|2025-02-01|2025-02-02|2025-02-03|2025-02-04|2025-02-05|2025-02-06|2025-02-07|2025-02-08|2025-02-09|2025-02-10|2025-02-11|2025-02-12|2025-02-13|2025-02-14|2025-02-15|2025-02-16|2025-02-17|2025-02-18|2025-02-19|2025-02-20|2025-02-21|2025-02-22|2025-02-23|2025-02-24|2025-02-25|2025-02-26|2025-02-27|2025-02-28|2025-03-01|2025-03-02|2025-03-03|2025-03-04|2025-03-05|2025-03-06|2025-03-07|2025-03-08|2025-03-09|2025-03-10|2025-03-11|2025-03-12|2025-03-13|2025-03-14|2025-03-15|2025-03-16|2025-03-17|2025-03-18|2025-03-19|2025-03-20|2025-03-21|2025-03-22|2025-03-23|2025-03-24|2025-03-25|2025-03-26|2025-03-27|2025-03-28|2025-03-29|2025-03-30|2025-03-31|2025-04-01|2025-04-02|2025-04-03|2025-04-04|2025-04-05|2025-04-06|2025-04-07|2025-04-08|2025-04-09|2025-04-10|2025-04-11|2025-04-12|2025-04-13|2025-04-14|2025-04-15|2025-04-16|2025-04-17|2025-04-18|2025-04-19|2025-04-20|2025-04-21|2025-04-22|2025-04-23|2025-04-24|2025-04-25|2025-04-26|2025-04-27|2025-04-28|2025-04-29|2025-04-30|2025-05-01|2025-05-02|2025-05-03|2025-05-04|2025-05-05|2025-05-06|2025-05-07|2025-05-08|2025-05-09|2025-05-10|2025-05-11|2025-05-12|2025-05-13|2025-05-14|2025-05-15|2025-05-16|2025-05-17|2025-05-18|2025-05-19|2025-05-20|2025-05-21|2025-05-22|2025-05-23|2025-05-24|2025-05-25|2025-05-26|2025-05-27|2025-05-28|2025-05-29|2025-05-30|2025-05-31|2025-06-01|2025-06-02|2025-06-03|2025-06-04|2025-06-05|2025-06-06|2025-06-07|2025-06-08|2025-06-09|2025-06-10|2025-06-11|2025-06-12|2025-06-13|2025-06-14|2025-06-15|2025-06-16|2025-06-17|2025-06-18|2025-06-19|2025-06-20|2025-06-21|2025-06-22|2025-06-23|2025-06-24|2025-06-25|2025-06-26|2025-06-27|2025-06-28|2025-06-29|2025-06-30|2025-07-01|2025-07-02|2025-07-03|2025-07-04|2025-07-05|2025-07-06|2025-07-07|2025-07-08|2025-07-09|2025-07-10|2025-07-11|2025-07-12|2025-07-13|2025-07-14|2025-07-15|2025-07-16|2025-07-17|2025-07-18|2025-07-19|2025-07-20|2025-07-21|2025-07-22|2025-07-23|2025-07-24|2025-07-25|2025-07-26|2025-07-27|2025-07-28|2025-07-29|2025-07-30|2025-07-31|2025-08-01|2025-08-02|2025-08-03|2025-08-04|2025-08-05|2025-08-06|2025-08-07|2025-08-08|2025-08-09|2025-08-10|2025-08-11|2025-08-12|2025-08-13|2025-08-14|2025-08-15|2025-08-16|2025-08-17|2025-08-18|2025-08-19|2025-08-20|2025-08-21|2025-08-22|2025-08-23|2025-08-24|2025-08-25|2025-08-26|2025-08-27|2025-08-28|2025-08-29|2025-08-30|2025-08-31|2025-09-01|2025-09-02|2025-09-03|2025-09-04|2025-09-05|2025-09-06|2025-09-07|2025-09-08|2025-09-09|2025-09-10|2025-09-11|2025-09-12|2025-09-13|2025-09-14|2025-09-15|2025-09-16|2025-09-17|2025-09-18|2025-09-19|2025-09-20|2025-09-21|2025-09-22|2025-09-23|2025-09-24|2025-09-25|2025-09-26|2025-09-27|2025-09-28|2025-09-29|2025-09-30|2025-10-01|2025-10-02|2025-10-03|2025-10-04|2025-10-05|2025-10-06|2025-10-07|2025-10-08|2025-10-09|2025-10-10|2025-10-11|2025-10-12|2025-10-13|2025-10-14|2025-10-15|2025-10-16|2025-10-17|2025-10-18|2025-10-19|2025-10-20|2025-10-21|2025-10-22|2025-10-23|2025-10-24|2025-10-25|2025-10-26|2025-10-27|2025-10-28|2025-10-29|2025-10-30|2025-10-31|2025-11-01|2025-11-02|2025-11-03|2025-11-04|2025-11-05|2025-11-06|2025-11-07|2025-11-08|2025-11-09|2025-11-10|2025-11-11|2025-11-12|2025-11-13|2025-11-14|2025-11-15|2025-11-16|2025-11-17|2025-11-18|2025-11-19|2025-11-20|2025-11-21|2025-11-22|2025-11-23|2025-11-24|2025-11-25|2025-11-26|2025-11-27|2025-11-28|2025-11-29|2025-11-30|2025-12-01|2025-12-02|2025-12-03|2025-12-04|2025-12-05|2025-12-06|2025-12-07,0.06400493658471311,0.060888711125536975,0.062304984817508235,0.06472062847502703
2025-12-09,2,314,2025-01-29,2025-12-08,2025-01-29|2025-01-30|2025-01-31|2025-02-01|2025-02-02|2025-02-03|2025-02-04|2025-02-05|2025-02-06|2025-02-07|2025-02-08|2025-02-09|2025-02-10|2025-02-11|2025-02-12|2025-02-13|2025-02-14|2025-02-15|2025-02-16|2025-02-17|2025-02-18|2025-02-19|2025-02-20|2025-02-21|2025-02-22|2025-02-23|2025-02-24|2025-02-25|2025-02-26|2025-02-27|2025-02-28|2025-03-01|2025-03-02|2025-03-03|2025-03-04|2025-03-05|2025-03-06|2025-03-07|2025-03-08|2025-03-09|2025-03-10|2025-03-11|2025-03-12|2025-03-13|2025-03-14|2025-03-15|2025-03-16|2025-03-17|2025-03-18|2025-03-19|2025-03-20|2025-03-21|2025-03-22|2025-03-23|2025-03-24|2025-03-25|2025-03-26|2025-03-27|2025-03-28|2025-03-29|2025-03-30|2025-03-31|2025-04-01|2025-04-02|2025-04-03|2025-04-04|2025-04-05|2025-04-06|2025-04-07|2025-04-08|2025-04-09|2025-04-10|2025-04-11|2025-04-12|2025-04-13|2025-04-14|2025-04-15|2025-04-16|2025-04-17|2025-04-18|2025-04-19|2025-04-20|2025-04-21|2025-04-22|2025-04-23|2025-04-24|2025-04-25|2025-04-26|2025-04-27|2025-04-28|2025-04-29|2025-04-30|2025-05-01|2025-05-02|2025-05-03|2025-05-04|2025-05-05|2025-05-06|2025-05-07|2025-05-08|2025-05-09|2025-05-10|2025-05-11|2025-05-12|2025-05-13|2025-05-14|2025-05-15|2025-05-16|2025-05-17|2025-05-18|2025-05-19|2025-05-20|2025-05-21|2025-05-22|2025-05-23|2025-05-24|2025-05-25|2025-05-26|2025-05-27|2025-05-28|2025-05-29|2025-05-30|2025-05-31|2025-06-01|2025-06-02|2025-06-03|2025-06-04|2025-06-05|2025-06-06|2025-06-07|2025-06-08|2025-06-09|2025-06-10|2025-06-11|2025-06-12|2025-06-13|2025-06-14|2025-06-15|2025-06-16|2025-06-17|2025-06-18|2025-06-19|2025-06-20|2025-06-21|2025-06-22|2025-06-23|2025-06-24|2025-06-25|2025-06-26|2025-06-27|2025-06-28|2025-06-29|2025-06-30|2025-07-01|2025-07-02|2025-07-03|2025-07-04|2025-07-05|2025-07-06|2025-07-07|2025-07-08|2025-07-09|2025-07-10|2025-07-11|2025-07-12|2025-07-13|2025-07-14|2025-07-15|2025-07-16|2025-07-17|2025-07-18|2025-07-19|2025-07-20|2025-07-21|2025-07-22|2025-07-23|2025-07-24|2025-07-25|2025-07-26|2025-07-27|2025-07-28|2025-07-29|2025-07-30|2025-07-31|2025-08-01|2025-08-02|2025-08-03|2025-08-04|2025-08-05|2025-08-06|2025-08-07|2025-08-08|2025-08-09|2025-08-10|2025-08-11|2025-08-12|2025-08-13|2025-08-14|2025-08-15|2025-08-16|2025-08-17|2025-08-18|2025-08-19|2025-08-20|2025-08-21|2025-08-22|2025-08-23|2025-08-24|2025-08-25|2025-08-26|2025-08-27|2025-08-28|2025-08-29|2025-08-30|2025-08-31|2025-09-01|2025-09-02|2025-09-03|2025-09-04|2025-09-05|2025-09-06|2025-09-07|2025-09-08|2025-09-09|2025-09-10|2025-09-11|2025-09-12|2025-09-13|2025-09-14|2025-09-15|2025-09-16|2025-09-17|2025-09-18|2025-09-19|2025-09-20|2025-09-21|2025-09-22|2025-09-23|2025-09-24|2025-09-25|2025-09-26|2025-09-27|2025-09-28|2025-09-29|2025-09-30|2025-10-01|2025-10-02|2025-10-03|2025-10-04|2025-10-05|2025-10-06|2025-10-07|2025-10-08|2025-10-09|2025-10-10|2025-10-11|2025-10-12|2025-10-13|2025-10-14|2025-10-15|2025-10-16|2025-10-17|2025-10-18|2025-10-19|2025-10-20|2025-10-21|2025-10-22|2025-10-23|2025-10-24|2025-10-25|2025-10-26|2025-10-27|2025-10-28|2025-10-29|2025-10-30|2025-10-31|2025-11-01|2025-11-02|2025-11-03|2025-11-04|2025-11-05|2025-11-06|2025-11-07|2025-11-08|2025-11-09|2025-11-10|2025-11-11|2025-11-12|2025-11-13|2025-11-14|2025-11-15|2025-11-16|2025-11-17|2025-11-18|2025-11-19|2025-11-20|2025-11-21|2025-11-22|2025-11-23|2025-11-24|2025-11-25|2025-11-26|2025-11-27|2025-11-28|2025-11-29|2025-11-30|2025-12-01|2025-12-02|2025-12-03|2025-12-04|2025-12-05|2025-12-06|2025-12-07|2025-12-08,0.06388493262913239,0.06088627491825667,0.062352274191709994,0.06478490278902768
2025-12-10,2,315,2025-01-29,2025-12-09,2025-01-29|2025-01-30|2025-01-31|2025-02-01|2025-02-02|2025-02-03|2025-02-04|2025-02-05|2025-02-06|2025-02-07|2025-02-08|2025-02-09|2025-02-10|2025-02-11|2025-02-12|2025-02-13|2025-02-14|2025-02-15|2025-02-16|2025-02-17|2025-02-18|2025-02-19|2025-02-20|2025-02-21|2025-02-22|2025-02-23|2025-02-24|2025-02-25|2025-02-26|2025-02-27|2025-02-28|2025-03-01|2025-03-02|2025-03-03|2025-03-04|2025-03-05|2025-03-06|2025-03-07|2025-03-08|2025-03-09|2025-03-10|2025-03-11|2025-03-12|2025-03-13|2025-03-14|2025-03-15|2025-03-16|2025-03-17|2025-03-18|2025-03-19|2025-03-20|2025-03-21|2025-03-22|2025-03-23|2025-03-24|2025-03-25|2025-03-26|2025-03-27|2025-03-28|2025-03-29|2025-03-30|2025-03-31|2025-04-01|2025-04-02|2025-04-03|2025-04-04|2025-04-05|2025-04-06|2025-04-07|2025-04-08|2025-04-09|2025-04-10|2025-04-11|2025-04-12|2025-04-13|2025-04-14|2025-04-15|2025-04-16|2025-04-17|2025-04-18|2025-04-19|2025-04-20|2025-04-21|2025-04-22|2025-04-23|2025-04-24|2025-04-25|2025-04-26|2025-04-27|2025-04-28|2025-04-29|2025-04-30|2025-05-01|2025-05-02|2025-05-03|2025-05-04|2025-05-05|2025-05-06|2025-05-07|2025-05-08|2025-05-09|2025-05-10|2025-05-11|2025-05-12|2025-05-13|2025-05-14|2025-05-15|2025-05-16|2025-05-17|2025-05-18|2025-05-19|2025-05-20|2025-05-21|2025-05-22|2025-05-23|2025-05-24|2025-05-25|2025-05-26|2025-05-27|2025-05-28|2025-05-29|2025-05-30|2025-05-31|2025-06-01|2025-06-02|2025-06-03|2025-06-04|2025-06-05|2025-06-06|2025-06-07|2025-06-08|2025-06-09|2025-06-10|2025-06-11|2025-06-12|2025-06-13|2025-06-14|2025-06-15|2025-06-16|2025-06-17|2025-06-18|2025-06-19|2025-06-20|2025-06-21|2025-06-22|2025-06-23|2025-06-24|2025-06-25|2025-06-26|2025-06-27|2025-06-28|2025-06-29|2025-06-30|2025-07-01|2025-07-02|2025-07-03|2025-07-04|2025-07-05|2025-07-06|2025-07-07|2025-07-08|2025-07-09|2025-07-10|2025-07-11|2025-07-12|2025-07-13|2025-07-14|2025-07-15|2025-07-16|2025-07-17|2025-07-18|2025-07-19|2025-07-20|2025-07-21|2025-07-22|2025-07-23|2025-07-24|2025-07-25|2025-07-26|2025-07-27|2025-07-28|2025-07-29|2025-07-30|2025-07-31|2025-08-01|2025-08-02|2025-08-03|2025-08-04|2025-08-05|2025-08-06|2025-08-07|2025-08-08|2025-08-09|2025-08-10|2025-08-11|2025-08-12|2025-08-13|2025-08-14|2025-08-15|2025-08-16|2025-08-17|2025-08-18|2025-08-19|2025-08-20|2025-08-21|2025-08-22|2025-08-23|2025-08-24|2025-08-25|2025-08-26|2025-08-27|2025-08-28|2025-08-29|2025-08-30|2025-08-31|2025-09-01|2025-09-02|2025-09-03|2025-09-04|2025-09-05|2025-09-06|2025-09-07|2025-09-08|2025-09-09|2025-09-10|2025-09-11|2025-09-12|2025-09-13|2025-09-14|2025-09-15|2025-09-16|2025-09-17|2025-09-18|2025-09-19|2025-09-20|2025-09-21|2025-09-22|2025-09-23|2025-09-24|2025-09-25|2025-09-26|2025-09-27|2025-09-28|2025-09-29|2025-09-30|2025-10-01|2025-10-02|2025-10-03|2025-10-04|2025-10-05|2025-10-06|2025-10-07|2025-10-08|2025-10-09|2025-10-10|2025-10-11|2025-10-12|2025-10-13|2025-10-14|2025-10-15|2025-10-16|2025-10-17|2025-10-18|2025-10-19|2025-10-20|2025-10-21|2025-10-22|2025-10-23|2025-10-24|2025-10-25|2025-10-26|2025-10-27|2025-10-28|2025-10-29|2025-10-30|2025-10-31|2025-11-01|2025-11-02|2025-11-03|2025-11-04|2025-11-05|2025-11-06|2025-11-07|2025-11-08|2025-11-09|2025-11-10|2025-11-11|2025-11-12|2025-11-13|2025-11-14|2025-11-15|2025-11-16|2025-11-17|2025-11-18|2025-11-19|2025-11-20|2025-11-21|2025-11-22|2025-11-23|2025-11-24|2025-11-25|2025-11-26|2025-11-27|2025-11-28|2025-11-29|2025-11-30|2025-12-01|2025-12-02|2025-12-03|2025-12-04|2025-12-05|2025-12-06|2025-12-07|2025-12-08|2025-12-09,0.06380533257604276,0.0608704624477639,0.062377757707926605,0.06483802799293702
2025-12-11,2,316,2025-01-29,2025-12-10,2025-01-29|2025-01-30|2025-01-31|2025-02-01|2025-02-02|2025-02-03|2025-02-04|2025-02-05|2025-02-06|2025-02-07|2025-02-08|2025-02-09|2025-02-10|2025-02-11|2025-02-12|2025-02-13|2025-02-14|2025-02-15|2025-02-16|2025-02-17|2025-02-18|2025-02-19|2025-02-20|2025-02-21|2025-02-22|2025-02-23|2025-02-24|2025-02-25|2025-02-26|2025-02-27|2025-02-28|2025-03-01|2025-03-02|2025-03-03|2025-03-04|2025-03-05|2025-03-06|2025-03-07|2025-03-08|2025-03-09|2025-03-10|2025-03-11|2025-03-12|2025-03-13|2025-03-14|2025-03-15|2025-03-16|2025-03-17|2025-03-18|2025-03-19|2025-03-20|2025-03-21|2025-03-22|2025-03-23|2025-03-24|2025-03-25|2025-03-26|2025-03-27|2025-03-28|2025-03-29|2025-03-30|2025-03-31|2025-04-01|2025-04-02|2025-04-03|2025-04-04|2025-04-05|2025-04-06|2025-04-07|2025-04-08|2025-04-09|2025-04-10|2025-04-11|2025-04-12|2025-04-13|2025-04-14|2025-04-15|2025-04-16|2025-04-17|2025-04-18|2025-04-19|2025-04-20|2025-04-21|2025-04-22|2025-04-23|2025-04-24|2025-04-25|2025-04-26|2025-04-27|2025-04-28|2025-04-29|2025-04-30|2025-05-01|2025-05-02|2025-05-03|2025-05-04|2025-05-05|2025-05-06|2025-05-07|2025-05-08|2025-05-09|2025-05-10|2025-05-11|2025-05-12|2025-05-13|2025-05-14|2025-05-15|2025-05-16|2025-05-17|2025-05-18|2025-05-19|2025-05-20|2025-05-21|2025-05-22|2025-05-23|2025-05-24|2025-05-25|2025-05-26|2025-05-27|2025-05-28|2025-05-29|2025-05-30|2025-05-31|2025-06-01|2025-06-02|2025-06-03|2025-06-04|2025-06-05|2025-06-06|2025-06-07|2025-06-08|2025-06-09|2025-06-10|2025-06-11|2025-06-12|2025-06-13|2025-06-14|2025-06-15|2025-06-16|2025-06-17|2025-06-18|2025-06-19|2025-06-20|2025-06-21|2025-06-22|2025-06-23|2025-06-24|2025-06-25|2025-06-26|2025-06-27|2025-06-28|2025-06-29|2025-06-30|2025-07-01|2025-07-02|2025-07-03|2025-07-04|2025-07-05|2025-07-06|2025-07-07|2025-07-08|2025-07-09|2025-07-10|2025-07-11|2025-07-12|2025-07-13|2025-07-14|2025-07-15|2025-07-16|2025-07-17|2025-07-18|2025-07-19|2025-07-20|2025-07-21|2025-07-22|2025-07-23|2025-07-24|2025-07-25|2025-07-26|2025-07-27|2025-07-28|2025-07-29|2025-07-30|2025-07-31|2025-08-01|2025-08-02|2025-08-03|2025-08-04|2025-08-05|2025-08-06|2025-08-07|2025-08-08|2025-08-09|2025-08-10|2025-08-11|2025-08-12|2025-08-13|2025-08-14|2025-08-15|2025-08-16|2025-08-17|2025-08-18|2025-08-19|2025-08-20|2025-08-21|2025-08-22|2025-08-23|2025-08-24|2025-08-25|2025-08-26|2025-08-27|2025-08-28|2025-08-29|2025-08-30|2025-08-31|2025-09-01|2025-09-02|2025-09-03|2025-09-04|2025-09-05|2025-09-06|2025-09-07|2025-09-08|2025-09-09|2025-09-10|2025-09-11|2025-09-12|2025-09-13|2025-09-14|2025-09-15|2025-09-16|2025-09-17|2025-09-18|2025-09-19|2025-09-20|2025-09-21|2025-09-22|2025-09-23|2025-09-24|2025-09-25|2025-09-26|2025-09-27|2025-09-28|2025-09-29|2025-09-30|2025-10-01|2025-10-02|2025-10-03|2025-10-04|2025-10-05|2025-10-06|2025-10-07|2025-10-08|2025-10-09|2025-10-10|2025-10-11|2025-10-12|2025-10-13|2025-10-14|2025-10-15|2025-10-16|2025-10-17|2025-10-18|2025-10-19|2025-10-20|2025-10-21|2025-10-22|2025-10-23|2025-10-24|2025-10-25|2025-10-26|2025-10-27|2025-10-28|2025-10-29|2025-10-30|2025-10-31|2025-11-01|2025-11-02|2025-11-03|2025-11-04|2025-11-05|2025-11-06|2025-11-07|2025-11-08|2025-11-09|2025-11-10|2025-11-11|2025-11-12|2025-11-13|2025-11-14|2025-11-15|2025-11-16|2025-11-17|2025-11-18|2025-11-19|2025-11-20|2025-11-21|2025-11-22|2025-11-23|2025-11-24|2025-11-25|2025-11-26|2025-11-27|2025-11-28|2025-11-29|2025-11-30|2025-12-01|2025-12-02|2025-12-03|2025-12-04|2025-12-05|2025-12-06|2025-12-07|2025-12-08|2025-12-09|2025-12-10,0.06369964764807731,0.06087288756648843,0.062429753561505506,0.06492078003577628
2025-12-12,2,317,2025-01-29,2025-12-11,2025-01-29|2025-01-30|2025-01-31|2025-02-01|2025-02-02|2025-02-03|2025-02-04|2025-02-05|2025-02-06|2025-02-07|2025-02-08|2025-02-09|2025-02-10|2025-02-11|2025-02-12|2025-02-13|2025-02-14|2025-02-15|2025-02-16|2025-02-17|2025-02-18|2025-02-19|2025-02-20|2025-02-21|2025-02-22|2025-02-23|2025-02-24|2025-02-25|2025-02-26|2025-02-27|2025-02-28|2025-03-01|2025-03-02|2025-03-03|2025-03-04|2025-03-05|2025-03-06|2025-03-07|2025-03-08|2025-03-09|2025-03-10|2025-03-11|2025-03-12|2025-03-13|2025-03-14|2025-03-15|2025-03-16|2025-03-17|2025-03-18|2025-03-19|2025-03-20|2025-03-21|2025-03-22|2025-03-23|2025-03-24|2025-03-25|2025-03-26|2025-03-27|2025-03-28|2025-03-29|2025-03-30|2025-03-31|2025-04-01|2025-04-02|2025-04-03|2025-04-04|2025-04-05|2025-04-06|2025-04-07|2025-04-08|2025-04-09|2025-04-10|2025-04-11|2025-04-12|2025-04-13|2025-04-14|2025-04-15|2025-04-16|2025-04-17|2025-04-18|2025-04-19|2025-04-20|2025-04-21|2025-04-22|2025-04-23|2025-04-24|2025-04-25|2025-04-26|2025-04-27|2025-04-28|2025-04-29|2025-04-30|2025-05-01|2025-05-02|2025-05-03|2025-05-04|2025-05-05|2025-05-06|2025-05-07|2025-05-08|2025-05-09|2025-05-10|2025-05-11|2025-05-12|2025-05-13|2025-05-14|2025-05-15|2025-05-16|2025-05-17|2025-05-18|2025-05-19|2025-05-20|2025-05-21|2025-05-22|2025-05-23|2025-05-24|2025-05-25|2025-05-26|2025-05-27|2025-05-28|2025-05-29|2025-05-30|2025-05-31|2025-06-01|2025-06-02|2025-06-03|2025-06-04|2025-06-05|2025-06-06|2025-06-07|2025-06-08|2025-06-09|2025-06-10|2025-06-11|2025-06-12|2025-06-13|2025-06-14|2025-06-15|2025-06-16|2025-06-17|2025-06-18|2025-06-19|2025-06-20|2025-06-21|2025-06-22|2025-06-23|2025-06-24|2025-06-25|2025-06-26|2025-06-27|2025-06-28|2025-06-29|2025-06-30|2025-07-01|2025-07-02|2025-07-03|2025-07-04|2025-07-05|2025-07-06|2025-07-07|2025-07-08|2025-07-09|2025-07-10|2025-07-11|2025-07-12|2025-07-13|2025-07-14|2025-07-15|2025-07-16|2025-07-17|2025-07-18|2025-07-19|2025-07-20|2025-07-21|2025-07-22|2025-07-23|2025-07-24|2025-07-25|2025-07-26|2025-07-27|2025-07-28|2025-07-29|2025-07-30|2025-07-31|2025-08-01|2025-08-02|2025-08-03|2025-08-04|2025-08-05|2025-08-06|2025-08-07|2025-08-08|2025-08-09|2025-08-10|2025-08-11|2025-08-12|2025-08-13|2025-08-14|2025-08-15|2025-08-16|2025-08-17|2025-08-18|2025-08-19|2025-08-20|2025-08-21|2025-08-22|2025-08-23|2025-08-24|2025-08-25|2025-08-26|2025-08-27|2025-08-28|2025-08-29|2025-08-30|2025-08-31|2025-09-01|2025-09-02|2025-09-03|2025-09-04|2025-09-05|2025-09-06|2025-09-07|2025-09-08|2025-09-09|2025-09-10|2025-09-11|2025-09-12|2025-09-13|2025-09-14|2025-09-15|2025-09-16|2025-09-17|2025-09-18|2025-09-19|2025-09-20|2025-09-21|2025-09-22|2025-09-23|2025-09-24|2025-09-25|2025-09-26|2025-09-27|2025-09-28|2025-09-29|2025-09-30|2025-10-01|2025-10-02|2025-10-03|2025-10-04|2025-10-05|2025-10-06|2025-10-07|2025-10-08|2025-10-09|2025-10-10|2025-10-11|2025-10-12|2025-10-13|2025-10-14|2025-10-15|2025-10-16|2025-10-17|2025-10-18|2025-10-19|2025-10-20|2025-10-21|2025-10-22|2025-10-23|2025-10-24|2025-10-25|2025-10-26|2025-10-27|2025-10-28|2025-10-29|2025-10-30|2025-10-31|2025-11-01|2025-11-02|2025-11-03|2025-11-04|2025-11-05|2025-11-06|2025-11-07|2025-11-08|2025-11-09|2025-11-10|2025-11-11|2025-11-12|2025-11-13|2025-11-14|2025-11-15|2025-11-16|2025-11-17|2025-11-18|2025-11-19|2025-11-20|2025-11-21|2025-11-22|2025-11-23|2025-11-24|2025-11-25|2025-11-26|2025-11-27|2025-11-28|2025-11-29|2025-11-30|2025-12-01|2025-12-02|2025-12-03|2025-12-04|2025-12-05|2025-12-06|2025-12-07|2025-12-08|2025-12-09|2025-12-10|2025-12-11,0.06359613929121899,0.060839306739704134,0.06243980138335276,0.06495247998802925
2025-12-13,2,318,2025-01-29,2025-12-12,2025-01-29|2025-01-30|2025-01-31|2025-02-01|2025-02-02|2025-02-03|2025-02-04|2025-02-05|2025-02-06|2025-02-07|2025-02-08|2025-02-09|2025-02-10|2025-02-11|2025-02-12|2025-02-13|2025-02-14|2025-02-15|2025-02-16|2025-02-17|2025-02-18|2025-02-19|2025-02-20|2025-02-21|2025-02-22|2025-02-23|2025-02-24|2025-02-25|2025-02-26|2025-02-27|2025-02-28|2025-03-01|2025-03-02|2025-03-03|2025-03-04|2025-03-05|2025-03-06|2025-03-07|2025-03-08|2025-03-09|2025-03-10|2025-03-11|2025-03-12|2025-03-13|2025-03-14|2025-03-15|2025-03-16|2025-03-17|2025-03-18|2025-03-19|2025-03-20|2025-03-21|2025-03-22|2025-03-23|2025-03-24|2025-03-25|2025-03-26|2025-03-27|2025-03-28|2025-03-29|2025-03-30|2025-03-31|2025-04-01|2025-04-02|2025-04-03|2025-04-04|2025-04-05|2025-04-06|2025-04-07|2025-04-08|2025-04-09|2025-04-10|2025-04-11|2025-04-12|2025-04-13|2025-04-14|2025-04-15|2025-04-16|2025-04-17|2025-04-18|2025-04-19|2025-04-20|2025-04-21|2025-04-22|2025-04-23|2025-04-24|2025-04-25|2025-04-26|2025-04-27|2025-04-28|2025-04-29|2025-04-30|2025-05-01|2025-05-02|2025-05-03|2025-05-04|2025-05-05|2025-05-06|2025-05-07|2025-05-08|2025-05-09|2025-05-10|2025-05-11|2025-05-12|2025-05-13|2025-05-14|2025-05-15|2025-05-16|2025-05-17|2025-05-18|2025-05-19|2025-05-20|2025-05-21|2025-05-22|2025-05-23|2025-05-24|2025-05-25|2025-05-26|2025-05-27|2025-05-28|2025-05-29|2025-05-30|2025-05-31|2025-06-01|2025-06-02|2025-06-03|2025-06-04|2025-06-05|2025-06-06|2025-06-07|2025-06-08|2025-06-09|2025-06-10|2025-06-11|2025-06-12|2025-06-13|2025-06-14|2025-06-15|2025-06-16|2025-06-17|2025-06-18|2025-06-19|2025-06-20|2025-06-21|2025-06-22|2025-06-23|2025-06-24|2025-06-25|2025-06-26|2025-06-27|2025-06-28|2025-06-29|2025-06-30|2025-07-01|2025-07-02|2025-07-03|2025-07-04|2025-07-05|2025-07-06|2025-07-07|2025-07-08|2025-07-09|2025-07-10|2025-07-11|2025-07-12|2025-07-13|2025-07-14|2025-07-15|2025-07-16|2025-07-17|2025-07-18|2025-07-19|2025-07-20|2025-07-21|2025-07-22|2025-07-23|2025-07-24|2025-07-25|2025-07-26|2025-07-27|2025-07-28|2025-07-29|2025-07-30|2025-07-31|2025-08-01|2025-08-02|2025-08-03|2025-08-04|2025-08-05|2025-08-06|2025-08-07|2025-08-08|2025-08-09|2025-08-10|2025-08-11|2025-08-12|2025-08-13|2025-08-14|2025-08-15|2025-08-16|2025-08-17|2025-08-18|2025-08-19|2025-08-20|2025-08-21|2025-08-22|2025-08-23|2025-08-24|2025-08-25|2025-08-26|2025-08-27|2025-08-28|2025-08-29|2025-08-30|2025-08-31|2025-09-01|2025-09-02|2025-09-03|2025-09-04|2025-09-05|2025-09-06|2025-09-07|2025-09-08|2025-09-09|2025-09-10|2025-09-11|2025-09-12|2025-09-13|2025-09-14|2025-09-15|2025-09-16|2025-09-17|2025-09-18|2025-09-19|2025-09-20|2025-09-21|2025-09-22|2025-09-23|2025-09-24|2025-09-25|2025-09-26|2025-09-27|2025-09-28|2025-09-29|2025-09-30|2025-10-01|2025-10-02|2025-10-03|2025-10-04|2025-10-05|2025-10-06|2025-10-07|2025-10-08|2025-10-09|2025-10-10|2025-10-11|2025-10-12|2025-10-13|2025-10-14|2025-10-15|2025-10-16|2025-10-17|2025-10-18|2025-10-19|2025-10-20|2025-10-21|2025-10-22|2025-10-23|2025-10-24|2025-10-25|2025-10-26|2025-10-27|2025-10-28|2025-10-29|2025-10-30|2025-10-31|2025-11-01|2025-11-02|2025-11-03|2025-11-04|2025-11-05|2025-11-06|2025-11-07|2025-11-08|2025-11-09|2025-11-10|2025-11-11|2025-11-12|2025-11-13|2025-11-14|2025-11-15|2025-11-16|2025-11-17|2025-11-18|2025-11-19|2025-11-20|2025-11-21|2025-11-22|2025-11-23|2025-11-24|2025-11-25|2025-11-26|2025-11-27|2025-11-28|2025-11-29|2025-11-30|2025-12-01|2025-12-02|2025-12-03|2025-12-04|2025-12-05|2025-12-06|2025-12-07|2025-12-08|2025-12-09|2025-12-10|2025-12-11|2025-12-12,0.06357820928251962,0.06091040574761882,0.06255977716389881,0.06509281495895902
2025-12-14,2,319,2025-01-29,2025-12-13,2025-01-29|2025-01-30|2025-01-31|2025-02-01|2025-02-02|2025-02-03|2025-02-04|2025-02-05|2025-02-06|2025-02-07|2025-02-08|2025-02-09|2025-02-10|2025-02-11|2025-02-12|2025-02-13|2025-02-14|2025-02-15|2025-02-16|2025-02-17|2025-02-18|2025-02-19|2025-02-20|2025-02-21|2025-02-22|2025-02-23|2025-02-24|2025-02-25|2025-02-26|2025-02-27|2025-02-28|2025-03-01|2025-03-02|2025-03-03|2025-03-04|2025-03-05|2025-03-06|2025-03-07|2025-03-08|2025-03-09|2025-03-10|2025-03-11|2025-03-12|2025-03-13|2025-03-14|2025-03-15|2025-03-16|2025-03-17|2025-03-18|2025-03-19|2025-03-20|2025-03-21|2025-03-22|2025-03-23|2025-03-24|2025-03-25|2025-03-26|2025-03-27|2025-03-28|2025-03-29|2025-03-30|2025-03-31|2025-04-01|2025-04-02|2025-04-03|2025-04-04|2025-04-05|2025-04-06|2025-04-07|2025-04-08|2025-04-09|2025-04-10|2025-04-11|2025-04-12|2025-04-13|2025-04-14|2025-04-15|2025-04-16|2025-04-17|2025-04-18|2025-04-19|2025-04-20|2025-04-21|2025-04-22|2025-04-23|2025-04-24|2025-04-25|2025-04-26|2025-04-27|2025-04-28|2025-04-29|2025-04-30|2025-05-01|2025-05-02|2025-05-03|2025-05-04|2025-05-05|2025-05-06|2025-05-07|2025-05-08|2025-05-09|2025-05-10|2025-05-11|2025-05-12|2025-05-13|2025-05-14|2025-05-15|2025-05-16|2025-05-17|2025-05-18|2025-05-19|2025-05-20|2025-05-21|2025-05-22|2025-05-23|2025-05-24|2025-05-25|2025-05-26|2025-05-27|2025-05-28|2025-05-29|2025-05-30|2025-05-31|2025-06-01|2025-06-02|2025-06-03|2025-06-04|2025-06-05|2025-06-06|2025-06-07|2025-06-08|2025-06-09|2025-06-10|2025-06-11|2025-06-12|2025-06-13|2025-06-14|2025-06-15|2025-06-16|2025-06-17|2025-06-18|2025-06-19|2025-06-20|2025-06-21|2025-06-22|2025-06-23|2025-06-24|2025-06-25|2025-06-26|2025-06-27|2025-06-28|2025-06-29|2025-06-30|2025-07-01|2025-07-02|2025-07-03|2025-07-04|2025-07-05|2025-07-06|2025-07-07|2025-07-08|2025-07-09|2025-07-10|2025-07-11|2025-07-12|2025-07-13|2025-07-14|2025-07-15|2025-07-16|2025-07-17|2025-07-18|2025-07-19|2025-07-20|2025-07-21|2025-07-22|2025-07-23|2025-07-24|2025-07-25|2025-07-26|2025-07-27|2025-07-28|2025-07-29|2025-07-30|2025-07-31|2025-08-01|2025-08-02|2025-08-03|2025-08-04|2025-08-05|2025-08-06|2025-08-07|2025-08-08|2025-08-09|2025-08-10|2025-08-11|2025-08-12|2025-08-13|2025-08-14|2025-08-15|2025-08-16|2025-08-17|2025-08-18|2025-08-19|2025-08-20|2025-08-21|2025-08-22|2025-08-23|2025-08-24|2025-08-25|2025-08-26|2025-08-27|2025-08-28|2025-08-29|2025-08-30|2025-08-31|2025-09-01|2025-09-02|2025-09-03|2025-09-04|2025-09-05|2025-09-06|2025-09-07|2025-09-08|2025-09-09|2025-09-10|2025-09-11|2025-09-12|2025-09-13|2025-09-14|2025-09-15|2025-09-16|2025-09-17|2025-09-18|2025-09-19|2025-09-20|2025-09-21|2025-09-22|2025-09-23|2025-09-24|2025-09-25|2025-09-26|2025-09-27|2025-09-28|2025-09-29|2025-09-30|2025-10-01|2025-10-02|2025-10-03|2025-10-04|2025-10-05|2025-10-06|2025-10-07|2025-10-08|2025-10-09|2025-10-10|2025-10-11|2025-10-12|2025-10-13|2025-10-14|2025-10-15|2025-10-16|2025-10-17|2025-10-18|2025-10-19|2025-10-20|2025-10-21|2025-10-22|2025-10-23|2025-10-24|2025-10-25|2025-10-26|2025-10-27|2025-10-28|2025-10-29|2025-10-30|2025-10-31|2025-11-01|2025-11-02|2025-11-03|2025-11-04|2025-11-05|2025-11-06|2025-11-07|2025-11-08|2025-11-09|2025-11-10|2025-11-11|2025-11-12|2025-11-13|2025-11-14|2025-11-15|2025-11-16|2025-11-17|2025-11-18|2025-11-19|2025-11-20|2025-11-21|2025-11-22|2025-11-23|2025-11-24|2025-11-25|2025-11-26|2025-11-27|2025-11-28|2025-11-29|2025-11-30|2025-12-01|2025-12-02|2025-12-03|2025-12-04|2025-12-05|2025-12-06|2025-12-07|2025-12-08|2025-12-09|2025-12-10|2025-12-11|2025-12-12|2025-12-13,0.06352708491167318,0.060927505266448835,0.06262817843402713,0.06519619453589738
2025-12-15,2,320,2025-01-29,2025-12-14,2025-01-29|2025-01-30|2025-01-31|2025-02-01|2025-02-02|2025-02-03|2025-02-04|2025-02-05|2025-02-06|2025-02-07|2025-02-08|2025-02-09|2025-02-10|2025-02-11|2025-02-12|2025-02-13|2025-02-14|2025-02-15|2025-02-16|2025-02-17|2025-02-18|2025-02-19|2025-02-20|2025-02-21|2025-02-22|2025-02-23|2025-02-24|2025-02-25|2025-02-26|2025-02-27|2025-02-28|2025-03-01|2025-03-02|2025-03-03|2025-03-04|2025-03-05|2025-03-06|2025-03-07|2025-03-08|2025-03-09|2025-03-10|2025-03-11|2025-03-12|2025-03-13|2025-03-14|2025-03-15|2025-03-16|2025-03-17|2025-03-18|2025-03-19|2025-03-20|2025-03-21|2025-03-22|2025-03-23|2025-03-24|2025-03-25|2025-03-26|2025-03-27|2025-03-28|2025-03-29|2025-03-30|2025-03-31|2025-04-01|2025-04-02|2025-04-03|2025-04-04|2025-04-05|2025-04-06|2025-04-07|2025-04-08|2025-04-09|2025-04-10|2025-04-11|2025-04-12|2025-04-13|2025-04-14|2025-04-15|2025-04-16|2025-04-17|2025-04-18|2025-04-19|2025-04-20|2025-04-21|2025-04-22|2025-04-23|2025-04-24|2025-04-25|2025-04-26|2025-04-27|2025-04-28|2025-04-29|2025-04-30|2025-05-01|2025-05-02|2025-05-03|2025-05-04|2025-05-05|2025-05-06|2025-05-07|2025-05-08|2025-05-09|2025-05-10|2025-05-11|2025-05-12|2025-05-13|2025-05-14|2025-05-15|2025-05-16|2025-05-17|2025-05-18|2025-05-19|2025-05-20|2025-05-21|2025-05-22|2025-05-23|2025-05-24|2025-05-25|2025-05-26|2025-05-27|2025-05-28|2025-05-29|2025-05-30|2025-05-31|2025-06-01|2025-06-02|2025-06-03|2025-06-04|2025-06-05|2025-06-06|2025-06-07|2025-06-08|2025-06-09|2025-06-10|2025-06-11|2025-06-12|2025-06-13|2025-06-14|2025-06-15|2025-06-16|2025-06-17|2025-06-18|2025-06-19|2025-06-20|2025-06-21|2025-06-22|2025-06-23|2025-06-24|2025-06-25|2025-06-26|2025-06-27|2025-06-28|2025-06-29|2025-06-30|2025-07-01|2025-07-02|2025-07-03|2025-07-04|2025-07-05|2025-07-06|2025-07-07|2025-07-08|2025-07-09|2025-07-10|2025-07-11|2025-07-12|2025-07-13|2025-07-14|2025-07-15|2025-07-16|2025-07-17|2025-07-18|2025-07-19|2025-07-20|2025-07-21|2025-07-22|2025-07-23|2025-07-24|2025-07-25|2025-07-26|2025-07-27|2025-07-28|2025-07-29|2025-07-30|2025-07-31|2025-08-01|2025-08-02|2025-08-03|2025-08-04|2025-08-05|2025-08-06|2025-08-07|2025-08-08|2025-08-09|2025-08-10|2025-08-11|2025-08-12|2025-08-13|2025-08-14|2025-08-15|2025-08-16|2025-08-17|2025-08-18|2025-08-19|2025-08-20|2025-08-21|2025-08-22|2025-08-23|2025-08-24|2025-08-25|2025-08-26|2025-08-27|2025-08-28|2025-08-29|2025-08-30|2025-08-31|2025-09-01|2025-09-02|2025-09-03|2025-09-04|2025-09-05|2025-09-06|2025-09-07|2025-09-08|2025-09-09|2025-09-10|2025-09-11|2025-09-12|2025-09-13|2025-09-14|2025-09-15|2025-09-16|2025-09-17|2025-09-18|2025-09-19|2025-09-20|2025-09-21|2025-09-22|2025-09-23|2025-09-24|2025-09-25|2025-09-26|2025-09-27|2025-09-28|2025-09-29|2025-09-30|2025-10-01|2025-10-02|2025-10-03|2025-10-04|2025-10-05|2025-10-06|2025-10-07|2025-10-08|2025-10-09|2025-10-10|2025-10-11|2025-10-12|2025-10-13|2025-10-14|2025-10-15|2025-10-16|2025-10-17|2025-10-18|2025-10-19|2025-10-20|2025-10-21|2025-10-22|2025-10-23|2025-10-24|2025-10-25|2025-10-26|2025-10-27|2025-10-28|2025-10-29|2025-10-30|2025-10-31|2025-11-01|2025-11-02|2025-11-03|2025-11-04|2025-11-05|2025-11-06|2025-11-07|2025-11-08|2025-11-09|2025-11-10|2025-11-11|2025-11-12|2025-11-13|2025-11-14|2025-11-15|2025-11-16|2025-11-17|2025-11-18|2025-11-19|2025-11-20|2025-11-21|2025-11-22|2025-11-23|2025-11-24|2025-11-25|2025-11-26|2025-11-27|2025-11-28|2025-11-29|2025-11-30|2025-12-01|2025-12-02|2025-12-03|2025-12-04|2025-12-05|2025-12-06|2025-12-07|2025-12-08|2025-12-09|2025-12-10|2025-12-11|2025-12-12|2025-12-13|2025-12-14,0.0634487284896893,0.060924419580269805,0.06267178519829779,0.06526425594117027
2025-12-16,2,321,2025-01-29,2025-12-15,2025-01-29|2025-01-30|2025-01-31|2025-02-01|2025-02-02|2025-02-03|2025-02-04|2025-02-05|2025-02-06|2025-02-07|2025-02-08|2025-02-09|2025-02-10|2025-02-11|2025-02-12|2025-02-13|2025-02-14|2025-02-15|2025-02-16|2025-02-17|2025-02-18|2025-02-19|2025-02-20|2025-02-21|2025-02-22|2025-02-23|2025-02-24|2025-02-25|2025-02-26|2025-02-27|2025-02-28|2025-03-01|2025-03-02|2025-03-03|2025-03-04|2025-03-05|2025-03-06|2025-03-07|2025-03-08|2025-03-09|2025-03-10|2025-03-11|2025-03-12|2025-03-13|2025-03-14|2025-03-15|2025-03-16|2025-03-17|2025-03-18|2025-03-19|2025-03-20|2025-03-21|2025-03-22|2025-03-23|2025-03-24|2025-03-25|2025-03-26|2025-03-27|2025-03-28|2025-03-29|2025-03-30|2025-03-31|2025-04-01|2025-04-02|2025-04-03|2025-04-04|2025-04-05|2025-04-06|2025-04-07|2025-04-08|2025-04-09|2025-04-10|2025-04-11|2025-04-12|2025-04-13|2025-04-14|2025-04-15|2025-04-16|2025-04-17|2025-04-18|2025-04-19|2025-04-20|2025-04-21|2025-04-22|2025-04-23|2025-04-24|2025-04-25|2025-04-26|2025-04-27|2025-04-28|2025-04-29|2025-04-30|2025-05-01|2025-05-02|2025-05-03|2025-05-04|2025-05-05|2025-05-06|2025-05-07|2025-05-08|2025-05-09|2025-05-10|2025-05-11|2025-05-12|2025-05-13|2025-05-14|2025-05-15|2025-05-16|2025-05-17|2025-05-18|2025-05-19|2025-05-20|2025-05-21|2025-05-22|2025-05-23|2025-05-24|2025-05-25|2025-05-26|2025-05-27|2025-05-28|2025-05-29|2025-05-30|2025-05-31|2025-06-01|2025-06-02|2025-06-03|2025-06-04|2025-06-05|2025-06-06|2025-06-07|2025-06-08|2025-06-09|2025-06-10|2025-06-11|2025-06-12|2025-06-13|2025-06-14|2025-06-15|2025-06-16|2025-06-17|2025-06-18|2025-06-19|2025-06-20|2025-06-21|2025-06-22|2025-06-23|2025-06-24|2025-06-25|2025-06-26|2025-06-27|2025-06-28|2025-06-29|2025-06-30|2025-07-01|2025-07-02|2025-07-03|2025-07-04|2025-07-05|2025-07-06|2025-07-07|2025-07-08|2025-07-09|2025-07-10|2025-07-11|2025-07-12|2025-07-13|2025-07-14|2025-07-15|2025-07-16|2025-07-17|2025-07-18|2025-07-19|2025-07-20|2025-07-21|2025-07-22|2025-07-23|2025-07-24|2025-07-25|2025-07-26|2025-07-27|2025-07-28|2025-07-29|2025-07-30|2025-07-31|2025-08-01|2025-08-02|2025-08-03|2025-08-04|2025-08-05|2025-08-06|2025-08-07|2025-08-08|2025-08-09|2025-08-10|2025-08-11|2025-08-12|2025-08-13|2025-08-14|2025-08-15|2025-08-16|2025-08-17|2025-08-18|2025-08-19|2025-08-20|2025-08-21|2025-08-22|2025-08-23|2025-08-24|2025-08-25|2025-08-26|2025-08-27|2025-08-28|2025-08-29|2025-08-30|2025-08-31|2025-09-01|2025-09-02|2025-09-03|2025-09-04|2025-09-05|2025-09-06|2025-09-07|2025-09-08|2025-09-09|2025-09-10|2025-09-11|2025-09-12|2025-09-13|2025-09-14|2025-09-15|2025-09-16|2025-09-17|2025-09-18|2025-09-19|2025-09-20|2025-09-21|2025-09-22|2025-09-23|2025-09-24|2025-09-25|2025-09-26|2025-09-27|2025-09-28|2025-09-29|2025-09-30|2025-10-01|2025-10-02|2025-10-03|2025-10-04|2025-10-05|2025-10-06|2025-10-07|2025-10-08|2025-10-09|2025-10-10|2025-10-11|2025-10-12|2025-10-13|2025-10-14|2025-10-15|2025-10-16|2025-10-17|2025-10-18|2025-10-19|2025-10-20|2025-10-21|2025-10-22|2025-10-23|2025-10-24|2025-10-25|2025-10-26|2025-10-27|2025-10-28|2025-10-29|2025-10-30|2025-10-31|2025-11-01|2025-11-02|2025-11-03|2025-11-04|2025-11-05|2025-11-06|2025-11-07|2025-11-08|2025-11-09|2025-11-10|2025-11-11|2025-11-12|2025-11-13|2025-11-14|2025-11-15|2025-11-16|2025-11-17|2025-11-18|2025-11-19|2025-11-20|2025-11-21|2025-11-22|2025-11-23|2025-11-24|2025-11-25|2025-11-26|2025-11-27|2025-11-28|2025-11-29|2025-11-30|2025-12-01|2025-12-02|2025-12-03|2025-12-04|2025-12-05|2025-12-06|2025-12-07|2025-12-08|2025-12-09|2025-12-10|2025-12-11|2025-12-12|2025-12-13|2025-12-14|2025-12-15,0.06336861500107517,0.060832926101546426,0.0626371152105408,0.0652728962738872
2025-12-17,2,322,2025-01-29,2025-12-16,2025-01-29|2025-01-30|2025-01-31|2025-02-01|2025-02-02|2025-02-03|2025-02-04|2025-02-05|2025-02-06|2025-02-07|2025-02-08|2025-02-09|2025-02-10|2025-02-11|2025-02-12|2025-02-13|2025-02-14|2025-02-15|2025-02-16|2025-02-17|2025-02-18|2025-02-19|2025-02-20|2025-02-21|2025-02-22|2025-02-23|2025-02-24|2025-02-25|2025-02-26|2025-02-27|2025-02-28|2025-03-01|2025-03-02|2025-03-03|2025-03-04|2025-03-05|2025-03-06|2025-03-07|2025-03-08|2025-03-09|2025-03-10|2025-03-11|2025-03-12|2025-03-13|2025-03-14|2025-03-15|2025-03-16|2025-03-17|2025-03-18|2025-03-19|2025-03-20|2025-03-21|2025-03-22|2025-03-23|2025-03-24|2025-03-25|2025-03-26|2025-03-27|2025-03-28|2025-03-29|2025-03-30|2025-03-31|2025-04-01|2025-04-02|2025-04-03|2025-04-04|2025-04-05|2025-04-06|2025-04-07|2025-04-08|2025-04-09|2025-04-10|2025-04-11|2025-04-12|2025-04-13|2025-04-14|2025-04-15|2025-04-16|2025-04-17|2025-04-18|2025-04-19|2025-04-20|2025-04-21|2025-04-22|2025-04-23|2025-04-24|2025-04-25|2025-04-26|2025-04-27|2025-04-28|2025-04-29|2025-04-30|2025-05-01|2025-05-02|2025-05-03|2025-05-04|2025-05-05|2025-05-06|2025-05-07|2025-05-08|2025-05-09|2025-05-10|2025-05-11|2025-05-12|2025-05-13|2025-05-14|2025-05-15|2025-05-16|2025-05-17|2025-05-18|2025-05-19|2025-05-20|2025-05-21|2025-05-22|2025-05-23|2025-05-24|2025-05-25|2025-05-26|2025-05-27|2025-05-28|2025-05-29|2025-05-30|2025-05-31|2025-06-01|2025-06-02|2025-06-03|2025-06-04|2025-06-05|2025-06-06|2025-06-07|2025-06-08|2025-06-09|2025-06-10|2025-06-11|2025-06-12|2025-06-13|2025-06-14|2025-06-15|2025-06-16|2025-06-17|2025-06-18|2025-06-19|2025-06-20|2025-06-21|2025-06-22|2025-06-23|2025-06-24|2025-06-25|2025-06-26|2025-06-27|2025-06-28|2025-06-29|2025-06-30|2025-07-01|2025-07-02|2025-07-03|2025-07-04|2025-07-05|2025-07-06|2025-07-07|2025-07-08|2025-07-09|2025-07-10|2025-07-11|2025-07-12|2025-07-13|2025-07-14|2025-07-15|2025-07-16|2025-07-17|2025-07-18|2025-07-19|2025-07-20|2025-07-21|2025-07-22|2025-07-23|2025-07-24|2025-07-25|2025-07-26|2025-07-27|2025-07-28|2025-07-29|2025-07-30|2025-07-31|2025-08-01|2025-08-02|2025-08-03|2025-08-04|2025-08-05|2025-08-06|2025-08-07|2025-08-08|2025-08-09|2025-08-10|2025-08-11|2025-08-12|2025-08-13|2025-08-14|2025-08-15|2025-08-16|2025-08-17|2025-08-18|2025-08-19|2025-08-20|2025-08-21|2025-08-22|2025-08-23|2025-08-24|2025-08-25|2025-08-26|2025-08-27|2025-08-28|2025-08-29|2025-08-30|2025-08-31|2025-09-01|2025-09-02|2025-09-03|2025-09-04|2025-09-05|2025-09-06|2025-09-07|2025-09-08|2025-09-09|2025-09-10|2025-09-11|2025-09-12|2025-09-13|2025-09-14|2025-09-15|2025-09-16|2025-09-17|2025-09-18|2025-09-19|2025-09-20|2025-09-21|2025-09-22|2025-09-23|2025-09-24|2025-09-25|2025-09-26|2025-09-27|2025-09-28|2025-09-29|2025-09-30|2025-10-01|2025-10-02|2025-10-03|2025-10-04|2025-10-05|2025-10-06|2025-10-07|2025-10-08|2025-10-09|2025-10-10|2025-10-11|2025-10-12|2025-10-13|2025-10-14|2025-10-15|2025-10-16|2025-10-17|2025-10-18|2025-10-19|2025-10-20|2025-10-21|2025-10-22|2025-10-23|2025-10-24|2025-10-25|2025-10-26|2025-10-27|2025-10-28|2025-10-29|2025-10-30|2025-10-31|2025-11-01|2025-11-02|2025-11-03|2025-11-04|2025-11-05|2025-11-06|2025-11-07|2025-11-08|2025-11-09|2025-11-10|2025-11-11|2025-11-12|2025-11-13|2025-11-14|2025-11-15|2025-11-16|2025-11-17|2025-11-18|2025-11-19|2025-11-20|2025-11-21|2025-11-22|2025-11-23|2025-11-24|2025-11-25|2025-11-26|2025-11-27|2025-11-28|2025-11-29|2025-11-30|2025-12-01|2025-12-02|2025-12-03|2025-12-04|2025-12-05|2025-12-06|2025-12-07|2025-12-08|2025-12-09|2025-12-10|2025-12-11|2025-12-12|2025-12-13|2025-12-14|2025-12-15|2025-12-16,0.06326032973388555,0.060712649864041526,0.0625663016966115,0.06524377175603181
2025-12-18,2,323,2025-01-29,2025-12-17,2025-01-29|2025-01-30|2025-01-31|2025-02-01|2025-02-02|2025-02-03|2025-02-04|2025-02-05|2025-02-06|2025-02-07|2025-02-08|2025-02-09|2025-02-10|2025-02-11|2025-02-12|2025-02-13|2025-02-14|2025-02-15|2025-02-16|2025-02-17|2025-02-18|2025-02-19|2025-02-20|2025-02-21|2025-02-22|2025-02-23|2025-02-24|2025-02-25|2025-02-26|2025-02-27|2025-02-28|2025-03-01|2025-03-02|2025-03-03|2025-03-04|2025-03-05|2025-03-06|2025-03-07|2025-03-08|2025-03-09|2025-03-10|2025-03-11|2025-03-12|2025-03-13|2025-03-14|2025-03-15|2025-03-16|2025-03-17|2025-03-18|2025-03-19|2025-03-20|2025-03-21|2025-03-22|2025-03-23|2025-03-24|2025-03-25|2025-03-26|2025-03-27|2025-03-28|2025-03-29|2025-03-30|2025-03-31|2025-04-01|2025-04-02|2025-04-03|2025-04-04|2025-04-05|2025-04-06|2025-04-07|2025-04-08|2025-04-09|2025-04-10|2025-04-11|2025-04-12|2025-04-13|2025-04-14|2025-04-15|2025-04-16|2025-04-17|2025-04-18|2025-04-19|2025-04-20|2025-04-21|2025-04-22|2025-04-23|2025-04-24|2025-04-25|2025-04-26|2025-04-27|2025-04-28|2025-04-29|2025-04-30|2025-05-01|2025-05-02|2025-05-03|2025-05-04|2025-05-05|2025-05-06|2025-05-07|2025-05-08|2025-05-09|2025-05-10|2025-05-11|2025-05-12|2025-05-13|2025-05-14|2025-05-15|2025-05-16|2025-05-17|2025-05-18|2025-05-19|2025-05-20|2025-05-21|2025-05-22|2025-05-23|2025-05-24|2025-05-25|2025-05-26|2025-05-27|2025-05-28|2025-05-29|2025-05-30|2025-05-31|2025-06-01|2025-06-02|2025-06-03|2025-06-04|2025-06-05|2025-06-06|2025-06-07|2025-06-08|2025-06-09|2025-06-10|2025-06-11|2025-06-12|2025-06-13|2025-06-14|2025-06-15|2025-06-16|2025-06-17|2025-06-18|2025-06-19|2025-06-20|2025-06-21|2025-06-22|2025-06-23|2025-06-24|2025-06-25|2025-06-26|2025-06-27|2025-06-28|2025-06-29|2025-06-30|2025-07-01|2025-07-02|2025-07-03|2025-07-04|2025-07-05|2025-07-06|2025-07-07|2025-07-08|2025-07-09|2025-07-10|2025-07-11|2025-07-12|2025-07-13|2025-07-14|2025-07-15|2025-07-16|2025-07-17|2025-07-18|2025-07-19|2025-07-20|2025-07-21|2025-07-22|2025-07-23|2025-07-24|2025-07-25|2025-07-26|2025-07-27|2025-07-28|2025-07-29|2025-07-30|2025-07-31|2025-08-01|2025-08-02|2025-08-03|2025-08-04|2025-08-05|2025-08-06|2025-08-07|2025-08-08|2025-08-09|2025-08-10|2025-08-11|2025-08-12|2025-08-13|2025-08-14|2025-08-15|2025-08-16|2025-08-17|2025-08-18|2025-08-19|2025-08-20|2025-08-21|2025-08-22|2025-08-23|2025-08-24|2025-08-25|2025-08-26|2025-08-27|2025-08-28|2025-08-29|2025-08-30|2025-08-31|2025-09-01|2025-09-02|2025-09-03|2025-09-04|2025-09-05|2025-09-06|2025-09-07|2025-09-08|2025-09-09|2025-09-10|2025-09-11|2025-09-12|2025-09-13|2025-09-14|2025-09-15|2025-09-16|2025-09-17|2025-09-18|2025-09-19|2025-09-20|2025-09-21|2025-09-22|2025-09-23|2025-09-24|2025-09-25|2025-09-26|2025-09-27|2025-09-28|2025-09-29|2025-09-30|2025-10-01|2025-10-02|2025-10-03|2025-10-04|2025-10-05|2025-10-06|2025-10-07|2025-10-08|2025-10-09|2025-10-10|2025-10-11|2025-10-12|2025-10-13|2025-10-14|2025-10-15|2025-10-16|2025-10-17|2025-10-18|2025-10-19|2025-10-20|2025-10-21|2025-10-22|2025-10-23|2025-10-24|2025-10-25|2025-10-26|2025-10-27|2025-10-28|2025-10-29|2025-10-30|2025-10-31|2025-11-01|2025-11-02|2025-11-03|2025-11-04|2025-11-05|2025-11-06|2025-11-07|2025-11-08|2025-11-09|2025-11-10|2025-11-11|2025-11-12|2025-11-13|2025-11-14|2025-11-15|2025-11-16|2025-11-17|2025-11-18|2025-11-19|2025-11-20|2025-11-21|2025-11-22|2025-11-23|2025-11-24|2025-11-25|2025-11-26|2025-11-27|2025-11-28|2025-11-29|2025-11-30|2025-12-01|2025-12-02|2025-12-03|2025-12-04|2025-12-05|2025-12-06|2025-12-07|2025-12-08|2025-12-09|2025-12-10|2025-12-11|2025-12-12|2025-12-13|2025-12-14|2025-12-15|2025-12-16|2025-12-17,0.06317346359409894,0.06061840996911599,0.06248828748583456,0.0652000095994175
2025-12-19,2,324,2025-01-29,2025-12-18,2025-01-29|2025-01-30|2025-01-31|2025-02-01|2025-02-02|2025-02-03|2025-02-04|2025-02-05|2025-02-06|2025-02-07|2025-02-08|2025-02-09|2025-02-10|2025-02-11|2025-02-12|2025-02-13|2025-02-14|2025-02-15|2025-02-16|2025-02-17|2025-02-18|2025-02-19|2025-02-20|2025-02-21|2025-02-22|2025-02-23|2025-02-24|2025-02-25|2025-02-26|2025-02-27|2025-02-28|2025-03-01|2025-03-02|2025-03-03|2025-03-04|2025-03-05|2025-03-06|2025-03-07|2025-03-08|2025-03-09|2025-03-10|2025-03-11|2025-03-12|2025-03-13|2025-03-14|2025-03-15|2025-03-16|2025-03-17|2025-03-18|2025-03-19|2025-03-20|2025-03-21|2025-03-22|2025-03-23|2025-03-24|2025-03-25|2025-03-26|2025-03-27|2025-03-28|2025-03-29|2025-03-30|2025-03-31|2025-04-01|2025-04-02|2025-04-03|2025-04-04|2025-04-05|2025-04-06|2025-04-07|2025-04-08|2025-04-09|2025-04-10|2025-04-11|2025-04-12|2025-04-13|2025-04-14|2025-04-15|2025-04-16|2025-04-17|2025-04-18|2025-04-19|2025-04-20|2025-04-21|2025-04-22|2025-04-23|2025-04-24|2025-04-25|2025-04-26|2025-04-27|2025-04-28|2025-04-29|2025-04-30|2025-05-01|2025-05-02|2025-05-03|2025-05-04|2025-05-05|2025-05-06|2025-05-07|2025-05-08|2025-05-09|2025-05-10|2025-05-11|2025-05-12|2025-05-13|2025-05-14|2025-05-15|2025-05-16|2025-05-17|2025-05-18|2025-05-19|2025-05-20|2025-05-21|2025-05-22|2025-05-23|2025-05-24|2025-05-25|2025-05-26|2025-05-27|2025-05-28|2025-05-29|2025-05-30|2025-05-31|2025-06-01|2025-06-02|2025-06-03|2025-06-04|2025-06-05|2025-06-06|2025-06-07|2025-06-08|2025-06-09|2025-06-10|2025-06-11|2025-06-12|2025-06-13|2025-06-14|2025-06-15|2025-06-16|2025-06-17|2025-06-18|2025-06-19|2025-06-20|2025-06-21|2025-06-22|2025-06-23|2025-06-24|2025-06-25|2025-06-26|2025-06-27|2025-06-28|2025-06-29|2025-06-30|2025-07-01|2025-07-02|2025-07-03|2025-07-04|2025-07-05|2025-07-06|2025-07-07|2025-07-08|2025-07-09|2025-07-10|2025-07-11|2025-07-12|2025-07-13|2025-07-14|2025-07-15|2025-07-16|2025-07-17|2025-07-18|2025-07-19|2025-07-20|2025-07-21|2025-07-22|2025-07-23|2025-07-24|2025-07-25|2025-07-26|2025-07-27|2025-07-28|2025-07-29|2025-07-30|2025-07-31|2025-08-01|2025-08-02|2025-08-03|2025-08-04|2025-08-05|2025-08-06|2025-08-07|2025-08-08|2025-08-09|2025-08-10|2025-08-11|2025-08-12|2025-08-13|2025-08-14|2025-08-15|2025-08-16|2025-08-17|2025-08-18|2025-08-19|2025-08-20|2025-08-21|2025-08-22|2025-08-23|2025-08-24|2025-08-25|2025-08-26|2025-08-27|2025-08-28|2025-08-29|2025-08-30|2025-08-31|2025-09-01|2025-09-02|2025-09-03|2025-09-04|2025-09-05|2025-09-06|2025-09-07|2025-09-08|2025-09-09|2025-09-10|2025-09-11|2025-09-12|2025-09-13|2025-09-14|2025-09-15|2025-09-16|2025-09-17|2025-09-18|2025-09-19|2025-09-20|2025-09-21|2025-09-22|2025-09-23|2025-09-24|2025-09-25|2025-09-26|2025-09-27|2025-09-28|2025-09-29|2025-09-30|2025-10-01|2025-10-02|2025-10-03|2025-10-04|2025-10-05|2025-10-06|2025-10-07|2025-10-08|2025-10-09|2025-10-10|2025-10-11|2025-10-12|2025-10-13|2025-10-14|2025-10-15|2025-10-16|2025-10-17|2025-10-18|2025-10-19|2025-10-20|2025-10-21|2025-10-22|2025-10-23|2025-10-24|2025-10-25|2025-10-26|2025-10-27|2025-10-28|2025-10-29|2025-10-30|2025-10-31|2025-11-01|2025-11-02|2025-11-03|2025-11-04|2025-11-05|2025-11-06|2025-11-07|2025-11-08|2025-11-09|2025-11-10|2025-11-11|2025-11-12|2025-11-13|2025-11-14|2025-11-15|2025-11-16|2025-11-17|2025-11-18|2025-11-19|2025-11-20|2025-11-21|2025-11-22|2025-11-23|2025-11-24|2025-11-25|2025-11-26|2025-11-27|2025-11-28|2025-11-29|2025-11-30|2025-12-01|2025-12-02|2025-12-03|2025-12-04|2025-12-05|2025-12-06|2025-12-07|2025-12-08|2025-12-09|2025-12-10|2025-12-11|2025-12-12|2025-12-13|2025-12-14|2025-12-15|2025-12-16|2025-12-17|2025-12-18,0.06309986081694502,0.06054088165620422,0.06245576360587449,0.0652041543375221
2025-12-20,2,325,2025-01-29,2025-12-19,2025-01-29|2025-01-30|2025-01-31|2025-02-01|2025-02-02|2025-02-03|2025-02-04|2025-02-05|2025-02-06|2025-02-07|2025-02-08|2025-02-09|2025-02-10|2025-02-11|2025-02-12|2025-02-13|2025-02-14|2025-02-15|2025-02-16|2025-02-17|2025-02-18|2025-02-19|2025-02-20|2025-02-21|2025-02-22|2025-02-23|2025-02-24|2025-02-25|2025-02-26|2025-02-27|2025-02-28|2025-03-01|2025-03-02|2025-03-03|2025-03-04|2025-03-05|2025-03-06|2025-03-07|2025-03-08|2025-03-09|2025-03-10|2025-03-11|2025-03-12|2025-03-13|2025-03-14|2025-03-15|2025-03-16|2025-03-17|2025-03-18|2025-03-19|2025-03-20|2025-03-21|2025-03-22|2025-03-23|2025-03-24|2025-03-25|2025-03-26|2025-03-27|2025-03-28|2025-03-29|2025-03-30|2025-03-31|2025-04-01|2025-04-02|2025-04-03|2025-04-04|2025-04-05|2025-04-06|2025-04-07|2025-04-08|2025-04-09|2025-04-10|2025-04-11|2025-04-12|2025-04-13|2025-04-14|2025-04-15|2025-04-16|2025-04-17|2025-04-18|2025-04-19|2025-04-20|2025-04-21|2025-04-22|2025-04-23|2025-04-24|2025-04-25|2025-04-26|2025-04-27|2025-04-28|2025-04-29|2025-04-30|2025-05-01|2025-05-02|2025-05-03|2025-05-04|2025-05-05|2025-05-06|2025-05-07|2025-05-08|2025-05-09|2025-05-10|2025-05-11|2025-05-12|2025-05-13|2025-05-14|2025-05-15|2025-05-16|2025-05-17|2025-05-18|2025-05-19|2025-05-20|2025-05-21|2025-05-22|2025-05-23|2025-05-24|2025-05-25|2025-05-26|2025-05-27|2025-05-28|2025-05-29|2025-05-30|2025-05-31|2025-06-01|2025-06-02|2025-06-03|2025-06-04|2025-06-05|2025-06-06|2025-06-07|2025-06-08|2025-06-09|2025-06-10|2025-06-11|2025-06-12|2025-06-13|2025-06-14|2025-06-15|2025-06-16|2025-06-17|2025-06-18|2025-06-19|2025-06-20|2025-06-21|2025-06-22|2025-06-23|2025-06-24|2025-06-25|2025-06-26|2025-06-27|2025-06-28|2025-06-29|2025-06-30|2025-07-01|2025-07-02|2025-07-03|2025-07-04|2025-07-05|2025-07-06|2025-07-07|2025-07-08|2025-07-09|2025-07-10|2025-07-11|2025-07-12|2025-07-13|2025-07-14|2025-07-15|2025-07-16|2025-07-17|2025-07-18|2025-07-19|2025-07-20|2025-07-21|2025-07-22|2025-07-23|2025-07-24|2025-07-25|2025-07-26|2025-07-27|2025-07-28|2025-07-29|2025-07-30|2025-07-31|2025-08-01|2025-08-02|2025-08-03|2025-08-04|2025-08-05|2025-08-06|2025-08-07|2025-08-08|2025-08-09|2025-08-10|2025-08-11|2025-08-12|2025-08-13|2025-08-14|2025-08-15|2025-08-16|2025-08-17|2025-08-18|2025-08-19|2025-08-20|2025-08-21|2025-08-22|2025-08-23|2025-08-24|2025-08-25|2025-08-26|2025-08-27|2025-08-28|2025-08-29|2025-08-30|2025-08-31|2025-09-01|2025-09-02|2025-09-03|2025-09-04|2025-09-05|2025-09-06|2025-09-07|2025-09-08|2025-09-09|2025-09-10|2025-09-11|2025-09-12|2025-09-13|2025-09-14|2025-09-15|2025-09-16|2025-09-17|2025-09-18|2025-09-19|2025-09-20|2025-09-21|2025-09-22|2025-09-23|2025-09-24|2025-09-25|2025-09-26|2025-09-27|2025-09-28|2025-09-29|2025-09-30|2025-10-01|2025-10-02|2025-10-03|2025-10-04|2025-10-05|2025-10-06|2025-10-07|2025-10-08|2025-10-09|2025-10-10|2025-10-11|2025-10-12|2025-10-13|2025-10-14|2025-10-15|2025-10-16|2025-10-17|2025-10-18|2025-10-19|2025-10-20|2025-10-21|2025-10-22|2025-10-23|2025-10-24|2025-10-25|2025-10-26|2025-10-27|2025-10-28|2025-10-29|2025-10-30|2025-10-31|2025-11-01|2025-11-02|2025-11-03|2025-11-04|2025-11-05|2025-11-06|2025-11-07|2025-11-08|2025-11-09|2025-11-10|2025-11-11|2025-11-12|2025-11-13|2025-11-14|2025-11-15|2025-11-16|2025-11-17|2025-11-18|2025-11-19|2025-11-20|2025-11-21|2025-11-22|2025-11-23|2025-11-24|2025-11-25|2025-11-26|2025-11-27|2025-11-28|2025-11-29|2025-11-30|2025-12-01|2025-12-02|2025-12-03|2025-12-04|2025-12-05|2025-12-06|2025-12-07|2025-12-08|2025-12-09|2025-12-10|2025-12-11|2025-12-12|2025-12-13|2025-12-14|2025-12-15|2025-12-16|2025-12-17|2025-12-18|2025-12-19,0.06306587662936494,0.0604852454168965,0.06244773062382687,0.06523904538343701
2025-12-21,2,326,2025-01-29,2025-12-20,2025-01-29|2025-01-30|2025-01-31|2025-02-01|2025-02-02|2025-02-03|2025-02-04|2025-02-05|2025-02-06|2025-02-07|2025-02-08|2025-02-09|2025-02-10|2025-02-11|2025-02-12|2025-02-13|2025-02-14|2025-02-15|2025-02-16|2025-02-17|2025-02-18|2025-02-19|2025-02-20|2025-02-21|2025-02-22|2025-02-23|2025-02-24|2025-02-25|2025-02-26|2025-02-27|2025-02-28|2025-03-01|2025-03-02|2025-03-03|2025-03-04|2025-03-05|2025-03-06|2025-03-07|2025-03-08|2025-03-09|2025-03-10|2025-03-11|2025-03-12|2025-03-13|2025-03-14|2025-03-15|2025-03-16|2025-03-17|2025-03-18|2025-03-19|2025-03-20|2025-03-21|2025-03-22|2025-03-23|2025-03-24|2025-03-25|2025-03-26|2025-03-27|2025-03-28|2025-03-29|2025-03-30|2025-03-31|2025-04-01|2025-04-02|2025-04-03|2025-04-04|2025-04-05|2025-04-06|2025-04-07|2025-04-08|2025-04-09|2025-04-10|2025-04-11|2025-04-12|2025-04-13|2025-04-14|2025-04-15|2025-04-16|2025-04-17|2025-04-18|2025-04-19|2025-04-20|2025-04-21|2025-04-22|2025-04-23|2025-04-24|2025-04-25|2025-04-26|2025-04-27|2025-04-28|2025-04-29|2025-04-30|2025-05-01|2025-05-02|2025-05-03|2025-05-04|2025-05-05|2025-05-06|2025-05-07|2025-05-08|2025-05-09|2025-05-10|2025-05-11|2025-05-12|2025-05-13|2025-05-14|2025-05-15|2025-05-16|2025-05-17|2025-05-18|2025-05-19|2025-05-20|2025-05-21|2025-05-22|2025-05-23|2025-05-24|2025-05-25|2025-05-26|2025-05-27|2025-05-28|2025-05-29|2025-05-30|2025-05-31|2025-06-01|2025-06-02|2025-06-03|2025-06-04|2025-06-05|2025-06-06|2025-06-07|2025-06-08|2025-06-09|2025-06-10|2025-06-11|2025-06-12|2025-06-13|2025-06-14|2025-06-15|2025-06-16|2025-06-17|2025-06-18|2025-06-19|2025-06-20|2025-06-21|2025-06-22|2025-06-23|2025-06-24|2025-06-25|2025-06-26|2025-06-27|2025-06-28|2025-06-29|2025-06-30|2025-07-01|2025-07-02|2025-07-03|2025-07-04|2025-07-05|2025-07-06|2025-07-07|2025-07-08|2025-07-09|2025-07-10|2025-07-11|2025-07-12|2025-07-13|2025-07-14|2025-07-15|2025-07-16|2025-07-17|2025-07-18|2025-07-19|2025-07-20|2025-07-21|2025-07-22|2025-07-23|2025-07-24|2025-07-25|2025-07-26|2025-07-27|2025-07-28|2025-07-29|2025-07-30|2025-07-31|2025-08-01|2025-08-02|2025-08-03|2025-08-04|2025-08-05|2025-08-06|2025-08-07|2025-08-08|2025-08-09|2025-08-10|2025-08-11|2025-08-12|2025-08-13|2025-08-14|2025-08-15|2025-08-16|2025-08-17|2025-08-18|2025-08-19|2025-08-20|2025-08-21|2025-08-22|2025-08-23|2025-08-24|2025-08-25|2025-08-26|2025-08-27|2025-08-28|2025-08-29|2025-08-30|2025-08-31|2025-09-01|2025-09-02|2025-09-03|2025-09-04|2025-09-05|2025-09-06|2025-09-07|2025-09-08|2025-09-09|2025-09-10|2025-09-11|2025-09-12|2025-09-13|2025-09-14|2025-09-15|2025-09-16|2025-09-17|2025-09-18|2025-09-19|2025-09-20|2025-09-21|2025-09-22|2025-09-23|2025-09-24|2025-09-25|2025-09-26|2025-09-27|2025-09-28|2025-09-29|2025-09-30|2025-10-01|2025-10-02|2025-10-03|2025-10-04|2025-10-05|2025-10-06|2025-10-07|2025-10-08|2025-10-09|2025-10-10|2025-10-11|2025-10-12|2025-10-13|2025-10-14|2025-10-15|2025-10-16|2025-10-17|2025-10-18|2025-10-19|2025-10-20|2025-10-21|2025-10-22|2025-10-23|2025-10-24|2025-10-25|2025-10-26|2025-10-27|2025-10-28|2025-10-29|2025-10-30|2025-10-31|2025-11-01|2025-11-02|2025-11-03|2025-11-04|2025-11-05|2025-11-06|2025-11-07|2025-11-08|2025-11-09|2025-11-10|2025-11-11|2025-11-12|2025-11-13|2025-11-14|2025-11-15|2025-11-16|2025-11-17|2025-11-18|2025-11-19|2025-11-20|2025-11-21|2025-11-22|2025-11-23|2025-11-24|2025-11-25|2025-11-26|2025-11-27|2025-11-28|2025-11-29|2025-11-30|2025-12-01|2025-12-02|2025-12-03|2025-12-04|2025-12-05|2025-12-06|2025-12-07|2025-12-08|2025-12-09|2025-12-10|2025-12-11|2025-12-12|2025-12-13|2025-12-14|2025-12-15|2025-12-16|2025-12-17|2025-12-18|2025-12-19|2025-12-20,0.0630446997771345,0.060451115942859214,0.062416491868316284,0.06524766523624818
2025-12-22,2,327,2025-01-29,2025-12-21,2025-01-29|2025-01-30|2025-01-31|2025-02-01|2025-02-02|2025-02-03|2025-02-04|2025-02-05|2025-02-06|2025-02-07|2025-02-08|2025-02-09|2025-02-10|2025-02-11|2025-02-12|2025-02-13|2025-02-14|2025-02-15|2025-02-16|2025-02-17|2025-02-18|2025-02-19|2025-02-20|2025-02-21|2025-02-22|2025-02-23|2025-02-24|2025-02-25|2025-02-26|2025-02-27|2025-02-28|2025-03-01|2025-03-02|2025-03-03|2025-03-04|2025-03-05|2025-03-06|2025-03-07|2025-03-08|2025-03-09|2025-03-10|2025-03-11|2025-03-12|2025-03-13|2025-03-14|2025-03-15|2025-03-16|2025-03-17|2025-03-18|2025-03-19|2025-03-20|2025-03-21|2025-03-22|2025-03-23|2025-03-24|2025-03-25|2025-03-26|2025-03-27|2025-03-28|2025-03-29|2025-03-30|2025-03-31|2025-04-01|2025-04-02|2025-04-03|2025-04-04|2025-04-05|2025-04-06|2025-04-07|2025-04-08|2025-04-09|2025-04-10|2025-04-11|2025-04-12|2025-04-13|2025-04-14|2025-04-15|2025-04-16|2025-04-17|2025-04-18|2025-04-19|2025-04-20|2025-04-21|2025-04-22|2025-04-23|2025-04-24|2025-04-25|2025-04-26|2025-04-27|2025-04-28|2025-04-29|2025-04-30|2025-05-01|2025-05-02|2025-05-03|2025-05-04|2025-05-05|2025-05-06|2025-05-07|2025-05-08|2025-05-09|2025-05-10|2025-05-11|2025-05-12|2025-05-13|2025-05-14|2025-05-15|2025-05-16|2025-05-17|2025-05-18|2025-05-19|2025-05-20|2025-05-21|2025-05-22|2025-05-23|2025-05-24|2025-05-25|2025-05-26|2025-05-27|2025-05-28|2025-05-29|2025-05-30|2025-05-31|2025-06-01|2025-06-02|2025-06-03|2025-06-04|2025-06-05|2025-06-06|2025-06-07|2025-06-08|2025-06-09|2025-06-10|2025-06-11|2025-06-12|2025-06-13|2025-06-14|2025-06-15|2025-06-16|2025-06-17|2025-06-18|2025-06-19|2025-06-20|2025-06-21|2025-06-22|2025-06-23|2025-06-24|2025-06-25|2025-06-26|2025-06-27|2025-06-28|2025-06-29|2025-06-30|2025-07-01|2025-07-02|2025-07-03|2025-07-04|2025-07-05|2025-07-06|2025-07-07|2025-07-08|2025-07-09|2025-07-10|2025-07-11|2025-07-12|2025-07-13|2025-07-14|2025-07-15|2025-07-16|2025-07-17|2025-07-18|2025-07-19|2025-07-20|2025-07-21|2025-07-22|2025-07-23|2025-07-24|2025-07-25|2025-07-26|2025-07-27|2025-07-28|2025-07-29|2025-07-30|2025-07-31|2025-08-01|2025-08-02|2025-08-03|2025-08-04|2025-08-05|2025-08-06|2025-08-07|2025-08-08|2025-08-09|2025-08-10|2025-08-11|2025-08-12|2025-08-13|2025-08-14|2025-08-15|2025-08-16|2025-08-17|2025-08-18|2025-08-19|2025-08-20|2025-08-21|2025-08-22|2025-08-23|2025-08-24|2025-08-25|2025-08-26|2025-08-27|2025-08-28|2025-08-29|2025-08-30|2025-08-31|2025-09-01|2025-09-02|2025-09-03|2025-09-04|2025-09-05|2025-09-06|2025-09-07|2025-09-08|2025-09-09|2025-09-10|2025-09-11|2025-09-12|2025-09-13|2025-09-14|2025-09-15|2025-09-16|2025-09-17|2025-09-18|2025-09-19|2025-09-20|2025-09-21|2025-09-22|2025-09-23|2025-09-24|2025-09-25|2025-09-26|2025-09-27|2025-09-28|2025-09-29|2025-09-30|2025-10-01|2025-10-02|2025-10-03|2025-10-04|2025-10-05|2025-10-06|2025-10-07|2025-10-08|2025-10-09|2025-10-10|2025-10-11|2025-10-12|2025-10-13|2025-10-14|2025-10-15|2025-10-16|2025-10-17|2025-10-18|2025-10-19|2025-10-20|2025-10-21|2025-10-22|2025-10-23|2025-10-24|2025-10-25|2025-10-26|2025-10-27|2025-10-28|2025-10-29|2025-10-30|2025-10-31|2025-11-01|2025-11-02|2025-11-03|2025-11-04|2025-11-05|2025-11-06|2025-11-07|2025-11-08|2025-11-09|2025-11-10|2025-11-11|2025-11-12|2025-11-13|2025-11-14|2025-11-15|2025-11-16|2025-11-17|2025-11-18|2025-11-19|2025-11-20|2025-11-21|2025-11-22|2025-11-23|2025-11-24|2025-11-25|2025-11-26|2025-11-27|2025-11-28|2025-11-29|2025-11-30|2025-12-01|2025-12-02|2025-12-03|2025-12-04|2025-12-05|2025-12-06|2025-12-07|2025-12-08|2025-12-09|2025-12-10|2025-12-11|2025-12-12|2025-12-13|2025-12-14|2025-12-15|2025-12-16|2025-12-17|2025-12-18|2025-12-19|2025-12-20|2025-12-21,0.06294367567260464,0.06034069341567117,0.062328552838604494,0.06520031842420589
2025-12-23,2,328,2025-01-29,2025-12-22,2025-01-29|2025-01-30|2025-01-31|2025-02-01|2025-02-02|2025-02-03|2025-02-04|2025-02-05|2025-02-06|2025-02-07|2025-02-08|2025-02-09|2025-02-10|2025-02-11|2025-02-12|2025-02-13|2025-02-14|2025-02-15|2025-02-16|2025-02-17|2025-02-18|2025-02-19|2025-02-20|2025-02-21|2025-02-22|2025-02-23|2025-02-24|2025-02-25|2025-02-26|2025-02-27|2025-02-28|2025-03-01|2025-03-02|2025-03-03|2025-03-04|2025-03-05|2025-03-06|2025-03-07|2025-03-08|2025-03-09|2025-03-10|2025-03-11|2025-03-12|2025-03-13|2025-03-14|2025-03-15|2025-03-16|2025-03-17|2025-03-18|2025-03-19|2025-03-20|2025-03-21|2025-03-22|2025-03-23|2025-03-24|2025-03-25|2025-03-26|2025-03-27|2025-03-28|2025-03-29|2025-03-30|2025-03-31|2025-04-01|2025-04-02|2025-04-03|2025-04-04|2025-04-05|2025-04-06|2025-04-07|2025-04-08|2025-04-09|2025-04-10|2025-04-11|2025-04-12|2025-04-13|2025-04-14|2025-04-15|2025-04-16|2025-04-17|2025-04-18|2025-04-19|2025-04-20|2025-04-21|2025-04-22|2025-04-23|2025-04-24|2025-04-25|2025-04-26|2025-04-27|2025-04-28|2025-04-29|2025-04-30|2025-05-01|2025-05-02|2025-05-03|2025-05-04|2025-05-05|2025-05-06|2025-05-07|2025-05-08|2025-05-09|2025-05-10|2025-05-11|2025-05-12|2025-05-13|2025-05-14|2025-05-15|2025-05-16|2025-05-17|2025-05-18|2025-05-19|2025-05-20|2025-05-21|2025-05-22|2025-05-23|2025-05-24|2025-05-25|2025-05-26|2025-05-27|2025-05-28|2025-05-29|2025-05-30|2025-05-31|2025-06-01|2025-06-02|2025-06-03|2025-06-04|2025-06-05|2025-06-06|2025-06-07|2025-06-08|2025-06-09|2025-06-10|2025-06-11|2025-06-12|2025-06-13|2025-06-14|2025-06-15|2025-06-16|2025-06-17|2025-06-18|2025-06-19|2025-06-20|2025-06-21|2025-06-22|2025-06-23|2025-06-24|2025-06-25|2025-06-26|2025-06-27|2025-06-28|2025-06-29|2025-06-30|2025-07-01|2025-07-02|2025-07-03|2025-07-04|2025-07-05|2025-07-06|2025-07-07|2025-07-08|2025-07-09|2025-07-10|2025-07-11|2025-07-12|2025-07-13|2025-07-14|2025-07-15|2025-07-16|2025-07-17|2025-07-18|2025-07-19|2025-07-20|2025-07-21|2025-07-22|2025-07-23|2025-07-24|2025-07-25|2025-07-26|2025-07-27|2025-07-28|2025-07-29|2025-07-30|2025-07-31|2025-08-01|2025-08-02|2025-08-03|2025-08-04|2025-08-05|2025-08-06|2025-08-07|2025-08-08|2025-08-09|2025-08-10|2025-08-11|2025-08-12|2025-08-13|2025-08-14|2025-08-15|2025-08-16|2025-08-17|2025-08-18|2025-08-19|2025-08-20|2025-08-21|2025-08-22|2025-08-23|2025-08-24|2025-08-25|2025-08-26|2025-08-27|2025-08-28|2025-08-29|2025-08-30|2025-08-31|2025-09-01|2025-09-02|2025-09-03|2025-09-04|2025-09-05|2025-09-06|2025-09-07|2025-09-08|2025-09-09|2025-09-10|2025-09-11|2025-09-12|2025-09-13|2025-09-14|2025-09-15|2025-09-16|2025-09-17|2025-09-18|2025-09-19|2025-09-20|2025-09-21|2025-09-22|2025-09-23|2025-09-24|2025-09-25|2025-09-26|2025-09-27|2025-09-28|2025-09-29|2025-09-30|2025-10-01|2025-10-02|2025-10-03|2025-10-04|2025-10-05|2025-10-06|2025-10-07|2025-10-08|2025-10-09|2025-10-10|2025-10-11|2025-10-12|2025-10-13|2025-10-14|2025-10-15|2025-10-16|2025-10-17|2025-10-18|2025-10-19|2025-10-20|2025-10-21|2025-10-22|2025-10-23|2025-10-24|2025-10-25|2025-10-26|2025-10-27|2025-10-28|2025-10-29|2025-10-30|2025-10-31|2025-11-01|2025-11-02|2025-11-03|2025-11-04|2025-11-05|2025-11-06|2025-11-07|2025-11-08|2025-11-09|2025-11-10|2025-11-11|2025-11-12|2025-11-13|2025-11-14|2025-11-15|2025-11-16|2025-11-17|2025-11-18|2025-11-19|2025-11-20|2025-11-21|2025-11-22|2025-11-23|2025-11-24|2025-11-25|2025-11-26|2025-11-27|2025-11-28|2025-11-29|2025-11-30|2025-12-01|2025-12-02|2025-12-03|2025-12-04|2025-12-05|2025-12-06|2025-12-07|2025-12-08|2025-12-09|2025-12-10|2025-12-11|2025-12-12|2025-12-13|2025-12-14|2025-12-15|2025-12-16|2025-12-17|2025-12-18|2025-12-19|2025-12-20|2025-12-21|2025-12-22,0.06284238925455354,0.060238856839661944,0.0622096189529643,0.06511896120730404
2025-12-24,2,329,2025-01-29,2025-12-23,2025-01-29|2025-01-30|2025-01-31|2025-02-01|2025-02-02|2025-02-03|2025-02-04|2025-02-05|2025-02-06|2025-02-07|2025-02-08|2025-02-09|2025-02-10|2025-02-11|2025-02-12|2025-02-13|2025-02-14|2025-02-15|2025-02-16|2025-02-17|2025-02-18|2025-02-19|2025-02-20|2025-02-21|2025-02-22|2025-02-23|2025-02-24|2025-02-25|2025-02-26|2025-02-27|2025-02-28|2025-03-01|2025-03-02|2025-03-03|2025-03-04|2025-03-05|2025-03-06|2025-03-07|2025-03-08|2025-03-09|2025-03-10|2025-03-11|2025-03-12|2025-03-13|2025-03-14|2025-03-15|2025-03-16|2025-03-17|2025-03-18|2025-03-19|2025-03-20|2025-03-21|2025-03-22|2025-03-23|2025-03-24|2025-03-25|2025-03-26|2025-03-27|2025-03-28|2025-03-29|2025-03-30|2025-03-31|2025-04-01|2025-04-02|2025-04-03|2025-04-04|2025-04-05|2025-04-06|2025-04-07|2025-04-08|2025-04-09|2025-04-10|2025-04-11|2025-04-12|2025-04-13|2025-04-14|2025-04-15|2025-04-16|2025-04-17|2025-04-18|2025-04-19|2025-04-20|2025-04-21|2025-04-22|2025-04-23|2025-04-24|2025-04-25|2025-04-26|2025-04-27|2025-04-28|2025-04-29|2025-04-30|2025-05-01|2025-05-02|2025-05-03|2025-05-04|2025-05-05|2025-05-06|2025-05-07|2025-05-08|2025-05-09|2025-05-10|2025-05-11|2025-05-12|2025-05-13|2025-05-14|2025-05-15|2025-05-16|2025-05-17|2025-05-18|2025-05-19|2025-05-20|2025-05-21|2025-05-22|2025-05-23|2025-05-24|2025-05-25|2025-05-26|2025-05-27|2025-05-28|2025-05-29|2025-05-30|2025-05-31|2025-06-01|2025-06-02|2025-06-03|2025-06-04|2025-06-05|2025-06-06|2025-06-07|2025-06-08|2025-06-09|2025-06-10|2025-06-11|2025-06-12|2025-06-13|2025-06-14|2025-06-15|2025-06-16|2025-06-17|2025-06-18|2025-06-19|2025-06-20|2025-06-21|2025-06-22|2025-06-23|2025-06-24|2025-06-25|2025-06-26|2025-06-27|2025-06-28|2025-06-29|2025-06-30|2025-07-01|2025-07-02|2025-07-03|2025-07-04|2025-07-05|2025-07-06|2025-07-07|2025-07-08|2025-07-09|2025-07-10|2025-07-11|2025-07-12|2025-07-13|2025-07-14|2025-07-15|2025-07-16|2025-07-17|2025-07-18|2025-07-19|2025-07-20|2025-07-21|2025-07-22|2025-07-23|2025-07-24|2025-07-25|2025-07-26|2025-07-27|2025-07-28|2025-07-29|2025-07-30|2025-07-31|2025-08-01|2025-08-02|2025-08-03|2025-08-04|2025-08-05|2025-08-06|2025-08-07|2025-08-08|2025-08-09|2025-08-10|2025-08-11|2025-08-12|2025-08-13|2025-08-14|2025-08-15|2025-08-16|2025-08-17|2025-08-18|2025-08-19|2025-08-20|2025-08-21|2025-08-22|2025-08-23|2025-08-24|2025-08-25|2025-08-26|2025-08-27|2025-08-28|2025-08-29|2025-08-30|2025-08-31|2025-09-01|2025-09-02|2025-09-03|2025-09-04|2025-09-05|2025-09-06|2025-09-07|2025-09-08|2025-09-09|2025-09-10|2025-09-11|2025-09-12|2025-09-13|2025-09-14|2025-09-15|2025-09-16|2025-09-17|2025-09-18|2025-09-19|2025-09-20|2025-09-21|2025-09-22|2025-09-23|2025-09-24|2025-09-25|2025-09-26|2025-09-27|2025-09-28|2025-09-29|2025-09-30|2025-10-01|2025-10-02|2025-10-03|2025-10-04|2025-10-05|2025-10-06|2025-10-07|2025-10-08|2025-10-09|2025-10-10|2025-10-11|2025-10-12|2025-10-13|2025-10-14|2025-10-15|2025-10-16|2025-10-17|2025-10-18|2025-10-19|2025-10-20|2025-10-21|2025-10-22|2025-10-23|2025-10-24|2025-10-25|2025-10-26|2025-10-27|2025-10-28|2025-10-29|2025-10-30|2025-10-31|2025-11-01|2025-11-02|2025-11-03|2025-11-04|2025-11-05|2025-11-06|2025-11-07|2025-11-08|2025-11-09|2025-11-10|2025-11-11|2025-11-12|2025-11-13|2025-11-14|2025-11-15|2025-11-16|2025-11-17|2025-11-18|2025-11-19|2025-11-20|2025-11-21|2025-11-22|2025-11-23|2025-11-24|2025-11-25|2025-11-26|2025-11-27|2025-11-28|2025-11-29|2025-11-30|2025-12-01|2025-12-02|2025-12-03|2025-12-04|2025-12-05|2025-12-06|2025-12-07|2025-12-08|2025-12-09|2025-12-10|2025-12-11|2025-12-12|2025-12-13|2025-12-14|2025-12-15|2025-12-16|2025-12-17|2025-12-18|2025-12-19|2025-12-20|2025-12-21|2025-12-22|2025-12-23,0.06272927445819097,0.06013138200246782,0.062079886999215704,0.06501976570960154
2025-12-25,2,330,2025-01-29,2025-12-24,2025-01-29|2025-01-30|2025-01-31|2025-02-01|2025-02-02|2025-02-03|2025-02-04|2025-02-05|2025-02-06|2025-02-07|2025-02-08|2025-02-09|2025-02-10|2025-02-11|2025-02-12|2025-02-13|2025-02-14|2025-02-15|2025-02-16|2025-02-17|2025-02-18|2025-02-19|2025-02-20|2025-02-21|2025-02-22|2025-02-23|2025-02-24|2025-02-25|2025-02-26|2025-02-27|2025-02-28|2025-03-01|2025-03-02|2025-03-03|2025-03-04|2025-03-05|2025-03-06|2025-03-07|2025-03-08|2025-03-09|2025-03-10|2025-03-11|2025-03-12|2025-03-13|2025-03-14|2025-03-15|2025-03-16|2025-03-17|2025-03-18|2025-03-19|2025-03-20|2025-03-21|2025-03-22|2025-03-23|2025-03-24|2025-03-25|2025-03-26|2025-03-27|2025-03-28|2025-03-29|2025-03-30|2025-03-31|2025-04-01|2025-04-02|2025-04-03|2025-04-04|2025-04-05|2025-04-06|2025-04-07|2025-04-08|2025-04-09|2025-04-10|2025-04-11|2025-04-12|2025-04-13|2025-04-14|2025-04-15|2025-04-16|2025-04-17|2025-04-18|2025-04-19|2025-04-20|2025-04-21|2025-04-22|2025-04-23|2025-04-24|2025-04-25|2025-04-26|2025-04-27|2025-04-28|2025-04-29|2025-04-30|2025-05-01|2025-05-02|2025-05-03|2025-05-04|2025-05-05|2025-05-06|2025-05-07|2025-05-08|2025-05-09|2025-05-10|2025-05-11|2025-05-12|2025-05-13|2025-05-14|2025-05-15|2025-05-16|2025-05-17|2025-05-18|2025-05-19|2025-05-20|2025-05-21|2025-05-22|2025-05-23|2025-05-24|2025-05-25|2025-05-26|2025-05-27|2025-05-28|2025-05-29|2025-05-30|2025-05-31|2025-06-01|2025-06-02|2025-06-03|2025-06-04|2025-06-05|2025-06-06|2025-06-07|2025-06-08|2025-06-09|2025-06-10|2025-06-11|2025-06-12|2025-06-13|2025-06-14|2025-06-15|2025-06-16|2025-06-17|2025-06-18|2025-06-19|2025-06-20|2025-06-21|2025-06-22|2025-06-23|2025-06-24|2025-06-25|2025-06-26|2025-06-27|2025-06-28|2025-06-29|2025-06-30|2025-07-01|2025-07-02|2025-07-03|2025-07-04|2025-07-05|2025-07-06|2025-07-07|2025-07-08|2025-07-09|2025-07-10|2025-07-11|2025-07-12|2025-07-13|2025-07-14|2025-07-15|2025-07-16|2025-07-17|2025-07-18|2025-07-19|2025-07-20|2025-07-21|2025-07-22|2025-07-23|2025-07-24|2025-07-25|2025-07-26|2025-07-27|2025-07-28|2025-07-29|2025-07-30|2025-07-31|2025-08-01|2025-08-02|2025-08-03|2025-08-04|2025-08-05|2025-08-06|2025-08-07|2025-08-08|2025-08-09|2025-08-10|2025-08-11|2025-08-12|2025-08-13|2025-08-14|2025-08-15|2025-08-16|2025-08-17|2025-08-18|2025-08-19|2025-08-20|2025-08-21|2025-08-22|2025-08-23|2025-08-24|2025-08-25|2025-08-26|2025-08-27|2025-08-28|2025-08-29|2025-08-30|2025-08-31|2025-09-01|2025-09-02|2025-09-03|2025-09-04|2025-09-05|2025-09-06|2025-09-07|2025-09-08|2025-09-09|2025-09-10|2025-09-11|2025-09-12|2025-09-13|2025-09-14|2025-09-15|2025-09-16|2025-09-17|2025-09-18|2025-09-19|2025-09-20|2025-09-21|2025-09-22|2025-09-23|2025-09-24|2025-09-25|2025-09-26|2025-09-27|2025-09-28|2025-09-29|2025-09-30|2025-10-01|2025-10-02|2025-10-03|2025-10-04|2025-10-05|2025-10-06|2025-10-07|2025-10-08|2025-10-09|2025-10-10|2025-10-11|2025-10-12|2025-10-13|2025-10-14|2025-10-15|2025-10-16|2025-10-17|2025-10-18|2025-10-19|2025-10-20|2025-10-21|2025-10-22|2025-10-23|2025-10-24|2025-10-25|2025-10-26|2025-10-27|2025-10-28|2025-10-29|2025-10-30|2025-10-31|2025-11-01|2025-11-02|2025-11-03|2025-11-04|2025-11-05|2025-11-06|2025-11-07|2025-11-08|2025-11-09|2025-11-10|2025-11-11|2025-11-12|2025-11-13|2025-11-14|2025-11-15|2025-11-16|2025-11-17|2025-11-18|2025-11-19|2025-11-20|2025-11-21|2025-11-22|2025-11-23|2025-11-24|2025-11-25|2025-11-26|2025-11-27|2025-11-28|2025-11-29|2025-11-30|2025-12-01|2025-12-02|2025-12-03|2025-12-04|2025-12-05|2025-12-06|2025-12-07|2025-12-08|2025-12-09|2025-12-10|2025-12-11|2025-12-12|2025-12-13|2025-12-14|2025-12-15|2025-12-16|2025-12-17|2025-12-18|2025-12-19|2025-12-20|2025-12-21|2025-12-22|2025-12-23|2025-12-24,0.06262526037789394,0.060024212883018076,0.06196426439505351,0.06492334767006133
2025-12-26,2,331,2025-01-29,2025-12-25,2025-01-29|2025-01-30|2025-01-31|2025-02-01|2025-02-02|2025-02-03|2025-02-04|2025-02-05|2025-02-06|2025-02-07|2025-02-08|2025-02-09|2025-02-10|2025-02-11|2025-02-12|2025-02-13|2025-02-14|2025-02-15|2025-02-16|2025-02-17|2025-02-18|2025-02-19|2025-02-20|2025-02-21|2025-02-22|2025-02-23|2025-02-24|2025-02-25|2025-02-26|2025-02-27|2025-02-28|2025-03-01|2025-03-02|2025-03-03|2025-03-04|2025-03-05|2025-03-06|2025-03-07|2025-03-08|2025-03-09|2025-03-10|2025-03-11|2025-03-12|2025-03-13|2025-03-14|2025-03-15|2025-03-16|2025-03-17|2025-03-18|2025-03-19|2025-03-20|2025-03-21|2025-03-22|2025-03-23|2025-03-24|2025-03-25|2025-03-26|2025-03-27|2025-03-28|2025-03-29|2025-03-30|2025-03-31|2025-04-01|2025-04-02|2025-04-03|2025-04-04|2025-04-05|2025-04-06|2025-04-07|2025-04-08|2025-04-09|2025-04-10|2025-04-11|2025-04-12|2025-04-13|2025-04-14|2025-04-15|2025-04-16|2025-04-17|2025-04-18|2025-04-19|2025-04-20|2025-04-21|2025-04-22|2025-04-23|2025-04-24|2025-04-25|2025-04-26|2025-04-27|2025-04-28|2025-04-29|2025-04-30|2025-05-01|2025-05-02|2025-05-03|2025-05-04|2025-05-05|2025-05-06|2025-05-07|2025-05-08|2025-05-09|2025-05-10|2025-05-11|2025-05-12|2025-05-13|2025-05-14|2025-05-15|2025-05-16|2025-05-17|2025-05-18|2025-05-19|2025-05-20|2025-05-21|2025-05-22|2025-05-23|2025-05-24|2025-05-25|2025-05-26|2025-05-27|2025-05-28|2025-05-29|2025-05-30|2025-05-31|2025-06-01|2025-06-02|2025-06-03|2025-06-04|2025-06-05|2025-06-06|2025-06-07|2025-06-08|2025-06-09|2025-06-10|2025-06-11|2025-06-12|2025-06-13|2025-06-14|2025-06-15|2025-06-16|2025-06-17|2025-06-18|2025-06-19|2025-06-20|2025-06-21|2025-06-22|2025-06-23|2025-06-24|2025-06-25|2025-06-26|2025-06-27|2025-06-28|2025-06-29|2025-06-30|2025-07-01|2025-07-02|2025-07-03|2025-07-04|2025-07-05|2025-07-06|2025-07-07|2025-07-08|2025-07-09|2025-07-10|2025-07-11|2025-07-12|2025-07-13|2025-07-14|2025-07-15|2025-07-16|2025-07-17|2025-07-18|2025-07-19|2025-07-20|2025-07-21|2025-07-22|2025-07-23|2025-07-24|2025-07-25|2025-07-26|2025-07-27|2025-07-28|2025-07-29|2025-07-30|2025-07-31|2025-08-01|2025-08-02|2025-08-03|2025-08-04|2025-08-05|2025-08-06|2025-08-07|2025-08-08|2025-08-09|2025-08-10|2025-08-11|2025-08-12|2025-08-13|2025-08-14|2025-08-15|2025-08-16|2025-08-17|2025-08-18|2025-08-19|2025-08-20|2025-08-21|2025-08-22|2025-08-23|2025-08-24|2025-08-25|2025-08-26|2025-08-27|2025-08-28|2025-08-29|2025-08-30|2025-08-31|2025-09-01|2025-09-02|2025-09-03|2025-09-04|2025-09-05|2025-09-06|2025-09-07|2025-09-08|2025-09-09|2025-09-10|2025-09-11|2025-09-12|2025-09-13|2025-09-14|2025-09-15|2025-09-16|2025-09-17|2025-09-18|2025-09-19|2025-09-20|2025-09-21|2025-09-22|2025-09-23|2025-09-24|2025-09-25|2025-09-26|2025-09-27|2025-09-28|2025-09-29|2025-09-30|2025-10-01|2025-10-02|2025-10-03|2025-10-04|2025-10-05|2025-10-06|2025-10-07|2025-10-08|2025-10-09|2025-10-10|2025-10-11|2025-10-12|2025-10-13|2025-10-14|2025-10-15|2025-10-16|2025-10-17|2025-10-18|2025-10-19|2025-10-20|2025-10-21|2025-10-22|2025-10-23|2025-10-24|2025-10-25|2025-10-26|2025-10-27|2025-10-28|2025-10-29|2025-10-30|2025-10-31|2025-11-01|2025-11-02|2025-11-03|2025-11-04|2025-11-05|2025-11-06|2025-11-07|2025-11-08|2025-11-09|2025-11-10|2025-11-11|2025-11-12|2025-11-13|2025-11-14|2025-11-15|2025-11-16|2025-11-17|2025-11-18|2025-11-19|2025-11-20|2025-11-21|2025-11-22|2025-11-23|2025-11-24|2025-11-25|2025-11-26|2025-11-27|2025-11-28|2025-11-29|2025-11-30|2025-12-01|2025-12-02|2025-12-03|2025-12-04|2025-12-05|2025-12-06|2025-12-07|2025-12-08|2025-12-09|2025-12-10|2025-12-11|2025-12-12|2025-12-13|2025-12-14|2025-12-15|2025-12-16|2025-12-17|2025-12-18|2025-12-19|2025-12-20|2025-12-21|2025-12-22|2025-12-23|2025-12-24|2025-12-25,0.06255134301138168,0.059929959290659716,0.06186108386812176,0.06483898996613176
2025-12-27,2,332,2025-01-29,2025-12-26,2025-01-29|2025-01-30|2025-01-31|2025-02-01|2025-02-02|2025-02-03|2025-02-04|2025-02-05|2025-02-06|2025-02-07|2025-02-08|2025-02-09|2025-02-10|2025-02-11|2025-02-12|2025-02-13|2025-02-14|2025-02-15|2025-02-16|2025-02-17|2025-02-18|2025-02-19|2025-02-20|2025-02-21|2025-02-22|2025-02-23|2025-02-24|2025-02-25|2025-02-26|2025-02-27|2025-02-28|2025-03-01|2025-03-02|2025-03-03|2025-03-04|2025-03-05|2025-03-06|2025-03-07|2025-03-08|2025-03-09|2025-03-10|2025-03-11|2025-03-12|2025-03-13|2025-03-14|2025-03-15|2025-03-16|2025-03-17|2025-03-18|2025-03-19|2025-03-20|2025-03-21|2025-03-22|2025-03-23|2025-03-24|2025-03-25|2025-03-26|2025-03-27|2025-03-28|2025-03-29|2025-03-30|2025-03-31|2025-04-01|2025-04-02|2025-04-03|2025-04-04|2025-04-05|2025-04-06|2025-04-07|2025-04-08|2025-04-09|2025-04-10|2025-04-11|2025-04-12|2025-04-13|2025-04-14|2025-04-15|2025-04-16|2025-04-17|2025-04-18|2025-04-19|2025-04-20|2025-04-21|2025-04-22|2025-04-23|2025-04-24|2025-04-25|2025-04-26|2025-04-27|2025-04-28|2025-04-29|2025-04-30|2025-05-01|2025-05-02|2025-05-03|2025-05-04|2025-05-05|2025-05-06|2025-05-07|2025-05-08|2025-05-09|2025-05-10|2025-05-11|2025-05-12|2025-05-13|2025-05-14|2025-05-15|2025-05-16|2025-05-17|2025-05-18|2025-05-19|2025-05-20|2025-05-21|2025-05-22|2025-05-23|2025-05-24|2025-05-25|2025-05-26|2025-05-27|2025-05-28|2025-05-29|2025-05-30|2025-05-31|2025-06-01|2025-06-02|2025-06-03|2025-06-04|2025-06-05|2025-06-06|2025-06-07|2025-06-08|2025-06-09|2025-06-10|2025-06-11|2025-06-12|2025-06-13|2025-06-14|2025-06-15|2025-06-16|2025-06-17|2025-06-18|2025-06-19|2025-06-20|2025-06-21|2025-06-22|2025-06-23|2025-06-24|2025-06-25|2025-06-26|2025-06-27|2025-06-28|2025-06-29|2025-06-30|2025-07-01|2025-07-02|2025-07-03|2025-07-04|2025-07-05|2025-07-06|2025-07-07|2025-07-08|2025-07-09|2025-07-10|2025-07-11|2025-07-12|2025-07-13|2025-07-14|2025-07-15|2025-07-16|2025-07-17|2025-07-18|2025-07-19|2025-07-20|2025-07-21|2025-07-22|2025-07-23|2025-07-24|2025-07-25|2025-07-26|2025-07-27|2025-07-28|2025-07-29|2025-07-30|2025-07-31|2025-08-01|2025-08-02|2025-08-03|2025-08-04|2025-08-05|2025-08-06|2025-08-07|2025-08-08|2025-08-09|2025-08-10|2025-08-11|2025-08-12|2025-08-13|2025-08-14|2025-08-15|2025-08-16|2025-08-17|2025-08-18|2025-08-19|2025-08-20|2025-08-21|2025-08-22|2025-08-23|2025-08-24|2025-08-25|2025-08-26|2025-08-27|2025-08-28|2025-08-29|2025-08-30|2025-08-31|2025-09-01|2025-09-02|2025-09-03|2025-09-04|2025-09-05|2025-09-06|2025-09-07|2025-09-08|2025-09-09|2025-09-10|2025-09-11|2025-09-12|2025-09-13|2025-09-14|2025-09-15|2025-09-16|2025-09-17|2025-09-18|2025-09-19|2025-09-20|2025-09-21|2025-09-22|2025-09-23|2025-09-24|2025-09-25|2025-09-26|2025-09-27|2025-09-28|2025-09-29|2025-09-30|2025-10-01|2025-10-02|2025-10-03|2025-10-04|2025-10-05|2025-10-06|2025-10-07|2025-10-08|2025-10-09|2025-10-10|2025-10-11|2025-10-12|2025-10-13|2025-10-14|2025-10-15|2025-10-16|2025-10-17|2025-10-18|2025-10-19|2025-10-20|2025-10-21|2025-10-22|2025-10-23|2025-10-24|2025-10-25|2025-10-26|2025-10-27|2025-10-28|2025-10-29|2025-10-30|2025-10-31|2025-11-01|2025-11-02|2025-11-03|2025-11-04|2025-11-05|2025-11-06|2025-11-07|2025-11-08|2025-11-09|2025-11-10|2025-11-11|2025-11-12|2025-11-13|2025-11-14|2025-11-15|2025-11-16|2025-11-17|2025-11-18|2025-11-19|2025-11-20|2025-11-21|2025-11-22|2025-11-23|2025-11-24|2025-11-25|2025-11-26|2025-11-27|2025-11-28|2025-11-29|2025-11-30|2025-12-01|2025-12-02|2025-12-03|2025-12-04|2025-12-05|2025-12-06|2025-12-07|2025-12-08|2025-12-09|2025-12-10|2025-12-11|2025-12-12|2025-12-13|2025-12-14|2025-12-15|2025-12-16|2025-12-17|2025-12-18|2025-12-19|2025-12-20|2025-12-21|2025-12-22|2025-12-23|2025-12-24|2025-12-25|2025-12-26,0.06252836935447775,0.05989078541745617,0.0618075369926004,0.06481539555613876
2025-12-28,2,333,2025-01-29,2025-12-27,2025-01-29|2025-01-30|2025-01-31|2025-02-01|2025-02-02|2025-02-03|2025-02-04|2025-02-05|2025-02-06|2025-02-07|2025-02-08|2025-02-09|2025-02-10|2025-02-11|2025-02-12|2025-02-13|2025-02-14|2025-02-15|2025-02-16|2025-02-17|2025-02-18|2025-02-19|2025-02-20|2025-02-21|2025-02-22|2025-02-23|2025-02-24|2025-02-25|2025-02-26|2025-02-27|2025-02-28|2025-03-01|2025-03-02|2025-03-03|2025-03-04|2025-03-05|2025-03-06|2025-03-07|2025-03-08|2025-03-09|2025-03-10|2025-03-11|2025-03-12|2025-03-13|2025-03-14|2025-03-15|2025-03-16|2025-03-17|2025-03-18|2025-03-19|2025-03-20|2025-03-21|2025-03-22|2025-03-23|2025-03-24|2025-03-25|2025-03-26|2025-03-27|2025-03-28|2025-03-29|2025-03-30|2025-03-31|2025-04-01|2025-04-02|2025-04-03|2025-04-04|2025-04-05|2025-04-06|2025-04-07|2025-04-08|2025-04-09|2025-04-10|2025-04-11|2025-04-12|2025-04-13|2025-04-14|2025-04-15|2025-04-16|2025-04-17|2025-04-18|2025-04-19|2025-04-20|2025-04-21|2025-04-22|2025-04-23|2025-04-24|2025-04-25|2025-04-26|2025-04-27|2025-04-28|2025-04-29|2025-04-30|2025-05-01|2025-05-02|2025-05-03|2025-05-04|2025-05-05|2025-05-06|2025-05-07|2025-05-08|2025-05-09|2025-05-10|2025-05-11|2025-05-12|2025-05-13|2025-05-14|2025-05-15|2025-05-16|2025-05-17|2025-05-18|2025-05-19|2025-05-20|2025-05-21|2025-05-22|2025-05-23|2025-05-24|2025-05-25|2025-05-26|2025-05-27|2025-05-28|2025-05-29|2025-05-30|2025-05-31|2025-06-01|2025-06-02|2025-06-03|2025-06-04|2025-06-05|2025-06-06|2025-06-07|2025-06-08|2025-06-09|2025-06-10|2025-06-11|2025-06-12|2025-06-13|2025-06-14|2025-06-15|2025-06-16|2025-06-17|2025-06-18|2025-06-19|2025-06-20|2025-06-21|2025-06-22|2025-06-23|2025-06-24|2025-06-25|2025-06-26|2025-06-27|2025-06-28|2025-06-29|2025-06-30|2025-07-01|2025-07-02|2025-07-03|2025-07-04|2025-07-05|2025-07-06|2025-07-07|2025-07-08|2025-07-09|2025-07-10|2025-07-11|2025-07-12|2025-07-13|2025-07-14|2025-07-15|2025-07-16|2025-07-17|2025-07-18|2025-07-19|2025-07-20|2025-07-21|2025-07-22|2025-07-23|2025-07-24|2025-07-25|2025-07-26|2025-07-27|2025-07-28|2025-07-29|2025-07-30|2025-07-31|2025-08-01|2025-08-02|2025-08-03|2025-08-04|2025-08-05|2025-08-06|2025-08-07|2025-08-08|2025-08-09|2025-08-10|2025-08-11|2025-08-12|2025-08-13|2025-08-14|2025-08-15|2025-08-16|2025-08-17|2025-08-18|2025-08-19|2025-08-20|2025-08-21|2025-08-22|2025-08-23|2025-08-24|2025-08-25|2025-08-26|2025-08-27|2025-08-28|2025-08-29|2025-08-30|2025-08-31|2025-09-01|2025-09-02|2025-09-03|2025-09-04|2025-09-05|2025-09-06|2025-09-07|2025-09-08|2025-09-09|2025-09-10|2025-09-11|2025-09-12|2025-09-13|2025-09-14|2025-09-15|2025-09-16|2025-09-17|2025-09-18|2025-09-19|2025-09-20|2025-09-21|2025-09-22|2025-09-23|2025-09-24|2025-09-25|2025-09-26|2025-09-27|2025-09-28|2025-09-29|2025-09-30|2025-10-01|2025-10-02|2025-10-03|2025-10-04|2025-10-05|2025-10-06|2025-10-07|2025-10-08|2025-10-09|2025-10-10|2025-10-11|2025-10-12|2025-10-13|2025-10-14|2025-10-15|2025-10-16|2025-10-17|2025-10-18|2025-10-19|2025-10-20|2025-10-21|2025-10-22|2025-10-23|2025-10-24|2025-10-25|2025-10-26|2025-10-27|2025-10-28|2025-10-29|2025-10-30|2025-10-31|2025-11-01|2025-11-02|2025-11-03|2025-11-04|2025-11-05|2025-11-06|2025-11-07|2025-11-08|2025-11-09|2025-11-10|2025-11-11|2025-11-12|2025-11-13|2025-11-14|2025-11-15|2025-11-16|2025-11-17|2025-11-18|2025-11-19|2025-11-20|2025-11-21|2025-11-22|2025-11-23|2025-11-24|2025-11-25|2025-11-26|2025-11-27|2025-11-28|2025-11-29|2025-11-30|2025-12-01|2025-12-02|2025-12-03|2025-12-04|2025-12-05|2025-12-06|2025-12-07|2025-12-08|2025-12-09|2025-12-10|2025-12-11|2025-12-12|2025-12-13|2025-12-14|2025-12-15|2025-12-16|2025-12-17|2025-12-18|2025-12-19|2025-12-20|2025-12-21|2025-12-22|2025-12-23|2025-12-24|2025-12-25|2025-12-26|2025-12-27,0.06251333878725275,0.05984193532453046,0.06174845827974339,0.06477884460629235
2025-12-29,2,334,2025-01-29,2025-12-28,2025-01-29|2025-01-30|2025-01-31|2025-02-01|2025-02-02|2025-02-03|2025-02-04|2025-02-05|2025-02-06|2025-02-07|2025-02-08|2025-02-09|2025-02-10|2025-02-11|2025-02-12|2025-02-13|2025-02-14|2025-02-15|2025-02-16|2025-02-17|2025-02-18|2025-02-19|2025-02-20|2025-02-21|2025-02-22|2025-02-23|2025-02-24|2025-02-25|2025-02-26|2025-02-27|2025-02-28|2025-03-01|2025-03-02|2025-03-03|2025-03-04|2025-03-05|2025-03-06|2025-03-07|2025-03-08|2025-03-09|2025-03-10|2025-03-11|2025-03-12|2025-03-13|2025-03-14|2025-03-15|2025-03-16|2025-03-17|2025-03-18|2025-03-19|2025-03-20|2025-03-21|2025-03-22|2025-03-23|2025-03-24|2025-03-25|2025-03-26|2025-03-27|2025-03-28|2025-03-29|2025-03-30|2025-03-31|2025-04-01|2025-04-02|2025-04-03|2025-04-04|2025-04-05|2025-04-06|2025-04-07|2025-04-08|2025-04-09|2025-04-10|2025-04-11|2025-04-12|2025-04-13|2025-04-14|2025-04-15|2025-04-16|2025-04-17|2025-04-18|2025-04-19|2025-04-20|2025-04-21|2025-04-22|2025-04-23|2025-04-24|2025-04-25|2025-04-26|2025-04-27|2025-04-28|2025-04-29|2025-04-30|2025-05-01|2025-05-02|2025-05-03|2025-05-04|2025-05-05|2025-05-06|2025-05-07|2025-05-08|2025-05-09|2025-05-10|2025-05-11|2025-05-12|2025-05-13|2025-05-14|2025-05-15|2025-05-16|2025-05-17|2025-05-18|2025-05-19|2025-05-20|2025-05-21|2025-05-22|2025-05-23|2025-05-24|2025-05-25|2025-05-26|2025-05-27|2025-05-28|2025-05-29|2025-05-30|2025-05-31|2025-06-01|2025-06-02|2025-06-03|2025-06-04|2025-06-05|2025-06-06|2025-06-07|2025-06-08|2025-06-09|2025-06-10|2025-06-11|2025-06-12|2025-06-13|2025-06-14|2025-06-15|2025-06-16|2025-06-17|2025-06-18|2025-06-19|2025-06-20|2025-06-21|2025-06-22|2025-06-23|2025-06-24|2025-06-25|2025-06-26|2025-06-27|2025-06-28|2025-06-29|2025-06-30|2025-07-01|2025-07-02|2025-07-03|2025-07-04|2025-07-05|2025-07-06|2025-07-07|2025-07-08|2025-07-09|2025-07-10|2025-07-11|2025-07-12|2025-07-13|2025-07-14|2025-07-15|2025-07-16|2025-07-17|2025-07-18|2025-07-19|2025-07-20|2025-07-21|2025-07-22|2025-07-23|2025-07-24|2025-07-25|2025-07-26|2025-07-27|2025-07-28|2025-07-29|2025-07-30|2025-07-31|2025-08-01|2025-08-02|2025-08-03|2025-08-04|2025-08-05|2025-08-06|2025-08-07|2025-08-08|2025-08-09|2025-08-10|2025-08-11|2025-08-12|2025-08-13|2025-08-14|2025-08-15|2025-08-16|2025-08-17|2025-08-18|2025-08-19|2025-08-20|2025-08-21|2025-08-22|2025-08-23|2025-08-24|2025-08-25|2025-08-26|2025-08-27|2025-08-28|2025-08-29|2025-08-30|2025-08-31|2025-09-01|2025-09-02|2025-09-03|2025-09-04|2025-09-05|2025-09-06|2025-09-07|2025-09-08|2025-09-09|2025-09-10|2025-09-11|2025-09-12|2025-09-13|2025-09-14|2025-09-15|2025-09-16|2025-09-17|2025-09-18|2025-09-19|2025-09-20|2025-09-21|2025-09-22|2025-09-23|2025-09-24|2025-09-25|2025-09-26|2025-09-27|2025-09-28|2025-09-29|2025-09-30|2025-10-01|2025-10-02|2025-10-03|2025-10-04|2025-10-05|2025-10-06|2025-10-07|2025-10-08|2025-10-09|2025-10-10|2025-10-11|2025-10-12|2025-10-13|2025-10-14|2025-10-15|2025-10-16|2025-10-17|2025-10-18|2025-10-19|2025-10-20|2025-10-21|2025-10-22|2025-10-23|2025-10-24|2025-10-25|2025-10-26|2025-10-27|2025-10-28|2025-10-29|2025-10-30|2025-10-31|2025-11-01|2025-11-02|2025-11-03|2025-11-04|2025-11-05|2025-11-06|2025-11-07|2025-11-08|2025-11-09|2025-11-10|2025-11-11|2025-11-12|2025-11-13|2025-11-14|2025-11-15|2025-11-16|2025-11-17|2025-11-18|2025-11-19|2025-11-20|2025-11-21|2025-11-22|2025-11-23|2025-11-24|2025-11-25|2025-11-26|2025-11-27|2025-11-28|2025-11-29|2025-11-30|2025-12-01|2025-12-02|2025-12-03|2025-12-04|2025-12-05|2025-12-06|2025-12-07|2025-12-08|2025-12-09|2025-12-10|2025-12-11|2025-12-12|2025-12-13|2025-12-14|2025-12-15|2025-12-16|2025-12-17|2025-12-18|2025-12-19|2025-12-20|2025-12-21|2025-12-22|2025-12-23|2025-12-24|2025-12-25|2025-12-26|2025-12-27|2025-12-28,0.06242770933725639,0.059760914849465004,0.06165512736995709,0.06467613257034725
2025-12-30,2,335,2025-01-29,2025-12-29,2025-01-29|2025-01-30|2025-01-31|2025-02-01|2025-02-02|2025-02-03|2025-02-04|2025-02-05|2025-02-06|2025-02-07|2025-02-08|2025-02-09|2025-02-10|2025-02-11|2025-02-12|2025-02-13|2025-02-14|2025-02-15|2025-02-16|2025-02-17|2025-02-18|2025-02-19|2025-02-20|2025-02-21|2025-02-22|2025-02-23|2025-02-24|2025-02-25|2025-02-26|2025-02-27|2025-02-28|2025-03-01|2025-03-02|2025-03-03|2025-03-04|2025-03-05|2025-03-06|2025-03-07|2025-03-08|2025-03-09|2025-03-10|2025-03-11|2025-03-12|2025-03-13|2025-03-14|2025-03-15|2025-03-16|2025-03-17|2025-03-18|2025-03-19|2025-03-20|2025-03-21|2025-03-22|2025-03-23|2025-03-24|2025-03-25|2025-03-26|2025-03-27|2025-03-28|2025-03-29|2025-03-30|2025-03-31|2025-04-01|2025-04-02|2025-04-03|2025-04-04|2025-04-05|2025-04-06|2025-04-07|2025-04-08|2025-04-09|2025-04-10|2025-04-11|2025-04-12|2025-04-13|2025-04-14|2025-04-15|2025-04-16|2025-04-17|2025-04-18|2025-04-19|2025-04-20|2025-04-21|2025-04-22|2025-04-23|2025-04-24|2025-04-25|2025-04-26|2025-04-27|2025-04-28|2025-04-29|2025-04-30|2025-05-01|2025-05-02|2025-05-03|2025-05-04|2025-05-05|2025-05-06|2025-05-07|2025-05-08|2025-05-09|2025-05-10|2025-05-11|2025-05-12|2025-05-13|2025-05-14|2025-05-15|2025-05-16|2025-05-17|2025-05-18|2025-05-19|2025-05-20|2025-05-21|2025-05-22|2025-05-23|2025-05-24|2025-05-25|2025-05-26|2025-05-27|2025-05-28|2025-05-29|2025-05-30|2025-05-31|2025-06-01|2025-06-02|2025-06-03|2025-06-04|2025-06-05|2025-06-06|2025-06-07|2025-06-08|2025-06-09|2025-06-10|2025-06-11|2025-06-12|2025-06-13|2025-06-14|2025-06-15|2025-06-16|2025-06-17|2025-06-18|2025-06-19|2025-06-20|2025-06-21|2025-06-22|2025-06-23|2025-06-24|2025-06-25|2025-06-26|2025-06-27|2025-06-28|2025-06-29|2025-06-30|2025-07-01|2025-07-02|2025-07-03|2025-07-04|2025-07-05|2025-07-06|2025-07-07|2025-07-08|2025-07-09|2025-07-10|2025-07-11|2025-07-12|2025-07-13|2025-07-14|2025-07-15|2025-07-16|2025-07-17|2025-07-18|2025-07-19|2025-07-20|2025-07-21|2025-07-22|2025-07-23|2025-07-24|2025-07-25|2025-07-26|2025-07-27|2025-07-28|2025-07-29|2025-07-30|2025-07-31|2025-08-01|2025-08-02|2025-08-03|2025-08-04|2025-08-05|2025-08-06|2025-08-07|2025-08-08|2025-08-09|2025-08-10|2025-08-11|2025-08-12|2025-08-13|2025-08-14|2025-08-15|2025-08-16|2025-08-17|2025-08-18|2025-08-19|2025-08-20|2025-08-21|2025-08-22|2025-08-23|2025-08-24|2025-08-25|2025-08-26|2025-08-27|2025-08-28|2025-08-29|2025-08-30|2025-08-31|2025-09-01|2025-09-02|2025-09-03|2025-09-04|2025-09-05|2025-09-06|2025-09-07|2025-09-08|2025-09-09|2025-09-10|2025-09-11|2025-09-12|2025-09-13|2025-09-14|2025-09-15|2025-09-16|2025-09-17|2025-09-18|2025-09-19|2025-09-20|2025-09-21|2025-09-22|2025-09-23|2025-09-24|2025-09-25|2025-09-26|2025-09-27|2025-09-28|2025-09-29|2025-09-30|2025-10-01|2025-10-02|2025-10-03|2025-10-04|2025-10-05|2025-10-06|2025-10-07|2025-10-08|2025-10-09|2025-10-10|2025-10-11|2025-10-12|2025-10-13|2025-10-14|2025-10-15|2025-10-16|2025-10-17|2025-10-18|2025-10-19|2025-10-20|2025-10-21|2025-10-22|2025-10-23|2025-10-24|2025-10-25|2025-10-26|2025-10-27|2025-10-28|2025-10-29|2025-10-30|2025-10-31|2025-11-01|2025-11-02|2025-11-03|2025-11-04|2025-11-05|2025-11-06|2025-11-07|2025-11-08|2025-11-09|2025-11-10|2025-11-11|2025-11-12|2025-11-13|2025-11-14|2025-11-15|2025-11-16|2025-11-17|2025-11-18|2025-11-19|2025-11-20|2025-11-21|2025-11-22|2025-11-23|2025-11-24|2025-11-25|2025-11-26|2025-11-27|2025-11-28|2025-11-29|2025-11-30|2025-12-01|2025-12-02|2025-12-03|2025-12-04|2025-12-05|2025-12-06|2025-12-07|2025-12-08|2025-12-09|2025-12-10|2025-12-11|2025-12-12|2025-12-13|2025-12-14|2025-12-15|2025-12-16|2025-12-17|2025-12-18|2025-12-19|2025-12-20|2025-12-21|2025-12-22|2025-12-23|2025-12-24|2025-12-25|2025-12-26|2025-12-27|2025-12-28|2025-12-29,0.06233259266873972,0.059670261884274704,0.06154842644366783,0.06455896667604942
2025-12-31,2,336,2025-01-29,2025-12-30,2025-01-29|2025-01-30|2025-01-31|2025-02-01|2025-02-02|2025-02-03|2025-02-04|2025-02-05|2025-02-06|2025-02-07|2025-02-08|2025-02-09|2025-02-10|2025-02-11|2025-02-12|2025-02-13|2025-02-14|2025-02-15|2025-02-16|2025-02-17|2025-02-18|2025-02-19|2025-02-20|2025-02-21|2025-02-22|2025-02-23|2025-02-24|2025-02-25|2025-02-26|2025-02-27|2025-02-28|2025-03-01|2025-03-02|2025-03-03|2025-03-04|2025-03-05|2025-03-06|2025-03-07|2025-03-08|2025-03-09|2025-03-10|2025-03-11|2025-03-12|2025-03-13|2025-03-14|2025-03-15|2025-03-16|2025-03-17|2025-03-18|2025-03-19|2025-03-20|2025-03-21|2025-03-22|2025-03-23|2025-03-24|2025-03-25|2025-03-26|2025-03-27|2025-03-28|2025-03-29|2025-03-30|2025-03-31|2025-04-01|2025-04-02|2025-04-03|2025-04-04|2025-04-05|2025-04-06|2025-04-07|2025-04-08|2025-04-09|2025-04-10|2025-04-11|2025-04-12|2025-04-13|2025-04-14|2025-04-15|2025-04-16|2025-04-17|2025-04-18|2025-04-19|2025-04-20|2025-04-21|2025-04-22|2025-04-23|2025-04-24|2025-04-25|2025-04-26|2025-04-27|2025-04-28|2025-04-29|2025-04-30|2025-05-01|2025-05-02|2025-05-03|2025-05-04|2025-05-05|2025-05-06|2025-05-07|2025-05-08|2025-05-09|2025-05-10|2025-05-11|2025-05-12|2025-05-13|2025-05-14|2025-05-15|2025-05-16|2025-05-17|2025-05-18|2025-05-19|2025-05-20|2025-05-21|2025-05-22|2025-05-23|2025-05-24|2025-05-25|2025-05-26|2025-05-27|2025-05-28|2025-05-29|2025-05-30|2025-05-31|2025-06-01|2025-06-02|2025-06-03|2025-06-04|2025-06-05|2025-06-06|2025-06-07|2025-06-08|2025-06-09|2025-06-10|2025-06-11|2025-06-12|2025-06-13|2025-06-14|2025-06-15|2025-06-16|2025-06-17|2025-06-18|2025-06-19|2025-06-20|2025-06-21|2025-06-22|2025-06-23|2025-06-24|2025-06-25|2025-06-26|2025-06-27|2025-06-28|2025-06-29|2025-06-30|2025-07-01|2025-07-02|2025-07-03|2025-07-04|2025-07-05|2025-07-06|2025-07-07|2025-07-08|2025-07-09|2025-07-10|2025-07-11|2025-07-12|2025-07-13|2025-07-14|2025-07-15|2025-07-16|2025-07-17|2025-07-18|2025-07-19|2025-07-20|2025-07-21|2025-07-22|2025-07-23|2025-07-24|2025-07-25|2025-07-26|2025-07-27|2025-07-28|2025-07-29|2025-07-30|2025-07-31|2025-08-01|2025-08-02|2025-08-03|2025-08-04|2025-08-05|2025-08-06|2025-08-07|2025-08-08|2025-08-09|2025-08-10|2025-08-11|2025-08-12|2025-08-13|2025-08-14|2025-08-15|2025-08-16|2025-08-17|2025-08-18|2025-08-19|2025-08-20|2025-08-21|2025-08-22|2025-08-23|2025-08-24|2025-08-25|2025-08-26|2025-08-27|2025-08-28|2025-08-29|2025-08-30|2025-08-31|2025-09-01|2025-09-02|2025-09-03|2025-09-04|2025-09-05|2025-09-06|2025-09-07|2025-09-08|2025-09-09|2025-09-10|2025-09-11|2025-09-12|2025-09-13|2025-09-14|2025-09-15|2025-09-16|2025-09-17|2025-09-18|2025-09-19|2025-09-20|2025-09-21|2025-09-22|2025-09-23|2025-09-24|2025-09-25|2025-09-26|2025-09-27|2025-09-28|2025-09-29|2025-09-30|2025-10-01|2025-10-02|2025-10-03|2025-10-04|2025-10-05|2025-10-06|2025-10-07|2025-10-08|2025-10-09|2025-10-10|2025-10-11|2025-10-12|2025-10-13|2025-10-14|2025-10-15|2025-10-16|2025-10-17|2025-10-18|2025-10-19|2025-10-20|2025-10-21|2025-10-22|2025-10-23|2025-10-24|2025-10-25|2025-10-26|2025-10-27|2025-10-28|2025-10-29|2025-10-30|2025-10-31|2025-11-01|2025-11-02|2025-11-03|2025-11-04|2025-11-05|2025-11-06|2025-11-07|2025-11-08|2025-11-09|2025-11-10|2025-11-11|2025-11-12|2025-11-13|2025-11-14|2025-11-15|2025-11-16|2025-11-17|2025-11-18|2025-11-19|2025-11-20|2025-11-21|2025-11-22|2025-11-23|2025-11-24|2025-11-25|2025-11-26|2025-11-27|2025-11-28|2025-11-29|2025-11-30|2025-12-01|2025-12-02|2025-12-03|2025-12-04|2025-12-05|2025-12-06|2025-12-07|2025-12-08|2025-12-09|2025-12-10|2025-12-11|2025-12-12|2025-12-13|2025-12-14|2025-12-15|2025-12-16|2025-12-17|2025-12-18|2025-12-19|2025-12-20|2025-12-21|2025-12-22|2025-12-23|2025-12-24|2025-12-25|2025-12-26|2025-12-27|2025-12-28|2025-12-29|2025-12-30,0.06224617846377971,0.05957844753901414,0.061443508097966726,0.06443743247718162
