date,run_label,alpha,lambda,soc_start_kwh,scenario_count_00,soc_00_kwh,plan_primary_status_00,plan_secondary_status_00,plan_cost_00_yuan,increase_00_kwh,decrease_00_kwh,scenario_count_06,soc_06_kwh,plan_primary_status_06,plan_secondary_status_06,adjustment_cost_06_yuan,increase_06_kwh,decrease_06_kwh,rho_06,scenario_count_12,soc_12_kwh,plan_primary_status_12,plan_secondary_status_12,adjustment_cost_12_yuan,increase_12_kwh,decrease_12_kwh,rho_12,scenario_count_18,soc_18_kwh,plan_primary_status_18,plan_secondary_status_18,adjustment_cost_18_yuan,increase_18_kwh,decrease_18_kwh,rho_18,soc_end_kwh,soc_min_kwh,soc_max_kwh,adjustment_cost_total_yuan,actual_emergency_purchase_kwh,actual_emergency_cost_yuan,total_actual_cost_yuan,emergency_slot_count,actual_throughput_kwh,simultaneous_slots,max_constraint_violation,actual_primary_status,actual_secondary_status,actual_tertiary_status,predicted_plan_cost_00_yuan,predicted_adjustment_cost_06_yuan,predicted_adjustment_cost_12_yuan,predicted_adjustment_cost_18_yuan
2025-02-01,Q4-3 SEARCH,0.8,2.0,6000.0,2,6000.0,optimal,optimal,17704.998134576555,0.0,0.0,2,9412.028295154325,optimal,optimal,-835.8328280117909,0.0,3016.2460072980675,0.6203361283146992,2,6894.116867746915,optimal,optimal,-63.7017297471607,2.6850483436646755e-07,193.7677869331808,0.5219275667876406,2,10197.944476851852,optimal,optimal,-26.66209790810743,0.0,62.756499171064284,0.5,1200.0000001,1200.0000001,10800.0,-926.196655667059,1.0520875733979311e-07,2e-07,16778.801479109497,0,33067.368391786666,0,1.00000761449337e-07,optimal,optimal,optimal,18731.39647195714,-814.2297012583119,-60.63598023095882,-23.401662907507536
2025-02-02,Q4-3 SEARCH,0.8,2.0,1200.0000001,3,1200.0000001,optimal,optimal,64060.004566700896,0.0,0.0,3,10800.0,optimal,optimal,-1488.9033273389186,9.157730099887885,3722.519321185306,0.630420805544078,3,7521.591452352982,optimal,optimal,-383.0582124925039,20.076424518134473,1032.6462124800125,0.5328440473078151,3,10800.0,optimal,optimal,-4.779619899034292e-07,2.1648925212502944e-07,1.1652064118131058e-06,0.5,1200.0000001,1200.0000001,10800.0,-1871.9615403093846,14.533405615991784,34.202857122184824,62222.24588351369,3,42170.614868765406,0,1.0002986527979374e-07,optimal,optimal,optimal,67597.33438475637,-1538.0791806543139,-382.8346607499197,-4.422441678103492e-07
2025-02-03,Q4-3 SEARCH,0.8,2.0,1200.0000001,4,1200.0000001,optimal,optimal,66972.86227921161,0.0,0.0,4,10794.161419753087,optimal,optimal,-1993.051487424206,0.0,4652.188913573755,0.6081206271476367,4,7630.736388465353,optimal,optimal,-619.7654490223899,0.0,1490.9125915651614,0.5188848576958215,4,10786.822222222223,optimal,optimal,23.118253880361035,11.859999999998106,1.1368683772161603e-12,0.5,1283.9915780940123,1200.0000001,10800.0,-2589.6986825662348,168.16601619708217,805.4645644066369,65188.62816105202,7,41082.588042199175,0,1.0000712791224942e-07,optimal,optimal,optimal,68977.70785854544,-2004.3091186809195,-612.1668249231451,21.394021507337282
2025-02-04,Q4-3 SEARCH,0.8,2.0,1283.9915780940123,5,1283.9915780940123,optimal,optimal,69114.38781601956,0.0,0.0,5,10800.0,optimal,optimal,-1596.604114333954,159.7802744378373,4296.463035780327,0.604213286359979,5,7944.716762260735,optimal,optimal,-1007.5933282785447,0.0,2526.5208754179657,0.5361436228440177,5,10792.654320987655,optimal,optimal,12.824233278060671,6.611111111108393,2.2737367544323206e-13,0.5,1200.0000001,1200.0000001,10800.0,-2591.3732093344383,29.371520544730082,147.5463018748714,66670.56090855999,3,42726.2318372301,0,1.00000761449337e-07,optimal,optimal,optimal,70643.73772415877,-1626.7211588180512,-1026.7057890049773,12.366274995310198
2025-02-05,Q4-3 SEARCH,0.8,2.0,1200.0000001,6,1200.0000001,optimal,optimal,64893.080383486886,0.0,0.0,6,10800.0,optimal,optimal,-315.1550338241549,335.37775993769117,1957.0098108799693,0.6073189178332172,6,7073.663197573372,optimal,optimal,-479.19634854779105,0.0,1103.2700994747056,0.5500793609993078,6,10800.0,optimal,optimal,1.0457842430304111e-07,2.1197309603817317e-07,2.6169595883404377e-07,0.5,1200.0000001,1200.0000001,10800.0,-794.3513822673674,151.68095828631462,387.37292620333284,64486.101927422846,7,43162.96854803402,0,1.0001531336456537e-07,optimal,optimal,optimal,66107.53444789513,-311.75227417404017,-481.3877187833065,1.0000363797880706e-07
2025-02-06,Q4-3 SEARCH,0.8,2.0,1200.0000001,7,1200.0000001,optimal,optimal,69900.42837506898,0.0,0.0,7,10797.222530864197,optimal,optimal,-2264.1367245538772,0.0,5075.792795738254,0.6235349872124988,7,7774.480444385562,optimal,optimal,-1335.7115186091364,0.0,3170.5321260292103,0.5707119684648804,7,10796.047530864198,optimal,optimal,7.064109827777178,3.5572224477495307,2.784286959084521e-07,0.5,1200.0000001,1200.0000001,10800.0,-3592.7841333352367,69.54772372669838,150.8644240187017,66458.50866575244,5,43310.10671141306,0,1.0000121619668789e-07,optimal,optimal,optimal,72123.62018843417,-2202.407346352834,-1304.6293071776463,6.503323485448312
2025-02-07,Q4-3 SEARCH,0.8,2.0,1200.0000001,8,1200.0000001,optimal,optimal,19303.121975249713,0.0,0.0,8,9683.11007407407,optimal,optimal,-726.0279800410015,0.0,3048.087118656589,0.6423505795163891,8,7505.256504074071,optimal,optimal,-328.83630050557315,0.0,1424.624327205773,0.6644873138638798,8,10290.618518518519,optimal,optimal,13.608128726244038,10.708333645773681,3.8572984091305266e-07,0.5,1200.0,1200.0,10800.0,-1041.2561518203306,92.70863841883879,251.4156316779144,18513.2814551073,3,39116.99555989631,0,1.0000064776249928e-07,optimal,optimal,optimal,20499.615480342673,-734.5836814425246,-346.3225985768903,12.64277599034009
2025-02-08,Q4-3 SEARCH,0.8,2.0,1200.0,9,1200.0,optimal,optimal,15715.003714839153,0.0,0.0,9,8246.95644607821,optimal,optimal,-90.39661732880558,7.3266143650567415,294.7451219331481,0.6251944679866634,9,7408.129102744877,optimal,optimal,-18.69059436091944,0.9439153216314935,56.56802693128907,0.7212701175370082,9,9922.13807419691,optimal,optimal,53.878941032613284,60.73194290115235,32.61064943767412,0.5,1200.0000000999994,1200.0,10800.0,-55.20827065711174,278.47511563134236,893.617332549739,16553.41277673178,9,36219.23474316862,0,1.0000303518609144e-07,optimal,optimal,optimal,16048.099593682797,-86.5666394252153,-17.935064507921947,56.08821052281125
2025-02-09,Q4-3 SEARCH,0.8,2.0,1200.0000000999994,10,1200.0000000999994,optimal,optimal,64125.82473182769,0.0,0.0,10,10793.536111111112,optimal,optimal,-916.1972410679905,0.0,1810.2997390068192,0.6518986649382474,10,8090.7704667304915,optimal,optimal,-868.4197366266592,0.0,2165.9649892646094,0.7139956059165149,10,10777.467592592593,optimal,optimal,6.374275203743951,9.570833333333935,20.381313002053716,0.5,1200.0000001,1200.0000000999994,10800.000000000002,-1778.2427024909057,200.875513211228,332.23007516022176,62679.81210449701,2,42957.021399182275,0,1.0002258932217956e-07,optimal,optimal,optimal,65362.63289217499,-926.8126691482184,-842.9270360628879,6.454978462435199
2025-02-10,Q4-3 SEARCH,0.8,2.0,1200.0000001,11,1200.0000001,optimal,optimal,59136.754729642715,0.0,0.0,11,10741.27487037037,optimal,optimal,-2567.01369177494,2.118680114839208,6124.433918112296,0.632296215923355,11,7611.218320631951,optimal,optimal,338.2559344483443,456.9376525707719,808.267772660722,0.7122470447481396,11,9998.13888888889,optimal,optimal,-12.601780479611772,1.4000001513004008,22.33332899741694,0.5,1205.9361873396672,1200.0000001,10800.0,-2241.3595378062078,203.32081769295348,576.732738385587,57472.127930222094,4,39763.71766652087,0,1.0000803740695119e-07,optimal,optimal,optimal,60445.921488871376,-2707.472299637187,324.4526789811275,-12.497388035838373
2025-02-11,Q4-3 SEARCH,0.8,2.0,1205.9361873396672,12,1205.9361873396672,optimal,optimal,60371.995609804115,0.0,0.0,12,10776.236749999998,optimal,optimal,-1913.269027974688,0.2593259813581881,4499.635018775654,0.6087291375097827,12,6621.154715407464,optimal,optimal,-773.7572709546494,0.0,1863.1161007373298,0.7061748899852236,12,10800.0,optimal,optimal,-6.159733357752441,0.0,9.957537341860291,0.5,1257.4330279593562,1200.0,10800.0,-2693.18603228709,656.8695496714137,2403.6024847287968,60082.41206224582,17,42173.7519591106,0,1.0000940164900385e-07,optimal,optimal,optimal,61400.20353087335,-2044.913291005448,-797.5352029157812,-6.173122970635482
2025-02-12,Q4-3 SEARCH,0.8,2.0,1257.4330279593562,13,1257.4330279593562,optimal,optimal,59839.69484207868,0.0,0.0,13,10800.0,optimal,optimal,-2191.026255183717,0.0,5152.120984247437,0.6160564084196161,13,7339.720962102645,optimal,optimal,-625.5932652306326,0.0,1475.9578708962063,0.7216505498964687,13,10488.718751139764,optimal,optimal,416.78516443058356,280.1531239742108,18.668833869932996,0.5,1200.0000000999999,1199.9999999999998,10800.0,-2399.834355983766,478.9278707089098,1715.0604591965339,59154.920945291444,21,45655.22350772439,0,1.0000098882301245e-07,optimal,optimal,optimal,61152.86395667642,-2239.0846637268637,-609.8097714793846,399.1802108521832
2025-02-13,Q4-3 SEARCH,0.8,2.0,1200.0000000999999,14,1200.0000000999999,optimal,optimal,55470.02438013595,0.0,0.0,14,9805.440168834019,optimal,optimal,-1673.0549968713997,51.97911019734897,4476.426295727904,0.6239763911438716,14,7394.767716242602,optimal,optimal,838.6650886592092,729.2485505430348,498.3623809848982,0.7152704096105844,14,10008.087563152829,optimal,optimal,-149.48893890595787,0.0,233.1029773375478,0.5,1200.0000000999996,1200.0000000999996,10800.0,-983.8788471181483,130.7181969680934,306.50941449050424,54792.6549475083,4,41486.323811647744,0,1.0002986527979374e-07,optimal,optimal,optimal,56726.39791869589,-1857.141956179258,838.0010229922037,-138.12141394582872
2025-02-14,Q4-3 SEARCH,0.8,2.0,1200.0000000999996,14,1200.0000000999996,optimal,optimal,15509.308204519337,0.0,0.0,14,8007.2930590277765,optimal,optimal,129.40991388670912,250.45388575141118,567.1732815670414,0.6139351606603018,14,6804.021748227084,optimal,optimal,254.547315428231,260.03621056549514,3.979039320256561e-13,0.6610797178699424,14,9938.719884529373,optimal,optimal,137.56258595879896,116.0509224581236,0.0,0.5,1200.0000000697275,1200.0000000697275,10800.0,521.5198152737391,119.10269159927378,204.38788124444142,16235.215901037518,7,38470.73362660737,0,1.0000053407566156e-07,optimal,optimal,optimal,15307.847602528305,150.1573626484362,270.88931000837806,139.5967349262338
2025-02-15,Q4-3 SEARCH,0.8,2.0,1200.0000000697275,14,1200.0000000697275,optimal,optimal,15802.220806692021,0.0,0.0,14,6482.319765648148,optimal,optimal,-358.1528387450786,103.2589690733924,1895.7657110022153,0.6534422560226923,14,6536.327893325104,optimal,optimal,137.87754453500253,135.71532713273132,0.0,0.5906384331605111,14,10125.458911226273,optimal,optimal,193.89811708605356,157.06404472868735,0.0,0.5,1200.0000000999999,1200.0,10740.307983684173,-26.377177124022523,979.6869870427379,1924.520557536273,17700.36418710427,18,35470.82446359414,0,1.0000030670198612e-07,optimal,optimal,optimal,15033.262262463577,-339.7337300365806,137.3307628978993,190.05787799756956
2025-02-16,Q4-3 SEARCH,0.8,2.0,1200.0000000999999,14,1200.0000000999999,optimal,optimal,59295.75944985599,0.0,0.0,14,9942.212424722224,optimal,optimal,-1822.3774148164548,102.89798333333334,4421.521729518237,0.6479058734291734,14,6065.582255001275,optimal,optimal,-133.25802068410957,0.0,289.5042350236613,0.5846020608283324,14,10408.404009445134,optimal,optimal,267.6794349701411,311.60790424219897,0.0,0.5,1200.00000005144,1200.00000005144,10726.33910215786,-1687.9560005304234,18.364575147119297,39.66748231261701,57647.470931638185,1,41563.26053184386,0,1.0000803740695119e-07,optimal,optimal,optimal,59735.0818082921,-1871.2865945859526,-133.16946921847634,267.2663465908146
2025-02-17,Q4-3 SEARCH,0.8,2.0,1200.00000005144,14,1200.00000005144,optimal,optimal,58751.13108884902,0.0,0.0,14,10158.254457556051,optimal,optimal,-2064.649467532224,138.888399397986,5481.020420154526,0.6703462412443004,14,8076.843591362291,optimal,optimal,-999.6860026396379,20.412967045058053,2848.9619245211043,0.5739117568211114,14,10395.285549740625,optimal,optimal,199.47749072030786,211.91626434984008,0.0,0.5,1200.0000000999999,1200.00000005144,10468.377847363263,-2864.8579794515545,31.40754175120309,65.01781544999032,55951.29092484745,2,38796.15712290451,0,1.0000030670198612e-07,optimal,optimal,optimal,57917.78335265802,-2124.4201654378785,-1004.6162875585077,190.6219969972764
2025-02-18,Q4-3 SEARCH,0.8,2.0,1200.0000000999999,14,1200.0000000999999,optimal,optimal,51041.23410866579,0.0,0.0,14,9947.264111111113,optimal,optimal,489.30721309836304,617.8058767847781,68.85946342492389,0.7300710487666738,14,7495.027841480815,optimal,optimal,-122.34956952103795,0.0,211.21807785207176,0.5798435495271779,14,9308.593505348997,optimal,optimal,894.8790573155259,534.8290105416659,3.410605131648481e-13,0.5,1290.8402775503494,1200.0000000999999,10159.558733058473,1261.836700892851,623.1015349465476,2788.837082956056,55091.907892514704,11,36466.373726159,0,1.0000985639635473e-07,optimal,optimal,optimal,51569.08831475054,502.93301301415994,-116.15619237416178,854.6380865221513
2025-02-19,Q4-3 SEARCH,0.8,2.0,1290.8402775503494,14,1290.8402775503494,optimal,optimal,51780.403267046786,0.0,0.0,14,9341.610256737766,optimal,optimal,-162.60841939049743,182.63311815557017,1152.790202482382,0.7097006428897662,14,5769.225388771319,optimal,optimal,2294.429331126305,2090.204311688483,50.935945766693976,0.5568894837691477,14,9542.241735391528,optimal,optimal,156.69717315176362,211.2566145359129,0.0,0.5,1200.0000000505995,1200.0,10495.747798337592,2288.518084887571,292.159553825601,780.1046784630045,54849.026030397355,11,39779.82059368049,0,1.0000456995840068e-07,optimal,optimal,optimal,51672.511662066754,-187.0998404294522,2303.264466879387,158.80101235992257
2025-02-20,Q4-3 SEARCH,0.8,2.0,1200.0000000505995,14,1200.0000000505995,optimal,optimal,54598.61092676346,0.0,0.0,14,10514.42163347037,optimal,optimal,497.9224217960018,1034.256010810891,1931.889783126062,0.6941123663921002,14,6743.136553515921,optimal,optimal,-324.01771116293247,8.835107206732914,946.4803949894861,0.5773763433242316,14,10649.186194704935,optimal,optimal,47.98619520971024,80.30899852360491,0.0,0.5,1200.0000001,1200.0000000505995,10799.999999999998,221.89090584277957,36.14763358793275,75.2745894886367,54895.77642209488,2,40822.23218783774,0,1.00000761449337e-07,optimal,optimal,optimal,53321.06166083798,510.1029389020544,-321.97372907978644,56.62913744640097
2025-02-21,Q4-3 SEARCH,0.8,2.0,1200.0000001,14,1200.0000001,optimal,optimal,14906.529402459022,0.0,0.0,14,6922.227298717621,optimal,optimal,16.702135475003754,29.442679657422616,38.87806284937665,0.6807243089816691,14,8079.730526865769,optimal,optimal,86.59936380302977,89.45614194333244,32.627569066880945,0.6081860077554624,14,9770.923712962964,optimal,optimal,321.0904623834722,249.57527431688024,0.0,0.5,1200.0,1200.0,10437.564118771517,424.3919616615057,350.99676144845273,1243.5862484375766,16574.507612558104,11,36386.21103368,0,1.00000761449337e-07,optimal,optimal,optimal,14319.404215563944,18.011403430610933,86.52217071992266,319.05212675377715
2025-02-22,Q4-3 SEARCH,0.8,2.0,1200.0,14,1200.0,optimal,optimal,15100.109110173089,0.0,0.0,14,6095.7005838686155,optimal,optimal,337.8491401863193,386.27263960949165,59.88692213272387,0.6548405726401891,14,7078.572937246088,optimal,optimal,-94.94943417327997,0.0,352.07973095209155,0.6266667170020838,14,9803.548083996291,optimal,optimal,557.177151435528,440.18875979794,0.0,0.5,1200.0000000553068,1200.0,10537.801057179582,800.0768574485674,138.38278093611814,327.67796521391415,16227.86393283557,4,34187.193033007556,0,1.00000761449337e-07,optimal,optimal,optimal,14913.943261386314,332.7220517020607,-98.50449130893035,537.9491361548899
2025-02-23,Q4-3 SEARCH,0.8,2.0,1200.0000000553068,14,1200.0000000553068,optimal,optimal,53260.69562657116,0.0,0.0,14,9773.632538425925,optimal,optimal,744.3048607253411,772.7858710258346,218.27913528990598,0.642413030745127,14,6093.368286505956,optimal,optimal,-673.1206109996008,0.0,1692.2072915598537,0.644139191617846,14,10714.350517347484,optimal,optimal,78.53418883070306,68.6762809059478,0.0,0.5,1200.0000000999999,1200.0,10800.0,149.71843855644335,68.69943338385592,147.27113243958496,53557.685197567196,3,44699.63610466189,0,1.0000803740695119e-07,optimal,optimal,optimal,53319.216754002795,833.8310536213601,-653.7694576579826,75.04742081843793
2025-02-24,Q4-3 SEARCH,0.8,2.0,1200.0000000999999,14,1200.0000000999999,optimal,optimal,50984.730874349814,0.0,0.0,14,9954.412277777777,optimal,optimal,819.5054431697935,1016.9626179234904,15.054577156821779,0.6201905997217892,14,7119.899612442567,optimal,optimal,-617.1817334685074,0.0,1480.4509872416065,0.6697042553529229,14,10431.193292004911,optimal,optimal,569.0287676095332,322.63770386224417,0.0,0.5,1200.0000000999999,1200.0000000999999,10800.0,771.3524773108193,100.75288138852893,557.5891367655828,52313.67248842622,4,37969.38614963473,0,1.0000803740695119e-07,optimal,optimal,optimal,50895.46747054356,843.8506913713711,-618.4713701431183,558.6146794661099
2025-02-25,Q4-3 SEARCH,0.8,2.0,1200.0000000999999,14,1200.0000000999999,optimal,optimal,51733.09069885925,0.0,0.0,14,10188.917193981486,optimal,optimal,20.238034831999073,508.0544679185744,1457.2881520446617,0.5659958479968336,14,7909.400593110227,optimal,optimal,-1096.1368818158207,0.0,3269.2954190260543,0.6663253470070647,14,10638.403488998922,optimal,optimal,232.01533642047042,136.1485265676373,0.0,0.5,1200.0,1200.0,10740.763453342362,-843.8835105633511,62.31720834136268,130.21773055379958,51019.4249188497,2,38489.71888899242,0,1.0000030670198612e-07,optimal,optimal,optimal,51972.06096754368,23.939503466564076,-1162.1185786177527,220.2534706292927
2025-02-26,Q4-3 SEARCH,0.8,2.0,1200.0,14,1200.0,optimal,optimal,47364.70848552605,0.0,0.0,14,9816.849829444442,optimal,optimal,1304.3757700333258,1397.140138363131,-1.1368683772161603e-13,0.5725853594492636,14,6560.413460991545,optimal,optimal,1669.2919515184383,1456.9584475483698,41.01301448584002,0.6948286788827562,14,9612.884634457128,optimal,optimal,622.0963348409633,363.4704956552515,0.0,0.5,1229.426110452827,1200.0,10713.349755370367,3595.764056392727,141.34444127232405,793.8492874021426,51754.321829320914,5,43085.7441079307,0,1.00000761449337e-07,optimal,optimal,optimal,46732.13315174385,1329.5539249610797,1579.485416708899,613.7882277787496
2025-02-27,Q4-3 SEARCH,0.8,2.0,1229.426110452827,14,1229.426110452827,optimal,optimal,47741.355098638385,0.0,0.0,14,9917.442592592593,optimal,optimal,4.495930673975918,295.51342036454093,1015.5271814874959,0.5833796644757399,14,6823.9275033498625,optimal,optimal,79.36315077748742,122.17704596679405,220.03635109859766,0.694164167752262,14,9488.456255640933,optimal,optimal,638.6443644229207,473.45370802298345,0.0,0.5,1200.0000001,1200.0000001,10800.0,722.503445874384,67.73438853755694,374.53450017901775,48838.39304469179,3,41744.00581053681,0,1.0000803740695119e-07,optimal,optimal,optimal,49134.85264610651,-47.6261015452263,77.66209714804572,636.5664464003268
2025-02-28,Q4-3 SEARCH,0.8,2.0,1200.0000001,14,1200.0000001,optimal,optimal,14266.792733321146,0.0,0.0,14,5914.172738456291,optimal,optimal,30.82010600044952,118.18745049490926,265.7472151900557,0.5840047976994293,14,9034.26697863582,optimal,optimal,66.50096997864472,81.59776360569808,75.53317485668254,0.6861676199693404,14,9648.412324074074,optimal,optimal,365.93704866588786,280.5972440347787,0.0,0.5,1200.0,1200.0,10429.114897418009,463.2581246449821,117.12602774744167,375.6696099596547,15105.720467925783,5,35453.45899249601,0,1.00000761449337e-07,optimal,optimal,optimal,14170.466839807066,26.968545615150248,67.07295180057477,348.7260531930916
2025-03-01,Q4-3 SEARCH,0.8,2.0,1200.0,14,1200.0,optimal,optimal,16164.07818211358,0.0,0.0,14,7900.4240637037,optimal,optimal,-627.5842403899311,0.0,3794.8725546826972,0.5715688806782705,14,9504.634033148144,optimal,optimal,-67.20317508202078,0.0,232.55476119979772,0.6753199760646394,14,9817.88500925926,optimal,optimal,299.38559452858556,244.61912732590397,0.0,0.5,1200.0000000999999,1200.0,10438.262714440121,-395.40182094336626,53.750494791285405,217.55171379159475,15986.228074961808,4,32662.362388026624,0,1.0000030670198612e-07,optimal,optimal,optimal,16188.576629600731,-582.266390297108,-68.73510095488095,279.08676961893815
2025-03-02,Q4-3 SEARCH,0.8,2.0,1200.0000000999999,14,1200.0000000999999,optimal,optimal,56219.29249266624,0.0,0.0,14,10799.999999999998,optimal,optimal,538.5153282109521,682.3491332745117,789.1389868422997,0.5859467581707153,14,8130.358646711106,optimal,optimal,-1211.6491688193018,0.0,2922.0656855742645,0.6744831662607093,14,9570.668606949868,optimal,optimal,363.8753199130019,365.36808239132085,0.0,0.5,1225.0837390870624,1200.0,10800.0,-309.25852069534784,26.516381504561043,77.70971798023223,55987.74368995112,3,37875.23649529766,0,1.0000803740695119e-07,optimal,optimal,optimal,55647.741355819984,560.0359867493089,-1086.4811595287763,371.88899038932783
2025-03-03,Q4-3 SEARCH,0.8,2.0,1225.0837390870624,14,1225.0837390870624,optimal,optimal,57672.149518329505,0.0,0.0,14,10749.295282499997,optimal,optimal,-1260.7240894627557,410.7372408589251,4188.304139553802,0.5977997556604822,14,8020.380881242632,optimal,optimal,-568.4351422083846,149.89770919199907,2151.621223751709,0.6631549236624823,14,10344.704828796603,optimal,optimal,21.37696154698904,37.045251030498626,9.470163812535136e-07,0.5,1200.000000057765,1200.000000057765,10785.888673000904,-1807.7822701241512,7.656666813294107,14.72759863333556,55879.094846838685,1,41548.3491929662,0,1.0000030670198612e-07,optimal,optimal,optimal,56966.033361198,-1104.2490897426983,-506.9258351528559,26.452659684781942
2025-03-04,Q4-3 SEARCH,0.8,2.0,1200.000000057765,14,1200.000000057765,optimal,optimal,50450.36550769817,0.0,0.0,14,10005.065740740742,optimal,optimal,327.165462687393,517.9638268808451,302.98004309282,0.6143047116896048,14,7881.579912477909,optimal,optimal,-511.0126731617536,0.0,1567.5535811121747,0.6618508705692833,14,9470.389627376766,optimal,optimal,527.0945341189388,480.79766869424327,0.0,0.5,1206.7188339854386,1200.0000000457908,10800.0,343.2473236445782,220.11872633486956,863.4113684149397,51657.02419975769,8,36750.08641285835,0,1.0000030670198612e-07,optimal,optimal,optimal,49815.682988984896,297.45200376227075,-468.9335704456179,548.0588334595623
2025-03-05,Q4-3 SEARCH,0.8,2.0,1206.7188339854386,14,1206.7188339854386,optimal,optimal,52204.86760953248,0.0,0.0,14,9932.452777777778,optimal,optimal,-976.8768563839583,44.44168849925347,2589.4499130265526,0.615307660510601,14,8483.72917034556,optimal,optimal,-1521.8954729817833,62.00002578717954,4354.673985672884,0.6095466662302056,14,10182.870296296293,optimal,optimal,466.7236411827335,417.17360791667215,0.0,0.5,1200.0,1200.0,10800.0,-2032.0486881830084,135.5393209439302,597.0203882310727,50769.839309580544,5,38445.835912863986,0,1.0000803740695119e-07,optimal,optimal,optimal,53238.591813816514,-948.0064659747884,-1514.4801448884107,456.41569348319814
2025-03-06,Q4-3 SEARCH,0.8,2.0,1200.0,14,1200.0,optimal,optimal,48472.15643922491,0.0,0.0,14,9984.690018674917,optimal,optimal,-537.7321631962006,32.05657739014088,1520.9646174602833,0.6267243695810517,14,7183.858206427926,optimal,optimal,-310.9513761440089,74.54508589885381,1128.6533022650299,0.592395757172064,14,9591.900868419782,optimal,optimal,567.3626665958105,323.3678853970924,-1.7053025658242404e-13,0.5,1200.0000000658838,1200.0,10798.724277934176,-281.320872744399,177.71110678282452,498.52862022928235,48689.3641867098,8,39022.70034716044,0,1.0004509931604844e-07,optimal,optimal,optimal,48060.36654292671,-506.81852890693045,-280.4631348636037,550.7082538130405
2025-03-07,Q4-3 SEARCH,0.8,2.0,1200.0000000658838,14,1200.0000000658838,optimal,optimal,14715.536130125072,0.0,0.0,14,6966.087060696349,optimal,optimal,-401.92133766566303,0.0,1314.659069765714,0.6247225147424333,14,10393.373855586531,optimal,optimal,-62.040771852533574,5.666985791296611,204.1979471925062,0.5933547259654912,14,9673.590798528556,optimal,optimal,250.3587628713655,235.95920423769007,0.0,0.5,1200.0000000999996,1200.0,10522.436717236813,-213.60334664683108,16.825754709508125,39.06658977322455,14540.999373251467,4,30868.858699478664,0,1.0000258043874055e-07,optimal,optimal,optimal,14408.426591835301,-381.05668141626006,-57.56045096323654,252.16323564813064
2025-03-08,Q4-3 SEARCH,0.8,2.0,1200.0000000999996,14,1200.0000000999996,optimal,optimal,13678.846078355564,0.0,0.0,14,5497.414609382081,optimal,optimal,-177.18860029128786,1.523845614068307,541.4194164418702,0.6466203253419684,14,10377.089648588295,optimal,optimal,42.992005314871356,51.095877842194184,10.561875330965108,0.5788451861355582,14,9763.524470717695,optimal,optimal,212.9246625099679,201.89208847197182,21.558343733665122,0.5,1200.0000000999999,1200.0000000999996,10590.799547878192,78.72806753355141,72.18674405908298,254.35239189995593,14011.926537789072,5,33170.08671502782,0,1.00000761449337e-07,optimal,optimal,optimal,13365.170206050629,-178.66917637060115,41.18382770492198,211.9126647128043
2025-03-09,Q4-3 SEARCH,0.8,2.0,1200.0000000999999,14,1200.0000000999999,optimal,optimal,49695.443656356365,0.0,0.0,14,9325.436336235185,optimal,optimal,-2103.4415784057696,1.4843769295407583,6262.062829451872,0.6451156423535155,14,7454.4298503054115,optimal,optimal,-187.07365418047326,257.2894790675052,1630.2015844396087,0.561685315085434,14,9573.172719930639,optimal,optimal,418.1149566623104,245.640767407279,80.81816023958525,0.5,1200.0000000999999,1200.0000000999999,10509.924763024026,-1872.4002759239324,25.89889792557302,130.21965819420015,47953.26303862663,1,41441.21567940501,0,1.00000761449337e-07,optimal,optimal,optimal,50986.75238695663,-2338.445053552838,-356.30112967496166,383.9316161854578
2025-03-10,Q4-3 SEARCH,0.8,2.0,1200.0000000999999,14,1200.0000000999999,optimal,optimal,48958.916881322955,0.0,0.0,14,9550.904343461192,optimal,optimal,67.22721788698394,510.350276235905,1108.7885436894808,0.6591773041260458,14,6824.991574749882,optimal,optimal,-199.42562888472736,38.41944418336243,616.7286515358264,0.5694817941234427,14,10514.140056639519,optimal,optimal,254.1886144573972,220.51208859107203,0.0,0.5,1200.8087547223515,1200.0000000999999,10604.05759787716,121.99020345965377,85.13368306798796,426.4638308141215,49507.37091559673,4,41027.19453763576,0,1.00000761449337e-07,optimal,optimal,optimal,48227.74403423706,116.20859837768432,-200.78828815623348,248.94232281494905
2025-03-11,Q4-3 SEARCH,0.8,2.0,1200.8087547223515,14,1200.8087547223515,optimal,optimal,42418.55720231189,0.0,0.0,14,9982.150925925926,optimal,optimal,3891.023580935964,4129.394607048731,0.0,0.636085468987753,14,6913.539222282552,optimal,optimal,-298.0030854117283,35.65557616666615,697.2162018626152,0.5680371344828185,14,9689.06452135584,optimal,optimal,401.26511712707776,301.02574190520755,23.79311666666672,0.5,1200.0000000999996,1200.0000000999996,10800.0,3994.285612651314,10.910805851846307,61.56422112489103,46474.407036088094,1,40367.94415410618,0,1.00000761449337e-07,optimal,optimal,optimal,42355.689335775,4091.2533108010457,-288.0449723787612,394.1774543965359
2025-03-12,Q4-3 SEARCH,0.8,2.0,1200.0000000999996,14,1200.0000000999996,optimal,optimal,49759.879982111015,0.0,0.0,14,9369.771398946754,optimal,optimal,-2846.8895096469428,19.585804491480644,8453.248571150203,0.6560580958531174,14,7760.888934757628,optimal,optimal,-335.072312094438,126.51170796177917,1711.6448603979084,0.5399984401412427,14,9517.569706698552,optimal,optimal,592.2440267025858,375.11925325771364,0.0,0.5,1200.0000000552243,1200.0000000552243,10424.247360891199,-2589.717795038795,129.99981764460344,439.25962996968786,47609.42181704191,5,38302.651017003445,0,1.00000761449337e-07,optimal,optimal,optimal,49608.682848771496,-2973.259539553569,-384.3132054464376,579.1071196756121
2025-03-13,Q4-3 SEARCH,0.8,2.0,1200.0000000552243,14,1200.0000000552243,optimal,optimal,50919.68901453859,0.0,0.0,14,10118.302614640616,optimal,optimal,-1372.0261088767706,297.04447980543085,4393.826399251345,0.6387062446289143,14,7961.864460453731,optimal,optimal,-371.02256922698757,24.93672963899613,1189.4669998178788,0.5458782883609149,14,10564.888387964447,optimal,optimal,-59.40959752049026,0.0,106.44987666666864,0.5,1200.0,1200.0,10631.919294044694,-1802.4582756242485,164.02214385096855,732.4848076242064,49849.71554653855,6,39390.03226795002,0,1.0000030670198612e-07,optimal,optimal,optimal,49567.246375083756,-1216.5009882206296,-335.2036670922178,-58.91769009883563
2025-03-14,Q4-3 SEARCH,0.8,2.0,1200.0,14,1200.0,optimal,optimal,12809.570846472774,0.0,0.0,14,5058.046371333211,optimal,optimal,123.61745147717974,272.62133323919153,186.3439716891658,0.6539428791476438,14,10453.875882259137,optimal,optimal,-25.983014548037033,37.72454980217921,192.37086807156894,0.533223195554687,14,9630.140240740744,optimal,optimal,335.7306763466342,233.16459999999714,35.90484142029716,0.5,1200.0000000999999,1200.0,10538.775653797915,433.36511327577693,87.18817420136116,359.9952170534843,13602.931176802034,2,31480.389922329454,0,1.00000761449337e-07,optimal,optimal,optimal,12651.59455396341,118.68030172804458,-15.555355928075056,305.16303588634327
2025-03-15,Q4-3 SEARCH,0.8,2.0,1200.0000000999999,14,1200.0000000999999,optimal,optimal,12498.308510651877,0.0,0.0,14,4485.034596111113,optimal,optimal,132.23426144504046,291.07854489463756,92.47048668847495,0.6218591920046695,14,8274.461166915118,optimal,optimal,-21.396241120168014,0.0,86.30712738182811,0.5614954490340502,14,9920.547416633322,optimal,optimal,233.5984291546817,191.97344653773433,41.86774994844224,0.5,1200.000000045819,1200.0,10459.283561077764,344.43644947955414,937.8427545715045,1909.149405115496,14751.894365246928,19,34705.70555361329,0,1.0000269412557827e-07,optimal,optimal,optimal,12060.170867565299,128.3458716885372,-22.8935629004471,242.35858008124353
2025-03-16,Q4-3 SEARCH,0.8,2.0,1200.000000045819,14,1200.000000045819,optimal,optimal,46843.254297554304,0.0,0.0,14,9291.477545308642,optimal,optimal,-783.8076565637689,0.0,2339.652457645424,0.5813955069181171,14,6816.086359339939,optimal,optimal,-554.8668715277591,34.63270833333331,1532.325476562378,0.5981624245819492,14,10354.294882986289,optimal,optimal,340.036290608052,263.3260092290065,0.0,0.5,1266.5199553857503,1200.000000045819,10589.861638918119,-998.6382374834759,392.9792160932255,1536.4834623254867,47381.09952239631,8,39890.00554433946,0,1.0000210792782127e-07,optimal,optimal,optimal,46024.05627858449,-794.9814286637783,-515.8146680221698,332.0845773717986
2025-03-17,Q4-3 SEARCH,0.8,2.0,1266.5199553857503,14,1266.5199553857503,optimal,optimal,41823.98631467149,0.0,0.0,14,9334.625233704632,optimal,optimal,-1925.8395182363784,3.4348184476714323,6846.758537904228,0.5486254321164702,14,6051.171384180725,optimal,optimal,464.2916259969269,666.4936682891921,367.8331845013906,0.6121487272201767,14,10041.19005235828,optimal,optimal,644.3696854627774,390.11957183872437,0.0,0.5,1200.0000001,1200.0,10296.870408923669,-817.178206776674,851.2846784725441,3757.1475890467045,44763.95569694152,25,37978.90642343325,0,1.00000761449337e-07,optimal,optimal,optimal,43894.93746142095,-2302.3002803270365,435.46321253537394,594.1537212664873
2025-03-18,Q4-3 SEARCH,0.8,2.0,1200.0000001,14,1200.0000001,optimal,optimal,49125.96978228171,0.0,0.0,14,9410.342039066973,optimal,optimal,-1927.4569010156652,56.43711740508479,6163.739233292681,0.5534793120615912,14,7316.224556177773,optimal,optimal,-818.6859459175271,151.2691784166667,2627.4487080760914,0.6320757713266153,14,9638.811916735996,optimal,optimal,303.36204252047355,310.759436924514,0.0,0.5,1200.0000001,1200.0000001,10675.254866211255,-2442.7808044127187,22.4077502439312,45.95829574389532,46729.14727361289,1,37244.1891933406,0,1.0000803740695119e-07,optimal,optimal,optimal,50452.88226502748,-2034.6524464824113,-846.7992632929024,295.619722063838
2025-03-19,Q4-3 SEARCH,0.8,2.0,1200.0000001,14,1200.0000001,optimal,optimal,39918.90198622944,0.0,0.0,14,9424.098950025016,optimal,optimal,1131.9194625727587,1353.7147655071108,1770.1545299254753,0.555083801606982,14,5035.006311400699,optimal,optimal,1030.8864963925419,1291.0298345769615,55.81523224124312,0.683135864879147,14,9850.128677846753,optimal,optimal,185.67873583879245,142.1975232712561,0.0,0.5,1270.7115865052028,1200.0000001,10652.707776612186,2348.4846948040927,131.7665885498152,303.19492139221916,42570.58160242575,1,38258.45002860863,0,1.0001531336456537e-07,optimal,optimal,optimal,40285.437892843795,1217.5210535669094,1171.0442687012685,177.76232775756867
2025-03-20,Q4-3 SEARCH,0.8,2.0,1270.7115865052028,14,1270.7115865052028,optimal,optimal,46091.35228553514,0.0,0.0,14,9235.395733240744,optimal,optimal,-2038.2587857564642,307.6348281897576,7519.880193333282,0.5534805697044803,14,5594.515891427422,optimal,optimal,241.15905573384498,331.8326462588548,76.54636046384707,0.6529613453245442,14,10432.73232937901,optimal,optimal,337.8578284568206,271.35609633572324,0.0,0.5,1326.9723888198566,1200.0,10432.73232937901,-1459.2419015657988,826.3022569925774,2879.504219604535,47511.61460357387,9,38008.8335872076,0,1.0000007932831068e-07,optimal,optimal,optimal,46754.014173648175,-2214.109483655013,247.59462108705992,328.0293057676237
2025-03-21,Q4-3 SEARCH,0.8,2.0,1326.9723888198566,14,1326.9723888198566,optimal,optimal,11936.236205606008,0.0,0.0,14,3722.834212962963,optimal,optimal,143.52357347821504,333.45966384873515,573.8764847144787,0.5401286105414042,14,10277.422809556061,optimal,optimal,53.550953687339415,89.52997214344555,153.08380634555147,0.6582630896959252,14,9658.310601851847,optimal,optimal,381.8606920114134,266.10252154249804,0.0,0.5,1200.0000000737543,1200.0,10459.485916020252,578.9352191769678,144.68059508667807,361.3027497558487,12876.474174538826,9,29109.062424669588,0,1.0000030670198612e-07,optimal,optimal,optimal,11850.562739137265,144.8679412849607,51.369660609062706,364.23838469342274
2025-03-22,Q4-3 SEARCH,0.8,2.0,1200.0000000737543,14,1200.0000000737543,optimal,optimal,13025.607957524328,0.0,0.0,14,4782.6771730164,optimal,optimal,-80.74388479941491,0.0,248.8195696945629,0.5894160965675708,14,10465.936988201585,optimal,optimal,-104.94398049874462,45.39584705555808,417.092769437069,0.6778761296245728,14,9845.838240718096,optimal,optimal,266.11380874923117,181.26045374463982,0.0,0.5,1200.0000000618484,1200.0000000618484,10554.611253775172,80.42594345107165,24.119166951455526,43.3300833354816,13149.363984310881,1,28557.516693627244,0,1.0000030670198612e-07,optimal,optimal,optimal,12988.14530427498,-75.73948688904133,-101.1861748198142,263.8578053844714
2025-03-23,Q4-3 SEARCH,0.8,2.0,1200.0000000618484,14,1200.0000000618484,optimal,optimal,46389.13150157887,0.0,0.0,14,9578.206134506365,optimal,optimal,-1584.889305609999,0.0,4524.438768619865,0.604680337046331,14,7614.554156002681,optimal,optimal,-930.3921792743816,0.0,3062.345256734941,0.6606491051688281,14,10427.307213540984,optimal,optimal,541.8462353068566,319.19346139327854,0.0,0.5,1332.6437190661873,1200.0000000618484,10619.48595049871,-1973.4352495775238,2.473785120292266,13.996676051351983,44429.6929280527,1,34965.95148341854,0,1.0000544989452464e-07,optimal,optimal,optimal,46951.96509828164,-1638.480898927847,-958.6071072461136,554.4557800703221
2025-03-24,Q4-3 SEARCH,0.8,2.0,1332.6437190661873,14,1332.6437190661873,optimal,optimal,43348.273333764664,0.0,0.0,14,9501.454570919735,optimal,optimal,-796.8130898013513,470.04893229494473,4400.478939147172,0.625847212400099,14,7713.291381845208,optimal,optimal,-570.8407567723376,0.791905823848424,2219.1578098720065,0.6680930884731737,14,9812.298372619354,optimal,optimal,298.21380233229024,175.47895158467088,0.0,0.4968047411243277,1242.7125100893352,1241.545262792436,10606.492796906276,-1069.4400442413987,1.3702467545537763e-07,7.000049530176809e-07,42278.83329022327,0,36746.5587996165,0,1.0000277688959615e-07,optimal,optimal,optimal,43950.74202959555,-845.7265845011725,-614.7476712493088,290.4864447603645
2025-03-25,Q4-3 SEARCH,0.8,2.0,1242.7125100893352,14,1242.7125100893352,optimal,optimal,48430.247934270206,0.0,0.0,14,8767.12749289013,optimal,optimal,-2960.5119151412237,1.029529095418809,9196.009180503288,0.6367138138872621,14,7287.611894881749,optimal,optimal,-560.3803075810655,22.837007294384932,2229.319163429776,0.6452323882228014,14,9512.990824473281,optimal,optimal,627.2756366030166,438.8954634925421,0.0,0.5037799605761082,1311.8219344445665,1200.0,10308.63793695454,-2893.6165861192726,438.01902630719144,1743.6730122420533,47280.30436039299,19,33051.62741719428,0,1.000027577902074e-07,optimal,optimal,optimal,49030.479296176396,-3069.068131870643,-561.565438825296,603.980873716575
2025-03-26,Q4-3 SEARCH,0.8,2.0,1311.8219344445665,14,1311.8219344445665,optimal,optimal,40866.05303149285,0.0,0.0,14,9723.269447450542,optimal,optimal,-631.5331713191206,0.6269573070823071,2236.37231195691,0.6371733192991729,14,7182.051527672135,optimal,optimal,-778.7029288441062,58.28672191666607,2789.9967132311012,0.6186870025368991,14,9991.470971863004,optimal,optimal,2.733443154479824,2.1949578234558693,0.0,0.4989177013686874,1200.0000000560176,1200.0000000560176,10788.908471863004,-1407.5026570087468,14.565003483922764,28.12315419513144,39486.67352867923,2,37750.897036443406,0,1.0000803740695119e-07,optimal,optimal,optimal,41060.180998691634,-704.512980469998,-793.8623182777453,2.6136569856891296
2025-03-27,Q4-3 SEARCH,0.8,2.0,1200.0000000560176,14,1200.0000000560176,optimal,optimal,43841.49959327186,0.0,0.0,14,9597.213851178867,optimal,optimal,-660.8122573508781,507.2410152860541,3895.8730182120726,0.6494599042311157,14,7685.008801720164,optimal,optimal,-799.8636155947764,47.042700781070494,2808.12870468852,0.6550543943706506,14,10546.615679714057,optimal,optimal,391.8654088646371,224.56257715285392,0.0,0.49442850001477917,1328.3533500426013,1200.0000000560176,10571.914757067063,-1068.8104640810175,2.009937407182279e-07,8.00002839611713e-07,42772.689129990846,0,36736.824147594365,0,1.0000803740695119e-07,optimal,optimal,optimal,44845.49225803029,-720.026918151322,-890.0362178281073,372.8973135411679
2025-03-28,Q4-3 SEARCH,0.8,2.0,1328.3533500426013,14,1328.3533500426013,optimal,optimal,12296.284798298853,0.0,0.0,14,5044.153257006172,optimal,optimal,-60.254674534950965,9.562115500000118,214.63559034594226,0.6557618751627033,14,10315.240934712892,optimal,optimal,-32.986314441988085,0.0,101.3394739066221,0.6722824725269285,14,9855.935596625257,optimal,optimal,221.6373929568054,158.11290000418902,0.0,0.4932652057912807,1200.000000071454,1200.000000071454,10620.650144403035,128.39640397986636,37.06500003441943,57.636075053522205,12482.317277332242,1,27921.659050481154,0,1.000043994281441e-07,optimal,optimal,optimal,12027.62943179161,-66.2605377914941,-34.90488060212723,222.54466257046184
2025-03-29,Q4-3 SEARCH,0.8,2.0,1200.000000071454,14,1200.000000071454,optimal,optimal,11917.407860618006,0.0,0.0,14,4228.768911039961,optimal,optimal,275.6910680143018,290.10699817828106,60.45549658474596,0.6491035754663508,14,10251.781743068803,optimal,optimal,-8.368486656665533,2.2726399992617985,33.02271616796067,0.6576525656718423,14,9759.882247866486,optimal,optimal,344.6418841715652,232.26239696353167,0.0,0.4892728972851948,1200.0000000999999,1200.000000071454,10395.623950055837,611.9644655292014,215.79727445984415,764.1513322105773,13293.523658357784,8,26790.009030286215,0,1.00000761449337e-07,optimal,optimal,optimal,11770.70504742517,293.0901521094076,-8.269904223419722,315.9646863477594
2025-03-30,Q4-3 SEARCH,0.8,2.0,1200.0000000999999,14,1200.0000000999999,optimal,optimal,41538.32965158479,0.0,0.0,14,9430.708579556305,optimal,optimal,-1745.2535154758848,1.9665026560019214,6424.211718409224,0.6774188755970981,14,7252.7888471576925,optimal,optimal,-561.2328828419534,70.95673289755273,2083.201871110484,0.6638361125423499,14,9675.211557399654,optimal,optimal,386.96124701113035,301.2063832149766,0.0,0.49386075930982226,1200.0000000533803,1200.0000000533803,10419.967509495342,-1919.525151306708,319.7637555950865,1177.3942410245093,40796.19874130259,8,37629.81219661721,0,1.0001531336456537e-07,optimal,optimal,optimal,42668.11456979719,-1923.913433497154,-599.6505929089737,381.29475729945915
2025-03-31,Q4-3 SEARCH,0.8,2.0,1200.0000000533803,14,1200.0000000533803,optimal,optimal,36861.19705356731,0.0,0.0,14,9509.00344686126,optimal,optimal,4039.1536850241937,4239.188822272863,55.64269431104242,0.7007541112959871,14,7426.477515175016,optimal,optimal,-778.3381644531006,58.31885582435051,2240.898812914382,0.6196350307683708,14,9757.768771182586,optimal,optimal,327.36949345589636,256.2442141074825,0.0,0.5001585889713717,1224.7549451521993,1200.0000000533803,10506.91563639449,3588.1850140269894,1.6052928753204638e-07,4.0000355419478746e-07,40449.3820679943,0,36102.861641933065,0,1.0000073120863818e-07,optimal,optimal,optimal,36693.177289080675,3941.531304350514,-737.6582265765398,319.76007876350485
2025-04-01,Q4-3 SEARCH,0.8,2.0,1224.7549451521993,14,1224.7549451521993,optimal,optimal,46266.9198702438,0.0,0.0,14,9379.594335688615,optimal,optimal,-1053.004049275526,265.9027653818261,3653.9040183888683,0.6913151977904117,14,8985.551855139998,optimal,optimal,-1008.2692780550113,0.0,3327.9602587940835,0.6313767006042824,14,10347.398514328916,optimal,optimal,536.0620056778058,319.8762793714447,75.71202401367601,0.4972912453923081,1254.4653746986094,1224.7549451521993,10485.340584005982,-1525.2113216527318,73.6859864646623,379.7179183854956,45121.42646697657,4,33492.68876096225,0,1.0001531336456537e-07,optimal,optimal,optimal,44977.518760408246,-1057.9263563064815,-900.6009755615385,530.9259916028378
2025-04-02,Q4-3 SEARCH,0.8,2.0,1254.4653746986094,14,1254.4653746986094,optimal,optimal,43336.18652225901,0.0,0.0,14,9497.315006574077,optimal,optimal,239.30053625473573,843.1471317842796,1548.3124489276927,0.6858448122388939,14,7514.302095141502,optimal,optimal,-760.3413075717876,0.0,2455.3793944208455,0.6469556504080453,14,9650.896009011472,optimal,optimal,357.65700037362706,199.79663020241225,51.87191103173231,0.4982120151269431,1239.7393969775148,1200.0,10533.287362315998,-163.3837709434248,61.391523393045354,385.5572606291885,43558.36001194478,5,35770.539553893876,0,1.0000030670198612e-07,optimal,optimal,optimal,42409.884709730686,300.88992940713,-730.0467685145566,359.6219417393872
2025-04-03,Q4-3 SEARCH,0.8,2.0,1239.7393969775148,14,1239.7393969775148,optimal,optimal,44656.68110007039,0.0,0.0,14,9724.420992314817,optimal,optimal,-2069.595377300697,0.0,6271.845965257258,0.6716607669290972,14,8334.734514945903,optimal,optimal,-482.94679902786567,38.75018130699891,2132.169540127472,0.6263611627275693,14,10385.376844852544,optimal,optimal,45.83194992381975,70.48878994159338,0.2322406615728596,0.5010187762420668,1199.9999999999998,1199.9999999999998,10792.178933774529,-2506.710226404743,110.70711413917815,245.44263289602682,42395.41350656167,5,36703.484216326295,0,1.0002986527979374e-07,optimal,optimal,optimal,44409.80462811011,-2177.408189080947,-503.13058915102806,40.69268687825674
2025-04-04,Q4-3 SEARCH,0.8,2.0,1199.9999999999998,14,1199.9999999999998,optimal,optimal,11209.978775495565,0.0,0.0,14,3993.4112950308627,optimal,optimal,-42.08566816739621,5.698710801755318,169.56148333333317,0.7094430859168679,14,10179.42419551132,optimal,optimal,37.265709296741946,84.98173048008144,0.0,0.6192805849579917,14,9686.567783771909,optimal,optimal,444.21907205114616,327.7153612267968,0.0,0.4998240333546893,1200.0,1199.9999999999998,10335.20611970766,439.3991131804919,32.739591735767306,111.18272589341194,11760.56061456947,3,27499.814302461426,1,1.0000258043874055e-07,optimal,optimal,optimal,11144.342495935964,-43.60261755387986,39.245968377851725,417.55561366713044
2025-04-05,Q4-3 SEARCH,0.8,2.0,1200.0,14,1200.0,optimal,optimal,11103.125638950309,0.0,0.0,14,3283.8752073767664,optimal,optimal,67.3241530762442,154.14316699447969,34.185860155653586,0.6762029553813047,14,10215.319921303322,optimal,optimal,-22.344887472239865,0.0,64.963029402966,0.599186518018132,14,9568.585455463393,optimal,optimal,518.5435789887454,357.8994108623512,29.150956492250327,0.504379573288567,1200.0000000999999,1200.0,10398.401087219429,563.5228445927497,269.0171992419278,853.4577745412377,12520.106258084295,9,27505.987656722267,0,1.00000761449337e-07,optimal,optimal,optimal,10884.469408889196,65.50083598427514,-22.875053836871153,518.0307662134311
2025-04-06,Q4-3 SEARCH,0.8,2.0,1200.0000000999999,14,1200.0000000999999,optimal,optimal,41351.09722449188,0.0,0.0,14,9811.824592014924,optimal,optimal,-1344.0659421198732,223.31663992587784,5307.341889560331,0.6695448291013596,14,7096.389227599766,optimal,optimal,126.37875009086244,257.9529704467836,1009.6665820947098,0.5999473299642929,14,10008.48338014509,optimal,optimal,72.28726167338986,39.37310740605542,0.0,0.5095663463864637,1200.0000000999999,1200.0000000999999,10725.986620885831,-1145.3999303556209,71.43595251442224,259.54581435976354,40465.243108496026,3,38659.83373746471,0,1.0000030670198612e-07,optimal,optimal,optimal,40524.73364719373,-1342.938770465903,126.13584183739223,69.40359252610784
2025-04-07,Q4-3 SEARCH,0.8,2.0,1200.0000000999999,14,1200.0000000999999,optimal,optimal,35882.67698410145,0.0,0.0,14,9622.117212115298,optimal,optimal,1249.0818670941512,1150.7572221696323,467.4942991819115,0.6489355204906598,14,8083.618982207516,optimal,optimal,-40.88950316916844,0.0,86.04508778267919,0.6085036587709575,14,10559.513396311866,optimal,optimal,348.344352810998,195.56307307713044,4.675750000000107,0.504914426033732,1200.0000000525592,1200.0000000525592,10586.109785200755,1556.536716735981,63.66082227051926,202.21917775905095,37641.432878596475,2,38671.36683307869,0,1.00000761449337e-07,optimal,optimal,optimal,35663.80761559017,1313.3574376403187,-41.95471628932549,333.5236953902818
2025-04-08,Q4-3 SEARCH,0.8,2.0,1200.0000000525592,14,1200.0000000525592,optimal,optimal,42123.3010392046,0.0,0.0,14,9942.04506295206,optimal,optimal,-1331.5494516511922,207.10740966664824,4952.888911844811,0.6734807836550142,14,7025.637959298837,optimal,optimal,-637.6017588945115,0.0,2272.6747738440354,0.5998208452657893,14,10567.331818377,optimal,optimal,326.49979472332683,183.60265157468044,0.0,0.5042844884466241,1200.0000000485836,1200.0000000485836,10770.2358036928,-1642.6514158223767,75.33421886384609,152.13053301809998,40632.78015640032,4,37157.22291543866,0,1.0000121619668789e-07,optimal,optimal,optimal,42877.82249777757,-1445.3685510280407,-700.4944049482873,313.0485995586853
2025-04-09,Q4-3 SEARCH,0.8,2.0,1200.0000000485836,14,1200.0000000485836,optimal,optimal,41168.065009712154,0.0,0.0,14,9870.773265028181,optimal,optimal,-53.26725298946647,54.07779398239586,402.9198835115017,0.6834713667078797,14,5223.617188463016,optimal,optimal,463.7420760357038,624.0362649097044,141.8492488017067,0.5804985346684775,14,10570.304354821534,optimal,optimal,306.74844780385445,185.7414178247652,21.71561457824368,0.503154632052482,1200.0000000548696,1200.0,10675.470487250404,717.2232708500918,42.28961060428064,96.1812935890299,41981.46957415127,2,37344.8683649816,0,1.00000761449337e-07,optimal,optimal,optimal,40825.25760654545,-47.63674630449607,443.51269425898425,305.6667016018539
2025-04-10,Q4-3 SEARCH,0.8,2.0,1200.0000000548696,14,1200.0000000548696,optimal,optimal,40064.315004517164,0.0,0.0,14,9825.73245305556,optimal,optimal,-156.44389204193178,0.0,485.6693362564904,0.6968524037986352,14,6356.612310781302,optimal,optimal,-784.652404260857,0.0,1993.4165521402604,0.5851150357648676,14,10596.968040947419,optimal,optimal,290.0129062662065,183.6067719449302,18.03379902895007,0.5018979100426225,1213.2919599940803,1200.0000000548696,10655.969027129633,-651.0833900365823,1.1760368321340873e-07,2e-07,39413.23161468058,0,37378.208801424,0,1.00000761449337e-07,optimal,optimal,optimal,40182.23168308246,-160.78298675903432,-760.2500916456273,289.8744809161941
2025-04-11,Q4-3 SEARCH,0.8,2.0,1213.2919599940803,14,1213.2919599940803,optimal,optimal,10475.901975926237,0.0,0.0,14,2889.8560783333346,optimal,optimal,369.6709333723193,398.97144122740815,-2.2737367544323206e-13,0.6406059088795468,14,10282.920693910048,optimal,optimal,-48.68204041421777,0.0,159.8794125939504,0.5893266957832822,14,9583.374930777489,optimal,optimal,495.4424209633039,379.3609783150761,0.0,0.5043051561119479,1200.0000000999999,1200.0,10410.999634481192,816.4313139214055,356.0739001633042,1012.1093755680897,12304.442665415734,13,26526.179373041014,0,1.0000080408190115e-07,optimal,optimal,optimal,10204.668559863734,409.7742025228573,-52.05332835406428,497.5587686802648
2025-04-12,Q4-3 SEARCH,0.8,2.0,1200.0000000999999,14,1200.0000000999999,optimal,optimal,11386.659611300289,0.0,0.0,14,3406.7726798810127,optimal,optimal,-369.7652175999784,0.0,1379.4032467491988,0.6672594618968734,14,10241.033411658711,optimal,optimal,29.728599217096086,32.36529510133971,19.947586207892762,0.5893240458451492,14,9618.867895308485,optimal,optimal,470.9505063993983,334.75763668130395,6.135038395017312,0.5037448283990364,1200.0000000477894,1200.0000000477894,10513.812376789967,130.91388801651595,96.88941665418257,279.496747858149,11797.070247174954,5,24717.37919890388,0,1.0000030670198612e-07,optimal,optimal,optimal,11729.245554531659,-369.43535753937505,31.38354329979088,491.92486001652674
2025-04-13,Q4-3 SEARCH,0.8,2.0,1200.0000000477894,14,1200.0000000477894,optimal,optimal,38738.09821364244,0.0,0.0,14,9967.8,optimal,optimal,-1212.9474356354235,0.0,3673.1991454186764,0.6936873228154161,14,6443.0604355308,optimal,optimal,242.32969920311783,223.78663260002764,258.5499500178348,0.590654658396544,14,10472.060631595321,optimal,optimal,519.9211400375046,289.1343676579272,36.40429878729972,0.4988526446594867,1208.470435517177,1200.0,10800.0,-450.6965963948011,588.8970937224162,2665.6371065218195,40953.03872376946,18,36424.03528547787,0,1.0000053407566156e-07,optimal,optimal,optimal,38242.69303465057,-1243.7682486382769,248.17515690945513,535.2613283805648
2025-04-14,Q4-3 SEARCH,0.8,2.0,1208.470435517177,14,1208.470435517177,optimal,optimal,40747.157283344895,0.0,0.0,14,9580.299909537038,optimal,optimal,-2757.4946566814438,0.0,8523.63685090012,0.6787565671771497,14,6790.057401458529,optimal,optimal,-419.0634961146479,0.0,1211.909446042971,0.6081907264652692,14,10423.147299359427,optimal,optimal,599.933137451024,340.5740132118429,0.0,0.5022004431023772,1200.0,1200.0,10444.254466621458,-2576.625015345068,283.1435220263257,1339.580443553856,39510.11271155369,15,37384.51607263242,0,1.0000121619668789e-07,optimal,optimal,optimal,40834.85250114804,-2913.7563847549677,-440.062081547462,603.4249463221017
2025-04-15,Q4-3 SEARCH,0.8,2.0,1200.0,14,1200.0,optimal,optimal,35209.07083922372,0.0,0.0,14,9980.176337685187,optimal,optimal,1063.3683458423786,1180.341111830547,1813.8119233024595,0.6631824258594174,14,8436.551689922206,optimal,optimal,-258.0364895204663,23.24111378490727,971.0742971180678,0.6042793466045485,14,10357.587203530811,optimal,optimal,796.5244149905144,411.3563142023258,57.55984768917063,0.5028888103214648,1200.0000000999999,1200.0,10772.587448796297,1601.8562713124265,24.421132031944108,103.75591937044962,36914.6830299066,3,34677.71477619003,0,1.0000803740695119e-07,optimal,optimal,optimal,35599.51606080255,1014.106339048997,-255.27432592435883,734.4544406692869
2025-04-16,Q4-3 SEARCH,0.8,2.0,1200.0000000999999,14,1200.0000000999999,optimal,optimal,39603.31246422498,0.0,0.0,14,9827.073479814808,optimal,optimal,496.0001206916214,1002.8618779234841,2588.8041059571383,0.6460894092234675,14,6461.133946569542,optimal,optimal,-125.40837786802501,46.70419600211346,577.8379544048556,0.5905654569337081,14,10641.332094828873,optimal,optimal,248.93701523959987,141.4546546261929,70.49751748971244,0.5115926708380105,1200.0000000498032,1200.0000000498032,10644.863981572034,619.5287580631963,47.86563333582065,106.34740166939903,40329.18862395758,2,36874.2188161925,0,1.00000761449337e-07,optimal,optimal,optimal,39201.88396870947,476.6392566143909,-117.14478250222697,241.28162031556997
2025-04-17,Q4-3 SEARCH,0.8,2.0,1200.0000000498032,14,1200.0000000498032,optimal,optimal,35994.42936203447,0.0,0.0,14,9236.05800300248,optimal,optimal,64.46761385220638,113.93581491844736,54.1128541610568,0.6195968484936182,14,5784.691606831927,optimal,optimal,-12.12596946293887,18.869986903004246,146.5729438474978,0.6027059062547465,14,10492.105370150679,optimal,optimal,509.80909828773747,273.7375397591924,63.48003654910278,0.510166951221623,1200.0000000730272,1200.0000000498032,10706.949669669144,562.1507426770049,3.4092789501374363,5.187217922634603,36561.76732263411,1,37017.88640670721,0,1.00000761449337e-07,optimal,optimal,optimal,36463.63317169424,66.05656031365577,-12.53936231120391,495.6752972562419
2025-04-18,Q4-3 SEARCH,0.8,2.0,1200.0000000730272,14,1200.0000000730272,optimal,optimal,10613.578795599231,0.0,0.0,14,2954.4578964676057,optimal,optimal,86.38719021946298,154.7781986429919,290.2758203242837,0.645089905047508,14,10121.31731666043,optimal,optimal,27.980566831801923,41.22059426879707,17.833100046269493,0.571131874574879,14,9724.72152794612,optimal,optimal,395.7263935281951,285.949107793163,0.3384227306758021,0.5112610386975741,1200.0000000999999,1200.0,10429.30376868686,510.09415057946,2.086608538838674,3.6275688874999714,11127.30051506619,1,26184.94631086506,0,1.00000761449337e-07,optimal,optimal,optimal,10513.695313208507,90.16542362536454,28.012908247801633,396.0663551608342
2025-04-19,Q4-3 SEARCH,0.8,2.0,1200.0000000999999,14,1200.0000000999999,optimal,optimal,10419.363681041446,0.0,0.0,14,3408.3788961039577,optimal,optimal,30.181891309194313,79.58768539578416,243.34740501925845,0.6319473992529635,14,10175.806692173945,optimal,optimal,258.1829901769985,332.498294209462,0.0,0.5826997005768462,14,9683.630747976196,optimal,optimal,431.7311870316704,336.5190382925502,121.29013809245335,0.5080215898416776,1200.0000000582345,1200.0000000582345,10402.896416124344,720.0960685178632,43.750226109527134,92.79856911776866,11232.258318677079,5,25561.7303995061,0,1.0000258043874055e-07,optimal,optimal,optimal,10099.674416193724,31.419059461544915,275.84665524017714,420.03228805639833
2025-04-20,Q4-3 SEARCH,0.8,2.0,1200.0000000582345,14,1200.0000000582345,optimal,optimal,36110.94546547331,0.0,0.0,14,9812.077498611114,optimal,optimal,-423.68230826793155,69.98311419855301,2171.330894529424,0.6073341468644926,14,6240.622221173339,optimal,optimal,-189.3878918068525,38.58145483038868,996.4001820962918,0.6111158833352179,14,10682.677988603496,optimal,optimal,203.8137260707441,108.74191105487687,4.547473508864641e-13,0.5132304054344883,1200.0000000484144,1200.0000000484144,10707.912337982836,-409.2564740040399,60.78249190730995,139.49581928882378,35841.184810758095,1,36632.63943209973,0,1.0000130259868456e-07,optimal,optimal,optimal,36339.70802658903,-450.20336715253586,-189.45664722026856,198.05259105777003
2025-04-21,Q4-3 SEARCH,0.8,2.0,1200.0000000484144,14,1200.0000000484144,optimal,optimal,37451.82685755555,0.0,0.0,14,9031.408265517726,optimal,optimal,-2142.2819733840893,0.0,8883.13132223631,0.6253216562577153,14,6512.3571395797535,optimal,optimal,-322.633262134926,31.99120779684722,1350.0127042131326,0.6007158765197587,14,10399.952770284148,optimal,optimal,677.727914977612,355.7084798405067,-1.1368683772161603e-13,0.5134253152998147,1200.0000000999999,1200.0,10463.300895147355,-1787.1873205414033,235.71276750344697,952.7261893630898,36617.36572637724,10,36473.988699580885,0,1.0000803740695119e-07,optimal,optimal,optimal,37899.33043328175,-2410.0853303306662,-358.30236701256297,646.9734773314295
2025-04-22,Q4-3 SEARCH,0.8,2.0,1200.0000000999999,14,1200.0000000999999,optimal,optimal,34323.67751222041,0.0,0.0,14,9635.447958044111,optimal,optimal,1409.3879618238739,1161.3758896684299,35.63998983404657,0.6435025635047428,14,7794.508408065611,optimal,optimal,-306.2280646174569,62.23598723182579,1287.0430086198396,0.6296844276844874,14,10694.733467220509,optimal,optimal,155.30387923124428,86.70513625432102,28.482946088873216,0.5113693121866998,1200.000000052067,1200.000000052067,10714.26009051448,1258.4637764376614,310.0648507268712,1009.1117414569992,36591.25303011507,5,35241.78935556256,0,1.0000803740695119e-07,optimal,optimal,optimal,33987.37399552912,1444.1166088660534,-284.4902785463535,159.3011366176465
2025-04-23,Q4-3 SEARCH,0.8,2.0,1200.000000052067,14,1200.000000052067,optimal,optimal,33602.74176895231,0.0,0.0,14,8962.709741366645,optimal,optimal,1098.783150167617,1159.9359623399143,1.1368683772161603e-13,0.6652018081171397,14,6268.254632292571,optimal,optimal,0.640396507766976,18.085913689570248,89.12517053378431,0.634829254027098,14,10420.696981522604,optimal,optimal,639.3656829432241,336.16779881261056,31.644351482461957,0.5036252860087479,1201.883250996879,1200.000000052067,10429.455963588867,1738.789229618608,105.96394702320137,341.3782764673939,35682.90927503832,4,35403.15407949411,0,1.0000357178796548e-07,optimal,optimal,optimal,32877.823434800244,1205.1677915643154,-0.17849809010735251,599.4134094814284
2025-04-24,Q4-3 SEARCH,0.8,2.0,1201.883250996879,14,1201.883250996879,optimal,optimal,34225.09003951422,0.0,0.0,14,9893.554425185193,optimal,optimal,-221.7682995510225,94.74084044876943,1798.045607749792,0.6912673015858386,14,7535.002223888898,optimal,optimal,208.06311527203138,202.57263181473013,224.08223842062495,0.6520926938239926,14,10621.205269616741,optimal,optimal,243.48555824551806,145.33067018315813,98.69656135674633,0.5028857172901148,1200.0000000730033,1200.0000000730033,10657.859054814822,229.78037396652695,18.721940223990245,28.494793020914898,34483.365206501665,1,33430.514343692805,0,1.00000761449337e-07,optimal,optimal,optimal,33846.50047586065,-208.69693846093713,195.66374400508988,232.926002605963
2025-04-25,Q4-3 SEARCH,0.8,2.0,1200.0000000730033,14,1200.0000000730033,optimal,optimal,10261.838609955128,0.0,0.0,14,2899.153224238721,optimal,optimal,59.28520684664392,94.65580039082758,222.30830108859013,0.6817311944384786,14,10581.934058125218,optimal,optimal,-142.7818238529445,0.0,459.4659781214097,0.6363749218033539,14,9866.848244398567,optimal,optimal,257.35516571296796,209.96817495821284,25.627428562129094,0.49178572554188016,1212.079500036045,1200.0,10581.934058125218,173.85854870666736,128.9965783150675,385.84147311522287,10821.538631777017,6,26190.45897674944,0,1.0000080747819913e-07,optimal,optimal,optimal,10316.645265543008,51.99263827024257,-136.9548637749966,236.03370669286707
2025-04-26,Q4-3 SEARCH,0.8,2.0,1212.079500036045,14,1212.079500036045,optimal,optimal,9889.042111825944,0.0,0.0,14,2312.7947438462083,optimal,optimal,82.89769789394978,86.64101289333483,10.388118827160213,0.68235784829596,14,10133.538771519083,optimal,optimal,33.6338448539439,67.90777948566446,56.21170185798819,0.6546457848793954,14,9754.71428410215,optimal,optimal,355.12429074595036,283.9917821569681,0.0,0.48895997035494543,1200.0000000520913,1200.0000000520913,10412.10241373178,471.65583349384406,81.91392179999802,145.51278283651502,10506.210728156302,5,25921.53645425483,0,1.00000761449337e-07,optimal,optimal,optimal,9775.28314148464,81.80685794792603,30.840287971226783,307.17964210444654
2025-04-27,Q4-3 SEARCH,0.8,2.0,1200.0000000520913,14,1200.0000000520913,optimal,optimal,32767.17301001033,0.0,0.0,14,9063.807598065676,optimal,optimal,179.97948065072876,374.52428343673364,1583.2852368365718,0.6685449852451066,14,7110.6607038064185,optimal,optimal,-28.463009801242986,125.84579960186687,614.7091920787269,0.6363660385418936,14,9661.549461187795,optimal,optimal,832.4722265624617,467.8590741724178,0.0,0.48601436749670646,1200.0000000494706,1200.0000000494706,10476.804264732344,983.9886974119476,765.5720567798538,3048.2382445341004,36799.39995195638,17,35694.907204860465,0,1.0000803740695119e-07,optimal,optimal,optimal,33102.78136377646,112.17774586340863,-33.44063186064584,789.4555904712755
2025-04-28,Q4-3 SEARCH,0.8,2.0,1200.0000000494706,14,1200.0000000494706,optimal,optimal,41136.21122179933,0.0,0.0,14,9360.092728448819,optimal,optimal,-695.4063550856033,82.97427372030381,2405.7671951577704,0.6360380262969082,14,6161.945534213852,optimal,optimal,-158.74129294007207,66.30697720592991,807.1925651544979,0.6472560070857856,14,10556.643321216676,optimal,optimal,324.4881148530276,218.06993195187715,0.0,0.49128042178914716,1200.0000000500838,1200.0000000494706,10786.711739999997,-529.6595331726478,25.123333535206633,55.73611540034413,40662.28780402702,1,38255.822091521506,0,1.00000761449337e-07,optimal,optimal,optimal,39332.34078287899,-571.4952633396905,-145.88559498498344,333.99058383115215
2025-04-29,Q4-3 SEARCH,0.8,2.0,1200.0000000500838,14,1200.0000000500838,optimal,optimal,33645.107436919585,0.0,0.0,14,6642.590041004318,optimal,optimal,-395.2532863364333,442.4474007032839,4329.218436264449,0.5976011825390406,14,7013.983879287466,optimal,optimal,79.45404605953664,125.61787362673846,224.46612600930632,0.6543095372023991,14,10430.657531980609,optimal,optimal,564.1204847322736,334.382913117157,0.0,0.4937930323404398,1219.5491900777956,1200.0,10462.660994665792,248.32124445537693,256.513420141765,1163.5583905080302,35056.98707188299,6,32280.97039164023,0,1.0001531336456537e-07,optimal,optimal,optimal,33815.01678535534,-431.3432972610689,74.2780553982149,546.5038959682344
2025-04-30,Q4-3 SEARCH,0.8,2.0,1219.5491900777956,14,1219.5491900777956,optimal,optimal,32330.57118270673,0.0,0.0,14,8365.278593411831,optimal,optimal,-167.0846128711002,0.0,675.7693528887214,0.5740318658404769,14,6430.037921004424,optimal,optimal,-197.69030431461226,4.874958314168679,420.5211911177821,0.67107790681695,14,10325.175782442417,optimal,optimal,679.880446345663,425.7948095450133,0.0,0.4975611829940708,1200.0000000496696,1200.0,10429.83617115798,315.10552915995055,174.93904236164155,665.1284295368368,33310.80514140352,10,32762.66342443677,0,1.0000078942695723e-07,optimal,optimal,optimal,32913.0762918817,-158.3943399587741,-196.13167878148738,620.490470012298
2025-05-01,Q4-3 SEARCH,0.8,2.0,1200.0000000496696,14,1200.0000000496696,optimal,optimal,34836.29681969252,0.0,0.0,14,8276.2644937037,optimal,optimal,154.11111238398607,661.6823391137486,2625.766525585256,0.5620565283427029,14,6966.300908211124,optimal,optimal,-159.1376070324602,0.46617531117556155,337.4778770157552,0.6419027216171779,14,10210.456524527473,optimal,optimal,925.4563894455749,521.7096025078954,34.95779405513862,0.50271368485792,1200.0000000616228,1200.0,10474.095367916434,920.4298947971008,2441.8417914983042,11282.596261985063,47039.32297647469,27,34808.138348736895,0,1.00000761449337e-07,optimal,optimal,optimal,34031.54721306235,95.04224092947621,-151.08268660122926,881.935642846757
2025-05-02,Q4-3 SEARCH,0.8,2.0,1200.0000000616228,14,1200.0000000616228,optimal,optimal,13152.407360340834,0.0,0.0,14,3208.144206255691,optimal,optimal,-40.39655195069946,0.0,99.52934295108118,0.5564958485916337,14,8952.730386281517,optimal,optimal,-30.524927336331665,0.0,84.720904203449,0.6609513899290419,14,9009.251657994058,optimal,optimal,2091.3323968259083,1241.8147728320032,0.0,0.5059890836015601,1200.000000065304,1200.0000000585255,9288.248178082406,2020.4109175388771,645.3864087142008,2047.0860853585336,17219.904363238245,13,24038.818395392496,0,1.0000098882301245e-07,optimal,optimal,optimal,12377.728493541981,-39.19023482796805,-29.568072590759442,2185.1184601442474
2025-05-03,Q4-3 SEARCH,0.8,2.0,1200.000000065304,14,1200.000000065304,optimal,optimal,12146.494770080468,0.0,0.0,14,3070.676250928736,optimal,optimal,-62.38888926989101,2.671244601515354e-07,188.4288867796967,0.5394404610795432,14,8834.03486701904,optimal,optimal,140.74274733810944,134.29369760213922,9.094947017729282e-13,0.6475721298297373,14,8869.051031409574,optimal,optimal,2277.129264240612,1328.7312302781465,0.0,0.503318333021994,1533.506047754508,1200.0,9202.721110812128,2355.4831223088304,809.0248712189037,3426.5092937893314,17928.48718617863,15,22679.673388933952,0,1.000011309315596e-07,optimal,optimal,optimal,11895.916367463515,-60.36624851815836,138.42228248916322,2242.3774190933523
2025-05-04,Q4-3 SEARCH,0.8,2.0,1533.506047754508,14,1533.506047754508,optimal,optimal,37792.31865258848,0.0,0.0,14,9317.993250118683,optimal,optimal,-950.684786934785,100.01491993254604,4681.243720809001,0.5430646147471601,14,8130.902193266831,optimal,optimal,-379.9582175208624,0.0,962.5703796965048,0.6401290513762119,14,8546.01865871967,optimal,optimal,3534.582306844645,1965.4211180427264,0.0,0.5013300733504729,1307.6624687708909,1200.0,10633.59339826683,2203.9393023889975,1019.4502578595615,5115.835755343507,45112.09371032099,18,28999.463106088144,0,1.0000127304010675e-07,optimal,optimal,optimal,36353.27710787741,-820.647791248849,-389.9731400531644,3394.6517526874327
2025-05-05,Q4-3 SEARCH,0.8,2.0,1307.6624687708909,14,1307.6624687708909,optimal,optimal,39810.917885634946,0.0,0.0,14,9970.619686111115,optimal,optimal,-983.752095386421,0.0,2511.535164323657,0.5324815600799475,14,6494.087353393811,optimal,optimal,-334.15254945473333,17.167506894748158,1387.8673565698366,0.6431997159404194,14,8461.826099250966,optimal,optimal,3781.5136137882723,2052.1009291405744,5.8791096060173,0.500828878493704,1538.4371384918563,1200.0,10694.063667592596,2463.6089689471182,695.8112250040407,3427.3851380627707,45701.91199264483,11,31810.8244222352,0,1.0000803740695119e-07,optimal,optimal,optimal,38775.98178802924,-956.1044958372231,-336.2849476683703,3635.4604835653045
2025-05-06,Q4-3 SEARCH,0.8,2.0,1538.4371384918563,14,1538.4371384918563,optimal,optimal,34322.55252209852,0.0,0.0,14,7059.924787215159,optimal,optimal,1098.4333122367339,1032.8963270459099,378.7516490469546,0.5646785068807457,14,5121.018105000001,optimal,optimal,1231.8978501963468,1458.144530830182,65.47736263109232,0.6044219334885613,14,8649.414828948327,optimal,optimal,3385.2281206785538,1807.7253215504588,0.0,0.5055075724842293,1307.7007990288753,1200.0,8649.414828948327,5715.559283111635,1676.083640736296,8426.699261028087,48464.811066238246,27,30448.235746995422,0,1.000049678623327e-07,optimal,optimal,optimal,32953.80563787381,1029.7257737684192,1267.4990268867157,3269.27951092628
2025-05-07,Q4-3 SEARCH,0.8,2.0,1307.7007990288753,14,1307.7007990288753,optimal,optimal,37976.16180117925,0.0,0.0,14,9458.575281399766,optimal,optimal,360.4813166219962,322.2282255770731,352.65391047697875,0.566875293551075,14,6149.834950141674,optimal,optimal,-101.02170807165218,1.1476349502676157,252.0307519304958,0.5889126347063195,14,8840.157726250469,optimal,optimal,3358.929556937402,1744.137519139117,10.207674781240144,0.5070298171669906,1450.829530595095,1200.0,10589.00835547384,3618.389165487746,669.6789324184595,3963.632879951849,45558.18384661885,12,32356.425961010373,0,1.0000832162404549e-07,optimal,optimal,optimal,36637.51109345362,345.4863396859568,-103.88174220514415,3350.5927033073276
2025-05-08,Q4-3 SEARCH,0.8,2.0,1450.829530595095,14,1450.829530595095,optimal,optimal,42123.965122015485,0.0,0.0,14,9794.397021801946,optimal,optimal,-831.3662754338734,260.7862539021636,4506.047988901097,0.5851807619954906,14,6348.298971746808,optimal,optimal,276.2675951667926,278.67691842546503,152.14398579216947,0.5887850983901098,14,9139.111513862652,optimal,optimal,2864.3441785535883,1460.933611113665,41.41822955602123,0.4990362085800908,1603.2779824225202,1259.061599644503,10516.920169950094,2309.2454982865074,824.340344229615,3301.605616747163,47734.816237049155,14,31434.741184756338,0,1.0000266570386884e-07,optimal,optimal,optimal,40797.24649042579,-737.523355709448,265.44719302649105,2840.219298407038
2025-05-09,Q4-3 SEARCH,0.8,2.0,1603.2779824225202,14,1603.2779824225202,optimal,optimal,13269.84814373701,0.0,0.0,14,3204.323032277289,optimal,optimal,376.15524582532316,329.63758198986676,6.3600406539722485,0.5828378273268697,14,8349.561071141556,optimal,optimal,72.31861567909333,129.06644489804884,319.41057234643824,0.6106769077868192,14,10505.968478855639,optimal,optimal,405.09207652524276,258.5320647269103,47.20325006164133,0.5084599939648704,1209.2931305633986,1209.2931305633986,10505.968478855639,853.5659380296593,6.592460906258484e-07,1.099991456017506e-06,14123.414082866662,0,25159.289760247124,0,1.00000761449337e-07,optimal,optimal,optimal,12828.625239991681,376.9627865117046,66.89021098549088,397.183344143432
2025-05-10,Q4-3 SEARCH,0.8,2.0,1209.2931305633986,14,1209.2931305633986,optimal,optimal,13711.917697568864,0.0,0.0,14,3829.5474137455803,optimal,optimal,584.218994817302,621.4734771772926,3.410605131648481e-13,0.6124674265745421,14,8359.257802762215,optimal,optimal,-70.86503064569037,5.890700932848745,279.88575551984235,0.6135156098982888,14,9172.925615880242,optimal,optimal,2367.4520962216325,1440.1348574555468,56.98842264432895,0.5174193229173041,1200.0000000514162,1200.0000000514162,9182.08545598247,2880.806060393244,300.73682937002593,828.545320965625,17421.269078927733,7,22955.414244511456,0,1.0000030670198612e-07,optimal,optimal,optimal,13070.86914981735,617.7071682731976,-83.57859075762718,2453.0748520486823
2025-05-11,Q4-3 SEARCH,0.8,2.0,1200.0000000514162,14,1200.0000000514162,optimal,optimal,40500.184871073485,0.0,0.0,14,9899.812665654266,optimal,optimal,17.70117400071275,637.444554379977,2813.20245889732,0.6128798386458739,14,6595.2228182531835,optimal,optimal,27.20079057107752,154.45380254028862,964.852393812087,0.6064088480203318,14,9155.618714633854,optimal,optimal,2869.6118680285977,1473.4784016249264,70.88440754867325,0.5179237835685995,1484.255659390739,1200.0,10568.92886935797,2914.513832600388,564.6279693338824,3294.8643949758307,46709.563098649705,13,30911.535128662428,0,1.000062752609665e-07,optimal,optimal,optimal,39584.099860760936,66.36471350603765,43.16821934551198,2847.3602058161296
2025-05-12,Q4-3 SEARCH,0.8,2.0,1484.255659390739,14,1484.255659390739,optimal,optimal,36457.790540177084,0.0,0.0,14,9393.730013424776,optimal,optimal,1993.3251366310064,1649.2998859462505,1.1368683772161603e-13,0.6222051305743269,14,7306.9210156618055,optimal,optimal,50.614285852925676,77.25923098808401,205.22142821232677,0.6042043258947416,14,9145.614954723858,optimal,optimal,2824.207672869586,1476.1727126887272,57.869004154760546,0.5147239641943456,1563.4953258179949,1201.2622287303896,10707.898846713595,4868.147095353518,364.6012290859053,1816.7658313328247,43142.70346686343,4,28008.122628871082,0,1.0000485417549498e-07,optimal,optimal,optimal,35741.551184335316,1967.7441250189872,64.10893495251288,2700.098725096688
2025-05-13,Q4-3 SEARCH,0.8,2.0,1563.4953258179949,14,1563.4953258179949,optimal,optimal,41668.72796193695,0.0,0.0,14,9980.477988249999,optimal,optimal,-886.8021074572987,785.27401828046,6175.130494229124,0.6096449450743807,14,6289.811750735836,optimal,optimal,114.24466660018317,247.69468897657282,772.0246278413234,0.6109347968771492,14,8971.925258258621,optimal,optimal,3059.0897268292774,1591.610563057121,44.667580681736666,0.5129126391594787,1495.314495752258,1200.0000000164719,10749.035194999997,2286.532285972162,385.0346800225649,1992.837364365976,45948.09761227509,14,29819.180994768645,0,1.000004772322427e-07,optimal,optimal,optimal,40591.181566457046,-730.4433732545011,148.0668380796043,3049.88037948598
2025-05-14,Q4-3 SEARCH,0.8,2.0,1495.314495752258,14,1495.314495752258,optimal,optimal,40364.64985357029,0.0,0.0,14,9869.358590654012,optimal,optimal,-234.1172112460185,43.7349022485073,884.3206587986712,0.6287185154858466,14,6010.444183305825,optimal,optimal,-583.9820691258726,0.0,1811.428374407677,0.5923866460924188,14,9219.619366291885,optimal,optimal,2591.6601494728225,1386.8658383073155,12.866849527417765,0.5051761010413914,1454.9091650855435,1222.9501237029726,10594.838683246604,1773.5608691009313,6.99562613401478e-07,2.2999823837172897e-06,42138.210724971206,0,29992.98936786384,0,1.0000373947998919e-07,optimal,optimal,optimal,40243.509353926056,-223.1630418284557,-590.4255815093284,2632.0459664033324
2025-05-15,Q4-3 SEARCH,0.8,2.0,1454.9091650855435,14,1454.9091650855435,optimal,optimal,41794.7785210604,0.0,0.0,14,9913.76596904622,optimal,optimal,428.6686297246798,414.5984986799766,256.92382124884506,0.5880965951884245,14,6981.050632892247,optimal,optimal,-825.0061078364099,0.0,2294.018762554425,0.6413907975808933,14,9277.576038546118,optimal,optimal,2498.598547508669,1345.974508901374,4.175951699872652,0.5023496857229169,1476.08069818975,1454.9091650855435,10645.552543120295,2102.261069396939,3.921368724044134e-07,1.0000105016385905e-06,43897.039591457346,0,30173.82667690088,0,1.0000371730711777e-07,optimal,optimal,optimal,41694.327242874206,395.4572283790541,-809.019620130196,2554.501868551055
2025-05-16,Q4-3 SEARCH,0.8,2.0,1476.08069818975,14,1476.08069818975,optimal,optimal,13878.106906635783,0.0,0.0,14,2500.2359451039665,optimal,optimal,-65.60353808681623,0.0,168.22871192410204,0.5807333829636694,14,8376.657322238503,optimal,optimal,-156.096911697915,0.0,511.938218628262,0.6697991599322327,14,10053.08139732268,optimal,optimal,1042.7213987394473,639.1846277610425,169.8554139797856,0.49022271234302023,1200.000000053035,1200.0,10053.08139732268,821.020948954716,97.94668624043138,165.9686749373324,14865.096530527831,3,21072.947676575084,0,1.000012680378859e-07,optimal,optimal,optimal,14045.725995410516,-63.844127919005246,-151.47227210626667,907.9875730608193
2025-05-17,Q4-3 SEARCH,0.8,2.0,1200.000000053035,14,1200.000000053035,optimal,optimal,14005.583301546074,0.0,0.0,14,2163.2330507540187,optimal,optimal,-18.336653056509377,14.599995683067435,107.71263400064657,0.5642788474441499,14,8365.5610057578,optimal,optimal,-10.013649678887,71.00807514870473,327.2111322847063,0.6626488208544578,14,9219.563903036178,optimal,optimal,2338.996455569915,1394.8228928149072,113.40329947340183,0.47940430771132864,1200.0000000495368,1200.0000000495368,9219.563903036178,2310.6461528345185,298.5243680019211,934.7309148900126,17250.960369270604,5,21098.033476225177,0,1.000296379061183e-07,optimal,optimal,optimal,14039.610939242772,-18.012446844712695,3.158716080540362,2298.701552931593
2025-05-18,Q4-3 SEARCH,0.8,2.0,1200.0000000495368,14,1200.0000000495368,optimal,optimal,43843.22816657854,0.0,0.0,14,9717.730876425672,optimal,optimal,-731.5402032682894,290.919831254939,4134.909826082849,0.5552544511539624,14,5833.499605865684,optimal,optimal,-134.35699449453693,46.088499317834135,612.5220296705553,0.6579382952051857,14,9454.041697625207,optimal,optimal,2301.2715901407796,1183.3585319319782,6.732060839983546,0.4951790349470917,1607.8225986724963,1200.0000000495368,10413.115651077742,1435.3743923779534,2.726044852911268e-07,5.999955036858947e-07,45278.60255955649,0,30547.92157017559,0,1.0000098882301245e-07,optimal,optimal,optimal,43783.13373385658,-691.8078339551365,-132.80274527614606,2283.99238753777
2025-05-19,Q4-3 SEARCH,0.8,2.0,1607.8225986724963,14,1607.8225986724963,optimal,optimal,38931.54059963682,0.0,0.0,14,10044.258296944443,optimal,optimal,-168.28346678615617,528.3271525065237,4326.050210802152,0.57627531086384,14,8208.94152739548,optimal,optimal,-40.94983917292195,7.601002878390805,137.15926921982572,0.6551490172527845,14,9492.388193118784,optimal,optimal,2232.3720369177827,1156.865816820812,90.37481642352864,0.4869027646502461,1672.8242532777113,1406.1931886304756,10728.263852499998,2023.1387309587046,8.232500322417708,57.45050214998738,41012.129832745515,1,28757.213063956853,0,1.0000803740695119e-07,optimal,optimal,optimal,39492.15866363012,-384.14049463855997,-42.29158103422453,2108.8300247693323
2025-05-20,Q4-3 SEARCH,0.8,2.0,1672.8242532777113,14,1672.8242532777113,optimal,optimal,39039.40679742412,0.0,0.0,14,10128.53287037037,optimal,optimal,482.5320477996355,669.106272969979,1194.7059026059815,0.5737972755335464,14,6379.464314544593,optimal,optimal,144.48967243753714,169.78257268437562,0.0,0.6409757704854452,14,9348.82696113608,optimal,optimal,2489.7156269163047,1250.7354401926505,56.84886682227216,0.4864471924874341,1651.7432268424184,1625.1609768983333,10800.0,3116.7373471534775,77.71804165818702,283.3283822591445,42439.47252683675,2,29045.684049497522,0,1.0000547945310245e-07,optimal,optimal,optimal,39251.83592479068,510.870299255824,106.17253672412257,2438.78971826786
2025-05-21,Q4-3 SEARCH,0.8,2.0,1651.7432268424184,14,1651.7432268424184,optimal,optimal,37108.0567504019,0.0,0.0,14,7181.221397320829,optimal,optimal,1098.126536406749,1320.4267273719756,0.024130482852115165,0.5685082670468646,14,6296.764284155978,optimal,optimal,143.81243967350025,350.7595374646699,1534.1320580236647,0.6532667259997932,14,9252.931931071505,optimal,optimal,2450.9208026572633,1343.7245652221654,0.0,0.49013871318365915,1515.6448454509436,1496.8018455084707,9252.931931071505,3692.8597787375124,115.16341836253834,439.98168355712744,41240.898212696535,3,27229.15075752709,0,1.0000803740695119e-07,optimal,optimal,optimal,36841.56951023502,1138.7657066563397,119.40567400272916,2498.407660910076
2025-05-22,Q4-3 SEARCH,0.8,2.0,1515.6448454509436,14,1515.6448454509436,optimal,optimal,37193.60095536569,0.0,0.0,14,9447.712185100121,optimal,optimal,-191.0217108558129,51.531707159782,596.945551815162,0.591923604047443,14,7667.756618433455,optimal,optimal,-346.3955847893759,4.840856259638485,733.9407409751761,0.6250893073790399,14,9694.102506057816,optimal,optimal,1853.758224578907,999.6537800634896,5.684341886080802e-14,0.4967499063622417,1484.636467444933,1484.636467444933,10707.26531472975,1316.3409289337183,109.76946517061157,363.0645167222558,38873.00640102167,6,30591.11453822427,0,1.0000553629652131e-07,optimal,optimal,optimal,37400.28197097787,-183.4200249118447,-349.41130818457975,1813.7652002484822
2025-05-23,Q4-3 SEARCH,0.8,2.0,1484.636467444933,14,1484.636467444933,optimal,optimal,12256.253886857223,0.0,0.0,14,2164.1648141588453,optimal,optimal,-78.31312344482424,0.0,260.8882809657588,0.6286188202783171,14,9609.624592466258,optimal,optimal,175.35981776862926,213.92536811686452,19.371782819394795,0.5954141752638227,14,9592.61503279351,optimal,optimal,1731.3149336614242,1047.56124363987,-2.8421709430404007e-13,0.5052994604995769,1655.8682480806324,1425.4842028703704,9639.999262107676,1828.3616279852292,2.556968063954652e-07,4.0000223831188944e-07,14084.615515242454,0,21921.97764380755,0,1.00000761449337e-07,optimal,optimal,optimal,12272.256124860483,-79.95866016622206,171.03621845238118,1758.5454467294144
2025-05-24,Q4-3 SEARCH,0.8,2.0,1655.8682480806324,14,1655.8682480806324,optimal,optimal,13037.611986166536,0.0,0.0,14,1870.854022845598,optimal,optimal,-179.6848832783705,56.30936646803531,728.5468398618693,0.6142470598441125,14,9128.970809035589,optimal,optimal,-108.95277934236755,0.0,266.70411878055234,0.5634376313290766,14,10319.965860137043,optimal,optimal,716.2359799367473,417.470210321026,0.0,0.5062499574038256,1324.8483008503326,1324.8483008503326,10334.769767650054,427.59831731600923,2.751091718662217e-07,4.999995994538256e-07,13465.210303982545,0,21860.7855965821,0,1.0002827366406564e-07,optimal,optimal,optimal,12953.399913681296,-201.55462088621687,-108.00387354638482,652.8305219502881
2025-05-25,Q4-3 SEARCH,0.8,2.0,1324.8483008503326,14,1324.8483008503326,optimal,optimal,37711.5894983833,0.0,0.0,14,10025.677745944527,optimal,optimal,-761.3519689240846,29.457305280207493,3325.513300305069,0.6349394761297966,14,9193.208776715317,optimal,optimal,-86.72634452651752,0.0,145.31859360507067,0.5513013261352812,14,9603.033040078975,optimal,optimal,2118.4577359602217,1081.5225516445028,-1.1368683772161603e-13,0.4863585004275528,1507.8323596461742,1306.1290415910732,10740.185270635886,1270.3794225096194,74.85162789599096,340.6161435701646,39322.585064463085,6,28550.17144101977,0,1.000012403185922e-07,optimal,optimal,optimal,37914.520882520075,-827.3809816378642,-82.46211620485778,2043.218314472305
2025-05-26,Q4-3 SEARCH,0.8,2.0,1507.8323596461742,14,1507.8323596461742,optimal,optimal,36620.36758668553,0.0,0.0,14,9092.969435458223,optimal,optimal,-496.290418113141,21.11315488075286,1233.7015617218103,0.6219222320018284,14,4565.4137821248905,optimal,optimal,1367.9564557171332,1786.7218582133112,0.0,0.5518940192800226,14,10047.356014370083,optimal,optimal,1275.0094776572253,680.7615172470931,0.0,0.4973434985470992,1443.6092430664062,1416.817743023523,10330.530916939704,2146.6755152612177,92.31662785920231,352.72007874986684,39119.76318069661,7,33221.68089301234,0,1.0000098882301245e-07,optimal,optimal,optimal,36660.91332315454,-510.8966124351078,1360.909084366707,1264.9869507693975
2025-05-27,Q4-3 SEARCH,0.8,2.0,1443.6092430664062,14,1443.6092430664062,optimal,optimal,34668.97483685783,0.0,0.0,14,7446.9173651558685,optimal,optimal,1445.8423624474158,2112.8915109692452,0.0,0.6357303952212594,14,6225.757720155868,optimal,optimal,-390.07577392760516,8.609488567720133,1276.0403025256512,0.5838652431269783,14,10052.056839989144,optimal,optimal,1096.8966950789795,676.5708729524764,0.0,0.4886651889197987,1451.7113032591533,1417.7967060480582,10097.465999981663,2152.6632835987903,4.916530572679643e-08,1.0000216527184281e-07,36821.63812055662,0,30954.582021032787,0,1.0001531336456537e-07,optimal,optimal,optimal,34345.97090333281,1654.10899032493,-414.8816140034257,1055.9991511362557
2025-05-28,Q4-3 SEARCH,0.8,2.0,1451.7113032591533,14,1451.7113032591533,optimal,optimal,38901.41620281768,0.0,0.0,14,9808.296763703695,optimal,optimal,-387.04241521727886,375.8428744144583,2919.761667430883,0.5908321569580908,14,6339.517610722756,optimal,optimal,-497.398633062444,197.4749775729162,2694.5228377630424,0.5951818170057571,14,10043.751560307499,optimal,optimal,924.2536052807168,504.21576846145075,0.0,0.4837875310871463,1207.367457375816,1207.367457375816,10505.364356296288,39.812557000993934,8.879317568100723e-08,1.999992744254996e-07,38941.228760018676,0,32354.620714571363,0,1.0002986527979374e-07,optimal,optimal,optimal,37911.717919992414,-298.97325438834446,-406.2753846526182,931.9459893303165
2025-05-29,Q4-3 SEARCH,0.8,2.0,1207.367457375816,14,1207.367457375816,optimal,optimal,37785.28296392187,0.0,0.0,14,9600.83817924277,optimal,optimal,436.3010824787754,504.6559364995368,211.42428975270786,0.5763922328316364,14,7688.3698728514655,optimal,optimal,-707.6368310947508,14.213333736919708,2922.913085941231,0.5866434162268607,14,10236.904626909825,optimal,optimal,851.0556738911864,520.1811777381852,0.0,0.48108784470784305,1263.82345154236,1199.9999999999998,10272.915191851327,579.7199252752109,450.1725964783526,2128.8052168709955,40493.80810606808,17,33894.27960280841,0,1.0001531336456537e-07,optimal,optimal,optimal,37079.047487461256,459.1794584443481,-778.7605906517937,828.0436668575994
2025-05-30,Q4-3 SEARCH,0.8,2.0,1263.82345154236,14,1263.82345154236,optimal,optimal,11596.559211137763,0.0,0.0,14,2351.4156776482214,optimal,optimal,207.87870892929243,239.66552675006633,91.0131503362678,0.5411803619026859,14,10625.79503569791,optimal,optimal,135.96871868392594,133.86932910985934,6.828849131666061,0.5706245179616362,14,10258.523260300393,optimal,optimal,327.53648835309207,268.6108397334176,0.0,0.4741642960742968,1299.0391268542105,1263.82345154236,10625.79503569791,671.3839159663105,1.411249300674006e-07,2.999992010723872e-07,12267.943127404073,0,23611.29585904636,0,1.0033054705885431e-07,optimal,optimal,optimal,11344.387992690905,193.18505577691496,131.11573495224474,333.6381333197234
2025-05-31,Q4-3 SEARCH,0.8,2.0,1299.0391268542105,14,1299.0391268542105,optimal,optimal,12313.497717275306,0.0,0.0,14,2888.725964399804,optimal,optimal,-285.55399966432657,0.0,1053.5979741750152,0.5552075506942729,14,10166.712161474934,optimal,optimal,-55.953265414495995,12.118393602094102,216.7661573356013,0.605237812413648,14,10357.093708682845,optimal,optimal,185.55823542743,143.0501709360858,27.008774555883218,0.48422532798077766,1200.0000000419445,1200.0000000419445,10678.318857486596,-155.94902965139258,133.48052526913895,342.34748598654073,12499.896173610454,2,24662.87172123587,0,1.0000030670198612e-07,optimal,optimal,optimal,12673.408780814532,-281.5468945261953,-60.16349290999718,191.57212130035634
2025-06-01,Q4-3 SEARCH,0.8,2.0,1200.0000000419445,14,1200.0000000419445,optimal,optimal,53289.87401023278,0.0,0.0,14,8608.642810884883,optimal,optimal,-404.4598604832331,1110.3662837704496,4192.4192187071585,0.5666485845600128,14,7853.3010172272125,optimal,optimal,-1356.113367723698,0.0,3427.174164966241,0.6415188020531732,14,10261.446972460115,optimal,optimal,842.3745011306487,470.21295355144366,0.0,0.4818533196753399,1200.0,1199.9999999999998,10476.221504459683,-918.1987270762825,4624.467884218525,21832.096989096615,74203.77227225312,46,38916.050273238354,0,1.0000803740695119e-07,optimal,optimal,optimal,47088.25321464049,-219.87169895466016,-1255.7334865762468,888.6515391933634
2025-06-02,Q4-3 SEARCH,0.8,2.0,1200.0,14,1200.0,optimal,optimal,54326.70604767084,0.0,0.0,14,8315.459987049591,optimal,optimal,-2347.325763861604,166.04677526339418,7762.980157100384,0.5870249423054743,14,5601.08694115102,optimal,optimal,3867.6529268910635,3121.173879494682,599.2210017617043,0.6439861693109434,14,8353.00202775571,optimal,optimal,3864.68753644045,1997.08253064047,0.0,0.48757590409122953,1277.9061143522513,1200.0,9074.84887593848,5385.01469946991,781.5650372753041,3824.8335141907783,63536.554261331534,13,33323.17767788968,0,1.0000098882301245e-07,optimal,optimal,optimal,49069.48684875515,-2044.1524427002519,3208.5441316390265,4095.4133451388298
2025-06-03,Q4-3 SEARCH,0.8,2.0,1277.9061143522513,14,1277.9061143522513,optimal,optimal,49850.04851740894,0.0,0.0,14,8302.971464363642,optimal,optimal,2237.261835398509,2199.023641249603,2004.954913722696,0.600796204059773,14,7260.021461383432,optimal,optimal,175.9182891956264,337.4127001560378,738.2699471725284,0.623137584468961,14,8656.986489637096,optimal,optimal,3518.3379485627124,1813.473775767828,74.22895715699126,0.49230641353782917,1310.1557211790785,1207.6077668538915,9078.696001400678,5931.518073156848,24.515184528092966,174.79616242225035,55956.36275298804,2,30585.559164237322,0,1.00000761449337e-07,optimal,optimal,optimal,45496.005927116625,2302.001085584153,197.0584807868425,3672.183044808119
2025-06-04,Q4-3 SEARCH,0.8,2.0,1310.1557211790785,14,1310.1557211790785,optimal,optimal,58277.34193961363,0.0,0.0,14,7747.450711340477,optimal,optimal,-3874.310922504755,0.0,10459.676009133982,0.5954185206083834,14,7507.635345970926,optimal,optimal,1684.3511281798806,1555.4538142278498,0.0,0.6221504156147986,14,8363.795238859202,optimal,optimal,3700.6971384269145,1924.05895285114,66.8718440134047,0.50561548891682,1316.40908742394,1200.000000015818,9180.210916362617,1510.73734410204,109.38263907841163,766.0387301607669,60554.11801387644,2,30616.756963567506,0,1.0000110250985017e-07,optimal,optimal,optimal,52730.36939015117,-3533.524060483419,1570.7416521741604,3874.87660084461
2025-06-05,Q4-3 SEARCH,0.8,2.0,1316.40908742394,14,1316.40908742394,optimal,optimal,49796.01513515589,0.0,0.0,14,8044.896146031829,optimal,optimal,1381.7739387480015,1594.980036686246,1728.1081965379874,0.6271448997395878,14,5192.8607230930265,optimal,optimal,3333.0116744298075,2681.2086734350505,13.312057659710604,0.6119180322598419,14,8245.157344107763,optimal,optimal,3860.2802930690013,2011.4538917052823,76.99588977435334,0.5039157795352526,1200.0000000510138,1200.0000000160592,8738.842442328125,8575.065906246811,694.4562184335913,4367.139032107718,62738.22007351042,11,32511.933810494585,0,1.0000098882301245e-07,optimal,optimal,optimal,45090.62546146946,1361.5967887515721,2803.7344775993324,4126.222198245716
2025-06-06,Q4-3 SEARCH,0.8,2.0,1200.0000000510138,14,1200.0000000510138,optimal,optimal,19814.077238919817,0.0,0.0,14,2837.136908124306,optimal,optimal,-362.49214204008877,87.17737151838764,1179.1431390899113,0.6491237145562508,14,6935.298732799557,optimal,optimal,-220.9110045757636,19.739533693591284,662.8574282898853,0.6193737432473572,14,8769.144410761135,optimal,optimal,3302.5032502750255,1828.8821155580324,0.0,0.5068166741019111,1558.225185871761,1200.0,8769.144410761135,2719.1001036591733,2177.758514900879,8440.806681486922,30973.98402406591,18,23184.205443745494,0,1.00000761449337e-07,optimal,optimal,optimal,17458.559604581664,-309.6298939651177,-200.14524351095037,3668.5752290229957
2025-06-07,Q4-3 SEARCH,0.8,2.0,1558.225185871761,14,1558.225185871761,optimal,optimal,20126.40801439223,0.0,0.0,14,3491.7220115506916,optimal,optimal,-1049.1697592593,0.0,4450.742491382494,0.630734207783951,14,7229.995496861783,optimal,optimal,522.9920630443967,497.34883857191727,104.51839663722888,0.619506135247758,14,8770.04280086415,optimal,optimal,3293.4161334650107,1822.4336229716018,-2.2737367544323206e-13,0.5075122047091997,1477.5010118183645,1200.0,8770.04280086415,2767.2384372501074,1535.8888581454305,5816.553993028929,28710.200444671267,13,24090.074700419107,0,1.0000144357036334e-07,optimal,optimal,optimal,17176.726337720174,-679.7129357297642,500.10354591785614,3666.967858256671
2025-06-08,Q4-3 SEARCH,0.8,2.0,1477.5010118183645,14,1477.5010118183645,optimal,optimal,51151.5273452311,0.0,0.0,14,10091.580026956623,optimal,optimal,610.1866169207908,884.4134319048402,987.1094045935108,0.6311028432083742,14,8201.081257650665,optimal,optimal,290.56438672124,373.03659333728604,524.3492249377643,0.5873036668672389,14,8886.333254030009,optimal,optimal,3400.8033367801763,1707.158165969888,0.0,0.5185860629251362,1738.2229802060726,1229.5264997585546,10780.631878808474,4301.554340422207,3.080282477012834e-07,1.4000147243697356e-06,55453.08168705332,0,28960.9774493081,0,1.0000119459618873e-07,optimal,optimal,optimal,49231.06243207524,532.9576102331549,256.2840329705061,3380.0195565299464
2025-06-09,Q4-3 SEARCH,0.8,2.0,1738.2229802060726,14,1738.2229802060726,optimal,optimal,58986.78479336387,0.0,0.0,14,9516.465842429163,optimal,optimal,-1194.7056805608609,0.0,2641.625533095629,0.6421747253364459,14,8656.271157526779,optimal,optimal,-244.8869175849683,13.745445317724716,695.2000318811565,0.5550189168663944,14,9034.529642715917,optimal,optimal,3176.808953833888,1577.6626373201136,0.0,0.5076792954802422,1754.225907359326,1200.0000000156838,10229.888462759638,1737.216355688059,204.77619174350994,1445.416354205085,62169.41750325702,2,30835.394658974838,0,1.00000761449337e-07,optimal,optimal,optimal,55434.796500126686,-1150.0008073912907,-241.8134456611886,3196.4290836859864
2025-06-10,Q4-3 SEARCH,0.8,2.0,1754.225907359326,14,1754.225907359326,optimal,optimal,55094.29103155579,0.0,0.0,14,9973.523299092,optimal,optimal,1026.4653402803071,1221.2114733332946,166.86147353510634,0.6359704973850039,14,5880.169322698682,optimal,optimal,2402.1526338770027,2063.1171602774957,78.35341205990773,0.5514512131454722,14,9270.077697090543,optimal,optimal,2766.8616129259135,1376.8905476254602,0.0,0.5001111296016376,1679.936468432867,1443.4708159444099,10655.228854647556,6195.479587083223,4.089926807533919e-07,1.7000352180003933e-06,61289.77062033905,0,35109.704079965784,0,1.0000424324176518e-07,optimal,optimal,optimal,51762.658546501974,877.1312416057035,2058.379367528635,2879.7424629203188
2025-06-11,Q4-3 SEARCH,0.8,2.0,1679.936468432867,14,1679.936468432867,optimal,optimal,59899.97990409264,0.0,0.0,14,10060.270095468477,optimal,optimal,1755.3886806666587,2023.4530956287144,523.2295839176533,0.6599042917744563,14,5084.745487567925,optimal,optimal,473.68758796824284,436.5720490563864,197.34392789680237,0.5395194116416968,14,9305.829818787988,optimal,optimal,2623.3597077310733,1289.959406535212,0.0,0.48826100731901323,1625.3977205337146,1200.0,10784.358521394402,4852.435976365975,439.3478917512151,2260.469098072021,67012.88497853064,6,38834.4219134555,0,1.000040200170811e-07,optimal,optimal,optimal,56687.9300536734,1598.933368386395,379.9689877155025,2745.5590816071876
2025-06-12,Q4-3 SEARCH,0.8,2.0,1625.3977205337146,14,1625.3977205337146,optimal,optimal,58389.17138250048,0.0,0.0,14,10048.31712962963,optimal,optimal,1242.4753075484275,1470.3883168498055,134.23793467280305,0.6301193606221761,14,6988.49242197998,optimal,optimal,-344.84171190940515,24.0548220216491,795.0399554584967,0.5744243290526387,14,9294.908663223143,optimal,optimal,2806.166263716203,1354.9510682946525,0.0,0.5018332704546623,1572.7624379227022,1426.2571807875968,10800.0,3703.7998593552256,4.042352512583486e-07,1.5999851372805199e-06,62092.971243455686,0,35671.67476241532,0,1.0000359589273314e-07,optimal,optimal,optimal,55954.54218002438,1122.4036150878303,-321.43261504942427,2774.5224760323313
2025-06-13,Q4-3 SEARCH,0.8,2.0,1572.7624379227022,14,1572.7624379227022,optimal,optimal,20523.916387533216,0.0,0.0,14,4208.075388486964,optimal,optimal,-563.4076284547256,0.0,1680.5870142075994,0.6242399681456574,14,7074.036612152869,optimal,optimal,356.7100643889055,349.35373791586983,43.58269791455366,0.5669753230324613,14,8799.72974752421,optimal,optimal,3188.100668353439,1805.4486244760567,-2.2737367544323206e-13,0.5099189288390025,1639.8136621149176,1200.000000017252,8799.72974752421,2981.4031042876186,1206.4355855881124,4506.793253752843,28012.11274557368,10,20436.234325642316,0,1.0000212569138967e-07,optimal,optimal,optimal,19873.82844322601,-549.5596504174982,379.3623783988761,3319.982127698265
2025-06-14,Q4-3 SEARCH,0.8,2.0,1639.8136621149176,14,1639.8136621149176,optimal,optimal,21293.91517371607,0.0,0.0,14,3582.6887400464543,optimal,optimal,-318.22155063602514,0.030836990431225786,917.6563318226349,0.6235149057632725,14,6948.646286782249,optimal,optimal,-185.07114868516442,9.674364723246072,581.9853018690596,0.5762993327995513,14,8806.706040848576,optimal,optimal,3111.417710362065,1787.9318052618137,0.0,0.5132157683447175,1200.0000000999999,1200.0000000999999,8891.073257431668,2608.1250110408755,1055.127674442326,3694.820627052326,27596.86081180927,6,20354.18841540679,0,1.00000761449337e-07,optimal,optimal,optimal,19539.03923399019,-292.74681856838356,-167.20054298116594,3226.3495057474
2025-06-15,Q4-3 SEARCH,0.8,2.0,1200.0000000999999,14,1200.0000000999999,optimal,optimal,57280.313395686346,0.0,0.0,14,10091.526327499992,optimal,optimal,3314.6058721320933,3845.521066608862,182.80497265738381,0.6146972657557176,14,6032.142907922877,optimal,optimal,1278.7970381858743,1112.447621260624,122.99327355786748,0.5517131793820905,14,9314.652044058197,optimal,optimal,2584.6497599165964,1268.6386995790085,0.0,0.5184838190839023,1503.9879526600346,1200.0000000999999,10776.626327499993,7178.052670234563,4.291297054345543e-07,1.6999824802084986e-06,64458.3660676209,0,35880.60987032316,0,1.0001531336456537e-07,optimal,optimal,optimal,56703.19401648569,3416.7887167207223,1251.188531454368,2553.473725830182
2025-06-16,Q4-3 SEARCH,0.8,2.0,1503.9879526600346,14,1503.9879526600346,optimal,optimal,59869.75862513395,0.0,0.0,14,9959.865917108978,optimal,optimal,2711.453909195665,2963.6154877792496,116.25789179894196,0.6193389243829498,14,5608.897024224583,optimal,optimal,574.4614782832784,554.8498275749109,326.7329849922377,0.5741348667196463,14,9414.338488752472,optimal,optimal,2505.3720151381617,1236.0339860403963,0.0,0.513763216558851,1632.4361355573565,1200.0000000219914,10770.507432500002,5791.287402617105,216.35909611355044,1074.8353870336152,66735.88141478467,3,36353.91667999992,0,1.000038668812013e-07,optimal,optimal,optimal,59507.179157696504,2385.9466920360783,497.96450696149924,2522.128713013393
2025-06-17,Q4-3 SEARCH,0.8,2.0,1632.4361355573565,14,1632.4361355573565,optimal,optimal,60907.75239454785,0.0,0.0,14,10096.342574259255,optimal,optimal,3741.990717825008,3861.649135767895,116.264833410955,0.5949626481298967,14,6675.25124838945,optimal,optimal,433.95584330351664,409.9181717049587,332.3273159968295,0.5631299982467897,14,10042.327713927863,optimal,optimal,1304.3806958205291,635.0468377099987,0.0,0.5658927919111729,1317.2433802614803,1277.318065348495,10790.633314999995,5480.327256949053,1.1907294223225822e-07,3.0001818305159874e-07,66388.07965179693,0,37680.082010518614,0,1.0000803740695119e-07,optimal,optimal,optimal,60007.048559215065,3425.3782073228203,300.60804751208275,1296.8244003482826
2025-06-18,Q4-3 SEARCH,0.8,2.0,1317.2433802614803,14,1317.2433802614803,optimal,optimal,61465.28847235965,0.0,0.0,14,10125.206376203701,optimal,optimal,3761.376928751689,3911.707863888113,67.91478329727616,0.6020235205475214,14,7974.114162627035,optimal,optimal,-976.687431101157,0.676652247296829,2250.3516690846427,0.5498425464571668,14,9989.192580741059,optimal,optimal,1509.4486518857777,727.6158430822823,0.0,0.5630220884129864,1442.4998016634022,1317.2433802614803,10800.0,4294.138149536309,8.089546698300985e-08,2.0002472092707463e-07,65759.42662209598,0,35503.55957867445,0,1.0001667760661803e-07,optimal,optimal,optimal,60960.76272226313,3443.8166618482055,-949.2783933185137,1461.3528603514999
2025-06-19,Q4-3 SEARCH,0.8,2.0,1442.4998016634022,14,1442.4998016634022,optimal,optimal,56847.53813610018,0.0,0.0,14,10030.866413925694,optimal,optimal,22.79957294608572,113.75501787703263,386.71885468010385,0.5577903607428186,14,7754.145197067669,optimal,optimal,2040.7902303081496,1746.625902599538,46.83104855768786,0.5989886677092385,14,9333.361305511567,optimal,optimal,2680.5837208850926,1340.3332798899928,0.0,0.5464077990122872,1899.9339573959749,1442.4998016634022,10746.256284256377,4744.173524139328,1.6951607698043802e-07,4.999972717407124e-07,61591.7116607395,0,30451.2717488539,0,1.0002258932217956e-07,optimal,optimal,optimal,57330.01395187105,23.59893076296357,2133.948919616079,2650.6758977971367
2025-06-20,Q4-3 SEARCH,0.8,2.0,1899.9339573959749,14,1899.9339573959749,optimal,optimal,21585.126716312836,0.0,0.0,14,4259.1775972476225,optimal,optimal,107.98590205048436,134.37047926044212,20.376956822099146,0.578479287725168,14,7040.620085935583,optimal,optimal,-27.340939021102187,20.37695682209934,84.1555182944112,0.5815499330392405,14,9245.16277020491,optimal,optimal,2375.8159233291326,1395.5709532032631,1.1368683772161603e-13,0.5757366746932912,1874.692654163518,1437.343097673754,9245.16277020491,2456.460886358515,3.192849031205244e-07,7.999982376499174e-07,24041.58760347135,0,20146.264305878904,0,1.0000129092998973e-07,optimal,optimal,optimal,21655.618989161572,120.2908524414917,-26.121839171167117,2317.585678927763
2025-06-21,Q4-3 SEARCH,0.8,2.0,1874.692654163518,14,1874.692654163518,optimal,optimal,20992.690251855078,0.0,0.0,14,3730.4574699085424,optimal,optimal,325.64613020234475,352.43706546375154,0.0,0.5927749342757916,14,7114.084306006294,optimal,optimal,-166.43747740616016,0.0,466.6733380032721,0.5738372418743976,14,9633.406219236116,optimal,optimal,1801.0120796158149,1036.4989138001054,0.0,0.559413731876346,1438.1867856960532,1438.1867856960532,9633.406219236116,1960.2207324119995,2.439109640862187e-07,6.000120618081654e-07,22952.91098486709,0,21086.166071914253,0,1.0007261153077707e-07,optimal,optimal,optimal,21342.59040707729,363.20147459986697,-169.96397021797097,1723.1419385239942
2025-06-22,Q4-3 SEARCH,0.8,2.0,1438.1867856960532,14,1438.1867856960532,optimal,optimal,52389.11594272598,0.0,0.0,14,10105.957679158091,optimal,optimal,1279.3476252168255,1033.7388456137505,3.814865220573741,0.5728972797433772,14,6011.710537243492,optimal,optimal,1757.0323212445742,1625.1607216545372,35.59991407396592,0.570835193695159,14,9556.89128460256,optimal,optimal,2211.5212704242426,1093.078861319434,82.0832086290701,0.555524516666299,1775.7395236675388,1438.1867856960532,10753.889160639572,5247.9012168856425,2.927553012926e-07,8.00024162482798e-07,57637.01716041164,0,34149.08071041269,0,1.0001417649618816e-07,optimal,optimal,optimal,51978.89492944051,1264.5511376101126,1776.4991142727295,2168.7159544742926
2025-06-23,Q4-3 SEARCH,0.8,2.0,1775.7395236675388,14,1775.7395236675388,optimal,optimal,52680.102625289575,0.0,0.0,14,10108.193055555555,optimal,optimal,1713.7591452932966,1255.5884617169263,40.62803360934625,0.5478457584488032,14,7443.622233772223,optimal,optimal,-186.26243080354152,0.0,456.02826670266677,0.5619297357762374,14,9594.149045247863,optimal,optimal,2049.0301860028662,1083.8691668007677,0.0,0.5720722180019336,1825.6428173500408,1775.7395236675388,10800.0,3576.5269004926213,2.2989426610825461e-07,7.999989129391311e-07,56256.6295265822,0,32462.648701448314,0,1.0000314359219955e-07,optimal,optimal,optimal,53385.32327163026,1747.188464574064,-188.03720056139792,1995.2036583829615
2025-06-24,Q4-3 SEARCH,0.8,2.0,1825.6428173500408,14,1825.6428173500408,optimal,optimal,62545.33698521566,0.0,0.0,14,9372.62242589506,optimal,optimal,-25.268777297027157,185.8530063848185,664.6519746709796,0.5532714297404863,14,6732.343308863254,optimal,optimal,-425.7183280360781,0.0,1055.8783825426672,0.571298303327644,14,10436.571002316596,optimal,optimal,435.4060962135484,251.59990646342064,0.0,0.5349504933453456,1308.6046935927952,1308.6046935927952,10502.67394736598,-15.581009119556882,8.361211814302138e-08,1.999996662409712e-07,62529.7559762961,0,39140.76871273012,0,1.0000803740695119e-07,optimal,optimal,optimal,61255.40124631132,-25.251098810710346,-430.32321176597986,443.40879551602404
2025-06-25,Q4-3 SEARCH,0.8,2.0,1308.6046935927952,14,1308.6046935927952,optimal,optimal,53172.803037855214,0.0,0.0,14,10072.460657059162,optimal,optimal,2259.550311208127,2216.888767191498,1348.7648153967227,0.5550212135591391,14,8982.895823055755,optimal,optimal,313.58419788034405,632.5542480632297,1421.6018336420861,0.571904353746946,14,9936.422879153266,optimal,optimal,1467.494485862851,743.5245172120501,63.38685048140087,0.4999812136413801,1670.63363307318,1308.6046935927952,10743.676860762866,4040.628994951322,1.7951696610629614e-07,4.000132898390454e-07,57213.43203320655,0,33954.95769991934,0,1.0000172681304159e-07,optimal,optimal,optimal,53476.66626923927,2353.2804184490365,322.11925955169056,1427.1241761668343
2025-06-26,Q4-3 SEARCH,0.8,2.0,1670.63363307318,14,1670.63363307318,optimal,optimal,50133.345900172804,0.0,0.0,14,10098.600837499996,optimal,optimal,2108.762983920308,2129.086330697952,62.94838606932524,0.6154476994763852,14,7774.209773039759,optimal,optimal,99.90371091222622,229.2343892786186,231.07855526313983,0.5203880635663166,14,10328.173349473705,optimal,optimal,422.4406570050758,259.2482644346452,95.95631920919094,0.5057891811807994,1365.535686539642,1364.0669087073575,10792.425837499997,2631.1073518376106,4.9032838440708874e-08,1.0000279348182944e-07,52764.45325211041,0,32851.058658127484,0,1.0002258932217956e-07,optimal,optimal,optimal,50623.27035246791,2276.155045515383,98.283061916197,428.2813501533739
2025-06-27,Q4-3 SEARCH,0.8,2.0,1365.535686539642,14,1365.535686539642,optimal,optimal,18884.1124321412,0.0,0.0,14,4056.9931986874763,optimal,optimal,40.46537580234732,58.96161193682232,80.53420780797791,0.6066326695946632,14,8339.303549691349,optimal,optimal,-266.8148872428561,40.64062461178798,948.5702372405019,0.5512498505646977,14,9863.115227359393,optimal,optimal,1364.0641735690124,831.6650586882391,0.0,0.4697623913490641,1940.003653207983,1365.535686539642,9863.115227359393,1137.7146621285035,1.6114270717531004e-07,4.00000772276341e-07,20021.8270946697,0,21518.247567896295,0,1.0006078809965402e-07,optimal,optimal,optimal,19302.86706309608,42.15842179372627,-279.06373645344945,1304.5387368509153
2025-06-28,Q4-3 SEARCH,0.8,2.0,1940.003653207983,14,1940.003653207983,optimal,optimal,18061.940407745795,0.0,0.0,14,3182.2623003148447,optimal,optimal,23.76365244627876,28.33941806784399,2.4983391201871896e-07,0.6263606816706172,14,9334.183411685992,optimal,optimal,356.90756276453163,374.6048414212016,2.464874713748787e-07,0.5493182795582746,14,10765.656249864316,optimal,optimal,-4.995812869547417,0.0,8.828379468062582,0.4702148716167222,1214.559446324754,1214.559446324754,10765.656249864316,375.67540234126295,1.931383605831877e-07,4.999938316274199e-07,18437.61581058705,0,25149.973929566328,0,1.0002145245380234e-07,optimal,optimal,optimal,18182.099650716154,21.881725815193168,348.05964310314374,-5.076867225051353
2025-06-29,Q4-3 SEARCH,0.8,2.0,1214.559446324754,14,1214.559446324754,optimal,optimal,48248.5771960235,0.0,0.0,14,9451.450615503247,optimal,optimal,1038.3603281474598,971.855264862611,961.326811372297,0.6246779494178623,14,6709.800055557377,optimal,optimal,1672.0165633042916,1544.8538233186446,0.0,0.5793197463728676,14,10602.03463801494,optimal,optimal,132.38245458332116,82.90720326059673,34.34038057871351,0.4645075981095681,1312.765462904365,1214.559446324754,10665.997624588488,2842.7593460350727,637.636149882796,2701.289776561737,53792.626318620314,13,35617.64117514645,0,1.0000030670198612e-07,optimal,optimal,optimal,47693.99474747506,1069.7732609861482,1532.2706685040896,129.1392442776807
2025-06-30,Q4-3 SEARCH,0.8,2.0,1312.765462904365,14,1312.765462904365,optimal,optimal,54107.909649802394,0.0,0.0,14,10022.674510910327,optimal,optimal,-891.8480322525172,245.79014144260884,2882.1277968862505,0.6433867460932854,14,7547.523192967403,optimal,optimal,-329.1500197857603,41.917419018981036,865.5181574656542,0.6233322134458623,14,10639.1291668719,optimal,optimal,70.09675546131949,97.00798617920809,0.0,0.456541570106709,1200.0000000384866,1200.0000000384866,10800.0,-1150.9012965769582,171.60096959934359,705.7250078188308,53662.733361044266,3,37207.491208031046,0,1.0003714123740792e-07,optimal,optimal,optimal,54304.8266431831,-867.3635325115838,-333.855045926947,70.88662783623946
2025-07-01,Q4-3 SEARCH,0.8,2.0,1200.0000000384866,14,1200.0000000384866,optimal,optimal,51130.03278320179,0.0,0.0,14,7785.630817314814,optimal,optimal,2051.677244814655,1894.2570466714596,35.38308724951867,0.6223888745227221,14,3168.0893020831068,optimal,optimal,1409.20702131789,1307.1385334877386,54.67849069814838,0.6339064583071483,14,10258.038478188759,optimal,optimal,585.3700576737434,380.56924254455885,62.53326426330102,0.4503187111115669,1200.000000040165,1199.9999999999998,10266.306503533771,4046.254323806288,9777.068315333281,45947.80770470782,101124.09481171588,70,38425.06740587465,0,1.0001531336456537e-07,optimal,optimal,optimal,47375.819040130125,2238.4986885384055,1539.4866628533848,535.0750670006158
2025-07-02,Q4-3 SEARCH,0.8,2.0,1200.000000040165,14,1200.000000040165,optimal,optimal,58514.850735108696,0.0,0.0,14,9107.78919692756,optimal,optimal,-182.54646987231098,0.0,353.4068338271479,0.6318581878861456,14,4170.584794566591,optimal,optimal,2244.244012103049,2114.5502031918704,106.3887803871653,0.6565159889571802,14,9563.159304177741,optimal,optimal,2710.228456643189,1117.655446557847,0.0,0.4807376963185259,1287.9253200031364,1200.0000000148725,9871.534823432985,4771.925998873927,505.578555695606,3342.438398999896,66629.21513298251,16,33374.20246394597,0,1.00000761449337e-07,optimal,optimal,optimal,53118.829839973856,-209.81897569643561,2431.937730645447,2346.021721795448
2025-07-03,Q4-3 SEARCH,0.8,2.0,1287.9253200031364,14,1287.9253200031364,optimal,optimal,65750.15255396973,0.0,0.0,14,9519.217967169221,optimal,optimal,1405.7640993537188,1407.725218325731,1071.994789723544,0.6293130427185609,14,8725.790809560664,optimal,optimal,-760.4305409822686,57.585647581064904,2328.802138920147,0.6484613479486222,14,9456.963194314645,optimal,optimal,2925.3333502717933,1197.8342051724812,0.0,0.48495836823884836,1240.5236325114822,1200.000000039968,10321.739087499996,3570.6669086432435,340.0007721409055,1930.9096909392213,71251.7291535522,9,37793.57392792271,0,1.0002486305893399e-07,optimal,optimal,optimal,58790.78820279542,1547.115664340046,-756.4082614367151,2663.803770041732
2025-07-04,Q4-3 SEARCH,0.8,2.0,1240.5236325114822,14,1240.5236325114822,optimal,optimal,23329.05448765902,0.0,0.0,14,2640.1508352908913,optimal,optimal,532.2987344279713,486.0130422477735,0.0,0.6117813098637833,14,8764.917657631062,optimal,optimal,-44.76027580270923,11.277651622660983,192.56844559580313,0.6291220723833791,14,8883.319829600889,optimal,optimal,3523.353269761151,1716.9764993865567,81.30670902580357,0.4768004473645112,1200.000000045603,1200.0,8986.410703879392,4010.891728386413,839.2527138988501,4494.875487092371,31834.821703137808,18,21621.267097507916,0,1.0000116050705979e-07,optimal,optimal,optimal,20427.8383765021,592.1584548021051,-48.19132094708478,3266.932014376107
2025-07-05,Q4-3 SEARCH,0.8,2.0,1200.000000045603,14,1200.000000045603,optimal,optimal,24074.817873150852,0.0,0.0,14,3335.7648608411814,optimal,optimal,-253.2739846378076,0.0,699.6716751020447,0.5799769342284965,14,7363.021870127534,optimal,optimal,332.16143297327267,317.1906311499363,2.549940063545364e-07,0.62099626206334,14,8485.628448203252,optimal,optimal,4328.025723003433,2087.8795683986723,1.1368683772161603e-13,0.47722337628354167,1249.558362677927,1200.0,8485.628448203252,4406.913171338898,1811.734567004878,7025.588814479088,35507.31985896884,15,23544.251923982258,0,2.858903371816268e-07,optimal,optimal,optimal,21557.5096043347,-262.9444323560354,325.65600896116575,3979.2389972035803
2025-07-06,Q4-3 SEARCH,0.8,2.0,1249.558362677927,14,1249.558362677927,optimal,optimal,62859.670294320684,0.0,0.0,14,9444.307010653542,optimal,optimal,3639.1114653321183,3482.269353384484,77.81053621523645,0.602757847203642,14,3665.1876424803045,optimal,optimal,4321.101922268428,3044.1628941646445,24.576039358229764,0.6149385538492571,14,8963.267274289792,optimal,optimal,3923.6956566189383,1654.4334056712062,-2.2737367544323206e-13,0.4995744855278361,1283.4487219381328,1200.0000000125328,10251.146393332714,11883.909044219485,396.3579836550044,3433.041585707631,78176.62092424779,6,34880.6798851186,0,1.0000121619668789e-07,optimal,optimal,optimal,56577.77895994534,4160.4480827024945,4203.2134663921015,3680.631878915016
2025-07-07,Q4-3 SEARCH,0.8,2.0,1283.4487219381328,14,1283.4487219381328,optimal,optimal,63450.60178203559,0.0,0.0,14,9351.595177605024,optimal,optimal,-2220.665083022108,0.0,5756.949771321024,0.5892678260807079,14,6087.421989324351,optimal,optimal,3425.4620352963484,3299.1838497844788,48.657221654547584,0.5702832642182791,14,8903.331397885611,optimal,optimal,3945.9541902920023,1654.0213819705605,0.0,0.4902076745875216,1355.362047011644,1200.0000000130321,10063.792909021258,5150.751142566243,373.64759813324275,2879.364770998827,71480.71769560066,3,33398.64614256618,0,1.00000761449337e-07,optimal,optimal,optimal,57708.437207907504,-2454.1181938856907,3751.37650593755,3439.8418280200476
2025-07-08,Q4-3 SEARCH,0.8,2.0,1355.362047011644,14,1355.362047011644,optimal,optimal,72637.77484790492,0.0,0.0,14,9760.534016798363,optimal,optimal,-2370.6418979396444,136.87212896227777,6911.961021961347,0.6014441198810454,14,7052.687415558999,optimal,optimal,568.6797246992355,451.97890338435184,207.9794754720637,0.5318654791787983,14,8998.306657392452,optimal,optimal,3817.8420639915707,1595.3415489123079,0.0,0.4955390161746349,1834.7124665027047,1310.3434416850373,10515.346516798363,2015.8798907511618,3.5564699695469993e-07,1.4000153897888614e-06,74653.6547400561,0,31398.80711869205,0,1.0002986527979374e-07,optimal,optimal,optimal,70594.08584873994,-2651.775682730281,540.8900201019997,3530.283308183672
2025-07-09,Q4-3 SEARCH,0.8,2.0,1834.7124665027047,14,1834.7124665027047,optimal,optimal,71502.11129555952,0.0,0.0,14,9994.88225314815,optimal,optimal,-2104.5042941000497,43.352789119443855,5601.683336053519,0.604398050773774,14,8717.516454829285,optimal,optimal,-327.0986695341262,190.23573585991596,1943.5949471433732,0.520608619646706,14,8994.517389024964,optimal,optimal,3848.1427280925946,1602.9065319676365,0.0,0.5072446008422778,1799.4842010164134,1468.036438341459,10717.759105000001,1416.5397644584186,2.685000392959514,23.380981499976766,72942.0320415179,1,31273.819118973413,0,1.0002986527979374e-07,optimal,optimal,optimal,68802.54055591443,-2266.4472272061403,-364.0287718108382,3549.262675079633
2025-07-10,Q4-3 SEARCH,0.8,2.0,1799.4842010164134,14,1799.4842010164134,optimal,optimal,67678.3873855684,0.0,0.0,14,9987.226004259255,optimal,optimal,-575.5797970434963,573.470756135353,3947.004641285399,0.5934121845975558,14,5215.769795704938,optimal,optimal,2371.872253388574,2000.6498955916995,7.20935456172856,0.5607540624811105,14,8948.211516775615,optimal,optimal,3951.713462325024,1632.6776808663399,1.1368683772161603e-13,0.5070689334858468,1751.0677623321437,1263.5391571073558,10719.716744999996,5748.005918670102,5.1464578860859e-07,2.0999351361738044e-06,73426.39330633843,0,32673.75917519052,0,1.0001531336456537e-07,optimal,optimal,optimal,64563.02280678958,-626.4840922029249,2275.845054164411,3622.9677746849416
2025-07-11,Q4-3 SEARCH,0.8,2.0,1751.0677623321437,14,1751.0677623321437,optimal,optimal,29539.2701719326,0.0,0.0,14,5931.054143875193,optimal,optimal,-227.8224775130338,0.5261026742834847,857.3935391743651,0.5926042405347488,14,6311.110840660007,optimal,optimal,-248.78739193564624,0.0,733.4436767051159,0.5693215717201286,14,8457.571291471311,optimal,optimal,4569.481976566594,2078.404524212023,0.0,0.508539228862091,1426.5054690591373,1368.941580173765,8457.571291471311,4092.8721071179143,624.3614659157342,2437.6624612807404,36069.80474033126,13,19361.74781400609,0,1.0006760930991732e-07,optimal,optimal,optimal,27507.20670297444,-216.07786769520396,-278.1913749218663,4384.111997817861
2025-07-12,Q4-3 SEARCH,0.8,2.0,1426.5054690591373,14,1426.5054690591373,optimal,optimal,27967.146912978627,0.0,0.0,14,5271.303529271212,optimal,optimal,604.477639348431,567.937974455656,0.0,0.606576767075662,14,6332.633052584924,optimal,optimal,296.46261983449034,313.4882890839963,0.0,0.5806300519809174,14,8485.333860379764,optimal,optimal,4507.559743414288,2081.2158836567255,0.0,0.5085334659069823,1283.726611614822,1283.726611614822,8485.333860379764,5408.5000025972095,461.3595208209599,1850.6391690672176,35226.286084643056,6,20909.695428971718,0,1.000528300210135e-07,optimal,optimal,optimal,26364.79947178872,606.3041227484674,309.1244689492588,4140.384840260023
2025-07-13,Q4-3 SEARCH,0.8,2.0,1283.726611614822,14,1283.726611614822,optimal,optimal,70384.9629585338,0.0,0.0,14,9967.539454166666,optimal,optimal,-3149.671564035069,0.0,7792.818350439593,0.6267020258670438,14,6780.347885784208,optimal,optimal,-614.0602965641417,0.0,1364.5195138752679,0.5668323577579993,14,8969.801739675917,optimal,optimal,3866.646502781735,1643.136765784384,0.0,0.4905380460918264,1688.122560258792,1200.0000000129157,10703.1852875,102.9146421825244,60.13737924363691,517.3618722523217,71005.23947296865,1,31011.953791265914,0,1.0000391912512987e-07,optimal,optimal,optimal,69776.24057957418,-3377.6968187266757,-638.1101959023736,3443.217247165273
2025-07-14,Q4-3 SEARCH,0.8,2.0,1688.122560258792,14,1688.122560258792,optimal,optimal,66172.43360002086,0.0,0.0,14,9919.99884018518,optimal,optimal,-1719.452384695046,147.37056712899596,5522.6822304637035,0.6450013501404055,14,7517.177386080829,optimal,optimal,660.5077022038635,563.4147868616785,73.47399949775263,0.5834369520900139,14,8914.977699018653,optimal,optimal,4150.116304281159,1694.3150595965258,0.0,0.48453850799441545,1649.594033285542,1200.000000012812,10690.826154999995,3091.171621789976,206.93798091463535,1794.6696379380505,71058.27485974888,1,30383.056426251016,0,1.0000375430790795e-07,optimal,optimal,optimal,64143.7245827563,-1877.2425546618906,699.0202212188443,3699.460462729641
2025-07-15,Q4-3 SEARCH,0.8,2.0,1649.594033285542,14,1649.594033285542,optimal,optimal,76127.35472216943,0.0,0.0,14,10036.193055555554,optimal,optimal,-2686.830574852019,222.42237119742595,7724.579236192974,0.6506489292797772,14,8442.929576943638,optimal,optimal,-442.6196638299084,3.743183038239181,1204.3744980288725,0.6088113474966974,14,9078.657458268039,optimal,optimal,3662.714257662853,1683.5787636780453,0.0,0.5101322637149865,1209.0210978835978,1209.0210978835978,10800.000000000002,533.2640189809258,1.7690359671916265e-07,7.000215245475535e-07,76660.61874185038,0,30150.207707297872,0,1.0000007932831068e-07,optimal,optimal,optimal,76354.89620264719,-2581.7987853413806,-400.1761865106098,3539.7591744958836
2025-07-16,Q4-3 SEARCH,0.8,2.0,1209.0210978835978,14,1209.0210978835978,optimal,optimal,74745.45861833432,0.0,0.0,14,9935.46574074074,optimal,optimal,-2511.4739045629067,0.0,6250.525479774789,0.6311860433981887,14,7900.828502769315,optimal,optimal,1001.5441555335437,904.4443725492681,44.646122620830894,0.5807522912369402,14,9093.918529087183,optimal,optimal,3555.1046644630346,1489.63502192246,0.0,0.5069650481154939,1586.34211260492,1209.0210978835978,10799.999999999998,2045.1749154336717,1.4458626988034862e-07,5.99996938734722e-07,76790.63353436798,0,29271.388173441672,0,1.000187188399591e-07,optimal,optimal,optimal,74310.48325945293,-2383.6046274808336,880.3293289526475,3489.6873967167035
2025-07-17,Q4-3 SEARCH,0.8,2.0,1586.34211260492,14,1586.34211260492,optimal,optimal,72204.10672928805,0.0,0.0,14,9957.384249656126,optimal,optimal,-131.9934025239246,571.0260291803811,2840.7666882694034,0.6472194924808269,14,8173.3694195387325,optimal,optimal,328.4370522236993,272.1445575973652,297.8196755739066,0.5804425848915047,14,9078.657458267935,optimal,optimal,3761.863579608555,1552.4805161324252,0.0,0.4855623145837197,1695.6304453751923,1586.34211260492,10737.807397804274,3958.3072293083296,1.537701885729568e-07,6.999669033458941e-07,76162.41395929633,0,29190.72069831199,0,1.00000761449337e-07,optimal,optimal,optimal,73107.58293220733,-188.04707968735678,331.5314632465881,3609.333180835041
2025-07-18,Q4-3 SEARCH,0.8,2.0,1695.6304453751923,14,1695.6304453751923,optimal,optimal,34344.0463457319,0.0,0.0,14,7711.020441500068,optimal,optimal,-1046.1309755377483,1.9207782755449898,4662.02524575065,0.6665750117721818,14,6313.396349067841,optimal,optimal,-391.44698291025844,0.6599705251669548,1256.0428022353794,0.5893982797533883,14,8954.197064935901,optimal,optimal,3449.5248172935962,1941.0165795906873,0.0,0.48855617495764103,1227.285240759816,1225.5842501633524,8984.795144997794,2011.9468588455895,33.56172517744875,247.58484553441826,36603.57805011191,1,18587.27476991796,0,1.000043994281441e-07,optimal,optimal,optimal,34847.47896847292,-862.037278844241,-377.6237045897839,3451.1829526578576
2025-07-19,Q4-3 SEARCH,0.8,2.0,1227.285240759816,14,1227.285240759816,optimal,optimal,33979.89444697312,0.0,0.0,14,6811.52440890439,optimal,optimal,-1096.600915821032,37.894004039044475,4665.586646820975,0.6808718762423347,14,6138.377671640105,optimal,optimal,61.75332981354154,86.28266858649681,174.47183892974397,0.5993598314486152,14,8920.391010068872,optimal,optimal,3714.2252435577666,1916.3739145346262,6.088424972333677,0.5057960428083532,1200.0000000378382,1200.0000000378382,9570.013298352675,2679.377657550276,43.53083340427752,127.82829229166052,36787.10039681506,1,19501.92396673683,0,1.0000165606167608e-07,optimal,optimal,optimal,34163.201410693466,-1148.8366279801564,59.74391531703729,3492.4386704521003
2025-07-20,Q4-3 SEARCH,0.8,2.0,1200.0000000378382,14,1200.0000000378382,optimal,optimal,74950.74518041666,0.0,0.0,14,10058.16755176442,optimal,optimal,-1846.8048820393417,19.26023872172709,5312.64708940955,0.6443010835617982,14,10108.397897020977,optimal,optimal,-1414.0714703598983,19.262135031654225,4967.913788763466,0.6141895715509814,14,9306.16423298455,optimal,optimal,3322.3567437121974,1347.204394151216,0.0,0.5064420781720695,2111.6632058546943,1200.0000000378382,10798.65829250516,61.48039131295718,1.9109625998671418e-07,7.000177275713666e-07,75012.22557242964,0,29002.00060768566,0,1.0003782335843425e-07,optimal,optimal,optimal,75198.59964379435,-1836.3699005418757,-1444.8043912893486,3240.3594951678233
2025-07-21,Q4-3 SEARCH,0.8,2.0,2111.6632058546943,14,2111.6632058546943,optimal,optimal,72547.64142605418,0.0,0.0,14,9985.51609222222,optimal,optimal,-1258.8494802992207,188.72147784552556,4402.782701467783,0.6194333230147602,14,9265.650434652924,optimal,optimal,259.9981601125647,589.4012929351849,1532.2702108055705,0.629078853246667,14,8991.717427852689,optimal,optimal,3737.280018397998,1854.1935285293719,0.0,0.5134354369374285,1265.6589515352669,1240.9662294258778,10758.256369999997,2738.4286982113417,1.6186864039216283e-07,6.999801080034287e-07,75286.0701249655,0,28618.085503851977,0,1.0000098882301245e-07,optimal,optimal,optimal,71501.13392781303,-1220.840636856709,303.92671146138963,3712.688218593007
2025-07-22,Q4-3 SEARCH,0.8,2.0,1265.6589515352669,14,1265.6589515352669,optimal,optimal,67996.40735294942,0.0,0.0,14,9895.58389552293,optimal,optimal,1608.0950942354948,1302.234821722026,547.3653028465333,0.5993431724678634,14,8984.927645194171,optimal,optimal,-1561.7073926082358,0.0,4323.284490011489,0.6384158458164514,14,9919.947831999658,optimal,optimal,1947.4068222234882,782.420235945316,57.70850041457818,0.5052835955299944,1622.433293148078,1265.6589515352669,10694.62602515256,1993.7945238507473,1.8607886049247901e-07,5.9998983936766e-07,69990.20187740016,0,32949.11504438089,0,1.0000098882301245e-07,optimal,optimal,optimal,68094.1395801754,1611.535504537954,-1585.2743624180152,1878.1329769724246
2025-07-23,Q4-3 SEARCH,0.8,2.0,1622.433293148078,14,1622.433293148078,optimal,optimal,75334.27878392607,0.0,0.0,14,9117.323738704506,optimal,optimal,-3616.227587117798,6.989054363010837,9862.537290400634,0.5532181002391109,14,8465.389159371265,optimal,optimal,-1052.2252156943207,0.0,3327.057621557089,0.6827085152670207,14,9936.12744434867,optimal,optimal,1833.2061994945243,760.3413136744838,58.57401379052574,0.5064264684426584,1688.7884886849602,1622.433293148078,9936.12744434867,-2835.2466033175942,1.589202290128431e-07,5.000010525121931e-07,72499.03218110849,0,32798.26664225402,0,1.0001508599088993e-07,optimal,optimal,optimal,75872.5130306952,-3641.6298849843015,-1140.112345639442,1843.4520620296307
2025-07-24,Q4-3 SEARCH,0.8,2.0,1688.7884886849602,14,1688.7884886849602,optimal,optimal,75315.63265811375,0.0,0.0,14,9070.297022066632,optimal,optimal,-2985.5698465323335,0.0,7951.792298147593,0.5681151815794115,14,8409.578184829727,optimal,optimal,-1425.7099378051407,0.0,3758.151205001471,0.6722880502106728,14,9915.486050670886,optimal,optimal,1934.0403959757416,790.7884311532691,58.95314603055299,0.5175804121251129,1741.774534370268,1688.7884886849602,10263.338609208227,-2477.2393883617324,2.859486180203799e-07,9.000110743514905e-07,72838.39327065203,0,31713.700734854592,0,1.0010194273490924e-07,optimal,optimal,optimal,74793.74077828872,-2878.764360333183,-1355.1366401297716,1926.0526634177288
2025-07-25,Q4-3 SEARCH,0.8,2.0,1741.774534370268,14,1741.774534370268,optimal,optimal,27096.85187157675,0.0,0.0,14,4619.179430456246,optimal,optimal,42.52735729622924,110.69913895331266,344.3913041777814,0.5879387658426031,14,7907.704886848063,optimal,optimal,-229.1465163499865,9.514835574061074,684.3428359479867,0.6771507577489974,14,9604.65773933035,optimal,optimal,2174.8193356609895,1287.496605123157,0.0,0.520445022069929,1237.2239538457097,1237.2239538457097,9781.079081431233,1988.2001766072322,3.957377924223263e-07,1.1999701758260927e-06,29085.05204938395,0,21509.748884203298,0,1.0015787665906828e-07,optimal,optimal,optimal,27325.68647395488,37.84356681147906,-219.11436230514744,2037.1914452270967
2025-07-26,Q4-3 SEARCH,0.8,2.0,1237.2239538457097,14,1237.2239538457097,optimal,optimal,28338.910784896256,0.0,0.0,14,4966.936768713683,optimal,optimal,-130.95122739347147,246.42614208040882,2723.815680826777,0.5524001479890683,14,7915.160485645789,optimal,optimal,-139.7319357857918,14.288682992705048,427.4891599345267,0.6929331862144068,14,9585.016452525777,optimal,optimal,2360.1166069268875,1088.1527787809337,23.18339240060516,0.4997036655370702,1262.6921310453652,1237.2239538457097,9733.366214299302,2089.433443747624,37.83625016418866,122.64620477498661,30550.99043341887,1,20872.394528204073,0,1.0006760930991732e-07,optimal,optimal,optimal,28096.51982913386,-46.60231549096797,-142.59407320287286,2364.203999827749
2025-07-27,Q4-3 SEARCH,0.8,2.0,1262.6921310453652,14,1262.6921310453652,optimal,optimal,62719.84521075366,0.0,0.0,14,9841.24055640737,optimal,optimal,1005.256666947816,848.7129137953563,0.0,0.5572692996239261,14,7150.19846650412,optimal,optimal,1017.5235833165052,926.5836821834159,0.0,0.7022875778576999,14,9842.066940884884,optimal,optimal,1978.4102464466432,849.7742925172574,0.0,0.5079411092011257,1895.230555212573,1200.0000000429168,10633.806760111074,4001.1904967109645,8.40345771562939,21.7565520206918,66742.79225948532,1,34066.497804303035,0,1.0006988304667175e-07,optimal,optimal,optimal,61832.04360671702,993.0098537543738,990.7518709241552,1989.3480922482042
2025-07-28,Q4-3 SEARCH,0.8,2.0,1895.230555212573,14,1895.230555212573,optimal,optimal,65519.7647020463,0.0,0.0,14,10048.331481481482,optimal,optimal,2479.2557285121725,2174.1207205511173,143.18602346951093,0.5669349841822207,14,6400.988304466677,optimal,optimal,-42.95886022599804,1.557223114795983e-07,71.60322030560593,0.6987673547957276,14,10679.656583117885,optimal,optimal,203.46239980105054,100.49759121947795,2.2737367544323206e-13,0.5089455842339056,1329.187949304969,1329.187949304969,10800.0,2639.759268087225,3.7320462414602254e-08,1.0000020072250046e-07,68159.52397023352,0,38573.714748366816,0,1.0000803740695119e-07,optimal,optimal,optimal,65180.98873145238,2261.126736811813,-43.219400801376494,202.883961333827
2025-07-29,Q4-3 SEARCH,0.8,2.0,1329.187949304969,14,1329.187949304969,optimal,optimal,58682.97884489543,0.0,0.0,14,9794.413577527152,optimal,optimal,3016.997323182719,3182.0013669573327,172.20329257692777,0.5914602178437613,14,7041.977574530205,optimal,optimal,79.97208696363359,81.5367421834909,54.11650136365475,0.6868136429178141,14,10800.0,optimal,optimal,-35.33621930389834,0.0,47.46962806746387,0.510491972858503,1200.0000000411978,1200.0,10800.0,3061.633190842454,32.348096674378894,230.25213355050752,61974.86416928839,5,38470.352502169706,0,1.0002258932217956e-07,optimal,optimal,optimal,58307.76152284442,2862.8955600139657,80.85642954988646,-35.96909857240131
2025-07-30,Q4-3 SEARCH,0.8,2.0,1200.0000000411978,14,1200.0000000411978,optimal,optimal,55446.13847859781,0.0,0.0,14,9749.070047923939,optimal,optimal,5185.737165455621,5391.477539113099,60.49662737131018,0.654204473306902,14,5949.242107765282,optimal,optimal,1135.5928548767479,1319.116530124536,50.3444791087594,0.652497963327409,14,10798.022064472929,optimal,optimal,4.907941347415742,12.371491396020929,53.80611742255688,0.5000731589747589,1210.723232792155,1200.0000000411978,10800.0,6326.237961679784,2.2505758990851507e-07,5.99999990463584e-07,61772.37644087759,0,37561.18005792087,0,1.00000761449337e-07,optimal,optimal,optimal,54783.814087829436,5229.0100268303995,1220.5880221761827,4.739370250418885
2025-07-31,Q4-3 SEARCH,0.8,2.0,1210.723232792155,14,1210.723232792155,optimal,optimal,59809.733272077516,0.0,0.0,14,9891.980506790125,optimal,optimal,-1011.5980122551535,36.571867653257755,2974.281646959243,0.6613648342625045,14,7083.448084633561,optimal,optimal,273.4240540922657,258.099749249651,37.046618157754494,0.6200909042655893,14,10747.014857650362,optimal,optimal,57.30641293171303,49.199951334914886,17.78185198969618,0.5071376805535281,1200.0000000495388,1200.0000000000005,10747.014857650362,-680.8675452311749,864.0339361328065,4391.666874570918,63520.53260141726,20,39773.25969699464,0,1.0000098882301245e-07,optimal,optimal,optimal,59903.776663730285,-990.0969517126655,264.18526226488666,57.06356545868688
2025-08-01,Q4-3 SEARCH,0.8,2.0,1200.0000000495388,14,1200.0000000495388,optimal,optimal,23456.6376930846,0.0,0.0,14,2229.858407460155,optimal,optimal,-226.36190621292928,211.7285242647993,1338.6294431649214,0.6423474842960483,14,10395.478825830556,optimal,optimal,-256.384512477028,0.0,776.4247432307766,0.615474445307042,14,10687.39162081277,optimal,optimal,131.5037444885316,95.13595187802821,0.0,0.5045150786150058,1212.5920405515667,1200.0000000495388,10784.383512031194,-351.2426742014257,253.1538815407586,527.0366380133333,23632.43165689651,8,23846.137616245946,0,1.0000803740695119e-07,optimal,optimal,optimal,23411.424130087154,-245.64513692758982,-257.57872124353605,124.9466229644524
2025-08-02,Q4-3 SEARCH,0.8,2.0,1212.5920405515667,14,1212.5920405515667,optimal,optimal,24377.3799772322,0.0,0.0,14,3344.7133609090906,optimal,optimal,-553.207978294226,0.0,1915.5764144014393,0.6637971135427935,14,9979.702987957187,optimal,optimal,-123.79690520373342,39.376823992512755,551.5390962035874,0.5888508494191401,14,10800.0,optimal,optimal,-10.688830323576422,0.0,17.80389220589845,0.5079195232936229,1200.0000000372418,1200.0000000372418,10800.0,-687.6937138215359,22.93833331219164,68.43651743692375,23758.12278084759,1,26351.849501206016,0,1.0000007932831068e-07,optimal,optimal,optimal,24730.33120504317,-570.2543224053088,-124.14879866964188,-10.406453972634004
2025-08-03,Q4-3 SEARCH,0.8,2.0,1200.0000000372418,14,1200.0000000372418,optimal,optimal,51519.29867096753,0.0,0.0,14,7877.2387395915,optimal,optimal,33.22964057744919,575.00491223803,3166.799067570845,0.6943276497015121,14,6183.8362395915,optimal,optimal,-571.4484587951098,0.0,1430.1877398020047,0.5710653724186749,14,10728.725801984228,optimal,optimal,62.69140740698233,32.070807036180724,15.094464764129384,0.49877163418668213,1205.3305888132686,1199.9999999999998,10781.373448715809,-475.52741081067825,647.919661112296,3343.968269133803,54387.73952929066,16,34084.96999554668,0,1.0000803740695119e-07,optimal,optimal,optimal,52531.70052979249,16.9383204276667,-596.408002082543,58.888437119835686
2025-08-04,Q4-3 SEARCH,0.8,2.0,1205.3305888132686,14,1205.3305888132686,optimal,optimal,56290.508505418016,0.0,0.0,14,9949.11630833333,optimal,optimal,-746.3082956566786,0.0,2676.431707428737,0.6781838080750646,14,8459.078795838637,optimal,optimal,-890.7805006121039,0.0,2085.7114288847133,0.5356602184347384,14,10275.494788582693,optimal,optimal,822.9483637606227,440.26669363335293,0.0,0.4980777765779526,1254.9088933794255,1205.3305888132686,10757.277576851848,-814.1404325081598,79.19072940908228,429.06599784731213,55905.43407075717,4,32913.70428135912,0,1.0000121619668789e-07,optimal,optimal,optimal,57333.95837793089,-842.7546203326935,-882.6498601530907,828.365937469941
2025-08-05,Q4-3 SEARCH,0.8,2.0,1254.9088933794255,14,1254.9088933794255,optimal,optimal,55069.26984380832,0.0,0.0,14,9960.987364197528,optimal,optimal,-533.8800325117918,0.0,2374.87933256957,0.6514070044717825,14,6874.823824146819,optimal,optimal,-589.3305862657483,6.662596888535177,1795.2116812483466,0.5443884935415514,14,10714.184110407004,optimal,optimal,141.05446035485028,80.04348777922507,0.0,0.48534017238128213,1295.601835368861,1254.9088933794255,10800.000000000002,-982.1561584226897,7.873679258967542e-08,1.999970325210597e-07,54087.113685585624,0,34445.67304631004,0,1.0000803740695119e-07,optimal,optimal,optimal,55862.30594379593,-675.6370650504477,-622.5229192254055,133.6127951633745
2025-08-06,Q4-3 SEARCH,0.8,2.0,1295.601835368861,14,1295.601835368861,optimal,optimal,62469.568076945594,0.0,0.0,14,9933.635212962963,optimal,optimal,-2496.830437590258,23.33956950000004,6868.739471766405,0.6525128315425098,14,7719.011156851853,optimal,optimal,-583.9450176999648,76.8519881258743,1722.4304672247645,0.5641193725018402,14,10560.630819290818,optimal,optimal,97.90311497913721,150.28362941466128,34.28712990153389,0.4982502357568159,1260.6233979189828,1260.6233979189828,10800.0,-2982.8723403110857,1.1579974518497079e-07,2.999972755835188e-07,59486.695736934504,0,35341.00364717565,0,1.0002986527979374e-07,optimal,optimal,optimal,62544.757608549175,-2537.81117844733,-533.6948779238962,102.17484503854125
2025-08-07,Q4-3 SEARCH,0.8,2.0,1260.6233979189828,14,1260.6233979189828,optimal,optimal,59532.617950518725,0.0,0.0,14,9981.39659725309,optimal,optimal,-1932.3817900165527,412.1951759006264,9948.462078443288,0.6429302233506177,14,8394.03521853668,optimal,optimal,-361.3024000637605,308.79661832132547,2316.499143927236,0.5904319249953356,14,10494.735730208276,optimal,optimal,42.632502159862085,29.872366387495582,0.0,0.49365180016289073,1357.3666882157818,1212.5087034745384,10794.177018219354,-2251.051687920451,8.555416751296201,74.52623478333967,57356.092497381615,1,34730.30634239931,0,1.0002258932217956e-07,optimal,optimal,optimal,61406.17098487467,-2366.3557996064274,-441.79742815632994,39.383512872190444
2025-08-08,Q4-3 SEARCH,0.8,2.0,1357.3666882157818,14,1357.3666882157818,optimal,optimal,22568.048406311435,0.0,0.0,14,3790.113690147231,optimal,optimal,-65.39136384325687,13.980826043955119,266.16828671648915,0.6613503777986639,14,10290.450415096195,optimal,optimal,-15.209816032079944,23.611657928079012,145.5266647650824,0.6143149845224394,14,10451.158232403977,optimal,optimal,461.5847999321999,285.42580738465375,0.0,0.48978286400541393,1200.0000000999999,1200.0000000999999,10451.158232403977,380.9836200568631,1.3746947021384494e-07,2.9999717500240876e-07,22949.032026668297,0,24200.38353880356,0,1.000043994281441e-07,optimal,optimal,optimal,23019.72636754527,-65.3008415399498,-16.201165784511275,444.70046475847556
2025-08-09,Q4-3 SEARCH,0.8,2.0,1200.0000000999999,14,1200.0000000999999,optimal,optimal,23038.432261590235,0.0,0.0,14,3292.2814201597,optimal,optimal,-183.3518326446773,0.0,531.0269678836978,0.6663683445946732,14,10212.283476417999,optimal,optimal,114.4121445146987,162.2824741426643,162.3042666317582,0.6094412019941925,14,10491.118296608325,optimal,optimal,376.90876942137635,234.7103978193405,0.0,0.48784474955739615,1200.0,1200.0,10521.238552780533,307.96908129139774,1.5205029945485014e-07,3.000001312441974e-07,23346.40134318163,0,25117.35780071051,1,1.0000030670198612e-07,optimal,optimal,optimal,23126.96734999171,-186.15810917174244,114.48467691473269,359.63205907064656
2025-08-10,Q4-3 SEARCH,0.8,2.0,1200.0,14,1200.0,optimal,optimal,58226.63064125205,0.0,0.0,14,8804.00200357886,optimal,optimal,-2076.7376673699523,0.0,6872.513062874144,0.6211170180936489,14,7273.119098208489,optimal,optimal,-388.85065791562783,30.04805955539291,1139.026755409946,0.5994622316985663,14,10768.00174186984,optimal,optimal,1.7670933284633439,1.304320563756289,1.636735170349718e-07,0.48912844105552206,1305.1787087209607,1200.0,10800.0,-2463.8212319571167,1.5945608247116753e-07,3.999940572781613e-07,55762.80940969493,0,33011.23467230782,0,1.0002986527979374e-07,optimal,optimal,optimal,57528.38198330364,-2050.1544514320285,-375.99405557154466,1.8084524126817658
2025-08-11,Q4-3 SEARCH,0.8,2.0,1305.1787087209607,14,1305.1787087209607,optimal,optimal,54229.76407639519,0.0,0.0,14,10001.219189312806,optimal,optimal,-469.0120549537439,346.2310423187509,4177.849296417726,0.6385870856108259,14,7874.682129273622,optimal,optimal,-274.6363723375289,189.14203028336658,1927.8022742066726,0.6294949192170012,14,10607.333806267108,optimal,optimal,78.25434263526589,54.09261320921628,1.4596636653888768e-07,0.48150932555188575,1347.986000576103,1200.0000000000002,10743.639559683175,-665.394084656007,115.38924233908696,433.2821381838235,53997.65212992301,4,35539.83955170772,0,1.0001531336456537e-07,optimal,optimal,optimal,55450.22948894373,-566.1018107041535,-329.87043560741665,75.08534117629384
2025-08-12,Q4-3 SEARCH,0.8,2.0,1347.986000576103,14,1347.986000576103,optimal,optimal,59519.249388105694,0.0,0.0,14,8721.32006108025,optimal,optimal,-758.3030327954721,529.665328727009,5171.023904967486,0.6579314646080543,14,7376.647086355546,optimal,optimal,-592.973252801113,84.64998469845693,2134.702912584577,0.6305485638247644,14,10551.062137890203,optimal,optimal,228.2784851380492,136.24654619464155,0.0,0.4938825578324993,1324.768767881071,1226.555463539066,10681.335556980277,-1122.9978004585357,7.500044119974549e-08,1.9999999999999996e-07,58396.25158784716,0,33446.66734489314,0,1.00000761449337e-07,optimal,optimal,optimal,59446.653668164996,-827.097295422479,-566.3254421844039,221.35512925799333
2025-08-13,Q4-3 SEARCH,0.8,2.0,1324.768767881071,14,1324.768767881071,optimal,optimal,53710.19676421724,0.0,0.0,14,9846.39706918,optimal,optimal,-807.8673369892624,1.276633446620167,3236.059479550284,0.6636250719910565,14,6624.136169365184,optimal,optimal,146.05954729352936,181.6359706657775,232.9278345345185,0.6375764052198012,14,10273.306294101638,optimal,optimal,943.4549265524502,419.02371818849235,0.0,0.48636710448639064,1327.2191724340553,1324.768767881071,10694.338316093581,281.6471368567171,54.850389168016534,341.85923331696154,54333.70313439091,2,33217.944993122954,0,1.0001531336456537e-07,optimal,optimal,optimal,54724.89661625568,-871.2562547617863,137.04647220273094,918.4666748490338
2025-08-14,Q4-3 SEARCH,0.8,2.0,1327.2191724340553,14,1327.2191724340553,optimal,optimal,54134.22263138925,0.0,0.0,14,9051.314314506173,optimal,optimal,1067.0414379281613,1280.464892133842,-5.684341886080801e-13,0.6482080247719977,14,6251.99145541511,optimal,optimal,-848.3884733668729,0.0,2128.165660664602,0.6253723534546054,14,10641.283751569023,optimal,optimal,209.67797437513468,136.49613175668946,0.0,0.49129040229744053,1326.999183120857,1234.5652036536862,10785.458304520236,428.3309389364231,33.186550046478494,282.6379008499937,54845.19147117567,2,37517.198208439586,0,1.0002258932217956e-07,optimal,optimal,optimal,54343.32038055197,1017.1777943341577,-883.3293844721345,199.73693076518896
2025-08-15,Q4-3 SEARCH,0.8,2.0,1326.999183120857,14,1326.999183120857,optimal,optimal,23350.464482470143,0.0,0.0,14,3124.1336586710095,optimal,optimal,-265.56295288662807,0.0,745.942603585781,0.5942642764271766,14,10356.544762944437,optimal,optimal,-160.28345549577062,0.0,464.6882516747922,0.6003820666342511,14,10573.496569124505,optimal,optimal,316.35993388267696,194.47083308268964,0.0,0.49087435448079364,1200.0,1200.0,10573.496569124505,-109.48647449972174,169.28574167582366,402.4392879533295,23643.41729592375,5,26043.540827715347,0,1.0000030670198612e-07,optimal,optimal,optimal,23168.31674113388,-256.1154268416365,-156.6562428671067,299.5470035246755
2025-08-16,Q4-3 SEARCH,0.8,2.0,1200.0,14,1200.0,optimal,optimal,24104.214356831268,0.0,0.0,14,2183.8584907407408,optimal,optimal,-485.8305918462697,260.09851474476204,2291.562413114513,0.6479028246009881,14,10314.213109234113,optimal,optimal,-166.36500386704495,10.619048566778474,529.6318153386724,0.650273640697687,14,10695.007777366345,optimal,optimal,115.58200369716066,83.1846038376085,0.0,0.48962799250387584,1200.0,1200.0,10695.007777366345,-536.613592016154,291.66918281479474,712.8871994142764,24280.48796422939,10,25230.64356447487,1,1.00000761449337e-07,optimal,optimal,optimal,23853.90494849398,-497.1544212933303,-158.3773427848908,112.80314390775965
2025-08-17,Q4-3 SEARCH,0.8,2.0,1200.0,14,1200.0,optimal,optimal,54217.294471325666,0.0,0.0,14,9669.158867668566,optimal,optimal,-753.3464009195079,91.6367751402098,3362.1914405836833,0.6915579962073286,14,8761.67876635805,optimal,optimal,98.60270188686656,387.3182029222407,2015.781408146341,0.687609971666008,14,10516.219077678903,optimal,optimal,495.71417307796355,220.17600073372128,0.0,0.4890451458000555,1266.115554185654,1200.0,10577.894292081948,-159.02952595467787,57.323411529584305,192.80729453405445,54251.07223990504,1,35007.17513131509,0,1.0002258932217956e-07,optimal,optimal,optimal,54524.72073047071,-743.852131794957,88.65850935133406,485.99309502903554
2025-08-18,Q4-3 SEARCH,0.8,2.0,1266.115554185654,14,1266.115554185654,optimal,optimal,53907.83307882113,0.0,0.0,14,9524.906425824454,optimal,optimal,-275.53880283393437,3.1304249999988087,594.6269729947858,0.6781507460751997,14,7822.627337084302,optimal,optimal,-836.6983739281789,0.0,2546.5420622719907,0.7021593032559368,14,10675.271283227183,optimal,optimal,54.244843584403526,122.34744755543129,95.65307576775433,0.4956374248803409,1209.630743848261,1209.630743848261,10799.999999958643,-1057.9923331777097,65.52918924342433,424.11574414930203,53273.95648979273,5,36620.293860855505,0,1.0001531336456537e-07,optimal,optimal,optimal,53076.36763531004,-291.4125668824425,-844.1583613771224,63.91264028861694
2025-08-19,Q4-3 SEARCH,0.8,2.0,1209.630743848261,14,1209.630743848261,optimal,optimal,52239.89889206935,0.0,0.0,14,7771.503301024137,optimal,optimal,-764.6122295772059,3.5977837921394666,1896.97671767049,0.6762293729044987,14,6884.6311946620035,optimal,optimal,-100.17835929532993,126.35034287859241,1104.6332180537393,0.7092207232563178,14,10751.699985825282,optimal,optimal,35.039590464648654,76.39041359543289,55.76241778690962,0.48853685624552856,1209.7344020385663,1200.0,10800.0,-829.7509984078872,507.6473721090112,1663.1590553275528,53073.30694898902,6,34271.167466816114,0,1.0000030670198612e-07,optimal,optimal,optimal,52271.9115979964,-785.1533608038886,-66.0865080035663,35.943916529168895
2025-08-20,Q4-3 SEARCH,0.8,2.0,1209.7344020385663,14,1209.7344020385663,optimal,optimal,57952.727571834825,0.0,0.0,14,9825.154723156784,optimal,optimal,-416.79333905049026,850.7726198252931,4749.289725051507,0.6574229186077033,14,6919.308939798936,optimal,optimal,-643.8987522138497,7.797683047789064,2033.202443212695,0.7019358162136711,14,10435.471109002458,optimal,optimal,688.6314866781777,348.8359325154301,48.68429089665642,0.4949869553886707,1200.0000000405516,1200.0000000405516,10748.425249304182,-372.0606045861623,832.9088488820499,2589.3912334240013,60170.05820067266,11,39570.723923448386,0,1.0001531336456537e-07,optimal,optimal,optimal,57436.05142492251,-475.1403944995844,-664.5946691957366,678.1804214919676
2025-08-21,Q4-3 SEARCH,0.8,2.0,1200.0000000405516,14,1200.0000000405516,optimal,optimal,54897.72878865625,0.0,0.0,14,9600.463452283955,optimal,optimal,-1037.347955543172,125.43942757109954,4187.941153789195,0.6557292115046435,14,8661.801777858698,optimal,optimal,-453.31807936253904,0.0,1355.3625890962107,0.701031780265046,14,10775.709700252335,optimal,optimal,25.766470100573,21.89284201392902,19.910874375757906,0.4890039359765646,1203.2957295497529,1200.0000000405516,10800.0,-1464.899564805138,4.271194298771997e-08,1.0001029762859956e-07,53432.82922395112,0,34946.102580587634,0,1.000001930151484e-07,optimal,optimal,optimal,54541.37604668258,-967.4355865605618,-415.97175153887724,26.478017201122523
2025-08-22,Q4-3 SEARCH,0.8,2.0,1203.2957295497529,14,1203.2957295497529,optimal,optimal,22984.160690356344,0.0,0.0,14,2567.1247374450904,optimal,optimal,-165.99602712143587,205.27115371621,1064.794898338122,0.6583197393672393,14,10799.999999999996,optimal,optimal,-88.61113642638462,0.8372568398947351,241.54593796265956,0.6948573172098758,14,10697.838529336463,optimal,optimal,125.80972747811907,96.6909451760722,45.81480731935726,0.4915124480488121,1209.907426141603,1200.0,10800.0,-128.79743606970143,466.37897017809667,1717.569927072891,24572.933181359535,10,25931.27253871677,0,1.0001167538575828e-07,optimal,optimal,optimal,22516.873829353844,-152.55404995331705,-87.14215474203306,128.35873627142348
2025-08-23,Q4-3 SEARCH,0.8,2.0,1209.907426141603,14,1209.907426141603,optimal,optimal,21979.782864018976,0.0,0.0,14,3604.279778470478,optimal,optimal,437.9067024682966,363.09767506170505,3.410605131648481e-13,0.6058134901014761,14,10242.358475547999,optimal,optimal,391.020012007544,361.1862788678021,0.0,0.6601162024122131,14,10404.333659053511,optimal,optimal,515.1545572035899,300.3435435867432,-1.1368683772161603e-13,0.5029916316476155,1200.0000001,1200.0000001,10509.458001264287,1344.0812716794303,22.743533804929765,46.544641863110144,23370.40877756152,1,24609.66836493668,0,1.0000007932831068e-07,optimal,optimal,optimal,22201.69677645365,424.2541521482918,406.9921888165838,542.0988733029909
2025-08-24,Q4-3 SEARCH,0.8,2.0,1200.0000001,14,1200.0000001,optimal,optimal,53756.082333397746,0.0,0.0,14,8406.148265790052,optimal,optimal,-719.6059244764881,170.8405437609754,1968.297395941823,0.5308569644877952,14,6756.781176404672,optimal,optimal,1007.1112390826459,920.7894697633196,716.5968653698171,0.6662297406499984,14,10335.506157707818,optimal,optimal,692.9043205337356,302.47143280635163,0.0,0.5073888090741119,1211.5011591102812,1200.0000001,10434.383282965695,980.4096351398933,17.061232174896997,45.02459169248926,54781.51656023013,1,35431.19829626764,0,1.0000007932831068e-07,optimal,optimal,optimal,53515.28761764876,-701.9841777832416,1018.1558568534008,674.0861535673895
2025-08-25,Q4-3 SEARCH,0.8,2.0,1211.5011591102812,14,1211.5011591102812,optimal,optimal,67784.81657782025,0.0,0.0,14,9438.119673580242,optimal,optimal,-2293.3433386607053,58.8256775166393,6017.9137856056095,0.499913215657138,14,7940.523535943636,optimal,optimal,-1881.0379166926532,0.0,4864.435178129235,0.6300758947746071,14,10708.233664852454,optimal,optimal,68.8028678223234,42.64522149536158,0.0,0.5027275256935653,1235.746999986568,1211.5011591102812,10800.000000000002,-4105.578387531035,10.58083345302609,29.589300716661203,63708.827491005875,1,35451.97920539796,0,1.0000348993344232e-07,optimal,optimal,optimal,66014.14871670655,-2197.9100309993523,-1772.5859270160663,69.70439301889488
2025-08-26,Q4-3 SEARCH,0.8,2.0,1235.746999986568,14,1235.746999986568,optimal,optimal,53697.24924253592,0.0,0.0,14,9432.136646065986,optimal,optimal,1184.228109341412,2097.8192013314683,1.6482916519956916,0.5979866448858352,14,7165.625933919661,optimal,optimal,-674.3162436548623,0.45178626215113127,2104.9289280110975,0.6922316638062922,14,10728.249385527608,optimal,optimal,66.85056047008953,53.365780487564805,0.0,0.5063891595728066,1257.595092282007,1235.746999986568,10775.265204060424,576.7624261566391,8.019900063343031e-08,1.999973105422214e-07,54274.011668892555,0,35825.690774226896,0,1.0000894690165296e-07,optimal,optimal,optimal,53948.96749175116,1345.3183587281085,-682.1559749459857,67.1042576316751
2025-08-27,Q4-3 SEARCH,0.8,2.0,1257.595092282007,14,1257.595092282007,optimal,optimal,53724.06605801905,0.0,0.0,14,9963.419444444444,optimal,optimal,4046.1937154932803,5044.332526806622,1.1368683772161603e-13,0.6062777887328278,14,7479.875277212492,optimal,optimal,-300.0604880479309,52.5146418606426,1856.378769941872,0.6933488819564549,14,10652.621198975461,optimal,optimal,102.94014725632425,65.59047582010228,-1.1368683772161603e-13,0.4985681945747256,1266.5209046680584,1251.5370552449701,10800.0,3849.0733747016734,8.067811103940534e-08,1.9999707447150287e-07,57573.13943292072,0,35320.03462999023,0,1.00000761449337e-07,optimal,optimal,optimal,54256.51589924168,4092.247611108839,-371.0057305360832,102.4244763671442
2025-08-28,Q4-3 SEARCH,0.8,2.0,1266.5209046680584,14,1266.5209046680584,optimal,optimal,52097.19688293089,0.0,0.0,14,9852.910809390281,optimal,optimal,5164.496980651527,5352.990292479748,-1.1368683772161603e-13,0.5940174345430578,14,6675.913886436622,optimal,optimal,613.7942748041744,429.17181498035535,101.6416090786471,0.7006368353842833,14,10640.435711400176,optimal,optimal,257.7282511173316,138.9724419493615,0.0,0.5019018731063353,1245.6211476537185,1242.751566194131,10720.44506864954,6036.019506573033,9.907500048768641,83.31712135000073,58216.53351085393,1,37303.90437950484,0,1.00000761449337e-07,optimal,optimal,optimal,51928.40444588479,4818.485478376757,630.6335086615427,265.0408196589771
2025-08-29,Q4-3 SEARCH,0.8,2.0,1245.6211476537185,14,1245.6211476537185,optimal,optimal,24312.56153166465,0.0,0.0,14,4778.98410548867,optimal,optimal,-569.4792896398242,0.0,1775.2662855772776,0.6068280399524457,14,10800.0,optimal,optimal,373.3940817139614,351.6778642353124,26.702663576295322,0.699339001927485,14,10800.0,optimal,optimal,-9.425675249087561,0.0,14.772628010185342,0.5021990957497002,1247.3280027196013,1245.6211476537185,10800.0,-205.51088317495035,0.4565898494183935,0.9451410494856967,24107.995789539185,1,26679.026564321633,0,1.0003759598475881e-07,optimal,optimal,optimal,24520.895003102076,-546.7101521500307,380.1532227242671,-10.01263258022376
2025-08-30,Q4-3 SEARCH,0.8,2.0,1247.3280027196013,14,1247.3280027196013,optimal,optimal,24200.724029374753,0.0,0.0,14,3690.757261399385,optimal,optimal,-300.1131641255568,101.10287996135935,1456.4127333257632,0.630167851511901,14,10229.777828596587,optimal,optimal,-47.95769189177837,23.808874211780903,245.17538790565612,0.7088846325347387,14,10513.313302197916,optimal,optimal,379.25861151887614,216.34448617210563,0.0,0.49209123444232894,1200.000000041175,1200.0,10616.081213510517,31.18775550154095,205.59659485826947,530.0405361045995,24761.952320980894,4,25506.16754187127,0,1.00000761449337e-07,optimal,optimal,optimal,23748.857859488227,-230.36235848523287,-40.2634791327226,372.0357718891719
2025-08-31,Q4-3 SEARCH,0.8,2.0,1200.000000041175,14,1200.000000041175,optimal,optimal,54045.000074012074,0.0,0.0,14,8294.183589614426,optimal,optimal,-259.74041379426626,55.501397375740765,769.821337186678,0.663126539336752,14,5680.41630262086,optimal,optimal,-476.4691113168874,70.5825504195069,1586.7636691082598,0.7116215683822784,14,10398.124564384172,optimal,optimal,690.0304637469972,313.9002054469363,0.0,0.4881845379014907,1212.154497125487,1200.000000041175,10626.617531139149,-46.179061364156496,566.0724820555326,2510.5430008211883,56509.36401346911,15,35994.00130850696,0,1.0002258932217956e-07,optimal,optimal,optimal,54309.292473979134,-247.96974412027416,-449.95966019194833,701.8236983177259
2025-09-01,Q4-3 SEARCH,0.8,2.0,1212.154497125487,14,1212.154497125487,optimal,optimal,53944.446174472796,0.0,0.0,14,9780.261961655842,optimal,optimal,-2818.120920805005,0.0,8704.258900461713,0.6857825686932912,14,8152.9405403357505,optimal,optimal,340.04028747633976,648.456273546986,2379.628736678441,0.7027734359632896,14,10800.0,optimal,optimal,-48.914090694028616,0.0,75.25155798543543,0.4926448635117142,1253.9437323071338,1212.154497125487,10800.0,-2526.994724022694,4.940711462450593e-08,1e-07,51417.4514505501,0,32416.288060222905,0,1.0000803740695119e-07,optimal,optimal,optimal,60065.74943760084,-2649.6679543523437,365.1747939340994,-49.00777153517341
2025-09-02,Q4-3 SEARCH,0.8,2.0,1253.9437323071338,14,1253.9437323071338,optimal,optimal,48109.156390680575,0.0,0.0,14,9958.661574074074,optimal,optimal,1075.6332626182839,1043.9388928770354,33.593215980528385,0.6467821852969481,14,8194.06471695894,optimal,optimal,-490.816124976912,48.352411922434726,2412.9897708817753,0.6591325437812325,14,10800.0,optimal,optimal,-50.70679052635685,0.0,77.47392634196949,0.4946689038145473,1420.5432461773632,1253.9437323071338,10800.0,534.110347115015,9.450596956160718e-08,1.9999724431963842e-07,48643.26673799558,0,33066.895391781116,0,1.0000803740695119e-07,optimal,optimal,optimal,53536.106959979326,1005.6306025787554,-509.44438881398753,-52.22800047328277
2025-09-03,Q4-3 SEARCH,0.8,2.0,1420.5432461773632,14,1420.5432461773632,optimal,optimal,52268.77748662742,0.0,0.0,14,9973.114351851851,optimal,optimal,-1111.8685332956045,121.25529441141464,4267.637681933262,0.6330887283931688,14,7709.098721772936,optimal,optimal,-341.1643067255565,157.8350894671902,2490.756573300067,0.6585883797181437,14,10742.329999174075,optimal,optimal,-39.2310915027607,0.0,58.890331996684,0.5006507811115972,1549.6643928229882,1420.5432461773632,10800.0,-1492.2639315239217,4.81811611659841e-08,1e-07,50776.5135552035,0,31829.0005528033,0,1.00000761449337e-07,optimal,optimal,optimal,57016.83796334021,-1033.7896011688651,-294.7297063946184,-38.29693838255192
2025-09-04,Q4-3 SEARCH,0.8,2.0,1549.6643928229882,14,1549.6643928229882,optimal,optimal,51343.79655273812,0.0,0.0,14,9966.774685370365,optimal,optimal,-974.8213372349637,116.9789018212208,3669.4250971754886,0.6470932374180206,14,9038.035867460529,optimal,optimal,-507.2800230721573,29.65374167677428,1836.0722452107525,0.6595582772279038,14,10800.0,optimal,optimal,-42.34782654782207,0.0,63.40375111942483,0.49963566447790875,1718.6144129036768,1549.6643928229882,10800.0,-1524.449186854943,5.279837622236805e-08,1.0000014646600985e-07,49819.34736598317,0,33994.61696411429,0,1.0003691386373248e-07,optimal,optimal,optimal,56433.882347648054,-905.6818751059916,-477.72080063767567,-40.80754418681757
2025-09-05,Q4-3 SEARCH,0.8,2.0,1718.6144129036768,14,1718.6144129036768,optimal,optimal,20408.55044776143,0.0,0.0,14,6451.292954475308,optimal,optimal,-333.2085220077839,0.0,1081.7685877290728,0.643060192890471,14,10782.181941631901,optimal,optimal,-41.74769303623747,0.0,131.13836654083266,0.6614877220633096,14,10800.0,optimal,optimal,-1.9485336770440265,0.0,3.5858184910042326,0.49731762989364126,1962.4069259102464,1718.6144129036768,10800.0,-376.90474872106546,1.4168069312479395e-07,6.000064324195843e-07,20031.645699640372,0,23163.546883408297,0,1.0000568545365241e-07,optimal,optimal,optimal,23387.345575505733,-312.7861347515653,-40.08781211726168,-1.93601835489502
2025-09-06,Q4-3 SEARCH,0.8,2.0,1962.4069259102464,14,1962.4069259102464,optimal,optimal,20216.42376382994,0.0,0.0,14,6097.7112308333335,optimal,optimal,-240.31862375762068,0.0,755.9964029662306,0.629681704470789,14,10411.661795079743,optimal,optimal,-166.98087289370324,5.564015469206311,569.7281980103143,0.6401143806251246,14,10800.0,optimal,optimal,-8.995647249292698,29.5038812143755,41.106582968410635,0.5015551084953167,1475.2274697574405,1475.2274697574405,10800.0,-416.2951439006166,4.549590536851684e-08,1.0000000000000002e-07,19800.12862002932,0,23941.775252480467,0,1.000043994281441e-07,optimal,optimal,optimal,22782.276615905525,-226.63414851797353,-177.0311449591362,-3.516629613576548
2025-09-07,Q4-3 SEARCH,0.8,2.0,1475.2274697574405,14,1475.2274697574405,optimal,optimal,48144.42804545845,0.0,0.0,14,9917.991545370365,optimal,optimal,373.3111935857653,643.0759836632626,486.18111719355545,0.6191595196935172,14,7978.152343438993,optimal,optimal,-691.0746319557545,9.117362312873524,2363.7003480606854,0.5952285741769116,14,10800.0,optimal,optimal,-22.911349701072538,62.95929474751075,95.46497210584141,0.5047063537616997,2021.4177614169814,1475.2274697574405,10800.0,-340.67478807106176,-6.617444900424222e-24,-1.350951376421605e-23,47803.75325738739,0,34353.27305894904,0,1.0000030670198612e-07,optimal,optimal,optimal,53147.93110727323,343.6582030488055,-666.3054413860381,-16.27337667811375
2025-09-08,Q4-3 SEARCH,0.8,2.0,2021.4177614169814,14,2021.4177614169814,optimal,optimal,49059.24617469357,0.0,0.0,14,9879.00467925926,optimal,optimal,-1717.556194643906,0.0,4969.379542913966,0.5890050815376172,14,8677.062200213746,optimal,optimal,516.5485887613138,848.4098074281005,2375.8207189932577,0.6161005294772953,14,10789.198746075383,optimal,optimal,0.8818497501758031,161.14376766058183,180.66283233379687,0.5044000864482837,2153.1205330140724,2021.4177614169814,10800.0,-1200.1257561324164,4.2043304603741857e-08,1e-07,47859.12041866116,0,33579.30836306114,0,1.00000761449337e-07,optimal,optimal,optimal,50549.58741607895,-1569.4007285071284,391.07643177203784,-15.606251942537021
2025-09-09,Q4-3 SEARCH,0.8,2.0,2153.1205330140724,14,2153.1205330140724,optimal,optimal,42455.69779523078,0.0,0.0,14,9981.140277777778,optimal,optimal,305.41231201747263,359.73606353058165,642.5600821791663,0.5832907549539084,14,8590.638147700789,optimal,optimal,130.05481127808983,107.09410319842286,0.0,0.605951522756062,14,10800.0,optimal,optimal,-23.800623600009956,76.41050004386935,109.90824114418916,0.5041177237320598,2297.228635016636,2153.1205330140724,10800.0,411.66649969555255,4.391860678201446e-08,1.0000250303843441e-07,42867.36429502633,0,33289.61112217711,0,1.00000761449337e-07,optimal,optimal,optimal,44070.74232676627,270.00909125171825,122.87380637644596,-19.219661777537873
2025-09-10,Q4-3 SEARCH,0.8,2.0,2297.228635016636,14,2297.228635016636,optimal,optimal,50251.09759209081,0.0,0.0,14,9855.673389444446,optimal,optimal,-2404.0937866949075,0.0,6701.2811599758925,0.5988800152636744,14,7780.607559374836,optimal,optimal,1118.2101095408734,1175.121487251759,1136.8403479993024,0.5945906680289522,14,10800.0,optimal,optimal,-31.45090675512932,33.5318300946046,78.10538559867337,0.49891275148838615,2361.4703707114745,2214.2753600328037,10800.0,-1317.3345839091635,1.458048210973911e-07,2.999973166813106e-07,48933.76300848164,0,37305.1011818504,0,1.0000053407566156e-07,optimal,optimal,optimal,51532.43407284035,-2263.432374734316,1154.088691753931,-28.40312597977827
2025-09-11,Q4-3 SEARCH,0.8,2.0,2361.4703707114745,14,2361.4703707114745,optimal,optimal,49137.58067453706,0.0,0.0,14,9977.201879814815,optimal,optimal,-2875.725656916274,0.0,9754.177794930043,0.5880415537816107,14,7338.609344435155,optimal,optimal,-334.7967031377584,18.34793266750514,1754.7603869041868,0.6259278212838969,14,10800.0,optimal,optimal,-32.002482888671025,43.29683601328794,83.98889600145708,0.49993537315028147,2375.1013782012533,2139.2003057407405,10800.0,-3242.524842942704,5.0239009397046175e-08,9.99756287001219e-08,45895.055831694335,0,34668.398157246236,0,1.00000761449337e-07,optimal,optimal,optimal,51759.48644018,-3042.083994580455,-399.0295748513897,-26.521231617153557
2025-09-12,Q4-3 SEARCH,0.8,2.0,2375.1013782012533,14,2375.1013782012533,optimal,optimal,16416.72475587007,0.0,0.0,14,4868.4285261495215,optimal,optimal,-74.48467484672345,4.004252777777538,238.75999733193487,0.6520319708155243,14,10799.999999999998,optimal,optimal,453.1781788653916,489.2232040519492,0.0,0.6564116385705948,14,10785.627956790126,optimal,optimal,10.47731455098638,8.005890073176763,0.0,0.5015770938912641,2584.3201631564793,2375.1013782012533,10800.0,389.1708185696545,2.0123650057945826e-07,3.0001842610261065e-07,16805.89557473974,0,24319.543716876673,0,1.00000761449337e-07,optimal,optimal,optimal,17363.21708079775,-72.20621555252623,445.1563097500141,10.374966816029977
2025-09-13,Q4-3 SEARCH,0.8,2.0,2584.3201631564793,14,2584.3201631564793,optimal,optimal,16478.716152839526,0.0,0.0,14,4992.912736709212,optimal,optimal,83.27046407188261,88.7435247054866,4.547473508864641e-13,0.6284207535701016,14,10799.999999999998,optimal,optimal,178.41702035823153,189.05268903032598,-4.547473508864641e-13,0.6742835971285835,14,10800.0,optimal,optimal,8.157309082859378e-08,2.4489959923944923e-07,3.0234463689707076e-07,0.4962766172060653,1751.416461476849,1751.416461476849,10800.0,261.6874845116872,24.16657597060956,89.83924583931841,16830.24288319053,1,25468.93843303828,0,1.000043994281441e-07,optimal,optimal,optimal,17589.973987392943,72.33902670233616,158.39162064719054,1.0000363797880709e-07
2025-09-14,Q4-3 SEARCH,0.8,2.0,1751.416461476849,14,1751.416461476849,optimal,optimal,50285.99585568761,0.0,0.0,14,9986.40375925926,optimal,optimal,-1538.407462718722,319.1581695817255,5427.7777436200395,0.5997059312486834,14,8307.762362868312,optimal,optimal,-418.5114379588559,2.6013453378198146,1813.1391624119537,0.6705761840013984,14,10800.0,optimal,optimal,1.003228214983877e-07,1.6046516554444611e-07,0.0,0.4999769143926499,2331.3021108323587,1725.0906188842562,10800.0,-1956.918900577255,16.97903073279846,108.80047626219306,48437.877431372544,2,33999.98342387477,0,1.0000803740695119e-07,optimal,optimal,optimal,51715.57857677677,-1561.4210261330015,-418.7805670170208,1e-07
2025-09-15,Q4-3 SEARCH,0.8,2.0,2331.3021108323587,14,2331.3021108323587,optimal,optimal,36380.96469740403,0.0,0.0,14,8625.56082048139,optimal,optimal,683.0096271685891,932.2279085409867,731.9791499820293,0.6397064326178523,14,7090.78443,optimal,optimal,-156.20341009454663,66.41947113358361,529.8951341483894,0.6536509014215771,14,10663.888444382135,optimal,optimal,-58.554834910050516,0.0,86.06576591924,0.5046865898593866,1227.6642870336616,1200.0,10800.0,468.25138216399193,3308.520569662199,15141.957202230391,51991.173281798416,48,37801.4356025566,0,1.0000985639635473e-07,optimal,optimal,optimal,35654.56614057132,616.7564059162097,-145.23124194246418,-55.94460742094533
2025-09-16,Q4-3 SEARCH,0.8,2.0,1227.6642870336616,14,1227.6642870336616,optimal,optimal,47550.78688970707,0.0,0.0,14,9317.42046542481,optimal,optimal,-1039.966063410829,188.78442685356043,3762.65352414967,0.6305962899285288,14,7965.745156025529,optimal,optimal,-842.836003280621,31.413391102520336,3147.563525335184,0.6633295134036267,14,10700.18872361321,optimal,optimal,176.03074658483402,90.46005633872441,7.219864281505564e-08,0.5020586530000306,1200.000000047486,1199.9999999999998,10800.0,-1706.7713201066158,889.8405178978819,3086.2703145524,48930.28588415286,24,36205.51840799023,0,1.00000761449337e-07,optimal,optimal,optimal,45743.546257342845,-935.8238098341108,-731.2686220322946,187.22322481251388
2025-09-17,Q4-3 SEARCH,0.8,2.0,1200.000000047486,14,1200.000000047486,optimal,optimal,45665.91523668526,0.0,0.0,14,9836.299809519063,optimal,optimal,-726.1073751090013,116.40702100181517,2808.423113007505,0.6569124032531548,14,6663.125614256177,optimal,optimal,-701.5272855987827,0.0,2276.617134858206,0.7042296545107055,14,10444.149439281508,optimal,optimal,33.365940201160846,50.03396983118259,0.0,0.5065692278951262,1489.2528890539118,1200.000000047486,10800.0,-1394.2687205066231,3.273046349353142e-07,6.999921145805274e-07,44271.64651687862,0,38102.12558019841,0,1.00000761449337e-07,optimal,optimal,optimal,45445.23156806641,-794.7211597148789,-753.090367205078,34.94991795733146
2025-09-18,Q4-3 SEARCH,0.8,2.0,1489.2528890539118,14,1489.2528890539118,optimal,optimal,39907.04843514256,0.0,0.0,14,9725.157065462965,optimal,optimal,3671.319823087847,4914.822693136992,0.0,0.6625954661139571,14,7754.606870271506,optimal,optimal,-459.54495546371027,1.4210854715202004e-14,1944.9284170480746,0.7085562913375641,14,10798.073342378064,optimal,optimal,2.154089259199687,1.7339921243930443,0.0,0.504025400438964,1433.7417380942354,1200.0,10800.0,3213.9289568833365,204.1683835731659,951.6849615613135,44072.662353587206,4,37573.87222481208,0,1.00000761449337e-07,optimal,optimal,optimal,39496.038636348836,3543.807759157934,-464.31338991628655,2.183254066817574
2025-09-19,Q4-3 SEARCH,0.8,2.0,1433.7417380942354,14,1433.7417380942354,optimal,optimal,14947.1048697888,0.0,0.0,14,3304.1970370370364,optimal,optimal,479.8089512240845,555.8010708899828,0.0,0.6040508381564603,14,10654.444449862518,optimal,optimal,-104.10219736848542,0.0,322.02733566362923,0.6796524299449376,14,10140.02516837741,optimal,optimal,102.38189302908246,80.3955105128523,36.19425754998708,0.507404420116446,1878.2234524796527,1200.0,10721.02090963637,478.08864688468157,21.248426736759292,54.6325488192209,15479.826065492703,3,27346.53196109184,0,1.0000053407566156e-07,optimal,optimal,optimal,14614.748891428313,456.3312501737429,-103.29757840079111,108.23794168868817
2025-09-20,Q4-3 SEARCH,0.8,2.0,1878.2234524796527,14,1878.2234524796527,optimal,optimal,14458.869240601405,0.0,0.0,14,3869.5429625898473,optimal,optimal,36.97873715190591,123.57966520736517,200.0318310635283,0.618494856602712,14,10629.629077625235,optimal,optimal,-82.18956482879223,0.18836259031115787,233.1777195292001,0.6813228947568293,14,10586.366460664603,optimal,optimal,255.05345120183594,185.90534042668787,9.952278521699965,0.5136720437185134,1761.9597717870279,1200.0,10663.632612511641,209.84262352494963,67.02745494623707,226.20452328567433,14894.91638741203,4,28952.021343607623,0,1.000043994281441e-07,optimal,optimal,optimal,14636.188957138767,30.337095513122378,-80.42415558260002,275.35535057622656
2025-09-21,Q4-3 SEARCH,0.8,2.0,1761.9597717870279,14,1761.9597717870279,optimal,optimal,45900.21994670948,0.0,0.0,14,9740.36957357299,optimal,optimal,-711.234107037042,28.568129711349172,2077.7740548439283,0.6346557534713684,14,8766.483098973127,optimal,optimal,-251.6745401544055,264.60230189009155,2344.6460627560846,0.671496083884096,14,9969.735185185185,optimal,optimal,21.596614241692652,17.551658002979252,26.646755256903404,0.5098321209063945,1432.1531785110574,1237.6536590119742,10800.0,-941.3120329497548,4.5037751995205335,9.88128274639221,44968.78919650612,1,36161.79331943042,0,1.00000761449337e-07,optimal,optimal,optimal,44571.47797159909,-674.778627914552,-257.37035395301865,21.170899572079268
2025-09-22,Q4-3 SEARCH,0.8,2.0,1432.1531785110574,14,1432.1531785110574,optimal,optimal,49710.76598078402,0.0,0.0,14,9730.13785277778,optimal,optimal,-1974.8499300773726,0.0,6234.942389791842,0.5961856585986904,14,7414.712577229903,optimal,optimal,-970.976391814813,0.0,3132.3603632369513,0.6889689027780561,14,9904.806788049755,optimal,optimal,34.26301029977091,48.258057421886846,0.0,0.5062345508562796,1378.8834517789899,1341.4442812851678,10713.040121383088,-2911.5633115924147,10.906666857757234,71.60772039999748,46870.8103895916,1,38016.32310870073,0,1.00000761449337e-07,optimal,optimal,optimal,48256.660833129696,-1877.8360837395085,-998.9566936765843,40.34504192336604
2025-09-23,Q4-3 SEARCH,0.8,2.0,1378.8834517789899,14,1378.8834517789899,optimal,optimal,48435.69719098075,0.0,0.0,14,9855.230694444444,optimal,optimal,-1200.8594125437792,0.0,3536.1525804400326,0.6007918642121185,14,7642.939939013685,optimal,optimal,-652.2871862723057,0.0,2615.2872893266076,0.7102688362697962,14,9984.85071306296,optimal,optimal,-15.08579041627462,0.0,23.781475089996917,0.5065599454064115,1438.5056582310328,1201.7756093427097,10800.0,-1868.2323892323595,12.77775160376787,62.39441975261709,46629.859221501,2,37851.537103523806,0,1.00000761449337e-07,optimal,optimal,optimal,47547.143296800874,-1141.0687294834577,-637.8365670683497,-16.186696478344707
2025-09-24,Q4-3 SEARCH,0.8,2.0,1438.5056582310328,14,1438.5056582310328,optimal,optimal,41932.94744935514,0.0,0.0,14,9602.569160185189,optimal,optimal,228.89083156440557,240.8697876721649,0.0,0.5845800036227553,14,5876.720612167104,optimal,optimal,1358.6864158902838,1436.8722765995117,13.575109729357154,0.6814649911595012,14,9645.062214293539,optimal,optimal,503.9929785159247,320.51667326051523,49.15283928089495,0.48410891445068943,1574.9970300475711,1315.800718592784,10478.860985898476,2091.570225970614,469.0118692958241,1663.9842489566036,45688.50192428236,12,36340.35586949156,0,1.0000030670198612e-07,optimal,optimal,optimal,41462.650187475185,212.89261114018754,1293.9149532756187,502.8898108419738
2025-09-25,Q4-3 SEARCH,0.8,2.0,1574.9970300475711,14,1574.9970300475711,optimal,optimal,46550.0354834616,0.0,0.0,14,9836.514995468111,optimal,optimal,68.5450971804564,454.8531255140814,929.5954267815259,0.6106822775604211,14,7646.8001317882,optimal,optimal,-600.5851593151465,0.2159905529073285,2445.163903083044,0.6951975924865397,14,10600.709584579019,optimal,optimal,224.91185016081292,178.87074854852938,20.4950195048259,0.4935107371796599,1388.4502288924807,1388.4502288924807,10734.301171394038,-307.1282119738771,31.88636690375611,217.3592905833087,46460.26656207103,2,34845.61712171192,0,1.0000803740695119e-07,optimal,optimal,optimal,45304.54290825756,131.56536210913973,-507.22965938018103,229.28169013977387
2025-09-26,Q4-3 SEARCH,0.8,2.0,1388.4502288924807,14,1388.4502288924807,optimal,optimal,15629.582089918866,0.0,0.0,14,4823.078069019553,optimal,optimal,-365.7087664595135,0.274634777448,1253.628459484651,0.5936470483673373,14,10579.994696797332,optimal,optimal,-61.57809731197227,0.2159905529073285,179.0429450613764,0.6908282922012393,14,10272.01546847041,optimal,optimal,-16.901251202484577,0.0,62.6628802870575,0.4917545984170671,1400.4878469996518,1381.7409384295186,10764.022875877818,-444.18811497397036,2.958554953309958e-07,4.999975591009713e-07,15185.393975444893,0,28384.126408261116,0,1.0000098882301245e-07,optimal,optimal,optimal,15657.369607294842,-358.7258176819458,-62.014348011115395,-18.123157710163333
2025-09-27,Q4-3 SEARCH,0.8,2.0,1400.4878469996518,14,1400.4878469996518,optimal,optimal,15280.469593696267,0.0,0.0,14,4129.411956654759,optimal,optimal,665.0161350992614,725.8349474611684,0.0,0.6131489689521806,14,10466.522181322012,optimal,optimal,-71.35117550077359,0.2159905529072148,247.79293289382593,0.6867856362317303,14,10170.625947572498,optimal,optimal,44.98512987779315,49.29716916856472,38.67322713682888,0.49981201675419523,1200.000000047718,1200.0,10781.212627845272,638.650089476281,186.9288364063035,446.54826713545043,16365.667950308,4,30512.457657580533,0,1.0000621841754764e-07,optimal,optimal,optimal,14710.431615451014,664.1166050810743,-73.34701527483489,44.114146738761676
2025-09-28,Q4-3 SEARCH,0.8,2.0,1200.000000047718,14,1200.000000047718,optimal,optimal,48459.38152980051,0.0,0.0,14,9841.353243240745,optimal,optimal,1601.5849689643362,1869.4744951350049,110.7717527114676,0.6321563900124563,14,7681.9677905614,optimal,optimal,-1009.088772489922,7.552844014909738,2991.7906215848698,0.7126581472204747,14,9772.791878973143,optimal,optimal,350.11888055546115,229.32625092910638,0.0,0.5,1227.3282031874164,1200.000000047718,10733.803243240745,942.6150770298754,157.307281788688,658.6410083801787,50060.637615210566,6,36076.84638532056,0,1.0000850636515679e-07,optimal,optimal,optimal,47445.12621572416,1520.8837550326275,-938.1169161861042,364.6735838233612
2025-09-29,Q4-3 SEARCH,0.8,2.0,1227.3282031874164,14,1227.3282031874164,optimal,optimal,50958.74006170806,0.0,0.0,14,9619.525124146228,optimal,optimal,-2366.3028319303826,0.2746347774465221,6845.801302932265,0.6144343877010789,14,6865.5566035330585,optimal,optimal,-621.0336718001533,0.2159905529073285,1884.6284510364726,0.719233625917075,14,9954.934960457835,optimal,optimal,51.505495468708574,59.16876165305117,0.0,0.5,1200.000000045933,1200.000000045933,10741.918293791168,-2935.8310082618273,102.01162182107764,359.0110013554247,48381.92005480165,5,37495.428475953384,0,1.00000761449337e-07,optimal,optimal,optimal,50171.17897585843,-2233.0098756340094,-600.9464920881447,52.4563790344138
2025-09-30,Q4-3 SEARCH,0.8,2.0,1200.000000045933,14,1200.000000045933,optimal,optimal,50776.77148176075,0.0,0.0,14,9803.288095927548,optimal,optimal,-1053.0297983747043,0.929190839313037,2363.9688715380366,0.5785224911004776,14,6132.774540627239,optimal,optimal,-355.6824428000007,0.21599055290744218,873.5530404176025,0.7006620415934224,14,10713.693311538258,optimal,optimal,129.0094760833534,89.7429559005036,0.0,0.5,1255.055953733908,1200.000000045933,10800.0,-1279.7027650913517,2.0720705021524558e-07,5.000036574483425e-07,49497.0687171694,0,39382.92984157239,0,1.00000761449337e-07,optimal,optimal,optimal,50312.76128690623,-980.3285976517442,-354.786461183431,128.9446437135731
2025-10-01,Q4-3 SEARCH,0.8,2.0,1255.055953733908,14,1255.055953733908,optimal,optimal,44453.4364111265,0.0,0.0,14,9864.9186530137,optimal,optimal,-939.4496777824954,95.28237802317909,3733.93976709781,0.6042615832452569,14,7632.837605008783,optimal,optimal,-820.5513151999651,0.614494106669099,3769.357608253509,0.6756748356135558,14,10775.167422237753,optimal,optimal,2.6359372173263322,21.85869465566725,49.74507110053928,0.5,1265.0157529765436,1255.055953733908,10800.0,-1757.3650557651342,1.7150655502998026e-07,4.999959731686431e-07,42696.071355861364,0,36074.63507430781,0,1.00000761449337e-07,optimal,optimal,optimal,45921.48994433413,-1039.9859314857104,-941.2010439607263,3.640457775672223
2025-10-02,Q4-3 SEARCH,0.8,2.0,1265.0157529765436,14,1265.0157529765436,optimal,optimal,49453.12808164759,0.0,0.0,14,8912.977277283953,optimal,optimal,-2330.9497631194627,0.3555505445917788,6486.588470043025,0.5675653477939547,14,7534.979466952229,optimal,optimal,-1047.8644208425487,0.2159905529073285,4262.218843642437,0.674236325977098,14,10221.359494466164,optimal,optimal,-8.815299738062583,0.0,14.229700595730844,0.5,1297.639486446636,1265.0157529765436,10800.0,-3387.6294837000737,6.818857697504136e-08,1.9999842925403027e-07,46065.49859814752,0,34845.76677680027,0,1.0000043981614941e-07,optimal,optimal,optimal,50907.73564656617,-2441.2559761275343,-1153.1471216131617,-8.973799879106844
2025-10-03,Q4-3 SEARCH,0.8,2.0,1297.639486446636,14,1297.639486446636,optimal,optimal,13791.174153148815,0.0,0.0,14,4650.347936848157,optimal,optimal,-11.113124227759604,3.1942018537059766,52.6168766889439,0.6140312385817182,14,10561.238925370975,optimal,optimal,97.10039329761287,124.20872103667375,134.00524708844137,0.721302899256523,14,10309.218405774422,optimal,optimal,12.115433780480888,16.545076571618097,27.801360871790756,0.5,1509.996863379802,1297.639486446636,10800.0,98.10270285033415,3.884312739101587e-07,1.300001500266733e-06,13889.27685729915,0,27130.687207006315,0,1.0000250222219619e-07,optimal,optimal,optimal,14208.336097501053,-13.120868496726724,91.11700066427251,11.981844888937449
2025-10-04,Q4-3 SEARCH,0.8,2.0,1509.996863379802,14,1509.996863379802,optimal,optimal,15721.752971890606,0.0,0.0,14,5671.877592962962,optimal,optimal,-243.6376348104794,0.0,1468.9424576553502,0.5931058327415998,14,10449.424750679495,optimal,optimal,-84.19608351232826,0.0,279.18418597594894,0.7237860924086845,14,10327.12777777778,optimal,optimal,-30.33987948115709,0.0,82.60256808066408,0.5,1398.9670826439979,1398.9670826439979,10800.0,-358.17359780396475,1.0239023642341982e-07,2e-07,15363.57937428664,0,27930.48624738676,0,1.0000053407566156e-07,optimal,optimal,optimal,15937.271484249319,-249.1518075341635,-93.54351480110822,-32.151078029332744
2025-10-05,Q4-3 SEARCH,0.8,2.0,1398.9670826439979,14,1398.9670826439979,optimal,optimal,48893.34362204446,0.0,0.0,14,9418.434514734878,optimal,optimal,-2512.998433353734,0.0,8286.166523186592,0.615012849808885,14,8019.870977528111,optimal,optimal,-518.0685344288565,51.10700341212271,2827.7319358593118,0.7160787742827459,14,10795.361111111111,optimal,optimal,-7.794147140387452,0.0,22.910779552058486,0.5,1569.7827516837772,1398.9670826439979,10800.0,-3038.8611149229782,1.8669541820073786e-07,4.000153179186782e-07,45854.4825075215,0,35576.26277466763,0,1.0000026229330805e-07,optimal,optimal,optimal,50604.0985150614,-2754.8384841719535,-633.9748840568144,-7.598872311337639
2025-10-06,Q4-3 SEARCH,0.8,2.0,1569.7827516837772,14,1569.7827516837772,optimal,optimal,43289.34935147112,0.0,0.0,14,9923.960957314815,optimal,optimal,147.99096984162483,142.16956757710085,21.004193885240596,0.6664023081337624,14,6427.9560613031135,optimal,optimal,-501.3243915536525,41.91077903618668,1578.1358745244909,0.703363351169106,14,10785.926851851851,optimal,optimal,-18.51057831667116,0.0,44.648838929136424,0.5,1680.8845282405532,1556.659325757851,10800.0,-371.8440000286988,50.71205394036154,184.52807528796282,43102.033426730384,3,37102.33862206606,0,1.0000053407566156e-07,optimal,optimal,optimal,43658.86189458088,148.491639429186,-509.9872403405104,-17.994809327746076
2025-10-07,Q4-3 SEARCH,0.8,2.0,1680.8845282405532,14,1680.8845282405532,optimal,optimal,45063.92480115651,0.0,0.0,14,9895.064035370367,optimal,optimal,-711.3629701779071,38.81615566633491,2682.647749058886,0.7054307139853566,14,7584.494419795135,optimal,optimal,-212.3401602409832,162.46625501243176,2235.835336892569,0.6870807020300234,14,10800.0,optimal,optimal,-20.333807093549904,0.0,58.923546620385,0.5,1774.2827104040402,1680.8845282405532,10800.0,-944.0369375124402,1.5050799469448564e-07,4.0001012524062387e-07,44119.887864044074,0,37941.05765203306,0,1.0000803740695119e-07,optimal,optimal,optimal,45878.60829971782,-763.3096274132049,-186.12759016777386,-21.47350279015599
2025-10-08,Q4-3 SEARCH,0.8,2.0,1774.2827104040402,14,1774.2827104040402,optimal,optimal,42146.78931079473,0.0,0.0,14,9913.318909457012,optimal,optimal,-865.0290280255966,0.0,3114.6909052401206,0.6856846870882619,14,6441.995844159024,optimal,optimal,-419.36071257596524,1.9774469296183952,1591.8385675761397,0.7039747817089401,14,10611.143536995372,optimal,optimal,266.5112967152234,169.970816704164,0.0,0.5,1895.3094094340815,1495.394153095856,10800.0,-1017.8784438863386,-8.73741235846926e-15,-1.868495632858651e-14,41128.910866908394,0,37807.65202850077,0,1.00000761449337e-07,optimal,optimal,optimal,41688.195038939826,-807.9676913805386,-394.44702435472647,277.1093522066613
2025-10-09,Q4-3 SEARCH,0.8,2.0,1895.3094094340815,14,1895.3094094340815,optimal,optimal,48820.0053303149,0.0,0.0,14,9863.829424351854,optimal,optimal,-4255.211475806321,0.0,13700.691875040073,0.7076360083793053,14,6833.777538896789,optimal,optimal,-144.80093916296858,72.52019068615687,1171.1388892691582,0.6817761195095178,14,10588.94967245608,optimal,optimal,259.2769352003781,146.96935447009105,14.125516841256534,0.5,1832.745676535336,1832.745676535336,10800.0,-4140.735479768911,72.44523398111023,330.1959413940918,45009.465791940085,4,37036.63990276107,0,1.00000761449337e-07,optimal,optimal,optimal,48617.0890975096,-4354.0451133479,-160.80827401499923,273.7208513700272
2025-10-10,Q4-3 SEARCH,0.8,2.0,1832.745676535336,14,1832.745676535336,optimal,optimal,13507.754039604662,0.0,0.0,14,4921.1652027619775,optimal,optimal,-206.40477858454958,0.0,651.7054889923272,0.7229791324986041,14,10531.496791722335,optimal,optimal,-15.981915887313821,37.963369880913774,171.038039084231,0.6251893437062719,14,10199.99455929155,optimal,optimal,238.02965826166238,153.44656330427,7.222323999458598,0.5,2097.118222135153,1471.429739799015,10800.0,15.642963789798983,172.15215016331726,634.207510582317,14157.604513976778,4,28188.619569719514,0,1.0000621841754764e-07,optimal,optimal,optimal,13315.154026080289,-195.11571933376658,-16.861604120739525,225.73098382085132
2025-10-11,Q4-3 SEARCH,0.8,2.0,2097.118222135153,14,2097.118222135153,optimal,optimal,14202.182100804373,0.0,0.0,14,5835.239048599797,optimal,optimal,-32.22887125897777,51.37278046116654,283.6908106988744,0.7294486736746663,14,10800.0,optimal,optimal,4.44225825469718,51.95856405678637,167.0949401145556,0.6691803681742314,14,10169.744876628283,optimal,optimal,199.4066701469117,130.40913113947713,18.24221343481224,0.5,1361.6846058326064,1361.6846058326064,10800.000000000002,171.6200571426311,21.23223024510794,79.8438007494182,14453.645958696423,1,29957.759001111932,0,1.00000761449337e-07,optimal,optimal,optimal,14229.014210943576,-38.42333253094952,0.3605677719143934,190.947318352993
2025-10-12,Q4-3 SEARCH,0.8,2.0,1361.6846058326064,14,1361.6846058326064,optimal,optimal,41592.84496536751,0.0,0.0,14,9948.960203703704,optimal,optimal,-268.57814684626453,181.60092329574638,1487.5122597223644,0.6990063100453638,14,7789.399351262725,optimal,optimal,-276.16965749884963,237.4138047793348,2474.179910564487,0.6616851296961284,14,10268.735477518276,optimal,optimal,219.8461495083057,137.80584839256758,0.0,0.5,1939.0489972218777,1361.6846058326064,10800.0,-324.9016548368085,623.6744594028231,2590.5904586639517,43858.533769194655,16,34871.83037631347,0,1.0000803740695119e-07,optimal,optimal,optimal,42023.51104789732,-231.51334947921794,-241.2047942075377,227.84087582637505
2025-10-13,Q4-3 SEARCH,0.8,2.0,1939.0489972218777,14,1939.0489972218777,optimal,optimal,43365.176576589234,0.0,0.0,14,9752.559914623913,optimal,optimal,-1394.9947231694255,57.19148430746798,5046.662651331095,0.6560808539672203,14,6542.5539561326095,optimal,optimal,-232.1558195919837,197.26030907869838,1960.5943186927652,0.6592464914403803,14,10281.213745572824,optimal,optimal,415.09707818277406,277.86642770668,2.2737367544323206e-13,0.5,1605.7336908074158,1605.7336908074158,10800.0,-1212.0534645786352,613.8016191562841,1842.06946870461,43995.192580715215,6,37394.135408812224,0,1.0003032002714463e-07,optimal,optimal,optimal,44000.67526272441,-1446.1708462540632,-248.95343677005522,418.79259748294066
2025-10-14,Q4-3 SEARCH,0.8,2.0,1605.7336908074158,14,1605.7336908074158,optimal,optimal,45780.86363293871,0.0,0.0,14,9800.627798572585,optimal,optimal,-2126.968979322227,62.557759926548215,7493.090195284685,0.6356180682518217,14,5157.058465560709,optimal,optimal,624.9873594388336,820.3716860924392,166.5507631456503,0.6289051318304175,14,10559.161803799112,optimal,optimal,23.26252785130755,20.736509868767754,0.0,0.5,1711.5707244704977,1257.5996446982083,10800.0,-1478.7190920320857,371.50282711017724,960.3734886387218,45262.51802954535,6,39146.0107216358,0,1.0000940164900385e-07,optimal,optimal,optimal,45684.03218506427,-2173.3514638193233,608.3453279421657,23.12463353673881
2025-10-15,Q4-3 SEARCH,0.8,2.0,1711.5707244704977,14,1711.5707244704977,optimal,optimal,45993.83273003316,0.0,0.0,14,9488.919270793202,optimal,optimal,-2146.267979477737,0.0,6964.120850386404,0.6241099840039948,14,6786.135430166563,optimal,optimal,-156.5947623265591,8.754204505147072,507.8265990483138,0.612734340928349,14,10088.190471772705,optimal,optimal,-100.43242673321868,0.0,163.45736125514657,0.5,1270.2792496706036,1200.0,10786.196398677224,-2403.2951685375147,1170.7968352274431,5663.74418626371,49254.28174775935,24,40236.985883929934,0,1.0000121619668789e-07,optimal,optimal,optimal,44704.3329583464,-2039.1638506620816,-163.15203127599045,-104.38182562669758
2025-10-16,Q4-3 SEARCH,0.8,2.0,1270.2792496706036,14,1270.2792496706036,optimal,optimal,44630.415710910296,0.0,0.0,14,9511.585113998737,optimal,optimal,-137.37369157063165,732.0308617963001,3203.3936880414085,0.6240783348975945,14,6999.950193498786,optimal,optimal,-31.722654284828238,65.01235545762165,424.6161899357968,0.6058262606377399,14,9893.077392756864,optimal,optimal,372.46501430801635,261.2419316129051,0.0,0.5,1257.2426492377906,1200.0,10745.832905705078,203.36866845255645,485.72565364826477,2152.1889487481817,46985.97332811104,10,40713.43047783706,0,1.0000803740695119e-07,optimal,optimal,optimal,43075.99630111811,6.143022619980116,-16.74565066449653,391.6774326113729
2025-10-17,Q4-3 SEARCH,0.8,2.0,1257.2426492377906,14,1257.2426492377906,optimal,optimal,12235.856854344169,0.0,0.0,14,4910.808728568359,optimal,optimal,718.0471420868088,713.2839725998205,0.0,0.595429986245888,14,10439.194436314569,optimal,optimal,267.73279128992084,266.6953099223107,0.0,0.5953783339604475,14,9721.39773148148,optimal,optimal,227.18379318101404,142.31898360510718,3.3552004129003093e-07,0.5,1220.5522500230793,1200.0000000679995,10623.040412260107,1212.9637265577435,201.2803089644645,366.1209279937633,13814.941508895676,6,29559.95943788843,0,1.00000761449337e-07,optimal,optimal,optimal,11847.216772450769,669.7746414314818,261.008126985934,235.51577663361618
2025-10-18,Q4-3 SEARCH,0.8,2.0,1220.5522500230793,14,1220.5522500230793,optimal,optimal,14560.253621437514,0.0,0.0,14,5066.184464986345,optimal,optimal,-311.02773111037067,147.05734023137722,1505.5745678098324,0.6162718245639713,14,10232.496438878923,optimal,optimal,-159.09111989342838,0.0,554.5178853331674,0.5800187525540095,14,9878.456055555554,optimal,optimal,248.83670643202774,170.18680316666706,16.416885750002095,0.5,1249.5591027073538,1220.5522500230793,10567.641441654325,-221.28214457177128,94.97769439952994,376.9617406853429,14715.933217551086,2,30790.184915143116,0,1.0000258043874055e-07,optimal,optimal,optimal,14400.439173994047,-273.22892675590515,-151.13977066477932,251.98385741866255
2025-10-19,Q4-3 SEARCH,0.8,2.0,1249.5591027073538,14,1249.5591027073538,optimal,optimal,50695.67513350345,0.0,0.0,14,9658.38190749998,optimal,optimal,-1550.269668551309,17.173707487515003,3885.1800259344454,0.5959382686137891,14,6771.395510756708,optimal,optimal,-953.4011296033773,14.895554651926204,2677.4777059569037,0.641273597980538,14,10594.597080520853,optimal,optimal,308.3038985485557,173.25636486456602,76.04210729560495,0.5,1305.0418646335424,1200.0,10620.64383139672,-2195.3668996061306,96.35098217869033,415.0000461381555,48915.308280035475,3,41616.80879501265,0,1.0000516681429872e-07,optimal,optimal,optimal,48710.54927097888,-1433.9593068185213,-865.2753375290347,320.4754115106327
2025-10-20,Q4-3 SEARCH,0.8,2.0,1305.0418646335424,14,1305.0418646335424,optimal,optimal,54009.3118195648,0.0,0.0,14,8874.485385339513,optimal,optimal,-1697.0286853813063,109.6301376875067,4307.396492356828,0.6081069385819874,14,7100.515252274456,optimal,optimal,-1341.0841259765907,0.0,3872.781758373434,0.6499756723256045,14,10126.879562861457,optimal,optimal,238.27602859486913,141.25775931617886,53.93653623091294,0.5,1200.0000000521525,1200.0000000521525,10684.21579017627,-2799.8367827630277,3.115274268261932,6.637091819317412,51216.11212862109,1,39531.874509183755,0,1.0000030670198612e-07,optimal,optimal,optimal,52731.85798445677,-1576.5641992154128,-1321.600157925976,258.8522393178566
2025-10-21,Q4-3 SEARCH,0.8,2.0,1200.0000000521525,14,1200.0000000521525,optimal,optimal,53099.18379782125,0.0,0.0,14,9492.371346697531,optimal,optimal,-1479.2897119073818,5.630510679080544,3348.543455216082,0.6039133043197872,14,6853.5963645215525,optimal,optimal,-1142.867869129283,3.883942305115511,2910.5282853801355,0.6976568241940679,14,10664.947923678556,optimal,optimal,201.03137688269257,114.5254210226343,62.09551048033401,0.5,1461.24479563978,1200.0000000521525,10794.481145900776,-2421.126204153972,3.089753130300041e-07,6.000001548719658e-07,50678.05759426727,0,39950.313787832856,0,1.0000053407566156e-07,optimal,optimal,optimal,51164.657802406684,-1371.2896013617071,-1107.0240220181154,207.93450780220442
2025-10-22,Q4-3 SEARCH,0.8,2.0,1461.24479563978,14,1461.24479563978,optimal,optimal,50678.249464328735,0.0,0.0,14,9842.841366018518,optimal,optimal,-1970.3541558313404,3.2979358424519205,4749.988186086763,0.6333220614856504,14,6999.8273951144365,optimal,optimal,38.63173481467683,413.1344938175795,1825.7276215082234,0.7184096883531815,14,9965.059467865733,optimal,optimal,260.14159277377536,144.36958250000157,64.3070322944665,0.5,1200.0000000516316,1200.0000000516316,10782.6938475,-1671.5808282428884,461.9380627635004,2280.0048887081957,51286.67352479404,19,40334.39160258804,0,1.0000270833643299e-07,optimal,optimal,optimal,49346.445142493016,-1832.5946866918318,35.081531989853175,265.8426211263569
2025-10-23,Q4-3 SEARCH,0.8,2.0,1200.0000000516316,14,1200.0000000516316,optimal,optimal,57678.37703504516,0.0,0.0,14,9562.119704382712,optimal,optimal,-4541.414063672928,55.04973875127189,12451.866820064068,0.6232857971048535,14,7478.547114445706,optimal,optimal,-900.2262540346671,13.540602439952067,2984.4556102919937,0.7293140175437892,14,9803.22470194444,optimal,optimal,313.47021592803185,165.71215391666817,35.11549890009533,0.5,1200.0000000598177,1200.0000000516316,10491.240620283923,-5128.170101779564,264.1320573343942,1442.938216820777,53993.14515008637,8,38731.84088228253,0,1.0000030670198612e-07,optimal,optimal,optimal,56833.67393278614,-4266.661843429503,-834.0336722385919,309.7465021552627
2025-10-24,Q4-3 SEARCH,0.8,2.0,1200.0000000598177,14,1200.0000000598177,optimal,optimal,14247.708698609604,0.0,0.0,14,5817.939144309265,optimal,optimal,-62.60319219431616,42.36102731131511,330.2582750165003,0.6597195528603261,14,10173.36031838334,optimal,optimal,-65.73132044209636,0.178525346409117,194.9331030691793,0.7400301973414284,14,9891.64056280126,optimal,optimal,83.05359581409016,66.2536573955328,32.640784685325336,0.5,1328.7079776506566,1200.0,10733.090062533416,-45.280916822322354,55.80479345813588,225.61198571153034,14428.03976749881,7,30654.221308125892,0,1.0079452295030933e-07,optimal,optimal,optimal,13912.028680304962,-58.8792019583787,-63.58791009404453,93.41983863827424
2025-10-25,Q4-3 SEARCH,0.8,2.0,1328.7079776506566,14,1328.7079776506566,optimal,optimal,14684.397114886448,0.0,0.0,14,5668.027758644589,optimal,optimal,-348.8356877787365,15.71388921514914,2473.1088085112115,0.6527394262979661,14,10069.584299042463,optimal,optimal,-44.495437881136425,24.380644382196408,244.39893376541454,0.7205918945388222,14,9750.496824074073,optimal,optimal,309.03769314262763,224.20120833333402,10.943314337467463,0.5,1200.0000000999999,1200.0000000999999,10452.183703844888,-84.29343251724526,236.01609015645658,874.4627980147585,15474.56648038396,8,32014.52885838739,0,1.000043994281441e-07,optimal,optimal,optimal,14225.03529889364,-352.31026738254775,-42.35376961616461,333.7987689282692
2025-10-26,Q4-3 SEARCH,0.8,2.0,1200.0000000999999,14,1200.0000000999999,optimal,optimal,54490.18146751556,0.0,0.0,14,9536.08180256267,optimal,optimal,-3324.5789766657554,81.68807678995415,9147.243866591336,0.6914850993062307,14,7099.55352498454,optimal,optimal,-556.5389629713517,0.0,1702.6831415548531,0.6585080158449913,14,10499.783927832805,optimal,optimal,439.08451421910706,242.3456069129029,52.480048620428136,0.5,1200.6069820907408,1200.0,10499.783927832805,-3442.033425418,302.5593083250583,1493.8709466059327,52542.018988703494,10,38131.9052410092,0,1.00000761449337e-07,optimal,optimal,optimal,53444.484410865785,-3333.8408064339606,-562.9673374606873,452.44917805134827
2025-10-27,Q4-3 SEARCH,0.8,2.0,1200.6069820907408,14,1200.6069820907408,optimal,optimal,49464.380397145826,0.0,0.0,14,9656.366388518512,optimal,optimal,-153.42595258880976,68.29107124221548,563.9429872736393,0.6855013025672245,14,6689.107666329988,optimal,optimal,-794.7538179559253,4.915562634457615,2092.3174655192634,0.6656010325838919,14,9828.659304368806,optimal,optimal,236.02832318706382,132.24126073474088,48.48635929831704,0.5,1200.000000052386,1200.000000052386,10667.671906526422,-712.1514473576713,63.34279864518043,194.00829964557943,48946.23724943374,4,39914.45754154949,0,1.00000761449337e-07,optimal,optimal,optimal,48717.52501975815,-138.18947857590757,-723.3153992857995,234.15359919409383
2025-10-28,Q4-3 SEARCH,0.8,2.0,1200.000000052386,14,1200.000000052386,optimal,optimal,49837.91710649413,0.0,0.0,14,9760.621603979786,optimal,optimal,-449.6257303266796,120.56167903502603,1604.2443534007193,0.6581267460430973,14,6524.74253843552,optimal,optimal,-336.1349227240577,9.888352119421029,849.6902332093073,0.6537784065972004,14,9796.145721759258,optimal,optimal,296.58704372010334,168.26662158333335,65.48683586676214,0.5,1200.0000000496252,1200.0000000496252,10657.630863239045,-489.173609330634,248.40367395148616,1309.773586090655,50658.517083254155,9,38431.96126177843,0,1.00000761449337e-07,optimal,optimal,optimal,49134.414633707274,-457.70437061280245,-307.3230147607836,298.160433760385
2025-10-29,Q4-3 SEARCH,0.8,2.0,1200.0000000496252,14,1200.0000000496252,optimal,optimal,56301.2965242409,0.0,0.0,14,8636.874891666666,optimal,optimal,-433.9887838340376,765.5041915548799,3723.9647476957075,0.6626436549441066,14,7078.394646777307,optimal,optimal,-1151.1844814704782,3.5724842798948657,3037.7491612733484,0.6250178719797282,14,10538.299696623844,optimal,optimal,371.41196270126164,202.71391540921684,58.41261282539699,0.5,1223.910520945222,1200.0000000496252,10596.124169666036,-1213.761302603254,65.27838543262675,388.8832200187984,55476.41844165644,3,38690.5700889515,0,1.0001531336456537e-07,optimal,optimal,optimal,54645.00928829123,-357.6434184207252,-1086.4371735061218,375.52382001015144
2025-10-30,Q4-3 SEARCH,0.8,2.0,1223.910520945222,14,1223.910520945222,optimal,optimal,49689.96234622813,0.0,0.0,14,9918.751601851847,optimal,optimal,-946.0055067413073,169.1536731900826,2923.6021391988365,0.6859141030998875,14,7313.730984693234,optimal,optimal,-477.6216230293122,1.0057808256818817,1604.9386823524444,0.6005136020708411,14,9636.71091392411,optimal,optimal,563.0866728111821,302.540931493863,53.3637423588855,0.5,1217.930409652063,1217.930409652063,10799.999999999996,-860.5404569594373,275.57463858094223,1337.9822845100252,50167.40417377872,10,39613.15084482992,0,1.00000761449337e-07,optimal,optimal,optimal,48238.94477168884,-969.9132165261408,-486.03054869776753,556.6497599511197
2025-10-31,Q4-3 SEARCH,0.8,2.0,1217.930409652063,14,1217.930409652063,optimal,optimal,16037.115618642192,0.0,0.0,14,6108.82102546099,optimal,optimal,-704.3998938027049,0.0,3148.1556988947955,0.6507488524084334,14,9193.22872360914,optimal,optimal,-154.43591022752864,1.8579410030791905,507.2327651920433,0.6198523595818243,14,9982.457333044676,optimal,optimal,141.1856575306517,117.51586944370348,35.626488017490225,0.5,1244.9829775793041,1217.930409652063,10752.928338802409,-717.6501464995819,3.209710957492408e-07,5.000001694068685e-07,15319.46547264261,0,31131.439107315586,0,1.0000258043874055e-07,optimal,optimal,optimal,15792.913746597824,-604.1677533266073,-153.894367017764,153.64984612864197
2025-11-01,Q4-3 SEARCH,0.8,2.0,1244.9829775793041,14,1244.9829775793041,optimal,optimal,14336.441853508975,0.0,0.0,14,5699.661326481486,optimal,optimal,-64.82458539120184,87.4821387212398,518.2706020803057,0.6410246185903478,14,9759.845192850613,optimal,optimal,-66.72420643558823,0.0,217.88928022358758,0.6317449824394097,14,9691.592333333336,optimal,optimal,322.5394149269262,230.58161349082764,10.978613051096927,0.5,1200.0000000506777,1200.0000000506777,10384.383337320756,190.99062310013613,143.3285827228862,564.236171834748,15091.66864844386,6,32552.412446351773,0,1.0000030670198612e-07,optimal,optimal,optimal,14302.823925347113,-60.06128535341381,-64.00194903819721,324.60057079250436
2025-11-02,Q4-3 SEARCH,0.8,2.0,1200.0000000506777,14,1200.0000000506777,optimal,optimal,50621.614394875905,0.0,0.0,14,9751.575290302926,optimal,optimal,1701.489193408572,2162.8608026113966,130.2706022791599,0.5994814303277578,14,6546.298689658489,optimal,optimal,-793.5735280990095,0.0,1831.554657487136,0.6503119814650782,14,10638.619317549344,optimal,optimal,65.75781100652884,65.46532893599093,0.0,0.5,1200.0000000999999,1200.0,10703.426352880175,973.6734763160913,4.50601246632093,14.106368361299817,51609.3942395533,2,42967.07035295537,0,1.0000053407566156e-07,optimal,optimal,optimal,49679.11809636765,1680.0653336175014,-805.9135983461247,68.50047169983658
2025-11-03,Q4-3 SEARCH,0.8,2.0,1200.0000000999999,14,1200.0000000999999,optimal,optimal,54186.59976115044,0.0,0.0,14,10492.084211574074,optimal,optimal,-867.803983104603,88.0798104563928,2429.296742101688,0.5896482199902451,14,7083.519886295755,optimal,optimal,-685.8299478009719,2.4517895877499996,1681.5614481108876,0.6739523527996194,14,10244.997619599744,optimal,optimal,269.4088315034904,152.54804215099136,26.431921506387713,0.5,1200.0000000000002,1200.0,10707.841907756409,-1284.2250994020847,58.394000061990965,112.61282911404726,53014.987490862404,1,38047.87036737448,0,1.0002486305893399e-07,optimal,optimal,optimal,52226.79789431389,-792.0221634721538,-693.133404586436,265.6009468876319
2025-11-04,Q4-3 SEARCH,0.8,2.0,1200.0000000000002,14,1200.0000000000002,optimal,optimal,49239.59813562414,0.0,0.0,14,10024.607962685177,optimal,optimal,796.9440299729749,1063.1996752831315,308.7500809601879,0.6281012898687836,14,7208.95992042069,optimal,optimal,-595.8506047781511,0.0,1539.4151500094215,0.673179015848715,14,9626.29817767289,optimal,optimal,554.9860467875321,299.5610860900422,9.751030520998484,0.5,1246.4033535501646,1200.0000000000002,10735.512338117273,756.0794719823559,245.64256732700036,1415.5246855994721,51411.20229320596,11,37537.89505303287,0,1.00000761449337e-07,optimal,optimal,optimal,48703.52516543898,745.5090843451757,-586.4828827887916,549.3745065436262
2025-11-05,Q4-3 SEARCH,0.8,2.0,1246.4033535501646,14,1246.4033535501646,optimal,optimal,56424.9103707648,0.0,0.0,14,9908.360856111105,optimal,optimal,-2071.706059651742,15.904592195305383,5117.175296572046,0.5920785111541341,14,5510.669212938912,optimal,optimal,-338.1118981827395,1.4042873372889062,852.393689622203,0.6676410491382238,14,10072.46942510906,optimal,optimal,696.7596880518536,418.32025556369706,0.0,0.5,1200.0000000999999,1200.0000000999999,10572.670475648143,-1713.058269782628,145.40186870349726,562.3094245779198,55274.1615255601,8,38840.17875241808,0,1.0001531336456537e-07,optimal,optimal,optimal,55069.96879362238,-2001.7291671573325,-319.56852111058913,720.831578891944
2025-11-06,Q4-3 SEARCH,0.8,2.0,1200.0000000999999,14,1200.0000000999999,optimal,optimal,52290.147112070146,0.0,0.0,14,9659.01922037037,optimal,optimal,529.8508311330703,742.7468393211608,228.89731410258776,0.6056448768441841,14,6303.1737845827,optimal,optimal,74.06478019100561,148.3143462962393,270.6510595245061,0.6730696154480342,14,9841.215715026321,optimal,optimal,-10.514069204897577,0.0,25.11546806083107,0.5,1200.0,1200.0,10687.866446507805,593.4015421191783,440.38096906468155,2030.1306831628438,54913.67933735217,9,41730.42132912272,0,1.0000007932831068e-07,optimal,optimal,optimal,50574.8121955322,495.7585853032352,76.34910547626272,-11.262407993083649
2025-11-07,Q4-3 SEARCH,0.8,2.0,1200.0,14,1200.0,optimal,optimal,14684.533939660943,0.0,0.0,14,7214.593712415803,optimal,optimal,-60.8047056888857,0.0,231.22388280974062,0.5944304297866826,14,8437.4434474158,optimal,optimal,75.95708365020722,75.19155541864473,0.0,0.644245306882481,14,10047.449839409092,optimal,optimal,200.24864045126068,165.95826134071535,12.230447353414831,0.5,1254.351635734979,1200.0,10753.043733325469,215.4010184125822,3.785996002915536e-07,1.200006928734365e-06,14899.934959273533,0,32789.20825657601,0,1.0000565453083253e-07,optimal,optimal,optimal,14618.926904357093,-58.87745428374076,80.49941082019828,205.41320351276696
2025-11-08,Q4-3 SEARCH,0.8,2.0,1254.351635734979,14,1254.351635734979,optimal,optimal,15010.514069587403,0.0,0.0,14,7007.639694444445,optimal,optimal,-125.33990651835668,0.0,454.018599218558,0.5360200940336662,14,9376.045501666667,optimal,optimal,25.65278627511883,26.038560156963847,0.0,0.6511079275741689,14,9698.655953703701,optimal,optimal,380.46599798085805,259.77230225393595,12.933852908337258,0.5,1200.0000000489151,1200.0000000489151,10380.13724751278,280.7788777376202,27.8482831157873,112.85477518166229,15404.147722506686,3,32672.742695718796,0,1.00000761449337e-07,optimal,optimal,optimal,14742.988603065281,-118.61576283047984,26.109369650264092,374.92783824210994
2025-11-09,Q4-3 SEARCH,0.8,2.0,1200.0000000489151,14,1200.0000000489151,optimal,optimal,54182.42801547506,0.0,0.0,14,9730.219633113034,optimal,optimal,-680.9526075993953,1.618712479500232,1608.2447320159097,0.5716560774920459,14,6909.949362764327,optimal,optimal,-304.67204765295907,22.39733094456733,828.465110819777,0.6369604007475251,14,9543.857627342883,optimal,optimal,543.215505901951,334.536774385909,36.39505224999863,0.5,1255.0081126646967,1200.0000000489151,10653.829012742664,-442.40914935040337,440.476567025784,2308.155898719538,56048.174764844196,10,37891.91653148148,0,1.00000761449337e-07,optimal,optimal,optimal,52956.474401993975,-637.3869551174873,-292.189827989322,558.3027886195439
2025-11-10,Q4-3 SEARCH,0.8,2.0,1255.0081126646967,14,1255.0081126646967,optimal,optimal,55815.070409987784,0.0,0.0,14,9787.541252489813,optimal,optimal,1067.6073754962893,1218.5305005345813,300.18713469316845,0.5784313471023356,14,5712.979378323239,optimal,optimal,-724.725246222659,0.0,1669.8824273197629,0.603119091167064,14,9581.183950003708,optimal,optimal,423.9394929865088,252.3368366633307,122.9247666520854,0.5,1255.5890913624887,1200.0,10711.687696934257,766.8216222601391,67.79060985122672,234.7461795342839,56816.63821178221,3,40118.145244211824,0,1.0001531336456537e-07,optimal,optimal,optimal,53548.8961908445,909.8491332073816,-729.622383009352,451.57145595941546
2025-11-11,Q4-3 SEARCH,0.8,2.0,1255.5890913624887,14,1255.5890913624887,optimal,optimal,56634.361723022805,0.0,0.0,14,10730.785496351698,optimal,optimal,-1045.6943407314163,-2.2737367544323206e-13,2316.69320048551,0.56544249425727,14,7464.529999431366,optimal,optimal,-768.7082920231893,0.0,2008.1492511663441,0.6095260124372635,14,10445.985875386268,optimal,optimal,358.0403177586463,229.3496013513597,40.834597192369415,0.5,1201.3953449900064,1201.3953449900064,10730.785496351698,-1456.3623149959594,18.127417531150236,39.73529948621105,55217.73470751305,1,37237.15632280968,0,1.0000803740695119e-07,optimal,optimal,optimal,55369.87931612304,-1013.0072498765011,-797.9597146640308,369.73725961130145
2025-11-12,Q4-3 SEARCH,0.8,2.0,1201.3953449900064,14,1201.3953449900064,optimal,optimal,53567.97693779672,0.0,0.0,14,10621.419145074313,optimal,optimal,1540.648296314951,1768.541564552319,178.97396275042775,0.5890809995151818,14,7175.609230526455,optimal,optimal,-892.2749174488956,0.0,2408.135329685914,0.6583960570675689,14,9648.988815307639,optimal,optimal,346.8208997874459,204.89863686787896,137.66916835304693,0.5,1216.4990594752398,1201.3953449900064,10621.419145074313,995.1942786535013,9.519166859745624,48.980872683334994,54612.15208913355,1,40240.10898369545,0,1.0000803740695119e-07,optimal,optimal,optimal,52893.22094475434,1570.3852648266904,-901.2416364676982,337.44157543235565
2025-11-13,Q4-3 SEARCH,0.8,2.0,1216.4990594752398,14,1216.4990594752398,optimal,optimal,52559.66709272517,0.0,0.0,14,9804.88689290123,optimal,optimal,330.4184383869442,406.85823991647993,87.00288853213851,0.5225003258566686,14,7828.365863360992,optimal,optimal,99.96280168158611,186.71138414252948,450.8047958299183,0.6788667019721996,14,9548.484273364196,optimal,optimal,542.1914965670067,318.28867233333114,131.45627999366297,0.5,1200.0000000999999,1200.0000000999999,10381.760677499997,972.572736635537,1247.4433211791509,5586.827171496518,59119.06700085722,15,37960.718778881754,0,1.00000761449337e-07,optimal,optimal,optimal,51377.700564955085,306.4986759551459,103.30261596358395,547.8156736595475
2025-11-14,Q4-3 SEARCH,0.8,2.0,1200.0000000999999,14,1200.0000000999999,optimal,optimal,15457.228647108815,0.0,0.0,14,6897.736915314095,optimal,optimal,-213.12077698585233,0.0,684.6904684889444,0.5631412446455989,14,8124.70883864743,optimal,optimal,30.935451121037048,70.0896584213128,69.63617410565348,0.713943163078806,14,9861.583225887383,optimal,optimal,472.90100730682025,349.6341628526364,0.0,0.5,1200.0000000999999,1200.0000000999999,10370.929097221206,290.71568144200495,204.2733936537963,690.8955009082337,16438.839829459055,8,32618.097958613544,0,1.000043994281441e-07,optimal,optimal,optimal,15209.820361595484,-198.19233592583333,31.685384698953534,480.176329065499
2025-11-15,Q4-3 SEARCH,0.8,2.0,1200.0000000999999,14,1200.0000000999999,optimal,optimal,16630.55998988997,0.0,0.0,14,8008.540905925926,optimal,optimal,-323.73998485251195,0.0,1585.049945429576,0.5644223062205483,14,8626.861622407407,optimal,optimal,-160.02304612232723,0.0,523.7118817297675,0.7219302716104341,14,9791.910790007514,optimal,optimal,300.6972951425235,275.7949436634215,0.0,0.5,1200.0000000999999,1200.0000000999999,10500.225358320271,-183.06573583231568,19.633313923142776,36.31346843648524,16483.80772249414,3,34883.25269228674,0,1.0000258043874055e-07,optimal,optimal,optimal,15965.08862345308,-309.7056973532281,-156.99458572073385,317.6013942528345
2025-11-16,Q4-3 SEARCH,0.8,2.0,1200.0000000999999,14,1200.0000000999999,optimal,optimal,54803.94117088872,0.0,0.0,14,10643.705674999996,optimal,optimal,2598.9975147225446,2623.552834991224,235.5813170801698,0.5754778662058917,14,6981.598619315731,optimal,optimal,-285.4433656492823,0.851153119812011,628.2341352536944,0.7299085137389502,14,10370.897281950549,optimal,optimal,321.84949930820505,245.5835178991809,1.1368683772161603e-13,0.5,1200.0000000534446,1200.0000000534446,10696.763286111107,2635.403648381467,91.98904875125277,188.99981116903714,57628.34463043923,5,38769.70353381957,0,1.0003464012697805e-07,optimal,optimal,optimal,53686.748460594274,2346.6305915538464,-287.74683638368833,324.21130219280093
2025-11-17,Q4-3 SEARCH,0.8,2.0,1200.0000000534446,14,1200.0000000534446,optimal,optimal,52488.90300245933,0.0,0.0,14,9956.244945370374,optimal,optimal,4458.940988878381,4680.100571056205,44.36777771894424,0.5762013447116232,14,6806.750925699568,optimal,optimal,-205.13623902799552,1.6622477116673053,527.5144418529331,0.7187183987348076,14,9927.4828261517,optimal,optimal,14.897933780268755,78.9178042687767,59.168233231292106,0.5,1200.0000000999999,1200.0000000534446,10799.999999999996,4268.702683630654,4.941940652138075e-08,1.0000016677098233e-07,56757.605686189985,0,41035.430039859326,0,1.00000761449337e-07,optimal,optimal,optimal,51960.850330319445,4559.161838340166,-215.94884218671427,11.11986480267584
2025-11-18,Q4-3 SEARCH,0.8,2.0,1200.0000000999999,14,1200.0000000999999,optimal,optimal,56127.280217899315,0.0,0.0,14,9726.477068340215,optimal,optimal,-298.6903555745718,6.439166666666779,712.1160451121002,0.5795089002903506,14,4730.701073107974,optimal,optimal,1116.6076230244512,1112.9674026677485,8.392922515163946,0.6973608707522304,14,9784.35331732683,optimal,optimal,198.5135783055553,154.4862004741843,0.0,0.5,1233.103118194132,1200.0000000999999,10669.405628541752,1016.4308457554346,41.420185007424834,90.21316344885591,57233.924227103606,1,40414.24991518691,0,1.0000300267165584e-07,optimal,optimal,optimal,54405.89468500197,-270.4432721609562,986.3696983300969,200.38131742587137
2025-11-19,Q4-3 SEARCH,0.8,2.0,1233.103118194132,14,1233.103118194132,optimal,optimal,55957.99588666001,0.0,0.0,14,10340.34336449915,optimal,optimal,3813.4029015022243,3734.2394832136324,92.78521517509944,0.5547178464017956,14,6996.157775654325,optimal,optimal,-391.75328426961806,54.03681149732972,1041.7652800822036,0.6938958369563653,14,9758.05982273631,optimal,optimal,169.9832948280762,139.59982240110259,0.0,0.5,1200.0000000505624,1200.0000000505624,10663.789770641784,3591.6329120606824,38.26542587743992,84.08827341821916,59633.717072138905,1,40247.04564707942,0,1.0000007932831068e-07,optimal,optimal,optimal,54073.323357214664,3719.276683034782,-382.94806613501066,173.1787584831865
2025-11-20,Q4-3 SEARCH,0.8,2.0,1200.0000000505624,14,1200.0000000505624,optimal,optimal,54954.56807739285,0.0,0.0,14,10576.289604722218,optimal,optimal,908.4783849614942,1077.9434131294238,96.08236705271335,0.5666547547120749,14,6903.830040275761,optimal,optimal,354.2190851534317,344.4492129166397,47.31992824719782,0.689654782987584,14,9759.927090975252,optimal,optimal,244.70353585163647,193.44245424472075,22.576525518444654,0.5,1204.6925927183006,1200.0000000505624,10669.928848537485,1507.4010059665623,44.406756252937846,81.21995725132983,56543.189040610734,1,40090.94328203003,0,1.000444171950221e-07,optimal,optimal,optimal,54633.31550923864,892.8506815256025,336.09103222918134,248.2391386760347
2025-11-21,Q4-3 SEARCH,0.8,2.0,1204.6925927183006,14,1204.6925927183006,optimal,optimal,15972.973473588168,0.0,0.0,14,7104.0239021605,optimal,optimal,86.88986579321168,131.64884610122814,154.72496316692218,0.5454508869813367,14,7792.880265421126,optimal,optimal,-23.820008092787244,0.0,82.87998263590421,0.6931012819685736,14,9909.856713288313,optimal,optimal,387.37316227756617,323.805286529141,0.0,0.5,1200.0000000999999,1200.0000000999999,10486.891730304364,450.4430199779906,11.216091527475783,18.938370521272986,16442.35486408743,1,34671.3927182242,0,1.00000761449337e-07,optimal,optimal,optimal,15379.918322246653,87.45883613418044,-23.742214658494795,398.65575981337236
2025-11-22,Q4-3 SEARCH,0.8,2.0,1200.0000000999999,14,1200.0000000999999,optimal,optimal,17204.276156408574,0.0,0.0,14,8132.310400237341,optimal,optimal,-402.20009405708396,12.615819655339635,2041.0745089359177,0.5756722183957265,14,8296.10165375586,optimal,optimal,-71.58874385084704,11.751063359211287,343.18235142091953,0.6672304762239792,14,9737.338342592595,optimal,optimal,540.4710933277977,414.1825609862742,0.0,0.5,1200.0000000999999,1200.0000000999999,10357.123100516794,66.68225541986669,223.14974519121103,788.4758660093692,18059.43427783781,10,35908.02329900486,0,1.0000059624815094e-07,optimal,optimal,optimal,16868.186025303883,-359.50666458350213,-71.19971839161992,569.0074032686754
2025-11-23,Q4-3 SEARCH,0.8,2.0,1200.0000000999999,14,1200.0000000999999,optimal,optimal,56258.688462626444,0.0,0.0,14,10561.49535449938,optimal,optimal,2353.3760430244324,2298.1896127677755,29.230628299309597,0.5628043563649002,14,6104.570046306622,optimal,optimal,-340.45621822473845,0.0,787.6431876528815,0.6811739361076712,14,9829.71172668807,optimal,optimal,104.73555775360695,101.84784464740214,0.0,0.5,1247.1617996206116,1200.0000000999999,10711.064401939408,2117.655382553301,3.006759555913317e-07,7.999996898643272e-07,58376.34384597974,0,39067.42290666426,0,1.0001531336456537e-07,optimal,optimal,optimal,55252.726893134735,2415.6931809085277,-351.02608996016426,113.6489612676916
2025-11-24,Q4-3 SEARCH,0.8,2.0,1247.1617996206116,14,1247.1617996206116,optimal,optimal,55178.9462123482,0.0,0.0,14,9956.993001133196,optimal,optimal,773.1683295486625,980.1425997319935,115.97454682810618,0.5704536516586654,14,6572.103647596921,optimal,optimal,205.67315184786443,225.88606986818453,28.005417162650108,0.6944796938643858,14,9978.583298840387,optimal,optimal,-3.878431368631168,11.972720104693689,17.56856406104123,0.5,1200.0,1200.0,10764.767825277775,974.9630500278959,218.68334809995466,526.3877433146849,56680.29700569078,6,38673.2879119437,0,1.0000660211062495e-07,optimal,optimal,optimal,54456.63945707942,791.7663546832912,204.67572551039407,-4.094130461632649
2025-11-25,Q4-3 SEARCH,0.8,2.0,1200.0,14,1200.0,optimal,optimal,64279.623414346104,0.0,0.0,14,9611.073558063481,optimal,optimal,-1186.2190781761615,6.439166666666779,2556.8653587041017,0.5763086702412551,14,7651.4596734452625,optimal,optimal,-1659.9510376699109,0.0,3656.9825759260066,0.717740743423785,14,9822.669218392244,optimal,optimal,95.316114990159,151.3647736969782,0.0,0.5,1228.2848277334278,1200.0,10800.0,-2750.8540008559135,2.4924204435473113e-07,6.999980549695106e-07,61528.76941419019,0,38382.601633717866,0,1.00000761449337e-07,optimal,optimal,optimal,63546.388306125766,-1163.2339328896487,-1672.4974546731687,106.8404624063652
2025-11-26,Q4-3 SEARCH,0.8,2.0,1228.2848277334278,14,1228.2848277334278,optimal,optimal,60365.75649327325,0.0,0.0,14,10060.663562417612,optimal,optimal,1644.183408901751,1255.7980634759058,109.57572130376786,0.6340134390522131,14,6664.812137909063,optimal,optimal,-1000.9621881996543,0.0,2186.2053512563625,0.7410057820406697,14,9930.464700210041,optimal,optimal,36.755958919667954,70.97577167078232,10.989431609817188,0.5,1200.0000000518482,1200.0000000518482,10762.549647113083,679.9771796217645,15.96369863944867,34.21020651843286,61079.94387941344,1,38158.965077672794,0,1.0008602657762822e-07,optimal,optimal,optimal,59475.88778633397,1470.2811674968173,-950.53806493721,36.971697981355746
2025-11-27,Q4-3 SEARCH,0.8,2.0,1200.0000000518482,14,1200.0000000518482,optimal,optimal,58990.75377899707,0.0,0.0,14,10591.671180555557,optimal,optimal,1489.751943552413,1664.6108880449226,63.750894967468966,0.6554728666658158,14,7606.71499939525,optimal,optimal,-769.2377825289133,0.0,1588.3856938109543,0.740533622654681,14,10589.51288059105,optimal,optimal,189.86073320783922,158.80265697418628,5.851666666666574,0.5,1231.2988339988792,1200.0000000518482,10738.411532407408,910.3748942313389,2.1610179420335253e-07,7.00000086478758e-07,59901.128673928404,0,39249.91075414368,0,1.0000803740695119e-07,optimal,optimal,optimal,57709.9231307518,1441.8853199215803,-755.2444690987913,195.02675508151037
2025-11-28,Q4-3 SEARCH,0.8,2.0,1231.2988339988792,14,1231.2988339988792,optimal,optimal,15589.694663263717,0.0,0.0,14,8087.482264657556,optimal,optimal,497.30070460490896,1107.7575276675434,70.3162066347733,0.6224258006104395,14,7247.565669751394,optimal,optimal,-163.0594192689637,13.077950937699029,787.6219023736269,0.7137057759730643,14,9688.191964951875,optimal,optimal,371.70709297291984,283.3115939848955,0.0,0.5,1200.0,1200.0,10489.95865939632,705.9483783088651,178.68979246137343,638.1770868439735,16933.820128416555,13,35090.71275856451,0,1.00000761449337e-07,optimal,optimal,optimal,15760.42876741712,487.32822920356665,-166.83231656185563,378.5917690415583
2025-11-29,Q4-3 SEARCH,0.8,2.0,1200.0,14,1200.0,optimal,optimal,20149.58922033808,0.0,0.0,14,9810.192518518517,optimal,optimal,-995.5183616571745,0.0,4401.523272222754,0.6261367661118301,14,8991.231404655238,optimal,optimal,-110.47430964428057,206.17399912662034,1483.891094048691,0.7046256168568605,14,10025.572734477975,optimal,optimal,98.06109920336792,108.52437988190144,0.0,0.5,1200.0000000509917,1200.0,10800.0,-1007.9315720980873,221.37789173320022,474.4326506046622,19616.090298844654,7,35586.884862605075,0,1.0000803740695119e-07,optimal,optimal,optimal,19497.666430098747,-795.1832738907893,-22.160159055238964,102.44759275424816
2025-11-30,Q4-3 SEARCH,0.8,2.0,1200.0000000509917,14,1200.0000000509917,optimal,optimal,60981.75266864637,0.0,0.0,14,9899.15130966404,optimal,optimal,2819.4903768318745,2297.7376033773517,277.05787211462905,0.647150766950558,14,7091.215628616846,optimal,optimal,-562.6450378205271,0.0,1320.2664798880348,0.6826902121732598,14,9912.31015830109,optimal,optimal,51.0757078640529,53.018586157689526,5.91073968230711e-06,0.5,1242.566984569477,1200.0000000509917,10800.0,2307.9210468754,1.7132327078334775e-07,7.000023068507019e-07,63289.673716221776,0,41057.89618386899,0,1.0002986527979374e-07,optimal,optimal,optimal,59773.68631238391,2567.1450903822397,-507.7092301440432,51.104904559200044
2025-12-01,Q4-3 SEARCH,0.8,2.0,1242.566984569477,14,1242.566984569477,optimal,optimal,68048.28355395232,0.0,0.0,14,9180.378132006172,optimal,optimal,41.16309240144749,143.87986949387198,273.43464748887794,0.6480937728237002,14,6346.758732371086,optimal,optimal,-773.2156508713374,0.174328079303109,1613.2746853099138,0.6837976880765383,14,10497.315662208503,optimal,optimal,461.5277515420553,234.18575426234642,0.0,0.5,1200.0000000482778,1199.9999999999998,10575.117788192898,-270.5248069278347,4428.55445581327,18437.461257183324,86215.22000420782,50,39661.05290317227,0,1.0001531336456537e-07,optimal,optimal,optimal,62492.33965015749,33.62328664671731,-757.0631281228714,450.7628970251346
2025-12-02,Q4-3 SEARCH,0.8,2.0,1200.0000000482778,14,1200.0000000482778,optimal,optimal,72768.43019720788,0.0,0.0,14,8401.98981981357,optimal,optimal,3757.8666024576264,2584.597654542894,860.9786367231131,0.6373469217235631,14,6584.681600038032,optimal,optimal,-296.709469993434,5.979219998391841,608.3172529630233,0.698151824277246,14,9807.211676933848,optimal,optimal,384.5004290606503,187.94931984287066,36.17547831316324,0.5,1222.8292499860631,1199.9999999999998,10708.424331692913,3845.6575615248425,885.5563362956702,4668.2322929682905,81282.32005170101,20,38876.79374474523,0,1.00000761449337e-07,optimal,optimal,optimal,66141.65794216012,3667.60200134215,-293.4983588058756,354.3616407717665
2025-12-03,Q4-3 SEARCH,0.8,2.0,1222.8292499860631,14,1222.8292499860631,optimal,optimal,64033.58429907402,0.0,0.0,14,9257.140071941738,optimal,optimal,7463.589145328864,5525.4767594485775,-1.1368683772161603e-13,0.6011636494476029,14,5725.444025071359,optimal,optimal,3714.412709468628,2649.4625222728164,0.0,0.6828126305031081,14,9453.22023373556,optimal,optimal,637.7269795607567,286.9986666666674,-1.1368683772161603e-13,0.5,1200.0,1200.0,10257.247765862754,11815.72883435825,914.0614046556345,3767.367726318805,79616.68085975107,19,41086.1982878532,0,1.0001070904763765e-07,optimal,optimal,optimal,59146.79970922352,7329.827610029284,3696.43925988103,595.2472149547858
2025-12-04,Q4-3 SEARCH,0.8,2.0,1200.0,14,1200.0,optimal,optimal,76194.16986945254,0.0,0.0,14,8557.24859854938,optimal,optimal,906.5504118694324,2138.7036380067616,5420.816343465936,0.6469914132980007,14,6378.589607481915,optimal,optimal,-781.4632432145283,0.0,1710.2600737956463,0.6829347665238384,14,9496.1250401998,optimal,optimal,609.6332141951581,317.3851826131694,40.39022759416741,0.5,1201.0030213547532,1200.0,10409.966668663175,734.7203828500622,847.728125813258,5223.801058320315,82152.69131062292,16,38610.27390426356,0,1.0000218253480853e-07,optimal,optimal,optimal,70380.20385235656,990.7749132564184,-821.0649457407425,632.1845611387245
2025-12-05,Q4-3 SEARCH,0.8,2.0,1201.0030213547532,14,1201.0030213547532,optimal,optimal,23066.531003120796,0.0,0.0,14,8993.828110833327,optimal,optimal,240.22153951198698,581.3888155077178,2105.573484053407,0.7050248310853137,14,8185.190061829697,optimal,optimal,-89.6592866043591,176.80489741215575,1445.092006039732,0.7083751452770298,14,9703.002435185186,optimal,optimal,578.6324973935997,347.7719602827656,2.406708851951086e-06,0.5,1200.000000063747,1200.000000063747,10340.19552467242,729.1947503012276,609.5042520625917,1883.2538687165602,25678.979622138584,20,35609.88369266269,0,1.00000761449337e-07,optimal,optimal,optimal,21154.553332919495,251.7561921684856,-59.79591112911372,568.6967657598917
2025-12-06,Q4-3 SEARCH,0.8,2.0,1200.000000063747,14,1200.000000063747,optimal,optimal,25606.218000991852,0.0,0.0,14,9298.443882314816,optimal,optimal,-796.9755859774784,105.13601081498379,3589.7679955379976,0.7033072971369774,14,7623.429120630305,optimal,optimal,-286.4271413359955,66.38746570656207,1660.5642209207197,0.7163603649450242,14,9720.15684014399,optimal,optimal,598.3158042770203,365.3810438704076,0.0,0.5,1200.0000000488508,1200.0000000488508,10359.762837366214,-485.0869230364535,594.5678185647886,2115.315021401747,27236.446099357145,15,35547.05292201963,0,1.0001531336456537e-07,optimal,optimal,optimal,22909.18517373756,-753.8003633149101,-259.4992659543812,603.061678970954
2025-12-07,Q4-3 SEARCH,0.8,2.0,1200.0000000488508,14,1200.0000000488508,optimal,optimal,78589.32711451278,0.0,0.0,14,7242.4278488607115,optimal,optimal,999.1468456538762,2537.6125029286122,6335.608400944753,0.66595392826543,14,6794.316835576435,optimal,optimal,-309.95690980260355,2.479699056828857,821.7262649004223,0.7134224198127438,14,9505.802789880358,optimal,optimal,631.4056914873454,309.3646765278935,0.0,0.5,1200.0000000568634,1200.0000000000002,10645.58509923153,1320.595627338618,614.5944407756338,2240.5323755583336,82150.45511740973,10,37958.87016695176,0,1.0000775364460424e-07,optimal,optimal,optimal,72823.9485724277,1092.226889558382,-288.2633485290942,624.2563029480181
2025-12-08,Q4-3 SEARCH,0.8,2.0,1200.0000000568634,14,1200.0000000568634,optimal,optimal,81029.28164334048,0.0,0.0,14,8283.106872746914,optimal,optimal,957.9528548014414,949.7960307390855,1347.0271477333504,0.6748298045951765,14,8035.894135389631,optimal,optimal,-1207.9594767486888,0.0,2819.784813830105,0.7129415335056082,14,10482.002019267531,optimal,optimal,477.11315073542767,253.07431791044363,-3.183231456205249e-12,0.5,1255.7163488284368,1200.0000000509801,10723.644492777916,227.1065287881803,10.98236153972394,23.936057262155117,81280.32422939081,1,37091.45576393704,0,1.0001531336456537e-07,optimal,optimal,optimal,77264.14964156577,1111.8223458185953,-1183.1579818311882,501.6856206364311
2025-12-09,Q4-3 SEARCH,0.8,2.0,1255.7163488284368,14,1255.7163488284368,optimal,optimal,79165.48138853794,0.0,0.0,14,8225.812056540211,optimal,optimal,331.2661100216138,1420.3310997989806,4089.996209304185,0.6535076837597821,14,6760.014831386575,optimal,optimal,143.14569770375113,365.6889826770358,883.0298810599937,0.7266800834160356,14,10683.943060705207,optimal,optimal,175.82143520321443,104.45124536531509,0.0,0.5,1200.0000000999999,1200.0000000999999,10771.28405690891,650.2332429285793,1.9434167743766875e-07,4e-07,79815.71463186652,0,39206.981528650984,0,1.0001531336456537e-07,optimal,optimal,optimal,77023.32303860752,267.63181686637034,136.22631092696903,185.76674416461097
2025-12-10,Q4-3 SEARCH,0.8,2.0,1200.0000000999999,14,1200.0000000999999,optimal,optimal,76281.79948258118,0.0,0.0,14,7881.891296450617,optimal,optimal,4047.2499545957307,2758.5573577966697,1178.4220655459314,0.6664523456234175,14,6899.52959251466,optimal,optimal,-474.8542993128017,0.0,1094.8029330468737,0.7000657071234228,14,10724.680237897548,optimal,optimal,-31.634724398889414,1.1368683772161603e-13,45.86737079066165,0.5,1200.0000000460946,1200.0000000460946,10800.0,3540.7609308840397,99.00536701266549,215.070775091111,80037.63118855632,5,39949.722519204915,0,1.0000030670198612e-07,optimal,optimal,optimal,73528.91625249272,4043.272866478769,-469.31237245735315,-31.34319547142953
2025-12-11,Q4-3 SEARCH,0.8,2.0,1200.0000000460946,14,1200.0000000460946,optimal,optimal,77501.11240747622,0.0,0.0,14,9446.041477500004,optimal,optimal,-1222.5152393852416,547.5317949807295,4554.692888697519,0.6359059092224846,14,8678.40897095795,optimal,optimal,-1078.279898101693,0.0,2946.5730344646336,0.7090983830792559,14,10424.614466188827,optimal,optimal,534.0109389360746,278.7069840500196,4.547473508864641e-13,0.5,1219.1975153478952,1200.0,10800.0,-1766.7841985508599,94.49945620948176,210.89492781943414,75945.2231367448,2,37835.621830585114,0,1.0000509246310685e-07,optimal,optimal,optimal,76344.52927397084,-1184.7637218022583,-1121.0984602793185,531.6862725346973
2025-12-12,Q4-3 SEARCH,0.8,2.0,1219.1975153478952,14,1219.1975153478952,optimal,optimal,26485.850727141304,0.0,0.0,14,10186.446210000002,optimal,optimal,-226.19723385209952,179.9253422696847,1697.5643677126948,0.5997985749225176,14,8126.4064871546425,optimal,optimal,-232.76994336430693,289.9180823541586,2124.0597326264838,0.6801044106827698,14,9926.129098157291,optimal,optimal,481.0787417918917,283.1083340807661,2.980367889588657e-06,0.5,1200.0000000597531,1200.0000000597531,10413.005024083219,22.11156457548526,392.59236981126367,1325.0026456872492,27832.96493740404,13,32745.82638124259,0,1.0000348993344232e-07,optimal,optimal,optimal,24557.823461835505,-164.01014130988992,-117.63244974927058,470.0432684266764
2025-12-13,Q4-3 SEARCH,0.8,2.0,1200.0000000597531,14,1200.0000000597531,optimal,optimal,27494.423421684274,0.0,0.0,14,10110.399079999997,optimal,optimal,-420.1677146200638,311.1778440985073,2522.4821131601752,0.5924307501719098,14,7470.132123229925,optimal,optimal,-275.300758993849,50.23372937484453,1284.1993676493607,0.6719426003764143,14,9832.95311068815,optimal,optimal,504.31790517272697,307.87736248069933,0.0,0.5,1200.0000000527093,1200.0000000527093,10345.83034387772,-191.15056844118584,134.53002792313072,462.98362675928433,27766.256480002372,7,34003.06255360795,0,1.00000761449337e-07,optimal,optimal,optimal,26247.765249872322,-418.63496375861433,-265.1648395852651,498.10821379841957
2025-12-14,Q4-3 SEARCH,0.8,2.0,1200.0000000527093,14,1200.0000000527093,optimal,optimal,75663.7348266035,0.0,0.0,14,7001.308540123456,optimal,optimal,5358.960720429748,3835.275886434422,924.2106705499315,0.6050975231865059,14,6357.676721904435,optimal,optimal,1504.7141216633368,1300.132048399831,593.0782357542848,0.6781637259127381,14,10487.69082480142,optimal,optimal,452.315223397867,266.55165169701246,19.026847772483507,0.5,1202.5239396077573,1200.0,10514.478249270587,7315.9900654909525,1375.3429791449557,6868.157212504802,89847.88210459925,11,37224.94957063517,0,1.000444171950221e-07,optimal,optimal,optimal,72757.01430157926,5358.8902733571,1571.3963078645606,473.21935201836027
2025-12-15,Q4-3 SEARCH,0.8,2.0,1202.5239396077573,14,1202.5239396077573,optimal,optimal,78167.05506278975,0.0,0.0,14,9646.667884039643,optimal,optimal,2030.960309224527,1499.5433621319191,435.1860564614746,0.6068051861111756,14,6996.458223797925,optimal,optimal,-122.02640393844283,84.53321114347477,605.3270805583973,0.6642991777460127,14,10555.995330131049,optimal,optimal,402.85300625578407,219.60420288205535,9.126067275558327,0.5,1214.6142382485796,1200.0,10748.962099448308,2311.786911541868,28.150421620024137,60.203934805065,80539.04590913668,4,39160.411020494575,0,1.000444171950221e-07,optimal,optimal,optimal,77408.75802682186,1956.0905301374737,-107.80110500371741,409.383310401746
2025-12-16,Q4-3 SEARCH,0.8,2.0,1214.6142382485796,14,1214.6142382485796,optimal,optimal,83259.26630914066,0.0,0.0,14,9402.341775000004,optimal,optimal,-636.9230068820312,666.5483861954161,3358.1401652645795,0.6599077346479698,14,8800.235119774406,optimal,optimal,-1110.231290317812,0.0,2802.082878903859,0.6049856786354371,14,10768.628670462964,optimal,optimal,38.61591075775954,28.234197280466717,8.606598583571921e-07,0.5,1200.0,1200.0,10800.0,-1708.5383864420837,36.15373342349946,82.41299888069314,81633.14092157927,3,39505.2563219607,0,1.0000667316489853e-07,optimal,optimal,optimal,82901.58840328985,-585.4906417295578,-1086.7540984094458,41.632639059552424
2025-12-17,Q4-3 SEARCH,0.8,2.0,1200.0,14,1200.0,optimal,optimal,83113.82054168564,0.0,0.0,14,8328.318240241546,optimal,optimal,-535.2412638663292,887.4928515053296,4172.837063731355,0.6447440358894859,14,9108.533384938271,optimal,optimal,-1039.1293573163018,41.22945424180557,2983.5996610288103,0.6016560314471937,14,10579.619156090444,optimal,optimal,372.8480841153869,198.34276955150438,0.7814301896358241,0.5,1223.0142563089516,1200.0,10790.76946861966,-1201.5225370672442,1.4727317268318402e-07,1.0999987222890164e-06,81912.29800571839,0,35746.50256433812,0,1.0000627662520856e-07,optimal,optimal,optimal,82982.31185987088,-584.2428138297109,-1091.53319124911,370.8229017307013
2025-12-18,Q4-3 SEARCH,0.8,2.0,1223.0142563089516,14,1223.0142563089516,optimal,optimal,75473.3537187326,0.0,0.0,14,7162.605498598141,optimal,optimal,5675.277349464406,4383.937202239575,95.09822937375293,0.64919780053371,14,8868.92881869744,optimal,optimal,-620.2311454709209,0.22028358333341203,1804.02185270894,0.5752075999806714,14,10478.050029189479,optimal,optimal,365.9959096889168,202.01013543983467,0.0,0.5,1225.6827606864242,1202.1314814814814,10725.008319590306,5421.0421136824025,0.6923218042148478,1.553917039462389,80895.94974945446,1,34460.9796718311,0,1.0001010559790303e-07,optimal,optimal,optimal,74777.48206221854,5662.1410858297,-675.813004637298,379.3881685971457
2025-12-19,Q4-3 SEARCH,0.8,2.0,1225.6827606864242,14,1225.6827606864242,optimal,optimal,24476.168933859655,0.0,0.0,14,10783.590740740741,optimal,optimal,789.7688303458809,1127.2772338311556,0.0,0.6377550056766438,14,8611.616159233914,optimal,optimal,-366.10103789808466,16.11572191666596,1378.351431393355,0.5658187992682979,14,9840.873990740738,optimal,optimal,486.92720930701194,288.39004167083823,0.0,0.5,1200.0000000999999,1200.0000000999999,10800.0,910.5950017548082,127.72495402256827,485.12383467130564,25871.88777028577,6,32444.298165736807,0,1.0000007932831068e-07,optimal,optimal,optimal,24101.606341381364,749.660046836386,-331.58691339323457,466.95289004442304
2025-12-20,Q4-3 SEARCH,0.8,2.0,1200.0000000999999,14,1200.0000000999999,optimal,optimal,26109.109745107224,0.0,0.0,14,10757.32826867936,optimal,optimal,-582.8076531313197,0.0,1656.7256090970288,0.6727523463040284,14,7087.7988214672705,optimal,optimal,-347.4471577030316,12.783883333333392,1248.9279406128317,0.5324825227496145,14,9897.553502876084,optimal,optimal,478.3370770031505,370.40729436111013,0.0,0.5,1200.0000000999999,1200.0000000999999,10757.32826867936,-451.91773383120085,224.33600499065722,771.0675782059202,26428.259589481942,7,34682.48161091385,0,1.0000383099395549e-07,optimal,optimal,optimal,26209.32234322298,-604.9814075071816,-345.7900059204193,447.37850354760684
2025-12-21,Q4-3 SEARCH,0.8,2.0,1200.0000000999999,14,1200.0000000999999,optimal,optimal,77099.73883298667,0.0,0.0,14,8782.708998181817,optimal,optimal,1230.9681246530276,1186.1609016892069,1288.1008825466793,0.6735423800968104,14,7917.176784785945,optimal,optimal,-481.8681899201803,0.0,1118.2043726557265,0.5161612824884895,14,10507.867639901957,optimal,optimal,382.12791956777835,206.3699415766673,0.0,0.5,1252.6270598969247,1200.0000000999999,10800.0,1131.2278543006255,7.550910083700906e-08,2.999983251153026e-07,78230.9666875873,0,40117.33288169901,0,1.0001531336456537e-07,optimal,optimal,optimal,77161.47257670746,1256.5971257389313,-489.27317450216,401.55279996215097
2025-12-22,Q4-3 SEARCH,0.8,2.0,1252.6270598969247,14,1252.6270598969247,optimal,optimal,75785.88638552991,0.0,0.0,14,8141.341975648147,optimal,optimal,2596.6176963213984,2177.988705915824,1311.7641255893532,0.6370181998310713,14,8239.643359826423,optimal,optimal,-525.0073580106825,64.41475010271449,1694.7489716001292,0.5162576220476149,14,10741.52643177839,optimal,optimal,-17.789509472626538,95.74696666666648,122.59161485835162,0.5,1200.0000000504022,1200.0,10797.149427592522,2053.8208288380893,297.35071723024896,1064.3829967642796,78904.09021113228,15,41982.40238846252,0,1.000444171950221e-07,optimal,optimal,optimal,75153.50440452225,2604.0170748534133,-525.9552782636898,-21.494699523010087
2025-12-23,Q4-3 SEARCH,0.8,2.0,1200.0000000504022,14,1200.0000000504022,optimal,optimal,77358.89382285543,0.0,0.0,14,10614.707497500003,optimal,optimal,-1719.4368822604488,0.0,3585.85106100821,0.5966270834504038,14,8714.357244158644,optimal,optimal,-957.0023372709777,0.0,2526.4505041759303,0.5658864161025032,14,10592.194911143497,optimal,optimal,226.72505053550242,139.17965497085427,1.7053025658242404e-12,0.5,1200.0000000486689,1200.0000000486689,10776.519725723872,-2449.7141689959244,49.465096767917615,104.68996482927392,75013.86961868878,3,41105.34902994197,0,1.0000625661632512e-07,optimal,optimal,optimal,76905.24319562752,-1753.8125976302695,-955.3235538678863,225.4757914759204
2025-12-24,Q4-3 SEARCH,0.8,2.0,1200.0000000486689,14,1200.0000000486689,optimal,optimal,76157.93179544482,0.0,0.0,14,10353.985022500001,optimal,optimal,-802.889582808107,0.0,1678.8285766059614,0.5970461351492158,14,8911.826157560934,optimal,optimal,-1246.7661829073231,0.0,3104.987718260171,0.5788801508142505,14,10586.244015675893,optimal,optimal,235.1624152954777,144.53546089169737,3.410605131648481e-13,0.5,1218.468029597946,1200.0,10800.0,-1814.493350419952,78.67312487784724,418.92058150469694,74762.35902652956,3,39860.20361369985,0,1.0003554962167982e-07,optimal,optimal,optimal,76548.07953436178,-803.6885170527393,-1263.0901340464923,228.0703932682765
2025-12-25,Q4-3 SEARCH,0.8,2.0,1218.468029597946,14,1218.468029597946,optimal,optimal,72559.4866980967,0.0,0.0,14,8403.035122870368,optimal,optimal,2646.662595811091,2160.6337313340086,1450.3921269387733,0.5742701733120054,14,7464.24816450117,optimal,optimal,305.52652810508573,340.25399235150235,436.0921809219075,0.5564793848446332,14,10552.290602870915,optimal,optimal,223.5878171191835,131.39009629148688,69.54912111657359,0.5,1211.4683067995309,1200.0,10711.911578714955,3175.77694103536,290.86315870089163,719.8917617352851,76455.15540086736,11,41034.36797201987,0,1.0002986527979374e-07,optimal,optimal,optimal,71402.19457418742,2465.2349528964687,310.70375746289136,225.4094613936751
2025-12-26,Q4-3 SEARCH,0.8,2.0,1211.4683067995309,14,1211.4683067995309,optimal,optimal,24204.839158237774,0.0,0.0,14,10219.283333333333,optimal,optimal,-266.9470615168291,160.54292600623933,2030.3376029567348,0.5819003276456636,14,7855.078584707533,optimal,optimal,-433.4285756768725,0.0,1760.8936333000818,0.6129184612127577,14,9930.552140284053,optimal,optimal,313.34296129776317,217.90518681019614,10.779656886076411,0.5,1200.0000000999999,1200.0000000999999,10800.0,-387.0326758959384,327.3412563102845,983.3202075311482,24801.126689872985,5,36599.38391816918,0,1.0000803740695119e-07,optimal,optimal,optimal,23822.805533597562,-352.8309887557633,-439.67737782547437,322.5286645699454
2025-12-27,Q4-3 SEARCH,0.8,2.0,1200.0000000999999,14,1200.0000000999999,optimal,optimal,24536.504819839764,0.0,0.0,14,10107.411753981482,optimal,optimal,-532.4894176131866,78.3120438471135,2208.7326488165772,0.5667241990353776,14,7866.054479532579,optimal,optimal,-389.0003200029599,15.393056296961076,1556.6899767615712,0.6464055111115669,14,9781.036666666667,optimal,optimal,451.62135849955996,306.2227750000005,57.40140614227961,0.5,1200.0000000999999,1200.0000000999999,10678.737679907406,-469.8683791165864,144.33847094582512,454.2822778795061,24520.918718602683,6,36452.83633082475,0,1.0000030670198612e-07,optimal,optimal,optimal,24916.476539818457,-459.1972843134871,-367.9866141739465,460.7309907135778
2025-12-28,Q4-3 SEARCH,0.8,2.0,1200.0000000999999,14,1200.0000000999999,optimal,optimal,74934.11595455295,0.0,0.0,14,10132.516558611109,optimal,optimal,-600.8112855882441,324.2029616576267,2268.642271809159,0.581553872172904,14,8096.820825611405,optimal,optimal,-894.3972787163211,0.0,2167.910663565326,0.6439108888432244,14,10467.867189312816,optimal,optimal,457.74810287351283,251.07460461846372,-5.684341886080801e-13,0.5,1238.682824407615,1200.0000000999999,10776.357452485683,-1037.4604614310524,9.188528797645695,18.514886244369936,73915.17037936627,1,39707.22001158325,0,1.0000430665968452e-07,optimal,optimal,optimal,75641.738864207,-652.7293064399281,-905.0346657069683,451.73001179911427
2025-12-29,Q4-3 SEARCH,0.8,2.0,1238.682824407615,14,1238.682824407615,optimal,optimal,71287.3961672081,0.0,0.0,14,9533.239112592593,optimal,optimal,2122.475897927448,1633.2910217008873,267.8708609643011,0.6005516501070849,14,6792.818319471393,optimal,optimal,-212.7422053710315,84.77396858333418,664.5683621386837,0.6641562355769401,14,10484.661639475253,optimal,optimal,199.7347077165659,136.29303330560458,0.0,0.5,1210.3240033362117,1210.3240033362117,10800.0,2109.4684002729823,49.40780607238649,121.54207469413826,73518.40664217522,4,42463.59477937296,0,1.000010179268429e-07,optimal,optimal,optimal,72097.63826491605,2169.2278820411884,-210.92095236863028,193.34187910287
2025-12-30,Q4-3 SEARCH,0.8,2.0,1210.3240033362117,14,1210.3240033362117,optimal,optimal,70774.11573313351,0.0,0.0,14,10000.626506032128,optimal,optimal,2054.922380326308,1627.8281185188525,724.6687201793113,0.6007256872824439,14,6447.669142899031,optimal,optimal,-832.958513543011,32.67986666666661,1893.1108939027965,0.6126122709541754,14,10617.691119791354,optimal,optimal,140.31889234290568,132.1177829377819,0.0,0.5,1267.9277098516957,1200.0,10679.927262075464,1362.2827591262026,194.42417959989172,1324.4802206192787,73460.878712879,2,42777.36667560977,0,1.0001531336456537e-07,optimal,optimal,optimal,71678.42686468121,1968.3179039445383,-841.6992384357444,142.15095309321913
2025-12-31,Q4-3 SEARCH,0.8,2.0,1267.9277098516957,14,1267.9277098516957,optimal,optimal,73180.59143644394,0.0,0.0,14,10130.569284960497,optimal,optimal,646.8694218730419,654.1886748158535,889.0306771508276,0.5666711450276865,14,6685.887592349535,optimal,optimal,69.16629054949674,242.24915358273375,570.9400369321095,0.6313463178122489,14,10691.419047195124,optimal,optimal,-88.8527899631633,0.0,131.95551539489978,0.5,1200.0000000481,1200.0000000481,10799.999999999998,627.1829224593753,100.94920828662298,233.1926711420991,74040.96703004542,1,44272.29903466127,0,1.0007352102547884e-07,optimal,optimal,optimal,73271.00473776019,653.2159753336161,74.4448092140657,-88.69141604084882
