date,selected_load_window,selected_pv_window,soc_start_kwh,soc_plan_end_kwh,soc_actual_end_kwh,planned_grid_purchase_kwh,emergency_purchase_kwh,planned_cost_yuan,emergency_cost_yuan,total_cost_yuan,plan_secondary_throughput_kwh,actual_secondary_throughput_kwh,max_plan_constraint_violation,max_actual_constraint_violation,simultaneous_plan_charge_discharge_slots,simultaneous_actual_charge_discharge_slots,risk_error_sample_min,risk_error_sample_max,plan_primary_status,plan_secondary_status,plan_primary_star,plan_primary_recomputed,plan_secondary_objective,plan_violation_nonnegative,plan_violation_soc_bounds,plan_violation_soc_recursion,plan_violation_soc_start_alignment,plan_violation_pv_allocation,plan_violation_charge_limit,plan_violation_discharge_limit,plan_violation_supply,plan_violation_primary_cost_preservation,plan_violation_secondary_objective,plan_violation_terminal_soc,plan_violation_planned_cost_column,plan_violation_grid_purchase_column,actual_primary_status,actual_secondary_status,actual_primary_star,actual_primary_recomputed,actual_secondary_objective,actual_violation_nonnegative,actual_violation_soc_bounds,actual_violation_soc_recursion,actual_violation_soc_start_alignment,actual_violation_pv_allocation,actual_violation_charge_limit,actual_violation_discharge_limit,actual_violation_supply,actual_violation_primary_cost_preservation,actual_violation_secondary_objective,actual_violation_fixed_grid_purchase,actual_violation_planned_cost_column,actual_violation_emergency_cost_column,actual_violation_total_cost_column
2025-02-01,4,5,6000.0,6000.0,1200.0,44450.97092428207,4.7158752711144907e-08,23188.32112475901,1e-07,23188.321124859012,37836.58965109332,29475.294108395934,1.00000761449337e-07,9.999999999999998e-08,0,0,2,2,optimal,optimal,23188.321124659014,23188.32112465903,37836.58965109332,0.0,0.0,1.3642420526593924e-12,0.0,0.0,0.0,0.0,0.0,1.00000761449337e-07,0.0,0.0,0.0,1.1368683772161603e-13,optimal,optimal,0.0,0.0,29475.29410839593,2.412928263954902e-12,0.0,2.248473012716406e-12,0.0,0.0,0.0,0.0,0.0,9.999999999999998e-08,3.637978807091713e-12,0.0,0.0,0.0,6.277878126897241e-15
2025-02-02,4,5,1200.0,1200.0,1200.0,90994.12004466128,4.615740940070278e-08,57727.70545655647,1e-07,57727.70545665647,44371.80800994903,38616.42037095758,9.999348549172282e-08,9.999999999999998e-08,0,0,3,3,optimal,optimal,57727.705456456475,57727.705456456475,44371.80800994903,0.0,0.0,1.9042545318370685e-12,0.0,0.0,0.0,0.0,1.1368683772161603e-13,9.999348549172282e-08,0.0,0.0,0.0,1.1368683772161603e-13,optimal,optimal,0.0,0.0,38616.42037095763,2.2888852163646016e-12,0.0,1.4139800441625994e-12,0.0,0.0,0.0,0.0,0.0,9.999999999999998e-08,5.093170329928398e-11,0.0,0.0,0.0,1.8474111140350517e-14
2025-02-03,3,5,1200.0,1200.0,1200.0,89994.83156721113,4.777830864787386e-08,56977.67452601518,1e-07,56977.67452611518,43944.58217357927,39363.28437470766,9.998620953410864e-08,1e-07,0,0,4,4,optimal,optimal,56977.674525915194,56977.6745259152,43944.58217357927,0.0,0.0,7.958078640513122e-13,0.0,0.0,0.0,0.0,9.094947017729282e-13,9.998620953410864e-08,0.0,0.0,0.0,2.2737367544323206e-13,optimal,optimal,0.0,0.0,39363.28437470767,1.8189894035458565e-12,0.0,1.6937562463681388e-12,0.0,0.0,0.0,0.0,0.0,1e-07,7.275957614183426e-12,0.0,0.0,0.0,5.9368176107677775e-15
2025-02-04,3,5,1200.0,1200.0,1200.0,87413.70998412612,242.59831131519292,54984.09381702471,719.296412925615,55703.390229950324,43437.032639089564,44126.50416743624,9.997165761888027e-08,9.999985195463523e-08,0,0,5,5,optimal,optimal,54984.09381692474,54984.09381692474,43437.032639089564,0.0,0.0,1.3073986337985843e-12,0.0,0.0,0.0,0.0,0.0,9.997165761888027e-08,0.0,0.0,0.0,1.1368683772161603e-13,optimal,optimal,719.2964128256151,719.2964128256152,44126.50416743626,0.0,0.0,1.4992451724538114e-12,0.0,0.0,0.0,0.0,0.0,9.999985195463523e-08,2.1827872842550278e-11,0.0,0.0,0.0,4.374671740310643e-14
2025-02-05,3,5,1200.0,1200.0,1200.0,88594.47738115421,1.1443056033426726,55958.35095707183,6.646698919454287,55964.99765599128,44231.561921461005,42487.39857505851,1.0002986527979374e-07,9.99999993922529e-08,0,0,6,6,optimal,optimal,55958.350956971786,55958.35095697178,44231.561921461005,0.0,0.0,9.094947017729282e-13,0.0,0.0,0.0,0.0,1.1368683772161603e-13,1.0002986527979374e-07,0.0,0.0,0.0,1.1368683772161603e-13,optimal,optimal,6.646698819454286,6.646698819454963,42487.3985750585,2.3675317630516636e-12,0.0,1.3389783109434778e-12,0.0,0.0,0.0,2.3874235921539366e-12,0.0,9.99999993922529e-08,1.4551915228366852e-11,0.0,0.0,0.0,7.617018131795197e-15
2025-02-06,3,5,1200.0,1200.0,1200.0,89129.22163975606,36.198539214457554,56290.06330214704,210.80719122542646,56500.870493372466,44336.02668716262,41066.931722241614,9.998620953410864e-08,9.999999406318238e-08,0,0,7,7,optimal,optimal,56290.063302047056,56290.06330204708,44336.02668716263,0.0,0.0,1.5916157281026244e-12,0.0,0.0,0.0,0.0,0.0,9.998620953410864e-08,7.275957614183426e-12,0.0,0.0,1.1368683772161603e-13,optimal,optimal,210.80719112542647,210.80719112542747,41066.93172224161,2.2901578884140402e-12,0.0,2.56111181645085e-12,0.0,0.0,5.684341886080801e-13,2.3874235921539366e-12,1.1368683772161603e-13,9.999999406318238e-08,7.275957614183426e-12,0.0,0.0,0.0,1.4210854715202004e-14
2025-02-07,2,5,1200.0,1200.0,1200.0000000000002,42390.2883560348,4.739335879059822e-08,21817.533560038224,1e-07,21817.533560138225,36726.77649927713,35857.88127818417,1.000043994281441e-07,1e-07,0,0,8,8,optimal,optimal,21817.53355993822,21817.53355993823,36726.77649927713,0.0,0.0,1.5916157281026244e-12,0.0,0.0,0.0,0.0,0.0,1.000043994281441e-07,0.0,0.0,0.0,1.1368683772161603e-13,optimal,optimal,0.0,0.0,35857.8812781842,4.547473508864641e-13,0.0,1.822147371260346e-12,0.0,0.0,1.1368683772161603e-13,0.0,0.0,1e-07,2.9103830456733704e-11,0.0,0.0,0.0,1.1368683782749515e-14
2025-02-08,2,5,1200.0000000000002,1200.0,1200.0,40764.371628783454,5.182680365636752e-08,21067.57962974528,1e-07,21067.579629845277,36231.31277794855,33939.587104376595,1.00000761449337e-07,1e-07,0,0,9,9,optimal,optimal,21067.579629645275,21067.579629645275,36231.31277794855,0.0,0.0,9.094947017729282e-13,0.0,0.0,0.0,0.0,0.0,1.00000761449337e-07,0.0,2.2737367544323206e-13,0.0,1.1368683772161603e-13,optimal,optimal,0.0,0.0,33939.587104376595,4.547473508864641e-13,0.0,1.3926637620897964e-12,0.0,0.0,1.1368683772161603e-13,0.0,0.0,1e-07,0.0,0.0,0.0,0.0,5.9969806934151356e-15
2025-02-09,2,5,1200.0,1200.0,1200.0,85727.66242343897,2.232454218495869,53849.095825975586,10.456815416664687,53859.55264139225,44190.86207468512,43010.951514693406,1.00000761449337e-07,1.0000000116860974e-07,0,0,10,10,optimal,optimal,53849.09582587557,53849.09582587558,44190.86207468512,0.0,0.0,1.8189894035458565e-12,0.0,0.0,0.0,0.0,1.1368683772161603e-13,1.00000761449337e-07,0.0,0.0,0.0,2.2737367544323206e-13,optimal,optimal,10.456815316664688,10.45681531667101,43010.95151469343,0.0,0.0,1.2505552149377763e-12,0.0,0.0,0.0,2.3874235921539366e-12,0.0,1.0000000116860974e-07,2.1827872842550278e-11,0.0,0.0,0.0,1.7763568394002505e-15
2025-02-10,2,5,1200.0,1200.0,1200.0,85873.86008709569,4.751723123758915e-08,53843.91464123667,1e-07,53843.91464133667,44109.138530380325,37708.228845706835,9.997893357649446e-08,1e-07,0,0,11,11,optimal,optimal,53843.91464113668,53843.91464113668,44109.13853038033,0.0,0.0,1.1937117960769683e-12,0.0,0.0,0.0,0.0,1.0231815394945443e-12,9.997893357649446e-08,7.275957614183426e-12,0.0,0.0,1.1368683772161603e-13,optimal,optimal,0.0,0.0,37708.22884570685,2.3890011559707042e-12,0.0,2.021099337273174e-12,0.0,0.0,0.0,0.0,0.0,1e-07,1.4551915228366852e-11,0.0,0.0,0.0,1.2335021902959735e-14
2025-02-11,2,5,1200.0,1200.0,1200.0,84749.04720106293,0.10158338097763421,52977.520352693165,0.47581643333902574,52977.996169126505,43697.234596911934,40583.824409769026,1.0000803740695119e-07,1.0000000000287557e-07,0,0,12,12,optimal,optimal,52977.52035259316,52977.52035259319,43697.234596911934,0.0,0.0,1.1084466677857563e-12,0.0,0.0,0.0,0.0,0.0,1.0000803740695119e-07,0.0,0.0,0.0,1.1368683772161603e-13,optimal,optimal,0.47581633333902573,0.4758163333322882,40583.824409769004,1.8189894035458565e-12,0.0,2.021099337273174e-12,0.0,0.0,1.1368683772161603e-13,0.0,0.0,1.0000000000287557e-07,2.1827872842550278e-11,0.0,0.0,0.0,2.7755575615628914e-15
2025-02-12,2,5,1200.0,1200.0,1200.0,83674.19611314464,61.91191406128931,52205.30768981024,244.2528832303307,52449.56057304057,43328.7379561072,40880.69303165002,1.0002258932217956e-07,9.999999406318238e-08,0,0,13,13,optimal,optimal,52205.30768971022,52205.3076897102,43328.7379561072,0.0,0.0,1.8189894035458565e-12,0.0,0.0,0.0,0.0,0.0,1.0002258932217956e-07,0.0,0.0,0.0,1.1368683772161603e-13,optimal,optimal,244.2528831303307,244.25288313033082,40880.69303164998,9.094947017729282e-13,0.0,1.2612133559741778e-12,0.0,0.0,0.0,2.3874235921539366e-12,0.0,9.999999406318238e-08,4.3655745685100555e-11,0.0,0.0,0.0,7.105427357601002e-15
2025-02-13,2,5,1200.0,1200.0,1200.0,84051.94000684147,4.764173415912338e-08,52645.98156718795,1e-07,52645.98156728795,43073.0128648139,35765.39426100433,1.00000761449337e-07,9.999999999999998e-08,0,0,14,14,optimal,optimal,52645.98156708795,52645.98156708795,43073.01286481391,0.0,0.0,1.4779288903810084e-12,0.0,0.0,0.0,0.0,8.526512829121202e-14,1.00000761449337e-07,7.275957614183426e-12,0.0,0.0,1.1368683772161603e-13,optimal,optimal,0.0,0.0,35765.39426100433,0.0,0.0,2.021099337273174e-12,0.0,0.0,0.0,0.0,0.0,9.999999999999998e-08,0.0,0.0,0.0,0.0,5.9368176107677775e-15
2025-02-14,2,5,1200.0,1200.0,1200.0,36398.09618031957,4.7169811024589447e-08,18917.749632447674,1e-07,18917.749632547675,33827.394252442704,33781.60117641196,1.000043994281441e-07,1e-07,0,0,15,15,optimal,optimal,18917.74963234767,18917.749632347663,33827.394252442704,0.0,0.0,9.094947017729282e-13,0.0,0.0,0.0,0.0,0.0,1.000043994281441e-07,0.0,0.0,0.0,1.1368683772161603e-13,optimal,optimal,0.0,0.0,33781.60117641196,0.0,0.0,1.375344282905644e-12,0.0,0.0,0.0,0.0,0.0,1e-07,0.0,0.0,0.0,0.0,1.3642420526064528e-14
2025-02-15,2,5,1200.0,1200.0,1200.0,35265.40317202742,347.5239787448609,18294.539489207844,1263.840848575866,19558.38033778371,32908.252537628185,33266.069418195155,9.999712347052991e-08,1.0000007932831068e-07,0,0,16,16,optimal,optimal,18294.539489107843,18294.539489107847,32908.252537628185,0.0,0.0,6.252776074688882e-13,0.0,0.0,0.0,0.0,0.0,9.999712347052991e-08,0.0,0.0,0.0,1.1368683772161603e-13,optimal,optimal,1263.8408484758659,1263.8408484758659,33266.069418195155,0.0,0.0,9.094947017729282e-13,0.0,0.0,0.0,0.0,0.0,1.0000007932831068e-07,0.0,0.0,0.0,0.0,2.842170943040401e-14
2025-02-16,2,5,1200.0,1200.0,1200.0,79569.21879066175,538.894869762215,49257.956493788275,1882.6913423892292,51140.64783617751,41815.699006269344,42804.226668388495,9.998620953410864e-08,1.0000053407566156e-07,0,0,17,17,optimal,optimal,49257.95649368829,49257.9564936883,41815.69900626934,0.0,0.0,8.597567102697212e-13,0.0,0.0,0.0,0.0,3.410605131648481e-13,9.998620953410864e-08,7.275957614183426e-12,0.0,0.0,1.1368683772161603e-13,optimal,optimal,1882.6913422892285,1882.6913422892353,42804.22666838854,9.094947017729282e-13,0.0,2.8421709430404007e-12,0.0,0.0,0.0,2.5011104298755527e-12,1.830535723001958e-12,1.0000053407566156e-07,4.3655745685100555e-11,0.0,0.0,0.0,4.796163466380676e-14
2025-02-17,2,5,1200.0,1200.0,1200.0,80539.41318482549,4.562180325420916,49876.47035428572,28.56381081917545,49905.034165104895,41756.95281676791,37525.94922406945,1.00000761449337e-07,1.0000000116860974e-07,0,0,18,18,optimal,optimal,49876.470354185716,49876.47035418571,41756.95281676791,0.0,0.0,9.094947017729282e-13,0.0,0.0,0.0,0.0,0.0,1.00000761449337e-07,0.0,0.0,0.0,1.1368683772161603e-13,optimal,optimal,28.56381071917545,28.56381071917545,37525.94922406942,0.0,0.0,1.4281908988778014e-12,0.0,0.0,0.0,0.0,0.0,1.0000000116860974e-07,2.9103830456733704e-11,0.0,0.0,0.0,2.842170943040401e-14
2025-02-18,2,5,1200.0,1200.0,1200.0,79490.66030082936,28.19502838517136,49063.01580338941,128.4391686466744,49191.45497203608,41782.98847101504,39978.539035714675,1.00000761449337e-07,1.0000002248489182e-07,0,0,19,19,optimal,optimal,49063.0158032894,49063.01580328939,41782.98847101505,0.0,0.0,8.952838470577262e-13,0.0,0.0,0.0,0.0,7.958078640513122e-13,1.00000761449337e-07,7.275957614183426e-12,0.0,0.0,1.1368683772161603e-13,optimal,optimal,128.4391685466744,128.4391685466677,39978.53903571468,1.8189894035458565e-12,0.0,2.305316431577214e-12,0.0,0.0,1.1368683772161603e-13,2.3874235921539366e-12,1.1368683772161603e-13,1.0000002248489182e-07,7.275957614183426e-12,0.0,0.0,0.0,1.7763568394002505e-15
2025-02-19,2,5,1200.0,1200.0,1200.0,79241.54262130606,284.04439660238967,48893.50664813583,836.3925498790052,49729.899198014835,41942.76036237312,42839.1305267135,9.998620953410864e-08,9.999985195463523e-08,0,0,20,20,optimal,optimal,48893.50664803584,48893.50664803583,41942.76036237311,0.0,0.0,1.2505552149377763e-12,0.0,0.0,0.0,0.0,0.0,9.998620953410864e-08,7.275957614183426e-12,0.0,0.0,1.1368683772161603e-13,optimal,optimal,836.3925497790051,836.3925497790051,42839.13052671352,4.547473508864641e-13,0.0,1.7053025658242404e-12,0.0,0.0,5.684341886080801e-13,0.0,0.0,9.999985195463523e-08,1.4551915228366852e-11,0.0,0.0,0.0,5.684341886080802e-14
2025-02-20,2,5,1200.0,1200.0,1200.0,79109.8061751534,25.135206714313586,48823.80200431442,117.73330812667078,48941.53531244109,41830.082727769026,39745.387648650794,9.999348549172282e-08,9.999997985232767e-08,0,0,21,21,optimal,optimal,48823.80200421443,48823.802004214405,41830.082727769026,0.0,0.0,9.094947017729282e-13,0.0,0.0,0.0,0.0,0.0,9.999348549172282e-08,0.0,0.0,0.0,1.1368683772161603e-13,optimal,optimal,117.73330802667078,117.73330802666311,39745.387648650794,9.094947017729282e-13,0.0,1.7621459846850485e-12,0.0,0.0,0.0,2.3874235921539366e-12,0.0,9.999997985232767e-08,0.0,0.0,0.0,0.0,1.4210854715202004e-14
2025-02-21,2,5,1200.0,1200.0,1200.0,35040.60578813565,5.182681186170483e-08,18234.93584571944,1e-07,18234.93584581944,32328.569340232454,32216.84147900618,9.999712347052991e-08,1e-07,0,0,22,22,optimal,optimal,18234.935845619442,18234.93584561943,32328.569340232458,0.0,0.0,8.526512829121202e-13,0.0,0.0,0.0,0.0,0.0,9.999712347052991e-08,3.637978807091713e-12,0.0,0.0,1.1368683772161603e-13,optimal,optimal,0.0,0.0,32216.84147900618,0.0,0.0,1.4992451724538114e-12,0.0,0.0,1.1368683772161603e-13,0.0,0.0,1e-07,0.0,0.0,0.0,0.0,5.9969806934151356e-15
2025-02-22,2,5,1200.0,1200.0,1200.0,34854.06789761095,4.75172160302211e-08,18112.527895946278,1e-07,18112.527896046275,31947.39769578795,32363.361117287302,9.999712347052991e-08,9.999999999999998e-08,0,0,23,23,optimal,optimal,18112.527895846277,18112.52789584627,31947.397695787953,0.0,0.0,7.958078640513122e-13,0.0,0.0,0.0,0.0,0.0,9.999712347052991e-08,3.637978807091713e-12,0.0,0.0,1.1368683772161603e-13,optimal,optimal,0.0,0.0,32363.361117287302,4.547473508864641e-13,0.0,1.010549668636587e-12,0.0,0.0,3.410605131648481e-13,0.0,0.0,9.999999999999998e-08,0.0,0.0,0.0,0.0,1.2416967364287619e-14
2025-02-23,2,5,1200.0,1200.0,1200.0,78424.46917505871,13.337766714310225,48407.49963383042,62.47409916666417,48469.97373299708,41781.4963347668,40531.88318836465,1.0001531336456537e-07,1.0000000116860974e-07,0,0,24,24,optimal,optimal,48407.499633730404,48407.499633730404,41781.49633476681,0.0,0.0,1.3642420526593924e-12,0.0,0.0,0.0,0.0,1.1368683772161603e-13,1.0001531336456537e-07,7.275957614183426e-12,0.0,0.0,1.1368683772161603e-13,optimal,optimal,62.47409906666417,62.47409906667033,40531.88318836465,2.4244548714468483e-12,0.0,2.021099337273174e-12,0.0,0.0,0.0,2.3874235921539366e-12,0.0,1.0000000116860974e-07,0.0,0.0,0.0,0.0,1.3642420512829638e-14
2025-02-24,2,5,1200.0,1200.0,1200.0,77541.60060982167,213.17518135460892,47656.63099828772,868.2266493501584,48524.85764763788,41695.09729567892,37631.789365508186,1.00000761449337e-07,9.999985195463523e-08,0,0,25,25,optimal,optimal,47656.63099818772,47656.63099818771,41695.09729567892,0.0,0.0,9.094947017729282e-13,0.0,0.0,0.0,0.0,0.0,1.00000761449337e-07,0.0,0.0,0.0,1.1368683772161603e-13,optimal,optimal,868.2266492501585,868.226649250155,37631.789365508164,1.8189894035458565e-12,0.0,1.4779288903810084e-12,0.0,0.0,3.410605131648481e-13,0.0,0.0,9.999985195463523e-08,2.1827872842550278e-11,0.0,0.0,0.0,1.4210854715202004e-14
2025-02-25,2,5,1200.0,1200.0,1200.0,77138.52549833036,50.66750005183796,47447.05377811642,226.41224135000826,47673.466019466425,41697.51291049813,36680.113311617504,9.998620953410864e-08,9.999996564147295e-08,0,0,26,26,optimal,optimal,47447.05377801643,47447.05377801643,41697.51291049813,0.0,0.0,8.455458555545192e-13,0.0,0.0,0.0,0.0,0.0,9.998620953410864e-08,0.0,0.0,0.0,1.1368683772161603e-13,optimal,optimal,226.41224125000826,226.41224125000218,36680.11331161751,4.547473508864641e-13,0.0,2.021099337273174e-12,0.0,0.0,0.0,2.3874235921539366e-12,0.0,9.999996564147295e-08,7.275957614183426e-12,1.1368683772161603e-13,0.0,0.0,0.0
2025-02-26,2,5,1200.0,1200.0,1200.0,76431.49785889557,4.764179990618488e-08,46960.746194631545,1e-07,46960.74619473154,41470.34702901075,39232.685743102425,1.00000761449337e-07,9.999999999999998e-08,0,0,27,27,optimal,optimal,46960.74619453154,46960.746194531544,41470.34702901075,0.0,0.0,9.094947017729282e-13,0.0,0.0,0.0,0.0,3.410605131648481e-13,1.00000761449337e-07,0.0,0.0,0.0,1.1368683772161603e-13,optimal,optimal,0.0,0.0,39232.685743102404,2.421106703128873e-12,0.0,2.021099337273174e-12,0.0,0.0,0.0,0.0,0.0,9.999999999999998e-08,2.1827872842550278e-11,0.0,0.0,0.0,9.688483248487206e-15
2025-02-27,2,5,1200.0,1200.0,1200.0,75820.22800530164,313.56633535361533,46448.68259446296,1345.2963051799477,47793.97889964291,41578.15462127885,41255.08189217273,1.0001531336456537e-07,9.999985195463523e-08,0,0,28,28,optimal,optimal,46448.68259436295,46448.682594362945,41578.15462127886,0.0,0.0,7.958078640513122e-13,0.0,0.0,0.0,0.0,1.1368683772161603e-13,1.0001531336456537e-07,7.275957614183426e-12,0.0,0.0,1.1368683772161603e-13,optimal,optimal,1345.2963050799476,1345.2963050799474,41255.081892172704,9.094947017729282e-13,0.0,2.021099337273174e-12,0.0,0.0,1.1368683772161603e-13,2.3874235921539366e-12,0.0,9.999985195463523e-08,2.9103830456733704e-11,0.0,0.0,0.0,5.684341886080802e-14
2025-02-28,2,5,1200.0,1200.0,1200.0000000000002,34508.46159222004,5.1826786587066475e-08,17873.431467711882,1e-07,17873.43146781188,31571.441592084608,31020.3462549324,9.999712347052991e-08,1.0000000000000002e-07,0,0,29,29,optimal,optimal,17873.431467611885,17873.431467611892,31571.441592084608,0.0,0.0,5.684341886080801e-13,0.0,0.0,0.0,0.0,0.0,9.999712347052991e-08,0.0,0.0,0.0,1.1368683772161603e-13,optimal,optimal,0.0,0.0,31020.346254932403,4.547473508864641e-13,0.0,1.1581846592889633e-12,0.0,0.0,5.684341886080801e-13,0.0,0.0,1.0000000000000002e-07,3.637978807091713e-12,0.0,0.0,0.0,1.4011902743048187e-14
2025-03-01,2,5,1200.0000000000002,1200.0,1200.0,34215.823301156765,5.182689816014511e-08,17772.397764870875,1e-07,17772.397764970876,30911.56238727462,29518.081529134757,1.000043994281441e-07,1e-07,0,0,30,30,optimal,optimal,17772.39776477087,17772.39776477088,30911.56238727462,0.0,0.0,7.958078640513122e-13,0.0,0.0,0.0,0.0,0.0,1.000043994281441e-07,0.0,2.2737367544323206e-13,0.0,5.684341886080802e-14,optimal,optimal,0.0,0.0,29518.081529134754,0.0,0.0,8.810729923425242e-13,0.0,0.0,0.0,0.0,0.0,1e-07,3.637978807091713e-12,0.0,0.0,0.0,5.9368176107677775e-15
2025-03-02,2,5,1200.0,1200.0,1200.0,74938.8093240785,3421.759257407429,45960.929107580225,10752.687212704384,56713.61632028461,41521.18301758569,42648.183619246614,9.997893357649446e-08,1.0000621841754764e-07,0,0,31,31,optimal,optimal,45960.929107480246,45960.92910748027,41521.18301758569,0.0,0.0,8.384404281969182e-13,0.0,0.0,0.0,0.0,0.0,9.997893357649446e-08,0.0,0.0,0.0,2.2737367544323206e-13,optimal,optimal,10752.68721260438,10752.68721260438,42648.1836192466,0.0,0.0,1.580957587066223e-12,0.0,0.0,0.0,0.0,7.105427357601002e-15,1.0000621841754764e-07,1.4551915228366852e-11,0.0,0.0,0.0,5.684341886080802e-14
2025-03-03,2,5,1200.0,1200.0,1200.0,76920.22769327002,1019.2590280477989,47256.08274072173,3566.8202302684413,50822.90297099017,41805.17532045281,43100.43989353225,1.0001531336456537e-07,1.0000348993344232e-07,0,0,32,32,optimal,optimal,47256.08274062172,47256.08274062172,41805.17532045281,0.0,0.0,9.094947017729282e-13,0.0,0.0,0.0,0.0,1.1368683772161603e-13,1.0001531336456537e-07,0.0,0.0,0.0,1.1368683772161603e-13,optimal,optimal,3566.820230168438,3566.820230168438,43100.43989353226,1.8189894035458565e-12,0.0,2.5579538487363607e-12,0.0,0.0,3.410605131648481e-13,0.0,6.821210263296962e-13,1.0000348993344232e-07,7.275957614183426e-12,0.0,0.0,0.0,1.1368683772161603e-13
2025-03-04,2,5,1200.0,1200.0,1200.0,78824.90616263675,4.7641758793052186e-08,48694.44475029096,1e-07,48694.44475039096,41711.058740769164,38167.15213449045,9.999348549172282e-08,9.999999999999998e-08,0,0,33,33,optimal,optimal,48694.44475019097,48694.44475019098,41711.058740769164,0.0,0.0,8.810729923425242e-13,0.0,0.0,0.0,0.0,0.0,9.999348549172282e-08,0.0,0.0,0.0,2.2737367544323206e-13,optimal,optimal,0.0,0.0,38167.15213449045,2.462219835823514e-12,0.0,2.70322036360287e-12,0.0,0.0,0.0,0.0,0.0,9.999999999999998e-08,0.0,0.0,0.0,0.0,9.688483248487206e-15
2025-03-05,2,5,1200.0,1200.0,1200.0,80143.75409902542,5.182689816014512e-08,49492.73155595443,1.0000000000000001e-07,49492.73155605443,41699.999990767166,34416.9801665515,1.0001531336456537e-07,1e-07,0,0,34,34,optimal,optimal,49492.73155585441,49492.73155585441,41699.99999076716,0.0,0.0,1.1652900866465643e-12,0.0,0.0,0.0,0.0,0.0,1.0001531336456537e-07,7.275957614183426e-12,0.0,0.0,1.1368683772161603e-13,optimal,optimal,0.0,0.0,34416.980166551475,1.8189894035458565e-12,0.0,2.589533525881254e-12,0.0,0.0,0.0,0.0,0.0,1e-07,2.1827872842550278e-11,0.0,0.0,0.0,5.936817624002667e-15
2025-03-06,2,5,1200.0,1200.0,1200.0,78983.04172466691,4.7778315651943754e-08,48862.743318585366,1e-07,48862.74331868537,41726.6551178971,34502.18820606252,1.0001531336456537e-07,1e-07,0,0,35,35,optimal,optimal,48862.74331848534,48862.743318485336,41726.6551178971,0.0,0.0,9.094947017729282e-13,0.0,0.0,0.0,0.0,0.0,1.0001531336456537e-07,0.0,0.0,0.0,1.1368683772161603e-13,optimal,optimal,0.0,0.0,34502.188206062514,2.4432530479152575e-12,0.0,1.3535839116229909e-12,0.0,0.0,0.0,0.0,0.0,1e-07,7.275957614183426e-12,0.0,0.0,0.0,1.2480450101404569e-14
2025-03-07,2,5,1200.0,1200.0,1200.0000000000002,33859.88890553949,4.764172726897728e-08,17533.216986991116,1e-07,17533.216987091117,30868.41042616363,27929.16113778615,1.00000761449337e-07,9.999999999999998e-08,0,0,36,36,optimal,optimal,17533.21698689112,17533.21698689112,30868.41042616363,0.0,0.0,8.526512829121202e-13,0.0,0.0,0.0,0.0,0.0,1.00000761449337e-07,0.0,0.0,0.0,1.1368683772161603e-13,optimal,optimal,0.0,0.0,27929.161137786148,4.547473508864641e-13,0.0,1.010549668636587e-12,0.0,0.0,0.0,0.0,0.0,9.999999999999998e-08,3.637978807091713e-12,0.0,0.0,0.0,1.1311840341336455e-14
2025-03-08,2,5,1200.0000000000002,1200.0,1200.0,32880.74512024065,5.182679409983386e-08,17168.46141255889,1e-07,17168.461412658886,29618.071220700895,28133.0090637956,9.999712347052991e-08,1e-07,0,0,37,37,optimal,optimal,17168.461412458888,17168.46141245889,29618.071220700895,0.0,0.0,9.094947017729282e-13,0.0,0.0,0.0,0.0,0.0,9.999712347052991e-08,0.0,2.2737367544323206e-13,0.0,1.1368683772161603e-13,optimal,optimal,0.0,0.0,28133.0090637956,0.0,0.0,1.1759482276829658e-12,0.0,0.0,0.0,0.0,0.0,1e-07,0.0,0.0,0.0,0.0,1.2331702235256061e-14
2025-03-09,2,5,1200.0,1200.0,1200.0,74703.74224762511,5.182708273023709e-08,45714.31982154644,1e-07,45714.319821646444,42109.325330132706,37919.36532137557,1.0001531336456537e-07,1e-07,0,0,38,38,optimal,optimal,45714.319821446436,45714.31982144643,42109.325330132706,0.0,0.0,8.810729923425242e-13,0.0,0.0,0.0,0.0,0.0,1.0001531336456537e-07,0.0,0.0,0.0,1.1368683772161603e-13,optimal,optimal,0.0,0.0,37919.365321375575,2.1781528590552863e-12,0.0,1.7937256618299419e-12,0.0,0.0,0.0,0.0,0.0,1e-07,7.275957614183426e-12,0.0,0.0,0.0,1.1400425138072898e-14
2025-03-10,2,5,1200.0,1200.0,1200.0,73401.90410184173,4.777831532696947e-08,44868.969481845415,1e-07,44868.969481945416,41473.63400955328,39606.04203660761,1.00000761449337e-07,9.999999999999998e-08,0,0,39,39,optimal,optimal,44868.96948174541,44868.969481745415,41473.63400955328,0.0,0.0,8.810729923425242e-13,0.0,0.0,0.0,0.0,0.0,1.00000761449337e-07,0.0,0.0,0.0,1.1368683772161603e-13,optimal,optimal,0.0,0.0,39606.04203660756,2.329891184480002e-12,0.0,1.7621459846850485e-12,0.0,0.0,0.0,0.0,0.0,9.999999999999998e-08,4.3655745685100555e-11,0.0,0.0,0.0,7.84439180480321e-15
2025-03-11,2,5,1200.0,1200.0,1200.0,73795.88351988031,5.182708273023709e-08,44930.07571005271,1e-07,44930.07571015271,41173.99751202403,36690.28615635329,1.0000803740695119e-07,1e-07,0,0,40,40,optimal,optimal,44930.0757099527,44930.075709952696,41173.99751202403,0.0,0.0,9.094947017729282e-13,0.0,0.0,0.0,0.0,0.0,1.0000803740695119e-07,0.0,0.0,0.0,1.1368683772161603e-13,optimal,optimal,0.0,0.0,36690.28615635322,2.1781528590552863e-12,0.0,2.021099337273174e-12,0.0,0.0,3.410605131648481e-13,0.0,0.0,1e-07,7.275957614183426e-11,0.0,0.0,0.0,1.1400425138072898e-14
2025-03-12,2,5,1200.0,1200.0,1200.0,73452.31887975661,5.1826798540301604e-08,44740.795652814224,1e-07,44740.795652914225,40934.740339799486,36538.61665511642,9.999348549172282e-08,1e-07,0,0,41,41,optimal,optimal,44740.79565271423,44740.79565271423,40934.740339799486,0.0,0.0,9.094947017729282e-13,0.0,0.0,0.0,0.0,0.0,9.999348549172282e-08,0.0,0.0,0.0,2.2737367544323206e-13,optimal,optimal,0.0,0.0,36538.616655116435,9.094947017729282e-13,0.0,1.5987211554602254e-12,0.0,0.0,5.684341886080801e-13,0.0,0.0,1e-07,1.4551915228366852e-11,0.0,0.0,0.0,1.2082546170331825e-14
2025-03-13,2,5,1200.0,1200.0,1200.0,72037.30051599561,482.0202670721868,43882.56328313214,1233.8186600290592,45116.3819431612,40018.69145416892,40041.164268147055,9.999348549172282e-08,1.0000007932831068e-07,0,0,42,42,optimal,optimal,43882.56328303215,43882.56328303214,40018.691454168926,0.0,0.0,1.8189894035458565e-12,0.0,0.0,0.0,0.0,0.0,9.999348549172282e-08,7.275957614183426e-12,0.0,0.0,1.1368683772161603e-13,optimal,optimal,1233.818659929059,1233.818659929059,40041.16426814707,0.0,0.0,2.021099337273174e-12,0.0,0.0,0.0,0.0,0.0,1.0000007932831068e-07,1.4551915228366852e-11,0.0,0.0,0.0,4.263256414560601e-14
2025-03-14,2,5,1200.0,1200.0,1200.0,31555.48868531263,4.7778292298841714e-08,16370.747872336373,1e-07,16370.747872436374,28413.00315033021,27703.50350084132,1.00000761449337e-07,1e-07,0,0,43,43,optimal,optimal,16370.747872236372,16370.747872236378,28413.00315033021,0.0,0.0,7.958078640513122e-13,0.0,0.0,0.0,0.0,0.0,1.00000761449337e-07,0.0,0.0,0.0,5.684341886080802e-14,optimal,optimal,0.0,0.0,27703.503500841318,4.547473508864641e-13,0.0,1.290523243824282e-12,0.0,0.0,3.410605131648481e-13,0.0,0.0,1e-07,3.637978807091713e-12,0.0,0.0,0.0,5.2864379470671236e-15
2025-03-15,2,5,1200.0,1200.0,1200.0,31007.87440878045,162.31558536386984,16198.609168721669,351.836624282275,16550.445793003943,27478.10867265686,28176.267508885307,9.999530448112637e-08,1.0000007932831068e-07,0,0,44,44,optimal,optimal,16198.609168621673,16198.609168621673,27478.108672656865,0.0,0.0,7.958078640513122e-13,0.0,0.0,0.0,0.0,0.0,9.999530448112637e-08,3.637978807091713e-12,0.0,0.0,1.1368683772161603e-13,optimal,optimal,351.83662418227493,351.83662418227493,28176.2675088853,0.0,0.0,1.1723955140041653e-12,0.0,0.0,3.410605131648481e-13,0.0,0.0,1.0000007932831068e-07,7.275957614183426e-12,0.0,0.0,0.0,2.842170943040401e-14
2025-03-16,2,5,1200.0,1200.0,1200.0,70594.10284388221,1.6400000477784415,42818.086855550995,7.461180100000245,42825.548035650994,39785.568905199965,38638.9901242296,1.0000803740695119e-07,1.0000000472132342e-07,0,0,45,45,optimal,optimal,42818.08685545099,42818.08685545099,39785.56890519996,0.0,0.0,1.4779288903810084e-12,0.0,0.0,0.0,0.0,8.526512829121202e-14,1.0000803740695119e-07,7.275957614183426e-12,0.0,0.0,1.1368683772161603e-13,optimal,optimal,7.46118000000024,7.461179999997352,38638.99012422959,9.094947017729282e-13,0.0,2.021099337273174e-12,0.0,0.0,0.0,0.0,0.0,1.0000000472132342e-07,7.275957614183426e-12,0.0,0.0,0.0,0.0
2025-03-17,2,5,1200.0,1200.0,1200.0,70692.39665311086,4.61361014994233e-08,42789.78781795982,1e-07,42789.78781805981,39583.357016313385,34679.56759892692,1.00000761449337e-07,1e-07,0,0,46,46,optimal,optimal,42789.78781785981,42789.7878178598,39583.3570163134,0.0,0.0,1.7426060594516457e-12,0.0,0.0,0.0,0.0,0.0,1.00000761449337e-07,1.4551915228366852e-11,0.0,0.0,1.1368683772161603e-13,optimal,optimal,0.0,0.0,34679.56759892692,9.094947017729282e-13,0.0,1.4885870314174099e-12,0.0,0.0,0.0,0.0,0.0,1e-07,0.0,1.1368683772161603e-13,0.0,0.0,2.248489181963623e-14
2025-03-18,2,5,1200.0,1200.0,1200.0,69750.38690613491,234.18511180970924,42056.53350151077,970.7638338984293,43027.2973354092,39304.526902857026,38910.85007784779,1.0001531336456537e-07,1.0000007932831068e-07,0,0,47,47,optimal,optimal,42056.53350141076,42056.533501410755,39304.526902857026,0.0,0.0,1.5702994460298214e-12,0.0,0.0,0.0,0.0,0.0,1.0001531336456537e-07,0.0,0.0,0.0,1.1368683772161603e-13,optimal,optimal,970.7638337984292,970.7638337984292,38910.85007784776,9.094947017729282e-13,0.0,2.021099337273174e-12,0.0,0.0,0.0,0.0,0.0,1.0000007932831068e-07,2.9103830456733704e-11,0.0,0.0,0.0,7.105427357601002e-15
2025-03-19,2,5,1200.0,1200.0,1200.0,68984.36402048799,4.613610882772386e-08,41698.87770556503,1e-07,41698.87770566503,39198.99082041258,38411.95929191499,9.998620953410864e-08,1e-07,0,0,48,48,optimal,optimal,41698.87770546504,41698.87770546501,39198.99082041258,0.0,0.0,8.881784197001252e-13,0.0,0.0,0.0,0.0,0.0,9.998620953410864e-08,0.0,0.0,0.0,1.1368683772161603e-13,optimal,optimal,0.0,0.0,38411.95929191493,2.443706379069714e-12,0.0,1.7505996652289468e-12,0.0,0.0,0.0,0.0,0.0,1e-07,5.820766091346741e-11,0.0,0.0,0.0,2.6179714042412377e-14
2025-03-20,2,5,1200.0,1200.0,1200.0,68553.30703699,43.09980989161475,41491.061556280576,157.27425451035296,41648.33581079093,39306.91302411586,39139.737299048065,1.0001531336456537e-07,9.999996564147295e-08,0,0,49,49,optimal,optimal,41491.06155618056,41491.06155618055,39306.91302411585,0.0,0.0,7.958078640513122e-13,0.0,0.0,0.0,0.0,0.0,1.0001531336456537e-07,7.275957614183426e-12,0.0,0.0,1.1368683772161603e-13,optimal,optimal,157.27425441035297,157.27425441035297,39139.73729904805,0.0,0.0,2.021099337273174e-12,0.0,0.0,3.410605131648481e-13,0.0,0.0,9.999996564147295e-08,1.4551915228366852e-11,0.0,0.0,0.0,2.842170943040401e-14
2025-03-21,2,5,1200.0,1200.0,1200.0,29927.71819181539,137.26097077541883,15494.366582098943,296.0828341288541,15790.449416227795,26999.626635619483,27338.353051180286,1.00000761449337e-07,9.999996564147295e-08,0,0,50,50,optimal,optimal,15494.36658199894,15494.366581998938,26999.62663561949,0.0,0.0,9.094947017729282e-13,0.0,0.0,0.0,0.0,0.0,1.00000761449337e-07,7.275957614183426e-12,0.0,0.0,1.1368683772161603e-13,optimal,optimal,296.0828340288541,296.0828340288541,27338.353051180296,0.0,0.0,1.4210854715202004e-12,0.0,0.0,1.1368683772161603e-13,0.0,0.0,9.999996564147295e-08,1.0913936421275139e-11,0.0,0.0,0.0,2.842170943040401e-14
2025-03-22,2,5,1200.0,1200.0,1200.0,30448.526507648712,4.764172726897728e-08,15777.305465253994,1e-07,15777.305465353995,26785.418935619437,26082.556756501224,9.999712347052991e-08,9.999999999999998e-08,0,0,51,51,optimal,optimal,15777.305465153999,15777.305465153995,26785.41893561944,0.0,0.0,9.094947017729282e-13,0.0,0.0,0.0,0.0,0.0,9.999712347052991e-08,3.637978807091713e-12,0.0,0.0,1.1368683772161603e-13,optimal,optimal,0.0,0.0,26082.55675650123,0.0,0.0,1.595168441781425e-12,0.0,0.0,1.1368683772161603e-13,0.0,0.0,9.999999999999998e-08,7.275957614183426e-12,0.0,0.0,0.0,1.1311840341336455e-14
2025-03-23,2,5,1200.0,1200.0,1200.0,67219.00154126986,4.751729354018103e-08,40615.45303951135,1e-07,40615.45303961135,39171.157827819654,37690.59378573875,1.0000803740695119e-07,1e-07,0,0,52,52,optimal,optimal,40615.45303941134,40615.45303941134,39171.157827819654,0.0,0.0,8.952838470577262e-13,0.0,0.0,0.0,0.0,0.0,1.0000803740695119e-07,0.0,0.0,0.0,1.1368683772161603e-13,optimal,optimal,0.0,0.0,37690.593785738776,2.3266985640887076e-12,0.0,1.1048939541069558e-12,0.0,0.0,0.0,0.0,0.0,1e-07,2.9103830456733704e-11,0.0,0.0,0.0,1.827183951372832e-14
2025-03-24,2,5,1200.0,1200.0,1200.0,66705.86993621843,4.720321152159879e-08,40260.700391183775,1e-07,40260.700391283775,38807.70403522724,37864.565324011215,1.00000761449337e-07,1e-07,0,0,53,53,optimal,optimal,40260.700391083774,40260.70039108378,38807.70403522724,0.0,0.0,9.094947017729282e-13,0.0,0.0,0.0,0.0,0.0,1.00000761449337e-07,0.0,0.0,0.0,1.1368683772161603e-13,optimal,optimal,0.0,0.0,37864.5653240112,2.405671359225785e-12,0.0,1.6800388241083259e-12,0.0,0.0,0.0,0.0,0.0,1e-07,1.4551915228366852e-11,0.0,0.0,0.0,1.2537293516347042e-14
2025-03-25,2,5,1200.0,1200.0,1200.0,66046.295422453,124.66456608111227,39755.30477581774,471.37416607086953,40226.67894188862,38899.74595744954,39650.753430972996,9.999348549172282e-08,9.999996564147295e-08,0,0,54,54,optimal,optimal,39755.304775717756,39755.304775717756,38899.745957449544,0.0,0.0,9.094947017729282e-13,0.0,0.0,0.0,0.0,0.0,9.999348549172282e-08,7.275957614183426e-12,0.0,0.0,1.1368683772161603e-13,optimal,optimal,471.3741659708695,471.3741659708695,39650.753430972996,9.094947017729282e-13,0.0,1.7053025658242404e-12,0.0,0.0,0.0,0.0,0.0,9.999996564147295e-08,0.0,0.0,0.0,0.0,1.4210854715202004e-14
2025-03-26,2,5,1200.0,1200.0,1200.0,65756.4197770209,5.182710027933595e-08,39551.82027074641,1e-07,39551.82027084641,38850.43397967163,36906.67957087248,9.999348549172282e-08,1e-07,0,0,55,55,optimal,optimal,39551.82027064641,39551.8202706464,38850.43397967164,0.0,0.0,8.810729923425242e-13,0.0,0.0,0.0,0.0,5.684341886080802e-14,9.999348549172282e-08,7.275957614183426e-12,0.0,0.0,1.1368683772161603e-13,optimal,optimal,0.0,0.0,36906.6795708725,2.16060376019086e-12,0.0,1.545430450278218e-12,0.0,0.0,0.0,0.0,0.0,1e-07,1.4551915228366852e-11,0.0,0.0,0.0,1.1400425138072898e-14
2025-03-27,2,5,1200.0,1200.0,1200.0,65746.35343703118,4.720321152159879e-08,39686.90335258883,1e-07,39686.90335268883,38797.503298190204,37781.42835055443,1.00000761449337e-07,1e-07,0,0,56,56,optimal,optimal,39686.90335248884,39686.90335248885,38797.503298190204,0.0,0.0,1.1652900866465643e-12,0.0,0.0,0.0,0.0,0.0,1.00000761449337e-07,0.0,0.0,0.0,1.1368683772161603e-13,optimal,optimal,0.0,0.0,37781.42835055445,2.405671359225785e-12,0.0,1.6484591469634324e-12,0.0,0.0,5.684341886080801e-13,0.0,0.0,1e-07,2.1827872842550278e-11,0.0,0.0,0.0,1.2537293516347042e-14
2025-03-28,2,5,1200.0,1200.0,1199.9999999999998,29524.115428051482,4.716980302928861e-08,15114.932268435601,1e-07,15114.932268535602,26595.115907856136,26305.3608892328,1.0000621841754764e-07,1e-07,0,0,57,57,optimal,optimal,15114.932268335597,15114.932268335593,26595.11590785614,0.0,0.0,9.094947017729282e-13,0.0,0.0,0.0,0.0,0.0,1.0000621841754764e-07,3.637978807091713e-12,0.0,0.0,1.1368683772161603e-13,optimal,optimal,0.0,0.0,26305.3608892328,0.0,2.2737367544323206e-13,1.5205614545266144e-12,0.0,0.0,5.684341886080801e-13,0.0,0.0,1e-07,0.0,0.0,0.0,0.0,5.9368176107677775e-15
2025-03-29,2,5,1199.9999999999998,1200.0,1200.0,29864.134382609125,4.764173415912338e-08,15299.834032416486,1e-07,15299.834032516486,26504.93151156016,25629.69542750367,9.999712347052991e-08,9.999999999999998e-08,0,0,58,58,optimal,optimal,15299.834032316488,15299.83403231649,26504.931511560164,0.0,2.2737367544323206e-13,9.094947017729282e-13,0.0,0.0,0.0,0.0,0.0,9.999712347052991e-08,3.637978807091713e-12,2.2737367544323206e-13,0.0,1.1368683772161603e-13,optimal,optimal,0.0,0.0,25629.695427503673,0.0,2.2737367544323206e-13,1.0800249583553523e-12,0.0,0.0,0.0,0.0,0.0,9.999999999999998e-08,3.637978807091713e-12,0.0,0.0,0.0,5.9368176107677775e-15
2025-03-30,2,5,1200.0,1200.0,1200.0,63806.65871185632,4.739337648713428e-08,38409.003194779885,1e-07,38409.003194879886,38507.97388337554,37224.74091104799,9.999348549172282e-08,1e-07,0,0,59,59,optimal,optimal,38409.0031946799,38409.00319467989,38507.97388337554,0.0,0.0,1.0231815394945443e-12,0.0,0.0,0.0,0.0,0.0,9.999348549172282e-08,0.0,0.0,0.0,1.1368683772161603e-13,optimal,optimal,0.0,0.0,37224.74091104803,2.4387853320020525e-12,0.0,1.4779288903810084e-12,0.0,0.0,0.0,0.0,0.0,1e-07,3.637978807091713e-11,0.0,0.0,0.0,3.4106051215899646e-15
2025-03-31,2,5,1200.0,1200.0,1200.0,62106.09546904765,349.01579053058424,37364.030254408055,1214.8668316842695,38578.89708609233,38499.37542781984,35888.971991325976,1.00000761449337e-07,9.999985195463523e-08,0,0,60,60,optimal,optimal,37364.030254308054,37364.03025430805,38499.37542781985,0.0,0.0,8.810729923425242e-13,0.0,0.0,0.0,0.0,0.0,1.00000761449337e-07,7.275957614183426e-12,0.0,0.0,1.1368683772161603e-13,optimal,optimal,1214.8668315842694,1214.8668315842694,35888.97199132599,0.0,0.0,1.7408297026122455e-12,0.0,0.0,0.0,0.0,1.3642420526593924e-12,9.999985195463523e-08,1.4551915228366852e-11,0.0,0.0,0.0,2.842170943040401e-14
2025-04-01,2,5,1200.0,1200.0,1200.0,62766.05899800643,1788.9848268839655,37681.36011616311,3987.2800690605136,41668.64018522362,38771.564096903036,36864.64783278231,1.00000761449337e-07,1.0000030670198612e-07,0,0,61,61,optimal,optimal,37681.36011606311,37681.3601160631,38771.564096903036,0.0,0.0,9.094947017729282e-13,0.0,0.0,0.0,0.0,0.0,1.00000761449337e-07,0.0,0.0,0.0,1.1368683772161603e-13,optimal,optimal,3987.2800689605137,3987.280068960514,36864.647832782284,0.0,0.0,1.5774048733874224e-12,0.0,0.0,0.0,0.0,0.0,1.0000030670198612e-07,2.9103830456733704e-11,0.0,0.0,0.0,5.684341886080802e-14
2025-04-02,2,5,1200.0,1200.0,1200.0,63043.363447594835,1896.9060135177722,37716.59594980824,6986.789718831511,44703.38566863975,38274.87400616171,38475.161203912874,1.0001531336456537e-07,1.0000167094403878e-07,0,0,62,62,optimal,optimal,37716.59594970822,37716.59594970823,38274.87400616171,0.0,0.0,7.389644451905042e-13,0.0,0.0,0.0,0.0,0.0,1.0001531336456537e-07,0.0,0.0,0.0,1.1368683772161603e-13,optimal,optimal,6986.789718731511,6986.789718731511,38475.161203912896,4.547473508864641e-13,0.0,1.8189894035458565e-12,0.0,0.0,0.0,0.0,0.0,1.0000167094403878e-07,2.1827872842550278e-11,0.0,0.0,0.0,2.842170943040401e-14
2025-04-03,2,5,1200.0,1200.0,1200.0,64354.62827304746,312.2704477758684,38402.209087176954,1125.1965612484796,39527.40564842544,38768.2153893971,38626.19434125321,9.999348549172282e-08,9.999985195463523e-08,0,0,63,63,optimal,optimal,38402.20908707697,38402.209087076975,38768.2153893971,0.0,0.0,9.094947017729282e-13,0.0,0.0,0.0,0.0,0.0,9.999348549172282e-08,0.0,0.0,0.0,1.1368683772161603e-13,optimal,optimal,1125.1965611484793,1125.1965611484793,38626.19434125324,9.094947017729282e-13,0.0,1.6697754290362354e-12,0.0,0.0,0.0,0.0,5.684341886080802e-14,9.999985195463523e-08,2.9103830456733704e-11,0.0,0.0,0.0,0.0
2025-04-04,2,5,1200.0,1200.0,1200.0,28913.417891545996,4.751721715716167e-08,14710.349912628857,1e-07,14710.349912728856,25692.9307646463,24928.675977503666,1.000043994281441e-07,1e-07,0,0,64,64,optimal,optimal,14710.349912528853,14710.349912528853,25692.9307646463,0.0,0.0,9.094947017729282e-13,0.0,0.0,0.0,0.0,0.0,1.000043994281441e-07,0.0,0.0,0.0,1.1368683772161603e-13,optimal,optimal,0.0,0.0,24928.675977503684,4.547473508864641e-13,0.0,1.2390088954816747e-12,0.0,0.0,0.0,0.0,0.0,1e-07,1.8189894035458565e-11,0.0,0.0,0.0,1.134026205542554e-14
2025-04-05,2,5,1200.0,1200.0,1200.0,28817.66863389173,5.182679889117025e-08,14598.809758196105,1e-07,14598.809758296105,25591.681686869073,25109.979612679832,9.999712347052991e-08,1e-07,0,0,65,65,optimal,optimal,14598.809758096108,14598.809758096113,25591.681686869073,0.0,0.0,7.958078640513122e-13,0.0,0.0,0.0,0.0,0.0,9.999712347052991e-08,0.0,0.0,0.0,1.1368683772161603e-13,optimal,optimal,0.0,0.0,25109.979612679832,0.0,0.0,1.4495071809506044e-12,0.0,0.0,3.410605131648481e-13,0.0,0.0,1e-07,0.0,0.0,0.0,0.0,5.9969806934151356e-15
2025-04-06,2,5,1200.0,1200.0,1200.0,64125.89043260733,4.716986488490745e-08,38214.61810974813,1e-07,38214.618109848125,38528.981635227334,36687.80436660399,1.00000761449337e-07,9.999999999999998e-08,0,0,66,66,optimal,optimal,38214.61810964813,38214.61810964812,38528.981635227334,0.0,0.0,1.0729195309977513e-12,0.0,0.0,0.0,0.0,0.0,1.00000761449337e-07,0.0,0.0,0.0,1.1368683772161603e-13,optimal,optimal,0.0,0.0,36687.804366604,2.4420645981300952e-12,0.0,1.7495141138270912e-12,0.0,0.0,0.0,0.0,0.0,9.999999999999998e-08,1.4551915228366852e-11,0.0,0.0,0.0,1.0231815404474563e-14
2025-04-07,2,5,1200.0,1200.0,1200.0,62560.970071959164,4.739335970765069e-08,37246.85452182136,1e-07,37246.85452192136,38541.05846856042,35359.23487401067,1.0000803740695119e-07,1e-07,0,0,67,67,optimal,optimal,37246.854521721354,37246.85452172135,38541.058468560426,0.0,0.0,8.668621376273222e-13,0.0,0.0,0.0,0.0,0.0,1.0000803740695119e-07,7.275957614183426e-12,0.0,0.0,1.1368683772161603e-13,optimal,optimal,0.0,0.0,35359.23487401067,9.094947017729282e-13,0.0,1.5489831639570184e-12,0.0,0.0,5.684341886080801e-13,0.0,0.0,1e-07,0.0,0.0,0.0,0.0,1.1368683782749515e-14
2025-04-08,2,5,1200.0,1200.0,1200.0,62136.177386201045,104.15124898364982,37171.01451824549,359.2697333047598,37530.284251550256,38366.71125874668,38631.310173350925,9.998620953410864e-08,1.0000002248489182e-07,0,0,68,68,optimal,optimal,37171.0145181455,37171.014518145494,38366.71125874668,0.0,0.0,8.588685318500211e-13,0.0,0.0,0.0,0.0,0.0,9.998620953410864e-08,0.0,0.0,0.0,1.1368683772161603e-13,optimal,optimal,359.2697332047598,359.2697332047598,38631.31017335093,4.547473508864641e-13,0.0,1.6142642778049776e-12,0.0,0.0,0.0,0.0,0.0,1.0000002248489182e-07,7.275957614183426e-12,0.0,0.0,0.0,1.3234889800848443e-23
2025-04-09,2,5,1200.0,1200.0,1200.0,61751.21227331628,2193.67758535356,36956.463756492725,5275.8880356223235,42232.35179211505,37973.10492615428,38781.5795098157,9.998620953410864e-08,9.999894245993346e-08,0,0,69,69,optimal,optimal,36956.46375639274,36956.46375639274,37973.10492615428,0.0,0.0,8.100187187665142e-13,0.0,0.0,0.0,0.0,0.0,9.998620953410864e-08,0.0,0.0,0.0,1.1368683772161603e-13,optimal,optimal,5275.888035522323,5275.888035522323,38781.57950981569,0.0,0.0,1.602940002953801e-12,0.0,0.0,0.0,0.0,8.526512829121202e-13,9.999894245993346e-08,1.4551915228366852e-11,0.0,0.0,0.0,2.842170943040401e-14
2025-04-10,2,5,1200.0,1200.0,1200.0,63105.584941847315,28.274800802943087,37627.31637605914,113.8767601429885,37741.19313620213,38175.406743816624,38083.77746116811,1.00000761449337e-07,9.999999406318238e-08,0,0,70,70,optimal,optimal,37627.31637595914,37627.316375959126,38175.406743816624,0.0,0.0,9.094947017729282e-13,0.0,0.0,0.0,0.0,0.0,1.00000761449337e-07,0.0,0.0,0.0,1.1368683772161603e-13,optimal,optimal,113.87676004298851,113.87676004298851,38083.777461168094,9.094947017729282e-13,0.0,1.2505552149377763e-12,0.0,0.0,0.0,0.0,0.0,9.999999406318238e-08,1.4551915228366852e-11,0.0,0.0,0.0,0.0
2025-04-11,2,5,1200.0,1200.0,1200.0000000000002,28097.636134299413,5.182680742123709e-08,14134.245900527447,1e-07,14134.245900627448,25146.487198626004,24844.85620344911,1.00000761449337e-07,1e-07,0,0,71,71,optimal,optimal,14134.245900427448,14134.245900427446,25146.487198626008,0.0,0.0,9.094947017729282e-13,0.0,0.0,0.0,0.0,0.0,1.00000761449337e-07,3.637978807091713e-12,0.0,0.0,1.1368683772161603e-13,optimal,optimal,0.0,0.0,24844.856203449104,0.0,0.0,1.042721464727947e-12,0.0,0.0,0.0,0.0,0.0,1e-07,7.275957614183426e-12,0.0,0.0,0.0,1.0004441718231661e-14
2025-04-12,2,5,1200.0000000000002,1200.0,1200.0,28441.42143431997,4.7158686981101764e-08,14353.625939166566,1e-07,14353.625939266567,24951.71903566291,23261.837236792686,9.999894245993346e-08,1e-07,0,0,72,72,optimal,optimal,14353.625939066567,14353.625939066565,24951.71903566291,0.0,0.0,7.958078640513122e-13,0.0,0.0,0.0,0.0,0.0,9.999894245993346e-08,0.0,2.2737367544323206e-13,0.0,1.1368683772161603e-13,optimal,optimal,0.0,0.0,23261.837236792682,4.547473508864641e-13,0.0,1.6839862837514374e-12,0.0,0.0,1.1368683772161603e-13,0.0,0.0,1e-07,3.637978807091713e-12,0.0,0.0,0.0,9.180212141997088e-15
2025-04-13,2,5,1200.0,1200.0,1200.0,61847.09362371477,4.7517240071619877e-08,36782.12214122785,1e-07,36782.12214132785,37832.735066771515,36955.70671357952,9.999348549172282e-08,1e-07,0,0,73,73,optimal,optimal,36782.12214112785,36782.12214112785,37832.735066771515,0.0,0.0,8.810729923425242e-13,0.0,0.0,0.0,0.0,0.0,9.999348549172282e-08,0.0,0.0,0.0,1.1368683772161603e-13,optimal,optimal,0.0,0.0,36955.70671357954,2.2664802875200587e-12,0.0,2.021099337273174e-12,0.0,0.0,0.0,0.0,0.0,1e-07,1.4551915228366852e-11,0.0,0.0,0.0,4.206412983735453e-15
2025-04-14,2,5,1200.0,1200.0,1200.0,61322.27509396849,5.881447269391023,36374.28627383778,36.22323239166032,36410.50950622944,36900.11819022786,36372.28227530824,1.0000803740695119e-07,1.0000000116860974e-07,0,0,74,74,optimal,optimal,36374.28627373778,36374.286273737795,36900.11819022787,0.0,0.0,9.094947017729282e-13,0.0,0.0,0.0,0.0,0.0,1.0000803740695119e-07,7.275957614183426e-12,0.0,0.0,1.1368683772161603e-13,optimal,optimal,36.22323229166032,36.22323229166032,36372.282275308244,9.094947017729282e-13,0.0,1.6484591469634324e-12,0.0,0.0,3.410605131648481e-13,0.0,0.0,1.0000000116860974e-07,7.275957614183426e-12,0.0,0.0,0.0,5.5067062021407764e-14
2025-04-15,2,5,1200.0,1200.0,1200.0,60499.61516409528,4.5798028549037836e-08,36140.836024039825,1e-07,36140.836024139826,36354.110538797424,34061.907836843806,1.00000761449337e-07,9.999999999999998e-08,0,0,75,75,optimal,optimal,36140.836023939824,36140.83602393981,36354.110538797424,0.0,0.0,8.064660050877137e-13,0.0,0.0,0.0,0.0,0.0,1.00000761449337e-07,0.0,0.0,0.0,1.1368683772161603e-13,optimal,optimal,0.0,0.0,34061.90783684382,9.094947017729282e-13,0.0,2.646376944742062e-12,0.0,0.0,1.1368683772161603e-13,0.0,0.0,9.999999999999998e-08,1.4551915228366852e-11,0.0,0.0,0.0,1.9554136090447298e-14
2025-04-16,2,5,1200.0,1200.0,1200.0,59721.38181136892,462.18259062409584,35669.9500260967,1035.648210366763,36705.59823646347,35537.71473138973,36232.5073455868,1.0000803740695119e-07,1.0000007932831068e-07,0,0,76,76,optimal,optimal,35669.950025996695,35669.95002599669,35537.71473138973,0.0,0.0,9.094947017729282e-13,0.0,0.0,0.0,0.0,0.0,1.0000803740695119e-07,0.0,0.0,0.0,1.1368683772161603e-13,optimal,optimal,1035.6482102667628,1035.6482102667628,36232.5073455868,2.2737367544323206e-13,0.0,2.021099337273174e-12,0.0,0.0,0.0,0.0,0.0,1.0000007932831068e-07,0.0,0.0,0.0,0.0,2.842170943040401e-14
2025-04-17,2,5,1200.0,1200.0,1200.0,60795.6185047017,4.720327247870255e-08,36204.833071720466,1e-07,36204.83307182047,35916.44738664778,35503.94298901204,1.00000761449337e-07,1e-07,0,0,77,77,optimal,optimal,36204.833071620465,36204.83307162046,35916.44738664778,0.0,0.0,7.958078640513122e-13,0.0,0.0,0.0,0.0,0.0,1.00000761449337e-07,0.0,0.0,0.0,1.1368683772161603e-13,optimal,optimal,0.0,0.0,35503.942989012095,2.2310274177444597e-12,0.0,1.907412499551558e-12,0.0,0.0,0.0,0.0,0.0,1e-07,5.820766091346741e-11,0.0,0.0,0.0,2.748711267875206e-14
2025-04-18,2,5,1200.0,1200.0,1200.0000000000002,27734.751689062785,4.708097928436911e-08,13835.878985926876,1e-07,13835.878986026877,24711.384772700047,23445.192636175667,9.999712347052991e-08,9.999999999999998e-08,0,0,78,78,optimal,optimal,13835.87898582688,13835.878985826877,24711.38477270005,0.0,0.0,8.526512829121202e-13,0.0,0.0,0.0,0.0,0.0,9.999712347052991e-08,3.637978807091713e-12,0.0,0.0,1.1368683772161603e-13,optimal,optimal,0.0,0.0,23445.192636175667,4.547473508864641e-13,0.0,1.0444978215673473e-12,0.0,0.0,0.0,0.0,0.0,9.999999999999998e-08,0.0,0.0,0.0,0.0,5.9368176107677775e-15
2025-04-19,2,5,1200.0000000000002,1200.0,1200.0000000000002,27473.09282279736,5.18267951797413e-08,13702.200922793327,1e-07,13702.200922893328,24112.82509492241,23087.879999745513,9.999712347052991e-08,1e-07,0,0,79,79,optimal,optimal,13702.20092269333,13702.200922693331,24112.82509492241,0.0,0.0,6.821210263296962e-13,0.0,0.0,0.0,0.0,0.0,9.999712347052991e-08,0.0,2.2737367544323206e-13,0.0,5.684341886080802e-14,optimal,optimal,0.0,0.0,23087.87999974551,0.0,0.0,1.5134560271690134e-12,0.0,0.0,0.0,0.0,0.0,1e-07,3.637978807091713e-12,0.0,0.0,0.0,1.2082546170331825e-14
2025-04-20,2,5,1200.0000000000002,1200.0,1200.0,59430.60062937305,5.182711047086312e-08,35391.69334503715,1e-07,35391.69334513715,35857.02303879737,36090.80612942294,1.0000803740695119e-07,1e-07,0,0,80,80,optimal,optimal,35391.69334493715,35391.69334493717,35857.02303879737,0.0,0.0,8.526512829121202e-13,0.0,0.0,0.0,0.0,0.0,1.0000803740695119e-07,0.0,2.2737367544323206e-13,0.0,1.1368683772161603e-13,optimal,optimal,0.0,0.0,36090.806129422956,2.150412233020148e-12,0.0,1.8189894035458565e-12,0.0,0.0,0.0,0.0,0.0,1e-07,1.4551915228366852e-11,0.0,0.0,0.0,1.1400425138072898e-14
2025-04-21,2,5,1200.0,1200.0,1200.0,60096.981022552056,4.7778292983055626e-08,35592.11204492535,1e-07,35592.11204502535,36349.70881101946,33616.4310831355,1.0000803740695119e-07,1e-07,0,0,81,81,optimal,optimal,35592.11204482534,35592.11204482536,36349.70881101947,0.0,0.0,8.313350008393172e-13,0.0,0.0,0.0,0.0,0.0,1.0000803740695119e-07,7.275957614183426e-12,0.0,0.0,1.1368683772161603e-13,optimal,optimal,0.0,0.0,33616.431083135525,9.094947017729282e-13,0.0,1.2505552149377763e-12,0.0,0.0,0.0,0.0,0.0,1e-07,2.1827872842550278e-11,0.0,0.0,0.0,1.0572875907369137e-14
2025-04-22,2,5,1200.0,1200.0,1200.0,58433.07913762229,4.7169831374521984e-08,34977.07799232685,1e-07,34977.07799242685,35792.1667853691,34842.79739180292,9.999348549172282e-08,9.999999999999998e-08,0,0,82,82,optimal,optimal,34977.07799222685,34977.077992226856,35792.1667853691,0.0,0.0,9.663381206337363e-13,0.0,0.0,0.0,0.0,0.0,9.999348549172282e-08,0.0,0.0,0.0,1.1368683772161603e-13,optimal,optimal,0.0,0.0,34842.797391802924,2.3618881458744414e-12,0.0,1.6147083670148277e-12,0.0,0.0,5.684341886080801e-13,0.0,0.0,9.999999999999998e-08,7.275957614183426e-12,0.0,0.0,0.0,9.347422732357742e-15
2025-04-23,2,5,1200.0,1200.0,1200.0,58764.23714479454,4.625346621997805e-08,34957.85430649333,1e-07,34957.85430659333,35796.82347436939,33856.261411303654,9.999348549172282e-08,1e-07,0,0,83,83,optimal,optimal,34957.85430639334,34957.85430639335,35796.8234743694,0.0,0.0,9.094947017729282e-13,0.0,0.0,0.0,0.0,6.821210263296962e-13,9.999348549172282e-08,7.275957614183426e-12,0.0,0.0,1.1368683772161603e-13,optimal,optimal,0.0,0.0,33856.26141130364,0.0,0.0,1.3891110484109959e-12,0.0,0.0,0.0,0.0,0.0,1e-07,1.4551915228366852e-11,0.0,0.0,0.0,5.2546965917437405e-15
2025-04-24,2,5,1200.0,1200.0,1200.0,58331.62940669815,4.677271076738302e-08,34763.51957335792,1e-07,34763.51957345792,35677.62322398253,32838.11388931068,1.00000761449337e-07,9.999999999999998e-08,0,0,84,84,optimal,optimal,34763.519573257916,34763.51957325793,35677.62322398253,0.0,0.0,8.526512829121202e-13,0.0,0.0,0.0,0.0,0.0,1.00000761449337e-07,0.0,0.0,0.0,1.1368683772161603e-13,optimal,optimal,0.0,0.0,32838.11388931067,2.317527704373515e-12,0.0,1.7958967646336532e-12,0.0,0.0,0.0,0.0,0.0,9.999999999999998e-08,1.4551915228366852e-11,0.0,0.0,0.0,1.4210854715202004e-14
2025-04-25,2,5,1200.0,1200.0,1200.0,26671.198826489846,5.182678438938429e-08,13101.407990325966,1e-07,13101.407990425967,23685.81598779857,22592.892321016734,1.000043994281441e-07,1e-07,0,0,85,85,optimal,optimal,13101.407990225962,13101.40799022596,23685.81598779857,0.0,0.0,7.958078640513122e-13,0.0,0.0,0.0,0.0,0.0,1.000043994281441e-07,0.0,0.0,0.0,1.1368683772161603e-13,optimal,optimal,0.0,0.0,22592.892321016738,4.547473508864641e-13,0.0,1.779909553079051e-12,0.0,0.0,5.684341886080801e-13,0.0,0.0,1e-07,3.637978807091713e-12,0.0,0.0,0.0,1.2082546170331825e-14
2025-04-26,2,5,1200.0,1200.0,1200.0,26216.408922096853,4.77783052527666e-08,12817.31276516234,1e-07,12817.31276526234,23278.60623039129,23209.464388309814,1.00000761449337e-07,1e-07,0,0,86,86,optimal,optimal,12817.312765062341,12817.312765062341,23278.60623039129,0.0,0.0,7.958078640513122e-13,0.0,0.0,0.0,0.0,5.684341886080802e-14,1.00000761449337e-07,0.0,0.0,0.0,1.1368683772161603e-13,optimal,optimal,0.0,0.0,23209.4643883098,4.547473508864641e-13,0.0,9.094947017729282e-13,0.0,0.0,0.0,0.0,0.0,1e-07,1.4551915228366852e-11,0.0,0.0,0.0,1.3212775226433511e-14
2025-04-27,2,5,1200.0,1200.0,1200.0,55442.65303508792,754.1740406193923,32891.73030218204,3108.2223248413643,35999.952627023406,35169.913635043486,36355.54456453126,1.00000761449337e-07,9.999939720728435e-08,0,0,87,87,optimal,optimal,32891.73030208204,32891.73030208203,35169.913635043486,0.0,0.0,1.7053025658242404e-12,0.0,0.0,0.0,0.0,0.0,1.00000761449337e-07,0.0,0.0,0.0,1.1368683772161603e-13,optimal,optimal,3108.2223247413644,3108.222324741365,36355.54456453129,4.547473508864641e-13,0.0,2.021099337273174e-12,0.0,0.0,5.684341886080801e-13,0.0,0.0,9.999939720728435e-08,2.9103830456733704e-11,0.0,0.0,0.0,5.684341886080802e-14
2025-04-28,2,5,1200.0,1200.0,1200.0,55923.868540659256,5475.463003544108,33380.949412229194,13362.248282467132,46743.197694696326,35445.5740878245,35778.88352208256,1.0000803740695119e-07,1.00000761449337e-07,0,0,88,88,optimal,optimal,33380.94941212919,33380.949412129194,35445.5740878245,0.0,0.0,1.3642420526593924e-12,0.0,0.0,0.0,0.0,0.0,1.0000803740695119e-07,0.0,0.0,0.0,1.1368683772161603e-13,optimal,optimal,13362.248282367133,13362.248282367133,35778.88352208256,0.0,0.0,2.021099337273174e-12,0.0,0.0,0.0,0.0,0.0,1.00000761449337e-07,0.0,0.0,0.0,0.0,2.842170943040401e-14
2025-04-29,2,5,1200.0,1200.0,1200.0,56486.18890678935,417.27405305320116,33719.385255131114,1530.7660909940514,35250.151346125174,35133.768440636064,32704.987812863532,9.999348549172282e-08,9.999985195463523e-08,0,0,89,89,optimal,optimal,33719.38525503113,33719.385255031135,35133.76844063607,0.0,0.0,1.7621459846850485e-12,0.0,0.0,0.0,0.0,0.0,9.999348549172282e-08,7.275957614183426e-12,0.0,0.0,1.1368683772161603e-13,optimal,optimal,1530.7660908940513,1530.7660908940516,32704.987812863503,0.0,0.0,1.6939366576096404e-12,0.0,0.0,3.410605131648481e-13,0.0,0.0,9.999985195463523e-08,2.9103830456733704e-11,0.0,0.0,0.0,5.684341886080802e-14
2025-04-30,2,5,1200.0,1200.0,1200.0,56844.37051255713,4.68274393481392e-08,33923.464064999214,1e-07,33923.464065099215,34610.754329488605,33146.38237074257,1.00000761449337e-07,9.999999999999998e-08,0,0,90,90,optimal,optimal,33923.46406489921,33923.46406489922,34610.754329488605,0.0,0.0,1.5916157281026244e-12,0.0,0.0,0.0,0.0,2.2737367544323206e-13,1.00000761449337e-07,0.0,0.0,0.0,1.1368683772161603e-13,optimal,optimal,0.0,0.0,33146.382370742576,0.0,0.0,2.021099337273174e-12,0.0,0.0,0.0,0.0,0.0,9.999999999999998e-08,7.275957614183426e-12,0.0,0.0,0.0,1.2928558138482218e-14
2025-05-01,2,5,1200.0,1200.0,1200.0,56569.84569432666,2301.7516767129155,33954.54798389483,10783.64958276248,44738.19756665731,34760.339214673666,36133.986123830146,1.00000761449337e-07,9.999894245993346e-08,0,0,91,91,optimal,optimal,33954.54798379484,33954.54798379484,34760.339214673666,0.0,0.0,1.7053025658242404e-12,0.0,0.0,0.0,0.0,0.0,1.00000761449337e-07,0.0,0.0,0.0,1.1368683772161603e-13,optimal,optimal,10783.649582662481,10783.649582662481,36133.98612383014,9.094947017729282e-13,0.0,2.021099337273174e-12,0.0,0.0,0.0,0.0,0.0,9.999894245993346e-08,7.275957614183426e-12,0.0,0.0,0.0,1.1368683772161603e-13
2025-05-02,2,5,1200.0,1200.0,1200.0,26223.389605358167,2483.965457652324,12959.726420480396,11031.021491740888,23990.747912221283,23029.172700761552,23962.87490165762,1.00000761449337e-07,1.00000761449337e-07,0,0,92,92,optimal,optimal,12959.726420380393,12959.726420380395,23029.172700761552,0.0,0.0,9.094947017729282e-13,0.0,0.0,0.0,0.0,0.0,1.00000761449337e-07,0.0,0.0,0.0,5.684341886080802e-14,optimal,optimal,11031.021491640888,11031.021491640886,23962.87490165763,0.0,0.0,9.094947017729282e-13,0.0,0.0,0.0,0.0,0.0,1.00000761449337e-07,1.0913936421275139e-11,0.0,0.0,0.0,1.1368683772161603e-13
2025-05-03,2,5,1200.0,1200.0,1200.0,26535.855876575595,1723.7603011359706,13099.652337746382,8312.042696787832,21411.695034534216,23258.84657545299,23562.619803175527,1.0000258043874055e-07,1.00000761449337e-07,0,0,93,93,optimal,optimal,13099.652337646381,13099.652337646376,23258.846575452993,0.0,0.0,7.389644451905042e-13,0.0,0.0,0.0,0.0,0.0,1.0000258043874055e-07,3.637978807091713e-12,0.0,0.0,0.0,optimal,optimal,8312.042696687831,8312.042696687831,23562.61980317554,0.0,0.0,9.552358903874847e-13,0.0,0.0,0.0,0.0,0.0,1.00000761449337e-07,1.4551915228366852e-11,0.0,0.0,0.0,5.684341886080802e-14
2025-05-04,2,5,1200.0,1200.0,1200.0,57750.05633737853,1927.612825879491,34250.70515869033,9570.924480091247,43821.62963878158,35388.64537516514,32351.773215803303,1.0000803740695119e-07,1.0000258043874055e-07,0,0,94,94,optimal,optimal,34250.70515859033,34250.70515859034,35388.64537516514,0.0,0.0,9.094947017729282e-13,0.0,0.0,0.0,0.0,0.0,1.0000803740695119e-07,0.0,0.0,0.0,1.1368683772161603e-13,optimal,optimal,9570.924479991247,9570.924479991247,32351.773215803325,0.0,0.0,1.4317436125566019e-12,0.0,0.0,0.0,0.0,0.0,1.0000258043874055e-07,2.1827872842550278e-11,0.0,0.0,0.0,1.1368683772161603e-13
2025-05-05,2,5,1200.0,1200.0,1200.0,58593.47590578725,1931.4335217134944,34692.41621355388,9521.713309154582,44214.12952270846,34654.164291668676,37303.237952675714,9.999348549172282e-08,1.000043994281441e-07,0,0,95,95,optimal,optimal,34692.416213453886,34692.41621345387,34654.164291668676,0.0,0.0,2.1600499167107046e-12,0.0,0.0,0.0,0.0,0.0,9.999348549172282e-08,0.0,0.0,0.0,1.1368683772161603e-13,optimal,optimal,9521.71330905458,9521.71330905458,37303.23795267573,9.094947017729282e-13,0.0,1.6697754290362354e-12,0.0,0.0,0.0,0.0,0.0,1.000043994281441e-07,1.4551915228366852e-11,0.0,0.0,0.0,1.1368683772161603e-13
2025-05-06,2,5,1200.0,1200.0,1200.0,59040.56018891009,1906.9517990189927,35005.68391586243,8896.375858219548,43902.05977408197,34976.54305546399,36212.2902385082,1.0000803740695119e-07,9.999894245993346e-08,0,0,96,96,optimal,optimal,35005.68391576243,35005.68391576243,34976.54305546399,0.0,0.0,9.094947017729282e-13,0.0,0.0,0.0,0.0,0.0,1.0000803740695119e-07,0.0,0.0,0.0,1.1368683772161603e-13,optimal,optimal,8896.375858119549,8896.375858119549,36212.29023850818,9.094947017729282e-13,0.0,1.5578649481540197e-12,0.0,0.0,1.1368683772161603e-13,0.0,0.0,9.999894245993346e-08,1.4551915228366852e-11,0.0,0.0,0.0,1.1368683772161603e-13
2025-05-07,2,5,1200.0,1200.0,1200.0,59724.704502716646,2499.128736733619,35296.687171292804,12150.27469287386,47446.96186416666,35245.62260731567,34878.09454021117,1.0000803740695119e-07,1.00000761449337e-07,0,0,97,97,optimal,optimal,35296.68717119279,35296.68717119279,35245.62260731568,0.0,0.0,8.810729923425242e-13,0.0,0.0,0.0,0.0,0.0,1.0000803740695119e-07,7.275957614183426e-12,0.0,0.0,1.1368683772161603e-13,optimal,optimal,12150.27469277386,12150.274692773866,34878.09454021118,9.094947017729282e-13,0.0,1.2292389328649733e-12,0.0,0.0,0.0,0.0,0.0,1.00000761449337e-07,1.4551915228366852e-11,0.0,0.0,0.0,1.1368683772161603e-13
2025-05-08,2,5,1200.0,1200.0,1200.0,59781.68175807982,522.171333992086,36145.916789727424,2782.1547161005265,38928.071505827946,35395.306460756176,35238.158549918706,1.0000803740695119e-07,9.999985195463523e-08,0,0,98,98,optimal,optimal,36145.916789627416,36145.91678962742,35395.306460756176,0.0,0.0,1.3642420526593924e-12,0.0,0.0,0.0,0.0,0.0,1.0000803740695119e-07,0.0,0.0,0.0,1.1368683772161603e-13,optimal,optimal,2782.1547160005266,2782.1547160005252,35238.158549918735,0.0,0.0,1.0516032489249483e-12,0.0,0.0,0.0,0.0,0.0,9.999985195463523e-08,2.9103830456733704e-11,0.0,0.0,0.0,5.684341886080802e-14
2025-05-09,2,5,1200.0,1200.0,1200.0,27907.930165214155,348.6403406634978,14318.146483988585,1837.563114740806,16155.709598729394,23403.45019150259,23807.71302706519,9.999894245993346e-08,9.999985195463523e-08,0,0,99,99,optimal,optimal,14318.146483888586,14318.146483888588,23403.45019150259,0.0,0.0,7.958078640513122e-13,0.0,0.0,0.0,0.0,0.0,9.999894245993346e-08,0.0,0.0,0.0,1.1368683772161603e-13,optimal,optimal,1837.563114640806,1837.563114640806,23807.71302706521,0.0,0.0,1.1937117960769683e-12,0.0,0.0,0.0,0.0,0.0,9.999985195463523e-08,1.8189894035458565e-11,0.0,0.0,0.0,5.684341886080802e-14
2025-05-10,2,5,1200.0,1200.0,1200.0,28132.527682961918,473.56973019650513,14439.271335590609,1778.8645247112656,16218.135860301874,23700.083941218192,23573.957931522258,1.000043994281441e-07,1.0000030670198612e-07,0,0,100,100,optimal,optimal,14439.271335490605,14439.2713354906,23700.083941218196,0.0,0.0,9.094947017729282e-13,0.0,0.0,0.0,0.0,0.0,1.000043994281441e-07,3.637978807091713e-12,0.0,0.0,1.1368683772161603e-13,optimal,optimal,1778.8645246112658,1778.8645246112656,23573.95793152225,5.115907697472721e-14,0.0,1.5916157281026244e-12,0.0,0.0,1.1368683772161603e-13,0.0,0.0,1.0000030670198612e-07,7.275957614183426e-12,0.0,0.0,0.0,5.684341886080802e-14
2025-05-11,2,5,1200.0,1200.0,1200.0,61403.00502391984,539.5573167476472,36791.34523736291,3320.813991687849,40112.15922905077,36259.197029240604,34035.58531239397,9.998620953410864e-08,9.999939720728435e-08,0,0,101,101,optimal,optimal,36791.345237262925,36791.345237262925,36259.197029240604,0.0,0.0,9.094947017729282e-13,0.0,0.0,0.0,0.0,0.0,9.998620953410864e-08,0.0,0.0,0.0,1.1368683772161603e-13,optimal,optimal,3320.813991587849,3320.813991587843,34035.585312393974,4.547473508864641e-13,0.0,1.6342482922482304e-12,0.0,0.0,1.1368683772161603e-13,0.0,0.0,9.999939720728435e-08,7.275957614183426e-12,0.0,0.0,0.0,1.1368683772161603e-13
2025-05-12,2,5,1200.0,1200.0,1200.0,62298.7167011969,564.7133890976378,37129.842234778036,2931.862514577382,40061.70474935541,35907.6203613391,29932.75597754187,1.0000803740695119e-07,1.0000030670198612e-07,0,0,102,102,optimal,optimal,37129.84223467802,37129.84223467803,35907.6203613391,0.0,0.0,1.1937117960769683e-12,0.0,0.0,0.0,0.0,0.0,1.0000803740695119e-07,0.0,0.0,0.0,1.1368683772161603e-13,optimal,optimal,2931.862514477382,2931.8625144773823,29932.755977541892,0.0,0.0,1.4892809208078006e-12,0.0,0.0,0.0,0.0,0.0,1.0000030670198612e-07,2.1827872842550278e-11,0.0,0.0,0.0,1.1368683772161603e-13
2025-05-13,2,5,1200.0,1200.0,1200.0,61821.008476420364,273.4549687973936,36845.465466730646,1613.5399016406254,38459.00536837127,34760.34087398241,33457.24997480302,1.00000761449337e-07,1.0000030670198612e-07,0,0,103,103,optimal,optimal,36845.465466630645,36845.46546663064,34760.340873982415,0.0,0.0,8.242295734817162e-13,0.0,0.0,0.0,0.0,0.0,1.00000761449337e-07,7.275957614183426e-12,0.0,0.0,1.1368683772161603e-13,optimal,optimal,1613.5399015406254,1613.5399015406251,33457.24997480303,9.094947017729282e-13,0.0,1.4885870314174099e-12,0.0,0.0,5.684341886080801e-13,0.0,0.0,1.0000030670198612e-07,1.4551915228366852e-11,0.0,0.0,0.0,5.684341886080802e-14
2025-05-14,2,5,1200.0,1200.0,1200.0,61634.399406022036,302.0726233394439,36822.930082693114,1422.109173801497,38245.03925649461,34672.76474652454,33193.891912560335,1.00000761449337e-07,9.999985195463523e-08,0,0,104,104,optimal,optimal,36822.93008259311,36822.93008259312,34672.76474652454,0.0,0.0,8.526512829121202e-13,0.0,0.0,0.0,0.0,0.0,1.00000761449337e-07,0.0,0.0,0.0,1.1368683772161603e-13,optimal,optimal,1422.109173701497,1422.1091737014967,33193.89191256037,9.094947017729282e-13,0.0,1.3784529073745944e-12,0.0,0.0,0.0,0.0,0.0,9.999985195463523e-08,3.637978807091713e-11,0.0,0.0,0.0,1.1368683772161603e-13
2025-05-15,2,5,1200.0,1200.0,1200.0,61944.39096975372,5.1826758656042695e-08,37647.36567627361,1e-07,37647.36567637361,33794.38707398267,33302.70363868232,9.999348549172282e-08,1e-07,0,0,105,105,optimal,optimal,37647.36567617361,37647.36567617363,33794.38707398267,0.0,0.0,9.094947017729282e-13,0.0,0.0,0.0,0.0,0.0,9.999348549172282e-08,0.0,0.0,0.0,1.1368683772161603e-13,optimal,optimal,0.0,0.0,33302.7036386823,0.0,0.0,1.4637180356658064e-12,0.0,0.0,0.0,0.0,0.0,1e-07,1.4551915228366852e-11,0.0,0.0,0.0,1.6339163260072183e-14
2025-05-16,2,5,1200.0,1200.0,1200.0,28303.016521993988,4.751722175470601e-08,14958.509313705583,1e-07,14958.509313805582,22564.178395206196,21312.504896952458,1.0000258043874055e-07,1e-07,0,0,106,106,optimal,optimal,14958.50931360558,14958.509313605584,22564.1783952062,0.0,0.0,9.094947017729282e-13,0.0,0.0,0.0,0.0,0.0,1.0000258043874055e-07,3.637978807091713e-12,0.0,0.0,5.684341886080802e-14,optimal,optimal,0.0,0.0,21312.504896952472,0.0,0.0,1.7550405573274475e-12,0.0,0.0,1.1368683772161603e-13,0.0,0.0,1e-07,1.4551915228366852e-11,0.0,0.0,0.0,5.400124776953685e-15
2025-05-17,2,5,1200.0,1200.0,1200.0,28547.10837111951,5.1826802980769346e-08,15134.107051961182,1e-07,15134.107052061183,22588.061821132185,22222.42713953553,1.00000761449337e-07,1.0000000000000002e-07,0,0,107,107,optimal,optimal,15134.107051861181,15134.107051861181,22588.061821132185,0.0,0.0,8.810729923425242e-13,0.0,0.0,0.0,0.0,2.8421709430404007e-13,1.00000761449337e-07,0.0,0.0,0.0,5.684341886080802e-14,optimal,optimal,0.0,0.0,22222.427139535524,4.547473508864641e-13,0.0,7.958078640513122e-13,0.0,0.0,0.0,0.0,0.0,1.0000000000000002e-07,7.275957614183426e-12,0.0,0.0,0.0,1.4011902743048187e-14
2025-05-18,2,5,1200.0,1200.0,1200.0,60949.99380099066,5.236666718491374,37151.255283950915,35.31869843332977,37186.573982384245,33321.02756201675,33811.35086930898,1.0000803740695119e-07,9.999993011433617e-08,0,0,108,108,optimal,optimal,37151.25528385091,37151.255283850915,33321.02756201675,0.0,0.0,2.0463630789890885e-12,0.0,0.0,0.0,0.0,3.410605131648481e-13,1.0000803740695119e-07,0.0,0.0,0.0,1.1368683772161603e-13,optimal,optimal,35.31869833332985,35.318698333333415,33811.35086930898,4.547473508864641e-13,0.0,1.4210854715202004e-12,0.0,0.0,1.1368683772161603e-13,0.0,0.0,9.999993011433617e-08,0.0,0.0,0.0,0.0,1.9952040021520042e-14
2025-05-19,2,5,1200.0,1200.0,1200.0,60842.314728255435,67.00333338010542,36858.08759994972,451.9039817666656,37309.99158171639,33205.21842031477,31527.882831321953,1.00000761449337e-07,9.99991698336089e-08,0,0,109,109,optimal,optimal,36858.08759984972,36858.087599849736,33205.21842031477,0.0,0.0,1.0231815394945443e-12,0.0,0.0,0.0,0.0,0.0,1.00000761449337e-07,0.0,0.0,0.0,1.1368683772161603e-13,optimal,optimal,451.90398166666637,451.9039816666674,31527.88283132195,9.094947017729282e-13,0.0,2.021099337273174e-12,0.0,0.0,0.0,0.0,0.0,9.99991698336089e-08,3.637978807091713e-12,0.0,0.0,0.0,8.8675733531916e-15
2025-05-20,2,5,1200.0,1200.0,1200.0,59818.38818976517,5.1826783567578803e-08,36332.527837802605,1e-07,36332.5278379026,33870.077221459534,33537.63992689992,1.0000803740695119e-07,1e-07,0,0,110,110,optimal,optimal,36332.5278377026,36332.52783770261,33870.077221459534,0.0,0.0,2.5011104298755527e-12,0.0,0.0,0.0,0.0,0.0,1.0000803740695119e-07,0.0,0.0,0.0,1.1368683772161603e-13,optimal,optimal,0.0,0.0,33537.63992689992,4.547473508864641e-13,0.0,1.8189894035458565e-12,0.0,0.0,0.0,0.0,0.0,1e-07,0.0,0.0,0.0,0.0,1.2082546170331825e-14
2025-05-21,2,5,1200.0,1200.0,1200.0,60288.63809532129,4.739335879059822e-08,36587.85965657838,1e-07,36587.85965667838,33542.16207146483,32162.958119507653,9.998620953410864e-08,1e-07,0,0,111,111,optimal,optimal,36587.859656478395,36587.8596564784,33542.16207146483,0.0,0.0,1.3642420526593924e-12,0.0,0.0,0.0,0.0,0.0,9.998620953410864e-08,0.0,0.0,0.0,1.1368683772161603e-13,optimal,optimal,0.0,0.0,32162.95811950763,2.2737367544323206e-13,0.0,1.4850343177386094e-12,0.0,0.0,5.684341886080801e-13,0.0,0.0,1e-07,2.1827872842550278e-11,0.0,0.0,0.0,1.1368683782749515e-14
2025-05-22,2,5,1200.0,1200.0,1200.0,60105.715292214154,2.5700000463824644,36458.6334758327,17.333365100000332,36475.9668409327,33448.83927887099,32471.405382471617,9.999348549172282e-08,9.999991945619513e-08,0,0,112,112,optimal,optimal,36458.633475732706,36458.63347573273,33448.839278871,0.0,0.0,1.5916157281026244e-12,0.0,0.0,0.0,0.0,0.0,9.999348549172282e-08,7.275957614183426e-12,0.0,0.0,1.1368683772161603e-13,optimal,optimal,17.333365000000413,17.333365000000338,32471.405382471617,4.547473508864641e-13,0.0,1.4495071809506044e-12,0.0,0.0,0.0,0.0,0.0,9.999991945619513e-08,0.0,0.0,0.0,0.0,1.591615728261443e-14
2025-05-23,2,5,1200.0,1200.0,1200.0,27739.188842399242,5.182679353402745e-08,14598.596056285794,1e-07,14598.596056385793,21968.654717466507,21517.607823524173,9.999894245993346e-08,1e-07,0,0,113,113,optimal,optimal,14598.596056185794,14598.596056185792,21968.654717466507,0.0,0.0,7.958078640513122e-13,0.0,0.0,0.0,0.0,0.0,9.999894245993346e-08,0.0,0.0,0.0,1.1368683772161603e-13,optimal,optimal,0.0,0.0,21517.607823524173,0.0,0.0,9.094947017729282e-13,0.0,0.0,0.0,0.0,0.0,1e-07,0.0,0.0,0.0,0.0,1.0004441718231661e-14
2025-05-24,2,5,1200.0,1200.0,1200.0,28364.343612131746,5.5002583805031176,14997.321014340578,11.682548799999942,15009.003563140577,22183.552935984968,20733.035549460394,1.0000258043874055e-07,9.99999993922529e-08,0,0,114,114,optimal,optimal,14997.321014240575,14997.321014240577,22183.55293598497,0.0,0.0,9.094947017729282e-13,0.0,0.0,0.0,0.0,1.1368683772161603e-13,1.0000258043874055e-07,3.637978807091713e-12,0.0,0.0,5.684341886080802e-14,optimal,optimal,11.682548699999943,11.682548699999943,20733.035549460394,0.0,0.0,1.2931877790833823e-12,0.0,0.0,0.0,0.0,0.0,9.99999993922529e-08,0.0,0.0,0.0,0.0,1.2434497875801753e-14
2025-05-25,2,5,1200.0,1200.0,1200.0,59908.59612031806,4.777829177037587e-08,36484.2980386672,1e-07,36484.2980387672,33261.791592486916,31056.797625714084,1.0000803740695119e-07,1e-07,0,0,115,115,optimal,optimal,36484.29803856719,36484.29803856719,33261.791592486916,0.0,0.0,1.1652900866465643e-12,0.0,0.0,0.0,0.0,0.0,1.0000803740695119e-07,0.0,0.0,0.0,1.1368683772161603e-13,optimal,optimal,0.0,0.0,31056.79762571408,0.0,0.0,1.5347723092418164e-12,0.0,0.0,5.684341886080801e-13,0.0,0.0,1e-07,3.637978807091713e-12,0.0,0.0,0.0,1.0572875907369137e-14
2025-05-26,3,5,1200.0,1200.0,1200.0,58385.691185909694,1011.2191730897234,35693.39036496616,2228.7197616600306,37922.11012662619,32875.49157177609,34021.28297447143,9.999348549172282e-08,1.0000030670198612e-07,0,0,116,116,optimal,optimal,35693.390364866165,35693.390364866165,32875.49157177609,0.0,0.0,1.3642420526593924e-12,0.0,0.0,0.0,0.0,0.0,9.999348549172282e-08,0.0,0.0,0.0,1.1368683772161603e-13,optimal,optimal,2228.7197615600307,2228.719761560031,34021.28297447143,0.0,0.0,2.021099337273174e-12,0.0,0.0,1.1368683772161603e-13,0.0,1.1368683772161603e-13,1.0000030670198612e-07,0.0,0.0,0.0,0.0,4.235164736271502e-22
2025-05-27,3,5,1200.0,1200.0,1200.0,59568.45455937169,4.764172163032646e-08,36231.47485327379,1e-07,36231.47485337379,33602.15298878444,31780.47777633289,9.999348549172282e-08,9.999999999999998e-08,0,0,117,117,optimal,optimal,36231.47485317379,36231.47485317379,33602.15298878444,0.0,0.0,1.8758328224066645e-12,0.0,0.0,0.0,0.0,0.0,9.999348549172282e-08,0.0,0.0,0.0,1.1368683772161603e-13,optimal,optimal,0.0,0.0,31780.47777633291,9.094947017729282e-13,0.0,1.2505552149377763e-12,0.0,0.0,0.0,0.0,0.0,9.999999999999998e-08,2.1827872842550278e-11,0.0,0.0,0.0,1.6800549941496362e-14
2025-05-28,3,5,1200.0,1200.0,1200.0,59357.23021206037,4.71697787151565e-08,36086.57634837392,1e-07,36086.576348473915,33423.10336162445,33685.5752121369,1.00000761449337e-07,1e-07,0,0,118,118,optimal,optimal,36086.57634827392,36086.576348273935,33423.10336162445,0.0,0.0,1.0231815394945443e-12,0.0,0.0,0.0,0.0,0.0,1.00000761449337e-07,0.0,0.0,0.0,1.1368683772161603e-13,optimal,optimal,0.0,0.0,33685.5752121369,0.0,0.0,2.021099337273174e-12,0.0,0.0,0.0,0.0,0.0,1e-07,0.0,0.0,0.0,0.0,1.3642420526064528e-14
2025-05-29,3,5,1200.0,1200.0,1200.0,58933.41210196057,142.89799337267962,35669.6168557362,561.6842700298222,36231.301125766026,34040.63920541591,35658.10982479458,9.999348549172282e-08,9.999996564147295e-08,0,0,119,119,optimal,optimal,35669.61685563622,35669.6168556362,34040.63920541591,0.0,0.0,1.2505552149377763e-12,0.0,0.0,0.0,0.0,0.0,9.999348549172282e-08,0.0,0.0,0.0,1.1368683772161603e-13,optimal,optimal,561.6842699298222,561.6842699298201,35658.10982479458,0.0,0.0,1.4317436125566019e-12,0.0,0.0,0.0,0.0,0.0,9.999996564147295e-08,0.0,0.0,0.0,0.0,5.3290705182007514e-14
2025-05-30,3,5,1200.0,1200.0,1200.0,27708.38032133551,5.1826802980769346e-08,14489.523958592663,1e-07,14489.523958692662,22226.306210020637,22372.02376669559,1.0000621841754764e-07,1.0000000000000002e-07,0,0,120,120,optimal,optimal,14489.523958492655,14489.523958492651,22226.306210020637,0.0,0.0,7.958078640513122e-13,0.0,0.0,0.0,0.0,0.0,1.0000621841754764e-07,0.0,0.0,0.0,5.684341886080802e-14,optimal,optimal,0.0,0.0,22372.023766695587,4.547473508864641e-13,0.0,1.2683187833317788e-12,0.0,0.0,0.0,0.0,0.0,1.0000000000000002e-07,3.637978807091713e-12,0.0,0.0,0.0,1.4011902743048187e-14
2025-05-31,3,5,1200.0,1200.0,1200.0,28335.64005854403,4.6827440880355886e-08,14919.975447392668,1e-07,14919.975447492667,22330.437901996098,22054.109677817964,1.0000258043874055e-07,9.999999999999998e-08,0,0,121,121,optimal,optimal,14919.975447292663,14919.975447292658,22330.437901996098,0.0,0.0,7.958078640513122e-13,0.0,0.0,0.0,0.0,2.2737367544323206e-13,1.0000258043874055e-07,0.0,0.0,0.0,5.684341886080802e-14,optimal,optimal,0.0,0.0,22054.109677817964,0.0,0.0,1.1510792319313623e-12,0.0,0.0,1.1368683772161603e-13,0.0,0.0,9.999999999999998e-08,0.0,0.0,0.0,0.0,8.412825993940685e-15
2025-06-01,3,5,1200.0,1200.0,1200.0,60978.65047077906,14386.885961030192,36943.94926960172,45801.169667152266,82745.11893675398,33974.51573632797,39156.26793292987,1.0000803740695119e-07,1.00000761449337e-07,0,0,122,122,optimal,optimal,36943.94926950171,36943.949269501696,33974.51573632797,0.0,0.0,8.668621376273222e-13,0.0,0.0,0.0,0.0,0.0,1.0000803740695119e-07,0.0,0.0,0.0,1.1368683772161603e-13,optimal,optimal,45801.16966705227,45801.16966705226,39156.26793292986,5.115907697472721e-13,0.0,2.7569058147491887e-12,0.0,0.0,0.0,0.0,0.0,1.00000761449337e-07,7.275957614183426e-12,0.0,0.0,0.0,1.1368683772161603e-13
2025-06-02,3,5,1200.0,1200.0,1200.0,63383.78364752472,10090.679393418703,38140.7134194586,36830.88506036964,74971.59847982824,35175.19675812903,39631.442698411476,1.00000761449337e-07,9.999348549172282e-08,0,0,123,123,optimal,optimal,38140.7134193586,38140.7134193586,35175.19675812903,0.0,0.0,9.094947017729282e-13,0.0,0.0,0.0,0.0,0.0,1.00000761449337e-07,0.0,0.0,0.0,1.1368683772161603e-13,optimal,optimal,36830.88506026965,36830.88506026967,39631.44269841146,1.1368683772161603e-13,0.0,2.021099337273174e-12,0.0,0.0,0.0,0.0,1.9895196601282805e-13,9.999348549172282e-08,1.4551915228366852e-11,0.0,0.0,0.0,2.2737367544323206e-13
2025-06-03,3,5,1200.0,1200.0,1200.0,65610.37926457687,6876.075972591362,39565.70595430568,25273.948250214507,64839.654204520186,36819.25040914934,39581.49503633065,1.0000803740695119e-07,9.999712347052991e-08,0,0,124,124,optimal,optimal,39565.705954205674,39565.70595420567,36819.25040914934,0.0,0.0,1.1937117960769683e-12,0.0,0.0,0.0,0.0,0.0,1.0000803740695119e-07,0.0,0.0,0.0,1.1368683772161603e-13,optimal,optimal,25273.94825011451,25273.94825011451,39581.49503633064,8.842309600570137e-13,0.0,9.094947017729282e-13,0.0,0.0,0.0,0.0,0.0,9.999712347052991e-08,7.275957614183426e-12,0.0,0.0,0.0,1.1368683772161603e-13
2025-06-04,3,5,1200.0,1200.0,1200.0,66963.07401603027,6790.227238015178,40275.573852446774,23924.079427302055,64199.65327974883,37513.69920186566,38438.76110777825,1.00000761449337e-07,1.0001531336456537e-07,0,0,125,125,optimal,optimal,40275.57385234677,40275.57385234677,37513.69920186566,0.0,0.0,8.455458555545192e-13,0.0,0.0,0.0,0.0,0.0,1.00000761449337e-07,0.0,0.0,0.0,1.1368683772161603e-13,optimal,optimal,23924.079427202043,23924.079427202054,38438.76110777827,2.2737367544323206e-13,0.0,9.094947017729282e-13,0.0,0.0,0.0,0.0,0.0,1.0001531336456537e-07,2.1827872842550278e-11,0.0,0.0,0.0,2.2737367544323206e-13
2025-06-05,3,5,1200.0,1200.0,1200.0,68718.2280959168,6730.176771431055,41321.29089263731,25297.511451200186,66618.80234383751,38753.0105665801,40557.575722242764,9.999348549172282e-08,1.000043994281441e-07,0,0,126,126,optimal,optimal,41321.29089253731,41321.2908925373,38753.01056658011,0.0,0.0,1.7195134205394424e-12,0.0,0.0,0.0,0.0,4.618527782440651e-14,9.999348549172282e-08,7.275957614183426e-12,0.0,0.0,1.1368683772161603e-13,optimal,optimal,25297.51145110018,25297.51145110019,40557.575722242735,5.684341886080801e-13,0.0,8.952838470577262e-13,0.0,0.0,0.0,0.0,0.0,1.000043994281441e-07,2.9103830456733704e-11,0.0,0.0,0.0,1.1368683772161603e-13
2025-06-06,3,5,1200.0,1200.0,1200.0,29213.941288959017,6309.2708116683425,15514.695834324739,25336.55213281101,40851.24796713575,23346.801232243317,23701.238216469726,9.999894245993346e-08,9.999712347052991e-08,0,0,127,127,optimal,optimal,15514.69583422474,15514.695834224738,23346.801232243317,0.0,0.0,1.0231815394945443e-12,0.0,0.0,0.0,0.0,0.0,9.999894245993346e-08,0.0,0.0,0.0,5.684341886080802e-14,optimal,optimal,25336.552132711015,25336.552132711015,23701.238216469723,4.604316927725449e-13,0.0,8.526512829121202e-13,0.0,0.0,0.0,0.0,0.0,9.999712347052991e-08,3.637978807091713e-12,0.0,0.0,0.0,1.1368683772161603e-13
2025-06-07,3,5,1200.0,1200.0,1200.0,30102.441705399364,4246.425995246315,16124.34266967453,17265.157301767285,33389.499971441815,23564.850924836093,23701.98474295908,9.999712347052991e-08,1.00000761449337e-07,0,0,128,128,optimal,optimal,16124.342669574533,16124.342669574535,23564.850924836093,0.0,0.0,9.094947017729282e-13,0.0,0.0,0.0,0.0,0.0,9.999712347052991e-08,0.0,0.0,0.0,1.1368683772161603e-13,optimal,optimal,17265.157301667285,17265.157301667285,23701.984742959077,6.906475391588173e-13,0.0,8.810729923425242e-13,0.0,0.0,0.0,0.0,5.684341886080802e-14,1.00000761449337e-07,3.637978807091713e-12,0.0,0.0,0.0,1.1368683772161603e-13
2025-06-08,3,5,1200.0,1200.0,1200.0,76997.81220991434,1537.560841713054,47213.16409495448,6817.440455802228,54030.60455075671,40278.36796234642,30798.86700421864,1.00000761449337e-07,9.999894245993346e-08,0,0,129,129,optimal,optimal,47213.16409485448,47213.164094854474,40278.36796234642,0.0,0.0,1.8189894035458565e-12,0.0,0.0,0.0,0.0,5.684341886080802e-14,1.00000761449337e-07,0.0,0.0,0.0,1.1368683772161603e-13,optimal,optimal,6817.440455702228,6817.440455702226,30798.867004218657,1.8189894035458565e-12,0.0,1.6800388241083259e-12,0.0,0.0,0.0,0.0,0.0,9.999894245993346e-08,1.8189894035458565e-11,0.0,0.0,0.0,8.526512829121202e-14
2025-06-09,3,5,1200.0,1200.0,1200.0,75560.88261270245,2460.394395269003,46150.83980588672,11852.186134671794,58003.02594055852,40199.99999402321,38453.758335204686,9.999348549172282e-08,1.0000258043874055e-07,0,0,130,130,optimal,optimal,46150.83980578672,46150.839805786716,40199.99999402321,0.0,0.0,1.7337242752546445e-12,0.0,0.0,0.0,0.0,0.0,9.999348549172282e-08,0.0,0.0,0.0,1.1368683772161603e-13,optimal,optimal,11852.186134571792,11852.186134571792,38453.75833520466,9.094947017729282e-13,0.0,1.0125233984581428e-12,0.0,0.0,0.0,2.1600499167107046e-12,1.1368683772161603e-13,1.0000258043874055e-07,2.9103830456733704e-11,0.0,0.0,0.0,1.1368683772161603e-13
2025-06-10,2,5,1200.0,1200.0,1200.0,77583.50227918311,1186.0295987915274,47788.37503191088,4955.406882646217,52743.7819145571,40481.288847524236,39065.8744323085,1.0003714123740792e-07,1.00000761449337e-07,0,0,131,131,optimal,optimal,47788.37503181084,47788.37503181088,40481.288847524236,0.0,0.0,1.9610979506978765e-12,0.0,0.0,0.0,0.0,0.0,1.0003714123740792e-07,0.0,0.0,0.0,2.2737367544323206e-13,optimal,optimal,4955.406882546216,4955.406882546208,39065.87443230851,1.8189894035458565e-12,0.0,1.5791812302268227e-12,0.0,0.0,0.0,2.3874235921539366e-12,0.0,1.00000761449337e-07,1.4551915228366852e-11,0.0,0.0,0.0,1.1368683772161603e-13
2025-06-11,2,5,1200.0,1200.0,1200.0,78191.94773709515,3731.5608686426835,47991.40282299237,15362.99859376423,63354.401416756606,40700.44208826974,42658.763925118576,1.0000803740695119e-07,9.999712347052991e-08,0,0,132,132,optimal,optimal,47991.40282289237,47991.40282289235,40700.44208826974,0.0,0.0,2.3305801732931286e-12,0.0,0.0,0.0,0.0,0.0,1.0000803740695119e-07,0.0,0.0,0.0,2.2737367544323206e-13,optimal,optimal,15362.998593664233,15362.998593664248,42658.76392511859,6.821210263296962e-13,0.0,2.021099337273174e-12,0.0,0.0,0.0,0.0,0.0,9.999712347052991e-08,1.4551915228366852e-11,0.0,0.0,0.0,1.1368683772161603e-13
2025-06-12,2,5,1200.0,1200.0,1200.0,78513.89863295942,1189.9544300831813,48589.97373201331,4546.24430400851,53136.21803602182,40630.1034438261,39307.335945133935,1.00000761449337e-07,9.999985195463523e-08,0,0,133,133,optimal,optimal,48589.97373191331,48589.973731913306,40630.103443826105,0.0,0.0,1.1084466677857563e-12,0.0,0.0,0.0,0.0,0.0,1.00000761449337e-07,7.275957614183426e-12,0.0,0.0,2.2737367544323206e-13,optimal,optimal,4546.244303908509,4546.244303908495,39307.335945133884,9.094947017729282e-13,0.0,1.6715517858756357e-12,0.0,0.0,0.0,2.5011104298755527e-12,9.094947017729282e-13,9.999985195463523e-08,5.093170329928398e-11,0.0,0.0,0.0,8.526512829121202e-14
2025-06-13,2,5,1200.0,1200.0,1200.0,33475.07784719378,811.1244093309789,18833.82416631745,4025.6964634786723,22859.52062979612,24051.911441835793,24670.565670483003,1.00000761449337e-07,9.999803296523169e-08,0,0,134,134,optimal,optimal,18833.824166217448,18833.824166217448,24051.911441835793,0.0,0.0,9.094947017729282e-13,0.0,0.0,0.0,0.0,0.0,1.00000761449337e-07,0.0,0.0,0.0,5.684341886080802e-14,optimal,optimal,4025.696463378674,4025.6964633786743,24670.565670482993,0.0,0.0,1.5578649481540197e-12,0.0,0.0,0.0,0.0,0.0,9.999803296523169e-08,1.0913936421275139e-11,0.0,0.0,0.0,1.1368683772161603e-13
2025-06-14,2,5,1200.0,1200.0,1200.0,34153.036070218455,711.6505652027229,19280.891309385912,2573.3486496730056,21854.23995905892,24284.243086280112,23879.374240150602,1.0000803740695119e-07,9.999939720728435e-08,0,0,135,135,optimal,optimal,19280.891309285907,19280.891309285904,24284.243086280112,0.0,0.0,8.526512829121202e-13,0.0,0.0,0.0,0.0,0.0,1.0000803740695119e-07,0.0,0.0,0.0,5.684341886080802e-14,optimal,optimal,2573.348649573006,2573.348649573006,23879.374240150602,4.547473508864641e-13,0.0,9.094947017729282e-13,0.0,0.0,0.0,0.0,0.0,9.999939720728435e-08,0.0,0.0,0.0,0.0,5.684341886080802e-14
2025-06-15,2,5,1200.0,1200.0,1200.0,83958.71692676621,4.777833895001142e-08,52711.24187489262,1e-07,52711.24187499262,41552.02859568009,35565.68219804304,9.998620953410864e-08,9.999999999999998e-08,0,0,136,136,optimal,optimal,52711.241874792635,52711.241874792635,41552.02859568009,0.0,0.0,9.094947017729282e-13,0.0,0.0,0.0,0.0,5.684341886080802e-14,9.998620953410864e-08,0.0,0.0,0.0,1.1368683772161603e-13,optimal,optimal,0.0,0.0,35565.68219804307,2.3062681425246522e-12,0.0,1.6484591469634324e-12,0.0,0.0,5.684341886080801e-13,0.0,0.0,9.999999999999998e-08,2.9103830456733704e-11,0.0,0.0,0.0,2.0577317625600798e-14
2025-06-16,2,5,1200.0,1200.0,1200.0,83640.32030279492,4.7158741573696195e-08,52462.16134965862,1e-07,52462.16134975862,41344.552147530834,37988.43985236431,9.998620953410864e-08,9.999999999999998e-08,0,0,137,137,optimal,optimal,52462.161349558635,52462.16134955863,41344.552147530834,0.0,0.0,2.1600499167107046e-12,0.0,0.0,0.0,0.0,1.1368683772161603e-13,9.998620953410864e-08,0.0,0.0,0.0,1.1368683772161603e-13,optimal,optimal,0.0,0.0,37988.439852364296,2.4240657126692103e-12,0.0,1.5685230891904212e-12,0.0,0.0,0.0,0.0,0.0,9.999999999999998e-08,1.4551915228366852e-11,1.1368683772161603e-13,0.0,0.0,2.2143831303506766e-14
2025-06-17,2,5,1200.0,1200.0,1200.0,82752.49214341212,116.67057471444934,51691.542524564284,588.1719416426595,52279.71446620695,41386.87195864123,39980.919074090605,9.999348549172282e-08,9.999996564147295e-08,0,0,138,138,optimal,optimal,51691.5425244643,51691.5425244643,41386.87195864123,0.0,0.0,1.0800249583553523e-12,0.0,0.0,0.0,0.0,1.1368683772161603e-13,9.999348549172282e-08,0.0,0.0,0.0,1.1368683772161603e-13,optimal,optimal,588.1719415426596,588.1719415426661,39980.91907409062,9.094947017729282e-13,0.0,1.4885870314174099e-12,0.0,0.0,1.1368683772161603e-13,2.3874235921539366e-12,0.0,9.999996564147295e-08,1.4551915228366852e-11,0.0,0.0,0.0,2.842170943040401e-14
2025-06-18,2,5,1200.0,1200.0,1200.0,84048.73438989875,1.9158333794726194,52481.180632092044,12.914632599994695,52494.09526469204,41894.72200430383,34062.12503383093,1.00000761449337e-07,9.99999993922529e-08,0,0,139,139,optimal,optimal,52481.18063199204,52481.18063199202,41894.72200430383,0.0,0.0,9.094947017729282e-13,0.0,0.0,0.0,0.0,1.1368683772161603e-13,1.00000761449337e-07,0.0,0.0,0.0,1.1368683772161603e-13,optimal,optimal,12.914632499994696,12.9146325000009,34062.125033830904,2.2846530963694002e-12,0.0,1.1013412404281553e-12,0.0,0.0,1.1368683772161603e-13,2.3874235921539366e-12,0.0,9.99999993922529e-08,2.9103830456733704e-11,0.0,0.0,0.0,2.1458390616778652e-14
2025-06-19,2,5,1200.0,1200.0,1200.0,83020.58464094086,62.67270671376219,51869.70436873766,422.1631348333423,52291.867503571004,41971.23599312384,36542.92881647598,1.0002258932217956e-07,1.0000002248489182e-07,0,0,140,140,optimal,optimal,51869.70436863764,51869.70436863765,41971.23599312384,0.0,0.0,1.8189894035458565e-12,0.0,0.0,0.0,0.0,0.0,1.0002258932217956e-07,0.0,0.0,0.0,1.1368683772161603e-13,optimal,optimal,422.1631347333423,422.1631347333368,36542.92881647597,2.34265075896854e-12,0.0,1.2736478538499796e-12,0.0,0.0,5.684341886080801e-13,2.3874235921539366e-12,0.0,1.0000002248489182e-07,7.275957614183426e-12,0.0,0.0,0.0,1.4210854715202004e-14
2025-06-20,2,5,1200.0,1200.0,1200.0,36134.943735673725,4.6772683884430735e-08,21113.854092439957,1e-07,21113.854092539957,23499.740985330074,20754.324398806377,9.998984751291573e-08,1e-07,0,0,141,141,optimal,optimal,21113.854092339967,21113.854092339956,23499.740985330074,0.0,0.0,9.094947017729282e-13,0.0,0.0,0.0,0.0,0.0,9.998984751291573e-08,0.0,0.0,0.0,1.1368683772161603e-13,optimal,optimal,0.0,0.0,20754.32439880637,0.0,0.0,9.947598300641403e-13,0.0,0.0,0.0,0.0,0.0,1e-07,7.275957614183426e-12,0.0,0.0,0.0,3.1832314485819523e-15
2025-06-21,2,5,1200.0,1200.0,1200.0,36820.159823051086,4.673987151331118e-08,21456.59952057767,1e-07,21456.59952067767,23802.172218378728,21415.229454077325,1.0000803740695119e-07,1e-07,0,0,142,142,optimal,optimal,21456.599520477663,21456.59952047767,23802.172218378728,0.0,0.0,7.958078640513122e-13,0.0,0.0,0.0,0.0,0.0,1.0000803740695119e-07,0.0,0.0,0.0,1.1368683772161603e-13,optimal,optimal,0.0,0.0,21415.22945407733,0.0,0.0,1.2079226507921703e-12,0.0,0.0,3.410605131648481e-13,0.0,0.0,1e-07,3.637978807091713e-12,0.0,0.0,0.0,1.0370604280746132e-14
2025-06-22,2,5,1200.0,1200.0,1200.0,80245.10843886482,2.3961917128080543,50029.28535438677,16.715833166666165,50046.001187553426,40728.84967345614,35148.61070668694,1.00000761449337e-07,9.999999761589606e-08,0,0,143,143,optimal,optimal,50029.28535428676,50029.28535428677,40728.84967345615,0.0,0.0,1.0800249583553523e-12,0.0,0.0,0.0,0.0,1.1368683772161603e-13,1.00000761449337e-07,7.275957614183426e-12,0.0,0.0,1.1368683772161603e-13,optimal,optimal,16.715833066666164,16.715833066666963,35148.61070668695,2.4112695893938028e-12,0.0,2.021099337273174e-12,0.0,0.0,0.0,2.3874235921539366e-12,0.0,9.999999761589606e-08,1.4551915228366852e-11,0.0,0.0,0.0,1.2505552147789576e-14
2025-06-23,2,5,1200.0,1200.0,1200.0,79050.93163520997,5.182711047086312e-08,49095.151814656005,1e-07,49095.151814756005,40583.272533568284,37507.03629062596,9.999348549172282e-08,1e-07,0,0,144,144,optimal,optimal,49095.15181455601,49095.15181455604,40583.27253356828,0.0,0.0,2.2453150450019166e-12,0.0,0.0,0.0,0.0,1.9610979506978765e-12,9.999348549172282e-08,7.275957614183426e-12,0.0,0.0,1.1368683772161603e-13,optimal,optimal,0.0,0.0,37507.03629062596,2.150412233020148e-12,0.0,1.5663519863867098e-12,0.0,0.0,5.684341886080801e-13,0.0,0.0,1e-07,0.0,0.0,0.0,0.0,1.1400425138072898e-14
2025-06-24,2,5,1200.0,1200.0,1200.0,77629.99025214303,4734.025605629939,48147.42250878012,15913.960710635329,64061.38321941545,40615.22974135504,42683.61418845348,1.0000803740695119e-07,1.000043994281441e-07,0,0,145,145,optimal,optimal,48147.422508680116,48147.422508680116,40615.22974135504,0.0,0.0,9.094947017729282e-13,0.0,0.0,0.0,0.0,1.1368683772161603e-13,1.0000803740695119e-07,0.0,0.0,0.0,1.1368683772161603e-13,optimal,optimal,15913.960710535324,15913.960710535326,42683.61418845351,0.0,0.0,2.021099337273174e-12,0.0,0.0,3.410605131648481e-13,0.0,1.1368683772161603e-13,1.000043994281441e-07,2.9103830456733704e-11,0.0,0.0,0.0,5.684341886080802e-14
2025-06-25,2,5,1200.0,1200.0,1200.0,79668.69796826859,5.182709463271172e-08,49555.17839418023,1e-07,49555.17839428023,41077.27402570266,39195.45590089614,1.00000761449337e-07,1e-07,0,0,146,146,optimal,optimal,49555.178394080234,49555.178394080234,41077.27402570266,0.0,0.0,1.9326762412674725e-12,0.0,0.0,0.0,0.0,1.6768808563938364e-12,1.00000761449337e-07,0.0,0.0,0.0,1.1368683772161603e-13,optimal,optimal,0.0,0.0,39195.45590089617,2.16625038441564e-12,0.0,1.5631940186722204e-12,0.0,0.0,1.1368683772161603e-13,0.0,0.0,1e-07,3.637978807091713e-11,0.0,0.0,0.0,1.1400425138072898e-14
2025-06-26,2,5,1200.0,1200.0,1200.0,80351.46705711918,20.862423385174765,50188.062907784384,140.6311997183376,50328.69410750271,41812.39740428708,37460.031656023726,1.0000803740695119e-07,1.0000002248489182e-07,0,0,147,147,optimal,optimal,50188.06290768437,50188.062907684354,41812.397404287076,0.0,0.0,1.8189894035458565e-12,0.0,0.0,0.0,0.0,0.0,1.0000803740695119e-07,7.275957614183426e-12,0.0,0.0,1.1368683772161603e-13,optimal,optimal,140.63119961833763,140.63119961834357,37460.03165602377,2.0826130005778643e-12,0.0,1.341149413747189e-12,0.0,0.0,1.1368683772161603e-13,2.3874235921539366e-12,0.0,1.0000002248489182e-07,4.3655745685100555e-11,0.0,0.0,0.0,2.1771029418819838e-14
2025-06-27,2,5,1200.0,1200.0,1200.0,34675.42217618809,4.708063983498129e-08,20052.19914888132,1e-07,20052.19914898132,23013.27961125562,21738.870239546064,1.00000761449337e-07,1e-07,0,0,148,148,optimal,optimal,20052.199148781317,20052.199148781314,23013.27961125562,0.0,0.0,9.094947017729282e-13,0.0,0.0,0.0,0.0,5.684341886080802e-14,1.00000761449337e-07,0.0,0.0,0.0,5.684341886080802e-14,optimal,optimal,0.0,0.0,21738.870239546057,0.0,0.0,1.6342482922482304e-12,0.0,0.0,0.0,0.0,0.0,1e-07,7.275957614183426e-12,0.0,0.0,0.0,9.094947052669391e-16
2025-06-28,2,5,1200.0,1200.0,1200.0,35548.49097011814,4.7393349375220986e-08,20353.761559145853,1e-07,20353.761559245853,23590.01948532976,21525.557659298524,9.999712347052991e-08,1e-07,0,0,149,149,optimal,optimal,20353.761559045855,20353.761559045844,23590.01948532976,0.0,0.0,9.094947017729282e-13,0.0,0.0,0.0,0.0,0.0,9.999712347052991e-08,0.0,0.0,0.0,1.1368683772161603e-13,optimal,optimal,0.0,0.0,21525.55765929852,0.0,0.0,1.375788372115494e-12,0.0,0.0,3.410605131648481e-13,0.0,0.0,1e-07,3.637978807091713e-12,0.0,0.0,0.0,4.799949245727716e-15
2025-06-29,2,5,1200.0,1200.0,1200.0,80065.81922757192,0.7038850475252136,49892.5474772125,4.759318527505605,49897.30679574001,40647.14437436564,34662.32759956868,1.00000761449337e-07,1.0000000028043132e-07,0,0,150,150,optimal,optimal,49892.5474771125,49892.54747711247,40647.14437436564,0.0,0.0,9.094947017729282e-13,0.0,0.0,0.0,0.0,1.1368683772161603e-13,1.00000761449337e-07,0.0,0.0,0.0,1.1368683772161603e-13,optimal,optimal,4.759318427505605,4.759318427505475,34662.32759956866,2.3811385246222645e-12,0.0,2.163207884425194e-12,0.0,0.0,3.410605131648481e-13,2.3874235921539366e-12,0.0,1.0000000028043132e-07,1.4551915228366852e-11,0.0,0.0,0.0,1.7166712490775944e-14
2025-06-30,2,5,1200.0,1200.0,1200.0,79030.65953916754,46.494466714321305,49196.83920074825,313.23685276667237,49510.076053514924,40344.043700008246,37255.20701225211,1.0001531336456537e-07,1.0000002248489182e-07,0,0,151,151,optimal,optimal,49196.83920064823,49196.83920064824,40344.043700008246,0.0,0.0,7.958078640513122e-13,0.0,0.0,0.0,0.0,1.1368683772161603e-13,1.0001531336456537e-07,0.0,0.0,0.0,1.1368683772161603e-13,optimal,optimal,313.23685266667235,313.2368526666811,37255.20701225213,2.2681020516020412e-12,0.0,1.432631790976302e-12,0.0,0.0,1.1368683772161603e-13,2.3874235921539366e-12,0.0,1.0000002248489182e-07,2.1827872842550278e-11,0.0,0.0,0.0,2.671640684975669e-14
2025-07-01,2,5,1200.0,1200.0,1200.0,79069.05088683643,4481.220085067666,49239.19872128815,16285.947275481396,65525.145996769555,40239.17510950294,38665.05017540195,9.999348549172282e-08,9.999894245993346e-08,0,0,152,152,optimal,optimal,49239.198721188164,49239.19872118814,40239.17510950294,0.0,0.0,1.8189894035458565e-12,0.0,0.0,0.0,0.0,0.0,9.999348549172282e-08,0.0,0.0,0.0,1.1368683772161603e-13,optimal,optimal,16285.947275381397,16285.947275381424,38665.05017540198,0.0,0.0,1.0231815394945443e-12,0.0,0.0,0.0,0.0,0.0,9.999894245993346e-08,2.9103830456733704e-11,0.0,0.0,0.0,1.1368683772161603e-13
2025-07-02,2,5,1200.0,1200.0,1200.0,77919.88179970245,3428.8931307553767,48319.015987993516,15287.677966603065,63606.69395459658,40467.67689718099,37061.98955723076,9.99571057036519e-08,1.00000761449337e-07,0,0,153,153,optimal,optimal,48319.01598789357,48319.01598789358,40467.676897180994,0.0,0.0,1.1652900866465643e-12,0.0,0.0,0.0,0.0,0.0,9.99571057036519e-08,7.275957614183426e-12,0.0,0.0,1.1368683772161603e-13,optimal,optimal,15287.677966503063,15287.677966503086,37061.98955723079,9.094947017729282e-13,0.0,1.2283507544452732e-12,0.0,0.0,0.0,0.0,0.0,1.00000761449337e-07,2.9103830456733704e-11,0.0,0.0,0.0,1.1368683772161603e-13
2025-07-03,2,5,1200.0,1200.0,1200.0,76643.69729217871,7618.672996854813,47585.439524114714,26496.867443770403,74082.30696788512,39767.384489061486,40230.571017159775,1.0002258932217956e-07,1.0001531336456537e-07,0,0,154,154,optimal,optimal,47585.4395240147,47585.43952401469,39767.384489061486,0.0,0.0,7.958078640513122e-13,0.0,0.0,0.0,0.0,0.0,1.0002258932217956e-07,0.0,0.0,0.0,1.1368683772161603e-13,optimal,optimal,26496.86744367039,26496.867443670402,40230.57101715975,6.139089236967265e-13,0.0,1.0800249583553523e-12,0.0,0.0,1.1368683772161603e-13,0.0,1.1368683772161603e-13,1.0001531336456537e-07,2.1827872842550278e-11,0.0,0.0,0.0,1.1368683772161603e-13
2025-07-04,2,5,1200.0,1200.0,1200.0,33732.52199548164,7437.455255031468,19143.975209711272,25253.991409259626,44397.9666189709,23073.83277298397,23950.61289959787,1.000043994281441e-07,1.0001531336456537e-07,0,0,155,155,optimal,optimal,19143.97520961127,19143.97520961127,23073.83277298397,0.0,0.0,8.526512829121202e-13,0.0,0.0,0.0,0.0,0.0,1.000043994281441e-07,0.0,0.0,0.0,0.0,optimal,optimal,25253.991409159615,25253.991409159615,23950.612899597865,9.094947017729282e-13,0.0,1.0675904604795505e-12,0.0,0.0,1.1368683772161603e-13,0.0,0.0,1.0001531336456537e-07,3.637978807091713e-12,0.0,0.0,0.0,1.1368683772161603e-13
2025-07-05,2,5,1200.0,1200.0,1200.0,33976.629187381484,7722.233503157539,19052.885751669506,27458.488831955703,46511.374583625206,22994.3333594036,24111.405068264474,1.000043994281441e-07,1.00000761449337e-07,0,0,156,156,optimal,optimal,19052.8857515695,19052.885751569513,22994.333359403605,0.0,0.0,7.958078640513122e-13,0.0,0.0,0.0,0.0,5.684341886080802e-14,1.000043994281441e-07,3.637978807091713e-12,0.0,0.0,1.1368683772161603e-13,optimal,optimal,27458.4888318557,27458.488831855695,24111.405068264474,1.7763568394002505e-13,0.0,9.094947017729282e-13,0.0,0.0,1.1368683772161603e-13,0.0,0.0,1.00000761449337e-07,0.0,0.0,0.0,0.0,1.1368683772161603e-13
2025-07-06,2,5,1200.0,1200.0,1200.0,71292.13669539333,13109.468623097551,44071.50744752951,45899.991757675605,89971.49920520512,37130.385793199894,41844.03801728196,9.998620953410864e-08,1.0002258932217956e-07,0,0,157,157,optimal,optimal,44071.507447429525,44071.507447429525,37130.385793199894,0.0,0.0,9.663381206337363e-13,0.0,0.0,0.0,0.0,0.0,9.998620953410864e-08,0.0,0.0,0.0,1.1368683772161603e-13,optimal,optimal,45899.99175757558,45899.991757575546,41844.03801728195,4.547473508864641e-13,0.0,9.208633855450898e-13,0.0,0.0,1.1368683772161603e-13,0.0,0.0,1.0002258932217956e-07,7.275957614183426e-12,0.0,0.0,0.0,1.1368683772161603e-13
2025-07-07,2,5,1200.0,1200.0,1200.0,71614.29448393913,5619.903010605496,44457.37120003184,20384.97804546743,64842.349245499274,37497.73754258129,35443.817158843915,1.0002258932217956e-07,1.000043994281441e-07,0,0,158,158,optimal,optimal,44457.371199931826,44457.3711999318,37497.73754258129,0.0,0.0,7.958078640513122e-13,0.0,0.0,0.0,0.0,2.842170943040401e-14,1.0002258932217956e-07,0.0,0.0,0.0,1.1368683772161603e-13,optimal,optimal,20384.978045367425,20384.978045367443,35443.817158843915,1.1368683772161603e-12,0.0,1.0231815394945443e-12,0.0,0.0,0.0,0.0,3.410605131648481e-13,1.000043994281441e-07,0.0,0.0,0.0,0.0,1.1368683772161603e-13
2025-07-08,2,5,1200.0,1200.0,1200.0,80072.53868333568,2457.4249776167235,50118.815782334146,9305.168987499703,59423.984769833856,39657.67815791689,40502.64806592064,9.999348549172282e-08,1.00000761449337e-07,0,0,159,159,optimal,optimal,50118.81578223415,50118.81578223416,39657.67815791689,0.0,0.0,7.958078640513122e-13,0.0,0.0,0.0,0.0,0.0,9.999348549172282e-08,0.0,0.0,0.0,1.1368683772161603e-13,optimal,optimal,9305.168987399702,9305.168987399687,40502.64806592066,4.547473508864641e-13,0.0,1.010549668636587e-12,0.0,0.0,3.410605131648481e-13,2.2737367544323206e-12,0.0,1.00000761449337e-07,1.4551915228366852e-11,0.0,0.0,0.0,1.1368683772161603e-13
2025-07-09,2,5,1200.0,1200.0,1200.0,78584.08424072945,893.8574749251763,49308.52046960238,4280.307113257429,53588.82758285981,39274.09843322645,39781.79508411691,9.998620953410864e-08,9.999894245993346e-08,0,0,160,160,optimal,optimal,49308.5204695024,49308.5204695024,39274.09843322645,0.0,0.0,1.5987211554602254e-12,0.0,0.0,0.0,0.0,1.1368683772161603e-13,9.998620953410864e-08,0.0,0.0,0.0,1.1368683772161603e-13,optimal,optimal,4280.307113157429,4280.307113157429,39781.79508411691,0.0,0.0,1.3979928326079971e-12,0.0,0.0,1.1368683772161603e-13,2.5011104298755527e-12,0.0,9.999894245993346e-08,0.0,0.0,0.0,0.0,5.684341886080802e-14
2025-07-10,2,5,1200.0,1200.0,1200.0,79180.62134639685,650.9558058916211,49865.62962329324,2745.758215623623,52611.38783891686,39497.48341849633,40193.74238196924,1.0001531336456537e-07,9.999939720728435e-08,0,0,161,161,optimal,optimal,49865.62962319322,49865.6296231932,39497.483418496326,0.0,0.0,8.526512829121202e-13,0.0,0.0,0.0,0.0,0.0,1.0001531336456537e-07,7.275957614183426e-12,0.0,0.0,1.1368683772161603e-13,optimal,optimal,2745.758215523623,2745.7582155236246,40193.74238196925,9.094947017729282e-13,0.0,1.0231815394945443e-12,0.0,0.0,1.1368683772161603e-13,2.3874235921539366e-12,5.684341886080802e-14,9.999939720728435e-08,7.275957614183426e-12,0.0,0.0,0.0,5.684341886080802e-14
2025-07-11,2,5,1200.0,1200.0,1200.0,39384.955166181244,2428.2603428181174,23285.74726815468,6252.559537400713,29538.306805555396,23451.804132243364,25065.738060110885,9.999712347052991e-08,1.0000167094403878e-07,0,0,162,162,optimal,optimal,23285.74726805468,23285.747268054693,23451.804132243364,0.0,0.0,7.958078640513122e-13,0.0,0.0,0.0,0.0,0.0,9.999712347052991e-08,0.0,0.0,0.0,1.1368683772161603e-13,optimal,optimal,6252.559537300711,6252.559537300713,25065.73806011088,1.7053025658242404e-13,0.0,1.3713474800169934e-12,0.0,0.0,0.0,0.0,3.410605131648481e-13,1.0000167094403878e-07,3.637978807091713e-12,0.0,0.0,0.0,5.684341886080802e-14
2025-07-12,2,5,1200.0,1200.0,1200.0,39577.08085471001,2110.37635015885,23205.356900118917,6844.7492708467435,30050.10617096566,23534.006784094818,24452.5787829681,1.000043994281441e-07,1.0000167094403878e-07,0,0,163,163,optimal,optimal,23205.356900018913,23205.356900018913,23534.00678409482,0.0,0.0,7.958078640513122e-13,0.0,0.0,0.0,0.0,0.0,1.000043994281441e-07,3.637978807091713e-12,0.0,0.0,1.1368683772161603e-13,optimal,optimal,6844.749270746742,6844.749270746744,24452.578782968114,0.0,0.0,1.0516032489249483e-12,0.0,0.0,1.1368683772161603e-13,0.0,3.410605131648481e-13,1.0000167094403878e-07,1.4551915228366852e-11,0.0,0.0,0.0,5.684341886080802e-14
2025-07-13,2,5,1200.0,1200.0,1200.0,79794.08726155463,554.7060798971635,49996.731544420305,2630.3326852174932,52627.06422963779,39845.851598938534,37184.17233373496,9.99571057036519e-08,9.999939720728435e-08,0,0,164,164,optimal,optimal,49996.73154432034,49996.73154432034,39845.851598938534,0.0,0.0,1.0231815394945443e-12,0.0,0.0,0.0,0.0,3.410605131648481e-13,9.99571057036519e-08,0.0,0.0,0.0,1.1368683772161603e-13,optimal,optimal,2630.3326851174934,2630.3326851174957,37184.172333734925,9.094947017729282e-13,0.0,1.5688561560978087e-12,0.0,0.0,0.0,0.0,0.0,9.999939720728435e-08,3.637978807091713e-11,0.0,0.0,0.0,8.526512829121202e-14
2025-07-14,2,5,1200.0,1200.0,1200.0,78454.90135057709,941.2097509194302,48973.09155537619,5289.331593003487,54262.42314837967,38928.954239677594,36069.277220967735,1.0001531336456537e-07,1.00000761449337e-07,0,0,165,165,optimal,optimal,48973.09155527617,48973.09155527615,38928.954239677594,0.0,0.0,9.094947017729282e-13,0.0,0.0,0.0,0.0,0.0,1.0001531336456537e-07,0.0,0.0,0.0,1.1368683772161603e-13,optimal,optimal,5289.331592903487,5289.331592903473,36069.27722096777,1.8189894035458565e-12,0.0,1.602273869139026e-12,0.0,0.0,0.0,0.0,1.1368683772161603e-13,1.00000761449337e-07,3.637978807091713e-11,0.0,0.0,0.0,1.1368683772161603e-13
2025-07-15,2,5,1200.0,1200.0,1200.0,85809.2334354941,4.720325825526997e-08,54303.49067955036,1e-07,54303.490679650364,39810.106080996804,32961.91994262028,1.00000761449337e-07,1e-07,0,0,166,166,optimal,optimal,54303.49067945036,54303.49067945038,39810.106080996804,0.0,0.0,8.100187187665142e-13,0.0,0.0,0.0,0.0,1.1368683772161603e-13,1.00000761449337e-07,0.0,0.0,0.0,1.1368683772161603e-13,optimal,optimal,0.0,0.0,32961.91994262034,2.358937688047486e-12,0.0,1.694644424787839e-12,0.0,0.0,1.1368683772161603e-13,0.0,0.0,1e-07,5.820766091346741e-11,0.0,0.0,0.0,1.8474111127115627e-14
2025-07-16,2,5,1200.0,1200.0,1200.0,85464.07002596429,4.764174036127026e-08,53878.28749640539,1e-07,53878.28749650539,39514.89096439855,33686.38162974598,1.0000803740695119e-07,9.999999999999997e-08,0,0,167,167,optimal,optimal,53878.287496305384,53878.28749630538,39514.89096439855,0.0,0.0,1.5170087408478139e-12,0.0,0.0,0.0,0.0,5.915268275202834e-13,1.0000803740695119e-07,0.0,0.0,0.0,1.1368683772161603e-13,optimal,optimal,0.0,0.0,33686.38162974596,2.3669647800314684e-12,0.0,1.092459456231154e-12,0.0,0.0,1.1368683772161603e-13,0.0,0.0,9.999999999999997e-08,1.4551915228366852e-11,0.0,0.0,0.0,2.094348017488038e-14
2025-07-17,2,5,1200.0,1200.0,1200.0,84349.64689489017,3.240041713835993,53431.3267313467,21.891341620831703,53453.21807296753,38975.28183843327,37696.981400056844,9.998620953410864e-08,1.0000000472132342e-07,0,0,168,168,optimal,optimal,53431.32673124671,53431.3267312467,38975.28183843327,0.0,0.0,9.094947017729282e-13,0.0,0.0,0.0,0.0,0.0,9.998620953410864e-08,0.0,0.0,0.0,1.1368683772161603e-13,optimal,optimal,21.891341520831702,21.891341520831915,37696.98140005684,1.0046418807559407e-11,0.0,2.2946582905408125e-12,0.0,0.0,1.1368683772161603e-13,0.0,0.0,1.0000000472132342e-07,7.275957614183426e-12,0.0,0.0,0.0,2.4158453018493615e-14
2025-07-18,2,5,1200.0,1200.0,1200.0,44708.6084946183,3.503832104700343e-08,26927.04682297119,1e-07,26927.046823071192,24437.274472699617,21995.240328177315,1.0000803740695119e-07,9.999999999999998e-08,0,0,169,169,optimal,optimal,26927.046822871183,26927.046822871183,24437.27447269962,0.0,0.0,7.958078640513122e-13,0.0,0.0,0.0,0.0,0.0,1.0000803740695119e-07,3.637978807091713e-12,0.0,0.0,1.1368683772161603e-13,optimal,optimal,0.0,0.0,21995.240328177322,0.0,0.0,8.668621376273222e-13,0.0,0.0,1.1368683772161603e-13,0.0,0.0,9.999999999999998e-08,7.275957614183426e-12,0.0,0.0,0.0,0.0
2025-07-19,2,5,1200.0,1200.0,1200.0,44612.407911521645,4.68274393481392e-08,26864.73190307772,1e-07,26864.731903177722,24059.37099862611,21640.57741457143,9.999712347052991e-08,9.999999999999998e-08,0,0,170,170,optimal,optimal,26864.731902977725,26864.73190297774,24059.37099862611,0.0,0.0,7.958078640513122e-13,0.0,0.0,0.0,0.0,0.0,9.999712347052991e-08,0.0,0.0,0.0,1.1368683772161603e-13,optimal,optimal,0.0,0.0,21640.57741457144,0.0,0.0,1.5774048733874224e-12,0.0,0.0,3.410605131648481e-13,0.0,0.0,9.999999999999998e-08,7.275957614183426e-12,0.0,0.0,0.0,2.1429968902689567e-14
2025-07-20,2,5,1200.0,1200.0,1200.0,85421.8114165586,4.708104070990973e-08,54038.63141603519,1e-07,54038.631416135184,39950.97203055518,34325.43731440116,9.999348549172282e-08,1e-07,0,0,171,171,optimal,optimal,54038.6314159352,54038.631415935226,39950.97203055518,0.0,0.0,1.0231815394945443e-12,0.0,0.0,0.0,0.0,0.0,9.999348549172282e-08,0.0,0.0,0.0,1.1368683772161603e-13,optimal,optimal,0.0,0.0,34325.43731440115,2.2494456598288543e-12,0.0,2.021099337273174e-12,0.0,0.0,5.684341886080801e-13,0.0,0.0,1e-07,1.4551915228366852e-11,0.0,0.0,0.0,1.9756407717070302e-14
2025-07-21,2,5,1200.0,1200.0,1200.0,86135.91888159732,3.50392437121764e-08,54496.858110354944,1e-07,54496.858110454945,39654.52774144817,35102.64833274929,1.00000761449337e-07,1e-07,0,0,172,172,optimal,optimal,54496.85811025494,54496.858110254936,39654.52774144817,0.0,0.0,3.467448550509289e-12,0.0,0.0,0.0,0.0,1.1870504579292174e-12,1.00000761449337e-07,0.0,0.0,0.0,1.1368683772161603e-13,optimal,optimal,0.0,0.0,35102.64833274929,1.7681577309737957e-12,0.0,2.021099337273174e-12,0.0,0.0,0.0,0.0,0.0,1e-07,0.0,0.0,0.0,0.0,2.3192114898280165e-14
2025-07-22,2,5,1200.0,1200.0,1200.0,86141.4951995761,4.7641746531083665e-08,54564.340701150686,1e-07,54564.34070125069,40324.83988019459,35180.53859490353,9.998620953410864e-08,9.999999999999997e-08,0,0,173,173,optimal,optimal,54564.34070105071,54564.340701050714,40324.839880194595,0.0,0.0,8.881784197001252e-13,0.0,0.0,0.0,0.0,5.684341886080802e-14,9.998620953410864e-08,7.275957614183426e-12,0.0,0.0,1.1368683772161603e-13,optimal,optimal,0.0,0.0,35180.53859490356,2.3607949666238032e-12,0.0,1.2381207170619746e-12,0.0,0.0,3.410605131648481e-13,0.0,0.0,9.999999999999997e-08,2.9103830456733704e-11,0.0,0.0,0.0,2.094348017488038e-14
2025-07-23,2,5,1200.0,1200.0,1200.0,86416.59070974005,4.575612158970446e-08,54605.76157540871,1e-07,54605.76157550871,39925.39607648473,36997.901929469466,9.999348549172282e-08,1e-07,0,0,174,174,optimal,optimal,54605.761575308716,54605.76157530871,39925.39607648473,0.0,0.0,9.947598300641403e-13,0.0,0.0,0.0,0.0,0.0,9.999348549172282e-08,0.0,0.0,0.0,1.1368683772161603e-13,optimal,optimal,0.0,0.0,36997.901929469444,2.4895327328249765e-12,0.0,1.7937256618299419e-12,0.0,0.0,5.684341886080801e-13,0.0,0.0,1e-07,2.1827872842550278e-11,0.0,0.0,0.0,2.1998403091827043e-14
2025-07-24,2,5,1200.0,1200.0,1200.0,85249.42312166774,4.587156549653048e-08,53930.49643984471,1e-07,53930.49643994471,40399.208857904996,35057.30056891417,1.00000761449337e-07,9.999999999999998e-08,0,0,175,175,optimal,optimal,53930.49643974472,53930.49643974472,40399.20885790499,0.0,0.0,1.0231815394945443e-12,0.0,0.0,0.0,0.0,0.0,1.00000761449337e-07,7.275957614183426e-12,0.0,0.0,1.1368683772161603e-13,optimal,optimal,0.0,0.0,35057.30056891417,2.3240793565263027e-12,0.0,1.2051470932306074e-12,0.0,0.0,3.410605131648481e-13,0.0,0.0,9.999999999999998e-08,0.0,0.0,0.0,0.0,2.021115507632041e-14
2025-07-25,2,5,1200.0,1200.0,1200.0,44425.95240600724,4.594532317346128e-08,26629.76274715796,1e-07,26629.762747257962,24769.786372700168,22131.132630622757,1.00000761449337e-07,1e-07,0,0,176,176,optimal,optimal,26629.76274705796,26629.76274705796,24769.78637270017,0.0,0.0,8.526512829121202e-13,0.0,0.0,0.0,0.0,0.0,1.00000761449337e-07,3.637978807091713e-12,0.0,0.0,1.1368683772161603e-13,optimal,optimal,0.0,0.0,22131.13263062277,9.094947017729282e-13,0.0,1.5694112676101213e-12,0.0,0.0,1.1368683772161603e-13,0.0,0.0,1e-07,1.4551915228366852e-11,0.0,0.0,0.0,3.833611112282606e-15
2025-07-26,2,5,1200.0,1200.0,1200.0,44857.29352047217,4.667443767320153e-08,27051.6102718742,1e-07,27051.610271974198,24326.12950973642,22662.8501750648,1.0001167538575828e-07,9.999999999999998e-08,0,0,177,177,optimal,optimal,27051.61027177419,27051.61027177419,24326.12950973642,0.0,0.0,9.094947017729282e-13,0.0,0.0,0.0,0.0,0.0,1.0001167538575828e-07,0.0,0.0,0.0,1.1368683772161603e-13,optimal,optimal,0.0,0.0,22662.8501750648,0.0,0.0,1.5774048733874224e-12,0.0,0.0,5.684341886080801e-13,0.0,0.0,9.999999999999998e-08,0.0,0.0,0.0,0.0,2.3842494548745525e-14
2025-07-27,2,5,1200.0,1200.0,1200.0,85136.46344115594,299.3809683805374,53909.25666058819,1099.2346009350038,55008.49126152319,40052.09566358264,38898.630882611156,9.997893357649446e-08,1.0000007932831068e-07,0,0,178,178,optimal,optimal,53909.2566604882,53909.2566604882,40052.09566358264,0.0,0.0,1.1652900866465643e-12,0.0,0.0,0.0,0.0,1.1368683772161603e-13,9.997893357649446e-08,0.0,0.0,0.0,1.1368683772161603e-13,optimal,optimal,1099.2346008350034,1099.2346008350034,38898.63088261115,9.094947017729282e-13,0.0,1.2505552149377763e-12,0.0,0.0,0.0,0.0,0.0,1.0000007932831068e-07,7.275957614183426e-12,0.0,0.0,0.0,2.842170943040401e-14
2025-07-28,2,5,1200.0,1200.0,1200.0,85908.92104058152,4.739337648713428e-08,54433.77341511845,1e-07,54433.77341521845,40586.73968971977,38802.607760092214,9.998620953410864e-08,1e-07,0,0,179,179,optimal,optimal,54433.77341501846,54433.773415018455,40586.73968971977,0.0,0.0,7.958078640513122e-13,0.0,0.0,0.0,0.0,0.0,9.998620953410864e-08,0.0,0.0,0.0,1.1368683772161603e-13,optimal,optimal,0.0,0.0,38802.60776009223,2.4387853320020525e-12,0.0,1.7053025658242404e-12,0.0,0.0,0.0,0.0,0.0,1e-07,1.4551915228366852e-11,0.0,0.0,0.0,2.5011104308814043e-14
2025-07-29,2,5,1200.0,1200.0,1200.0,86499.40497018502,2.2175000461437997,54719.58265804789,14.930427600005862,54734.51308564789,40224.047522805486,36888.19521718142,1.0002986527979374e-07,9.999999761589606e-08,0,0,180,180,optimal,optimal,54719.58265794786,54719.58265794787,40224.047522805486,0.0,0.0,1.8758328224066645e-12,0.0,0.0,0.0,0.0,0.0,1.0002986527979374e-07,0.0,0.0,0.0,1.1368683772161603e-13,optimal,optimal,14.930427500005862,14.930427499992161,36888.195217181375,2.2753709373562777e-12,0.0,1.1617373729677638e-12,0.0,0.0,1.1368683772161603e-13,2.3874235921539366e-12,0.0,9.999999761589606e-08,4.3655745685100555e-11,0.0,0.0,0.0,1.19371179586521e-14
2025-07-30,2,5,1200.0,1200.0,1200.0,87544.64829108343,4.590315189275563e-08,55401.98274976268,1e-07,55401.982749862684,40276.42346815886,34767.57387299513,1.0002986527979374e-07,1e-07,0,0,181,181,optimal,optimal,55401.98274966265,55401.982749662646,40276.42346815886,0.0,0.0,1.8758328224066645e-12,0.0,0.0,0.0,0.0,0.0,1.0002986527979374e-07,0.0,0.0,0.0,1.1368683772161603e-13,optimal,optimal,0.0,0.0,34767.57387299516,2.3426240179862207e-12,0.0,1.8403056856186595e-12,0.0,0.0,1.1368683772161603e-13,0.0,0.0,1e-07,2.9103830456733704e-11,0.0,0.0,0.0,1.8587797983471968e-14
2025-07-31,2,5,1200.0,1200.0,1200.0,87193.12848954462,4.625349108479039e-08,55094.209779204335,1e-07,55094.209779304336,40274.87048515957,36444.90618629135,1.0000803740695119e-07,1e-07,0,0,182,182,optimal,optimal,55094.20977910433,55094.209779104334,40274.87048515957,0.0,0.0,1.2079226507921703e-12,0.0,0.0,0.0,0.0,0.0,1.0000803740695119e-07,0.0,0.0,0.0,1.1368683772161603e-13,optimal,optimal,0.0,0.0,36444.90618629139,2.386265841244587e-12,0.0,1.3571366253017914e-12,0.0,0.0,5.684341886080801e-13,0.0,0.0,1e-07,3.637978807091713e-11,0.0,0.0,0.0,2.2762469598649148e-14
2025-08-01,2,5,1200.0,1200.0,1200.0,44059.31753248871,4.720319376566327e-08,26343.872148209015,1e-07,26343.872148309016,25126.488639366755,21982.149252842108,9.999712347052991e-08,9.999999999999998e-08,0,0,183,183,optimal,optimal,26343.872148109014,26343.872148109014,25126.48863936675,0.0,0.0,8.526512829121202e-13,0.0,0.0,0.0,0.0,0.0,9.999712347052991e-08,3.637978807091713e-12,0.0,0.0,1.1368683772161603e-13,optimal,optimal,0.0,0.0,21982.1492528421,0.0,0.0,1.4779288903810084e-12,0.0,0.0,0.0,0.0,0.0,9.999999999999998e-08,7.275957614183426e-12,0.0,0.0,0.0,1.472244547616131e-14
2025-08-02,2,5,1200.0,1200.0,1200.0,44079.93713361696,4.658744625977624e-08,26548.07110252692,1e-07,26548.07110262692,24156.30363689752,21663.99342691745,1.00000761449337e-07,1e-07,0,0,184,184,optimal,optimal,26548.07110242692,26548.07110242691,24156.30363689752,0.0,0.0,9.094947017729282e-13,0.0,0.0,0.0,0.0,0.0,1.00000761449337e-07,0.0,0.0,0.0,1.1368683772161603e-13,optimal,optimal,0.0,0.0,21663.99342691746,0.0,0.0,1.4779288903810084e-12,0.0,0.0,0.0,0.0,0.0,1e-07,1.0913936421275139e-11,0.0,0.0,0.0,9.151790441142892e-15
2025-08-03,2,5,1200.0,1200.0,1200.0,83070.98212804968,58.138373385165,52308.145045145255,391.8008688925067,52699.94591403776,39721.75842362861,32333.41298153813,9.999348549172282e-08,1.0000002248489182e-07,0,0,185,185,optimal,optimal,52308.14504504527,52308.14504504526,39721.75842362862,0.0,0.0,1.8189894035458565e-12,0.0,0.0,0.0,0.0,0.0,9.999348549172282e-08,7.275957614183426e-12,0.0,0.0,1.1368683772161603e-13,optimal,optimal,391.80086879250666,391.80086879249916,32333.412981538095,2.5444423337419737e-11,0.0,2.589533525881254e-12,0.0,0.0,3.410605131648481e-13,0.0,0.0,1.0000002248489182e-07,3.637978807091713e-11,0.0,0.0,0.0,2.842170943040401e-14
2025-08-04,2,5,1200.0,1200.0,1200.0,80248.38097386705,4.677272520141936e-08,50671.77231686993,1e-07,50671.77231696993,38378.95203137215,31995.515759663278,1.00000761449337e-07,9.999999999999998e-08,0,0,186,186,optimal,optimal,50671.77231676993,50671.77231676995,38378.95203137216,0.0,0.0,8.402167850363185e-13,0.0,0.0,0.0,0.0,0.0,1.00000761449337e-07,7.275957614183426e-12,0.0,0.0,1.1368683772161603e-13,optimal,optimal,0.0,0.0,31995.515759663293,2.2462502491748774e-12,0.0,1.978466773127568e-12,0.0,0.0,1.1368683772161603e-13,0.0,0.0,9.999999999999998e-08,1.4551915228366852e-11,0.0,0.0,0.0,2.2055246520005213e-14
2025-08-05,2,5,1200.0,1200.0,1200.0,79000.82916306997,4.6253449696484387e-08,50055.39740333199,1e-07,50055.39740343199,37155.629839610265,32330.727943211175,1.0000803740695119e-07,1e-07,0,0,187,187,optimal,optimal,50055.397403231975,50055.39740323196,37155.629839610265,0.0,0.0,9.094947017729282e-13,0.0,0.0,0.0,0.0,0.0,1.0000803740695119e-07,0.0,0.0,0.0,1.1368683772161603e-13,optimal,optimal,0.0,0.0,32330.727943211168,9.094947017729282e-13,0.0,2.021099337273174e-12,0.0,0.0,0.0,0.0,0.0,1e-07,7.275957614183426e-12,0.0,0.0,0.0,1.3162571120428202e-14
2025-08-06,2,5,1200.0,1200.0,1200.0,77228.56952728063,4.77782920733313e-08,49085.09462245345,1e-07,49085.09462255344,36268.386495290215,34408.10696925811,9.998620953410864e-08,1e-07,0,0,188,188,optimal,optimal,49085.094622353456,49085.094622353485,36268.386495290215,0.0,0.0,8.810729923425242e-13,0.0,0.0,0.0,0.0,0.0,9.998620953410864e-08,0.0,0.0,0.0,1.1368683772161603e-13,optimal,optimal,0.0,0.0,34408.10696925811,0.0,0.0,2.021099337273174e-12,0.0,0.0,0.0,0.0,0.0,1e-07,0.0,0.0,0.0,0.0,1.784883352303487e-14
2025-08-07,2,5,1200.0,1200.0,1200.0,77042.91164513776,2.521728385158626,49043.7995699853,17.03805758417017,49060.83762756947,35926.6143486736,33254.385212755966,1.0000803740695119e-07,1.0000000116860974e-07,0,0,189,189,optimal,optimal,49043.7995698853,49043.79956988529,35926.6143486736,0.0,0.0,9.094947017729282e-13,0.0,0.0,0.0,0.0,0.0,1.0000803740695119e-07,0.0,0.0,0.0,1.1368683772161603e-13,optimal,optimal,17.038057484170167,17.038057484168554,33254.38521275598,9.094947017729282e-13,0.0,1.3642420526593924e-12,0.0,0.0,0.0,0.0,0.0,1.0000000116860974e-07,1.4551915228366852e-11,0.0,0.0,0.0,2.208366822085941e-14
2025-08-08,2,5,1200.0,1200.0,1200.0,42505.30103808538,4.7517192900592954e-08,25318.514755806314,1e-07,25318.514755906315,23964.665613440426,22515.581928149644,1.00000761449337e-07,9.999999999999998e-08,0,0,190,190,optimal,optimal,25318.51475570631,25318.514755706306,23964.665613440426,0.0,0.0,5.684341886080801e-13,0.0,0.0,0.0,0.0,0.0,1.00000761449337e-07,0.0,0.0,0.0,1.1368683772161603e-13,optimal,optimal,0.0,0.0,22515.58192814963,4.547473508864641e-13,0.0,8.411049634560186e-13,0.0,0.0,3.410605131648481e-13,0.0,0.0,9.999999999999998e-08,1.4551915228366852e-11,0.0,0.0,0.0,2.1941559676883762e-14
2025-08-09,2,5,1200.0,1200.0,1200.0,42358.132126226665,4.764173115071866e-08,25295.638486974996,1e-07,25295.638487074997,24022.898901094788,22160.14756889016,1.000043994281441e-07,9.999999999999998e-08,0,0,191,191,optimal,optimal,25295.63848687499,25295.63848687499,24022.898901094788,0.0,0.0,6.821210263296962e-13,0.0,0.0,0.0,0.0,0.0,1.000043994281441e-07,0.0,0.0,0.0,1.1368683772161603e-13,optimal,optimal,0.0,0.0,22160.14756889017,0.0,0.0,1.715960706860642e-12,0.0,0.0,5.684341886080801e-13,0.0,0.0,9.999999999999998e-08,1.0913936421275139e-11,0.0,0.0,0.0,5.570655061488196e-15
2025-08-10,2,5,1200.0,1200.0,1200.0,76685.32607916382,4.720317942829912e-08,48922.42713657861,1e-07,48922.42713667861,36517.06152892027,31225.74930906229,1.0001531336456537e-07,1e-07,0,0,192,192,optimal,optimal,48922.4271364786,48922.42713647857,36517.06152892027,0.0,0.0,9.094947017729282e-13,0.0,0.0,0.0,0.0,5.684341886080802e-14,1.0001531336456537e-07,0.0,0.0,0.0,1.1368683772161603e-13,optimal,optimal,0.0,0.0,31225.749309062303,0.0,0.0,1.3864465131518955e-12,0.0,0.0,0.0,0.0,0.0,1e-07,1.4551915228366852e-11,0.0,0.0,0.0,2.8194335757395995e-14
2025-08-11,2,5,1200.0,1200.0,1200.0,76887.09058229133,28.037658385169582,48916.37763007044,189.03485112916056,49105.41248119961,36104.944258549614,34434.00583868135,1.0003714123740792e-07,9.999999406318238e-08,0,0,193,193,optimal,optimal,48916.3776299704,48916.37762997039,36104.944258549614,0.0,0.0,8.846257060213247e-13,0.0,0.0,0.0,0.0,0.0,1.0003714123740792e-07,0.0,0.0,0.0,1.1368683772161603e-13,optimal,optimal,189.03485102916056,189.0348510291595,34434.00583868135,2.181998425857709e-12,0.0,1.5134560271690134e-12,0.0,0.0,1.1368683772161603e-13,2.3874235921539366e-12,0.0,9.999999406318238e-08,0.0,0.0,0.0,0.0,2.842170943040401e-14
2025-08-12,2,5,1200.0,1200.0,1200.0,75344.68814730515,4.615738936134282e-08,47980.18292607031,1e-07,47980.18292617031,35797.20591657507,33275.62616462064,9.999348549172282e-08,1e-07,0,0,194,194,optimal,optimal,47980.182925970315,47980.18292597032,35797.20591657507,0.0,0.0,8.100187187665142e-13,0.0,0.0,0.0,0.0,0.0,9.999348549172282e-08,0.0,0.0,0.0,1.1368683772161603e-13,optimal,optimal,0.0,0.0,33275.62616462067,1.8189894035458565e-12,0.0,1.2252914732218617e-12,0.0,0.0,0.0,0.0,0.0,1e-07,2.9103830456733704e-11,0.0,0.0,0.0,1.881517164324509e-14
2025-08-13,2,5,1200.0,1200.0,1200.0,76310.39778727766,17.831736712813118,48483.854566030466,120.09854067499978,48603.95310670547,35795.87620052533,32238.02311647217,1.0000803740695119e-07,1.000000082740371e-07,0,0,195,195,optimal,optimal,48483.854565930465,48483.854565930465,35795.87620052533,0.0,0.0,9.094947017729282e-13,0.0,0.0,0.0,0.0,0.0,1.0000803740695119e-07,0.0,0.0,0.0,1.1368683772161603e-13,optimal,optimal,120.09854057499979,120.09854057500215,32238.023116472177,2.378193726995873e-12,0.0,1.7053025658242404e-12,0.0,0.0,3.410605131648481e-13,2.3874235921539366e-12,0.0,1.000000082740371e-07,7.275957614183426e-12,0.0,0.0,0.0,1.4210854715202004e-14
2025-08-14,2,5,1200.0,1200.0,1200.0,76788.26898189646,6.593291712829858,48769.383646534625,45.994802766667966,48815.37844930129,35525.74837059797,35965.67044333489,1.0001531336456537e-07,1.0000000116860974e-07,0,0,196,196,optimal,optimal,48769.38364643461,48769.38364643462,35525.74837059797,0.0,0.0,1.1368683772161603e-12,0.0,0.0,0.0,0.0,0.0,1.0001531336456537e-07,0.0,0.0,0.0,1.1368683772161603e-13,optimal,optimal,45.994802666667965,45.99480266666919,35965.67044333491,9.094947017729282e-13,0.0,2.021099337273174e-12,0.0,0.0,0.0,2.3874235921539366e-12,0.0,1.0000000116860974e-07,1.4551915228366852e-11,0.0,0.0,0.0,2.1316282072803006e-14
2025-08-15,2,5,1200.0,1200.0,1200.0,42181.40192735838,4.739335879059822e-08,25202.597346518545,1e-07,25202.597346618546,24154.61113813216,23227.874702224373,9.999712347052991e-08,1e-07,0,0,197,197,optimal,optimal,25202.597346418548,25202.59734641855,24154.61113813216,0.0,0.0,9.094947017729282e-13,0.0,0.0,0.0,0.0,0.0,9.999712347052991e-08,0.0,0.0,0.0,5.684341886080802e-14,optimal,optimal,0.0,0.0,23227.874702224377,0.0,0.0,1.1937117960769683e-12,0.0,0.0,3.410605131648481e-13,0.0,0.0,1e-07,3.637978807091713e-12,0.0,0.0,0.0,1.1368683782749515e-14
2025-08-16,2,5,1200.0,1200.0,1200.0,41867.851254011315,4.639294152494049e-08,24964.483806032196,1e-07,24964.483806132193,24218.823480107254,22986.630347905397,1.000043994281441e-07,9.999999999999998e-08,0,0,198,198,optimal,optimal,24964.483805932192,24964.4838059322,24218.823480107254,0.0,0.0,8.526512829121202e-13,0.0,0.0,0.0,0.0,0.0,1.000043994281441e-07,0.0,0.0,0.0,1.1368683772161603e-13,optimal,optimal,0.0,0.0,22986.630347905397,0.0,0.0,1.4992451724538114e-12,0.0,0.0,3.410605131648481e-13,0.0,0.0,9.999999999999998e-08,0.0,0.0,0.0,0.0,1.2221335059838284e-14
2025-08-17,2,5,1200.0,1200.0,1200.0,76711.24403919416,0.548888379583766,48921.393244150255,3.689901920833256,48925.08314607109,35765.66833973413,33199.627054446166,9.999348549172282e-08,9.999999983634211e-08,0,0,199,199,optimal,optimal,48921.39324405026,48921.39324405024,35765.66833973414,0.0,0.0,9.094947017729282e-13,0.0,0.0,0.0,0.0,0.0,9.999348549172282e-08,7.275957614183426e-12,0.0,0.0,1.1368683772161603e-13,optimal,optimal,3.6899018208332564,3.6899018208358463,33199.62705444618,9.094947017729282e-13,0.0,1.5560885913146194e-12,0.0,0.0,3.410605131648481e-13,0.0,0.0,9.999999983634211e-08,1.4551915228366852e-11,0.0,0.0,0.0,2.7711166697290885e-14
2025-08-18,2,5,1200.0,1200.0,1200.0,76014.83624599803,77.61233837974429,48273.584324645104,526.9154378750201,48800.49976252012,36304.53051998134,34710.35810012512,1.00000761449337e-07,9.999985195463523e-08,0,0,200,200,optimal,optimal,48273.58432454511,48273.58432454512,36304.530519981345,0.0,0.0,1.0231815394945443e-12,0.0,0.0,0.0,0.0,0.0,1.00000761449337e-07,7.275957614183426e-12,0.0,0.0,1.1368683772161603e-13,optimal,optimal,526.9154377750201,526.9154377750262,34710.35810012509,2.4407438759001686e-12,0.0,1.5134560271690134e-12,0.0,0.0,0.0,2.3874235921539366e-12,1.1368683772161603e-13,9.999985195463523e-08,2.9103830456733704e-11,0.0,0.0,0.0,1.4210854715202004e-14
2025-08-19,2,5,1200.0,1200.0,1200.0,75033.45668203082,70.56712171281518,47845.02058101077,475.86632617416325,48320.88690718494,36233.59035608156,32286.099243633336,9.998620953410864e-08,1.0000007932831068e-07,0,0,201,201,optimal,optimal,47845.02058091079,47845.02058091079,36233.590356081564,0.0,0.0,8.810729923425242e-13,0.0,0.0,0.0,0.0,0.0,9.998620953410864e-08,7.275957614183426e-12,0.0,0.0,1.1368683772161603e-13,optimal,optimal,475.8663260741632,475.8663260741593,32286.099243633384,9.094947017729282e-13,0.0,1.5702994460298214e-12,0.0,0.0,1.1368683772161603e-13,0.0,0.0,1.0000007932831068e-07,4.729372449219227e-11,0.0,0.0,0.0,2.842170943040401e-14
2025-08-20,2,5,1200.0,1200.0,1200.0,74874.46275821049,1953.9801456947055,47784.32675373733,5111.268780494881,52895.59553423221,35633.09324620464,38741.475030628855,1.0000803740695119e-07,1.00000761449337e-07,0,0,202,202,optimal,optimal,47784.326753637324,47784.32675363733,35633.09324620464,0.0,0.0,8.810729923425242e-13,0.0,0.0,0.0,0.0,0.0,1.0000803740695119e-07,0.0,0.0,0.0,1.1368683772161603e-13,optimal,optimal,5111.268780394881,5111.2687803948775,38741.4750306289,4.547473508864641e-13,0.0,1.3784529073745944e-12,0.0,0.0,0.0,0.0,5.684341886080802e-14,1.00000761449337e-07,4.3655745685100555e-11,0.0,0.0,0.0,2.842170943040401e-14
2025-08-21,2,5,1200.0,1200.0,1200.0,76594.88772311795,4.6136095506131856e-08,48705.8435048438,1e-07,48705.84350494379,37465.79809269651,32539.22123456929,1.0001531336456537e-07,1e-07,0,0,203,203,optimal,optimal,48705.84350474378,48705.843504743774,37465.79809269651,0.0,0.0,8.242295734817162e-13,0.0,0.0,0.0,0.0,0.0,1.0001531336456537e-07,0.0,0.0,0.0,1.1368683772161603e-13,optimal,optimal,0.0,0.0,32539.221234569297,9.094947017729282e-13,0.0,1.1262102361797588e-12,0.0,0.0,0.0,0.0,0.0,1e-07,7.275957614183426e-12,0.0,0.0,0.0,1.9610979505390578e-14
2025-08-22,2,5,1200.0,1200.0,1200.0,42112.93735599691,4.764170659207401e-08,24987.467950835155,1e-07,24987.467950935155,25129.31975418122,24144.492027532135,1.0000803740695119e-07,9.999999999999998e-08,0,0,204,204,optimal,optimal,24987.46795073515,24987.46795073515,25129.319754181222,0.0,0.0,7.958078640513122e-13,0.0,0.0,0.0,0.0,0.0,1.0000803740695119e-07,3.637978807091713e-12,0.0,0.0,1.1368683772161603e-13,optimal,optimal,0.0,0.0,24144.492027532124,0.0,0.0,9.094947017729282e-13,0.0,0.0,1.1368683772161603e-13,0.0,0.0,9.999999999999998e-08,1.0913936421275139e-11,0.0,0.0,0.0,5.570655061488196e-15
2025-08-23,2,5,1200.0,1200.0,1200.0,42161.16608584601,4.6157389150879957e-08,25073.16515727069,1e-07,25073.165157370688,24877.003315909576,23130.86514852306,1.0000803740695119e-07,1e-07,0,0,205,205,optimal,optimal,25073.16515717068,25073.165157170664,24877.003315909576,0.0,0.0,7.958078640513122e-13,0.0,0.0,0.0,0.0,0.0,1.0000803740695119e-07,0.0,0.0,0.0,1.1368683772161603e-13,optimal,optimal,0.0,0.0,23130.86514852306,0.0,0.0,1.3073986337985843e-12,0.0,0.0,1.1368683772161603e-13,0.0,0.0,1e-07,0.0,0.0,0.0,0.0,5.8231307676463265e-15
2025-08-24,2,5,1200.0,1200.0,1200.0,78298.87146479155,4.716981602062053e-08,49660.9169404578,1e-07,49660.9169405578,37256.55107170937,34582.53390987616,9.999348549172282e-08,9.999999999999998e-08,0,0,206,206,optimal,optimal,49660.91694035781,49660.91694035782,37256.55107170937,0.0,0.0,9.094947017729282e-13,0.0,0.0,0.0,0.0,0.0,9.999348549172282e-08,0.0,0.0,0.0,1.1368683772161603e-13,optimal,optimal,0.0,0.0,34582.53390987617,2.4909288850512485e-12,0.0,1.6129320101754274e-12,0.0,0.0,0.0,0.0,0.0,9.999999999999998e-08,7.275957614183426e-12,0.0,0.0,0.0,1.8189894025929444e-14
2025-08-25,2,5,1200.0,1200.0,1200.0,78525.98206922715,4.716981602062053e-08,49761.67568176859,1e-07,49761.67568186859,38708.4930610994,37061.53656593285,1.0002258932217956e-07,9.999999999999998e-08,0,0,207,207,optimal,optimal,49761.675681668574,49761.675681668574,38708.493061099405,0.0,0.0,8.952838470577262e-13,0.0,0.0,0.0,0.0,0.0,1.0002258932217956e-07,7.275957614183426e-12,0.0,0.0,1.1368683772161603e-13,optimal,optimal,0.0,0.0,37061.53656593285,2.4909288850512485e-12,0.0,1.4708234630234074e-12,0.0,0.0,0.0,0.0,0.0,9.999999999999998e-08,0.0,0.0,0.0,0.0,1.8189894025929444e-14
2025-08-26,2,5,1200.0,1200.0,1200.0,78526.46203555969,4.613610882772386e-08,49966.497080237285,1e-07,49966.497080337285,37499.78572109184,34766.42727407573,1.0000803740695119e-07,1e-07,0,0,208,208,optimal,optimal,49966.49708013728,49966.49708013723,37499.78572109183,0.0,0.0,7.958078640513122e-13,0.0,0.0,0.0,0.0,0.0,1.0000803740695119e-07,7.275957614183426e-12,0.0,0.0,1.1368683772161603e-13,optimal,optimal,0.0,0.0,34766.427274075686,2.443706379069714e-12,0.0,1.7510930976843359e-12,0.0,0.0,1.1368683772161603e-13,0.0,0.0,1e-07,4.3655745685100555e-11,0.0,0.0,0.0,2.6179714042412377e-14
2025-08-27,2,5,1200.0,1200.0,1200.0,78437.6240209506,4.625348429732369e-08,50060.05108634966,1e-07,50060.05108644966,37775.2770247952,36975.48712963068,1.0002986527979374e-07,1e-07,0,0,209,209,optimal,optimal,50060.05108624963,50060.0510862496,37775.2770247952,0.0,0.0,9.094947017729282e-13,0.0,0.0,0.0,0.0,0.0,1.0002986527979374e-07,0.0,0.0,0.0,1.1368683772161603e-13,optimal,optimal,0.0,0.0,36975.48712963068,2.2793664702229655e-12,0.0,1.48947520983711e-12,0.0,0.0,5.684341886080801e-13,0.0,0.0,1e-07,0.0,0.0,0.0,0.0,1.566368154998652e-14
2025-08-28,2,5,1200.0,1200.0,1200.0,78746.58467965599,12.49887504721451,50287.71462919819,84.28028028750228,50371.9949094857,39118.472599372624,37301.97933568744,9.998620953410864e-08,9.999999406318238e-08,0,0,210,210,optimal,optimal,50287.71462909822,50287.71462909823,39118.472599372624,0.0,0.0,9.094947017729282e-13,0.0,0.0,0.0,0.0,0.0,9.998620953410864e-08,0.0,0.0,0.0,1.1368683772161603e-13,optimal,optimal,84.28028018750229,84.28028018750459,37301.97933568745,2.255016812609933e-12,0.0,1.7053025658242404e-12,0.0,0.0,0.0,2.3874235921539366e-12,0.0,9.999999406318238e-08,7.275957614183426e-12,0.0,0.0,0.0,2.842170943040401e-14
2025-08-29,2,5,1200.0,1200.0,1200.0,43508.655313370444,4.751721561714644e-08,26094.68626618867,1e-07,26094.686266288667,25563.765831930505,24798.466342936026,1.00000761449337e-07,1e-07,0,0,211,211,optimal,optimal,26094.68626608867,26094.68626608867,25563.76583193051,0.0,0.0,9.094947017729282e-13,0.0,0.0,0.0,0.0,0.0,1.00000761449337e-07,3.637978807091713e-12,0.0,0.0,0.0,optimal,optimal,0.0,0.0,24798.466342936037,0.0,0.0,1.3784529073745944e-12,0.0,0.0,1.1368683772161603e-13,0.0,0.0,1e-07,1.0913936421275139e-11,0.0,0.0,0.0,5.400124776953685e-15
2025-08-30,2,5,1200.0,1200.0,1200.0,43569.325061580326,4.739335879059822e-08,26099.11614080944,1e-07,26099.116140909442,25934.444409708376,22757.380865158615,9.999712347052991e-08,1e-07,0,0,212,212,optimal,optimal,26099.116140709444,26099.11614070945,25934.444409708376,0.0,0.0,6.821210263296962e-13,0.0,0.0,0.0,0.0,0.0,9.999712347052991e-08,0.0,0.0,0.0,1.1368683772161603e-13,optimal,optimal,0.0,0.0,22757.38086515861,0.0,0.0,1.2390088954816747e-12,0.0,0.0,1.1368683772161603e-13,0.0,0.0,1e-07,3.637978807091713e-12,0.0,0.0,0.0,1.7053025647654493e-14
2025-08-31,2,5,1200.0,1200.0,1200.0,79092.6265674714,14.018891712502333,50386.813221466364,94.71864164583636,50481.531863112206,39468.55363393958,35162.86263383772,1.0000803740695119e-07,9.999999406318238e-08,0,0,213,213,optimal,optimal,50386.813221366356,50386.81322136635,39468.55363393958,0.0,0.0,9.663381206337363e-13,0.0,0.0,0.0,0.0,0.0,1.0000803740695119e-07,0.0,0.0,0.0,1.1368683772161603e-13,optimal,optimal,94.71864154583636,94.71864154583598,35162.862633837714,2.418636314741294e-12,0.0,2.021099337273174e-12,0.0,0.0,0.0,2.3874235921539366e-12,0.0,9.999999406318238e-08,7.275957614183426e-12,0.0,0.0,0.0,2.1373125500981176e-14
2025-09-01,2,5,1200.0,1200.0,1200.0,79431.40203001238,2.8989936638643413e-08,50468.27145812732,1e-07,50468.27145822732,39509.66302643316,27973.63890291195,1.0001531336456537e-07,1e-07,0,0,214,214,optimal,optimal,50468.2714580273,50468.27145802729,39509.66302643317,0.0,0.0,9.094947017729282e-13,0.0,0.0,0.0,0.0,0.0,1.0001531336456537e-07,7.275957614183426e-12,0.0,0.0,1.1368683772161603e-13,optimal,optimal,0.0,0.0,27973.63890291196,2.1112349005126853e-12,0.0,1.4850343177386094e-12,0.0,0.0,5.684341886080801e-13,0.0,0.0,1e-07,1.0913936421275139e-11,0.0,0.0,0.0,2.4158454328744475e-16
2025-09-02,2,5,1200.0,1200.0,1200.0,78490.83174021835,3.503854239663629e-08,49844.24306697892,1e-07,49844.24306707892,37919.944378384396,31888.953578306533,1.00000761449337e-07,9.999999999999998e-08,0,0,215,215,optimal,optimal,49844.24306687892,49844.24306687892,37919.944378384396,0.0,0.0,8.952838470577262e-13,0.0,0.0,0.0,0.0,0.0,1.00000761449337e-07,0.0,0.0,0.0,1.1368683772161603e-13,optimal,optimal,0.0,0.0,31888.95357830653,9.094947017729282e-13,0.0,2.021099337273174e-12,0.0,0.0,0.0,0.0,0.0,9.999999999999998e-08,3.637978807091713e-12,0.0,0.0,0.0,2.248489180640134e-14
2025-09-03,2,5,1200.0,1200.0,1200.0,77272.17203119348,2.898993802366261e-08,49312.406914289866,1e-07,49312.40691438987,37622.860371832976,28029.036693990784,9.999348549172282e-08,1e-07,0,0,216,216,optimal,optimal,49312.40691418987,49312.40691418988,37622.860371832976,0.0,0.0,9.094947017729282e-13,0.0,0.0,0.0,0.0,0.0,9.999348549172282e-08,0.0,0.0,0.0,1.1368683772161603e-13,optimal,optimal,0.0,0.0,28029.03669399076,2.124060736028533e-12,0.0,1.2505552149377763e-12,0.0,0.0,0.0,0.0,0.0,1e-07,2.1827872842550278e-11,0.0,0.0,0.0,2.6469779601696886e-23
2025-09-04,2,5,1200.0,1200.0,1200.0,77575.35738699595,2.8989944948758612e-08,49565.95462159756,1e-07,49565.95462169756,37491.86681627756,30811.101875472403,9.999348549172282e-08,1e-07,0,0,217,217,optimal,optimal,49565.95462149756,49565.954621497585,37491.86681627756,0.0,0.0,8.526512829121202e-13,0.0,0.0,0.0,0.0,0.0,9.999348549172282e-08,0.0,0.0,0.0,1.1368683772161603e-13,optimal,optimal,0.0,0.0,30811.1018754724,2.1881899136043113e-12,0.0,1.3073986337985843e-12,0.0,0.0,0.0,0.0,0.0,1e-07,3.637978807091713e-12,0.0,0.0,0.0,1.3234889800848443e-23
2025-09-05,2,5,1200.0,1200.0,1200.0,43269.93327683754,3.5038164647424854e-08,26014.839380136986,1e-07,26014.839380236986,25933.894472671418,20081.32162444541,9.999712347052991e-08,9.999999999999998e-08,0,0,218,218,optimal,optimal,26014.839380036985,26014.839380036996,25933.89447267142,0.0,0.0,9.094947017729282e-13,0.0,0.0,0.0,0.0,0.0,9.999712347052991e-08,3.637978807091713e-12,0.0,0.0,1.1368683772161603e-13,optimal,optimal,0.0,0.0,20081.321624445423,0.0,0.0,7.531752999057062e-13,0.0,0.0,1.1368683772161603e-13,0.0,0.0,9.999999999999998e-08,1.4551915228366852e-11,0.0,0.0,0.0,0.0
2025-09-06,2,5,1200.0,1200.0,1200.0,43338.574957393124,3.503833086009401e-08,26059.52787360359,1e-07,26059.527873703588,25348.996572671756,19891.148254075364,9.998620953410864e-08,9.999999999999998e-08,0,0,219,219,optimal,optimal,26059.5278735036,26059.527873503604,25348.996572671753,0.0,0.0,7.958078640513122e-13,0.0,0.0,0.0,0.0,0.0,9.998620953410864e-08,3.637978807091713e-12,0.0,0.0,1.1368683772161603e-13,optimal,optimal,0.0,0.0,19891.148254075357,0.0,0.0,8.455458555545192e-13,0.0,0.0,3.410605131648481e-13,0.0,0.0,9.999999999999998e-08,7.275957614183426e-12,0.0,0.0,0.0,9.26442286059391e-23
2025-09-07,2,5,1200.0,1200.0,1200.0,77351.73622210443,2.8989942178720208e-08,49449.40639475387,1e-07,49449.40639485387,39039.71780677888,31415.35484004778,1.00000761449337e-07,1e-07,0,0,220,220,optimal,optimal,49449.406394653866,49449.40639465385,39039.71780677888,0.0,0.0,9.094947017729282e-13,0.0,0.0,0.0,0.0,0.0,1.00000761449337e-07,0.0,0.0,0.0,1.1368683772161603e-13,optimal,optimal,0.0,0.0,31415.354840047738,2.162538242576078e-12,0.0,1.4095391520640987e-12,0.0,0.0,0.0,0.0,0.0,1e-07,4.3655745685100555e-11,0.0,0.0,0.0,5.293955920339377e-23
2025-09-08,2,5,1200.0,1200.0,1200.0,71198.88071589169,4.552699001319579e-08,44864.196132796234,1e-07,44864.196132896235,37459.446295289854,32961.089411238056,1.0000803740695119e-07,9.999999999999997e-08,0,0,221,221,optimal,optimal,44864.19613269623,44864.196132696234,37459.446295289854,0.0,0.0,9.094947017729282e-13,0.0,0.0,0.0,0.0,0.0,1.0000803740695119e-07,0.0,0.0,0.0,1.1368683772161603e-13,optimal,optimal,0.0,0.0,32961.08941123805,2.3147575569982423e-12,0.0,1.6626700016786344e-12,0.0,0.0,0.0,0.0,0.0,9.999999999999997e-08,7.275957614183426e-12,0.0,0.0,0.0,2.0463630769244457e-14
2025-09-09,2,5,1200.0,1200.0,1200.0,72130.71970397193,2.8989936638643413e-08,45483.68206214697,1e-07,45483.68206224697,37925.50912973406,32127.80797411409,1.00000761449337e-07,1e-07,0,0,222,222,optimal,optimal,45483.682062046966,45483.682062046944,37925.50912973407,0.0,0.0,8.810729923425242e-13,0.0,0.0,0.0,0.0,0.0,1.00000761449337e-07,7.275957614183426e-12,0.0,0.0,1.1368683772161603e-13,optimal,optimal,0.0,0.0,32127.807974114083,2.1112349005126853e-12,0.0,1.5205614545266144e-12,0.0,0.0,0.0,0.0,0.0,1e-07,7.275957614183426e-12,0.0,0.0,0.0,5.293955920339377e-23
2025-09-10,2,5,1200.0,1200.0,1200.0,71576.14239707138,296.37601568424066,45181.970441731224,1046.4686770292003,46228.43911876042,37479.90428541302,36613.35549500359,1.0000803740695119e-07,1.0000030670198612e-07,0,0,223,223,optimal,optimal,45181.97044163121,45181.97044163121,37479.90428541302,0.0,0.0,8.810729923425242e-13,0.0,0.0,0.0,0.0,0.0,1.0000803740695119e-07,0.0,0.0,0.0,1.1368683772161603e-13,optimal,optimal,1046.4686769292002,1046.4686769292005,36613.35549500359,9.094947017729282e-13,0.0,1.6697754290362354e-12,0.0,0.0,5.684341886080801e-13,0.0,0.0,1.0000030670198612e-07,0.0,0.0,0.0,0.0,0.0
2025-09-11,2,5,1200.0,1200.0,1200.0,73699.71176584573,2.6164411411110912e-08,46429.20599691823,1e-07,46429.20599701823,39398.03272643326,33267.90475426284,1.0000803740695119e-07,9.999999999999998e-08,0,0,224,224,optimal,optimal,46429.20599681822,46429.205996818215,39398.03272643326,0.0,0.0,9.094947017729282e-13,0.0,0.0,0.0,0.0,0.0,1.0000803740695119e-07,0.0,0.0,0.0,1.1368683772161603e-13,optimal,optimal,0.0,0.0,33267.904754262854,2.3195930848406608e-12,0.0,1.2505552149377763e-12,0.0,0.0,1.1368683772161603e-13,0.0,0.0,9.999999999999998e-08,1.4551915228366852e-11,0.0,0.0,0.0,0.0
2025-09-12,2,5,1200.0,1200.0,1200.0,38191.719749649536,4.61571158727018e-08,22286.44149802495,1e-07,22286.44149812495,26016.621567732473,22254.91239664225,1.000043994281441e-07,9.999999999999998e-08,0,0,225,225,optimal,optimal,22286.441497924945,22286.441497924945,26016.621567732476,0.0,0.0,8.526512829121202e-13,0.0,0.0,0.0,0.0,0.0,1.000043994281441e-07,3.637978807091713e-12,0.0,0.0,1.1368683772161603e-13,optimal,optimal,0.0,0.0,22254.912396642245,0.0,0.0,1.4921397450962104e-12,0.0,0.0,1.1368683772161603e-13,0.0,0.0,9.999999999999998e-08,3.637978807091713e-12,0.0,0.0,0.0,9.578116086304722e-15
2025-09-13,2,5,1200.0,1200.0,1200.0,39030.017577818304,3.503821765508272e-08,22805.198399681638,1e-07,22805.19839978164,25977.41837143658,21934.163721358716,1.00000761449337e-07,9.999999999999998e-08,0,0,226,226,optimal,optimal,22805.198399581637,22805.19839958165,25977.418371436575,0.0,0.0,6.821210263296962e-13,0.0,0.0,0.0,0.0,0.0,1.00000761449337e-07,3.637978807091713e-12,0.0,0.0,1.1368683772161603e-13,optimal,optimal,0.0,0.0,21934.163721358724,0.0,0.0,9.237055564881302e-13,0.0,0.0,5.684341886080801e-13,0.0,0.0,9.999999999999998e-08,7.275957614183426e-12,0.0,0.0,0.0,0.0
2025-09-14,2,5,1200.0,1200.0,1200.0,72303.39538892076,4.522939806654034e-08,45788.92267781537,1e-07,45788.92267791537,39204.64476609141,34386.54893204027,1.00000761449337e-07,1e-07,0,0,227,227,optimal,optimal,45788.92267771537,45788.922677715396,39204.64476609141,0.0,0.0,8.100187187665142e-13,0.0,0.0,0.0,0.0,0.0,1.00000761449337e-07,0.0,0.0,0.0,1.1368683772161603e-13,optimal,optimal,0.0,0.0,34386.54893204028,1.3650683554840229e-12,0.0,1.4495071809506044e-12,0.0,0.0,0.0,0.0,0.0,1e-07,7.275957614183426e-12,0.0,0.0,0.0,2.2055246506770323e-14
2025-09-15,2,5,1200.0,1200.0,1200.0,67917.72557472318,1.171766714444837,42176.593537793,7.893606249999396,42184.487144043,38723.07261053563,36985.7660554912,1.0001531336456537e-07,1.0000043726421382e-07,0,0,228,228,optimal,optimal,42176.593537692985,42176.593537693,38723.07261053564,0.0,0.0,9.947598300641403e-13,0.0,0.0,0.0,0.0,0.0,1.0001531336456537e-07,7.275957614183426e-12,0.0,0.0,1.1368683772161603e-13,optimal,optimal,7.893606149998959,7.893606150001842,36985.76605549121,9.094947017729282e-13,0.0,1.4903633882568101e-12,0.0,0.0,0.0,0.0,0.0,1.0000043726421382e-07,7.275957614183426e-12,0.0,0.0,0.0,0.0
2025-09-16,2,5,1200.0,1200.0,1200.0,66772.56310608123,4.739334788633817e-08,41847.93714701469,1e-07,41847.93714711469,38762.02695498015,36136.77256043038,1.0000803740695119e-07,1e-07,0,0,229,229,optimal,optimal,41847.93714691468,41847.937146914664,38762.02695498015,0.0,0.0,9.094947017729282e-13,0.0,0.0,0.0,0.0,0.0,1.0000803740695119e-07,0.0,0.0,0.0,1.1368683772161603e-13,optimal,optimal,0.0,0.0,36136.77256043042,9.094947017729282e-13,0.0,1.6271428648906294e-12,0.0,0.0,0.0,0.0,0.0,1e-07,4.3655745685100555e-11,0.0,0.0,0.0,1.7305501393517292e-14
2025-09-17,2,5,1200.0,1200.0,1200.0,67680.96169827259,7.629166714445045,42223.47254029373,34.70889384999979,42258.18143414374,38796.04529942455,37674.46048697269,1.0000803740695119e-07,1.0000000116860974e-07,0,0,230,230,optimal,optimal,42223.47254019373,42223.472540193725,38796.04529942456,0.0,0.0,1.0373923942097463e-12,0.0,0.0,0.0,0.0,0.0,1.0000803740695119e-07,7.275957614183426e-12,0.0,0.0,1.1368683772161603e-13,optimal,optimal,34.70889374999979,34.70889375000387,37674.46048697267,7.549411854126412e-12,4.421053745318204e-08,1.2505552149377763e-12,0.0,0.0,0.0,0.0,0.0,1.0000000116860974e-07,2.1827872842550278e-11,0.0,0.0,0.0,2.16004991607543e-14
2025-09-18,2,5,1200.0,1200.0,1200.0,67915.36045150307,4.5945329014252945e-08,42442.101394121,1e-07,42442.101394221,38792.21361423959,36987.86123142145,1.0000803740695119e-07,1e-07,0,0,231,231,optimal,optimal,42442.10139402099,42442.10139402099,38792.21361423959,0.0,0.0,9.094947017729282e-13,0.0,0.0,0.0,0.0,0.0,1.0000803740695119e-07,0.0,0.0,0.0,1.1368683772161603e-13,optimal,optimal,0.0,0.0,36987.86123142145,2.45700615310932e-12,0.0,1.5702994460298214e-12,0.0,0.0,0.0,0.0,0.0,1e-07,0.0,0.0,0.0,0.0,1.2992040862364682e-14
2025-09-19,2,5,1200.0,1200.0,1200.0,34294.11310542119,4.7778291033194066e-08,19268.862574655104,1e-07,19268.862574755105,26514.241456621807,25340.52373058971,9.999712347052991e-08,1e-07,0,0,232,232,optimal,optimal,19268.862574555107,19268.86257455511,26514.241456621807,0.0,0.0,7.958078640513122e-13,0.0,0.0,0.0,0.0,0.0,9.999712347052991e-08,0.0,0.0,0.0,1.1368683772161603e-13,optimal,optimal,0.0,0.0,25340.523730589717,0.0,0.0,1.3242740237728867e-12,0.0,0.0,1.1368683772161603e-13,0.0,0.0,1e-07,7.275957614183426e-12,0.0,0.0,0.0,5.2864379470671236e-15
2025-09-20,2,5,1200.0,1200.0,1200.0,34487.362696155054,4.6392941813552364e-08,19358.921563401163,1e-07,19358.92156350116,26678.599610942652,25895.7808478766,1.00000761449337e-07,9.999999999999998e-08,0,0,233,233,optimal,optimal,19358.92156330116,19358.921563301155,26678.599610942652,0.0,0.0,6.821210263296962e-13,0.0,0.0,0.0,0.0,0.0,1.00000761449337e-07,0.0,0.0,0.0,1.1368683772161603e-13,optimal,optimal,0.0,0.0,25895.780847876573,0.0,0.0,2.021099337273174e-12,0.0,0.0,0.0,0.0,0.0,9.999999999999998e-08,2.546585164964199e-11,0.0,0.0,0.0,1.3298040355465877e-14
2025-09-21,2,5,1200.0,1200.0,1200.0,70786.65067769647,4.575612158970446e-08,44077.21329279871,1e-07,44077.21329289871,39012.694562387565,33575.59910673035,1.0001531336456537e-07,1e-07,0,0,234,234,optimal,optimal,44077.213292698696,44077.21329269869,39012.69456238757,0.0,0.0,9.094947017729282e-13,0.0,0.0,0.0,0.0,0.0,1.0001531336456537e-07,7.275957614183426e-12,0.0,0.0,1.1368683772161603e-13,optimal,optimal,0.0,0.0,33575.59910673038,2.4895327328249765e-12,0.0,1.4317436125566019e-12,0.0,0.0,0.0,0.0,0.0,1e-07,2.9103830456733704e-11,0.0,0.0,0.0,2.1998403091827043e-14
2025-09-22,2,5,1200.0,1200.0,1200.0,70653.63079359496,19.55590004752374,44012.292973832766,131.787400450002,44144.08037428277,38788.801213004845,35582.556557343676,1.0000803740695119e-07,1.0000007932831068e-07,0,0,235,235,optimal,optimal,44012.292973732765,44012.29297373277,38788.80121300485,0.0,0.0,9.947598300641403e-13,0.0,0.0,0.0,0.0,0.0,1.0000803740695119e-07,7.275957614183426e-12,0.0,0.0,1.1368683772161603e-13,optimal,optimal,131.78740035000192,131.78740034999663,35582.55655734371,9.96233448552519e-12,0.0,1.4424017535930034e-12,0.0,0.0,0.0,2.3874235921539366e-12,0.0,1.0000007932831068e-07,3.637978807091713e-11,0.0,0.0,0.0,1.1539214040817478e-14
2025-09-23,2,5,1200.0,1200.0,1200.0,71147.71922301888,4.764181164014305e-08,44402.99741546082,1e-07,44402.99741556082,39011.48297596837,37591.91119931929,9.998620953410864e-08,9.999999999999998e-08,0,0,236,236,optimal,optimal,44402.997415360835,44402.99741536084,39011.48297596837,0.0,0.0,1.3642420526593924e-12,0.0,0.0,0.0,0.0,0.0,9.998620953410864e-08,0.0,0.0,0.0,1.1368683772161603e-13,optimal,optimal,0.0,0.0,37591.91119931928,2.4093727449553888e-12,0.0,2.021099337273174e-12,0.0,0.0,0.0,0.0,0.0,9.999999999999998e-08,1.4551915228366852e-11,0.0,0.0,0.0,2.467004379268458e-14
2025-09-24,2,5,1200.0,1200.0,1200.0,71390.51653761415,4.625347377636145e-08,44451.32744066445,1e-07,44451.32744076445,39095.92291423936,37448.75664434167,1.0001531336456537e-07,1e-07,0,0,237,237,optimal,optimal,44451.32744056443,44451.32744056444,39095.92291423936,0.0,0.0,8.952838470577262e-13,0.0,0.0,0.0,0.0,0.0,1.0001531336456537e-07,0.0,0.0,0.0,1.1368683772161603e-13,optimal,optimal,0.0,0.0,37448.75664434165,2.2898874324672435e-12,0.0,1.4663825709249068e-12,0.0,0.0,0.0,0.0,0.0,1e-07,2.1827872842550278e-11,0.0,0.0,0.0,1.5663681549985713e-14
2025-09-25,2,5,1200.0,1200.0,1200.0,70906.13801849894,15.371666713872282,44389.46943628212,103.49743176667124,44492.96686804879,38809.17870683205,35922.151384504934,1.0000803740695119e-07,9.999999406318238e-08,0,0,238,238,optimal,optimal,44389.46943618211,44389.469436182124,38809.17870683205,0.0,0.0,9.094947017729282e-13,0.0,0.0,0.0,0.0,0.0,1.0000803740695119e-07,0.0,0.0,0.0,1.1368683772161603e-13,optimal,optimal,103.49743166667122,103.49743166667434,35922.1513845049,9.782911885284765e-12,0.0,1.3855583347321954e-12,0.0,0.0,0.0,0.0,0.0,9.999999406318238e-08,3.637978807091713e-11,0.0,0.0,0.0,3.1832314485819523e-15
2025-09-26,2,5,1200.0,1200.0,1200.0,35281.83130487444,4.716980220412074e-08,19833.50885204081,1e-07,19833.50885214081,27418.441375126225,25243.958383663376,9.999712347052991e-08,1e-07,0,0,239,239,optimal,optimal,19833.508851940816,19833.508851940827,27418.441375126225,0.0,0.0,9.094947017729282e-13,0.0,0.0,0.0,0.0,0.0,9.999712347052991e-08,0.0,0.0,0.0,1.1368683772161603e-13,optimal,optimal,0.0,0.0,25243.958383663372,4.547473508864641e-13,0.0,1.2647660696529783e-12,0.0,0.0,1.1368683772161603e-13,0.0,0.0,1e-07,3.637978807091713e-12,0.0,0.0,0.0,1.3642420526064528e-14
2025-09-27,2,5,1200.0,1200.0,1200.0,35153.14598539908,4.739335905872755e-08,19798.839072035968,1e-07,19798.83907213597,27411.076419570272,27531.8260910699,1.00000761449337e-07,9.999999999999998e-08,0,0,240,240,optimal,optimal,19798.839071935967,19798.839071935967,27411.076419570276,0.0,0.0,9.094947017729282e-13,0.0,0.0,0.0,0.0,0.0,1.00000761449337e-07,3.637978807091713e-12,0.0,0.0,1.1368683772161603e-13,optimal,optimal,0.0,0.0,27531.826091069895,0.0,0.0,1.2363443602225743e-12,0.0,0.0,5.684341886080801e-13,0.0,0.0,9.999999999999998e-08,3.637978807091713e-12,0.0,0.0,0.0,1.105272531300506e-14
2025-09-28,2,5,1200.0,1200.0,1200.0,72809.92847184258,5.86833338015848,45542.20441239857,39.561369266661245,45581.76578166523,39511.11992535076,37921.24056969114,9.999348549172282e-08,9.999996564147295e-08,0,0,241,241,optimal,optimal,45542.20441229857,45542.20441229859,39511.119925350766,0.0,0.0,8.526512829121202e-13,0.0,0.0,0.0,0.0,0.0,9.999348549172282e-08,7.275957614183426e-12,0.0,0.0,1.1368683772161603e-13,optimal,optimal,39.56136916666128,39.56136916666824,37921.24056969115,9.971712884789413e-12,0.0,1.4424017535930034e-12,0.0,0.0,0.0,0.0,0.0,9.999996564147295e-08,1.4551915228366852e-11,0.0,0.0,0.0,3.2400748767601227e-15
2025-09-29,2,5,1200.0,1200.0,1200.0,73175.52186274792,26.015016713494894,45747.87114285682,134.73625676666165,45882.60739962348,39231.44045498032,36806.710087592306,1.00000761449337e-07,1.0000007932831068e-07,0,0,242,242,optimal,optimal,45747.87114275682,45747.871142756834,39231.44045498033,0.0,0.0,8.597567102697212e-13,0.0,0.0,0.0,0.0,0.0,1.00000761449337e-07,7.275957614183426e-12,0.0,0.0,1.1368683772161603e-13,optimal,optimal,134.73625666666157,134.7362566666671,36806.71008759229,1.0119271806529419e-11,0.0,1.3429257705865894e-12,0.0,0.0,0.0,2.3874235921539366e-12,0.0,1.0000007932831068e-07,1.4551915228366852e-11,0.0,0.0,0.0,2.2339463607956506e-14
2025-09-30,2,5,1200.0,1200.0,1200.0,74048.38025047425,51.606972551507155,46450.74527799319,286.21881226998465,46736.96409026318,39410.844762387766,38988.09867276713,9.998620953410864e-08,1.0000002248489182e-07,0,0,243,243,optimal,optimal,46450.745277893206,46450.74527789319,39410.844762387766,0.0,0.0,9.094947017729282e-13,0.0,0.0,0.0,0.0,0.0,9.998620953410864e-08,0.0,0.0,0.0,1.1368683772161603e-13,optimal,optimal,286.21881216998463,286.21881216998565,38988.098672767184,9.094947017729282e-13,0.0,1.5489831639570184e-12,0.0,0.0,0.0,2.3874235921539366e-12,0.0,1.0000002248489182e-07,5.093170329928398e-11,0.0,0.0,0.0,1.4210854715202004e-14
2025-10-01,2,5,1200.0,1200.0,1200.0,74507.7380692123,4.615739672282483e-08,46545.38601262126,1e-07,46545.38601272126,39637.30932411652,30281.30994253246,9.997165761888027e-08,1e-07,0,0,244,244,optimal,optimal,46545.38601252128,46545.386012521274,39637.30932411652,0.0,0.0,1.4210854715202004e-12,0.0,0.0,0.0,0.0,0.0,9.997165761888027e-08,0.0,0.0,0.0,1.1368683772161603e-13,optimal,optimal,0.0,0.0,30281.30994253249,1.8189894035458565e-12,0.0,2.2946582905408125e-12,0.0,0.0,5.684341886080801e-13,0.0,0.0,1e-07,2.9103830456733704e-11,0.0,0.0,0.0,2.248489181963623e-14
2025-10-02,2,5,1200.0,1200.0,1200.0,71866.79546577943,4.5798030684680555e-08,45103.33801882861,1e-07,45103.3380189286,39411.14307843672,32916.73370730564,1.0000803740695119e-07,9.999999999999998e-08,0,0,245,245,optimal,optimal,45103.338018728595,45103.33801872859,39411.143078436726,0.0,0.0,7.958078640513122e-13,0.0,0.0,0.0,0.0,0.0,1.0000803740695119e-07,7.275957614183426e-12,0.0,0.0,1.1368683772161603e-13,optimal,optimal,0.0,0.0,32916.73370730561,9.094947017729282e-13,0.0,1.0444978215673473e-12,0.0,0.0,0.0,0.0,0.0,9.999999999999998e-08,2.9103830456733704e-11,0.0,0.0,0.0,2.248489181963623e-14
2025-10-03,2,5,1200.0,1200.0,1200.0,35082.51078621182,4.6739864367792284e-08,19556.917503839904,1e-07,19556.917503939905,28008.149582532984,23276.871954034053,1.00000761449337e-07,1e-07,0,0,246,246,optimal,optimal,19556.917503739904,19556.917503739904,28008.149582532984,0.0,0.0,6.821210263296962e-13,0.0,0.0,0.0,0.0,0.0,1.00000761449337e-07,0.0,0.0,0.0,1.1368683772161603e-13,optimal,optimal,0.0,0.0,23276.87195403406,0.0,0.0,1.010549668636587e-12,0.0,0.0,1.1368683772161603e-13,0.0,0.0,1e-07,7.275957614183426e-12,0.0,0.0,0.0,1.236344360381393e-14
2025-10-04,2,5,1200.0,1200.0,1200.0,35648.01011646555,4.5829507621311113e-08,20054.83392687449,1e-07,20054.83392697449,28013.50410598945,24229.959135517238,1.0001167538575828e-07,9.999999999999998e-08,0,0,247,247,optimal,optimal,20054.83392677448,20054.833926774474,28013.504105989454,0.0,0.0,7.958078640513122e-13,0.0,0.0,0.0,0.0,0.0,1.0001167538575828e-07,3.637978807091713e-12,0.0,0.0,1.1368683772161603e-13,optimal,optimal,0.0,0.0,24229.959135517234,0.0,0.0,9.379164112033322e-13,0.0,0.0,3.410605131648481e-13,0.0,0.0,9.999999999999998e-08,3.637978807091713e-12,0.0,0.0,0.0,1.2619238990911028e-14
2025-10-05,2,5,1200.0,1200.0,1200.0,68781.07505848868,4.613609493208769e-08,43250.985568436474,1e-07,43250.985568536475,39022.39458831385,33690.12000730488,9.998620953410864e-08,1e-07,0,0,248,248,optimal,optimal,43250.98556833649,43250.98556833648,39022.39458831386,0.0,0.0,9.379164112033322e-13,0.0,0.0,0.0,0.0,0.0,9.998620953410864e-08,7.275957614183426e-12,0.0,0.0,1.1368683772161603e-13,optimal,optimal,0.0,0.0,33690.120007304846,0.0,0.0,2.021099337273174e-12,0.0,0.0,0.0,0.0,0.0,1e-07,3.637978807091713e-11,0.0,0.0,0.0,2.3053326008773706e-14
2025-10-06,2,5,1200.0,1200.0,1200.0,67831.11153865328,4.6157415527152216e-08,42760.87102310623,1e-07,42760.87102320623,38750.64458461006,34950.66432154453,1.00000761449337e-07,1e-07,0,0,249,249,optimal,optimal,42760.871023006235,42760.87102300624,38750.64458461006,0.0,0.0,8.526512829121202e-13,0.0,0.0,0.0,0.0,0.0,1.00000761449337e-07,0.0,0.0,0.0,1.1368683772161603e-13,optimal,optimal,0.0,0.0,34950.66432154452,2.3964456046561244e-12,0.0,1.4424017535930034e-12,0.0,0.0,0.0,0.0,0.0,1e-07,7.275957614183426e-12,0.0,0.0,0.0,1.9440449247325847e-14
2025-10-07,2,5,1200.0,1200.0,1199.9999999999998,69076.75696316289,4.677271742172362e-08,43577.523986991124,1e-07,43577.52398709112,38652.19293522737,35428.690864753065,1.00000761449337e-07,1e-07,0,0,250,250,optimal,optimal,43577.52398689112,43577.52398689112,38652.19293522737,0.0,0.0,9.237055564881302e-13,0.0,0.0,0.0,0.0,0.0,1.00000761449337e-07,0.0,0.0,0.0,1.1368683772161603e-13,optimal,optimal,0.0,0.0,35428.690864753065,2.3677167826383963e-12,2.2737367544323206e-13,1.660005466419534e-12,0.0,0.0,0.0,0.0,0.0,1e-07,0.0,0.0,0.0,0.0,1.6118428896002546e-14
2025-10-08,2,5,1199.9999999999998,1200.0,1200.0,68352.22933408881,4.6136970170225824e-08,42278.588175543235,1e-07,42278.588175643235,38699.08510189407,35789.72399989747,9.998620953410864e-08,9.999999999999998e-08,0,0,251,251,optimal,optimal,42278.58817544325,42278.58817544326,38699.08510189406,0.0,2.2737367544323206e-13,9.094947017729282e-13,0.0,0.0,0.0,0.0,0.0,9.998620953410864e-08,7.275957614183426e-12,2.2737367544323206e-13,0.0,1.1368683772161603e-13,optimal,optimal,0.0,0.0,35789.723999897455,1.4686770393790616e-12,2.2737367544323206e-13,1.6342482922482304e-12,0.0,0.0,0.0,0.0,0.0,9.999999999999998e-08,1.4551915228366852e-11,0.0,0.0,0.0,1.5347723093476955e-14
2025-10-09,2,5,1200.0,1200.0,1200.0,68686.69985394477,4.550715372410863e-08,42551.41389263744,1e-07,42551.413892737444,38611.38434263476,35694.11403018795,9.998620953410864e-08,1e-07,0,0,252,252,optimal,optimal,42551.41389253746,42551.41389253747,38611.38434263476,0.0,0.0,8.526512829121202e-13,0.0,0.0,0.0,0.0,0.0,9.998620953410864e-08,0.0,0.0,0.0,1.1368683772161603e-13,optimal,optimal,0.0,0.0,35694.11403018792,1.5737290165422495e-12,0.0,1.3642420526593924e-12,0.0,0.0,0.0,0.0,0.0,1e-07,2.9103830456733704e-11,0.0,0.0,0.0,5.9685589660911606e-15
2025-10-10,2,5,1200.0,1200.0,1199.9999999999998,33613.677938255074,4.677268227211857e-08,18172.39293827572,1e-07,18172.39293837572,28451.37974662699,25863.558094671196,9.999712347052991e-08,9.999999999999998e-08,0,0,253,253,optimal,optimal,18172.392938175723,18172.392938175726,28451.37974662699,0.0,0.0,7.958078640513122e-13,0.0,0.0,0.0,0.0,0.0,9.999712347052991e-08,0.0,0.0,0.0,1.1368683772161603e-13,optimal,optimal,0.0,0.0,25863.558094671207,0.0,2.2737367544323206e-13,1.5631940186722204e-12,0.0,0.0,0.0,0.0,0.0,9.999999999999998e-08,1.0913936421275139e-11,0.0,0.0,0.0,1.1027623253385162e-14
2025-10-11,2,5,1199.9999999999998,1200.0,1200.0,35048.89112185582,4.638217901206011e-08,19115.28324685052,1e-07,19115.28324695052,29168.456728107845,26182.60521072083,1.000043994281441e-07,9.999999999999998e-08,0,0,254,254,optimal,optimal,19115.283246750514,19115.283246750514,29168.456728107845,0.0,2.2737367544323206e-13,9.094947017729282e-13,0.0,0.0,0.0,0.0,0.0,1.000043994281441e-07,0.0,2.2737367544323206e-13,0.0,1.1368683772161603e-13,optimal,optimal,0.0,0.0,26182.605210720838,4.547473508864641e-13,2.2737367544323206e-13,9.521272659185342e-13,0.0,0.0,5.684341886080801e-13,0.0,0.0,9.999999999999998e-08,7.275957614183426e-12,1.1368683772161603e-13,0.0,0.0,1.0484291110632694e-14
2025-10-12,2,5,1200.0,1200.0,1200.0,68709.70818970609,20.929933380490937,42729.545481148256,98.03580783333041,42827.581288981586,38672.922913005095,35184.613164752154,1.00000761449337e-07,9.999961037010507e-08,0,0,255,255,optimal,optimal,42729.545481048255,42729.54548104826,38672.922913005095,0.0,0.0,1.4779288903810084e-12,0.0,0.0,0.0,0.0,0.0,1.00000761449337e-07,0.0,0.0,0.0,1.1368683772161603e-13,optimal,optimal,98.03580773333078,98.03580773333442,35184.613164752154,7.547725042088348e-12,0.0,1.730171561575844e-12,0.0,0.0,0.0,0.0,0.0,9.999961037010507e-08,0.0,0.0,0.0,0.0,1.875832822830181e-14
2025-10-13,2,5,1200.0,1200.0,1200.0,69313.72888820403,4.5526975844576826e-08,43239.38373919256,1e-07,43239.38373929256,38677.25890930139,35470.58993759527,1.0000803740695119e-07,9.999999999999998e-08,0,0,256,256,optimal,optimal,43239.38373909256,43239.38373909256,38677.25890930139,0.0,0.0,1.4210854715202004e-12,0.0,0.0,0.0,0.0,0.0,1.0000803740695119e-07,0.0,0.0,0.0,1.1368683772161603e-13,optimal,optimal,0.0,0.0,35470.58993759528,2.442613013685689e-12,0.0,1.5205614545266144e-12,0.0,0.0,0.0,0.0,0.0,9.999999999999998e-08,7.275957614183426e-12,0.0,0.0,0.0,2.436072465834747e-14
2025-10-14,2,5,1200.0,1200.0,1200.0,69012.53388338922,97.98928171304911,43018.05691048413,368.3714128183343,43386.42832330246,38739.110242634604,37094.017452408094,1.00000761449337e-07,9.999996564147295e-08,0,0,257,257,optimal,optimal,43018.056910384126,43018.05691038412,38739.110242634604,0.0,0.0,9.094947017729282e-13,0.0,0.0,0.0,0.0,0.0,1.00000761449337e-07,0.0,0.0,0.0,1.1368683772161603e-13,optimal,optimal,368.3714127183343,368.3714127183343,37094.01745240811,9.094947017729282e-13,0.0,1.4566126083082054e-12,0.0,0.0,1.1368683772161603e-13,0.0,5.684341886080802e-14,9.999996564147295e-08,1.4551915228366852e-11,0.0,0.0,0.0,7.105427357601002e-15
2025-10-15,2,5,1200.0,1200.0,1200.0,68097.74474229864,4.55684729846849e-08,41913.219559943886,1e-07,41913.219560043886,38776.98487967142,37472.696707965224,1.0002258932217956e-07,1e-07,0,0,258,258,optimal,optimal,41913.21955984386,41913.219559843885,38776.98487967142,0.0,0.0,9.094947017729282e-13,0.0,0.0,0.0,0.0,0.0,1.0002258932217956e-07,0.0,0.0,0.0,1.1368683772161603e-13,optimal,optimal,0.0,0.0,37472.696707965195,2.327481836279325e-12,0.0,1.2505552149377763e-12,0.0,0.0,0.0,0.0,0.0,1e-07,2.9103830456733704e-11,0.0,0.0,0.0,1.67688085597032e-14
2025-10-16,2,5,1200.0,1200.0,1200.0,69740.58024993926,612.9205154205993,42934.62707948334,2226.7000989048156,45161.327178388165,39110.157799424545,39067.12653654757,1.0002258932217956e-07,9.999985195463523e-08,0,0,259,259,optimal,optimal,42934.62707938333,42934.627079383325,39110.157799424545,0.0,0.0,1.0231815394945443e-12,0.0,0.0,0.0,0.0,0.0,1.0002258932217956e-07,0.0,0.0,0.0,1.1368683772161603e-13,optimal,optimal,2226.7000988048158,2226.7000988048158,39067.12653654754,0.0,0.0,1.8189894035458565e-12,0.0,0.0,0.0,0.0,1.4779288903810084e-12,9.999985195463523e-08,2.9103830456733704e-11,0.0,0.0,0.0,5.684341886080802e-14
2025-10-17,2,5,1200.0,1200.0,1200.0,33518.73758551841,4.7517213062910606e-08,17746.33986248511,1e-07,17746.33986258511,29366.871320700724,27418.204893434642,9.999712347052991e-08,1e-07,0,0,260,260,optimal,optimal,17746.339862385114,17746.33986238511,29366.871320700728,0.0,0.0,7.958078640513122e-13,0.0,0.0,0.0,0.0,0.0,9.999712347052991e-08,3.637978807091713e-12,0.0,0.0,1.1368683772161603e-13,optimal,optimal,0.0,0.0,27418.20489343466,4.547473508864641e-13,0.0,1.5489831639570184e-12,0.0,0.0,3.410605131648481e-13,0.0,0.0,1e-07,1.8189894035458565e-11,0.0,0.0,0.0,6.476830099051058e-15
2025-10-18,2,5,1200.0,1200.0,1200.0,34106.66872435633,4.751722190287605e-08,18143.513281956017,1e-07,18143.513282056017,29801.99574653362,26803.497237786054,1.000043994281441e-07,1e-07,0,0,261,261,optimal,optimal,18143.513281856012,18143.513281856016,29801.99574653362,0.0,0.0,9.094947017729282e-13,0.0,0.0,0.0,0.0,0.0,1.000043994281441e-07,0.0,0.0,0.0,1.1368683772161603e-13,optimal,optimal,0.0,0.0,26803.497237786054,2.2737367544323206e-13,0.0,1.0800249583553523e-12,0.0,0.0,3.410605131648481e-13,0.0,0.0,1e-07,0.0,0.0,0.0,0.0,1.134026205542554e-14
2025-10-19,2,5,1200.0,1200.0,1200.0,72354.02870976849,4.5871561768630503e-08,44593.85479922382,1e-07,44593.85479932382,40136.80446096464,38913.99352012196,9.998620953410864e-08,9.999999999999998e-08,0,0,262,262,optimal,optimal,44593.85479912383,44593.85479912383,40136.80446096464,0.0,0.0,9.094947017729282e-13,0.0,0.0,0.0,0.0,0.0,9.998620953410864e-08,0.0,0.0,0.0,1.1368683772161603e-13,optimal,optimal,0.0,0.0,38913.993520121985,2.3278072565023993e-12,0.0,2.362159850438022e-12,0.0,0.0,0.0,0.0,0.0,9.999999999999998e-08,2.1827872842550278e-11,0.0,0.0,0.0,2.0211155076322025e-14
2025-10-20,2,5,1200.0,1200.0,1200.0,73164.80382499483,534.9459919431451,45221.933777493214,2114.23801423757,47336.17179173078,40441.24096837202,38766.494991394145,9.998620953410864e-08,1.00000761449337e-07,0,0,263,263,optimal,optimal,45221.93377739323,45221.93377739323,40441.240968372025,0.0,0.0,8.242295734817162e-13,0.0,0.0,0.0,0.0,0.0,9.998620953410864e-08,7.275957614183426e-12,0.0,0.0,1.1368683772161603e-13,optimal,optimal,2114.2380141375697,2114.2380141375697,38766.49499139414,4.547473508864641e-13,0.0,1.2363443602225743e-12,0.0,0.0,1.1368683772161603e-13,0.0,0.0,1.00000761449337e-07,7.275957614183426e-12,0.0,0.0,0.0,2.2737367544323206e-13
2025-10-21,2,5,1200.0,1200.0,1200.0,73462.32436427465,24.137511780722093,45371.6760660173,68.8884585869202,45440.56452460422,40159.96197207575,39106.764500217345,9.998620953410864e-08,9.999999406318238e-08,0,0,264,264,optimal,optimal,45371.676065917316,45371.67606591734,40159.96197207575,0.0,0.0,7.958078640513122e-13,0.0,0.0,0.0,0.0,0.0,9.998620953410864e-08,0.0,0.0,0.0,1.1368683772161603e-13,optimal,optimal,68.8884584869202,68.8884584869202,39106.76450021736,9.094947017729282e-13,0.0,1.4352963262354024e-12,0.0,0.0,3.410605131648481e-13,0.0,0.0,9.999999406318238e-08,1.4551915228366852e-11,0.0,0.0,0.0,2.842170943040401e-14
2025-10-22,2,5,1200.0,1200.0,1200.0,73760.28273232786,978.4661997661422,45536.319906942896,3522.548737036663,49058.86864397956,40344.43566942185,39544.59861762873,1.0003714123740792e-07,1.0000030670198612e-07,0,0,265,265,optimal,optimal,45536.31990684286,45536.319906842844,40344.43566942185,0.0,0.0,9.094947017729282e-13,0.0,0.0,0.0,0.0,0.0,1.0003714123740792e-07,0.0,0.0,0.0,2.2737367544323206e-13,optimal,optimal,3522.5487369366633,3522.5487369366638,39544.598617628755,2.2737367544323206e-13,0.0,1.637801005927031e-12,0.0,0.0,0.0,0.0,5.684341886080801e-13,1.0000030670198612e-07,2.1827872842550278e-11,0.0,0.0,0.0,2.842170943040401e-14
2025-10-23,2,5,1200.0,1200.0,1200.0,74914.5924503669,5.182689816014511e-08,46450.592034733825,1e-07,46450.592034833826,41759.674371896865,38368.986671781684,1.0000803740695119e-07,1e-07,0,0,266,266,optimal,optimal,46450.59203463382,46450.5920346338,41759.67437189687,0.0,0.0,9.094947017729282e-13,0.0,0.0,0.0,0.0,0.0,1.0000803740695119e-07,7.275957614183426e-12,0.0,0.0,1.1368683772161603e-13,optimal,optimal,0.0,0.0,38368.98667178166,9.094947017729282e-13,0.0,1.4992451724538114e-12,0.0,0.0,0.0,0.0,0.0,1e-07,2.1827872842550278e-11,0.0,0.0,0.0,5.9368176107677775e-15
2025-10-24,2,5,1200.0,1200.0,1200.0,34737.68294876655,4.720320981826764e-08,18493.206144022643,1e-07,18493.206144122643,30452.270751472613,29287.438590873884,9.999712347052991e-08,1e-07,0,0,267,267,optimal,optimal,18493.206143922645,18493.206143922645,30452.270751472617,0.0,0.0,9.094947017729282e-13,0.0,0.0,0.0,0.0,0.0,9.999712347052991e-08,3.637978807091713e-12,0.0,0.0,1.1368683772161603e-13,optimal,optimal,0.0,0.0,29287.438590873877,4.547473508864641e-13,0.0,1.2505552149377763e-12,0.0,0.0,1.1368683772161603e-13,0.0,0.0,1e-07,7.275957614183426e-12,0.0,0.0,0.0,5.9368176107677775e-15
2025-10-25,2,5,1200.0,1200.0,1200.0,34758.082359644424,5.182679378330644e-08,18486.841771635613,1e-07,18486.84177173561,30532.59856505248,28301.743678517556,1.00000761449337e-07,1e-07,0,0,268,268,optimal,optimal,18486.84177153561,18486.841771535608,30532.59856505248,0.0,0.0,9.094947017729282e-13,0.0,0.0,0.0,0.0,0.0,1.00000761449337e-07,0.0,0.0,0.0,1.1368683772161603e-13,optimal,optimal,0.0,0.0,28301.743678517567,4.547473508864641e-13,0.0,8.526512829121202e-13,0.0,0.0,0.0,0.0,0.0,1e-07,1.0913936421275139e-11,0.0,0.0,0.0,1.0004441718231661e-14
2025-10-26,2,5,1200.0,1200.0,1200.0,75842.49364218494,4.638221444436682e-08,47090.87701429149,1e-07,47090.87701439149,42134.70101017314,36468.33093969971,1.00000761449337e-07,9.999999999999998e-08,0,0,269,269,optimal,optimal,47090.87701419149,47090.87701419149,42134.70101017314,0.0,0.0,9.094947017729282e-13,0.0,0.0,0.0,0.0,0.0,1.00000761449337e-07,0.0,0.0,0.0,1.1368683772161603e-13,optimal,optimal,0.0,0.0,36468.33093969969,2.4700934034072106e-12,0.0,2.021099337273174e-12,0.0,0.0,0.0,0.0,0.0,9.999999999999998e-08,1.4551915228366852e-11,0.0,0.0,0.0,2.026135915585715e-14
2025-10-27,2,5,1200.0,1200.0,1200.0,75335.42201466169,19.744933380416185,46780.44173506866,92.48526783333105,46872.927002902,41838.77723363695,37896.21976316196,9.997893357649446e-08,9.999997985232767e-08,0,0,270,270,optimal,optimal,46780.44173496869,46780.44173496871,41838.77723363695,0.0,0.0,9.094947017729282e-13,0.0,0.0,0.0,0.0,0.0,9.997893357649446e-08,0.0,0.0,0.0,1.1368683772161603e-13,optimal,optimal,92.48526773333106,92.48526773332935,37896.21976316195,2.2457843943326398e-12,0.0,2.021099337273174e-12,0.0,0.0,0.0,2.3874235921539366e-12,0.0,9.999997985232767e-08,7.275957614183426e-12,0.0,0.0,0.0,7.275957615665734e-15
2025-10-28,2,5,1200.0,1200.0,1200.0,75048.656508138,4.613611387554516e-08,46528.54847949546,1e-07,46528.54847959546,41799.853092886224,38914.660295252834,1.0000803740695119e-07,1e-07,0,0,271,271,optimal,optimal,46528.54847939546,46528.54847939546,41799.85309288623,0.0,0.0,9.094947017729282e-13,0.0,0.0,0.0,0.0,0.0,1.0000803740695119e-07,7.275957614183426e-12,0.0,0.0,1.1368683772161603e-13,optimal,optimal,0.0,0.0,38914.66029525285,2.4386585577679865e-12,0.0,1.55964130499342e-12,0.0,0.0,0.0,0.0,0.0,1e-07,1.4551915228366852e-11,0.0,0.0,0.0,2.6179714042412377e-14
2025-10-29,2,5,1200.0,1200.0,1200.0,75123.92324159478,388.1272581019376,46672.76864364437,1567.8400712349317,48240.6087148793,41839.80791510839,41587.05983059,1.0001531336456537e-07,1.0000030670198612e-07,0,0,272,272,optimal,optimal,46672.76864354436,46672.76864354436,41839.80791510839,0.0,0.0,9.094947017729282e-13,0.0,0.0,0.0,0.0,0.0,1.0001531336456537e-07,0.0,0.0,0.0,1.1368683772161603e-13,optimal,optimal,1567.8400711349313,1567.8400711349313,41587.059830590006,9.094947017729282e-13,0.0,1.2718714970105793e-12,0.0,0.0,1.1368683772161603e-13,0.0,0.0,1.0000030670198612e-07,7.275957614183426e-12,0.0,0.0,0.0,1.1368683772161603e-13
2025-10-30,2,5,1200.0,1200.0,1200.0,76246.23075918772,0.27645338050830714,47445.889395919075,1.2949075133380237,47447.18430343241,42443.915781778414,37687.96626932791,9.999348549172282e-08,1.0000000005838672e-07,0,0,273,273,optimal,optimal,47445.889395819075,47445.88939581908,42443.915781778414,0.0,0.0,9.094947017729282e-13,0.0,0.0,0.0,0.0,0.0,9.999348549172282e-08,0.0,0.0,0.0,1.1368683772161603e-13,optimal,optimal,1.2949074133380236,1.2949074133357426,37687.96626932788,2.3364312219466848e-12,0.0,1.3958217298042858e-12,0.0,0.0,1.1368683772161603e-13,2.3874235921539366e-12,0.0,1.0000000005838672e-07,2.9103830456733704e-11,0.0,0.0,0.0,2.7160496072841643e-14
2025-10-31,2,5,1200.0,1200.0,1200.0,35712.88570993263,5.182676710618362e-08,19183.142058395664,1e-07,19183.142058495665,31347.048141467018,29472.875133944442,1.000043994281441e-07,1e-07,0,0,274,274,optimal,optimal,19183.14205829566,19183.142058295663,31347.048141467018,0.0,0.0,7.958078640513122e-13,0.0,0.0,0.0,0.0,0.0,1.000043994281441e-07,0.0,0.0,0.0,1.1368683772161603e-13,optimal,optimal,0.0,0.0,29472.875133944424,4.547473508864641e-13,0.0,1.2292389328649733e-12,0.0,0.0,3.410605131648481e-13,0.0,0.0,1e-07,1.8189894035458565e-11,0.0,0.0,0.0,1.2082546170331825e-14
2025-11-01,2,5,1200.0,1200.0,1200.0,35839.72498581054,5.182689816014511e-08,19186.496734582943,1e-07,19186.496734682943,31240.024155047293,28980.961735179026,9.999712347052991e-08,1e-07,0,0,275,275,optimal,optimal,19186.496734482942,19186.496734482942,31240.024155047293,0.0,0.0,7.958078640513122e-13,0.0,0.0,0.0,0.0,0.0,9.999712347052991e-08,0.0,0.0,0.0,1.1368683772161603e-13,optimal,optimal,0.0,0.0,28980.961735179022,4.547473508864641e-13,0.0,1.5916157281026244e-12,0.0,0.0,1.1368683772161603e-13,0.0,0.0,1e-07,3.637978807091713e-12,0.0,0.0,0.0,5.9368176107677775e-15
2025-11-02,2,5,1200.0,1200.0,1200.0,78448.08000268195,5.1827164471558565e-08,48911.90997861975,1e-07,48911.90997871975,42124.15104646064,39797.877819184985,9.998620953410864e-08,1e-07,0,0,276,276,optimal,optimal,48911.90997851976,48911.90997851976,42124.15104646065,0.0,0.0,9.094947017729282e-13,0.0,0.0,0.0,0.0,5.684341886080802e-14,9.998620953410864e-08,7.275957614183426e-12,0.0,0.0,1.1368683772161603e-13,optimal,optimal,0.0,0.0,39797.87781918499,2.210098375298942e-12,0.0,1.5560885913146194e-12,0.0,0.0,0.0,0.0,0.0,1e-07,7.275957614183426e-12,0.0,0.0,0.0,9.322320699207624e-15
2025-11-03,2,5,1200.0,1200.0,1200.0,79093.05014687583,4.7169828609492546e-08,49404.82571134802,1e-07,49404.82571144802,42072.33389145519,37020.61367036272,1.00000761449337e-07,9.999999999999998e-08,0,0,277,277,optimal,optimal,49404.82571124802,49404.82571124803,42072.3338914552,0.0,0.0,9.094947017729282e-13,0.0,0.0,0.0,0.0,0.0,1.00000761449337e-07,7.275957614183426e-12,0.0,0.0,1.1368683772161603e-13,optimal,optimal,0.0,0.0,37020.61367036274,2.364653175312365e-12,0.0,1.822147371260346e-12,0.0,0.0,0.0,0.0,0.0,9.999999999999998e-08,2.1827872842550278e-11,0.0,0.0,0.0,9.347422732357742e-15
2025-11-04,2,5,1200.0,1200.0,1200.0,78925.72406404237,21.977883385163956,49142.04983639852,102.94440563333879,49244.994242031855,41969.98700145414,38077.55835565996,1.0000803740695119e-07,9.999997985232767e-08,0,0,278,278,optimal,optimal,49142.04983629851,49142.049836298516,41969.98700145414,0.0,0.0,9.094947017729282e-13,0.0,0.0,0.0,0.0,0.0,1.0000803740695119e-07,0.0,0.0,0.0,1.1368683772161603e-13,optimal,optimal,102.9444055333388,102.94440553333182,38077.55835565999,7.18320209965984e-12,0.0,2.021099337273174e-12,0.0,0.0,0.0,0.0,0.0,9.999997985232767e-08,2.9103830456733704e-11,0.0,0.0,0.0,1.3073986336927052e-14
2025-11-05,2,5,1200.0,1200.0,1200.0,79429.58704288192,4.751729354018103e-08,49695.953462829384,1e-07,49695.95346292938,41900.86177993404,38504.899983845025,1.00000761449337e-07,1e-07,0,0,279,279,optimal,optimal,49695.953462729376,49695.95346272935,41900.86177993404,0.0,0.0,1.8189894035458565e-12,0.0,0.0,0.0,0.0,0.0,1.00000761449337e-07,0.0,0.0,0.0,1.1368683772161603e-13,optimal,optimal,0.0,0.0,38504.89998384506,2.3266985640887076e-12,0.0,1.6800388241083259e-12,0.0,0.0,5.684341886080801e-13,0.0,0.0,1e-07,3.637978807091713e-11,0.0,0.0,0.0,1.827183951372832e-14
2025-11-06,2,5,1200.0,1200.0,1200.0,78647.96639644793,402.1430425238463,49109.8567908977,1700.4894624728527,50810.34625337056,41837.2396084541,40243.87978025246,1.0000803740695119e-07,9.999985195463523e-08,0,0,280,280,optimal,optimal,49109.8567907977,49109.8567907977,41837.2396084541,0.0,0.0,9.094947017729282e-13,0.0,0.0,0.0,0.0,0.0,1.0000803740695119e-07,0.0,0.0,0.0,2.2737367544323206e-13,optimal,optimal,1700.4894623728528,1700.4894623728528,40243.8797802524,9.094947017729282e-13,0.0,1.4352963262354024e-12,0.0,0.0,0.0,0.0,0.0,9.999985195463523e-08,5.820766091346741e-11,0.0,0.0,0.0,1.1368683772161603e-13
2025-11-07,2,5,1200.0,1200.0,1200.0000000000002,36368.28572310819,4.715868898844612e-08,19592.171783650723,1e-07,19592.171783750724,32147.801824182876,31229.247708028695,1.00000761449337e-07,1e-07,0,0,281,281,optimal,optimal,19592.171783550722,19592.17178355072,32147.801824182876,0.0,0.0,9.094947017729282e-13,0.0,0.0,0.0,0.0,0.0,1.00000761449337e-07,0.0,0.0,0.0,1.1368683772161603e-13,optimal,optimal,0.0,0.0,31229.247708028695,4.547473508864641e-13,0.0,1.3811174426336947e-12,0.0,0.0,0.0,0.0,0.0,1e-07,0.0,0.0,0.0,0.0,5.9368176107677775e-15
2025-11-08,2,5,1200.0000000000002,1200.0,1200.0,36355.44813726459,4.6490001823325857e-08,19457.41414463528,1e-07,19457.414144735278,32057.146914306515,29666.02115617851,1.000043994281441e-07,1e-07,0,0,282,282,optimal,optimal,19457.414144535276,19457.414144535272,32057.14691430652,0.0,0.0,9.094947017729282e-13,0.0,0.0,0.0,0.0,0.0,1.000043994281441e-07,3.637978807091713e-12,2.2737367544323206e-13,0.0,1.1368683772161603e-13,optimal,optimal,0.0,0.0,29666.021156178515,0.0,0.0,1.7621459846850485e-12,0.0,0.0,0.0,0.0,0.0,1e-07,3.637978807091713e-12,0.0,0.0,0.0,1.2360123936109853e-14
2025-11-09,2,5,1200.0,1200.0,1200.0,79955.55613930328,4.677268475210477e-08,50089.279262647615,1e-07,50089.279262747616,41971.9048407679,39336.389693750374,1.00000761449337e-07,1e-07,0,0,283,283,optimal,optimal,50089.279262547614,50089.27926254758,41971.9048407679,0.0,0.0,8.597567102697212e-13,0.0,0.0,0.0,0.0,0.0,1.00000761449337e-07,0.0,0.0,0.0,1.1368683772161603e-13,optimal,optimal,0.0,0.0,39336.38969375036,9.094947017729282e-13,0.0,1.5987211554602254e-12,0.0,0.0,0.0,0.0,0.0,1e-07,1.4551915228366852e-11,0.0,0.0,0.0,5.9368176107677775e-15
2025-11-10,2,5,1200.0,1200.0,1200.0,80781.06312842961,4.751722499406035e-08,50636.34305754723,1e-07,50636.34305764723,41846.32725880677,40185.57324265178,1.0000803740695119e-07,1e-07,0,0,284,284,optimal,optimal,50636.34305744723,50636.34305744723,41846.32725880676,0.0,0.0,8.242295734817162e-13,0.0,0.0,0.0,0.0,0.0,1.0000803740695119e-07,7.275957614183426e-12,0.0,0.0,1.1368683772161603e-13,optimal,optimal,0.0,0.0,40185.57324265178,0.0,0.0,1.5001333508735115e-12,0.0,0.0,3.410605131648481e-13,0.0,0.0,1e-07,0.0,0.0,0.0,0.0,5.9368176107677775e-15
2025-11-11,2,5,1200.0,1200.0,1200.0,81073.93624295763,4.739337595087561e-08,50928.79449376842,1e-07,50928.79449386842,41864.73944380919,38150.03455851869,9.997893357649446e-08,1e-07,0,0,285,285,optimal,optimal,50928.79449366844,50928.79449366847,41864.73944380919,0.0,0.0,8.100187187665142e-13,0.0,0.0,0.0,0.0,0.0,9.997893357649446e-08,0.0,0.0,0.0,1.1368683772161603e-13,optimal,optimal,0.0,0.0,38150.03455851867,2.3256347529496836e-12,0.0,2.021099337273174e-12,0.0,0.0,0.0,0.0,0.0,1e-07,1.4551915228366852e-11,0.0,0.0,0.0,1.3389944793436618e-14
2025-11-12,2,5,1200.0,1200.0,1200.0,81355.16893155186,2.5760075947238048e-08,51152.032599675644,1e-07,51152.032599775644,41809.70915680715,39008.696383910414,9.999348549172282e-08,1e-07,0,0,286,286,optimal,optimal,51152.03259957565,51152.03259957564,41809.70915680715,0.0,0.0,8.86402062860725e-13,0.0,0.0,0.0,0.0,0.0,9.999348549172282e-08,0.0,0.0,0.0,2.2737367544323206e-13,optimal,optimal,0.0,0.0,39008.69638391043,2.1572883441970193e-12,0.0,1.5916157281026244e-12,0.0,0.0,0.0,0.0,0.0,1e-07,1.4551915228366852e-11,0.0,0.0,0.0,4.251887730248456e-14
2025-11-13,2,5,1200.0,1200.0,1200.0,81418.91412813142,4.6157429190836624e-08,51263.874046344645,1e-07,51263.874046444646,41806.762219139855,38195.72064990147,9.997165761888027e-08,9.999999999999998e-08,0,0,287,287,optimal,optimal,51263.87404624467,51263.87404624468,41806.762219139855,0.0,0.0,1.0800249583553523e-12,0.0,0.0,0.0,0.0,0.0,9.997165761888027e-08,0.0,0.0,0.0,2.2737367544323206e-13,optimal,optimal,0.0,0.0,38195.72064990151,2.269095082525727e-12,0.0,1.715960706860642e-12,0.0,0.0,0.0,0.0,0.0,9.999999999999998e-08,3.637978807091713e-11,0.0,0.0,0.0,1.8474111140350517e-14
2025-11-14,2,5,1200.0,1200.0,1200.0,37377.64145451366,4.6392941813552364e-08,20141.12777583198,1e-07,20141.12777593198,33272.89307960308,30405.64829308022,1.0000803740695119e-07,9.999999999999998e-08,0,0,288,288,optimal,optimal,20141.127775731973,20141.127775731973,33272.89307960308,0.0,0.0,1.0231815394945443e-12,0.0,0.0,0.0,0.0,0.0,1.0000803740695119e-07,0.0,0.0,0.0,1.1368683772161603e-13,optimal,optimal,0.0,0.0,30405.648293080212,4.547473508864641e-13,2.2737367544323206e-13,1.3677947663381929e-12,0.0,0.0,1.1368683772161603e-13,0.0,0.0,9.999999999999998e-08,7.275957614183426e-12,0.0,0.0,0.0,1.3298040355465877e-14
2025-11-15,2,5,1200.0,1200.0,1200.0,37265.84776640667,4.5871554255081635e-08,19975.900944573103,1e-07,19975.900944673103,33103.95808701055,31762.15734863701,1.0000803740695119e-07,9.999999999999998e-08,0,0,289,289,optimal,optimal,19975.900944473095,19975.90094447309,33103.95808701055,0.0,0.0,7.958078640513122e-13,0.0,0.0,0.0,0.0,0.0,1.0000803740695119e-07,0.0,0.0,0.0,1.1368683772161603e-13,optimal,optimal,0.0,0.0,31762.157348637036,4.547473508864641e-13,0.0,1.545430450278218e-12,0.0,0.0,3.410605131648481e-13,0.0,0.0,9.999999999999998e-08,2.546585164964199e-11,0.0,0.0,0.0,9.347422732358146e-15
2025-11-16,2,5,1200.0,1200.0,1200.0,83086.06527870802,4.7169811320754715e-08,52468.08860705847,1e-07,52468.08860715847,42344.148656181256,40483.80109434804,9.994982974603772e-08,9.999999999999998e-08,0,0,290,290,optimal,optimal,52468.08860695852,52468.08860695855,42344.148656181256,0.0,0.0,1.3642420526593924e-12,0.0,0.0,0.0,0.0,4.689582056016661e-13,9.994982974603772e-08,0.0,0.0,0.0,1.1368683772161603e-13,optimal,optimal,0.0,0.0,40483.80109434805,1.8189894035458565e-12,0.0,2.021099337273174e-12,0.0,0.0,0.0,0.0,0.0,9.999999999999998e-08,7.275957614183426e-12,0.0,0.0,0.0,5.9368176107677775e-15
2025-11-17,2,5,1200.0,1200.0,1200.0,83886.84152658777,4.716981132075471e-08,52980.410272767316,9.999999999999998e-08,52980.41027286732,42670.00464135787,38498.82415359873,9.998620953410864e-08,9.999999999999998e-08,0,0,291,291,optimal,optimal,52980.41027266733,52980.41027266734,42670.00464135787,0.0,0.0,1.2505552149377763e-12,0.0,0.0,0.0,0.0,0.0,9.998620953410864e-08,0.0,0.0,0.0,1.1368683772161603e-13,optimal,optimal,0.0,0.0,38498.82415359867,1.8189894035458565e-12,0.0,1.907412499551558e-12,0.0,0.0,1.1368683772161603e-13,0.0,0.0,9.999999999999998e-08,6.548361852765083e-11,0.0,0.0,0.0,5.936817597532888e-15
2025-11-18,2,5,1200.0,1200.0,1200.0,83831.82899533253,4.764173415912338e-08,52983.05678315294,1e-07,52983.056783252934,42631.21048209767,38978.8568091523,1.00000761449337e-07,9.999999999999998e-08,0,0,292,292,optimal,optimal,52983.05678305293,52983.05678305294,42631.21048209767,0.0,0.0,1.7621459846850485e-12,0.0,0.0,0.0,0.0,0.0,1.00000761449337e-07,0.0,0.0,0.0,2.2737367544323206e-13,optimal,optimal,0.0,0.0,38978.85680915228,0.0,0.0,2.021099337273174e-12,0.0,0.0,0.0,0.0,0.0,9.999999999999998e-08,1.4551915228366852e-11,0.0,0.0,0.0,5.9368176107677775e-15
2025-11-19,2,5,1200.0,1200.0,1200.0,84270.59447706085,1.3850000470811556,53229.65316805699,6.301057600000266,53235.95422565699,42792.87839320807,41212.742684461475,1.0000803740695119e-07,9.999996919418663e-08,0,0,293,293,optimal,optimal,53229.65316795698,53229.65316795699,42792.87839320807,0.0,0.0,9.094947017729282e-13,0.0,0.0,0.0,0.0,7.958078640513122e-13,1.0000803740695119e-07,0.0,0.0,0.0,1.1368683772161603e-13,optimal,optimal,6.301057500000297,6.3010575000015105,41212.74268446145,7.582387695163937e-12,0.0,2.021099337273174e-12,0.0,0.0,0.0,0.0,0.0,9.999996919418663e-08,2.1827872842550278e-11,0.0,0.0,0.0,8.185452307697783e-15
2025-11-20,2,5,1200.0,1200.0,1200.0,84759.41958831256,4.739337595087561e-08,53680.45765781992,1e-07,53680.45765791992,43324.41339454005,39162.670706780424,1.0000803740695119e-07,1e-07,0,0,294,294,optimal,optimal,53680.45765771992,53680.45765771994,43324.41339454005,0.0,0.0,1.3073986337985843e-12,0.0,0.0,0.0,0.0,1.0231815394945443e-12,1.0000803740695119e-07,0.0,0.0,0.0,2.2737367544323206e-13,optimal,optimal,0.0,0.0,39162.67070678045,2.3256347529496836e-12,0.0,1.5663519863867098e-12,0.0,0.0,1.1368683772161603e-13,0.0,0.0,1e-07,2.9103830456733704e-11,0.0,0.0,0.0,1.3389944793436618e-14
2025-11-21,2,5,1200.0,1200.0,1199.9999999999998,38158.92947299106,4.777829279728051e-08,20582.76208756164,1e-07,20582.762087661642,33991.236038862684,31329.06968320095,1.00000761449337e-07,1.0000000000000002e-07,0,0,295,295,optimal,optimal,20582.76208746164,20582.762087461644,33991.236038862684,0.0,0.0,7.389644451905042e-13,0.0,0.0,0.0,0.0,0.0,1.00000761449337e-07,0.0,0.0,0.0,1.1368683772161603e-13,optimal,optimal,0.0,0.0,31329.06968320095,4.547473508864641e-13,2.2737367544323206e-13,1.1972645097557688e-12,0.0,0.0,1.1368683772161603e-13,0.0,0.0,1.0000000000000002e-07,0.0,0.0,0.0,0.0,1.2562395575967747e-14
2025-11-22,2,5,1199.9999999999998,1200.0,1200.0,38611.19597996458,4.708097928436911e-08,20686.989074546884,1e-07,20686.98907464688,34048.03459440124,32290.66260417315,1.00000761449337e-07,9.999999999999998e-08,0,0,296,296,optimal,optimal,20686.989074446883,20686.989074446883,34048.03459440124,0.0,2.2737367544323206e-13,9.094947017729282e-13,0.0,0.0,2.2737367544323206e-13,0.0,0.0,1.00000761449337e-07,0.0,2.2737367544323206e-13,0.0,1.1368683772161603e-13,optimal,optimal,0.0,0.0,32290.662604173158,0.0,2.2737367544323206e-13,1.5347723092418164e-12,0.0,0.0,1.1368683772161603e-13,0.0,0.0,9.999999999999998e-08,7.275957614183426e-12,0.0,0.0,0.0,5.9368176107677775e-15
2025-11-23,2,5,1200.0,1200.0,1200.0,85963.93244035152,4.59031623291218e-08,54439.0632749477,1e-07,54439.0632750477,43761.734861224904,41123.783079641405,1.00000761449337e-07,1e-07,0,0,297,297,optimal,optimal,54439.06327484771,54439.06327484768,43761.734861224904,0.0,0.0,1.8189894035458565e-12,0.0,0.0,0.0,0.0,0.0,1.00000761449337e-07,0.0,0.0,0.0,2.2737367544323206e-13,optimal,optimal,0.0,0.0,41123.783079641405,2.445874489537374e-12,0.0,1.5472068071176182e-12,0.0,0.0,0.0,0.0,0.0,1e-07,0.0,0.0,0.0,0.0,2.4190194373813767e-14
2025-11-24,2,5,1200.0,1200.0,1200.0,85816.43040718557,18.839666713872024,54319.81245858006,88.24499876667082,54408.05745734673,44088.544794389745,38541.19439181571,1.0001531336456537e-07,9.999970984608808e-08,0,0,298,298,optimal,optimal,54319.812458480046,54319.81245848004,44088.544794389745,0.0,0.0,1.3642420526593924e-12,0.0,0.0,0.0,0.0,1.4210854715202004e-13,1.0001531336456537e-07,0.0,0.0,0.0,2.2737367544323206e-13,optimal,optimal,88.24499866667111,88.24499866666756,38541.19439181575,7.727594664796445e-12,0.0,2.248473012716406e-12,0.0,0.0,0.0,0.0,0.0,9.999970984608808e-08,3.637978807091713e-11,0.0,0.0,0.0,1.1596057455757527e-14
2025-11-25,2,5,1200.0,1200.0,1200.0,85640.84738400928,4.7169811320754715e-08,54172.880207378854,1e-07,54172.880207478855,43987.063753772025,40870.11994132153,1.00000761449337e-07,9.999999999999998e-08,0,0,299,299,optimal,optimal,54172.88020727886,54172.88020727888,43987.063753772025,0.0,0.0,1.8189894035458565e-12,0.0,0.0,0.0,0.0,8.526512829121202e-14,1.00000761449337e-07,0.0,0.0,0.0,1.1368683772161603e-13,optimal,optimal,0.0,0.0,40870.11994132153,1.8189894035458565e-12,0.0,2.021099337273174e-12,0.0,0.0,0.0,0.0,0.0,9.999999999999998e-08,0.0,0.0,0.0,0.0,5.9368176107677775e-15
2025-11-26,2,5,1200.0,1200.0,1200.0,85801.95397053286,32.99316671406219,54315.44766664384,154.53999276667085,54469.987659410515,44081.83731557452,41503.028763617345,9.998620953410864e-08,9.999988037634466e-08,0,0,300,300,optimal,optimal,54315.44766654386,54315.447666543856,44081.83731557452,0.0,0.0,2.6716406864579767e-12,0.0,0.0,0.0,0.0,0.0,9.998620953410864e-08,0.0,0.0,0.0,2.2737367544323206e-13,optimal,optimal,154.53999266667097,154.5399926666676,41503.02876361737,0.0,0.0,2.362159850438022e-12,0.0,0.0,0.0,0.0,0.0,9.999988037634466e-08,2.1827872842550278e-11,0.0,0.0,0.0,1.3234889800848443e-23
2025-11-27,2,5,1200.0,1200.0,1200.0,86287.96784634874,4.638218923933209e-08,54804.479331278926,1e-07,54804.47933137892,44220.387575935456,39229.141970894125,1.0001531336456537e-07,1e-07,0,0,301,301,optimal,optimal,54804.47933117891,54804.47933117891,44220.387575935456,0.0,0.0,8.526512829121202e-13,0.0,0.0,0.0,0.0,1.1368683772161603e-13,1.0001531336456537e-07,0.0,0.0,0.0,1.1368683772161603e-13,optimal,optimal,0.0,0.0,39229.14197089412,9.094947017729282e-13,0.0,2.021099337273174e-12,0.0,0.0,0.0,0.0,0.0,1e-07,7.275957614183426e-12,0.0,0.0,0.0,5.9368176107677775e-15
2025-11-28,2,5,1200.0,1200.0,1200.0,39526.13246986161,4.677268475210477e-08,21184.794175354524,1e-07,21184.794175454525,34642.028409215294,33114.4213498521,1.0000803740695119e-07,1e-07,0,0,302,302,optimal,optimal,21184.794175254516,21184.794175254512,34642.028409215294,0.0,0.0,9.094947017729282e-13,0.0,0.0,0.0,0.0,0.0,1.0000803740695119e-07,0.0,0.0,0.0,1.1368683772161603e-13,optimal,optimal,0.0,0.0,33114.42134985211,0.0,0.0,1.552535877635819e-12,0.0,0.0,5.684341886080801e-13,0.0,0.0,1e-07,1.4551915228366852e-11,0.0,0.0,0.0,5.9368176107677775e-15
2025-11-29,2,5,1200.0,1200.0,1200.0,40450.91767782816,5.182677845971498e-08,21667.993118651077,1e-07,21667.993118751077,34911.22857942471,32904.908083013244,1.00000761449337e-07,1e-07,0,0,303,303,optimal,optimal,21667.993118551076,21667.993118551083,34911.22857942471,0.0,0.0,9.094947017729282e-13,0.0,0.0,0.0,0.0,0.0,1.00000761449337e-07,0.0,0.0,0.0,1.1368683772161603e-13,optimal,optimal,0.0,0.0,32904.908083013244,4.547473508864641e-13,0.0,1.010549668636587e-12,0.0,0.0,3.410605131648481e-13,0.0,0.0,1e-07,0.0,0.0,0.0,0.0,1.2331702235255657e-14
2025-11-30,2,5,1200.0,1200.0,1200.0,88395.81707537206,3.318810046387438,56181.62597494961,15.545306140005925,56197.17128108961,44616.286919314254,43268.502438964264,9.997893357649446e-08,9.999999761589606e-08,0,0,304,304,optimal,optimal,56181.62597484962,56181.625974849645,44616.286919314254,0.0,0.0,1.3073986337985843e-12,0.0,0.0,0.0,0.0,0.0,9.997893357649446e-08,0.0,0.0,0.0,1.1368683772161603e-13,optimal,optimal,15.545306040005926,15.545306040003124,43268.50243896428,2.3998339023879587e-12,0.0,1.4441781104324036e-12,0.0,0.0,0.0,2.3874235921539366e-12,0.0,9.999999761589606e-08,1.4551915228366852e-11,0.0,0.0,0.0,2.6489033189983568e-14
2025-12-01,2,5,1200.0,1200.0,1200.0,88634.6952451292,3800.9966216115317,56241.38817115811,13247.093488351653,69488.48165950977,44699.99941175034,45359.52230999343,1.0000803740695119e-07,9.999348549172282e-08,0,0,305,305,optimal,optimal,56241.3881710581,56241.388171058104,44699.999411750345,0.0,0.0,1.0231815394945443e-12,0.0,0.0,0.0,0.0,0.0,1.0000803740695119e-07,7.275957614183426e-12,0.0,0.0,1.1368683772161603e-13,optimal,optimal,13247.09348825166,13247.093488251681,45359.522309993394,9.094947017729282e-13,0.0,1.010549668636587e-12,0.0,0.0,0.0,0.0,0.0,9.999348549172282e-08,3.637978807091713e-11,0.0,0.0,0.0,2.2737367544323206e-13
2025-12-02,2,5,1200.0,1200.0,1200.0,89180.42089138913,4565.1802065118245,56700.17467842117,16784.50188467301,73484.67656309418,44699.99997105506,44869.66192046528,1.0001531336456537e-07,1.00000761449337e-07,0,0,306,306,optimal,optimal,56700.17467832116,56700.17467832116,44699.99997105506,0.0,0.0,1.8189894035458565e-12,0.0,0.0,0.0,0.0,0.0,1.0001531336456537e-07,0.0,0.0,0.0,1.1368683772161603e-13,optimal,optimal,16784.50188457301,16784.501884573016,44869.661920465274,9.094947017729282e-13,0.0,1.8189894035458565e-12,0.0,0.0,0.0,0.0,0.0,1.00000761449337e-07,7.275957614183426e-12,1.1368683772161603e-13,0.0,0.0,1.1368683772161603e-13
2025-12-03,2,5,1200.0,1200.0,1200.0,90415.09380320065,2132.568763808238,57696.19111609478,6239.605963000561,63935.79707909534,44968.65827769047,44841.33246828443,9.998620953410864e-08,9.999712347052991e-08,0,0,307,307,optimal,optimal,57696.19111599479,57696.191115994814,44968.65827769047,0.0,0.0,1.5916157281026244e-12,0.0,0.0,0.0,0.0,5.115907697472721e-13,9.998620953410864e-08,0.0,0.0,0.0,1.1368683772161603e-13,optimal,optimal,6239.605962900563,6239.605962900574,44841.33246828446,9.094947017729282e-13,0.0,1.7497114868092467e-12,0.0,0.0,0.0,0.0,0.0,9.999712347052991e-08,2.9103830456733704e-11,0.0,0.0,0.0,5.684341886080802e-14
2025-12-04,2,5,1200.0,1200.0,1200.0,90856.3556280563,3417.1893966115317,58116.30037886016,11719.43175573834,69835.7321345985,45243.29891842813,44575.458157411944,9.999348549172282e-08,9.999894245993346e-08,0,0,308,308,optimal,optimal,58116.30037876017,58116.30037876017,45243.29891842813,0.0,0.0,1.8189894035458565e-12,0.0,0.0,0.0,0.0,0.0,9.999348549172282e-08,0.0,0.0,0.0,2.2737367544323206e-13,optimal,optimal,11719.431755638341,11719.431755638356,44575.45815741192,9.094947017729282e-13,0.0,2.021099337273174e-12,0.0,0.0,1.1368683772161603e-13,0.0,0.0,9.999894245993346e-08,2.1827872842550278e-11,0.0,0.0,0.0,1.1368683772161603e-13
2025-12-05,2,5,1200.0,1200.0,1200.0,44267.47117934862,1634.3008443241295,23520.048526634142,3860.743435276918,27380.79196191106,36149.680149092186,37630.16626998174,1.00000761449337e-07,9.999939720728435e-08,0,0,309,309,optimal,optimal,23520.04852653414,23520.04852653415,36149.68014909219,0.0,0.0,9.094947017729282e-13,0.0,0.0,0.0,0.0,0.0,1.00000761449337e-07,7.275957614183426e-12,0.0,0.0,1.1368683772161603e-13,optimal,optimal,3860.7434351769184,3860.7434351769184,37630.166269981724,4.547473508864641e-13,0.0,1.0231815394945443e-12,0.0,0.0,1.1368683772161603e-13,0.0,0.0,9.999939720728435e-08,1.4551915228366852e-11,0.0,0.0,0.0,4.973799150320701e-14
2025-12-06,2,5,1200.0,1200.0,1200.0,44471.99871298654,3486.7005214928968,23584.080895092837,8019.248356817068,31603.329251909905,35920.66640460935,37844.56104399625,1.0000803740695119e-07,1.0000258043874055e-07,0,0,310,310,optimal,optimal,23584.08089499283,23584.080894992832,35920.66640460935,0.0,0.0,8.064660050877137e-13,0.0,0.0,0.0,0.0,0.0,1.0000803740695119e-07,0.0,0.0,0.0,1.1368683772161603e-13,optimal,optimal,8019.248356717067,8019.2483567170675,37844.56104399626,4.547473508864641e-13,0.0,8.988365607365267e-13,0.0,0.0,0.0,0.0,0.0,1.0000258043874055e-07,1.4551915228366852e-11,0.0,0.0,0.0,4.263256414560601e-14
2025-12-07,2,5,1200.0,1200.0,1200.0,91693.11160130757,1769.039006521638,58726.85732904742,4871.129494359183,63597.98682340661,45239.5920702822,45295.282952858855,9.998620953410864e-08,1.00000761449337e-07,0,0,311,311,optimal,optimal,58726.857328947444,58726.857328947444,45239.592070282204,0.0,0.0,1.0231815394945443e-12,0.0,0.0,0.0,0.0,1.4779288903810084e-12,9.998620953410864e-08,7.275957614183426e-12,0.0,0.0,1.1368683772161603e-13,optimal,optimal,4871.129494259182,4871.129494259176,45295.28295285887,0.0,0.0,1.0587086762825493e-12,0.0,0.0,0.0,0.0,0.0,1.00000761449337e-07,1.4551915228366852e-11,0.0,0.0,0.0,5.684341886080802e-14
2025-12-08,2,5,1200.0,1200.0,1200.0,95379.78801905329,4.764179990618488e-08,61203.763672644374,1e-07,61203.763672744375,45599.77701471535,44444.396923251465,1.0001531336456537e-07,9.999999999999998e-08,0,0,312,312,optimal,optimal,61203.76367254436,61203.76367254437,45599.77701471535,0.0,0.0,7.958078640513122e-13,0.0,0.0,0.0,0.0,1.3642420526593924e-12,1.0001531336456537e-07,0.0,0.0,0.0,1.1368683772161603e-13,optimal,optimal,0.0,0.0,44444.39692325145,2.421106703128873e-12,0.0,1.1013412404281553e-12,0.0,0.0,3.410605131648481e-13,0.0,0.0,9.999999999999998e-08,1.4551915228366852e-11,0.0,0.0,0.0,9.688483248487206e-15
2025-12-09,2,5,1200.0,1200.0,1200.0,95509.15352259263,133.2567150477964,61311.49540573155,773.0684928391793,62084.563898570734,45817.91328508813,45283.70833251278,1.0002258932217956e-07,9.999985195463523e-08,0,0,313,313,optimal,optimal,61311.49540563153,61311.49540563153,45817.91328508813,0.0,0.0,8.526512829121202e-13,0.0,0.0,0.0,0.0,1.1368683772161603e-13,1.0002258932217956e-07,0.0,0.0,0.0,1.1368683772161603e-13,optimal,optimal,773.0684927391794,773.0684927391899,45283.70833251284,2.40573250754133e-12,0.0,1.0231815394945443e-12,0.0,0.0,1.1368683772161603e-13,2.3874235921539366e-12,0.0,9.999985195463523e-08,5.820766091346741e-11,0.0,0.0,0.0,1.386979419907254e-14
2025-12-10,2,5,1200.0,1200.0,1200.0,95430.51434371405,4.7778338141174076e-08,61223.73624675741,1e-07,61223.73624685742,46126.10790360674,44546.97020967341,1.0000803740695119e-07,1e-07,0,0,314,314,optimal,optimal,61223.736246657405,61223.736246657376,46126.10790360674,0.0,0.0,9.094947017729282e-13,0.0,0.0,0.0,0.0,1.1368683772161603e-13,1.0000803740695119e-07,0.0,0.0,0.0,1.1368683772161603e-13,optimal,optimal,0.0,0.0,44546.9702096734,2.4207638175945836e-12,0.0,1.261879489788953e-12,0.0,0.0,3.410605131648481e-13,0.0,0.0,1e-07,7.275957614183426e-12,0.0,0.0,0.0,1.2480450101404569e-14
2025-12-11,2,5,1200.0,1200.0,1200.0,95777.78332455861,4.764174065838483e-08,61587.12767697681,1e-07,61587.12767707681,45972.7386221342,43220.4958393123,9.997893357649446e-08,9.999999999999998e-08,0,0,315,315,optimal,optimal,61587.12767687682,61587.12767687682,45972.73862213421,0.0,0.0,9.094947017729282e-13,0.0,0.0,0.0,0.0,1.1368683772161603e-13,9.997893357649446e-08,7.275957614183426e-12,0.0,0.0,1.1368683772161603e-13,optimal,optimal,0.0,0.0,43220.495839312294,2.4803545031816826e-12,0.0,1.5095085675259018e-12,0.0,0.0,0.0,0.0,0.0,9.999999999999998e-08,7.275957614183426e-12,0.0,0.0,0.0,9.688483248487206e-15
2025-12-12,2,5,1200.0,1200.0,1200.0,48807.71838517564,107.58744881555374,25909.32148052181,232.54125277161444,26141.862733293423,37762.28709640086,37519.1214323663,9.999348549172282e-08,9.999999406318238e-08,0,0,316,316,optimal,optimal,25909.321480421815,25909.321480421822,37762.28709640086,0.0,0.0,8.242295734817162e-13,0.0,0.0,0.0,0.0,0.0,9.999348549172282e-08,0.0,0.0,0.0,1.1368683772161603e-13,optimal,optimal,232.54125267161444,232.54125267161444,37519.12143236628,4.547473508864641e-13,0.0,1.2505552149377763e-12,0.0,0.0,1.1368683772161603e-13,0.0,0.0,9.999999406318238e-08,2.1827872842550278e-11,0.0,0.0,0.0,1.4210854715202004e-14
2025-12-13,2,5,1200.0,1200.0,1200.0,49632.45388734802,163.07087664041643,26163.482073380863,355.66858832062644,26519.15066170149,38016.26841171808,37616.68399078877,9.998620953410864e-08,1.0000007932831068e-07,0,0,317,317,optimal,optimal,26163.482073280873,26163.48207328088,38016.26841171809,0.0,0.0,9.094947017729282e-13,0.0,0.0,0.0,0.0,0.0,9.998620953410864e-08,7.275957614183426e-12,0.0,0.0,1.1368683772161603e-13,optimal,optimal,355.6685882206264,355.66858822062636,37616.683990788784,4.547473508864641e-13,0.0,1.5916157281026244e-12,0.0,0.0,3.410605131648481e-13,0.0,0.0,1.0000007932831068e-07,1.4551915228366852e-11,0.0,0.0,0.0,2.1316282072803006e-14
2025-12-14,2,5,1200.0,1200.0,1200.0,96530.33835941431,36.10363872933459,62084.373275495134,78.30352488924007,62162.676800384375,45953.63346287231,44906.036284214526,9.999348549172282e-08,9.999999406318238e-08,0,0,318,318,optimal,optimal,62084.37327539514,62084.37327539513,45953.63346287232,0.0,0.0,9.094947017729282e-13,0.0,0.0,0.0,0.0,1.1368683772161603e-13,9.999348549172282e-08,7.275957614183426e-12,0.0,0.0,1.1368683772161603e-13,optimal,optimal,78.30352478924007,78.30352478924007,44906.036284214584,9.094947017729282e-13,0.0,1.3180567748349858e-12,0.0,0.0,5.684341886080801e-13,0.0,0.0,9.999999406318238e-08,5.820766091346741e-11,0.0,0.0,0.0,7.105427357601002e-15
2025-12-15,2,5,1200.0,1200.0,1200.0,100177.26602044384,4.777832838928192e-08,64496.33656954721,1e-07,64496.33656964722,45959.89631473106,42782.923657834755,9.996438166126609e-08,1e-07,0,0,319,319,optimal,optimal,64496.336569447245,64496.33656944726,45959.89631473106,0.0,0.0,9.094947017729282e-13,0.0,0.0,0.0,0.0,1.1368683772161603e-13,9.996438166126609e-08,0.0,0.0,0.0,1.1368683772161603e-13,optimal,optimal,0.0,0.0,42782.92365783476,2.4305157097507707e-12,0.0,1.3642420526593924e-12,0.0,0.0,1.1368683772161603e-13,0.0,0.0,1e-07,7.275957614183426e-12,0.0,0.0,0.0,1.2480450101404569e-14
2025-12-16,2,5,1200.0,1200.0,1200.0,100560.12741042278,5.1827128575362746e-08,64980.53506818367,1e-07,64980.53506828367,46168.56067768947,42587.529860290335,9.999348549172282e-08,1e-07,0,0,320,320,optimal,optimal,64980.53506808368,64980.53506808369,46168.56067768947,0.0,0.0,1.5916157281026244e-12,0.0,0.0,0.0,0.0,1.1368683772161603e-12,9.999348549172282e-08,0.0,0.0,0.0,1.1368683772161603e-13,optimal,optimal,0.0,0.0,42587.529860290306,2.132307733396966e-12,0.0,1.2256862191861728e-12,0.0,0.0,0.0,0.0,0.0,1e-07,2.9103830456733704e-11,0.0,0.0,0.0,1.140042513807209e-14
2025-12-17,2,5,1200.0,1200.0,1200.0,100524.36692889908,4.7169862444825315e-08,64670.22596429338,1e-07,64670.22596439339,46066.2626369387,41808.6920170808,1.00000761449337e-07,9.999999999999998e-08,0,0,321,321,optimal,optimal,64670.22596419338,64670.225964193356,46066.2626369387,0.0,0.0,7.958078640513122e-13,0.0,0.0,0.0,0.0,2.1600499167107046e-12,1.00000761449337e-07,0.0,0.0,0.0,1.1368683772161603e-13,optimal,optimal,0.0,0.0,41808.692017080786,2.330817842547683e-12,0.0,1.7621459846850485e-12,0.0,0.0,5.684341886080801e-13,0.0,1.1368683772161603e-13,9.999999999999998e-08,1.4551915228366852e-11,0.0,0.0,0.0,2.5011104308814043e-14
2025-12-18,2,5,1200.0,1200.0,1200.0,100319.02052803649,5.182715662556833e-08,64815.361535232805,1e-07,64815.3615353328,46021.965381398404,42535.25843066596,9.996438166126609e-08,1e-07,0,0,322,322,optimal,optimal,64815.36153513283,64815.36153513285,46021.965381398404,0.0,0.0,1.3642420526593924e-12,0.0,0.0,0.0,0.0,0.0,9.996438166126609e-08,0.0,0.0,0.0,1.1368683772161603e-13,optimal,optimal,0.0,0.0,42535.25843066597,2.104257527811084e-12,0.0,1.4672707493446069e-12,0.0,0.0,0.0,0.0,0.0,1e-07,7.275957614183426e-12,0.0,0.0,0.0,1.140042513807209e-14
2025-12-19,2,5,1200.0,1200.0,1200.0,53388.89218173025,4.716980895533683e-08,28389.142195712422,1e-07,28389.142195812427,38835.9957532339,35021.1651988081,1.00000761449337e-07,1e-07,0,0,323,323,optimal,optimal,28389.142195612425,28389.14219561244,38835.99575323391,0.0,0.0,9.094947017729282e-13,0.0,0.0,0.0,0.0,7.958078640513122e-13,1.00000761449337e-07,7.275957614183426e-12,0.0,0.0,1.1368683772161603e-13,optimal,optimal,0.0,0.0,35021.165198808114,0.0,0.0,1.5241141682054149e-12,0.0,0.0,3.410605131648481e-13,0.0,0.0,1e-07,1.4551915228366852e-11,0.0,0.0,0.0,1.3642420526064528e-14
2025-12-20,2,5,1200.0,1200.0,1200.0,53800.378454857826,4.720320981826764e-08,28589.955887006785,1e-07,28589.955887106782,38855.898982863626,35456.53816300565,1.00000761449337e-07,1e-07,0,0,324,324,optimal,optimal,28589.955886906784,28589.95588690679,38855.898982863626,0.0,0.0,9.094947017729282e-13,0.0,0.0,0.0,0.0,0.0,1.00000761449337e-07,0.0,0.0,0.0,1.1368683772161603e-13,optimal,optimal,0.0,0.0,35456.53816300569,9.094947017729282e-13,0.0,1.4210854715202004e-12,0.0,0.0,0.0,0.0,0.0,1e-07,3.637978807091713e-11,0.0,0.0,0.0,5.9368176107677775e-15
2025-12-21,2,5,1200.0,1200.0,1200.0,99937.24332610109,4.5945329014252945e-08,64578.048353858816,1e-07,64578.04835395882,46126.76889990503,42186.26641461774,9.999348549172282e-08,1e-07,0,0,325,325,optimal,optimal,64578.048353758815,64578.048353758815,46126.76889990503,0.0,0.0,7.958078640513122e-13,0.0,0.0,0.0,0.0,3.410605131648481e-13,9.999348549172282e-08,0.0,0.0,0.0,1.1368683772161603e-13,optimal,optimal,0.0,0.0,42186.2664146178,2.45700615310932e-12,0.0,2.021099337273174e-12,0.0,0.0,0.0,0.0,0.0,1e-07,5.820766091346741e-11,0.0,0.0,0.0,1.2992040862364682e-14
2025-12-22,2,5,1200.0,1200.0,1200.0,99471.60661414571,4.7517282208856856e-08,64083.02897665675,1e-07,64083.02897675675,45983.46738138043,43080.02248250941,1.0002986527979374e-07,1e-07,0,0,326,326,optimal,optimal,64083.02897655673,64083.0289765567,45983.46738138044,0.0,0.0,1.0231815394945443e-12,0.0,0.0,0.0,0.0,1.1368683772161603e-13,1.0002986527979374e-07,7.275957614183426e-12,0.0,0.0,1.1368683772161603e-13,optimal,optimal,0.0,0.0,43080.022482509405,2.3380298882644646e-12,0.0,1.2647660696529783e-12,0.0,0.0,0.0,0.0,0.0,1e-07,7.275957614183426e-12,0.0,0.0,0.0,1.8271839513727512e-14
2025-12-23,2,5,1200.0,1200.0,1200.0,99912.11737686227,4.764175704968199e-08,64598.107073387175,1e-07,64598.10707348717,46199.999970274104,41449.46726276083,1.0001531336456537e-07,9.999999999999998e-08,0,0,327,327,optimal,optimal,64598.10707328716,64598.10707328718,46199.999970274104,0.0,0.0,1.4779288903810084e-12,0.0,0.0,0.0,0.0,2.2737367544323206e-13,1.0001531336456537e-07,0.0,0.0,0.0,2.2737367544323206e-13,optimal,optimal,0.0,0.0,41449.46726276081,2.4639632060164503e-12,0.0,1.1510792319313623e-12,0.0,0.0,0.0,0.0,0.0,9.999999999999998e-08,2.1827872842550278e-11,0.0,0.0,0.0,9.688483248487206e-15
2025-12-24,2,5,1200.0,1200.0,1200.0,99716.63184464042,4.56829723952689e-08,64167.78691703694,1e-07,64167.78691713694,46199.99997027767,42760.83138499096,1.00000761449337e-07,1e-07,0,0,328,328,optimal,optimal,64167.78691693694,64167.786916936944,46199.99997027767,0.0,0.0,9.094947017729282e-13,0.0,0.0,0.0,0.0,0.0,1.00000761449337e-07,0.0,0.0,0.0,1.1368683772161603e-13,optimal,optimal,0.0,0.0,42760.831384991005,2.310716837942907e-12,0.0,2.021099337273174e-12,0.0,0.0,0.0,0.0,0.0,1e-07,4.3655745685100555e-11,0.0,0.0,0.0,2.5668123281453072e-14
2025-12-25,2,5,1200.0,1200.0,1200.0,99261.42992089526,4.739337595087561e-08,64036.86665530041,1e-07,64036.86665540041,46167.17702953402,42012.81253560154,1.0000803740695119e-07,1e-07,0,0,329,329,optimal,optimal,64036.8666552004,64036.8666552004,46167.177029534025,0.0,0.0,1.0231815394945443e-12,0.0,0.0,0.0,0.0,1.1368683772161603e-13,1.0000803740695119e-07,7.275957614183426e-12,0.0,0.0,1.1368683772161603e-13,optimal,optimal,0.0,0.0,42012.81253560148,2.3256347529496836e-12,0.0,2.021099337273174e-12,0.0,0.0,0.0,0.0,0.0,1e-07,5.820766091346741e-11,0.0,0.0,0.0,1.503176463696739e-14
2025-12-26,2,5,1200.0,1200.0,1200.0000000000002,52957.55721682887,4.777830864787386e-08,28144.531308634745,1e-07,28144.531308734746,38904.197459431365,35479.47916549803,1.00000761449337e-07,1e-07,0,0,330,330,optimal,optimal,28144.531308534748,28144.531308534748,38904.197459431365,0.0,0.0,9.094947017729282e-13,0.0,0.0,0.0,0.0,0.0,1.00000761449337e-07,0.0,0.0,0.0,1.1368683772161603e-13,optimal,optimal,0.0,0.0,35479.479165498014,9.094947017729282e-13,0.0,1.5276668818842154e-12,0.0,0.0,0.0,0.0,0.0,1e-07,1.4551915228366852e-11,0.0,0.0,0.0,5.9368176107677775e-15
2025-12-27,2,5,1200.0000000000002,1200.0,1200.0,53119.77665619097,4.777830864787386e-08,28161.801955499766,1e-07,28161.801955599767,39044.320111282854,35144.15503586804,1.00000761449337e-07,1e-07,0,0,331,331,optimal,optimal,28161.801955399766,28161.801955399773,39044.320111282854,0.0,0.0,9.094947017729282e-13,0.0,0.0,0.0,0.0,0.0,1.00000761449337e-07,0.0,2.2737367544323206e-13,0.0,1.1368683772161603e-13,optimal,optimal,0.0,0.0,35144.155035868025,9.094947017729282e-13,0.0,1.6800388241083259e-12,0.0,0.0,0.0,0.0,0.0,1e-07,1.4551915228366852e-11,0.0,0.0,0.0,5.9368176107677775e-15
2025-12-28,2,5,1200.0,1200.0,1200.0,99719.74538741854,28.283245045916384,64422.51905312326,164.67906076750583,64587.19811389076,46199.99997028091,40412.948440549255,9.997165761888027e-08,9.999999406318238e-08,0,0,332,332,optimal,optimal,64422.51905302328,64422.519053023265,46199.999970280915,0.0,0.0,7.958078640513122e-13,0.0,0.0,0.0,0.0,1.3642420526593924e-12,9.997165761888027e-08,7.275957614183426e-12,0.0,0.0,1.1368683772161603e-13,optimal,optimal,164.67906066750584,164.67906066752428,40412.948440549284,1.476905941329776e-11,0.0,1.432631790976302e-12,0.0,0.0,0.0,0.0,0.0,9.999999406318238e-08,2.9103830456733704e-11,0.0,0.0,0.0,1.5120349420468943e-14
2025-12-29,2,5,1200.0,1200.0,1200.0,99780.04166622473,4.777836022017054e-08,64349.64619821333,1e-07,64349.646198313334,46129.02542212904,41006.840225726555,9.999348549172282e-08,1e-07,0,0,333,333,optimal,optimal,64349.646198113325,64349.646198113325,46129.02542212904,0.0,0.0,9.094947017729282e-13,0.0,0.0,0.0,0.0,0.0,9.999348549172282e-08,0.0,0.0,0.0,1.1368683772161603e-13,optimal,optimal,0.0,0.0,41006.84022572657,2.3986848211291514e-12,0.0,1.807887173299605e-12,0.0,0.0,0.0,0.0,0.0,1e-07,1.4551915228366852e-11,0.0,0.0,0.0,1.2480450101403761e-14
2025-12-30,2,5,1200.0,1200.0,1200.0,99555.51181762415,4.615742037982328e-08,64126.034590007344,1e-07,64126.034590107345,46062.73934064981,41511.965733139834,9.997893357649446e-08,9.999999999999998e-08,0,0,334,334,optimal,optimal,64126.03458990736,64126.03458990737,46062.739340649816,0.0,0.0,1.0231815394945443e-12,0.0,0.0,0.0,0.0,1.1368683772161603e-13,9.997893357649446e-08,7.275957614183426e-12,0.0,0.0,1.1368683772161603e-13,optimal,optimal,0.0,0.0,41511.96573313986,2.277906095865822e-12,0.0,1.4210854715202004e-12,0.0,0.0,0.0,0.0,0.0,9.999999999999998e-08,2.9103830456733704e-11,0.0,0.0,0.0,1.8474111140350517e-14
2025-12-31,2,5,1200.0,1200.0,1200.0,99093.41859573072,5.182713966222226e-08,63813.26065730361,1e-07,63813.26065740361,45745.61263323857,43305.90194546909,1.0000803740695119e-07,1e-07,0,0,335,335,optimal,optimal,63813.2606572036,63813.2606572036,45745.612633238576,0.0,0.0,1.8189894035458565e-12,0.0,0.0,0.0,0.0,1.1368683772161603e-13,1.0000803740695119e-07,7.275957614183426e-12,0.0,0.0,2.2737367544323206e-13,optimal,optimal,0.0,0.0,43305.9019454691,2.2349077115979015e-12,0.0,2.021099337273174e-12,0.0,0.0,0.0,0.0,0.0,1e-07,7.275957614183426e-12,0.0,0.0,0.0,9.322320699207624e-15
