date,run_label,alpha,lambda,soc_start_kwh,scenario_count_00,soc_00_kwh,plan_primary_status_00,plan_secondary_status_00,plan_cost_00_yuan,increase_00_kwh,decrease_00_kwh,scenario_count_06,soc_06_kwh,plan_primary_status_06,plan_secondary_status_06,adjustment_cost_06_yuan,increase_06_kwh,decrease_06_kwh,rho_06,scenario_count_12,soc_12_kwh,plan_primary_status_12,plan_secondary_status_12,adjustment_cost_12_yuan,increase_12_kwh,decrease_12_kwh,rho_12,scenario_count_18,soc_18_kwh,plan_primary_status_18,plan_secondary_status_18,adjustment_cost_18_yuan,increase_18_kwh,decrease_18_kwh,rho_18,soc_end_kwh,soc_min_kwh,soc_max_kwh,adjustment_cost_total_yuan,actual_emergency_purchase_kwh,actual_emergency_cost_yuan,total_actual_cost_yuan,emergency_slot_count,actual_throughput_kwh,simultaneous_slots,max_constraint_violation,actual_primary_status,actual_secondary_status,actual_tertiary_status
2025-02-01,ANNUAL REFERENCE ONLY,0.9,0.5,6000.0,2,6000.0,optimal,optimal,21719.94543355953,0.0,0.0,2,9642.039444444446,optimal,optimal,-984.1827128643607,0.0,3016.4040319831397,0.6203361283146992,2,7124.128017037038,optimal,optimal,-75.30368939828337,0.0,195.5807070193136,0.5219275667876406,2,10197.944476851852,optimal,optimal,-30.973470065879933,0.0,62.756499171064675,0.5,1200.0000001,1200.0000001,10800.000000000002,-1090.459872328524,31.888854328703772,115.43195186634222,20744.91751309735,2,30842.755403720774,0,1.0000030670198612e-07,optimal,optimal,optimal
2025-02-02,ANNUAL REFERENCE ONLY,0.9,0.5,1200.0000001,3,1200.0000001,optimal,optimal,57517.54812983773,0.0,0.0,3,10771.232306534257,optimal,optimal,-1230.9051505970278,9.157730099887885,3718.2643555403542,0.630420805544078,3,7656.592467969517,optimal,optimal,-331.93170582893845,29.538682462048087,1163.9228574933964,0.5328440473078151,3,10800.0,optimal,optimal,1e-07,1.5797814902119475e-07,3.410605131648481e-13,0.5,1225.0407358327404,1200.0000001,10800.0,-1562.8368563259662,12.212987546772625,26.459437518749873,55981.170711030514,1,40766.17092579354,0,1.000043994281441e-07,optimal,optimal,optimal
2025-02-03,ANNUAL REFERENCE ONLY,0.9,0.5,1225.0407358327404,4,1225.0407358327404,optimal,optimal,59093.483250711615,0.0,0.0,4,10794.161419753087,optimal,optimal,-1626.7411086855655,0.0,4624.542503455043,0.6081206271476367,4,7638.409423039329,optimal,optimal,-515.3194351759602,0.0,1537.895757497677,0.5188848576958215,4,10786.822222222223,optimal,optimal,22.27663809999573,11.859999999998864,0.0,0.5,1277.7602025957685,1225.0407358327404,10800.0,-2119.78390576153,104.40272012886243,391.4275183615578,57365.12686331165,6,41442.29992097,0,1.0001531336456537e-07,optimal,optimal,optimal
2025-02-04,ANNUAL REFERENCE ONLY,0.9,0.5,1277.7602025957685,5,1277.7602025957685,optimal,optimal,60971.52230515436,0.0,0.0,5,10799.999999999998,optimal,optimal,-1334.8143194555166,159.7802744378369,4231.801876667108,0.604213286359979,5,7942.732885092671,optimal,optimal,-848.0840445519359,0.0,2483.76466645072,0.5361436228440177,5,10792.654320987655,optimal,optimal,12.417650100003051,6.611111111110802,0.0,0.5,1274.1064432698436,1274.1064432698436,10800.000000000002,-2170.4807139074496,83.70572715419613,223.29167144809873,59024.33326269501,6,42191.69591488561,0,1.0001213013310917e-07,optimal,optimal,optimal
2025-02-05,ANNUAL REFERENCE ONLY,0.9,0.5,1274.1064432698436,6,1274.1064432698436,optimal,optimal,57353.28572830621,0.0,0.0,6,10800.0,optimal,optimal,-267.18698224363516,336.8706296869674,1899.7964132373077,0.6073189178332172,6,7057.38118332164,optimal,optimal,-408.12690788340194,0.0,1094.7274017512777,0.5500793609993078,6,10800.000000000002,optimal,optimal,9.999999999999997e-08,2.162790833295915e-07,1.7518848703585688e-07,0.5,1277.087736885722,1274.1064432698436,10800.000000000002,-675.3138900270371,134.38244404141568,426.8030190967222,57104.7748573759,7,42260.007128707,0,1.0001076589105651e-07,optimal,optimal,optimal
2025-02-06,ANNUAL REFERENCE ONLY,0.9,0.5,1277.087736885722,7,1277.087736885722,optimal,optimal,61391.930152914334,0.0,0.0,7,10797.222530864196,optimal,optimal,-1815.5893762743947,0.0,4965.723174524712,0.6235349872124988,7,7765.633397533627,optimal,optimal,-1117.3476043010094,0.0,3153.4712019691447,0.5707119684648804,7,10796.047530864198,optimal,optimal,6.681530599990914,3.5572222222231424,1.2505552149377763e-12,0.5,1278.7043781571924,1277.087736885722,10800.0,-2926.2554499754133,106.16394737009898,232.2536804729187,58697.92838341184,4,41791.391708745265,0,1.0000940164900385e-07,optimal,optimal,optimal
2025-02-07,ANNUAL REFERENCE ONLY,0.9,0.5,1278.7043781571924,8,1278.7043781571924,optimal,optimal,23851.720728373577,0.0,0.0,8,10018.20918856481,optimal,optimal,-910.8759252884274,0.0,3046.168995338748,0.6423505795163891,8,7397.719001932886,optimal,optimal,-478.11078029289524,0.0,1639.8628938071754,0.6644873138638798,8,9857.922070987655,optimal,optimal,-9.330032625282763,2.1627485732035147e-07,18.90392627240131,0.5,1320.8816027725677,1210.2488996913573,10800.0,-1398.3167382066054,107.51145435483437,426.83224206877065,22880.23623223574,4,35506.69757674869,0,1.00002807812416e-07,optimal,optimal,optimal
2025-02-08,ANNUAL REFERENCE ONLY,0.9,0.5,1320.8816027725677,9,1320.8816027725677,optimal,optimal,19424.548034831714,0.0,0.0,9,8242.78749719927,optimal,optimal,-104.94118497429989,7.326614365056457,294.7452128425161,0.6251944679866634,9,7403.960153865937,optimal,optimal,-22.441887260251704,0.9439153216314935,56.56841389235393,0.7212701175370082,9,9849.687000841885,optimal,optimal,180.92621674656235,125.93790892067346,35.081055833334986,0.5,1340.9964118698765,1268.093527777773,10800.0,53.543144512010755,247.85580422886602,880.1652820313209,20358.256461375047,15,34607.4036203686,0,1.0000803740695119e-07,optimal,optimal,optimal
2025-02-09,ANNUAL REFERENCE ONLY,0.9,0.5,1340.9964118698765,10,1340.9964118698765,optimal,optimal,56985.85712554539,0.0,0.0,10,10798.012861111112,optimal,optimal,-768.4629026791088,0.36215565518432413,1818.4737788712855,0.6518986649382474,10,8071.035553913798,optimal,optimal,-699.8100620893537,1.3160633682961134,2184.339249647616,0.7139956059165149,10,10767.603727927324,optimal,optimal,21.80114135740147,18.44831153207531,15.398746906124165,0.5,1294.7725631162673,1290.434279907404,10800.000000000002,-1446.4718234110608,125.97083898409292,472.0152935238912,56011.400595658226,6,41305.682199819465,0,1.0002258932217956e-07,optimal,optimal,optimal
2025-02-10,ANNUAL REFERENCE ONLY,0.9,0.5,1294.7725631162673,11,1294.7725631162673,optimal,optimal,54050.6707679425,0.0,0.0,11,10166.12341455247,optimal,optimal,-2221.2853855399676,0.302668587834205,6211.445603563927,0.632296215923355,11,7605.153757887789,optimal,optimal,334.8105051345477,486.3897454460294,791.7726682287665,0.7122470447481396,11,10800.0,optimal,optimal,-11.562962377342808,0.0,28.82069329427774,0.5,1204.7374252454224,1204.7374252454224,10800.000000000002,-1898.0378427827625,186.5831401686492,433.07076664707813,52585.70369180682,5,40904.57599266803,0,1.0000803740695119e-07,optimal,optimal,optimal
2025-02-11,ANNUAL REFERENCE ONLY,0.9,0.5,1204.7374252454224,12,1204.7374252454224,optimal,optimal,54941.78268913884,0.0,0.0,12,9885.878620370371,optimal,optimal,-1713.5635435201334,0.05186519627159214,4468.022090392043,0.6087291375097827,12,6734.128055948089,optimal,optimal,-696.6548579705567,0.0,1839.059878052697,0.7061748899852236,12,10800.0,optimal,optimal,-11.182430956389762,0.0,27.040845675193175,0.5,1268.9469032395025,1200.0,10800.0,-2421.40083244708,680.131992430714,2116.5810487997205,54636.962905491484,18,42618.47186958189,0,1.0000803740695119e-07,optimal,optimal,optimal
2025-02-12,ANNUAL REFERENCE ONLY,0.9,0.5,1268.9469032395025,13,1268.9469032395025,optimal,optimal,54505.41480022283,0.0,0.0,13,10559.814568395064,optimal,optimal,-1894.491299962109,0.6889335652016371,5187.313764245164,0.6160564084196161,13,7380.463001757216,optimal,optimal,-506.8096298601675,2.878439202735649,1506.501647736242,0.7216505498964687,13,10618.71514049706,optimal,optimal,225.34177975289927,163.156373552648,9.985632402388319,0.5,1269.2048637080843,1199.9999999999998,10800.0,-2175.9591500693773,702.5471452648926,2420.6978356744635,54750.15348582792,27,41847.08411636755,0,1.0000053407566156e-07,optimal,optimal,optimal
2025-02-13,ANNUAL REFERENCE ONLY,0.9,0.5,1269.2048637080843,14,1269.2048637080843,optimal,optimal,50956.88937579141,0.0,0.0,14,9794.124149598758,optimal,optimal,-1496.1226828871886,55.453303790128416,4482.6832150751425,0.6239763911438716,14,7441.310768631992,optimal,optimal,688.6393673399135,742.9213822175436,498.43190386287176,0.7152704096105844,14,10800.0,optimal,optimal,-31.900032551672513,0.0,49.53036666666787,0.5,1406.983988614253,1269.2048637080843,10800.0,-839.3833480989476,147.44205033078637,483.910900452083,50601.41692814454,4,40502.30616224109,0,1.0000053407566156e-07,optimal,optimal,optimal
2025-02-14,ANNUAL REFERENCE ONLY,0.9,0.5,1406.983988614253,14,1406.983988614253,optimal,optimal,19000.861698638444,0.0,0.0,14,8092.5134942578525,optimal,optimal,178.05722758267183,235.85622848557827,375.7658069444444,0.6139351606603018,14,6890.333610368963,optimal,optimal,332.43947600383507,265.61324665414736,1.1368683772161603e-13,0.6610797178699424,14,9972.387262513956,optimal,optimal,157.91968373201252,112.64321479885658,-1.1368683772161603e-13,0.5,1337.0764875303553,1337.0764875303553,10800.0,668.4163873185194,75.7976517681488,162.69173402698627,19831.96981998395,5,33620.68349917505,0,1.0000803740695119e-07,optimal,optimal,optimal
2025-02-15,ANNUAL REFERENCE ONLY,0.9,0.5,1337.0764875303553,14,1337.0764875303553,optimal,optimal,18896.537754123256,0.0,0.0,14,6541.912112499999,optimal,optimal,-374.6631267160126,49.625856906726426,1332.156356204953,0.6534422560226923,14,6527.794023086344,optimal,optimal,164.69891488196407,134.95952784833074,1.1368683772161603e-13,0.5906384331605111,14,9899.536931063354,optimal,optimal,238.73067805732734,172.29616732188188,-5.684341886080802e-14,0.5,1209.9411180555553,1200.0,10729.114588802606,28.766466223278826,516.6292859441555,1399.3480998575112,20324.652320204044,18,33429.17670941849,0,1.00000761449337e-07,optimal,optimal,optimal
2025-02-16,ANNUAL REFERENCE ONLY,0.9,0.5,1209.9411180555553,14,1209.9411180555553,optimal,optimal,53747.73837392543,0.0,0.0,14,9948.14504243827,optimal,optimal,-1637.980502849234,134.79757949999953,4897.667326990808,0.6479058734291734,14,6475.792831944055,optimal,optimal,-142.70342665855497,0.0,362.99013500267495,0.5846020608283324,14,10469.60529918246,optimal,optimal,405.5359364418139,297.3552307357855,0.0,0.5,1313.1402056737495,1209.9411180555553,10737.728129453442,-1375.147993065975,66.54178704306504,148.8669977288166,52521.45737858827,2,41009.650422948995,0,1.00000761449337e-07,optimal,optimal,optimal
2025-02-17,ANNUAL REFERENCE ONLY,0.9,0.5,1313.1402056737495,14,1313.1402056737495,optimal,optimal,53475.633462252095,0.0,0.0,14,10144.973198724394,optimal,optimal,-1839.1806829221325,83.95443802641978,5686.901285211895,0.6703462412443004,14,8167.793452487444,optimal,optimal,-824.0760839226504,20.939399458832554,2880.750239399961,0.5739117568211114,14,10486.48164454216,optimal,optimal,261.73463156634097,210.01321050347016,0.0,0.5,1270.5965411670115,1243.5945167592592,10512.27259954216,-2401.522135278442,1.4133579833425733e-07,2.999998672388756e-07,51074.111327273655,0,36978.29155419002,0,1.0000803740695119e-07,optimal,optimal,optimal
2025-02-18,ANNUAL REFERENCE ONLY,0.9,0.5,1270.5965411670115,14,1270.5965411670115,optimal,optimal,47537.98254777501,0.0,0.0,14,9070.314163888892,optimal,optimal,338.46286397556,481.55072529912303,68.859463424924,0.7300710487666738,14,7500.167656466513,optimal,optimal,-108.48420356217757,3.530926905545755,279.9125888327486,0.5798435495271779,14,10340.502285904022,optimal,optimal,583.1161569044443,378.3456352361424,0.0,0.5,1286.4752939562775,1245.0126468518483,10340.502285904022,813.0948173178267,817.7485078651405,2951.9302888451743,51303.00765393801,11,37666.337170847975,0,1.0001531336456537e-07,optimal,optimal,optimal
2025-02-19,ANNUAL REFERENCE ONLY,0.9,0.5,1286.4752939562775,14,1286.4752939562775,optimal,optimal,48071.96244603078,0.0,0.0,14,9200.315771723537,optimal,optimal,-61.84823841083639,215.4333680108449,943.9106475432485,0.7097006428897662,14,5855.855879559622,optimal,optimal,1951.2092469032282,1950.929077789306,41.636470196585606,0.5568894837691477,14,10529.199255937829,optimal,optimal,177.6526613856651,221.19907120989131,0.0,0.5,1200.0000000519697,1200.0,10539.977640937828,2067.013669878057,322.33855106237,810.046957385581,50949.02307329442,12,40852.304839196586,0,1.00000761449337e-07,optimal,optimal,optimal
2025-02-20,ANNUAL REFERENCE ONLY,0.9,0.5,1200.0000000519697,14,1200.0000000519697,optimal,optimal,49736.834807510146,0.0,0.0,14,9594.894836009777,optimal,optimal,569.1703738412755,1052.6893527262341,1929.2594062493172,0.6941123663921002,14,6772.058897893499,optimal,optimal,-311.90775172772624,0.0,928.8031887547618,0.5773763433242316,14,10591.712744116012,optimal,optimal,235.26250984544745,184.53494304439894,0.0,0.5,1297.4461046919487,1200.0000000519697,10688.280709112621,492.52513195899667,1.5582830896570546e-07,4.000012787495507e-07,50229.359939869144,0,39467.852803226626,0,1.000011716314475e-07,optimal,optimal,optimal
2025-02-21,ANNUAL REFERENCE ONLY,0.9,0.5,1297.4461046919487,14,1297.4461046919487,optimal,optimal,18026.39946407677,0.0,0.0,14,7049.5799235260765,optimal,optimal,29.311250690539254,37.83427476792167,50.33745998784505,0.6807243089816691,14,8207.083151674226,optimal,optimal,121.68022221301464,99.1461497015577,55.07696246618331,0.6081860077554624,14,9770.923712962964,optimal,optimal,399.41077389158835,268.41778823917883,0.0,0.5,1268.5632914248984,1240.0399864374656,10405.408567066743,550.4022467951422,261.86997109525447,1348.541038874163,19925.342749746076,5,31920.694989738186,0,1.0000712245528121e-07,optimal,optimal,optimal
2025-02-22,ANNUAL REFERENCE ONLY,0.9,0.5,1268.5632914248984,14,1268.5632914248984,optimal,optimal,18302.375933176772,0.0,0.0,14,6073.594481296294,optimal,optimal,405.732504932071,401.3023267335901,64.5523189937551,0.6548405726401891,14,7078.572937246088,optimal,optimal,-126.36747542128145,0.0,364.77977856690313,0.6266667170020838,14,9850.860556068474,optimal,optimal,563.3620459294335,392.1243378567708,0.0,0.5,1278.6337876049954,1225.23477724609,10617.88204688213,842.7270754402231,75.96768478359317,190.8329079414564,19335.935916558454,4,31508.31049277912,0,1.0000245765695582e-07,optimal,optimal,optimal
2025-02-23,ANNUAL REFERENCE ONLY,0.9,0.5,1278.6337876049954,14,1278.6337876049954,optimal,optimal,49145.93332774185,0.0,0.0,14,9699.204103703698,optimal,optimal,784.5975710978812,765.9178343836671,137.68192966084416,0.642413030745127,14,6424.836044544404,optimal,optimal,-586.02683674136,0.0,1623.4099334344573,0.644139191617846,14,10691.01968751134,optimal,optimal,159.2017529474679,94.78478123979457,0.0,0.5,1266.02541588271,1200.77391598271,10715.05127772512,357.7724873039891,1.9802033994229724e-07,8.999908350735494e-07,49503.70581594583,0,41425.652902202535,0,1.0000186193792614e-07,optimal,optimal,optimal
2025-02-24,ANNUAL REFERENCE ONLY,0.9,0.5,1266.02541588271,14,1266.02541588271,optimal,optimal,47332.37220156112,0.0,0.0,14,9959.559259259258,optimal,optimal,671.7267992536209,1015.2214087188313,30.057949435991645,0.6201905997217892,14,6951.2474660717035,optimal,optimal,-519.3565315548702,0.0,1414.3183062181506,0.6697042553529229,14,10589.161833969698,optimal,optimal,334.55372647290943,186.45684942727263,0.0,0.5,1250.3110678773085,1228.8141513261294,10800.0,486.9239941716601,264.70953647836143,1299.2771265149033,49118.573322247685,6,37142.92711934525,0,1.0000245765695582e-07,optimal,optimal,optimal
2025-02-25,ANNUAL REFERENCE ONLY,0.9,0.5,1250.3110678773085,14,1250.3110678773085,optimal,optimal,48760.63566357293,0.0,0.0,14,9790.613740185185,optimal,optimal,7.489784241187493,555.4231426843302,1538.3171241366035,0.5659958479968336,14,7886.708540866308,optimal,optimal,-1011.7637921915093,0.0,3287.38242779009,0.6663253470070647,14,10650.923894361476,optimal,optimal,228.9257310085246,130.87099507467192,0.0,0.5,1240.9519433376481,1200.0000000526593,10799.600805,-775.3482769417972,19.605926266442665,41.36850455180341,48026.65589118294,1,37704.620819187316,0,1.00000761449337e-07,optimal,optimal,optimal
2025-02-26,ANNUAL REFERENCE ONLY,0.9,0.5,1240.9519433376481,14,1240.9519433376481,optimal,optimal,44268.92478590214,0.0,0.0,14,9781.313034172043,optimal,optimal,1179.40213075841,1434.4036884390894,0.8259715350000668,0.5725853594492636,14,6512.430960479324,optimal,optimal,1509.834887285716,1534.0017773766078,27.471671008475482,0.6948286788827562,14,10570.369490919293,optimal,optimal,349.3874613899053,197.37912483930364,-1.1368683772161603e-13,0.5,1237.7515350081376,1222.7305629385748,10677.812960097968,3038.624479434031,291.9336097466032,1427.2626396364808,48734.81190497265,9,40011.27236318515,0,1.0000245765695582e-07,optimal,optimal,optimal
2025-02-27,ANNUAL REFERENCE ONLY,0.9,0.5,1237.7515350081376,14,1237.7515350081376,optimal,optimal,45675.51388434932,0.0,0.0,14,9914.93780259259,optimal,optimal,221.77170187327206,645.7538210198124,1525.634591339319,0.5833796644757399,14,6827.52946935362,optimal,optimal,90.88711721984798,130.8535029763912,189.66197515540213,0.694164167752262,14,10484.25616767275,optimal,optimal,446.4020192351081,284.1694492568212,0.0,0.5,1247.3875738542608,1200.0,10797.495209999997,759.0608383282281,223.20703131959053,1063.3598632288113,47497.93458590636,9,40870.18195438756,0,1.0000189831771422e-07,optimal,optimal,optimal
2025-02-28,ANNUAL REFERENCE ONLY,0.9,0.5,1247.3875738542608,14,1247.3875738542608,optimal,optimal,17571.98794354687,0.0,0.0,14,6008.26367908969,optimal,optimal,-85.00638650227924,33.505603924849765,267.5011804835769,0.5840047976994293,14,9034.266978635822,optimal,optimal,85.97084296937386,77.82279269734197,50.977553166795005,0.6861676199693404,14,9661.910368426576,optimal,optimal,389.1369940756306,248.98421837044503,0.0,0.5,1252.1361915120972,1202.7995426148884,10521.809325836444,390.1014505427252,1.929112127670235e-07,6.00003500431012e-07,17962.0893946896,0,31457.725790951798,0,1.0000524071074323e-07,optimal,optimal,optimal
2025-03-01,ANNUAL REFERENCE ONLY,0.9,0.5,1252.1361915120972,14,1252.1361915120972,optimal,optimal,20187.285845772516,0.0,0.0,14,9751.567759259256,optimal,optimal,-274.6592474901762,10.125808099325695,999.8277818013967,0.5715688806782705,14,10286.876731061,optimal,optimal,-112.62866150123122,0.0,280.0172333324489,0.6753199760646394,14,9817.88500925926,optimal,optimal,396.4360736699911,298.64408793549296,0.0,0.5,1244.3491478935193,1226.9681840814774,10799.999999999998,9.148164678583669,47.11180715208621,246.3083816794021,20442.7423921305,2,29125.342312125504,0,1.0000053407566156e-07,optimal,optimal,optimal
2025-03-02,ANNUAL REFERENCE ONLY,0.9,0.5,1244.3491478935193,14,1244.3491478935193,optimal,optimal,51932.148915888116,0.0,0.0,14,9732.686291209258,optimal,optimal,668.169643662338,903.3439632427137,967.9580983258277,0.5859467581707153,14,8072.867524920654,optimal,optimal,-880.084079217705,0.0,2698.8433685640466,0.6744831662607093,14,10465.438080494592,optimal,optimal,387.89023906349036,290.57708428440407,0.0,0.5,1229.8503848412372,1200.000000052411,10800.0,175.9758035081233,15.695012176497109,33.19776775671939,52141.32248715296,2,40312.86384174371,0,1.0000081829275587e-07,optimal,optimal,optimal
2025-03-03,ANNUAL REFERENCE ONLY,0.9,0.5,1229.8503848412372,14,1229.8503848412372,optimal,optimal,53263.62109903965,0.0,0.0,14,9890.436572623456,optimal,optimal,-969.7788152635484,351.5190731766011,3938.629162874149,0.5977997556604822,14,8277.464924649108,optimal,optimal,-525.0436760755264,116.48003328812763,2349.2953261515268,0.6631549236624823,14,10255.575101593726,optimal,optimal,392.013116361478,289.1666008952341,0.0,0.5,1229.1785893296028,1200.0,10576.751598254557,-1102.8093749775967,23.231891675630504,109.92004904115284,52270.73177310321,2,38961.04867183606,0,1.0001531336456537e-07,optimal,optimal,optimal
2025-03-04,ANNUAL REFERENCE ONLY,0.9,0.5,1229.1785893296028,14,1229.1785893296028,optimal,optimal,47474.4316180573,0.0,0.0,14,10005.065740740742,optimal,optimal,287.9853893593386,516.8870166974677,315.76361251838705,0.6143047116896048,14,7829.6103632809845,optimal,optimal,-425.1007513822413,0.0,1517.512881454813,0.6618508705692833,14,10286.89304197752,optimal,optimal,514.171524165532,461.79626222022813,0.0,0.5,1206.7188339932698,1200.000000052411,10800.0,377.0561621426293,243.24853937814157,810.9389246965061,48662.42670489644,6,38173.9433632126,0,1.0000245765695582e-07,optimal,optimal,optimal
2025-03-05,ANNUAL REFERENCE ONLY,0.9,0.5,1206.7188339932698,14,1206.7188339932698,optimal,optimal,49916.360412903276,0.0,0.0,14,9671.621606916055,optimal,optimal,-796.4069604940458,42.698943044251266,2478.4399033388304,0.615307660510601,14,8785.544087138516,optimal,optimal,-1285.3642525888727,12.675845992183213,4279.112044500502,0.6095466662302056,14,10310.008535736517,optimal,optimal,485.2129513954925,417.52542676050035,0.0,0.5,1227.740508532532,1200.073647421416,10539.168829138276,-1596.5582616874262,127.69928458556794,544.1933219359412,48863.995473151794,3,35824.1716672675,0,1.0000007932831068e-07,optimal,optimal,optimal
2025-03-06,ANNUAL REFERENCE ONLY,0.9,0.5,1227.740508532532,14,1227.740508532532,optimal,optimal,46288.070522186536,0.0,0.0,14,9985.96574074074,optimal,optimal,-453.9040630307072,72.85661938540386,1557.9365246152129,0.6267243695810517,14,7253.229031469502,optimal,optimal,-302.5621489081903,58.61820121754249,1195.390574087583,0.592395757172064,14,10482.404661319903,optimal,optimal,406.16009581916927,241.86308256444312,0.0,0.5,1200.0000000519697,1200.0000000519697,10799.999999999998,-350.3061161197282,285.7828004511551,1023.4696834306425,46961.234089497455,12,38187.69700025124,0,1.0000374550145351e-07,optimal,optimal,optimal
2025-03-07,ANNUAL REFERENCE ONLY,0.9,0.5,1200.0000000519697,14,1200.0000000519697,optimal,optimal,18443.828050189328,0.0,0.0,14,6873.96810962963,optimal,optimal,-532.8976118860691,0.0,1314.128208922511,0.6247225147424333,14,10742.26624427151,optimal,optimal,-81.30456401246784,0.0,191.18832658360498,0.5933547259654912,14,9874.254978732932,optimal,optimal,29.98617503766142,48.4367911911591,3.370187459673793,0.5,1220.2925156918436,1200.0000000519697,10742.26624427151,-584.2160008608755,22.445726749573375,47.1135810635462,17906.725630391997,1,28694.205762680656,0,1.0000245765695582e-07,optimal,optimal,optimal
2025-03-08,ANNUAL REFERENCE ONLY,0.9,0.5,1220.2925156918436,14,1220.2925156918436,optimal,optimal,17042.942009609244,0.0,0.0,14,5536.635467878728,optimal,optimal,-228.3672010322196,0.0,533.7677953245036,0.6466203253419684,14,10586.000276300989,optimal,optimal,35.2733049621085,46.04094905152169,3.868546411865594,0.5788451861355582,14,9897.640682062674,optimal,optimal,9.927101990018091,15.76481164049514,0.0,0.5,1202.8580173791227,1202.8580173791227,10800.0,-183.166794080093,13.580600314853204,28.42419659673538,16888.199412125883,1,28999.415725993043,0,1.00000761449337e-07,optimal,optimal,optimal
2025-03-09,ANNUAL REFERENCE ONLY,0.9,0.5,1202.8580173791227,14,1202.8580173791227,optimal,optimal,47915.99114943258,0.0,0.0,14,9402.26851645053,optimal,optimal,-1994.8437992103943,1.4843769295407583,6184.619085205917,0.6451156423535155,14,7192.644339323622,optimal,optimal,-230.53715096172607,243.43227978554768,1631.68792750235,0.561685315085434,14,10444.249986873123,optimal,optimal,309.82179864078284,199.14023241175317,88.34162086386084,0.5,1205.4768738452644,1202.8580173791227,10542.369167325578,-1915.5591515313374,102.4611276668056,495.4706336007349,46495.90263150198,4,38362.45486837201,0,1.0001531336456537e-07,optimal,optimal,optimal
2025-03-10,ANNUAL REFERENCE ONLY,0.9,0.5,1205.4768738452644,14,1205.4768738452644,optimal,optimal,45599.47217044947,0.0,0.0,14,9932.570538888882,optimal,optimal,67.40593222792,597.7043247161107,1659.170229221365,0.6591773041260458,14,6855.659655782734,optimal,optimal,-155.80849054042565,98.66665865827918,824.1607536606138,0.5694817941234427,14,10476.262309702788,optimal,optimal,352.30910791362766,214.91114002296416,0.0,0.5,1200.0000000519697,1200.0000000519697,10789.195538888882,263.90654960112204,164.7816842815726,770.1738741081255,46633.552594158726,8,39555.42627277771,0,1.00000761449337e-07,optimal,optimal,optimal
2025-03-11,ANNUAL REFERENCE ONLY,0.9,0.5,1200.0000000519697,14,1200.0000000519697,optimal,optimal,40722.1875950631,0.0,0.0,14,9982.150925925926,optimal,optimal,3418.476768244038,4124.452779485491,-1.9326762412674725e-12,0.636085468987753,14,6913.539222282551,optimal,optimal,-295.6711097001105,0.0,734.0224497204803,0.5680371344828185,14,10492.511950676524,optimal,optimal,413.5341013080426,276.7392443911286,0.0,0.5,1205.9293635644954,1200.0000000519697,10800.0,3536.3397598519696,32.76902188236117,136.9038915416712,44395.43124645674,3,38909.610384601256,0,1.0000258043874055e-07,optimal,optimal,optimal
2025-03-12,ANNUAL REFERENCE ONLY,0.9,0.5,1205.9293635644954,14,1205.9293635644954,optimal,optimal,47856.58173210471,0.0,0.0,14,9204.353653487662,optimal,optimal,-2640.0921118297283,1.1160701563434259,8324.183892861138,0.6560580958531174,14,7781.433730119439,optimal,optimal,-307.597096614082,165.55818857316433,1752.9197581969331,0.5399984401412427,14,10420.461922685186,optimal,optimal,315.22791481432,180.90330701016725,0.0,0.5,1200.7225880364338,1200.7225880364338,10468.374980846982,-2632.4612936294907,368.5165627786114,1486.032975716907,46710.15341419213,16,36973.51427759207,0,1.0000803740695119e-07,optimal,optimal,optimal
2025-03-13,ANNUAL REFERENCE ONLY,0.9,0.5,1200.7225880364338,14,1200.7225880364338,optimal,optimal,47574.27013415902,0.0,0.0,14,9395.036271481478,optimal,optimal,-1092.1724895702066,177.10218567097513,4083.2194766419007,0.6387062446289143,14,7950.044547068436,optimal,optimal,-283.13847509038237,24.936729638997008,1183.4404147656348,0.5458782883609149,14,10525.455937981764,optimal,optimal,105.08048911446083,65.68040006744025,20.749455886842203,0.5,1208.8042499941262,1200.0000000520304,10565.315289042817,-1270.2304755461282,220.8822668459957,1230.4712415636855,47534.510900176574,4,37710.09124195267,0,1.0000803740695119e-07,optimal,optimal,optimal
2025-03-14,ANNUAL REFERENCE ONLY,0.9,0.5,1208.8042499941262,14,1208.8042499941262,optimal,optimal,16264.942461816552,0.0,0.0,14,5089.461374491965,optimal,optimal,184.74109757101832,258.7814475787097,155.9762343842009,0.6539428791476438,14,10381.18462329614,optimal,optimal,-40.7346468379772,27.323397156201906,186.35351049015415,0.533223195554687,14,9630.140240740744,optimal,optimal,392.8465254151927,218.42709999999695,16.491160761500208,0.5,1272.9516111754624,1208.8042499941262,10649.096786990582,536.8529761482338,64.14684022577791,253.9840154434131,17055.7794534082,2,28430.17202441395,0,1.0000245765695582e-07,optimal,optimal,optimal
2025-03-15,ANNUAL REFERENCE ONLY,0.9,0.5,1272.9516111754624,14,1272.9516111754624,optimal,optimal,15451.62803863942,0.0,0.0,14,4471.333836111112,optimal,optimal,257.15255909465225,291.9784505978889,91.41734110523706,0.6218591920046695,14,8274.461166915118,optimal,optimal,-9.19983216142915,31.33086708349316,122.92501277861788,0.5614954490340502,14,9804.828385756102,optimal,optimal,259.22974926282876,144.2820111528414,11.458822090209166,0.5,1200.0000000519697,1200.0000000519697,10643.016684521534,507.1824761960519,785.8729047683831,1809.6571805916428,17768.467695427113,21,27902.079480691893,0,1.0000258043874055e-07,optimal,optimal,optimal
2025-03-16,ANNUAL REFERENCE ONLY,0.9,0.5,1200.0000000519697,14,1200.0000000519697,optimal,optimal,45027.51377755871,0.0,0.0,14,9347.288110061727,optimal,optimal,-755.33272811633,13.880730965063435,2424.278092659426,0.5813955069181171,14,7270.585125313926,optimal,optimal,-518.7760502531098,23.9438416666668,1560.0177406863195,0.5981624245819492,14,10484.8154340446,optimal,optimal,398.99346768697353,267.3727760265256,0.0,0.5,1246.9815650984306,1200.0000000519697,10562.687606713818,-875.1153106824662,400.92250074541954,1440.8587626711887,45593.25722954744,12,38007.84720276347,0,1.0001108967117034e-07,optimal,optimal,optimal
2025-03-17,ANNUAL REFERENCE ONLY,0.9,0.5,1246.9815650984306,14,1246.9815650984306,optimal,optimal,41471.72951255978,0.0,0.0,14,9328.34428342592,optimal,optimal,-1902.7782115906455,3.4348184476714323,6970.327069942301,0.5486254321164702,14,6137.003116877141,optimal,optimal,418.1930469261635,574.9700901657937,376.6874331780241,0.6121487272201767,14,10237.874768558971,optimal,optimal,525.2900460053598,316.68734200584925,0.0,0.5,1230.9203706032577,1200.0,10372.412250782832,-959.2951186591221,912.5622154327721,3898.451111179436,44410.88550508009,19,38019.60689069809,0,1.0001108967117034e-07,optimal,optimal,optimal
2025-03-18,ANNUAL REFERENCE ONLY,0.9,0.5,1230.9203706032577,14,1230.9203706032577,optimal,optimal,47800.40390729208,0.0,0.0,14,9410.466028796294,optimal,optimal,-1723.5498423122854,192.210292315068,6325.848201727544,0.5534793120615912,14,6872.219567263181,optimal,optimal,-909.7418790917372,0.0,2748.120805892784,0.6320757713266153,14,10541.291048214242,optimal,optimal,370.9511010942289,216.54472327384906,0.0,0.5,1257.8584915640897,1230.9203706032577,10635.352728994818,-2262.340620309794,2.005049351581574e-07,6.999983048856848e-07,45538.063287682286,0,37391.70764035608,0,1.0000067300097725e-07,optimal,optimal,optimal
2025-03-19,ANNUAL REFERENCE ONLY,0.9,0.5,1257.8584915640897,14,1257.8584915640897,optimal,optimal,39361.37905947027,0.0,0.0,14,9417.682676018514,optimal,optimal,1121.8878675519077,1314.0672655767007,1726.7687510247174,0.555083801606982,14,4973.2712834631675,optimal,optimal,1115.0550343908903,1298.9106711742659,22.20378042173865,0.683135864879147,14,10616.03856564981,optimal,optimal,253.02588836286938,149.27195758183674,-1.4779288903810084e-12,0.5,1280.0827805352499,1257.8584915640897,10644.84729404487,2489.9687903056674,94.32629735824557,209.02707541313345,42060.37492518908,1,37693.7912617651,0,1.0000374550145351e-07,optimal,optimal,optimal
2025-03-20,ANNUAL REFERENCE ONLY,0.9,0.5,1280.0827805352499,14,1280.0827805352499,optimal,optimal,44584.486206917434,0.0,0.0,14,9265.726026944449,optimal,optimal,-1853.9947422331247,316.876673559247,7467.7783099075195,0.5534805697044803,14,5408.885437614225,optimal,optimal,326.0571362658513,409.5710893581459,0.0,0.6529613453245442,14,10456.840434627358,optimal,optimal,353.283585495333,261.2897645060998,0.0,0.5,1324.9795157319063,1200.0,10456.840434627358,-1174.6540204719404,620.0461961385511,2143.4109256626434,45553.24311210813,8,37812.62823122228,0,1.0000036354540498e-07,optimal,optimal,optimal
2025-03-21,ANNUAL REFERENCE ONLY,0.9,0.5,1324.9795157319063,14,1324.9795157319063,optimal,optimal,15285.424150014347,0.0,0.0,14,3722.834212962963,optimal,optimal,153.84885216681437,343.91335201071195,576.9407360971118,0.5401286105414042,14,10272.675705686992,optimal,optimal,75.99650199545354,71.00730616576377,88.20300802902375,0.6582630896959252,14,9658.310601851847,optimal,optimal,421.2850427607711,256.9064571519606,0.0,0.5,1351.2650173204836,1200.0,10459.80665251574,651.130396923039,127.97371440706411,489.21437095556377,16425.76891789295,7,26494.981508461333,0,1.0000712245528121e-07,optimal,optimal,optimal
2025-03-22,ANNUAL REFERENCE ONLY,0.9,0.5,1351.2650173204836,14,1351.2650173204836,optimal,optimal,16442.774960644238,0.0,0.0,14,4774.712308091052,optimal,optimal,-106.55428367536739,0.0,248.82376508333138,0.5894160965675708,14,10167.468439022696,optimal,optimal,-143.44442165908265,12.966269817195325,357.52236144685173,0.6778761296245728,14,9846.086278901417,optimal,optimal,325.20363922970057,181.03721618519253,0.0,0.5,1320.6741431202242,1278.760987532727,10558.198417563353,75.20493389525052,3.4160548352821284e-07,1.400007273717074e-06,16517.979895939494,0,26586.286331459545,0,1.0000712245528121e-07,optimal,optimal,optimal
2025-03-23,ANNUAL REFERENCE ONLY,0.9,0.5,1320.6741431202242,14,1320.6741431202242,optimal,optimal,45573.80441660836,0.0,0.0,14,9243.42653299383,optimal,optimal,-1503.1597123230026,0.0,4480.328477162715,0.604680337046331,14,7653.573116348477,optimal,optimal,-916.0703833610322,0.0,3081.6062448865478,0.6606491051688281,14,10472.669523043083,optimal,optimal,507.20687540109725,278.37367056777276,0.0,0.5,1299.4111522792332,1200.0,10630.879269470548,-1912.0232202829377,15.21257188867776,98.38352422844773,43760.16472055387,2,34795.15513756758,0,1.000014018472939e-07,optimal,optimal,optimal
2025-03-24,ANNUAL REFERENCE ONLY,0.9,0.5,1299.4111522792332,14,1299.4111522792332,optimal,optimal,42639.026740316476,0.0,0.0,14,9456.026294722222,optimal,optimal,-749.1543510217459,504.3149612135689,4418.117655161648,0.625847212400099,14,7713.291381845209,optimal,optimal,-556.9535849785029,0.7919058238492198,2220.8755575563187,0.6680930884731737,14,10612.703613372643,optimal,optimal,264.5324232826561,152.10278490670746,0.0,0.4968047411243277,1245.000418395506,1245.000418395506,10637.330933744068,-1041.5755127175928,3.209952933593778e-07,1.2999918436847112e-06,41597.45122889888,0,36703.831516981736,0,1.0000245765695582e-07,optimal,optimal,optimal
2025-03-25,ANNUAL REFERENCE ONLY,0.9,0.5,1245.000418395506,14,1245.000418395506,optimal,optimal,47395.04185155766,0.0,0.0,14,8483.566821452723,optimal,optimal,-2758.749886239167,1.0295290954164784,8768.410449758392,0.6367138138872621,14,7335.478295114282,optimal,optimal,-564.6359262615304,13.256597371547308,2322.1188507226516,0.6452323882228014,14,10341.81648636104,optimal,optimal,573.1940374141369,385.9743133223693,0.0,0.5037799605761082,1256.202510889942,1200.0,10344.749467842521,-2750.1917750865605,422.02430837581835,1719.3927063954604,46364.24278286656,15,34029.877151391636,0,1.0000803740695119e-07,optimal,optimal,optimal
2025-03-26,ANNUAL REFERENCE ONLY,0.9,0.5,1256.202510889942,14,1256.202510889942,optimal,optimal,40476.173673159225,0.0,0.0,14,9687.677346635803,optimal,optimal,-651.7405241026726,0.6269573070817387,2192.22502435781,0.6371733192991729,14,7182.051527672133,optimal,optimal,-783.9224145286797,15.306161773196095,2700.53026034666,0.6186870025368991,14,10575.08193424348,optimal,optimal,380.15729610607667,199.14280834769335,0.0,0.4989177013686874,1337.6137420464595,1256.202510889942,10585.972071944445,-1055.5056425252756,2.404621468432969e-07,5.000000346560228e-07,39420.668031133944,0,36313.63574667269,0,1.0000030670198612e-07,optimal,optimal,optimal
2025-03-27,ANNUAL REFERENCE ONLY,0.9,0.5,1337.6137420464595,14,1337.6137420464595,optimal,optimal,43328.97843294237,0.0,0.0,14,9608.715734783946,optimal,optimal,-664.2777805603771,519.3098677027267,4013.2492235889254,0.6494599042311157,14,7705.384619306051,optimal,optimal,-861.7456271826459,0.0,2770.9524153017696,0.6550543943706506,14,10562.984638968888,optimal,optimal,384.109576422855,209.83051382350598,0.0,0.49442850001477917,1337.5527999963435,1274.6047244823185,10564.49792401778,-1141.913831320168,3.39192690726126e-07,1.200000438491588e-06,42187.0646028222,0,35603.052707005845,0,1.0000186193792614e-07,optimal,optimal,optimal
2025-03-28,ANNUAL REFERENCE ONLY,0.9,0.5,1337.5527999963435,14,1337.5527999963435,optimal,optimal,15633.294394301367,0.0,0.0,14,5027.274648673559,optimal,optimal,-55.41146805002869,51.89767036753818,221.8323983053913,0.6557618751627033,14,10551.688100375799,optimal,optimal,-46.75207210282391,0.0,101.47415453682501,0.6722824725269285,14,9802.661341344246,optimal,optimal,359.30522963497623,206.05972975709832,0.0,0.4932652057912807,1334.1264359544748,1262.4492839325808,10597.350397024607,257.14168948212364,1.2051201406142393e-07,5.999960417535476e-07,15890.436084383486,0,26856.659909437876,0,1.0000258043874055e-07,optimal,optimal,optimal
2025-03-29,ANNUAL REFERENCE ONLY,0.9,0.5,1334.1264359544748,14,1334.1264359544748,optimal,optimal,14920.566281505824,0.0,0.0,14,4255.768323830781,optimal,optimal,412.749881157658,312.7862292324271,57.651361277355925,0.6491035754663508,14,10311.885590428863,optimal,optimal,-11.861404157730062,11.209450915375221,48.94081214345633,0.6576525656718423,14,9759.882247866486,optimal,optimal,377.4995648972473,211.08808260692064,0.0,0.4892728972851948,1363.837252439947,1334.1264359544748,10593.119228880925,778.3880418971753,11.512974111123471,61.8361836841177,15760.790507087117,1,25993.07121955984,0,1.0000007932831068e-07,optimal,optimal,optimal
2025-03-30,ANNUAL REFERENCE ONLY,0.9,0.5,1363.837252439947,14,1363.837252439947,optimal,optimal,41893.920451882994,0.0,0.0,14,9480.078075493828,optimal,optimal,-1864.889886997117,1.9665026559998935,6540.87542706653,0.6774188755970981,14,6985.291226063105,optimal,optimal,-711.4606856264154,97.7124800080401,2694.459844243075,0.6638361125423499,14,10449.957082152989,optimal,optimal,410.1717260580946,298.8927552829075,0.0,0.49386075930982226,1294.4625047874474,1294.4625047874474,10449.957082152989,-2166.178846565438,320.0694332613217,1175.7253590972646,40903.466964414816,7,35480.56098256479,0,1.0000067618420871e-07,optimal,optimal,optimal
2025-03-31,ANNUAL REFERENCE ONLY,0.9,0.5,1294.4625047874474,14,1294.4625047874474,optimal,optimal,36491.55548482266,0.0,0.0,14,9559.534256697529,optimal,optimal,3872.656189732601,4198.670338549617,55.64269431104242,0.7007541112959871,14,7436.669734475313,optimal,optimal,-733.9015586516989,80.3258880565329,2248.884090943325,0.6196350307683708,14,10468.890870482846,optimal,optimal,359.4560417886089,270.02300521364225,0.0,0.5001585889713717,1286.5296219970808,1286.5296219970808,10519.15146657407,3498.2106728695107,1.0793457245678683e-07,2.999975841546984e-07,39989.76615799216,0,36058.52095412566,0,1.00000761449337e-07,optimal,optimal,optimal
2025-04-01,ANNUAL REFERENCE ONLY,0.9,0.5,1286.5296219970808,14,1286.5296219970808,optimal,optimal,44259.48687108613,0.0,0.0,14,9428.528601882716,optimal,optimal,-1003.8496197456708,239.8627459699567,3801.4249134594247,0.6913151977904117,14,8985.551855139998,optimal,optimal,-874.2028579824408,0.0,3329.3308647050603,0.6313767006042824,14,10413.677731772917,optimal,optimal,454.67558859343177,242.91274449078816,31.10505586359907,0.4972912453923081,1252.186772830542,1239.1922258558595,10486.84184576765,-1423.37688913468,124.38536740545463,638.59375761293,43474.70373956438,6,32936.01767348486,0,1.0000007932831068e-07,optimal,optimal,optimal
2025-04-02,ANNUAL REFERENCE ONLY,0.9,0.5,1252.186772830542,14,1252.186772830542,optimal,optimal,42231.95951271258,0.0,0.0,14,9516.204534629627,optimal,optimal,296.0328257607828,835.463371037876,1563.2857352654266,0.6858448122388939,14,8197.45614238612,optimal,optimal,-691.8212007851987,0.0,2511.3879138344214,0.6469556504080453,14,10419.613088643217,optimal,optimal,349.5316769939447,191.7440972674824,59.69479203070868,0.4982120151269431,1257.531822660655,1200.0,10550.243384981806,-46.25669803047117,45.4264015075653,307.47632168366124,42493.17913636577,3,34835.15634520067,0,1.0001531336456537e-07,optimal,optimal,optimal
2025-04-03,ANNUAL REFERENCE ONLY,0.9,0.5,1257.531822660655,14,1257.531822660655,optimal,optimal,43840.67397046011,0.0,0.0,14,9739.363097129628,optimal,optimal,-2087.780269436889,0.0,6341.504891762613,0.6716607669290972,14,8328.689343237758,optimal,optimal,-519.9987195830844,83.9151733931401,2177.124309069556,0.6263611627275693,14,10543.44048321962,optimal,optimal,331.6353964288712,214.00317943630714,0.0,0.5010187762420668,1235.621586940422,1231.114931348327,10643.266653133138,-2276.143592591102,30.46679607471635,65.03537269601946,41629.56575056503,2,34925.3243387729,0,1.0000030670198612e-07,optimal,optimal,optimal
2025-04-04,ANNUAL REFERENCE ONLY,0.9,0.5,1235.621586940422,14,1235.621586940422,optimal,optimal,14349.446895041594,0.0,0.0,14,4009.8284021604914,optimal,optimal,-69.92341650550846,3.0670918030877274,170.146511899284,0.7094430859168679,14,10434.522729336155,optimal,optimal,55.94014892379998,88.57528452379923,0.0,0.6192805849579917,14,9739.784626115403,optimal,optimal,456.86005565022623,300.53888940593475,0.0,0.4998240333546893,1306.7790231850088,1235.621586940422,10479.5980038516,442.8767880685177,1.8832053137356062e-07,3.9999993909891595e-07,14792.32368351011,0,25329.265222909424,0,1.00000761449337e-07,optimal,optimal,optimal
2025-04-05,ANNUAL REFERENCE ONLY,0.9,0.5,1306.7790231850088,14,1306.7790231850088,optimal,optimal,13924.897438335594,0.0,0.0,14,3270.5727376514506,optimal,optimal,104.64507868067008,232.09991160800607,100.83300505855618,0.6762029553813047,14,10438.346534626557,optimal,optimal,-29.847720121359885,0.0,58.88470163589405,0.599186518018132,14,9568.585455463393,optimal,optimal,611.8214444867009,357.89941237496305,95.16377795560989,0.504379573288567,1254.5162730154884,1217.5672933596536,10463.639201427111,686.6188030460111,220.36296858004255,1033.193203182297,15644.709444563901,6,24827.19784290271,0,1.0000053407566156e-07,optimal,optimal,optimal
2025-04-06,ANNUAL REFERENCE ONLY,0.9,0.5,1254.5162730154884,14,1254.5162730154884,optimal,optimal,40676.91727797546,0.0,0.0,14,9847.834467870367,optimal,optimal,-1362.7091943356215,179.26000870236754,5325.866821029885,0.6695448291013596,14,7097.563632353887,optimal,optimal,79.71225899465868,219.8747402733215,968.5706975925917,0.5999473299642929,14,10613.028200788374,optimal,optimal,271.4143947332188,146.05199033756014,0.0,0.5095663463864637,1257.478454845599,1254.5162730154884,10668.502523425923,-1011.582540607744,77.6660556849834,278.446433223734,39943.78117059145,4,37428.86206572431,0,1.0000030670198612e-07,optimal,optimal,optimal
2025-04-07,ANNUAL REFERENCE ONLY,0.9,0.5,1257.478454845599,14,1257.478454845599,optimal,optimal,35547.63930133573,0.0,0.0,14,9595.862438796292,optimal,optimal,1258.0802894730436,1123.8523962984145,363.8650658697754,0.6489355204906598,14,7161.245643570942,optimal,optimal,-82.08933349399815,0.0,184.08515805250093,0.6085036587709575,14,10583.788776714226,optimal,optimal,320.14569299595604,175.99463437531898,0.0,0.504914426033732,1250.5314518272362,1222.071195176519,10603.872951297566,1496.1366489750017,6.438234701746604,13.584675222343837,37057.360625533074,1,36959.875509603575,0,1.00000761449337e-07,optimal,optimal,optimal
2025-04-08,ANNUAL REFERENCE ONLY,0.9,0.5,1250.5314518272362,14,1250.5314518272362,optimal,optimal,42149.41961866431,0.0,0.0,14,9923.065841296295,optimal,optimal,-1416.2441220910268,203.125548194317,5081.783994762751,0.6734807836550142,14,7025.637959298837,optimal,optimal,-664.8925974166494,0.0,2271.1223158268263,0.5998208452657893,14,10580.861642268055,optimal,optimal,310.3035441482127,166.65479712864112,0.0,0.5042844884466241,1200.0000000519697,1200.0000000519697,10751.256582037036,-1770.8331753594637,63.81317572214199,153.74714141950338,40532.33358472435,5,37224.21375777475,0,1.0001531336456537e-07,optimal,optimal,optimal
2025-04-09,ANNUAL REFERENCE ONLY,0.9,0.5,1200.0000000519697,14,1200.0000000519697,optimal,optimal,40782.483563459806,0.0,0.0,14,9937.934762499995,optimal,optimal,-54.56708214761679,50.528647535610645,422.0676040514405,0.6834713667078797,14,4991.977779657254,optimal,optimal,487.27390451016186,655.2210734221306,199.86907216928708,0.5804985346684775,14,10569.705110876595,optimal,optimal,311.43458575737463,170.53002097693007,2.40920755397405e-06,0.503154632052482,1200.0000000519697,1200.0000000519697,10742.631984722218,744.1414081199197,71.54222728532427,150.97361015455434,41677.59858173428,3,37555.163614982186,0,1.0000803740695119e-07,optimal,optimal,optimal
2025-04-10,ANNUAL REFERENCE ONLY,0.9,0.5,1200.0000000519697,14,1200.0000000519697,optimal,optimal,39941.59783826374,0.0,0.0,14,9833.899114074084,optimal,optimal,-162.4775089903495,0.0,481.56799787982936,0.6968524037986352,14,6355.379495524448,optimal,optimal,-774.0648177236301,0.0,1996.8630343930004,0.5851150357648676,14,10573.548447035773,optimal,optimal,342.5508324644645,191.91611136739127,0.0,0.5018979100426225,1212.7777168898047,1200.0000000519697,10664.135688148157,-593.9914942495151,16.185876128804345,33.97415406671805,39381.58049808094,1,37424.06618560603,0,1.0001531336456537e-07,optimal,optimal,optimal
2025-04-11,ANNUAL REFERENCE ONLY,0.9,0.5,1212.7777168898047,14,1212.7777168898047,optimal,optimal,13114.021900859796,0.0,0.0,14,2890.4950478987316,optimal,optimal,540.9543502614026,398.39636861855047,0.0,0.6406059088795468,14,9598.085063289152,optimal,optimal,-72.38794140364811,5.1153255585955435,164.02282629641232,0.5893266957832822,14,9661.977893834197,optimal,optimal,490.06817996143604,314.73140429029803,0.0,0.5043051561119479,1206.3722223262223,1200.0,10598.026110220118,958.6345888191905,145.66869394891893,465.2972216402644,14537.953711319251,5,24640.88531444395,0,1.00000761449337e-07,optimal,optimal,optimal
2025-04-12,ANNUAL REFERENCE ONLY,0.9,0.5,1206.3722223262223,14,1206.3722223262223,optimal,optimal,15096.491040779045,0.0,0.0,14,3411.4997993221523,optimal,optimal,-568.4290918063788,0.0,1354.0432314122968,0.6672594618968734,14,10612.820427973871,optimal,optimal,48.14670688480439,35.640839713277856,0.0,0.5893240458451492,14,9702.143698753482,optimal,optimal,458.1697833559322,259.80941193972893,2.9152505272399294,0.5037448283990364,1219.2818355751176,1206.3722223262223,10612.820427973871,-62.11260156564214,1.2085648517972043e-07,5.999982090794219e-07,15034.378439813401,0,24228.59663165026,0,1.0000245765695582e-07,optimal,optimal,optimal
2025-04-13,ANNUAL REFERENCE ONLY,0.9,0.5,1219.2818355751176,14,1219.2818355751176,optimal,optimal,38298.85278596457,0.0,0.0,14,9967.8,optimal,optimal,-1219.7533178554593,0.0,3672.6441044962194,0.6936873228154161,14,6434.519881291273,optimal,optimal,238.87492024526284,224.14983388171663,250.6778252569703,0.590654658396544,14,10478.442594763683,optimal,optimal,523.7672279773313,283.39060080639723,49.93403581466998,0.4988526446594867,1201.7844539491964,1201.3347955735549,10800.0,-457.1111696328651,587.3918231223599,2623.912795446015,40465.654411777716,17,36523.37624920364,0,1.0000007932831068e-07,optimal,optimal,optimal
2025-04-14,ANNUAL REFERENCE ONLY,0.9,0.5,1201.7844539491964,14,1201.7844539491964,optimal,optimal,40799.395446539755,0.0,0.0,14,9597.057275840956,optimal,optimal,-2837.1465144228437,0.0,8380.24320044232,0.6787565671771497,14,5999.720507244107,optimal,optimal,-430.69719692579827,0.0,1216.0742247067408,0.6081907264652692,14,10465.806784748445,optimal,optimal,552.5743684437796,302.1804763617232,0.0,0.5022004431023772,1201.731046449036,1200.0,10465.806784748445,-2715.2693429048622,369.11652362143246,1913.7586715527295,39997.884775187624,18,35862.680614294,0,1.0000098882301245e-07,optimal,optimal,optimal
2025-04-15,ANNUAL REFERENCE ONLY,0.9,0.5,1201.731046449036,14,1201.731046449036,optimal,optimal,35301.907811153505,0.0,0.0,14,9995.36144888889,optimal,optimal,1017.8231660174529,1156.8492412513294,1830.3330787065108,0.6631824258594174,14,8277.19463193769,optimal,optimal,-331.292202259873,15.238454893433072,1181.3029391945315,0.6042793466045485,14,10411.705815127743,optimal,optimal,685.5950034329828,365.1490559736462,54.148921782397615,0.5028888103214648,1206.7952866121186,1201.731046449036,10787.772560000001,1372.1259671905627,130.52149628656272,629.1401740340584,37303.17395237813,4,33775.956636638606,0,1.0001108967117034e-07,optimal,optimal,optimal
2025-04-16,ANNUAL REFERENCE ONLY,0.9,0.5,1206.7952866121186,14,1206.7952866121186,optimal,optimal,38989.603967999734,0.0,0.0,14,9832.71226075718,optimal,optimal,523.2756944634594,988.8442768061633,2558.511368145658,0.6460894092234675,14,6479.182188953655,optimal,optimal,-144.16659808530753,32.16403578121333,596.838914781953,0.5905654569337081,14,10650.905471354043,optimal,optimal,237.22389897794633,132.83861575354052,54.148977257356734,0.5115926708380105,1200.0000000519697,1200.0000000519697,10673.67711441569,616.3329953560982,117.8246741661542,287.24195626459453,39893.178919620426,6,36443.266583428944,0,1.0000098882301245e-07,optimal,optimal,optimal
2025-04-17,ANNUAL REFERENCE ONLY,0.9,0.5,1200.0000000519697,14,1200.0000000519697,optimal,optimal,36161.63100138478,0.0,0.0,14,9299.453479074076,optimal,optimal,145.45779832600866,224.5676654553095,58.370064884781534,0.6195968484936182,14,5840.760829625624,optimal,optimal,-8.418234495563263,16.648118371637565,154.7157907634464,0.6027059062547465,14,10497.966895305537,optimal,optimal,506.08907887857566,271.4652276943386,54.14267509420718,0.510166951221623,1200.3024034633402,1200.0000000519697,10770.345145740741,643.128642709021,6.156197809763436e-08,1.999978069557983e-07,36804.7596442938,0,37000.30219189648,0,1.5196951608231757e-07,optimal,optimal,optimal
2025-04-18,ANNUAL REFERENCE ONLY,0.9,0.5,1200.3024034633402,14,1200.3024034633402,optimal,optimal,13469.007264112133,0.0,0.0,14,2971.317213334751,optimal,optimal,85.53845121482954,137.62159979589444,289.5306605760694,0.645089905047508,14,9855.264685776236,optimal,optimal,15.233594711993888,35.41925926315315,15.21657327259005,0.571131874574879,14,9843.712734106397,optimal,optimal,273.94600136859043,178.85702224891378,0.0,0.5112610386975741,1225.1013845218188,1200.3024034633402,10594.209044704563,374.71804729541384,9.360012563246065e-08,2e-07,13843.725311607546,0,24745.90797259023,0,1.00000761449337e-07,optimal,optimal,optimal
2025-04-19,ANNUAL REFERENCE ONLY,0.9,0.5,1225.1013845218188,14,1225.1013845218188,optimal,optimal,13036.75224299724,0.0,0.0,14,3380.0587936988836,optimal,optimal,33.21537043727236,71.21756836221115,247.1620626543209,0.6319473992529635,14,10535.921952594621,optimal,optimal,376.4906791146096,363.60587977303703,0.0,0.5826997005768462,14,9734.401932671344,optimal,optimal,402.3161691897987,264.2673136721103,124.03037659741798,0.5080215898416776,1208.155283617028,1208.155283617028,10535.921952594621,812.0222187416807,1.4542699281172877e-07,2.999999380690952e-07,13848.77446203892,0,24371.296576107103,0,1.0000097233842098e-07,optimal,optimal,optimal
2025-04-20,ANNUAL REFERENCE ONLY,0.9,0.5,1208.155283617028,14,1208.155283617028,optimal,optimal,36088.67365350198,0.0,0.0,14,9789.343758611116,optimal,optimal,-433.39382796570914,62.93117561651047,2143.723524343966,0.6073341468644926,14,6339.245908796299,optimal,optimal,-164.97618823488375,51.53020983881629,880.9977194405376,0.6111158833352179,14,10719.346504037241,optimal,optimal,142.09345752190998,75.74024716450944,0.0,0.5132304054344883,1200.0000000519697,1200.0000000519697,10744.58085341658,-456.27655867868293,54.09735561473704,115.66014685169637,35748.05724167499,1,36764.160932418985,0,1.0000395650422434e-07,optimal,optimal,optimal
2025-04-21,ANNUAL REFERENCE ONLY,0.9,0.5,1200.0000000519697,14,1200.0000000519697,optimal,optimal,38101.10118475199,0.0,0.0,14,9745.18281330751,optimal,optimal,-2390.784807941892,0.0,8867.039394501127,0.6253216562577153,14,7040.5541146038095,optimal,optimal,-262.0782781377245,22.24178800230675,784.4122235509531,0.6007158765197587,14,10405.96464393706,optimal,optimal,671.4860400138671,350.2977935528846,0.0,0.5134253152998147,1213.3488956858462,1200.0000000519697,10509.769387381584,-1981.3770460657495,145.6709180681903,527.7462468036438,36647.47038548989,8,33973.866162692735,0,1.000011716314475e-07,optimal,optimal,optimal
2025-04-22,ANNUAL REFERENCE ONLY,0.9,0.5,1213.3488956858462,14,1213.3488956858462,optimal,optimal,34231.22830609743,0.0,0.0,14,9604.31789284157,optimal,optimal,1453.0168918956363,1159.1433987968799,0.0,0.6435025635047428,14,7582.987781267494,optimal,optimal,-336.0635476785872,56.08231162410425,1398.8600616563997,0.6296844276844874,14,10655.96098311988,optimal,optimal,224.6804487543696,120.72353982062043,13.131528589273557,0.5113693121866998,1200.0000000519694,1200.0000000519694,10660.961802887992,1341.6337929714186,275.56524990929597,895.1688172151287,36468.03091628398,7,33588.11801770002,0,1.0000374550145351e-07,optimal,optimal,optimal
2025-04-23,ANNUAL REFERENCE ONLY,0.9,0.5,1200.0000000519694,14,1200.0000000519694,optimal,optimal,32951.82181302921,0.0,0.0,14,8963.023607880765,optimal,optimal,1127.7209960356736,1157.6707309495855,0.0,0.6652018081171397,14,6566.550073748069,optimal,optimal,-2.105656972483155,12.716306338457343,95.18800566754392,0.634829254027098,14,10419.531295014422,optimal,optimal,636.300102554177,333.0193998397408,6.394371128705384,0.5036252860087479,1200.0000000519697,1200.0000000519694,10429.769830102987,1761.9154416173674,108.77841655611735,362.3781899889376,35076.115444635514,4,35204.51644655447,0,1.0000803740695119e-07,optimal,optimal,optimal
2025-04-24,ANNUAL REFERENCE ONLY,0.9,0.5,1200.0000000519697,14,1200.0000000519697,optimal,optimal,34013.587213554594,0.0,0.0,14,9921.71697257357,optimal,optimal,-274.48485995806925,83.50168848739477,1812.1726204665642,0.6912673015858386,14,7563.164771277274,optimal,optimal,195.2544416671327,197.24548062405097,227.75943795772213,0.6520926938239926,14,10686.214904430548,optimal,optimal,141.4260386175076,86.82199885073362,60.32854711423704,0.5028857172901148,1200.0000000519697,1200.0000000519697,10699.127712956697,62.19562032657106,19.529506177826157,41.75408420674824,34117.53691808791,1,33447.34756702104,0,1.0001531336456537e-07,optimal,optimal,optimal
2025-04-25,ANNUAL REFERENCE ONLY,0.9,0.5,1200.0000000519697,14,1200.0000000519697,optimal,optimal,13162.117599521469,0.0,0.0,14,2867.5690835493824,optimal,optimal,53.36509141702955,105.20665586600069,306.9530385362666,0.6817311944384786,14,10573.542808229575,optimal,optimal,-176.9638000430467,0.0,376.4051895294628,0.6363749218033539,14,9845.894234691816,optimal,optimal,277.3555775003053,222.63257015251168,0.0,0.49178572554188016,1228.259929798464,1200.0,10573.542808229577,153.75686887428816,143.15183877580537,517.8727397783045,13833.747208174062,7,23268.246739491202,0,1.00000761449337e-07,optimal,optimal,optimal
2025-04-26,ANNUAL REFERENCE ONLY,0.9,0.5,1228.259929798464,14,1228.259929798464,optimal,optimal,12643.428341427138,0.0,0.0,14,2314.8801187654303,optimal,optimal,104.25392294052577,82.71787913438507,26.31601703037444,0.68235784829596,14,10161.287082839144,optimal,optimal,45.605343006435916,80.6245357865032,37.60628900995209,0.6546457848793954,14,9853.843890095852,optimal,optimal,265.6983471875376,180.21403471496458,7.614048152824247e-07,0.48895997035494543,1200.0000000519697,1200.0,10594.498019814055,415.55761313449926,218.59842045622162,869.8550683018277,13928.841022863464,9,23462.655099200467,0,1.00000761449337e-07,optimal,optimal,optimal
2025-04-27,ANNUAL REFERENCE ONLY,0.9,0.5,1200.0000000519697,14,1200.0000000519697,optimal,optimal,33121.95574977608,0.0,0.0,14,9256.43108749999,optimal,optimal,161.00931821567352,369.51054453113136,1247.0052363707923,0.6685449852451066,14,7303.284193240733,optimal,optimal,-25.320113429094803,112.48515586006602,497.52269816041974,0.6363660385418936,14,10303.52025526257,optimal,optimal,730.067527242648,411.5788405757881,0.0,0.48601436749670646,1200.0000000519694,1200.0000000519694,10669.427754166658,865.7567320292267,810.0835310738223,3313.0138563357264,37300.72633814104,20,35940.654458968,0,1.00000761449337e-07,optimal,optimal,optimal
2025-04-28,ANNUAL REFERENCE ONLY,0.9,0.5,1200.0000000519694,14,1200.0000000519694,optimal,optimal,40095.91926981935,0.0,0.0,14,10010.672139074073,optimal,optimal,-583.1303733065076,71.64043845709989,2340.4992606935093,0.6360380262969082,14,6168.971731525031,optimal,optimal,-154.66734745435025,67.16745224448891,804.92075986081,0.6472560070857856,14,10532.792556043907,optimal,optimal,386.0941725417098,241.4959655068079,0.0,0.49128042178914716,1213.5933106281996,1200.0000000519694,10786.048064999999,-351.70354821914805,2.4946990967352535e-07,1.0000117073516777e-06,39744.21572260022,0,36127.862513798886,0,1.0001531336456537e-07,optimal,optimal,optimal
2025-04-29,ANNUAL REFERENCE ONLY,0.9,0.5,1213.5933106281996,14,1213.5933106281996,optimal,optimal,34138.50086753564,0.0,0.0,14,9316.042428703706,optimal,optimal,10.099431307618095,341.9531558853717,1807.741327509149,0.5976011825390406,14,9219.66954777778,optimal,optimal,93.08616166350397,126.23535488859932,165.0055538601501,0.6543095372023991,14,10471.417821698042,optimal,optimal,510.3997435258454,293.08124215130516,0.0,0.4937930323404398,1218.1521943027453,1213.5933106281996,10680.97348425926,613.5853364969674,335.9854745463348,1354.8282063213899,36106.914410353995,6,32648.473833935306,0,1.000085205760115e-07,optimal,optimal,optimal
2025-04-30,ANNUAL REFERENCE ONLY,0.9,0.5,1218.1521943027453,14,1218.1521943027453,optimal,optimal,32791.583470198966,0.0,0.0,14,8120.271669430345,optimal,optimal,-159.48001353434015,0.0,670.3381947937173,0.5740318658404769,14,6185.030997022938,optimal,optimal,-71.31908656602619,0.0,145.78847227113783,0.67107790681695,14,10310.569337960822,optimal,optimal,707.6033815419788,440.90934412624966,0.0,0.4975611829940708,1200.0000000519697,1199.9999999999998,10394.343093637817,476.8042814416125,139.39674216238006,536.3481552213055,33804.73590686188,8,33225.340993106336,0,1.0000289307754429e-07,optimal,optimal,optimal
2025-05-01,ANNUAL REFERENCE ONLY,0.9,0.5,1200.0000000519697,14,1200.0000000519697,optimal,optimal,34317.95511068403,0.0,0.0,14,9208.606455092593,optimal,optimal,-286.39579520568884,35.75118382566625,1331.9611157591405,0.5620565283427029,14,7269.762892685189,optimal,optimal,-154.20220779724048,0.0,333.65729965563617,0.6419027216171779,14,10302.125823643972,optimal,optimal,749.4453921865307,436.58798547799046,0.0,0.50271368485792,1200.000000050103,1200.0,10533.953695833334,308.8473891836014,2427.525210655972,11271.1549002835,45897.957400151136,29,36080.441349785106,0,1.0000087513617473e-07,optimal,optimal,optimal
2025-05-02,ANNUAL REFERENCE ONLY,0.9,0.5,1200.000000050103,14,1200.000000050103,optimal,optimal,15992.471749514893,0.0,0.0,14,3221.667199919796,optimal,optimal,-51.53249410207977,0.0,99.52934295108027,0.5564958485916337,14,8952.730366508958,optimal,optimal,-41.80955228370007,0.0,84.72090420344833,0.6609513899290419,14,9009.251658012106,optimal,optimal,2327.6954924775723,1241.8148083992348,0.0,0.5059890836015601,1440.63873342462,1200.000000050103,9270.348809925908,2234.3534460917926,485.6181697053165,2387.379473205987,20614.204668812672,8,21913.85536950262,0,1.00000761449337e-07,optimal,optimal,optimal
2025-05-03,ANNUAL REFERENCE ONLY,0.9,0.5,1440.63873342462,14,1440.63873342462,optimal,optimal,15039.799344395791,0.0,0.0,14,3026.699997919074,optimal,optimal,-90.1671340121746,0.0,188.42888622240565,0.5394404610795432,14,9197.430273163549,optimal,optimal,198.81837423984615,134.29369737463134,0.0,0.6475721298297373,14,8869.051031427622,optimal,optimal,2488.445003904125,1328.731234954901,0.0,0.503318333021994,1619.8370244732018,1200.0000000159278,9198.02835146899,2597.0962441317965,426.3992899431113,2490.895221386117,20127.790809913702,7,21404.771007602438,0,1.0000258043874055e-07,optimal,optimal,optimal
2025-05-04,ANNUAL REFERENCE ONLY,0.9,0.5,1619.8370244732018,14,1619.8370244732018,optimal,optimal,37022.58645536434,0.0,0.0,14,9981.624971912817,optimal,optimal,-748.3864425670697,131.85372082267963,4037.296569757489,0.5430646147471601,14,8282.646757722869,optimal,optimal,-399.1802447175731,0.0,962.6095143473723,0.6401290513762119,14,8701.033192191073,optimal,optimal,3357.7522402821965,1837.6054538067337,0.0,0.5013300733504729,1451.205436243542,1200.0000000000002,10662.984694135039,2210.1855529975537,1218.264743145296,5797.798916351268,45030.57092471316,21,27334.32046009046,0,1.0000121619668789e-07,optimal,optimal,optimal
2025-05-05,ANNUAL REFERENCE ONLY,0.9,0.5,1451.205436243542,14,1451.205436243542,optimal,optimal,39125.05618681742,0.0,0.0,14,10015.800491574082,optimal,optimal,-1026.8003833606058,0.0,2609.3398492870692,0.5324815600799475,14,6497.596846777232,optimal,optimal,-364.7012550988445,9.236303761805061,1389.6090662877045,0.6431997159404194,14,8748.980572176457,optimal,optimal,3413.2626731139603,1831.4612864509581,1.8172042184801993,0.500828878493704,1532.9286510199684,1200.0,10739.244473055564,2021.76103465451,940.3560815190266,4561.060103719258,45707.87732519119,16,32391.848904190523,0,1.0001531336456537e-07,optimal,optimal,optimal
2025-05-06,ANNUAL REFERENCE ONLY,0.9,0.5,1532.9286510199684,14,1532.9286510199684,optimal,optimal,33372.43841770785,0.0,0.0,14,7036.7743130247,optimal,optimal,1136.024216500041,1053.7317538173234,380.0114713786977,0.5646785068807457,14,5121.018105000001,optimal,optimal,1291.5826862210076,1409.9273395476494,92.81843298081102,0.6044219334885613,14,8723.903595893793,optimal,optimal,3278.4137785538287,1772.5843479907157,0.0,0.5055075724842293,1200.0000000519694,1200.0,8723.903595893793,5706.0206812748775,1499.8516203746753,7587.219456637851,46665.67855562058,24,30719.901777555067,0,1.0000428574130638e-07,optimal,optimal,optimal
2025-05-07,ANNUAL REFERENCE ONLY,0.9,0.5,1200.0000000519694,14,1200.0000000519694,optimal,optimal,36998.31785250691,0.0,0.0,14,9434.914526413926,optimal,optimal,366.7759755077053,322.22822557707457,326.36418271493363,0.566875293551075,14,6135.543897710223,optimal,optimal,-103.10815300432373,1.0628374789429245,253.69972768407357,0.5889126347063195,14,9184.929664631854,optimal,optimal,2814.636734262112,1437.7497231684579,20.7195785221611,0.5070298171669906,1454.3673016074772,1200.0000000159275,10565.34760044907,3078.3045567654935,1065.8523442346473,5979.545464007259,46056.16787327966,20,33287.03926534957,0,1.0000803740695119e-07,optimal,optimal,optimal
2025-05-08,ANNUAL REFERENCE ONLY,0.9,0.5,1454.3673016074772,14,1454.3673016074772,optimal,optimal,40943.73518961844,0.0,0.0,14,9832.532684310543,optimal,optimal,-817.5579192749145,260.4210388547574,4548.42094771705,0.5851807619954906,14,6258.748317111436,optimal,optimal,272.7424932409987,283.50585314012835,203.04184664533852,0.5887850983901098,14,9195.08199872238,optimal,optimal,2822.5594996036884,1429.9203603123424,60.64611785671745,0.4990362085800908,1589.3201532759906,1208.1689722546244,10555.055832458691,2277.744073569773,956.4758884559673,4148.647748786625,47370.12701197484,16,31563.83877134054,0,1.0001531336456537e-07,optimal,optimal,optimal
2025-05-09,ANNUAL REFERENCE ONLY,0.9,0.5,1589.3201532759906,14,1589.3201532759906,optimal,optimal,16201.24050456956,0.0,0.0,14,3178.5620861388466,optimal,optimal,506.13093668543786,329.63758198986375,6.360040653972646,0.5828378273268697,14,8348.511141342691,optimal,optimal,54.216932748954676,107.45632691241343,278.692417179487,0.6106769077868192,14,9181.86126538511,optimal,optimal,2672.9332447114,1450.2284136272706,63.27726821557736,0.5084599939648704,1753.7225703352574,1280.6254115856327,9181.86126538511,3233.281114145793,5.297107936165111e-07,1.700006838592526e-06,19434.52162041536,0,20855.348922079767,0,1.000009651761502e-07,optimal,optimal,optimal
2025-05-10,ANNUAL REFERENCE ONLY,0.9,0.5,1753.7225703352574,14,1753.7225703352574,optimal,optimal,16240.149017685531,0.0,0.0,14,3840.3303396567635,optimal,optimal,894.9577850902286,621.4734771772871,2.8421709430404007e-13,0.6124674265745421,14,8358.207873686953,optimal,optimal,-117.26109455706032,5.890700932848517,277.1481644463113,0.6135156098982888,14,9155.063245849424,optimal,optimal,2683.140940196411,1457.6579516649476,57.377358931257284,0.5174193229173041,1720.5943957246004,1372.9403318911154,9155.063245849424,3460.8376307295794,257.0784212207485,1156.6450314343058,20857.631679849415,5,19656.942263503406,0,1.0000621841754764e-07,optimal,optimal,optimal
2025-05-11,ANNUAL REFERENCE ONLY,0.9,0.5,1720.5943957246004,14,1720.5943957246004,optimal,optimal,39546.252254938256,0.0,0.0,14,9682.498899296466,optimal,optimal,126.82041759451327,637.444554379975,2571.742703382129,0.6128798386458739,14,6628.243233864969,optimal,optimal,17.294144578611743,166.95734802437414,1043.3235384767115,0.6064088480203318,14,9221.653755490524,optimal,optimal,2753.0639594761365,1401.2068044529597,60.21281765764187,0.5179237835685995,1434.0793337521177,1200.0000000159278,10351.61510300017,2897.1785216492617,519.1035985968039,2917.125668601526,45360.556445189046,10,30715.091538127956,0,1.000043994281441e-07,optimal,optimal,optimal
2025-05-12,ANNUAL REFERENCE ONLY,0.9,0.5,1434.0793337521177,14,1434.0793337521177,optimal,optimal,35565.043768914344,0.0,0.0,14,9305.97514884416,optimal,optimal,2072.7261573724236,1746.8052910358288,0.0,0.6222051305743269,14,7267.466639415333,optimal,optimal,68.72999037952027,85.64308828926971,289.27892271881257,0.6042043258947416,14,9196.770415463592,optimal,optimal,2817.3129387159124,1423.8477147803096,37.47504244402903,0.5147239641943456,1520.7585809909544,1200.000000015928,10620.143982138563,4958.769086467856,411.4623519443695,1997.4848132704901,42521.297668652696,9,28231.358121244863,0,1.0000803740695119e-07,optimal,optimal,optimal
2025-05-13,ANNUAL REFERENCE ONLY,0.9,0.5,1520.7585809909544,14,1520.7585809909544,optimal,optimal,41109.73303016275,0.0,0.0,14,9958.63257176732,optimal,optimal,-929.5429758623732,701.181001857177,6066.764793298187,0.6096449450743807,14,6464.430958868597,optimal,optimal,107.15748821383673,247.0892091681824,837.6413381380635,0.6109347968771492,14,9178.303874978816,optimal,optimal,2815.044723875674,1430.5974184113393,59.947920619445256,0.5129126391594787,1491.8199808065995,1200.000000015928,10727.189778518514,1992.6592362271376,512.7859980929235,2732.089604403697,45834.48187079359,13,30359.644443910387,0,1.0000343513638653e-07,optimal,optimal,optimal
2025-05-14,ANNUAL REFERENCE ONLY,0.9,0.5,1491.8199808065995,14,1491.8199808065995,optimal,optimal,40357.98264935256,0.0,0.0,14,9823.683350800433,optimal,optimal,-229.01864325416034,43.75656948844181,837.8371729202856,0.6287185154858466,14,5976.513928134453,optimal,optimal,-625.9097967431161,0.0,1846.4011080367077,0.5923866460924188,14,9229.097970968809,optimal,optimal,2692.738912363583,1376.535895209051,5.675818207755137,0.5051761010413914,1439.1097029773878,1221.1001146389453,10549.163443393025,1837.8104723663066,6.875881659625106e-07,1.9999987520539323e-06,42195.79312371887,0,30325.312018253542,0,1.0000420058986493e-07,optimal,optimal,optimal
2025-05-15,ANNUAL REFERENCE ONLY,0.9,0.5,1439.1097029773878,14,1439.1097029773878,optimal,optimal,41287.924687986786,0.0,0.0,14,9825.399502537712,optimal,optimal,382.14032264603077,376.1947385066439,249.88825376339037,0.5880965951884245,14,6956.976016787859,optimal,optimal,-831.6093416574303,0.0,2335.50540359879,0.6413907975808933,14,9573.51272837848,optimal,optimal,2069.95330433686,1070.0433612305478,5.441433405597621,0.5023496857229169,1432.1251491030605,1432.1251491030605,10658.174397981938,1620.4842853254606,3.624598357200174e-07,9.000070989571669e-07,42908.40897421225,0,30905.974582651892,0,1.0000415471722592e-07,optimal,optimal,optimal
2025-05-16,ANNUAL REFERENCE ONLY,0.9,0.5,1432.1251491030605,14,1432.1251491030605,optimal,optimal,17292.986273227514,0.0,0.0,14,2494.2775622501063,optimal,optimal,-88.96419819999439,0.0,170.36238605186844,0.5807333829636694,14,8350.241883688737,optimal,optimal,-238.87036640921423,0.0,508.19529254554567,0.6697991599322327,14,9206.784334736674,optimal,optimal,2546.5349216899153,1400.8519790216149,161.93213093636786,0.49022271234302023,1442.6634466559303,1432.1251491030605,9206.784334736674,2218.700357080707,6.718769870346783e-07,1.699995132966069e-06,19511.686632008215,0,18593.178478108122,0,1.0000803740695119e-07,optimal,optimal,optimal
2025-05-17,ANNUAL REFERENCE ONLY,0.9,0.5,1442.6634466559303,14,1442.6634466559303,optimal,optimal,17223.48043364603,0.0,0.0,14,2191.4009985600687,optimal,optimal,-27.598449495245156,14.149494059004336,107.71263400064657,0.5642788474441499,14,8339.421007749017,optimal,optimal,-31.452413543281022,71.00807514870746,308.30347037869,0.6626488208544578,14,9175.877283004938,optimal,optimal,2665.8509807598502,1440.0883002934795,116.78218057447646,0.47940430771132864,1614.7608138498736,1423.2521596866552,9175.877283004938,2606.800117721324,283.5014627222558,1317.8043029605014,21148.084854327855,6,19230.127174880814,0,1.000043994281441e-07,optimal,optimal,optimal
2025-05-18,ANNUAL REFERENCE ONLY,0.9,0.5,1614.7608138498736,14,1614.7608138498736,optimal,optimal,42987.07313327861,0.0,0.0,14,9677.182590334494,optimal,optimal,-715.8775211260081,290.91983125493925,4039.7122378393015,0.5552544511539624,14,6413.96071819923,optimal,optimal,-136.95359261210328,43.33162759505569,603.2171263735588,0.6579382952051857,14,9761.883435595584,optimal,optimal,1773.6841856482274,898.6603927986632,2.035328411750015,0.4951790349470917,1561.4758264322045,1561.4758264322045,10372.567364986922,920.853071910116,4.969263501740894e-07,1.1000221252842494e-06,43907.92620628875,0,31764.21682062288,0,1.000012430267816e-07,optimal,optimal,optimal
2025-05-19,ANNUAL REFERENCE ONLY,0.9,0.5,1561.4758264322045,14,1561.4758264322045,optimal,optimal,38955.44311086143,0.0,0.0,14,10071.468341944443,optimal,optimal,-374.4694937030881,526.7611598038457,4354.717600985628,0.57627531086384,14,7948.693469608389,optimal,optimal,-103.26078954086624,13.171213204102218,465.0222471126391,0.6551490172527845,14,9588.478522003046,optimal,optimal,2104.994949242103,1068.2367679481772,94.21086239676634,0.4869027646502461,1675.4815799057226,1441.7722801833281,10755.473897499998,1627.2646659981485,8.2325005351754,55.52409804999664,40638.23187490957,1,28984.617007394754,0,1.0000803740695119e-07,optimal,optimal,optimal
2025-05-20,ANNUAL REFERENCE ONLY,0.9,0.5,1675.4815799057226,14,1675.4815799057226,optimal,optimal,38878.82212109024,0.0,0.0,14,10128.53287037037,optimal,optimal,528.2935237348639,651.4073846054848,1179.91303231538,0.5737972755335464,14,6519.470889329613,optimal,optimal,74.91357650497153,126.8305607710447,22.896523709436668,0.6409757704854452,14,9375.873051057548,optimal,optimal,2444.6203033933884,1229.8013525544684,72.65531757783612,0.4864471924874341,1688.9940181072836,1573.1983008384145,10800.0,3047.827403633224,119.66933698653014,462.0745609510572,42388.72408567452,2,29360.08429082128,0,1.0000415471722592e-07,optimal,optimal,optimal
2025-05-21,ANNUAL REFERENCE ONLY,0.9,0.5,1688.9940181072836,14,1688.9940181072836,optimal,optimal,36506.68728267212,0.0,0.0,14,8451.07093445713,optimal,optimal,1259.5702475997598,1489.158148007818,0.0,0.5685082670468646,14,6876.197349956986,optimal,optimal,228.79523957440603,329.2754201671594,870.4316697672825,0.6532667259997932,14,9322.759767210486,optimal,optimal,2557.5073462599344,1319.1807814299618,0.0,0.49013871318365915,1575.227438504025,1556.3844385619293,9695.3199344182,4045.8728334341004,140.4900793342655,526.657626221314,41079.217742327535,3,28186.97179855046,0,1.0000343513638653e-07,optimal,optimal,optimal
2025-05-22,ANNUAL REFERENCE ONLY,0.9,0.5,1575.227438504025,14,1575.227438504025,optimal,optimal,36944.83080526572,0.0,0.0,14,9381.812150246915,optimal,optimal,-267.4571299364914,37.573273010974276,900.0338107973703,0.591923604047443,14,7601.856583580248,optimal,optimal,-347.3598067876744,0.0,716.7639370746913,0.6250893073790399,14,9774.569430417694,optimal,optimal,1828.6029993456355,927.2335481395974,-1.1368683772161603e-13,0.4967499063622417,1357.7283224461275,1357.7283224461275,10641.365279876543,1213.7860626214697,106.1545877001489,387.5147473199278,38546.131615207116,4,30723.784897556085,0,1.0000803740695119e-07,optimal,optimal,optimal
2025-05-23,ANNUAL REFERENCE ONLY,0.9,0.5,1357.7283224461275,14,1357.7283224461275,optimal,optimal,15283.095912472294,0.0,0.0,14,2133.463310987655,optimal,optimal,-32.60878892875265,0.0,65.31160947633838,0.6286188202783171,14,9401.546623559225,optimal,optimal,125.19342073118891,196.58557538229473,0.0,0.5954141752638227,14,9373.425168401784,optimal,optimal,1960.817435322449,1048.813147726648,-1.1368683772161603e-13,0.5052994604995769,1616.4566561718839,1357.7283224461275,9420.809405105678,2053.4020671248854,1.4575805221033118e-07,2.999995714356828e-07,17336.49797989718,0,20062.903296580247,0,1.000043994281441e-07,optimal,optimal,optimal
2025-05-24,ANNUAL REFERENCE ONLY,0.9,0.5,1616.4566561718839,14,1616.4566561718839,optimal,optimal,16050.94052349551,0.0,0.0,14,1874.9894271296291,optimal,optimal,-208.49472901481465,52.58750261240726,561.1823133455557,0.6142470598441125,14,9048.979801574471,optimal,optimal,-142.8160954445437,0.0,263.98400356254336,0.5634376313290766,14,9594.98382263473,optimal,optimal,1770.1526756835897,1070.2908482677776,0.0,0.5062499574038256,1657.386893518852,1325.6106075632229,9642.369573678032,1418.8418512242313,1.0845217411241257e-07,2.999988424155162e-07,17469.78237501974,0,19136.51962778258,0,1.0000053407566156e-07,optimal,optimal,optimal
2025-05-25,ANNUAL REFERENCE ONLY,0.9,0.5,1657.386893518852,14,1657.386893518852,optimal,optimal,37390.50544239012,0.0,0.0,14,9862.812304876545,optimal,optimal,-862.6614178959435,29.207720583335096,3589.8504831895866,0.6349394761297966,14,9237.028047307229,optimal,optimal,-86.53948240468239,0.0,146.43442483515815,0.5513013261352812,14,9667.191333904155,optimal,optimal,2029.495282751158,1023.7800872018337,0.0,0.4863585004275528,1505.6620421383461,1441.1570725231861,10799.999999999998,1080.2943824505319,103.25815344442054,520.9841128090447,38991.7839376497,5,28698.713316119072,0,1.0000218964023588e-07,optimal,optimal,optimal
2025-05-26,ANNUAL REFERENCE ONLY,0.9,0.5,1505.6620421383461,14,1505.6620421383461,optimal,optimal,36474.59573602253,0.0,0.0,14,9366.265466973298,optimal,optimal,-387.7282505919147,21.113230870459915,886.0941768614199,0.6219222320018284,14,4507.9712936399665,optimal,optimal,1256.9769330003905,1786.9982706391042,0.0,0.5518940192800226,14,10049.185946641452,optimal,optimal,1264.6027368257555,679.7414556298072,0.0,0.4973434985470992,1440.086479621003,1409.8141456827345,10603.82694845478,2133.8514192342313,110.10412267309219,426.752160385479,39035.19931564224,5,33287.740514107594,0,1.0000204042626137e-07,optimal,optimal,optimal
2025-05-27,ANNUAL REFERENCE ONLY,0.9,0.5,1440.086479621003,14,1440.086479621003,optimal,optimal,34431.917980457176,0.0,0.0,14,6813.430310000002,optimal,optimal,1735.4206721623918,2225.3966176574936,0.0,0.6357303952212594,14,5861.698040000001,optimal,optimal,-364.45228117801236,8.609488567719154,1163.925239638736,0.5838652431269783,14,10163.607483085747,optimal,optimal,901.7993647267751,582.3981558378678,0.0,0.4886651889197987,1352.5205937435715,1352.5205937435715,10197.61048314271,2272.7677557111547,1.412418960981018e-07,3.0000007304379323e-07,36704.68573646833,0,31602.837682433114,0,1.0000053407566156e-07,optimal,optimal,optimal
2025-05-28,ANNUAL REFERENCE ONLY,0.9,0.5,1352.5205937435715,14,1352.5205937435715,optimal,optimal,38090.78068616298,0.0,0.0,14,9972.600306358021,optimal,optimal,-399.62903322237327,356.5024501739417,3112.7116687985053,0.5908321569580908,14,6342.713792049632,optimal,optimal,-460.1282741911935,193.52929724843125,2701.3512198347207,0.5951818170057571,14,10065.748962146377,optimal,optimal,923.1016938086897,498.91667242373853,0.0,0.4837875310871463,1332.2466475194753,1332.2466475194753,10669.667898950614,63.34438639512291,1.0899990826693119e-07,3.000024576569558e-07,38154.12507285811,0,31789.838848944695,0,1.0000245765695582e-07,optimal,optimal,optimal
2025-05-29,ANNUAL REFERENCE ONLY,0.9,0.5,1332.2466475194753,14,1332.2466475194753,optimal,optimal,37018.75755868068,0.0,0.0,14,9658.287763086415,optimal,optimal,411.59389471202275,385.1304835748867,207.22485659236486,0.5763922328316364,14,7280.500142822839,optimal,optimal,-793.1271160022013,14.9459658202544,3036.939936290625,0.5866434162268607,14,10297.314898679948,optimal,optimal,764.7535493612551,478.08573078066905,0.0,0.48108784470784305,1220.0114937242743,1202.241641975309,10326.502114938266,383.2203280710765,517.3926784127501,2426.760605683252,39828.738492435004,16,33073.200400559435,0,1.0000053407566156e-07,optimal,optimal,optimal
2025-05-30,ANNUAL REFERENCE ONLY,0.9,0.5,1220.0114937242743,14,1220.0114937242743,optimal,optimal,14350.273155453802,0.0,0.0,14,2349.2937016666665,optimal,optimal,289.96993172149377,274.9350144037303,72.65652991903394,0.5411803619026859,14,10149.75069664939,optimal,optimal,167.59225790322228,136.87387079046374,126.2483850649707,0.5706245179616362,14,9935.832239084753,optimal,optimal,802.2494462751357,539.9396143841923,0.0,0.4741642960742968,1308.585212625717,1220.0114937242743,10309.8430287661,1259.8116358998518,2.975944208951585e-07,6.999978744071541e-07,15610.084792053653,0,22095.90005583941,0,1.0000007932831068e-07,optimal,optimal,optimal
2025-05-31,ANNUAL REFERENCE ONLY,0.9,0.5,1308.585212625717,14,1308.585212625717,optimal,optimal,16047.450057261398,0.0,0.0,14,2847.6741039507187,optimal,optimal,-430.2725350156695,0.0,978.6036867863363,0.5552075506942729,14,10509.943452839607,optimal,optimal,-116.36053334233365,12.11839360209326,273.9008788090318,0.605237812413648,14,10300.484580576946,optimal,optimal,370.35441525493223,249.5811152158955,0.0,0.48422532798077766,1200.0000000519694,1200.0000000519694,10538.772315244201,-176.2786531030709,58.582571010653226,125.24953682065954,15996.420940978987,1,22643.65436643741,0,1.0000258043874055e-07,optimal,optimal,optimal
2025-06-01,ANNUAL REFERENCE ONLY,0.9,0.5,1200.0000000519694,14,1200.0000000519694,optimal,optimal,47589.73526164364,0.0,0.0,14,8062.089532314811,optimal,optimal,608.4085182286279,1822.7045058314236,4404.6518606235295,0.5666485845600128,14,7132.5304547458645,optimal,optimal,-1236.7706985275952,0.0,3398.312213541191,0.6415188020531732,14,10341.911905204024,optimal,optimal,790.1730170549482,427.1648144546283,0.0,0.4818533196753399,1200.000000050103,1199.9999999999998,10385.304547320531,161.81083675598097,4499.16976594021,20158.755898886775,67910.3019972864,49,35809.84103713624,0,1.0000542260968359e-07,optimal,optimal,optimal
2025-06-02,ANNUAL REFERENCE ONLY,0.9,0.5,1200.000000050103,14,1200.000000050103,optimal,optimal,50049.427924552925,0.0,0.0,14,8388.005502082413,optimal,optimal,-2222.6222677573105,51.851214870247645,7536.3297472732,0.5870249423054743,14,5622.610907696171,optimal,optimal,3283.273678886507,3160.1995289568886,592.700652501423,0.6439861693109434,14,8378.927166494279,optimal,optimal,3664.4813009960335,1922.6872950873203,0.0,0.48757590409122953,1277.9061143674262,1200.000000050103,9147.394390971302,4725.13271212523,808.055022581053,3877.9357104369296,58652.496347115084,14,32680.54502582895,0,1.0001531336456537e-07,optimal,optimal,optimal
2025-06-03,ANNUAL REFERENCE ONLY,0.9,0.5,1277.9061143674262,14,1277.9061143674262,optimal,optimal,46150.48237008838,0.0,0.0,14,8350.692538790303,optimal,optimal,2229.914683587456,2195.8178486216366,2116.2315824798247,0.600796204059773,14,7258.503225588882,optimal,optimal,192.0179427779432,337.41270015603664,736.5830182910845,0.623137584468961,14,8656.986408374934,optimal,optimal,3418.9325001847064,1813.4738489037736,68.08355637285484,0.49230641353782917,1379.51244172396,1277.9061143674262,9126.41707582734,5840.865126550105,116.92072868283405,790.5243047555756,52781.87180139406,4,30209.40298468893,0,1.0000111672070489e-07,optimal,optimal,optimal
2025-06-04,ANNUAL REFERENCE ONLY,0.9,0.5,1379.51244172396,14,1379.51244172396,optimal,optimal,53289.94168852407,0.0,0.0,14,7852.0257581816995,optimal,optimal,-3526.7738979252626,129.92312898488265,10808.8644009735,0.5954185206083834,14,7542.665926065885,optimal,optimal,1696.944575046021,1568.8849574451178,0.0,0.6221504156147986,14,8749.704560477874,optimal,optimal,3193.8165689231887,1693.213520144366,64.73943227551194,0.50561548891682,1328.096712440806,1200.0000000159275,9442.803462229069,1363.9872460439472,116.44365661968499,805.2391170001284,55459.168051568144,4,30281.757920708802,0,1.0000053407566156e-07,optimal,optimal,optimal
2025-06-05,ANNUAL REFERENCE ONLY,0.9,0.5,1328.096712440806,14,1328.096712440806,optimal,optimal,45331.64034174006,0.0,0.0,14,8024.817365185311,optimal,optimal,1358.7825152600042,1757.6165211679358,1883.0341703194167,0.6271448997395878,14,5141.729776778784,optimal,optimal,2835.926879876919,2715.412481034651,19.745527708723422,0.6119180322598419,14,8622.747966740362,optimal,optimal,3383.2916058311334,1812.0157738846565,64.9410711499265,0.5039157795352526,1200.0000000519694,1200.0000000159275,8845.847582193253,7578.001000968057,596.8990899540693,3676.3145596706936,56585.95590237881,7,33362.06581720587,0,1.00000761449337e-07,optimal,optimal,optimal
2025-06-06,ANNUAL REFERENCE ONLY,0.9,0.5,1200.0000000519694,14,1200.0000000519694,optimal,optimal,22351.308199566178,0.0,0.0,14,2879.159543279905,optimal,optimal,-472.1434855410596,49.35699987834865,1179.1431390899104,0.6491237145562508,14,6919.181587933045,optimal,optimal,-281.9185429766629,0.0,639.3468988760086,0.6193737432473572,14,8639.809562495268,optimal,optimal,3700.949752589796,1947.4378311559385,12.441261338509745,0.5068166741019111,1538.5485368838188,1200.0000000159275,8639.809562495268,2946.8877240720735,2242.9667460980204,10775.096307952253,36073.2922315905,20,20666.97907056066,0,1.0000815109378891e-07,optimal,optimal,optimal
2025-06-07,ANNUAL REFERENCE ONLY,0.9,0.5,1538.5485368838188,14,1538.5485368838188,optimal,optimal,22699.932310846558,0.0,0.0,14,5844.735038757297,optimal,optimal,-714.6821595354493,0.0,2025.7267281153308,0.630734207783951,14,7243.4433617919885,optimal,optimal,661.4180470154995,511.7227365736652,130.69117010666156,0.619506135247758,14,8663.133231467542,optimal,optimal,3689.161592092055,1920.2798746102458,1.1368683772161603e-13,0.5075122047091997,1640.400665580796,1200.0000000159278,8663.133231467542,3635.897479572105,1695.573421476567,8635.100716887784,34970.930507306446,16,20196.74968865625,0,1.0001531336456537e-07,optimal,optimal,optimal
2025-06-08,ANNUAL REFERENCE ONLY,0.9,0.5,1640.400665580796,14,1640.400665580796,optimal,optimal,47365.017904950626,0.0,0.0,14,9879.346319455255,optimal,optimal,567.7915642078434,897.4704061253836,892.7719741751541,0.6311028432083742,14,8201.754495888425,optimal,optimal,277.87149023930317,383.18080480873726,515.5137098548714,0.5873036668672389,14,9337.269421896997,optimal,optimal,2578.050391889511,1305.5474661643696,0.0,0.5185860629251362,1780.5603000404692,1201.0033148472173,10568.398171307106,3423.7134463366574,121.01960683253155,816.2167372119764,51604.94808849926,1,29140.49604037543,0,1.0000420058986493e-07,optimal,optimal,optimal
2025-06-09,ANNUAL REFERENCE ONLY,0.9,0.5,1780.5603000404692,14,1780.5603000404692,optimal,optimal,53623.73698880204,0.0,0.0,14,9280.297766054238,optimal,optimal,-1004.3326283501162,1.1368683772161603e-13,2466.879444086039,0.6421747253364459,14,8177.013559857244,optimal,optimal,-217.10266855853922,0.0,661.1572706136932,0.5550189168663944,14,9337.269421896997,optimal,optimal,2586.91233839192,1310.1877116011792,0.0,0.5076792954802422,1697.6574728589605,1200.000000015928,10262.388719623294,1365.4770414832647,230.24947531483966,1568.392500971991,56557.6065312573,2,32920.22364776692,0,1.0000420058986493e-07,optimal,optimal,optimal
2025-06-10,ANNUAL REFERENCE ONLY,0.9,0.5,1697.6574728589605,14,1697.6574728589605,optimal,optimal,50392.03132507515,0.0,0.0,14,10100.721406944444,optimal,optimal,711.2762836002503,1041.6668408504445,121.02229060524905,0.6359704973850039,14,5874.5622238859705,optimal,optimal,2032.2259679871563,2034.6685934774434,80.22293570329396,0.5514512131454722,14,9317.300739890214,optimal,optimal,2654.621520278582,1334.392445955716,0.0,0.5001111296016376,1660.6046609925445,1348.1473318106162,10782.4269625,5398.123771865989,5.443257713809821e-07,1.8000576904441002e-06,55790.1550987412,0,35448.78281875161,0,1.0000420058986493e-07,optimal,optimal,optimal
2025-06-11,ANNUAL REFERENCE ONLY,0.9,0.5,1660.6046609925445,14,1660.6046609925445,optimal,optimal,54689.81417289098,0.0,0.0,14,10050.490914074073,optimal,optimal,1407.7917027394208,2028.9363833694936,480.1886467457507,0.6599042917744563,14,5074.487363610157,optimal,optimal,366.79782562537656,488.21159391636763,308.23115628900047,0.5395194116416968,14,9337.269421896995,optimal,optimal,2486.924989622682,1265.271265699277,0.0,0.48826100731901323,1623.783717325585,1200.0,10774.579339999998,4261.51451798748,448.6750769331573,2107.338688317941,61058.667379196406,9,39257.92756635859,0,1.0000415471722592e-07,optimal,optimal,optimal
2025-06-12,ANNUAL REFERENCE ONLY,0.9,0.5,1623.783717325585,14,1623.783717325585,optimal,optimal,53434.014139246094,0.0,0.0,14,10039.324085989441,optimal,optimal,993.9127763233474,1451.028330459652,62.253158841547844,0.6301193606221761,14,7570.564958100729,optimal,optimal,-308.83051298301217,2.65349650110511,762.7364469032893,0.5744243290526387,14,9337.145217533583,optimal,optimal,2603.709651589279,1319.7509063006228,0.0,0.5018332704546623,1608.156162305451,1454.893294622143,10791.006956359812,3288.791914929614,5.81813040378157e-07,2.0000288519653622e-06,56722.80605617574,0,34681.55249879369,0,1.0000420058986493e-07,optimal,optimal,optimal
2025-06-13,ANNUAL REFERENCE ONLY,0.9,0.5,1608.156162305451,14,1608.156162305451,optimal,optimal,23663.225559856735,0.0,0.0,14,4125.747516313273,optimal,optimal,-713.5325524214138,0.0,1681.0387533882013,0.6242399681456574,14,7073.131250123937,optimal,optimal,424.4079691518011,345.39016857999945,77.45297584703732,0.5669753230324613,14,8715.08256462825,optimal,optimal,3664.7393299881583,1881.7023675545154,-2.2737367544323206e-13,0.5099189288390025,1604.011878662093,1200.0000000159275,8715.08256462825,3375.6147467185456,1132.407620413852,5362.030845755869,32400.87115233115,15,20015.402352328154,0,1.000043994281441e-07,optimal,optimal,optimal
2025-06-14,ANNUAL REFERENCE ONLY,0.9,0.5,1604.011878662093,14,1604.011878662093,optimal,optimal,23765.096562843297,0.0,0.0,14,3591.144465551844,optimal,optimal,-402.1752896833648,0.0,918.3187959303998,0.6235149057632725,14,6921.300460935407,optimal,optimal,-248.1010497791693,0.0,564.3122616909535,0.5762993327995513,14,8735.293532048676,optimal,optimal,3612.955489516967,1863.574390209932,1.5845418406672005,0.5132157683447175,1542.1965348701106,1200.0000000159275,8735.293532048676,2962.679150054433,1064.169838868506,4968.454650407153,31696.230363304887,14,19201.313629614786,0,1.0001286909755436e-07,optimal,optimal,optimal
2025-06-15,ANNUAL REFERENCE ONLY,0.9,0.5,1542.1965348701106,14,1542.1965348701106,optimal,optimal,52412.85396787434,0.0,0.0,14,10108.6604475,optimal,optimal,2807.5851831528844,4024.688078971291,292.4497541322794,0.6146972657557176,14,6148.872301896792,optimal,optimal,1024.1483584151129,1103.550232378819,119.23804579046104,0.5517131793820905,14,9336.91873601934,optimal,optimal,2463.3804027018737,1248.531864243146,0.0,0.5184838190839023,1487.8402053998252,1370.4549105488272,10793.7604475,6295.113944269871,4.351097203424446e-07,1.5999771554840664e-06,58707.967913744185,0,37846.44279657642,0,1.0000415471722592e-07,optimal,optimal,optimal
2025-06-16,ANNUAL REFERENCE ONLY,0.9,0.5,1487.8402053998252,14,1487.8402053998252,optimal,optimal,54583.344343397715,0.0,0.0,14,9955.228417106831,optimal,optimal,2159.79805807449,3027.1492909923195,153.0435243794048,0.6193389243829498,14,5710.64511380103,optimal,optimal,382.1806045671319,529.8493148114728,379.2993163448259,0.5741348667196463,14,9398.562077897499,optimal,optimal,2503.14025916498,1243.051566144522,0.0,0.513763216558851,1624.5273792249,1200.0,10765.8699325,5045.118921806602,216.359096036118,1056.4996038523557,60684.96286905667,5,38506.620513808564,0,1.0003714123740792e-07,optimal,optimal,optimal
2025-06-17,ANNUAL REFERENCE ONLY,0.9,0.5,1624.5273792249,14,1624.5273792249,optimal,optimal,55470.528623095604,0.0,0.0,14,10088.136221759258,optimal,optimal,2927.5724825336583,3857.369735846126,106.33768485023322,0.5949626481298967,14,6701.612425724263,optimal,optimal,238.37374835926235,381.30906231062,352.5671014485428,0.5631299982467897,14,9398.334601576753,optimal,optimal,2424.779717653461,1204.0781989106908,0.0,0.5658927919111729,1687.631410072104,1620.6578636917363,10782.426962499998,5590.725948546382,3.2120915363062884e-07,1.2999770017529045e-06,61061.25457294196,0,37817.843593500926,0,1.0000343513638653e-07,optimal,optimal,optimal
2025-06-18,ANNUAL REFERENCE ONLY,0.9,0.5,1687.631410072104,14,1687.631410072104,optimal,optimal,55816.44827167424,0.0,0.0,14,10128.018166203703,optimal,optimal,2955.079342822397,3904.783310252082,63.61638199896754,0.6020235205475214,14,7919.448219661304,optimal,optimal,-816.2121437481554,0.3050514107237632,2279.1244159034104,0.5498425464571668,14,9398.613395145145,optimal,optimal,2536.7312216463897,1259.1695042263723,1.1368683772161603e-13,0.5630220884129864,1763.350736668568,1687.631410072104,10800.0,4675.598420720631,2.9146472605103493e-07,8.999946850716696e-07,60492.04669329486,0,34523.41742787134,0,1.0000343513638653e-07,optimal,optimal,optimal
2025-06-19,ANNUAL REFERENCE ONLY,0.9,0.5,1763.350736668568,14,1763.350736668568,optimal,optimal,52875.05109676244,0.0,0.0,14,10014.486109577756,optimal,optimal,16.190411006616312,137.0943572236281,340.33709237095195,0.5577903607428186,14,7740.763341069011,optimal,optimal,1770.140356298259,1777.199215012758,53.81561276303535,0.5989886677092385,14,9398.613395145145,optimal,optimal,2578.2940136502575,1281.0185121982859,1.1368683772161603e-13,0.5464077990122872,1853.1801053728573,1763.350736668568,10729.875979909195,4364.624780955133,2.935516986336841e-07,9.000214148016765e-07,57239.6758786176,0,30285.536564818794,0,1.0001525652114651e-07,optimal,optimal,optimal
2025-06-20,ANNUAL REFERENCE ONLY,0.9,0.5,1853.1801053728573,14,1853.1801053728573,optimal,optimal,24663.743995737637,0.0,0.0,14,4245.16601090164,optimal,optimal,144.90135578252662,130.43000995269335,1.1368683772161603e-13,0.578479287725168,14,7028.625958908414,optimal,optimal,-10.341517471025174,57.42796771810706,87.47566890729922,0.5815499330392405,14,9175.69014521105,optimal,optimal,2700.1826240405708,1406.9101034873186,-1.1368683772161603e-13,0.5757366746932912,1852.65915923555,1852.6591592355496,9175.69014521105,2834.7424623520724,2.9302809223571364e-07,9.999977153123837e-07,27498.486459089705,0,18025.275234840792,0,1.0000529982789886e-07,optimal,optimal,optimal
2025-06-21,ANNUAL REFERENCE ONLY,0.9,0.5,1852.65915923555,14,1852.65915923555,optimal,optimal,24050.884511157583,0.0,0.0,14,3719.04148597321,optimal,optimal,440.29604973275775,352.4370654637504,0.0,0.5927749342757916,14,7122.680389272783,optimal,optimal,-224.9230536107978,0.0,466.6733380032729,0.5738372418743976,14,9445.598095111543,optimal,optimal,2367.468850044251,1205.9190905800538,0.0,0.559413731876346,1963.7069488354405,1852.65915923555,9445.598095111543,2582.8418461662113,4.570896850055418e-07,1.3999912392937403e-06,26633.726358723787,0,19209.116439267837,0,1.0000423708333984e-07,optimal,optimal,optimal
2025-06-22,ANNUAL REFERENCE ONLY,0.9,0.5,1963.7069488354405,14,1963.7069488354405,optimal,optimal,47896.186701058854,0.0,0.0,14,10063.049748359219,optimal,optimal,1103.520990648372,910.2646502417958,56.9874629016809,0.5728972797433772,14,6081.306098965654,optimal,optimal,1490.4513677812129,1581.5530110908694,35.59991407396592,0.570835193695159,14,9715.238147094198,optimal,optimal,1954.9636178133544,999.4149624558505,81.872867472715,0.555524516666299,1731.3409385393568,1719.8977039750016,10716.250291530165,4548.935976242939,3.6128963148361644e-07,9.999926473748246e-07,52445.122678301785,0,34500.88872330167,0,1.0000229480056077e-07,optimal,optimal,optimal
2025-06-23,ANNUAL REFERENCE ONLY,0.9,0.5,1731.3409385393568,14,1731.3409385393568,optimal,optimal,49082.87502144109,0.0,0.0,14,10108.193055555555,optimal,optimal,1590.508951353331,1271.9211205073884,39.4543780745989,0.5478457584488032,14,7454.605415887498,optimal,optimal,-180.60018413680598,0.0,457.4551341055713,0.5619297357762374,14,9702.105826844432,optimal,optimal,1887.9977832016477,986.8407623377796,0.0,0.5720722180019336,1785.9789667743835,1731.3409385393568,10800.0,3297.9065504181726,3.4392041587623276e-07,1.000009955108271e-06,52380.78157285927,0,33478.67165507,0,1.0000315205616061e-07,optimal,optimal,optimal
2025-06-24,ANNUAL REFERENCE ONLY,0.9,0.5,1785.9789667743835,14,1785.9789667743835,optimal,optimal,56252.146401743514,0.0,0.0,14,9784.163720502642,optimal,optimal,2.2531135408345353,439.1441400400638,1429.552381436599,0.5532714297404863,14,7055.1058968592315,optimal,optimal,-308.10602148365507,0.0,893.2511625406847,0.571298303327644,14,10042.245949005135,optimal,optimal,1197.6464108367977,610.7844498131951,1.1368683772161603e-13,0.5349504933453456,1565.3048649634402,1565.3048649634402,10527.536081613755,891.7935028939771,4.677096127890276e-08,9.999297253525578e-08,57143.93990473748,0,38718.070825487914,0,1.0001531336456537e-07,optimal,optimal,optimal
2025-06-25,ANNUAL REFERENCE ONLY,0.9,0.5,1565.3048649634402,14,1565.3048649634402,optimal,optimal,49243.7155064451,0.0,0.0,14,10098.926867191352,optimal,optimal,2151.4752136269726,2217.555669123361,1389.3793255076348,0.5550212135591391,14,8951.3151445699,optimal,optimal,337.40843547890046,610.1185701569036,1361.59947468894,0.571904353746946,14,10027.949556016512,optimal,optimal,1257.8226923948052,661.1505080351246,71.09991554759597,0.4999812136413801,1640.1241876704244,1565.3048649634402,10770.143070895056,3746.7063415006787,9.397509005840307e-08,1.9999877831978665e-07,52990.42184814578,0,34314.364171227324,0,1.0000099996432255e-07,optimal,optimal,optimal
2025-06-26,ANNUAL REFERENCE ONLY,0.9,0.5,1640.1241876704244,14,1640.1241876704244,optimal,optimal,47457.851929463446,0.0,0.0,14,10096.770582716044,optimal,optimal,1825.1348660358556,1984.787782752075,62.94838606932524,0.6154476994763852,14,7769.601114860743,optimal,optimal,71.16332812692342,194.79159031022155,235.63473197662938,0.5203880635663166,14,9867.506315748491,optimal,optimal,1330.2973074452736,689.8394549807872,81.81755840829499,0.5057891811807994,1689.3718635973291,1640.1241876704244,10790.595582716045,3226.5955016080525,1.4068091467760033e-07,2.99999594624478e-07,50684.4474313715,0,31321.599674544326,0,1.0002258932217956e-07,optimal,optimal,optimal
2025-06-27,ANNUAL REFERENCE ONLY,0.9,0.5,1689.3718635973291,14,1689.3718635973291,optimal,optimal,22135.47471820781,0.0,0.0,14,3996.9264196604945,optimal,optimal,53.7142493913446,58.19872650443902,80.53420780797813,0.6066326695946632,14,8370.845884567278,optimal,optimal,-382.29497197561494,40.64062461178592,947.9971471931985,0.5512498505646977,14,9892.805260039904,optimal,optimal,1424.9351344725376,804.9440292757781,0.0,0.4697623913490641,1919.2988869328258,1689.3718635973291,9892.805260039904,1096.3544118882674,2.1701147642634127e-07,5.999987870817676e-07,23231.829130696075,0,20535.985056942398,0,1.0001167538575828e-07,optimal,optimal,optimal
2025-06-28,ANNUAL REFERENCE ONLY,0.9,0.5,1919.2988869328258,14,1919.2988869328258,optimal,optimal,20706.32105140407,0.0,0.0,14,3183.104475308647,optimal,optimal,30.77640446699585,28.33940960542923,0.0,0.6263606816706172,14,9416.665956186534,optimal,optimal,461.85543960330244,374.6048412215521,0.0,0.5493182795582746,14,10186.9163587643,optimal,optimal,967.1940544867641,513.7149061446169,0.0,0.4702148716167222,1735.4713401735655,1735.4713401735655,10186.9163587643,1459.8258985570624,1.6778595400780616e-07,7.00033158938095e-07,22166.146950661165,0,21516.681571328045,0,1.0000529982789886e-07,optimal,optimal,optimal
2025-06-29,ANNUAL REFERENCE ONLY,0.9,0.5,1735.4713401735655,14,1735.4713401735655,optimal,optimal,44304.70387507285,0.0,0.0,14,9456.545434135804,optimal,optimal,1010.224123384184,1036.5108583393844,980.1983581456537,0.6246779494178623,14,6671.516653497231,optimal,optimal,1296.4601424249404,1510.178709233005,0.0,0.5793197463728676,14,10718.81292451951,optimal,optimal,27.589093506542852,32.570296970988466,54.85642910133091,0.4645075981095681,1282.0522248529023,1277.819479932936,10775.236192525012,2334.273359315667,653.240218650971,2479.7181588018766,49118.6953931904,10,35536.50536710814,0,1.0001531336456537e-07,optimal,optimal,optimal
2025-06-30,ANNUAL REFERENCE ONLY,0.9,0.5,1282.0522248529023,14,1282.0522248529023,optimal,optimal,50371.236250533475,0.0,0.0,14,10039.720411111106,optimal,optimal,-683.1087569269082,271.873090334772,3031.163998568636,0.6433867460932854,14,6079.992080361416,optimal,optimal,-281.2170886969551,41.9174190189849,883.3428996180594,0.6233322134458623,14,10666.9567018719,optimal,optimal,39.28034524802858,262.35127806082306,190.3880733816145,0.456541570106709,1200.00000005197,1200.00000005197,10800.0,-925.0455003758348,235.61074193334784,733.5572688570311,50179.748019014674,4,37363.289770514195,0,1.0002986527979374e-07,optimal,optimal,optimal
2025-07-01,ANNUAL REFERENCE ONLY,0.9,0.5,1200.00000005197,14,1200.00000005197,optimal,optimal,43808.932812806335,0.0,0.0,14,7812.49116570805,optimal,optimal,1875.088079839725,1889.485577378312,35.38308724951867,0.6223888745227221,14,3147.9807011732173,optimal,optimal,1175.6643671292181,1296.8153048658073,77.88289609555989,0.6339064583071483,14,10261.3271074311,optimal,optimal,474.883597043946,336.0257250764836,0.0,0.4503187111115669,1200.000000050103,1200.0,10284.624630222186,3525.636044012889,9833.58808700117,38910.10120264965,86244.67005946887,71,38480.091428366344,0,1.0000485417549498e-07,optimal,optimal,optimal
2025-07-02,ANNUAL REFERENCE ONLY,0.9,0.5,1200.000000050103,14,1200.000000050103,optimal,optimal,49313.15218301337,0.0,0.0,14,8623.998415949387,optimal,optimal,168.3089522915972,264.507471995814,95.39447875156543,0.6318581878861456,14,3939.9799959514967,optimal,optimal,2022.786838379026,2113.071721085625,111.32003572359577,0.6565159889571802,14,9531.395915956717,optimal,optimal,2167.642323789619,1075.9608590190207,0.0,0.4807376963185259,1287.9253200368992,1200.000000015928,9539.272441134257,4358.738114460242,564.0602677186268,3190.61696942284,56862.50726689645,15,34906.508998654375,0,1.00000761449337e-07,optimal,optimal,optimal
2025-07-03,ANNUAL REFERENCE ONLY,0.9,0.5,1287.9253200368992,14,1287.9253200368992,optimal,optimal,54929.13990522474,0.0,0.0,14,8455.041909447857,optimal,optimal,2684.62901760164,2499.5625277253166,1095.2624140745454,0.6293130427185609,14,8125.836138220462,optimal,optimal,-655.4663129998889,55.73444568638331,2383.4348428105336,0.6484613479486222,14,9005.233160650958,optimal,optimal,3213.7535068365346,1604.8217541370382,0.0,0.48495836823884836,1240.5236325365522,1200.000000022513,9813.272316042585,5242.916211438285,1312.9515113642142,3448.4338746313556,63620.48999129439,18,35010.07648658144,0,1.0000803740695119e-07,optimal,optimal,optimal
2025-07-04,ANNUAL REFERENCE ONLY,0.9,0.5,1240.5236325365522,14,1240.5236325365522,optimal,optimal,23518.804479066133,0.0,0.0,14,2491.4866430413704,optimal,optimal,814.1281694008894,631.2962111283545,0.0,0.6117813098637833,14,8776.374886366,optimal,optimal,-53.943508740955465,5.124453896055684,158.1746710090113,0.6291220723833791,14,8709.113698007115,optimal,optimal,3645.772381743124,1873.762017820955,71.92872328208398,0.4768004473645112,1200.0000000519697,1200.0000000159275,8805.362932175542,4405.957042403058,803.8663179891189,4238.855488871517,32163.617010340706,13,20984.934131860457,0,1.0001895134337246e-07,optimal,optimal,optimal
2025-07-05,ANNUAL REFERENCE ONLY,0.9,0.5,1200.0000000519697,14,1200.0000000519697,optimal,optimal,24808.558065047735,0.0,0.0,14,3318.4982990050275,optimal,optimal,-310.0070438627089,0.0,699.6716751020438,0.5799769342284965,14,7363.02187011028,optimal,optimal,415.01793221707635,317.59674655360374,0.0,0.62099626206334,14,8390.708175173122,optimal,optimal,4316.401787953044,2173.307814125789,0.0,0.47722337628354167,1235.7025198733434,1200.0000000159275,8390.708175173122,4421.412676307411,1800.323332014995,8810.060975912527,38040.03171726767,15,20830.931859632103,0,1.000043994281441e-07,optimal,optimal,optimal
2025-07-06,ANNUAL REFERENCE ONLY,0.9,0.5,1235.7025198733434,14,1235.7025198733434,optimal,optimal,52527.20804716267,0.0,0.0,14,8997.914805075952,optimal,optimal,3410.947190324287,4068.441630477678,79.76386153957696,0.602757847203642,14,4416.988195161506,optimal,optimal,2505.680105744518,2282.670092120716,29.93208234377471,0.6149385538492571,14,9127.844571059204,optimal,optimal,3024.749633442395,1506.3138385787367,1.1368683772161603e-13,0.4995744855278361,1284.3578871482084,1200.0,9804.754187753071,8941.3769295112,1167.7169680720044,6601.529181958784,68070.11415863266,15,37378.91362594192,0,1.0001531336456537e-07,optimal,optimal,optimal
2025-07-07,ANNUAL REFERENCE ONLY,0.9,0.5,1284.3578871482084,14,1284.3578871482084,optimal,optimal,53949.62472161316,0.0,0.0,14,9137.183146395126,optimal,optimal,-1904.375037337188,0.0,5556.131391868592,0.5892678260807079,14,5169.267625496953,optimal,optimal,3405.4848045542444,3289.606768135234,68.80331608652716,0.5702832642182791,14,8998.306657390822,optimal,optimal,3065.092292487526,1575.1939122637964,0.0,0.4902076745875216,1356.7250478266333,1200.0000000159275,9849.380877837672,4566.202059704582,408.56822915233755,2781.211180668788,61297.037961986534,3,33553.46948818384,0,1.000049660433433e-07,optimal,optimal,optimal
2025-07-08,ANNUAL REFERENCE ONLY,0.9,0.5,1356.7250478266333,14,1356.7250478266333,optimal,optimal,62542.99499308973,0.0,0.0,14,9751.926648527497,optimal,optimal,-2220.801301993241,136.8721289622755,6708.198930641942,0.6014441198810454,14,7432.93202222841,optimal,optimal,408.6620734872551,359.4716929609767,154.18581989270638,0.5318654791787983,14,8998.30665739082,optimal,optimal,3174.4289372959124,1595.3415489137763,0.0,0.4955390161746349,1866.6039225536517,1255.236422032927,10506.739148527497,1362.2897087899266,3.9908849977510605e-07,1.4000071570729231e-06,63905.28470327966,0,32891.8688604518,0,1.0000803740695119e-07,optimal,optimal,optimal
2025-07-09,ANNUAL REFERENCE ONLY,0.9,0.5,1866.6039225536517,14,1866.6039225536517,optimal,optimal,61723.63754732782,0.0,0.0,14,9638.997428148148,optimal,optimal,-1850.830960958673,50.456550730075605,5192.6743792730595,0.604398050773774,14,8547.896222297737,optimal,optimal,-264.10880503529995,193.96193006895362,1827.5465556481925,0.520608619646706,14,8998.306657390818,optimal,optimal,3170.401584578608,1599.496190438369,0.0,0.5072446008422778,1793.8737900763388,1393.3472552104088,10361.87428,1055.4618185846352,2.6850004378976626,18.10092899998221,62797.200294912436,1,30436.05920632634,0,1.0001531336456537e-07,optimal,optimal,optimal
2025-07-10,ANNUAL REFERENCE ONLY,0.9,0.5,1793.8737900763388,14,1793.8737900763388,optimal,optimal,57482.634865438595,0.0,0.0,14,10009.159191759256,optimal,optimal,-497.3704514351273,576.376321041258,3950.0417137055288,0.5934121845975558,14,5242.554772353317,optimal,optimal,1954.184635784673,1997.6604602762136,17.76085452642576,0.5607540624811105,14,8998.306657390822,optimal,optimal,3152.591116351788,1589.7525080217056,0.0,0.5070689334858468,1741.8113949063995,1202.1377095732819,10741.649932499997,4609.4053007013335,5.221840715527801e-07,1.8000047805898247e-06,62092.04016793994,0,32948.593224142474,0,1.0002986527979374e-07,optimal,optimal,optimal
2025-07-11,ANNUAL REFERENCE ONLY,0.9,0.5,1741.8113949063995,14,1741.8113949063995,optimal,optimal,30281.138112892906,0.0,0.0,14,5791.16577931748,optimal,optimal,-273.5546243263059,1.8413593599927685,786.2664858266198,0.5926042405347488,14,6301.709387519272,optimal,optimal,-327.2597418717712,0.0,744.3983426070802,0.5693215717201286,14,8396.431887861787,optimal,optimal,4218.633486255301,2162.6781998597207,0.0,0.508539228862091,1694.1283961104482,1409.554602794403,8396.431887861787,3617.819120057224,559.9940386911273,2630.087009360061,36529.04424231019,11,20089.56236638909,0,1.0000803740695119e-07,optimal,optimal,optimal
2025-07-12,ANNUAL REFERENCE ONLY,0.9,0.5,1694.1283961104482,14,1694.1283961104482,optimal,optimal,28664.550843420504,0.0,0.0,14,5378.132945563621,optimal,optimal,717.0191596675679,567.9379744556571,14.487504076360397,0.606576767075662,14,6365.3993843766375,optimal,optimal,368.43598823307474,313.0969692639934,-2.2737367544323206e-13,0.5806300519809174,14,8502.879733650103,optimal,optimal,4084.6986988597514,2065.4245977134206,0.0,0.5085334659069823,1671.9430409433148,1200.0000000159275,8502.879733650103,5170.153846760394,569.9819309047133,2925.3290673549463,36760.03375753585,10,19599.571737030965,0,1.000043994281441e-07,optimal,optimal,optimal
2025-07-13,ANNUAL REFERENCE ONLY,0.9,0.5,1671.9430409433148,14,1671.9430409433148,optimal,optimal,61886.47045642321,0.0,0.0,14,10064.354166666664,optimal,optimal,-3000.278631076858,0.0,7981.279939533069,0.6267020258670438,14,6791.558545100156,optimal,optimal,-576.4417770313457,0.0,1374.7677553204273,0.5668323577579993,14,8998.306657390822,optimal,optimal,3133.1624938651144,1617.4823398409694,0.0,0.4905380460918264,1606.041738902974,1200.000000015928,10799.999999999998,-443.5579142430893,91.2374495721817,632.7871274058352,62075.699669585956,2,31170.07553413346,0,1.0000803740695119e-07,optimal,optimal,optimal
2025-07-14,ANNUAL REFERENCE ONLY,0.9,0.5,1606.041738902974,14,1606.041738902974,optimal,optimal,57580.47181447137,0.0,0.0,14,10029.172685185185,optimal,optimal,-1733.4581974232647,147.3705671289939,5647.61496891065,0.6450013501404055,14,7411.886947248908,optimal,optimal,629.3597625253522,590.7250914999523,99.84643713846913,0.5834369520900139,14,8926.608898149609,optimal,optimal,3306.2200878079193,1674.7341366543872,0.0,0.48453850799441545,1558.562325974864,1200.000000015928,10800.0,2202.1216529100066,230.90084497994957,1566.3491560331058,61348.94262341448,2,30315.01337705309,0,1.0000420058986493e-07,optimal,optimal,optimal
2025-07-15,ANNUAL REFERENCE ONLY,0.9,0.5,1558.562325974864,14,1558.562325974864,optimal,optimal,65591.53647634744,0.0,0.0,14,10036.193055555555,optimal,optimal,-2424.7392188283857,224.73190473905356,7735.866472475916,0.6506489292797772,14,8433.351803348925,optimal,optimal,-367.014844584003,3.883737342046358,1183.1219633882224,0.6088113474966974,14,8998.306657390818,optimal,optimal,3145.581108564903,1600.166993863044,0.0,0.5101322637149865,1504.5147768550455,1504.5147768550455,10800.0,353.8270451525141,2.141520044868304e-07,7.99978325717609e-07,65945.36352229993,0,30134.847627912444,0,1.0000343513638653e-07,optimal,optimal,optimal
2025-07-16,ANNUAL REFERENCE ONLY,0.9,0.5,1504.5147768550455,14,1504.5147768550455,optimal,optimal,63998.08319264472,0.0,0.0,14,9935.46574074074,optimal,optimal,-2357.832213915464,0.0,6188.876544584545,0.6311860433981887,14,7917.011403304701,optimal,optimal,793.0428728708714,882.2025450438861,43.06649526584057,0.5807522912369402,14,8998.306657490819,optimal,optimal,3013.12267661804,1565.8218812914818,0.0,0.5069650481154939,1582.5881070793043,1504.5147768550455,10799.999999999998,1448.3333355734474,1.3931923388299937e-07,5.999839167865502e-07,65446.416528818154,0,29022.5719660563,0,1.0000343513638653e-07,optimal,optimal,optimal
2025-07-17,ANNUAL REFERENCE ONLY,0.9,0.5,1582.5881070793043,14,1582.5881070793043,optimal,optimal,62452.045520697546,0.0,0.0,14,10019.576851851849,optimal,optimal,-368.7449415987073,488.2423442069099,2729.3316956496456,0.6472194924808269,14,8173.369418637551,optimal,optimal,298.41572514617945,287.2769605723548,297.8196745725933,0.5804425848915047,14,8998.306657390818,optimal,optimal,3158.487270255936,1594.6403165606748,0.0,0.4855623145837197,1700.87664832566,1582.5881070793043,10799.999999999996,3088.158053803408,1.3025268350586733e-07,4.999775302446323e-07,65540.20357500092,0,29846.1195678083,0,1.0001531336456537e-07,optimal,optimal,optimal
2025-07-18,ANNUAL REFERENCE ONLY,0.9,0.5,1700.87664832566,14,1700.87664832566,optimal,optimal,36636.38582801117,0.0,0.0,14,8993.966633417896,optimal,optimal,-925.9402885587197,33.92761390636588,2955.9053198768456,0.6665750117721818,14,7596.342540914463,optimal,optimal,-522.0608753269778,2.309896838082113,1344.3638536995777,0.5893982797533883,14,8998.306657390822,optimal,optimal,3181.370967345075,1638.9672849706349,0.0,0.48855617495764103,1802.5416490047091,1700.87664832566,9792.98972597156,1733.3698034593774,1.7693426931653466e-07,5.999984134566147e-07,38369.75563207054,0,18886.489387565467,0,1.000049660433433e-07,optimal,optimal,optimal
2025-07-19,ANNUAL REFERENCE ONLY,0.9,0.5,1802.5416490047091,14,1802.5416490047091,optimal,optimal,35876.8523353023,0.0,0.0,14,7137.875280848605,optimal,optimal,-1359.3597453373957,41.47357646686362,4003.652769887258,0.6808718762423347,14,6134.917198691423,optimal,optimal,52.89208368598263,86.78009744521853,174.32446897589568,0.5993598314486152,14,8916.930537120192,optimal,optimal,3308.4833145674443,1643.038921769013,0.0,0.5057960428083532,1949.3068375629377,1802.5416490047091,8916.930537120192,2002.0156529160313,1.3625920212900973e-07,4.999937747427792e-07,37878.867988718324,0,17618.10097592995,0,1.0000420058986493e-07,optimal,optimal,optimal
2025-07-20,ANNUAL REFERENCE ONLY,0.9,0.5,1949.3068375629377,14,1949.3068375629377,optimal,optimal,65078.80519493998,0.0,0.0,14,10059.50925925926,optimal,optimal,-1797.991071174722,19.260238721726296,5332.125795696702,0.6443010835617982,14,10108.397897016743,optimal,optimal,-1299.2344448295048,47.425708182398175,5023.783112323908,0.6141895715509814,14,9304.803901764473,optimal,optimal,2713.873091458618,1348.4286922492884,0.0,0.5064420781720695,2014.746197325796,1949.3068375629377,10800.0,-383.35242454560876,2.519886279462161e-07,8.000133745374115e-07,64695.45277119439,0,28472.16334559783,0,1.0001525652114651e-07,optimal,optimal,optimal
2025-07-21,ANNUAL REFERENCE ONLY,0.9,0.5,2014.746197325796,14,2014.746197325796,optimal,optimal,62103.875013548844,0.0,0.0,14,9932.35059722222,optimal,optimal,-1123.3439049623275,188.7252044844115,4236.281848237512,0.6194333230147602,14,8948.032506057474,optimal,optimal,-463.02744497950414,27.478100265333296,1829.692756001437,0.629078853246667,14,8799.355487229797,optimal,optimal,3369.3131062548778,1739.5899119980313,0.0,0.5134354369374285,2026.1976058710652,2001.504883764771,10705.090874999996,1782.941756313046,2.0766542786268057e-07,8.000126191385789e-07,63886.816770661906,0,28044.318401720266,0,1.0000413749366999e-07,optimal,optimal,optimal
2025-07-22,ANNUAL REFERENCE ONLY,0.9,0.5,2026.1976058710652,14,2026.1976058710652,optimal,optimal,58287.39129984022,0.0,0.0,14,9880.413398382465,optimal,optimal,1529.7027795401223,1418.117873469684,576.1775478176871,0.5993431724678634,14,8880.249667887982,optimal,optimal,-1541.3704841243316,0.0,4839.697714868473,0.6384158458164514,14,9733.146797306228,optimal,optimal,1780.6041104699063,986.8358762514782,0.0,0.5052835955299944,1641.3734245424769,1641.3734245424769,10679.455528012095,1768.936405885697,3.268194705670458e-07,8.000155906031978e-07,60056.32770652593,0,31627.736788132308,0,1.0000803740695119e-07,optimal,optimal,optimal
2025-07-23,ANNUAL REFERENCE ONLY,0.9,0.5,1641.3734245424769,14,1641.3734245424769,optimal,optimal,65647.44818884524,0.0,0.0,14,9667.720218706692,optimal,optimal,-3591.4134528996083,6.989054363012315,10325.537226794764,0.5532181002391109,14,7755.0391369398,optimal,optimal,-1054.3772368493817,0.0,3513.932173897496,0.6827085152670207,14,9678.644151194629,optimal,optimal,1812.710856887802,1004.4697660054483,0.0,0.5064264684426584,1633.7858592063615,1633.7858592063615,10422.652163151137,-2833.079832861188,2.3313622541556066e-07,6.000044952727875e-07,62814.36835658406,0,33665.54595646172,0,1.0000098882301245e-07,optimal,optimal,optimal
2025-07-24,ANNUAL REFERENCE ONLY,0.9,0.5,1633.7858592063615,14,1633.7858592063615,optimal,optimal,64912.15813227228,0.0,0.0,14,9965.501851851852,optimal,optimal,-3030.6787212976783,0.0,8723.2354669706,0.5681151815794115,14,8473.332313943898,optimal,optimal,-1259.9845702005994,0.0,3942.5634394566305,0.6722880502106728,14,9699.724258638176,optimal,optimal,1854.0771645977393,1023.5483138407176,0.0,0.5175804121251129,1733.6725219960128,1633.7858592063615,10800.0,-2436.586126900538,3.4804589236469493e-07,8.000203213583517e-07,62475.57200617176,0,32899.88306994573,0,1.00000761449337e-07,optimal,optimal,optimal
2025-07-25,ANNUAL REFERENCE ONLY,0.9,0.5,1733.6725219960128,14,1733.6725219960128,optimal,optimal,28389.20902064712,0.0,0.0,14,4595.70840600619,optimal,optimal,34.70894707297626,110.69913895331044,344.3913041777813,0.5879387658426031,14,7905.392661355672,optimal,optimal,-295.4993597550572,9.514838143947811,682.6572239625386,0.6771507577489974,14,9592.488133807046,optimal,optimal,1996.8381295811373,1096.3780165101984,0.0,0.520445022069929,1821.820755503419,1733.6725219960128,9592.488133807046,1736.0477168990565,1.969003064861544e-07,9.00018182669737e-07,30125.25673844619,0,20109.821807695986,0,1.0000529982789886e-07,optimal,optimal,optimal
2025-07-26,ANNUAL REFERENCE ONLY,0.9,0.5,1821.820755503419,14,1821.820755503419,optimal,optimal,29393.30370305512,0.0,0.0,14,6073.2342255834055,optimal,optimal,102.33908292805353,250.35247710057388,1174.3173221125344,0.5524001479890683,14,7909.235285002927,optimal,optimal,-168.10015219075,29.581174157906812,424.6278089055936,0.6929331862144068,14,9602.811554576012,optimal,optimal,2103.132969931003,1106.683797556198,0.0,0.4997036655370702,1885.1366269275784,1821.820755503419,9602.811554576012,2037.3719006683066,3.567536039074552e-07,9.999972650940434e-07,31430.675604723423,0,20710.460295524477,0,1.000049660433433e-07,optimal,optimal,optimal
2025-07-27,ANNUAL REFERENCE ONLY,0.9,0.5,1885.1366269275784,14,1885.1366269275784,optimal,optimal,53889.01552595759,0.0,0.0,14,9981.995018796297,optimal,optimal,805.2102319947146,687.2901415984097,0.0,0.5572692996239261,14,7150.123119213758,optimal,optimal,873.2448657947306,963.1701945829029,0.0,0.7022875778576999,14,9842.066939075983,optimal,optimal,1689.5760030851375,877.5417516611828,0.0,0.5079411092011257,2006.327016251579,1885.1366269275784,10774.5612225,3368.0311008745825,9.441463202823835e-08,2.000004473326044e-07,57257.04662703218,0,33293.72143528011,0,1.0002258932217956e-07,optimal,optimal,optimal
2025-07-28,ANNUAL REFERENCE ONLY,0.9,0.5,2006.327016251579,14,2006.327016251579,optimal,optimal,56107.205592541606,0.0,0.0,14,10048.331481481482,optimal,optimal,2119.79929134318,2196.480846493747,110.95496095157432,0.5669349841822207,14,6171.702436994459,optimal,optimal,-50.884478726665144,1.3451602637540606e-07,84.58840449418145,0.6987673547957276,14,9992.500101799822,optimal,optimal,1452.9495686348375,721.4674940051256,0.0,0.5089455842339056,1985.5722090051454,1590.7650976354996,10800.0,3521.864381251352,9.416599891414117e-08,1.999998928818968e-07,59629.06997399296,0,36724.19620619397,0,1.0001531336456537e-07,optimal,optimal,optimal
2025-07-29,ANNUAL REFERENCE ONLY,0.9,0.5,1985.5722090051454,14,1985.5722090051454,optimal,optimal,50052.65846432652,0.0,0.0,14,9790.62239941855,optimal,optimal,2760.149826940628,3248.600541663469,324.18596547633723,0.5914602178437613,14,6609.3100224944665,optimal,optimal,33.00300476352215,33.47186455338057,55.21408107884588,0.6868136429178141,14,10800.0,optimal,optimal,-35.88606734511708,0.0,55.085531020018806,0.510491972858503,1208.8493013043258,1208.8493013043258,10800.0,2757.266764359033,20.76351728120231,131.50057615052413,52941.42580483608,3,37159.347677749654,0,1.0002986527979374e-07,optimal,optimal,optimal
2025-07-30,ANNUAL REFERENCE ONLY,0.9,0.5,1208.8493013043258,14,1208.8493013043258,optimal,optimal,47061.11491884896,0.0,0.0,14,9842.349835038243,optimal,optimal,4527.681601518633,5262.279601964837,33.20188674819565,0.654204473306902,14,5949.571460735205,optimal,optimal,1014.3142406793916,1304.5510114568528,45.16919251215802,0.652497963327409,14,10767.521444444445,optimal,optimal,7.112828410870067,12.823209711966683,50.562467847246666,0.5000731589747589,1231.2965116658581,1208.8493013043258,10800.0,5549.1086706088945,9.360012563246065e-08,2e-07,52610.22358965786,0,37796.912741019405,0,1.0002258932217956e-07,optimal,optimal,optimal
2025-07-31,ANNUAL REFERENCE ONLY,0.9,0.5,1231.2965116658581,14,1231.2965116658581,optimal,optimal,51612.99962894614,0.0,0.0,14,9743.74491503086,optimal,optimal,-655.469738665518,285.7374295749967,3223.198590891871,0.6613648342625045,14,7014.720941105722,optimal,optimal,299.95013529162617,363.1549433449849,49.183074483982864,0.6200909042655893,14,10767.274101233039,optimal,optimal,39.65168409511458,30.521979890210446,35.12756008645306,0.5071376805535281,1200.0000000519694,1200.0000000000005,10800.0,-315.8679192787772,920.4201847487673,3921.716021567288,55218.84773123465,18,39944.95131254449,0,1.0001531336456537e-07,optimal,optimal,optimal
2025-08-01,ANNUAL REFERENCE ONLY,0.9,0.5,1200.0000000519694,14,1200.0000000519694,optimal,optimal,24782.96818152158,0.0,0.0,14,2246.514187515738,optimal,optimal,-318.47514157017287,196.73832221477483,1329.500949813169,0.6423474842960483,14,10311.178871497523,optimal,optimal,-332.34496626800376,0.0,747.4672894548986,0.615474445307042,14,10585.778150585074,optimal,optimal,101.05414020628373,142.60602722582684,0.0,0.5045150786150058,1233.8197195624412,1200.0000000519694,10796.960285962175,-549.765967631893,329.88921518765784,792.6367404068743,25025.83895429656,7,23734.87684714418,0,1.0000030670198612e-07,optimal,optimal,optimal
2025-08-02,ANNUAL REFERENCE ONLY,0.9,0.5,1233.8197195624412,14,1233.8197195624412,optimal,optimal,26147.351147666443,0.0,0.0,14,3319.8870579629624,optimal,optimal,-768.23215131521,0.0,1924.9684389730799,0.6637971135427935,14,10163.529619071733,optimal,optimal,-210.42868035121208,0.0,515.3178825604466,0.5888508494191401,14,10761.904345367619,optimal,optimal,-11.195508410834773,155.2146197458301,171.45860145755097,0.5079195232936229,1211.315136928666,1211.315136928666,10800.0,-989.8563400772568,9.416604968101472e-08,2e-07,25157.494807789186,0,23511.05506541695,0,1.0000098882301245e-07,optimal,optimal,optimal
2025-08-03,ANNUAL REFERENCE ONLY,0.9,0.5,1211.315136928666,14,1211.315136928666,optimal,optimal,45346.826446775776,0.0,0.0,14,9115.367020277787,optimal,optimal,352.4665098378457,582.4477578209853,1513.0138065867775,0.6943276497015121,14,7421.9645202777865,optimal,optimal,-579.5529597731008,0.0,1456.2656100545546,0.5710653724186749,14,10692.773520813727,optimal,optimal,28.799340111646565,73.34271481514763,28.427758901154675,0.49877163418668213,1218.3976932605046,1199.9999999999998,10765.797767621101,-198.28710982360857,663.7590046549223,2856.447988010068,48004.98732496224,18,35305.648315042956,0,1.00000761449337e-07,optimal,optimal,optimal
2025-08-04,ANNUAL REFERENCE ONLY,0.9,0.5,1218.3976932605046,14,1218.3976932605046,optimal,optimal,49079.84322624479,0.0,0.0,14,9883.699775907418,optimal,optimal,-749.8656906795812,0.0,2776.823303370863,0.6781838080750646,14,7604.113729883029,optimal,optimal,-1035.1582332660628,0.0,3119.5089797583846,0.5356602184347384,14,10217.821582023013,optimal,optimal,802.0436469600857,499.3703410165209,0.0,0.4980777765779526,1262.858486836597,1218.3976932605046,10799.999999999998,-982.9802769855585,49.44041652526491,218.13068207519282,48314.99363133442,2,33578.83192762338,0,1.0002258932217956e-07,optimal,optimal,optimal
2025-08-05,ANNUAL REFERENCE ONLY,0.9,0.5,1262.858486836597,14,1262.858486836597,optimal,optimal,48173.39724344732,0.0,0.0,14,9933.66062046845,optimal,optimal,-583.9111145239957,0.0,2369.6587305442868,0.6514070044717825,14,6626.184740792075,optimal,optimal,-594.6529544798041,6.662596888535177,1838.276631126627,0.5443884935415514,14,10525.053174297604,optimal,optimal,330.87254535227044,250.26133027768606,0.0,0.48534017238128213,1329.1264859172425,1262.858486836597,10772.67325627092,-847.6915236515295,1.884451889911224e-07,4.0000025097033356e-07,47325.705720195794,0,34328.75733206037,0,1.0000030670198612e-07,optimal,optimal,optimal
2025-08-06,ANNUAL REFERENCE ONLY,0.9,0.5,1329.1264859172425,14,1329.1264859172425,optimal,optimal,53825.02256295549,0.0,0.0,14,9892.424337222224,optimal,optimal,-2277.782650526643,0.0,6839.987384172487,0.6525128315425098,14,7745.021040439844,optimal,optimal,-459.66521263943366,143.53033463519333,1657.2587491721133,0.5641193725018402,14,10417.74559025589,optimal,optimal,117.31787453826763,227.34413599962653,50.000739477046665,0.4982502357568159,1303.3647678780774,1303.3647678780774,10800.0,-2620.1299886278093,2.365373416263126e-07,4.999998952442184e-07,51204.89257482768,0,35253.74488742455,0,1.0000030670198612e-07,optimal,optimal,optimal
2025-08-07,ANNUAL REFERENCE ONLY,0.9,0.5,1303.3647678780774,14,1303.3647678780774,optimal,optimal,52982.54073246695,0.0,0.0,14,9906.359890123456,optimal,optimal,-2115.720862709307,431.17745767505176,9909.29554103039,0.6429302233506177,14,7589.127117098818,optimal,optimal,-607.1406059017834,320.83639454869547,3221.137031986351,0.5904319249953356,14,10438.413034856987,optimal,optimal,132.91768324786895,87.49669668259926,0.0,0.49365180016289073,1352.3365955269373,1303.3647678780774,10710.78191144272,-2589.9437853632217,8.555416902629434,57.804673208336006,50450.40162031207,1,34782.589649586786,0,1.0002258932217956e-07,optimal,optimal,optimal
2025-08-08,ANNUAL REFERENCE ONLY,0.9,0.5,1352.3365955269373,14,1352.3365955269373,optimal,optimal,24060.06632817649,0.0,0.0,14,3780.609083121537,optimal,optimal,-95.80422814044212,13.980826043954664,262.7984512605508,0.6613503777986639,14,10285.351126959096,optimal,optimal,-1.6854213580707835,50.239101565036094,151.29505623714596,0.6143149845224394,14,10471.702038386966,optimal,optimal,236.79402996789136,160.20253591057426,0.0,0.48978286400541393,1363.8576163996074,1352.3365955269373,10701.080009276577,139.30438046937846,2.773097562514385e-07,1.0000060336712524e-06,24199.370709645875,0,24512.683816337732,0,1.000043994281441e-07,optimal,optimal,optimal
2025-08-09,ANNUAL REFERENCE ONLY,0.9,0.5,1363.8576163996074,14,1363.8576163996074,optimal,optimal,24203.476867744495,0.0,0.0,14,3301.8366821297764,optimal,optimal,-241.60040292247217,0.0,549.6712148007109,0.6663683445946732,14,10772.192790326064,optimal,optimal,151.76454644926997,174.8860079121938,152.09613546610478,0.6094412019941925,14,10606.08778652646,optimal,optimal,2.842800735498861,2.0224101234990437,0.0,0.48784474955739615,1444.7576704885066,1363.8576163996074,10800.0,-86.99305573770334,3.0972935706606265e-07,1.0000056214110373e-06,24116.483813006795,0,24500.554950908532,0,1.0000793690778663e-07,optimal,optimal,optimal
2025-08-10,ANNUAL REFERENCE ONLY,0.9,0.5,1444.7576704885066,14,1444.7576704885066,optimal,optimal,50288.75088933395,0.0,0.0,14,9529.18927450617,optimal,optimal,-1833.7416111274658,11.002994117815913,6334.387411718899,0.6211170180936489,14,7998.3063691358,optimal,optimal,-350.5660921211462,131.53870937708768,1130.339885064497,0.5994622316985663,14,10533.015592602209,optimal,optimal,92.24597803208884,228.33276624898025,85.95319310989777,0.48912844105552206,1355.5109892633184,1355.5109892633184,10799.999999999996,-2092.0617252165234,1.8797314677148302e-07,4e-07,48196.689164517426,0,33767.88733835705,0,1.00000761449337e-07,optimal,optimal,optimal
2025-08-11,ANNUAL REFERENCE ONLY,0.9,0.5,1355.5109892633184,14,1355.5109892633184,optimal,optimal,48141.432452068235,0.0,0.0,14,10057.579629629627,optimal,optimal,-539.4230669758699,346.7180668196171,4274.491573730666,0.6385870856108259,14,7565.504982037034,optimal,optimal,-351.31654944550326,234.31142642652162,2320.385601607003,0.6294949192170012,14,10522.782210990019,optimal,optimal,234.96676322300766,149.2229914719456,0.0,0.48150932555188575,1361.06551139394,1355.5109892633184,10799.999999999996,-655.7728531983655,136.33751464527197,631.3434342860601,48117.003033155925,5,35185.92023667855,0,1.0001531336456537e-07,optimal,optimal,optimal
2025-08-12,ANNUAL REFERENCE ONLY,0.9,0.5,1361.06551139394,14,1361.06551139394,optimal,optimal,51985.440426356756,0.0,0.0,14,9669.841582535773,optimal,optimal,-1030.1947413009118,563.8472232379803,6187.35130107308,0.6579314646080543,14,7530.978089022061,optimal,optimal,-568.0968824454693,131.24834524424287,2263.1769584423428,0.6305485638247644,14,10402.226880257722,optimal,optimal,155.26697496774355,224.11950857982626,0.0,0.4938825578324993,1381.874482415416,1361.06551139394,10558.297411023761,-1443.0246487786374,1.4111735844761362e-07,3.000000164594894e-07,50542.41577787812,0,33239.97310232821,0,1.0000098882301245e-07,optimal,optimal,optimal
2025-08-13,ANNUAL REFERENCE ONLY,0.9,0.5,1381.874482415416,14,1381.874482415416,optimal,optimal,46940.95405570281,0.0,0.0,14,9793.394099124118,optimal,optimal,-790.0623931372111,1.2766334466185754,3171.0793576184296,0.6636250719910565,14,6571.133199309302,optimal,optimal,175.73936175033955,259.11747202190963,282.95496717918047,0.6375764052198012,14,10234.730063586438,optimal,optimal,792.3736249282875,421.9988628774818,0.0,0.48636710448639064,1325.4387137407316,1325.4387137407316,10641.335346037698,178.050593541416,72.06168896988846,411.664138289984,47530.66878753421,3,33382.2758786581,0,1.0000803740695119e-07,optimal,optimal,optimal
2025-08-14,ANNUAL REFERENCE ONLY,0.9,0.5,1325.4387137407316,14,1325.4387137407316,optimal,optimal,47230.07752061522,0.0,0.0,14,9135.610966882708,optimal,optimal,958.8355782131684,1203.7596452871358,66.92512883558871,0.6482080247719977,14,5965.884835364202,optimal,optimal,-792.1214197640518,0.0,2141.0321175028753,0.6253723534546054,14,10520.797024216288,optimal,optimal,220.32409894270964,194.8703865479719,0.0,0.49129040229744053,1317.1901486074355,1317.1901486074355,10756.57170550207,387.0382573918263,35.28488352130488,242.11117342082298,47859.22695142787,3,37852.07074248919,0,1.0000098882301245e-07,optimal,optimal,optimal
2025-08-15,ANNUAL REFERENCE ONLY,0.9,0.5,1317.1901486074355,14,1317.1901486074355,optimal,optimal,24706.00211679867,0.0,0.0,14,3066.5270458269033,optimal,optimal,-341.4303752854148,0.0,744.6831708387591,0.5942642764271766,14,10722.31834858839,optimal,optimal,-187.35596386062105,9.194654794805274,417.38095216899836,0.6003820666342511,14,10651.38483170444,optimal,optimal,150.80616119077345,115.17674177077537,0.0,0.49087435448079364,1254.1071720742327,1254.1071720742327,10764.673862997142,-377.98017795526243,2.3265033120632536e-07,7.000056524593674e-07,24328.021939543414,0,25390.87745001431,0,1.0000858901548782e-07,optimal,optimal,optimal
2025-08-16,ANNUAL REFERENCE ONLY,0.9,0.5,1254.1071720742327,14,1254.1071720742327,optimal,optimal,25682.489187114013,0.0,0.0,14,2183.8584907407408,optimal,optimal,-649.6339466678774,284.79851474476226,2323.4708630250125,0.6479028246009881,14,10767.619701329135,optimal,optimal,-209.62720872939903,14.604036111110304,493.84318271529116,0.650273640697687,14,10716.308098764202,optimal,optimal,57.65043149004046,47.05572251274388,0.0,0.48962799250387584,1415.3403788613,1200.0,10800.0,-801.610723907236,327.13884748428325,910.2754362385738,25791.15389944535,6,23784.974357997788,0,1.0000803740695119e-07,optimal,optimal,optimal
2025-08-17,ANNUAL REFERENCE ONLY,0.9,0.5,1415.3403788613,14,1415.3403788613,optimal,optimal,47638.49233625514,0.0,0.0,14,9923.078341119828,optimal,optimal,-811.6853071049856,47.513567806878086,3272.936838081153,0.6915579962073286,14,8256.905726139474,optimal,optimal,-74.80963504315945,415.9829479927638,2580.2219892278504,0.687609971666008,14,10489.960267725995,optimal,optimal,426.57458741481895,226.5976251665123,0.0,0.4890451458000555,1252.0808807756462,1252.0808807756462,10699.975100379088,-459.92035473332606,57.32341150814678,189.1672578122335,47367.73923933405,1,35006.51267722272,0,1.0000803740695119e-07,optimal,optimal,optimal
2025-08-18,ANNUAL REFERENCE ONLY,0.9,0.5,1252.0808807756462,14,1252.0808807756462,optimal,optimal,46851.24968603776,0.0,0.0,14,9363.81378518577,optimal,optimal,-189.56705715425122,1.3085666393765223,398.8306379829554,0.6781507460751997,14,7654.474036266017,optimal,optimal,-855.9843861481503,0.0,2667.8652383490958,0.7021593032559368,14,10705.957785041432,optimal,optimal,35.770340211874235,107.63924965218095,81.380759827872,0.4956374248803409,1218.6874266871332,1218.6874266871332,10800.0,-1009.7811030905274,49.657583426934245,337.0190717833387,46178.48765473057,4,36802.7566227778,0,1.0002258932217956e-07,optimal,optimal,optimal
2025-08-19,ANNUAL REFERENCE ONLY,0.9,0.5,1218.6874266871332,14,1218.6874266871332,optimal,optimal,45520.79254846623,0.0,0.0,14,8792.210994660494,optimal,optimal,-673.6069034351538,3.5977837921413993,1722.0332540848644,0.6762293729044987,14,7246.420394290126,optimal,optimal,-44.65655447019602,144.14161102943268,928.0423043549481,0.7092207232563178,14,10718.688898058996,optimal,optimal,41.6867304791114,91.99564243502752,60.985107508831675,0.48853685624552856,1216.5677336634124,1200.0,10799.999999947588,-676.5767274262384,358.64241930977926,1137.8238756595097,45982.039696699496,6,36242.20739735736,0,1.0000007932831068e-07,optimal,optimal,optimal
2025-08-20,ANNUAL REFERENCE ONLY,0.9,0.5,1216.5677336634124,14,1216.5677336634124,optimal,optimal,50327.13614503746,0.0,0.0,14,9903.163108703702,optimal,optimal,-453.4800372476827,805.6787712552325,4708.609102294546,0.6574229186077033,14,6912.6580500890095,optimal,optimal,-616.2094608295893,0.0,2012.944745011271,0.7019358162136711,14,10399.035943495728,optimal,optimal,614.5660381217157,371.0726141845652,39.12007763452152,0.4949869553886707,1205.724559147395,1205.724559147395,10765.758871601558,-455.1234599555563,865.5968597161375,2497.622454648657,52369.63513973056,16,39038.358907043155,0,1.0000053407566156e-07,optimal,optimal,optimal
2025-08-21,ANNUAL REFERENCE ONLY,0.9,0.5,1205.724559147395,14,1205.724559147395,optimal,optimal,48130.37453791157,0.0,0.0,14,9560.866470185185,optimal,optimal,-997.4686219633013,102.01985698730527,4021.342446582463,0.6557292115046435,14,8061.449215842853,optimal,optimal,-489.87369960580025,0.0,1696.9549127502137,0.701031780265046,14,10764.223825614476,optimal,optimal,35.33779443833479,28.382592545858756,12.151238080435036,0.4890039359765646,1200.0000000519697,1200.0000000519697,10799.157651415331,-1452.0045271307667,18.236304125411127,38.90886492229317,46717.278875703094,3,35328.593718630684,0,1.00000761449337e-07,optimal,optimal,optimal
2025-08-22,ANNUAL REFERENCE ONLY,0.9,0.5,1200.0000000519697,14,1200.0000000519697,optimal,optimal,24248.893906189456,0.0,0.0,14,2571.4857565740735,optimal,optimal,-195.04482365015141,201.34623650012344,1071.4080819279238,0.6583197393672393,14,10485.020445241267,optimal,optimal,-108.38593488261984,0.0,236.35057156792104,0.6948573172098758,14,10697.488793497714,optimal,optimal,128.42300765262297,100.99261423444386,22.48204906287117,0.4915124480488121,1217.8629612466298,1200.0,10800.0,-175.0077508801483,447.99366445761234,1643.9360854207675,25717.822240730075,9,25905.715753157252,0,1.0000030670198612e-07,optimal,optimal,optimal
2025-08-23,ANNUAL REFERENCE ONLY,0.9,0.5,1217.8629612466298,14,1217.8629612466298,optimal,optimal,23325.78714665711,0.0,0.0,14,3574.7137800925934,optimal,optimal,522.2635728317173,381.641016453536,5.884555246914297,0.6058134901014761,14,10800.0,optimal,optimal,516.5337792470701,377.1464683414603,2.2737367544323206e-13,0.6601162024122131,14,10636.282780718397,optimal,optimal,-6.935733297721253,0.0,10.781236472021645,0.5029916316476155,1212.1064815854813,1212.1064815854813,10800.0,1031.861618781066,3.140376209506175,6.706273394078854,24364.355038832255,1,25130.235155115937,0,1.000043994281441e-07,optimal,optimal,optimal
2025-08-24,ANNUAL REFERENCE ONLY,0.9,0.5,1212.1064815854813,14,1212.1064815854813,optimal,optimal,46606.880048617604,0.0,0.0,14,8518.790363086418,optimal,optimal,-726.9581731287842,111.72015273728877,1987.0362472155819,0.5308569644877952,14,6756.781176404672,optimal,optimal,902.3647320565065,896.2731384225707,673.048579382315,0.6662297406499984,14,10310.840568583022,optimal,optimal,577.44880132038,297.1775703547236,-1.1368683772161603e-13,0.5073888090741119,1214.0905174005088,1212.1064815854813,10409.7176938409,752.8553602481022,18.484185940175088,57.189605929954354,47416.92501479566,3,36850.34620574351,0,1.00000761449337e-07,optimal,optimal,optimal
2025-08-25,ANNUAL REFERENCE ONLY,0.9,0.5,1214.0905174005088,14,1214.0905174005088,optimal,optimal,59837.67995700917,0.0,0.0,14,9505.626055246914,optimal,optimal,-2174.0491932062228,136.06465093702639,5950.321164034658,0.499913215657138,14,7953.91768855117,optimal,optimal,-1697.6382321778515,5.811199457489238,4934.544681824318,0.6300758947746071,14,10477.31667045839,optimal,optimal,360.79470311041877,266.57172844182395,0.0,0.5027275256935653,1231.5410169252054,1214.0905174005088,10534.547014266078,-3510.8927222736556,50.07922652792489,106.06215190670935,56432.84938664222,2,35571.96866999863,0,1.0000053407566156e-07,optimal,optimal,optimal
2025-08-26,ANNUAL REFERENCE ONLY,0.9,0.5,1231.5410169252054,14,1231.5410169252054,optimal,optimal,46929.94475587366,0.0,0.0,14,9342.140458024684,optimal,optimal,1575.2109580510146,2366.345029893916,0.0,0.5979866448858352,14,6970.027170997402,optimal,optimal,-653.3517977405871,3.7910033421020444,2109.5505252158164,0.6922316638062922,14,10605.883440865382,optimal,optimal,184.52665329390507,162.17223827230168,20.791706321242554,0.5063891595728066,1251.8512215554208,1231.5410169252054,10755.67743503086,1106.3858136043325,9.360012563246065e-08,2e-07,48036.33056967799,0,36921.940284168064,0,1.0000803740695119e-07,optimal,optimal,optimal
2025-08-27,ANNUAL REFERENCE ONLY,0.9,0.5,1251.8512215554208,14,1251.8512215554208,optimal,optimal,47334.15481806887,0.0,0.0,14,9861.471902759797,optimal,optimal,4200.273061758002,5164.514152909895,0.0,0.6062777887328278,14,7561.3622839389145,optimal,optimal,-286.9652938166917,163.97739250575626,1978.6734531548173,0.6933488819564549,14,10553.326742896705,optimal,optimal,285.3715225707666,171.12570507820078,0.0,0.4985681945747256,1267.0901834329504,1251.8512215554208,10698.052458315353,4198.6792905120765,9.360012563246065e-08,2e-07,51532.834108780946,0,35702.872346542616,0,1.0000803740695119e-07,optimal,optimal,optimal
2025-08-28,ANNUAL REFERENCE ONLY,0.9,0.5,1267.0901834329504,14,1267.0901834329504,optimal,optimal,45462.03341625277,0.0,0.0,14,9751.84215796409,optimal,optimal,4941.183774877791,5624.534928858906,0.0,0.5940174345430578,14,5697.180921861998,optimal,optimal,534.9576485368734,436.4407563511335,163.28990907032502,0.7006368353842833,14,10570.611391617802,optimal,optimal,261.7833190445301,152.37971989120686,0.0,0.5019018731063353,1245.8884275980843,1245.8884275980843,10619.37641722335,5737.924742459194,25.55463028759237,99.80190240760601,51299.760061119574,2,37598.83704026098,0,1.0000803740695119e-07,optimal,optimal,optimal
2025-08-29,ANNUAL REFERENCE ONLY,0.9,0.5,1245.8884275980843,14,1245.8884275980843,optimal,optimal,26278.380347194754,0.0,0.0,14,4760.066535246911,optimal,optimal,-733.3849387843011,0.0,1740.9554205217269,0.6068280399524457,14,10730.733045187528,optimal,optimal,472.5975754269705,383.33335460263095,11.677084573241187,0.699339001927485,14,10643.571880046384,optimal,optimal,4.841000600484371,3.4439586671534337,0.0,0.5021990957497002,1282.248278444365,1245.8884275980843,10752.667545361415,-255.94636275684624,2.653045961234261e-07,6.999989950467353e-07,26022.433985137905,0,26482.12945768904,0,1.000011716314475e-07,optimal,optimal,optimal
2025-08-30,ANNUAL REFERENCE ONLY,0.9,0.5,1282.248278444365,14,1282.248278444365,optimal,optimal,25699.63916079515,0.0,0.0,14,3554.9406819950677,optimal,optimal,-391.35574137538856,127.65767615752628,1441.2592677621424,0.630167851511901,14,10763.128395711736,optimal,optimal,-64.43168043454891,24.420765188067758,251.52457245242874,0.7088846325347387,14,10638.731398148147,optimal,optimal,4.512195727899915,3.2100420644555565,0.0,0.49209123444232894,1200.0000000519697,1200.0000000519697,10800.0,-451.2752260820376,79.91422612383323,169.61724330784025,25417.98117802095,4,25232.207576786797,0,1.0000095358009275e-07,optimal,optimal,optimal
2025-08-31,ANNUAL REFERENCE ONLY,0.9,0.5,1200.0000000519697,14,1200.0000000519697,optimal,optimal,47876.28578535536,0.0,0.0,14,9133.32824074074,optimal,optimal,-158.20861981839056,62.67276802754566,564.7840220254991,0.663126539336752,14,5428.853922222222,optimal,optimal,-441.52580453837516,54.07718193800474,1453.0160313799674,0.7116215683822784,14,10348.74522851636,optimal,optimal,568.7944564335114,311.29056614354226,1.1368683772161603e-13,0.4881845379014907,1226.888314025259,1200.0000000519697,10800.0,-30.939967923254244,344.4658412996019,1389.1483323772402,49234.49414980935,9,37857.31071998607,0,1.0000343309002346e-07,optimal,optimal,optimal
2025-09-01,ANNUAL REFERENCE ONLY,0.9,0.5,1226.888314025259,14,1226.888314025259,optimal,optimal,53456.26754546753,0.0,0.0,14,10023.510370370366,optimal,optimal,-3004.400734909585,0.0,8767.39916749798,0.6857825686932912,14,7748.979567798049,optimal,optimal,217.39929638514798,672.4307178952928,2795.0783660213483,0.7027734359632896,14,10626.632791128806,optimal,optimal,64.9184864464543,45.266788187771624,7.64983733766864e-07,0.4926448635117142,1263.6529423584038,1226.888314025259,10800.0,-2722.082952077983,4.677268475210477e-08,1e-07,50734.184593489554,0,32379.46867118677,0,1.0002986527979374e-07,optimal,optimal,optimal
2025-09-02,ANNUAL REFERENCE ONLY,0.9,0.5,1263.6529423584038,14,1263.6529423584038,optimal,optimal,47373.88139559941,0.0,0.0,14,9958.661574074074,optimal,optimal,1222.9705801163575,1294.438153566015,33.593215980528385,0.6467821852969481,14,7661.328699967737,optimal,optimal,-678.2010172045566,50.11867827139713,2986.091642373903,0.6591325437812325,14,10637.907088138414,optimal,optimal,75.95041285108815,52.25085747888283,0.0,0.4946689038145473,1421.3506784116282,1263.6529423584038,10800.0,620.719975762889,9.360012563246065e-08,2e-07,47994.601371562305,0,32958.97132174099,0,1.0000803740695119e-07,optimal,optimal,optimal
2025-09-03,ANNUAL REFERENCE ONLY,0.9,0.5,1421.3506784116282,14,1421.3506784116282,optimal,optimal,50211.95509288677,0.0,0.0,14,9973.114351851851,optimal,optimal,-1106.8561034404781,121.70779625374257,4277.975432196383,0.6330887283931688,14,7830.432015784194,optimal,optimal,-373.0512128038615,164.74913900761783,2502.3754082630458,0.6585883797181437,14,10671.36335146249,optimal,optimal,20.046632829179693,14.724348942139008,0.0,0.5006507811115972,1553.4496196271934,1421.3506784116282,10800.0,-1459.8606834151599,9.360012563246065e-08,2e-07,48752.09440967161,0,32201.45890403711,0,1.0001531336456537e-07,optimal,optimal,optimal
2025-09-04,ANNUAL REFERENCE ONLY,0.9,0.5,1553.4496196271934,14,1553.4496196271934,optimal,optimal,49924.711086628755,0.0,0.0,14,9967.729413333333,optimal,optimal,-971.5656639598612,112.90785692797749,3695.294621181666,0.6470932374180206,14,8639.691097460527,optimal,optimal,-659.1882386312218,11.697648808053486,2350.8738585733245,0.6595582772279038,14,10696.603146671312,optimal,optimal,15.874500808450795,11.29335295088769,7.614497591902676e-07,0.49963566447790875,1693.8630206235734,1553.4496196271934,10800.0,-1614.8794017826322,4.677268475210477e-08,1e-07,48309.831684946126,0,34196.65661557624,0,1.00000761449337e-07,optimal,optimal,optimal
2025-09-05,ANNUAL REFERENCE ONLY,0.9,0.5,1693.8630206235734,14,1693.8630206235734,optimal,optimal,24997.398676500758,0.0,0.0,14,6285.144829938268,optimal,optimal,-461.00538193364343,0.0,1039.2174262261765,0.643060192890471,14,10753.312135659558,optimal,optimal,-54.30209181257017,0.0,117.57327603183442,0.6614877220633096,14,10800.0,optimal,optimal,-2.252073203274301,0.0,3.5858184910033435,0.49731762989364126,2008.5284793561582,1693.8630206235734,10800.0,-517.559546949488,1.8220264473182846e-07,8.000189648602827e-07,24479.83913035129,0,23196.261296316567,0,1.0000793690778663e-07,optimal,optimal,optimal
2025-09-06,ANNUAL REFERENCE ONLY,0.9,0.5,2008.5284793561582,14,2008.5284793561582,optimal,optimal,24457.905534330668,0.0,0.0,14,5970.086744799627,optimal,optimal,-327.4909101748606,0.0,726.6372478395758,0.629681704470789,14,10798.729765284108,optimal,optimal,-248.3569082780058,16.105546264583385,585.0619172650545,0.6401143806251246,14,10800.0,optimal,optimal,-2.3832466973988966,9.319020709409878,13.111471699446478,0.5015551084953167,2010.357875478499,2008.5284793561582,10800.0,-578.2310651502653,1.9707879482137736e-07,9.00023772651548e-07,23879.674470080427,0,23715.991101556487,0,1.0000803740695119e-07,optimal,optimal,optimal
2025-09-07,ANNUAL REFERENCE ONLY,0.9,0.5,2010.357875478499,14,2010.357875478499,optimal,optimal,46821.967287644395,0.0,0.0,14,9984.83587037037,optimal,optimal,508.0289362070753,805.8341616383885,482.23520427688845,0.6191595196935172,14,8067.1279837976645,optimal,optimal,-708.5242184212993,10.474732872794057,2447.9444386802484,0.5952285741769116,14,10800.0,optimal,optimal,-24.437849878046883,156.22385739605636,191.24742488031586,0.5047063537616997,2016.3825261163202,2010.357875478499,10800.0,-224.93313209227094,9.360012563246065e-08,2e-07,46597.034155752124,0,33852.5049440842,0,1.0001531336456537e-07,optimal,optimal,optimal
2025-09-08,ANNUAL REFERENCE ONLY,0.9,0.5,2016.3825261163202,14,2016.3825261163202,optimal,optimal,47311.686266181525,0.0,0.0,14,9888.266311666668,optimal,optimal,-1695.3562681452108,0.0,4836.843846567062,0.5890050815376172,14,8655.089780221935,optimal,optimal,396.3176499133399,839.4608825491811,2383.2335774729445,0.6161005294772953,14,10789.198746075383,optimal,optimal,-17.451222083110068,153.8981762357536,177.82391991463004,0.5044000864482837,2135.5518898068303,2016.3825261163202,10800.0,-1316.489840314981,9.360012563246065e-08,2e-07,45995.19642606655,0,33942.32733754533,0,1.0002986527979374e-07,optimal,optimal,optimal
2025-09-09,ANNUAL REFERENCE ONLY,0.9,0.5,2135.5518898068303,14,2135.5518898068303,optimal,optimal,41004.82402011496,0.0,0.0,14,9981.140277777778,optimal,optimal,270.1314469373096,329.7290627360702,474.5619554028931,0.5832907549539084,14,8779.686509259262,optimal,optimal,125.68705899682313,108.78915367434338,0.0,0.605951522756062,14,10800.0,optimal,optimal,-23.055610297055722,148.06732400633484,181.56506510665469,0.5041177237320598,2229.5323781298785,2135.5518898068303,10800.0,372.762895637077,9.360012563246065e-08,2e-07,41377.58691595204,0,33605.66603317845,0,1.0000030670198612e-07,optimal,optimal,optimal
2025-09-10,ANNUAL REFERENCE ONLY,0.9,0.5,2229.5323781298785,14,2229.5323781298785,optimal,optimal,48321.84054237213,0.0,0.0,14,9910.323185185185,optimal,optimal,-2384.5059641712596,0.0,6824.955601509939,0.5988800152636744,14,7747.849924382542,optimal,optimal,1062.1338862141852,1141.6613226282257,1100.4429757856421,0.5945906680289522,14,10800.0,optimal,optimal,-25.443162456170143,151.59166339197722,188.1003015583462,0.49891275148838615,2275.536831846124,2229.5323781298785,10800.0,-1347.8152404132445,9.360012563246065e-08,2e-07,46974.02530215889,0,35905.85799448426,0,1.00000761449337e-07,optimal,optimal,optimal
2025-09-11,ANNUAL REFERENCE ONLY,0.9,0.5,2275.536831846124,14,2275.536831846124,optimal,optimal,48343.94379436414,0.0,0.0,14,9977.201879814815,optimal,optimal,-3076.500141362756,0.0,9807.996157285215,0.5880415537816107,14,6890.503450113788,optimal,optimal,-500.2545020555124,60.40632218325363,2262.639729365532,0.6259278212838969,14,10800.0,optimal,optimal,-57.351571603347864,100.51579120872306,188.15220763395894,0.49993537315028147,2354.675823586635,2139.2003057407405,10800.0,-3634.1062150216167,9.360012563246065e-08,2e-07,44709.83757954252,0,34942.493894524305,0,1.0000030670198612e-07,optimal,optimal,optimal
2025-09-12,ANNUAL REFERENCE ONLY,0.9,0.5,2354.675823586635,14,2354.675823586635,optimal,optimal,19911.908774666532,0.0,0.0,14,4776.944911944446,optimal,optimal,-94.21227530910332,4.0042527777779355,220.7865277808399,0.6520319708155243,14,10800.0,optimal,optimal,622.1713705644171,486.0701309949674,23.5853166666667,0.6564116385705948,14,10800.0,optimal,optimal,-6.044737513581674,0.0,12.247464276546971,0.5015770938912641,2553.630795457636,2354.675823586635,10800.0,521.914357741732,15.595933447926033,96.0163640838635,20529.839496492124,1,24859.802772236115,0,1.00000761449337e-07,optimal,optimal,optimal
2025-09-13,ANNUAL REFERENCE ONLY,0.9,0.5,2553.630795457636,14,2553.630795457636,optimal,optimal,19972.486030518052,0.0,0.0,14,5091.101735185183,optimal,optimal,131.63148877167907,109.5167669554888,3.7950683456015833e-06,0.6284207535701016,14,10727.242583914329,optimal,optimal,232.34283684748073,189.05268903032405,23.585313807095048,0.6742835971285835,14,10800.0,optimal,optimal,1.0000181898940358e-07,7.962197175882059e-08,7.962100195258158e-08,0.4962766172060653,2611.80507386088,2527.171261334028,10800.0,363.97432571916164,32.45626563029997,147.92970935588696,20484.3900655931,2,24102.979617820514,0,1.0000098882301245e-07,optimal,optimal,optimal
2025-09-14,ANNUAL REFERENCE ONLY,0.9,0.5,2611.80507386088,14,2611.80507386088,optimal,optimal,48556.15206908152,0.0,0.0,14,9986.40375925926,optimal,optimal,-1620.5639436312417,319.1581695817255,5493.051303202974,0.5997059312486834,14,8187.598462759649,optimal,optimal,-401.9627190634427,2.6013453378186595,1813.139162411955,0.6705761840013984,14,10800.0,optimal,optimal,9.999636202119292e-08,1.5590327723915328e-07,0.0,0.4999769143926499,2312.436521338512,2116.8701714814797,10800.0,-2022.526662594688,1.4542688540512691e-07,2.9999970956187093e-07,46533.625406786836,0,32579.97321569433,0,1.0000167094403878e-07,optimal,optimal,optimal
2025-09-15,ANNUAL REFERENCE ONLY,0.9,0.5,2312.436521338512,14,2312.436521338512,optimal,optimal,34771.500650619346,0.0,0.0,14,8861.136929808996,optimal,optimal,394.4069318642759,580.445224852848,709.4111170666403,0.6397064326178523,14,7090.78443,optimal,optimal,-31.539701444774252,208.9859080824874,452.6646157655929,0.6536509014215771,14,10799.999999957698,optimal,optimal,-152.17674413030622,0.0,236.74368689728016,0.5046865898593866,1271.7410648613516,1200.0,10800.0,210.69048628919543,3546.4528793918507,16075.89655227699,51058.08768918553,48,36934.078378338556,0,1.0000803740695119e-07,optimal,optimal,optimal
2025-09-16,ANNUAL REFERENCE ONLY,0.9,0.5,1271.7410648613516,14,1271.7410648613516,optimal,optimal,45536.962483690375,0.0,0.0,14,9268.524421355143,optimal,optimal,-956.1538747757377,233.39547546208263,3813.763933726512,0.6305962899285288,14,7952.406674326028,optimal,optimal,-821.7791037950674,31.413391102518673,3203.6445523999887,0.6633295134036267,14,10692.64190804721,optimal,optimal,195.39742517242405,97.25219027592568,0.0,0.5020586530000306,1200.0000000519697,1200.0,10800.0,-1582.5355533983811,743.997707094506,2493.90672359629,46448.33365388828,23,36487.30723561653,0,1.00000761449337e-07,optimal,optimal,optimal
2025-09-17,ANNUAL REFERENCE ONLY,0.9,0.5,1200.0000000519697,14,1200.0000000519697,optimal,optimal,43961.64246972828,0.0,0.0,14,9655.803699814807,optimal,optimal,-554.0563719439168,260.03181851945135,2857.494631769403,0.6569124032531548,14,6659.793598023241,optimal,optimal,-741.2458784832133,0.0,2261.7841108186003,0.7042296545107055,14,10800.0,optimal,optimal,9.999272404238584e-08,7.320469962219875e-08,7.320661780643379e-08,0.5065692278951262,1466.0638182230305,1200.0000000519697,10800.0,-1295.3022503271375,2.3570685927675616e-07,4.999998416977177e-07,42666.34021990114,0,37104.8130628051,0,1.0000030670198612e-07,optimal,optimal,optimal
2025-09-18,ANNUAL REFERENCE ONLY,0.9,0.5,1466.0638182230305,14,1466.0638182230305,optimal,optimal,38673.543922970974,0.0,0.0,14,9665.468057558066,optimal,optimal,3983.343374379677,4966.846646958818,0.0,0.6625954661139571,14,7655.077508352744,optimal,optimal,-480.6234954672407,0.0,1819.9048382896165,0.7085562913375641,14,10800.0,optimal,optimal,1.0000727595761417e-07,7.321442659384766e-08,7.32143800885329e-08,0.504025400438964,1431.566647651784,1200.0,10800.0,3502.719879012443,213.62722972157977,925.3456202271857,43101.609422210604,5,37605.4063232733,0,1.00000761449337e-07,optimal,optimal,optimal
2025-09-19,ANNUAL REFERENCE ONLY,0.9,0.5,1431.566647651784,14,1431.566647651784,optimal,optimal,18074.16951322763,0.0,0.0,14,3304.1970370370364,optimal,optimal,391.3411168010799,350.8331495613467,0.0,0.6040508381564603,14,10799.999999999998,optimal,optimal,-73.9070928588961,0.0,142.36648623021532,0.6796524299449376,14,10797.007318264736,optimal,optimal,-10.181679237449167,0.0,30.66967800251355,0.507404420116446,1846.1802336218977,1200.0,10800.0,307.25234470473464,115.74395411595995,328.12626725218627,18709.548125184552,9,26716.86735812251,0,1.00000761449337e-07,optimal,optimal,optimal
2025-09-20,ANNUAL REFERENCE ONLY,0.9,0.5,1846.1802336218977,14,1846.1802336218977,optimal,optimal,18163.64920431254,0.0,0.0,14,3926.578906759061,optimal,optimal,14.431178765936387,71.88973353137605,137.44518292699053,0.618494856602712,14,10730.328557591745,optimal,optimal,-124.86986233663696,3.3222575666513874e-06,266.64964586651354,0.6813228947568293,14,10715.144451538881,optimal,optimal,53.24426072248121,47.95867440237244,0.0,0.5136720437185134,1760.2973115548311,1200.0,10800.0,-57.194422848219354,57.82205390094239,217.76210824481407,18324.216889709132,3,27897.340581196186,0,1.00000761449337e-07,optimal,optimal,optimal
2025-09-21,ANNUAL REFERENCE ONLY,0.9,0.5,1760.2973115548311,14,1760.2973115548311,optimal,optimal,43833.94906059861,0.0,0.0,14,9681.519879999998,optimal,optimal,-685.4134858852931,2.863892288077648,1888.1287338798998,0.6346557534713684,14,8125.677658829304,optimal,optimal,-506.4355918068475,191.10424271401857,2934.7239323594526,0.671496083884096,14,10779.953018518518,optimal,optimal,-9.525488630036158,35.493526713815086,49.33972721381332,0.5098321209063945,1426.0019453209102,1200.0,10800.0,-1201.3745663221766,16.738510736063485,106.49523735192281,42739.069731628355,2,34285.99109435879,0,1.00000761449337e-07,optimal,optimal,optimal
2025-09-22,ANNUAL REFERENCE ONLY,0.9,0.5,1426.0019453209102,14,1426.0019453209102,optimal,optimal,47083.118210500936,0.0,0.0,14,9663.762237314815,optimal,optimal,-1854.1182107904249,0.0,6009.425797071189,0.5961856585986904,14,7401.418647922202,optimal,optimal,-955.5355387514437,0.0,3121.5431501089843,0.6889689027780561,14,10800.0,optimal,optimal,-21.150561980081722,18.755016166664017,50.643499999996266,0.5062345508562796,1378.5898049495047,1349.6409758333332,10800.0,-2830.8043115219507,10.90666690205111,73.52184049999421,44325.835739478985,1,36623.770983728726,0,1.0000124461839732e-07,optimal,optimal,optimal
2025-09-23,ANNUAL REFERENCE ONLY,0.9,0.5,1378.5898049495047,14,1378.5898049495047,optimal,optimal,46419.04246525398,0.0,0.0,14,9851.377266111103,optimal,optimal,-1142.3213963761086,0.0,3408.6325531244993,0.6007918642121185,14,7519.949921756868,optimal,optimal,-662.1392882635053,0.0,2589.022570823608,0.7102688362697962,14,10800.0,optimal,optimal,-21.150561980107188,18.755016166663314,50.64349999999541,0.5065599454064115,1510.7285231128717,1199.9999999999998,10800.0,-1825.611246619721,63.142587915272415,188.94920806262687,44782.38042669689,3,37567.67302801301,0,1.0000803740695119e-07,optimal,optimal,optimal
2025-09-24,ANNUAL REFERENCE ONLY,0.9,0.5,1510.7285231128717,14,1510.7285231128717,optimal,optimal,40034.75557448581,0.0,0.0,14,9569.610170092592,optimal,optimal,258.38827616834357,272.9029548215798,0.0,0.5845800036227553,14,5769.953019720673,optimal,optimal,1272.2533547972625,1416.2043658609327,0.0,0.6814649911595012,14,10500.43032722222,optimal,optimal,435.1492121366093,274.94304465083445,11.842143985395209,0.48410891445068943,1563.9959846322865,1324.1543822222227,10518.889218373759,1965.7908431022154,470.2543411247526,1695.1020541385117,43695.64847172654,13,35545.13146032962,0,1.00000761449337e-07,optimal,optimal,optimal
2025-09-25,ANNUAL REFERENCE ONLY,0.9,0.5,1563.9959846322865,14,1563.9959846322865,optimal,optimal,44808.95342203455,0.0,0.0,14,9664.068998703693,optimal,optimal,254.66603891264745,621.7135685000663,886.6529634197509,0.6106822775604211,14,7609.598567617328,optimal,optimal,-574.6242920366499,0.0,2399.9495540385064,0.6951975924865397,14,10671.707032265858,optimal,optimal,139.60328035109265,115.4636709607289,13.654999999999086,0.4935107371796599,1381.5589786635537,1381.5589786635537,10794.542730000001,-180.3549727729098,15.371666996657055,103.49743236666198,44732.0958816283,1,34568.025274154235,0,1.0000030670198612e-07,optimal,optimal,optimal
2025-09-26,ANNUAL REFERENCE ONLY,0.9,0.5,1381.5589786635537,14,1381.5589786635537,optimal,optimal,19483.580748637934,0.0,0.0,14,4825.198301306314,optimal,optimal,-489.7517048086891,3.883452967482433e-06,1198.446380175631,0.5936470483673373,14,10550.285581495216,optimal,optimal,-81.54240228420062,3.883522968881006e-06,178.3755403697897,0.6908282922012393,14,10800.0,optimal,optimal,-8.498193983778801,0.0,13.655007766975972,0.4917545984170671,1564.8093292418973,1381.5589786635537,10800.0,-579.7923010766685,1.4076993147153636e-07,2.999999883788405e-07,18903.788447861265,0,26882.781096565064,0,1.0000098882301245e-07,optimal,optimal,optimal
2025-09-27,ANNUAL REFERENCE ONLY,0.9,0.5,1564.8093292418973,14,1564.8093292418973,optimal,optimal,18260.883655417543,0.0,0.0,14,4102.892342507274,optimal,optimal,877.8749111817081,728.0971363957754,-5.684341886080802e-14,0.6131489689521806,14,10505.555451917906,optimal,optimal,-82.1516941516446,2.568594934620129e-06,204.0464336494863,0.6867856362317303,14,10775.948927283724,optimal,optimal,5.1254036887050605,7.990966198435602,3.3223810490740395e-06,0.49981201675419523,1200.0000000519694,1200.0,10800.0,800.8486207187685,194.88827551293008,485.99498016326163,19547.72725629957,6,28166.445504626638,0,1.000043994281441e-07,optimal,optimal,optimal
2025-09-28,ANNUAL REFERENCE ONLY,0.9,0.5,1200.0000000519694,14,1200.0000000519694,optimal,optimal,45976.58631878717,0.0,0.0,14,9841.093271005546,optimal,optimal,1526.8386656643843,1861.9859354205385,92.52226305919953,0.6321563900124563,14,7690.308654218392,optimal,optimal,-926.2346824283093,2.2688182391503577,3024.453981679942,0.7126581472204747,14,10579.262391124863,optimal,optimal,316.9218418089287,206.2089950075408,0.0,0.5,1200.0000000519697,1200.0000000519694,10792.259206483952,917.5258250450038,189.01789614775288,790.4213140348827,47684.53345786706,8,36387.57223098373,0,1.0000167094403878e-07,optimal,optimal,optimal
2025-09-29,ANNUAL REFERENCE ONLY,0.9,0.5,1200.0000000519697,14,1200.0000000519697,optimal,optimal,48619.739803376695,0.0,0.0,14,9695.118990370362,optimal,optimal,-2276.2008443732702,0.0,6983.508363960398,0.6144343877010789,14,6862.246010476507,optimal,optimal,-583.9948914447094,0.0,1884.7199820188787,0.719233625917075,14,10720.060193121637,optimal,optimal,74.88499388367852,78.82852683982388,0.0,0.5,1200.0000000519697,1200.0000000519697,10730.943278121636,-2785.3107419343014,150.4202373151775,415.1618169428467,46249.59087838524,5,37520.306494603996,0,1.0001531336456537e-07,optimal,optimal,optimal
2025-09-30,ANNUAL REFERENCE ONLY,0.9,0.5,1200.0000000519697,14,1200.0000000519697,optimal,optimal,48456.66651976793,0.0,0.0,14,9764.664970370372,optimal,optimal,-956.1834627260545,0.929190839313037,2450.420128083382,0.5785224911004776,14,6094.151415070062,optimal,optimal,-327.6439815981292,0.2159905529073285,910.8396039123006,0.7006620415934224,14,10729.298148148147,optimal,optimal,74.46737111491814,70.94129305500081,0.0,0.5,1222.0234077011037,1200.0000000519697,10800.0,-1209.3600732092655,16.926450145427086,114.36355972500056,47361.67000628367,1,39644.16291079718,0,1.0000803740695119e-07,optimal,optimal,optimal
2025-10-01,ANNUAL REFERENCE ONLY,0.9,0.5,1222.0234077011037,14,1222.0234077011037,optimal,optimal,44612.0948739335,0.0,0.0,14,9828.95943396602,optimal,optimal,-1037.933915768023,93.78037072321365,3708.8848590725993,0.6042615832452569,14,7517.752163014279,optimal,optimal,-1023.4966964711064,19.43563084389791,3929.6051114232782,0.6756748356135558,14,10776.61759259259,optimal,optimal,10.913681330253132,17.273993975471733,0.0,0.5,1202.981314746936,1202.981314746936,10800.0,-2050.5169309088765,1.3808669472763078e-07,5.00002576523184e-07,42561.57794352463,0,36423.79160173666,0,1.0000245765695582e-07,optimal,optimal,optimal
2025-10-02,ANNUAL REFERENCE ONLY,0.9,0.5,1202.981314746936,14,1202.981314746936,optimal,optimal,49858.22635153059,0.0,0.0,14,9488.698416158866,optimal,optimal,-2632.8533150393714,0.35555054459166513,7236.064624584107,0.5675653477939547,14,7529.8896425809635,optimal,optimal,-1184.9832440737744,0.2159905529073285,4268.331718779482,0.674236325977098,14,10800.0,optimal,optimal,-0.0061778297575412755,0.21599055290729968,0.2159905529073285,0.5,1275.0947180387845,1202.981314746936,10800.0,-3817.8427369429037,1.2330877006587335e-07,3.999982055167492e-07,46040.38361498768,0,34346.4266675933,0,1.0001531336456537e-07,optimal,optimal,optimal
2025-10-03,ANNUAL REFERENCE ONLY,0.9,0.5,1275.0947180387845,14,1275.0947180387845,optimal,optimal,17667.53476202303,0.0,0.0,14,4622.212363672839,optimal,optimal,-24.678495816343307,5.25922294658568,100.8469940339682,0.6140312385817182,14,10482.441218137525,optimal,optimal,129.580830267748,120.23182867529906,83.75415456372133,0.721302899256523,14,10723.734840617255,optimal,optimal,-7.228588986131251,0.0,11.824946005096692,0.5,1470.046166993271,1275.0947180387845,10800.0,97.67374546527344,2.415544499801262e-07,1.2000040890645323e-06,17765.20850868831,0,26864.15754039354,0,1.0000803740695119e-07,optimal,optimal,optimal
2025-10-04,ANNUAL REFERENCE ONLY,0.9,0.5,1470.046166993271,14,1470.046166993271,optimal,optimal,19945.83174316413,0.0,0.0,14,5876.257053641452,optimal,optimal,-321.76728297823763,0.0,1053.3684148087427,0.5931058327415998,14,10800.0,optimal,optimal,-125.02303990621554,0.0,295.0672580338932,0.7237860924086845,14,10800.0,optimal,optimal,-7.086976291989083,0.0,34.34065621537942,0.5,1609.3221358895746,1470.046166993271,10800.0,-453.87729917644225,1.6504837799151612e-07,8.999998547347786e-07,19491.954444887688,0,28125.82221664078,0,1.51969743455993e-07,optimal,optimal,optimal
2025-10-05,ANNUAL REFERENCE ONLY,0.9,0.5,1609.3221358895746,14,1609.3221358895746,optimal,optimal,48460.65123458446,0.0,0.0,14,9806.25924212962,optimal,optimal,-2724.0842471520746,0.0,8693.468730727856,0.615012849808885,14,7932.339585815142,optimal,optimal,-683.7472776171206,8.201175637529113,2811.8055270767145,0.7160787742827459,14,10795.361111111111,optimal,optimal,4.441730205056196,4.174999999999727,5.866443342111939,0.5,1505.4579982547723,1505.4579982547723,10800.0,-3403.3897945641393,6.159972212775793e-08,2.0000095358009274e-07,45057.261440220325,0,34622.047975904396,0,1.5196951608231757e-07,optimal,optimal,optimal
2025-10-06,ANNUAL REFERENCE ONLY,0.9,0.5,1505.4579982547723,14,1505.4579982547723,optimal,optimal,41731.02025545593,0.0,0.0,14,9946.739594814813,optimal,optimal,245.3704852309085,351.17507925293637,67.45754097814118,0.6664023081337624,14,6208.96756900841,optimal,optimal,-499.7132604576988,19.47907483302083,1564.7521246904762,0.703363351169106,14,10785.926851851851,optimal,optimal,8.194233819019393,7.910400283383183,6.472356459359089,0.5,1595.5760843546175,1505.4579982547723,10800.0,-246.14854140777092,116.74168425817338,415.9347049706844,41900.806419018845,3,37011.410072266,0,1.0000803740695119e-07,optimal,optimal,optimal
2025-10-07,ANNUAL REFERENCE ONLY,0.9,0.5,1595.5760843546175,14,1595.5760843546175,optimal,optimal,44438.978408898816,0.0,0.0,14,9837.995570728164,optimal,optimal,-678.9023578447895,22.79820413952274,2500.4973513994314,0.7054307139853566,14,7605.948993128341,optimal,optimal,-314.94831795111133,164.38970786779947,2259.6737631132287,0.6870807020300234,14,10800.0,optimal,optimal,-1.492400956257222,0.0,6.980360412791097,0.5,1623.987022764736,1595.5760843546175,10800.0,-995.3430767521581,44.60160524703703,169.92616444731038,43613.56149659397,3,36514.32822308592,0,1.0000044733260439e-07,optimal,optimal,optimal
2025-10-08,ANNUAL REFERENCE ONLY,0.9,0.5,1623.987022764736,14,1623.987022764736,optimal,optimal,41264.286369723886,0.0,0.0,14,9921.03224575902,optimal,optimal,-834.0290456625379,0.0,3020.67262683912,0.6856846870882619,14,6056.880197240571,optimal,optimal,-465.96035319068403,0.9887234648066396,1750.418112634369,0.7039747817089401,14,10653.378955331695,optimal,optimal,236.47218124039784,131.9589402014728,4.547473508864641e-13,0.5,1785.3498118678265,1495.3940494812864,10800.0,-1063.517217612824,4.6827440880355886e-08,9.999999999999998e-08,40200.76915221106,0,38112.284742523974,0,1.00000761449337e-07,optimal,optimal,optimal
2025-10-09,ANNUAL REFERENCE ONLY,0.9,0.5,1785.3498118678265,14,1785.3498118678265,optimal,optimal,48230.59200340089,0.0,0.0,14,9673.469538148152,optimal,optimal,-4312.180731348418,0.0,13649.361634397705,0.7076360083793053,14,6181.736280773949,optimal,optimal,-397.7606039748068,46.022334876503805,1987.6595883832772,0.6817761195095178,14,10643.366377690529,optimal,optimal,252.68696349129758,134.81359341185998,9.607157745231662,0.5,1830.4580626163408,1785.3498118678265,10800.0,-4457.2543718319275,104.97655092598481,427.482244398151,44200.819875967114,4,36814.30961255597,0,1.00000761449337e-07,optimal,optimal,optimal
2025-10-10,ANNUAL REFERENCE ONLY,0.9,0.5,1830.4580626163408,14,1830.4580626163408,optimal,optimal,17242.50125994776,0.0,0.0,14,4839.006920066118,optimal,optimal,-276.6656486162982,0.0,651.7054889923265,0.7229791324986041,14,10799.999999999998,optimal,optimal,-9.202051845443592,50.22362448870206,183.29829439985633,0.6251893437062719,14,10199.994558209983,optimal,optimal,277.8410763189051,153.44656427768075,7.222323999458364,0.5,2097.118222147732,1389.2714571031556,10800.0,-8.026624142836681,170.62093686959093,852.3511743308029,18086.825810135728,3,28277.223958137278,0,1.00000761449337e-07,optimal,optimal,optimal
2025-10-11,ANNUAL REFERENCE ONLY,0.9,0.5,2097.118222147732,14,2097.118222147732,optimal,optimal,17791.601690471223,0.0,0.0,14,5798.210845006805,optimal,optimal,-86.92445604175995,15.90018127764688,254.95800536022165,0.7294486736746663,14,10800.0,optimal,optimal,11.851751462895805,63.61026497086851,178.86226693828002,0.6691803681742314,14,10196.165948152211,optimal,optimal,245.0908951099002,135.41731332967788,9.471356754175007,0.5,2153.097426983558,1919.87725925926,10800.000000000002,170.01819053103605,8.031332321579196,39.19290160078856,18000.812782603047,1,28155.951789889194,0,1.0000098882301245e-07,optimal,optimal,optimal
2025-10-12,ANNUAL REFERENCE ONLY,0.9,0.5,2153.097426983558,14,2153.097426983558,optimal,optimal,40720.07004505429,0.0,0.0,14,9946.876133703705,optimal,optimal,-281.8696313342887,177.17357178340325,1499.9766393605835,0.6990063100453638,14,7708.265086869272,optimal,optimal,-296.70913276283034,228.0214826949773,2461.452618648097,0.6616851296961284,14,10525.409462610869,optimal,optimal,161.97759514794882,109.39627556818797,3.1025134876925974e-07,0.5,1948.448581793654,1847.288836909414,10797.915930000001,-416.6011689491703,656.6217537467907,2627.4365698166175,42930.90544592174,16,34305.09150381203,0,1.00000761449337e-07,optimal,optimal,optimal
2025-10-13,ANNUAL REFERENCE ONLY,0.9,0.5,1948.448581793654,14,1948.448581793654,optimal,optimal,42619.19980735404,0.0,0.0,14,9870.466342948695,optimal,optimal,-1487.9818571434098,37.74540979675649,5138.601445420982,0.6560808539672203,14,6908.705998442796,optimal,optimal,-318.5686404992018,211.8151597815039,2296.462910458932,0.6592464914403803,14,10434.369410949319,optimal,optimal,292.7563625260765,207.16827331227884,-1.1368683772161603e-13,0.5,2233.8879687900494,1686.4907305752045,10800.0,-1513.794135116535,349.1442757461699,1250.8357344301273,42356.24140666763,5,36574.07650553034,0,1.0000258043874055e-07,optimal,optimal,optimal
2025-10-14,ANNUAL REFERENCE ONLY,0.9,0.5,2233.8879687900494,14,2233.8879687900494,optimal,optimal,44263.71203478848,0.0,0.0,14,9750.355791284974,optimal,optimal,-2093.940132051045,19.567457144630346,7491.782969708123,0.6356180682518217,14,5157.058256611444,optimal,optimal,636.8955583771742,814.8860284640118,154.54185333929465,0.6289051318304175,14,10722.227799137752,optimal,optimal,-23.96763696827187,0.0,41.5232994323086,0.5,1686.5196824100642,1258.0747799620042,10800.0,-1481.0122106421427,404.2790860606826,1060.6725754249812,43843.372399571315,10,37324.41203172057,0,1.0000121619668789e-07,optimal,optimal,optimal
2025-10-15,ANNUAL REFERENCE ONLY,0.9,0.5,1686.5196824100642,14,1686.5196824100642,optimal,optimal,44614.09790518419,0.0,0.0,14,9532.820373425928,optimal,optimal,-2147.1026018171187,0.0,7084.435523297682,0.6241099840039948,14,6797.306390663495,optimal,optimal,-163.41875900495606,8.754204505147868,531.4789112566609,0.612734340928349,14,10799.99999944117,optimal,optimal,-18.930578539186932,0.0,35.2867040022031,0.5,1254.7866245934483,1200.0,10800.0,-2329.451939361262,995.5090861005241,4679.329234357486,46963.975200180415,17,37715.883810784166,0,1.0000803740695119e-07,optimal,optimal,optimal
2025-10-16,ANNUAL REFERENCE ONLY,0.9,0.5,1254.7866245934483,14,1254.7866245934483,optimal,optimal,43002.288648666414,0.0,0.0,14,9485.90000074074,optimal,optimal,-183.76195099297257,578.4855522260475,3079.008678548147,0.6240783348975945,14,6943.562817300879,optimal,optimal,-33.09135384143961,44.4871102167142,338.63967267871607,0.6058262606377399,14,10351.276986099349,optimal,optimal,363.1643896742564,261.2164041772526,0.0,0.5,1234.063542384168,1200.0,10796.368043085577,146.31108483984423,369.7458796710258,1565.564116644462,44714.16385015072,12,39022.681869636996,0,1.0000803740695119e-07,optimal,optimal,optimal
2025-10-17,ANNUAL REFERENCE ONLY,0.9,0.5,1234.063542384168,14,1234.063542384168,optimal,optimal,15382.567861093115,0.0,0.0,14,4907.653792037036,optimal,optimal,924.8916253483568,710.9003701125723,-1.1368683772161603e-13,0.595429986245888,14,9850.939599796284,optimal,optimal,352.18634748171377,265.64381895925874,1.7053025658242404e-13,0.5953783339604475,14,9901.090536200401,optimal,optimal,-9.57711106795508,0.0,19.404540913693538,0.5,1231.687435179311,1211.1351852372154,10800.0,1267.5008617621156,203.58009005743654,431.35975886341697,17081.42848171865,7,28588.241292907293,0,1.000043994281441e-07,optimal,optimal,optimal
2025-10-18,ANNUAL REFERENCE ONLY,0.9,0.5,1231.687435179311,14,1231.687435179311,optimal,optimal,18573.953385989338,0.0,0.0,14,5066.76108212963,optimal,optimal,-430.2842978028392,146.53838480242243,1505.5745695687056,0.6162718245639713,14,10382.358397466702,optimal,optimal,-218.67395323040625,0.0,577.5959500304984,0.5800187525540095,14,10004.453435185183,optimal,optimal,92.1552238809401,60.286038025714724,0.0,0.5,1661.5635273327994,1231.687435179311,10800.0,-556.8030271523054,1.8958602746447317e-07,3.9999986295715645e-07,18017.15035923703,0,28717.336262400713,0,1.0000098882301245e-07,optimal,optimal,optimal
2025-10-19,ANNUAL REFERENCE ONLY,0.9,0.5,1661.5635273327994,14,1661.5635273327994,optimal,optimal,48157.31312354987,0.0,0.0,14,9359.277396975313,optimal,optimal,-1305.5286353073611,17.17370748751523,3675.5932278362493,0.5959382686137891,14,6717.1896641609355,optimal,optimal,-845.9336254171512,14.895554651925977,2729.1401554807667,0.641273597980538,14,10645.148562650074,optimal,optimal,250.32663590878576,137.18962694826814,46.68117253666507,0.5,1303.8341925602754,1199.9999999999998,10645.148562650074,-1901.1356248157267,139.2465724116687,587.4966891044506,46843.6741878386,6,38618.34278469606,0,1.0000803740695119e-07,optimal,optimal,optimal
2025-10-20,ANNUAL REFERENCE ONLY,0.9,0.5,1303.8341925602754,14,1303.8341925602754,optimal,optimal,51678.2829954339,0.0,0.0,14,8631.019813305838,optimal,optimal,-1598.7473086767502,0.0,4153.948815431091,0.6081069385819874,14,7662.1201186633825,optimal,optimal,-1209.5723529298712,0.0,3928.0119550361255,0.6499756723256045,14,10769.563055476994,optimal,optimal,36.223496655910964,27.39325007070522,57.80080504846609,0.5,1247.0775339776421,1247.0775339776421,10800.0,-2772.0961649507108,2.8824030360643936e-07,5.999997308781531e-07,48906.18683108319,0,35476.183064948156,0,1.00000761449337e-07,optimal,optimal,optimal
2025-10-21,ANNUAL REFERENCE ONLY,0.9,0.5,1247.0775339776421,14,1247.0775339776421,optimal,optimal,50320.46545989486,0.0,0.0,14,8702.930050617284,optimal,optimal,-764.2311316694548,326.9352731079161,3028.659256058062,0.6039133043197872,14,6518.758853107336,optimal,optimal,-1077.1719796053299,3.883942305115397,3077.433234558559,0.6976568241940679,14,10678.048744166668,optimal,optimal,193.80349208762996,109.75613024999632,54.77667990616132,0.5,1417.889247618938,1247.0775339776421,10799.78035787037,-1647.5996191871548,2.4094126990553744e-07,5.000004103275386e-07,48672.86584120771,0,39448.80559300969,0,1.0001531336456537e-07,optimal,optimal,optimal
2025-10-22,ANNUAL REFERENCE ONLY,0.9,0.5,1417.889247618938,14,1417.889247618938,optimal,optimal,48292.50118012165,0.0,0.0,14,9860.147518518514,optimal,optimal,-1844.2747647428332,3.2979358424527163,4858.519928640146,0.6333220614856504,14,6973.90476109708,optimal,optimal,12.786624828709336,404.19424006703065,1783.0693414276539,0.7184096883531815,14,10622.730544074075,optimal,optimal,290.55704471332064,159.5425103333323,49.46524578938689,0.5,1200.0550884614865,1200.0550884614865,10799.999999999996,-1540.9310952008032,406.2836473066727,1851.0512066376077,48602.62129155846,14,39117.68688586973,0,1.0000803740695119e-07,optimal,optimal,optimal
2025-10-23,ANNUAL REFERENCE ONLY,0.9,0.5,1200.0550884614865,14,1200.0550884614865,optimal,optimal,55791.33667124475,0.0,0.0,14,9605.704216913584,optimal,optimal,-4127.455848479834,36.04210690417665,12081.39147225065,0.6232857971048535,14,7700.351787898122,optimal,optimal,-936.9937158397381,7.229241299133378,3380.3841295740967,0.7293140175437892,14,10609.761022361028,optimal,optimal,315.02545711620695,170.8159048750747,39.695675221663755,0.5,1351.8223824337738,1200.0550884614865,10736.697728379548,-4749.424107203365,223.13619072529133,1111.6513189110854,52153.563882952476,5,36535.04466326364,0,1.000001077500201e-07,optimal,optimal,optimal
2025-10-24,ANNUAL REFERENCE ONLY,0.9,0.5,1351.8223824337738,14,1351.8223824337738,optimal,optimal,17771.83110698845,0.0,0.0,14,5781.103819823998,optimal,optimal,-79.01837243888333,36.31428922798523,318.67184816259294,0.6597195528603261,14,10136.524993898074,optimal,optimal,-85.90517418948625,0.0,210.44968729265042,0.7400301973414284,14,9731.763611111111,optimal,optimal,321.9618727948975,177.19965549999853,11.874913018413952,0.5,1318.6336369067571,1200.0,10414.13455375722,157.0383261665279,253.96475853322534,1225.8321202473528,19154.70155340233,10,29769.245870110943,0,1.00000761449337e-07,optimal,optimal,optimal
2025-10-25,ANNUAL REFERENCE ONLY,0.9,0.5,1318.6336369067571,14,1318.6336369067571,optimal,optimal,18622.817458027323,0.0,0.0,14,6932.759314629627,optimal,optimal,-307.196664968448,19.88546874292559,1045.4922388165812,0.6527394262979661,14,10675.362867477306,optimal,optimal,-49.370236444755236,34.193823264228854,261.37861928232996,0.7205918945388222,14,9855.89033573785,optimal,optimal,175.32044880547176,104.4077895026017,8.7390788744131,0.5,1257.3997242533142,1208.1405000575853,10800.0,-181.24645260773144,22.705802006139482,47.100641150934294,18488.671646570525,3,29785.822322292704,0,1.00000761449337e-07,optimal,optimal,optimal
2025-10-26,ANNUAL REFERENCE ONLY,0.9,0.5,1257.3997242533142,14,1257.3997242533142,optimal,optimal,51979.23003756374,0.0,0.0,14,9644.18347886499,optimal,optimal,-3166.5492785664756,52.10373194498413,9227.239574037292,0.6914850993062307,14,7124.606509342759,optimal,optimal,-521.1704701492715,0.0,1735.5003890268604,0.6585080158449913,14,10586.76485497986,optimal,optimal,323.96773709328716,173.55579718479385,33.28668919649731,0.5,1271.8165211989817,1257.3997242533142,10675.318770900909,-3363.75201162246,343.6749899480246,1691.3216729291594,50306.79969887044,7,37704.14591629895,0,1.0000374550145351e-07,optimal,optimal,optimal
2025-10-27,ANNUAL REFERENCE ONLY,0.9,0.5,1271.8165211989817,14,1271.8165211989817,optimal,optimal,47504.60191973675,0.0,0.0,14,9710.207624537039,optimal,optimal,-173.4370393367724,52.856914900375045,637.8892540562659,0.6855013025672245,14,7033.277451322447,optimal,optimal,-692.5715726819553,3.488962271136984,2211.1559546442727,0.6656010325838919,14,10633.451321307542,optimal,optimal,233.76033760192783,131.53797748987915,53.474109606537,0.5,1268.9913412714166,1268.9913412714166,10673.502473149634,-632.2482744167999,19.744933475527322,92.48526803333903,46964.83891335329,1,38099.09665209877,0,1.0000030670198612e-07,optimal,optimal,optimal
2025-10-28,ANNUAL REFERENCE ONLY,0.9,0.5,1268.9913412714166,14,1268.9913412714166,optimal,optimal,47398.44815244506,0.0,0.0,14,9770.709757222226,optimal,optimal,-457.55679669942833,91.80932788142638,1421.6658206496152,0.6581267460430973,14,6476.899630515017,optimal,optimal,-279.5582045086785,0.0,789.9227116397955,0.6537784065972004,14,10627.070671640666,optimal,optimal,248.06142068226023,137.28056219006783,47.34605442284096,0.5,1214.3667274941092,1214.3667274941092,10689.74756256172,-489.0535805258466,372.14369406505375,1669.7199291512115,48579.11450107042,14,38911.36967603238,0,1.0000414452093764e-07,optimal,optimal,optimal
2025-10-29,ANNUAL REFERENCE ONLY,0.9,0.5,1214.3667274941092,14,1214.3667274941092,optimal,optimal,52814.17403050442,0.0,0.0,14,7341.344522530864,optimal,optimal,630.3057379945741,1331.4265696670282,3225.0383494282546,0.6626436549441066,14,7047.001590523006,optimal,optimal,-1031.6843910648467,1.3963182911980994,3052.750333804522,0.6250178719797282,14,10593.431804019292,optimal,optimal,308.4183370858911,167.55554304930564,44.02714588755841,0.5,1205.8345253702707,1205.8345253702707,10654.708499019293,-92.96031598438157,173.68106802450487,684.2245415744251,53405.438256094465,6,35874.380528830894,0,1.00000761449337e-07,optimal,optimal,optimal
2025-10-30,ANNUAL REFERENCE ONLY,0.9,0.5,1205.8345253702707,14,1205.8345253702707,optimal,optimal,46835.969287556225,0.0,0.0,14,9918.751601851847,optimal,optimal,-928.1438753799093,119.22521168668754,3094.9430887235844,0.6859141030998875,14,7291.17911284588,optimal,optimal,-435.5440334776074,0.0,1590.6065746991521,0.6005136020708411,14,10591.002424859244,optimal,optimal,311.9668158651504,169.74198429334785,41.76237877004212,0.5,1215.243086645888,1205.8345253702707,10799.999999999996,-1051.7210929923663,461.35997692137795,1958.9993539840552,47743.247548547915,14,39464.16083132345,0,1.0000181009672815e-07,optimal,optimal,optimal
2025-10-31,ANNUAL REFERENCE ONLY,0.9,0.5,1215.243086645888,14,1215.243086645888,optimal,optimal,20426.001287103536,0.0,0.0,14,6908.731244166669,optimal,optimal,-771.0806275878176,0.0,2267.7726941828523,0.6507488524084334,14,9993.13894231482,optimal,optimal,-198.43103654694713,0.0,509.91758858004164,0.6198523595818243,14,10004.809667950796,optimal,optimal,98.69428458160756,71.93527939440827,32.81243980156456,0.5,1234.7073864981578,1215.243086645888,10800.0,-870.8173795531571,1.4219271929254358e-07,2.9999998295361365e-07,19555.183907850376,0,31151.230753460597,0,1.000043994281441e-07,optimal,optimal,optimal
2025-11-01,ANNUAL REFERENCE ONLY,0.9,0.5,1234.7073864981578,14,1234.7073864981578,optimal,optimal,18207.149917787487,0.0,0.0,14,5621.911563796294,optimal,optimal,-29.602551131024327,156.87899723319092,512.9683221607999,0.6410246185903478,14,9874.380135166504,optimal,optimal,-83.24895409628239,0.0,215.53380869086416,0.6317449824394097,14,9786.479326885095,optimal,optimal,199.81023498136727,129.1312641367477,30.351936268297052,0.5,1266.9511260634713,1234.7073864981578,10695.839863491337,86.95872975406056,2.4149214959305476e-07,1.200006130652764e-06,18294.108648741552,0,30359.090046312347,0,1.0000858901548782e-07,optimal,optimal,optimal
2025-11-02,ANNUAL REFERENCE ONLY,0.9,0.5,1266.9511260634713,14,1266.9511260634713,optimal,optimal,47583.10916262143,0.0,0.0,14,9737.187424907403,optimal,optimal,1567.039273462607,2083.4569417009043,130.2706022791599,0.5994814303277578,14,6413.61035296325,optimal,optimal,-702.7384715513115,0.0,1822.6238408879135,0.6503119814650782,14,10683.595461253317,optimal,optimal,81.11437411385411,64.57035191176105,0.0,0.5,1249.0343186865227,1200.0,10745.511405939575,945.4151760251497,24.92241407235456,164.02124642230268,48692.54558506888,3,42188.708249101954,0,1.00000761449337e-07,optimal,optimal,optimal
2025-11-03,ANNUAL REFERENCE ONLY,0.9,0.5,1249.0343186865227,14,1249.0343186865227,optimal,optimal,50467.39840922263,0.0,0.0,14,9517.618361017612,optimal,optimal,-730.0197158788225,57.469669672161466,2339.5222639027506,0.5896482199902451,14,7051.866485038852,optimal,optimal,-634.4276846438452,0.0,1804.5852408653436,0.6739523527996194,14,10591.067954761238,optimal,optimal,253.4974283558032,140.7154795599114,1.0345641378969757,0.5,1200.852777881778,1200.852777881778,10754.525254363536,-1110.9499721668644,11.925057968044682,25.4659620426228,49381.914399098394,1,37191.51599450033,0,1.0000793690778663e-07,optimal,optimal,optimal
2025-11-04,ANNUAL REFERENCE ONLY,0.9,0.5,1200.852777881778,14,1200.852777881778,optimal,optimal,46609.18671093431,0.0,0.0,14,9849.855806759258,optimal,optimal,704.703886961178,1052.4978007114755,384.7951673585417,0.6281012898687836,14,7226.723680010797,optimal,optimal,-531.7265286460978,0.0,1608.4038588919889,0.673179015848715,14,10493.36404363367,optimal,optimal,420.54536007042697,229.18824024999947,10.863124017664905,0.5,1224.8721165127058,1200.852777881778,10751.130593796295,593.5227183855072,321.73606866571487,1759.6967076126896,48962.406136932506,10,37480.83326101932,0,1.00000761449337e-07,optimal,optimal,optimal
2025-11-05,ANNUAL REFERENCE ONLY,0.9,0.5,1224.8721165127058,14,1224.8721165127058,optimal,optimal,52353.68834806139,0.0,0.0,14,9571.078447006172,optimal,optimal,-1800.1159286507177,0.0,5182.741730994835,0.5920785111541341,14,6155.686469653352,optimal,optimal,-288.1548554884072,1.404287337289361,851.0504139140796,0.6676410491382238,14,10438.880441576413,optimal,optimal,530.4818029550106,289.71683000593663,5.053072480619568,0.5,1295.859065327956,1224.8721165127058,10485.228589724562,-1557.7889811841142,206.98477366573658,891.6207898173446,51687.52015669462,8,38663.191855472745,0,1.0001108967117034e-07,optimal,optimal,optimal
2025-11-06,ANNUAL REFERENCE ONLY,0.9,0.5,1295.859065327956,14,1295.859065327956,optimal,optimal,48429.35525497012,0.0,0.0,14,9663.462192639881,optimal,optimal,495.37292561733847,751.4276198069487,194.77980288946594,0.6056448768441841,14,5703.610712142625,optimal,optimal,58.59517767994036,117.45280439494829,248.14146065619278,0.6730696154480342,14,10720.630246241693,optimal,optimal,13.302250779444115,11.299458512519664,13.535566949348803,0.5,1250.1101852891852,1204.7402831370462,10792.170568373063,567.2703540767229,178.86998737985587,687.633476589716,49684.259085636564,5,40798.239897989304,0,1.0001531336456537e-07,optimal,optimal,optimal
2025-11-07,ANNUAL REFERENCE ONLY,0.9,0.5,1250.1101852891852,14,1250.1101852891852,optimal,optimal,18491.26669159552,0.0,0.0,14,7142.9819102213605,optimal,optimal,-71.03140871622132,0.0,224.4228841528573,0.5944304297866826,14,8365.831645221358,optimal,optimal,96.12422369878475,75.19155541864598,0.0,0.644245306882481,14,9937.829419876412,optimal,optimal,333.2220607583278,187.62210495966394,3.432900598234744,0.5,1206.6607612747143,1206.6607612747143,10720.045748253657,358.31487574089124,4.019300231068178e-07,1.3999981111832312e-06,18849.581568736412,0,32799.57308256752,0,1.0000374550145351e-07,optimal,optimal,optimal
2025-11-08,ANNUAL REFERENCE ONLY,0.9,0.5,1206.6607612747143,14,1206.6607612747143,optimal,optimal,18752.8509863302,0.0,0.0,14,7020.073040003307,optimal,optimal,-153.49831423161672,0.0,434.1722463577855,0.5360200940336662,14,9388.47884722553,optimal,optimal,37.796608762092724,38.22528042614408,14.501272985769194,0.6511079275741689,14,9946.97860939038,optimal,optimal,19.818930936650908,16.158776674278077,0.0,0.5,1275.7266774284344,1206.6607612747143,10728.491649709213,-95.8827745328731,1.7389667527933714e-07,5.000087606324087e-07,18656.96821229733,0,31419.28504593875,0,1.0000524071074323e-07,optimal,optimal,optimal
2025-11-09,ANNUAL REFERENCE ONLY,0.9,0.5,1275.7266774284344,14,1275.7266774284344,optimal,optimal,50308.94013628387,0.0,0.0,14,9803.178028425926,optimal,optimal,-637.3452521384614,-2.2737367544323206e-13,1743.3703496654957,0.5716560774920459,14,6497.909223698478,optimal,optimal,-243.56010332355154,35.76843979195678,872.0657162343418,0.6369604007475251,14,10438.113746770206,optimal,optimal,535.4403171430596,292.11025932681395,0.0,0.5,1247.8385879112768,1247.8385879112768,10726.787408055556,-345.46503831895336,488.45814543473597,2084.383090715748,52047.858188680664,15,39130.98616524565,0,1.00000761449337e-07,optimal,optimal,optimal
2025-11-10,ANNUAL REFERENCE ONLY,0.9,0.5,1247.8385879112768,14,1247.8385879112768,optimal,optimal,50980.915795834764,0.0,0.0,14,9761.378378981482,optimal,optimal,909.85764724222,1337.8554298061226,440.69573882374993,0.5784313471023356,14,5735.628572529606,optimal,optimal,-621.6744758264111,0.0,1649.5373923798975,0.603119091167064,14,10575.233821866628,optimal,optimal,258.0709300164519,151.12716865336722,95.24637896582999,0.5,1246.0876198042029,1200.0,10685.524823425927,546.2541014322608,100.01501534693587,317.82040816344926,51844.990305430474,2,41300.92796661268,0,1.0000007932831068e-07,optimal,optimal,optimal
2025-11-11,ANNUAL REFERENCE ONLY,0.9,0.5,1246.0876198042029,14,1246.0876198042029,optimal,optimal,52591.503149435186,0.0,0.0,14,10783.494757222225,optimal,optimal,-918.5370103946126,0.9248683079221109,2504.52369711935,0.56544249425727,14,7863.918843901172,optimal,optimal,-623.4819839914786,0.0,1985.122127424218,0.6095260124372635,14,10570.52001958366,optimal,optimal,315.74098749801027,179.71868996354982,8.951637937570922e-06,0.5,1201.395344996973,1201.395344996973,10783.494757222225,-1226.2780068880809,50.99235846386255,107.70026389088292,51472.925406437986,2,36119.22280207729,0,1.0000858901548782e-07,optimal,optimal,optimal
2025-11-12,ANNUAL REFERENCE ONLY,0.9,0.5,1201.395344996973,14,1201.395344996973,optimal,optimal,49707.26475133552,0.0,0.0,14,9727.073788796297,optimal,optimal,1405.0311968427482,1828.5706966128569,197.36453796267483,0.5890809995151818,14,7162.918276133917,optimal,optimal,-797.024120344068,0.0,2414.4760655530035,0.6583960570675689,14,10618.908965960165,optimal,optimal,266.801591158047,162.98193063585018,139.21687836012222,0.5,1214.9070762165736,1201.395344996973,10668.167647278777,874.8086676567272,2.0269174137336896e-07,4.999986279519362e-07,50582.07341949224,0,40701.15662110518,0,1.00000761449337e-07,optimal,optimal,optimal
2025-11-13,ANNUAL REFERENCE ONLY,0.9,0.5,1214.9070762165736,14,1214.9070762165736,optimal,optimal,48280.61252804402,0.0,0.0,14,9784.001975555553,optimal,optimal,286.59401202522633,411.10878483586833,40.04649168741139,0.5225003258566686,14,7823.445087003242,optimal,optimal,92.12614970412614,206.54381646408945,479.2086767571905,0.6788667019721996,14,10546.884661284903,optimal,optimal,390.4183575660747,227.80380484358614,147.59213661732866,0.5,1232.4165621804525,1200.0,10585.490702602765,769.1385192954272,1368.859905547611,5311.072944714348,54360.82399205379,18,37196.934074698205,0,1.0000809425037005e-07,optimal,optimal,optimal
2025-11-14,ANNUAL REFERENCE ONLY,0.9,0.5,1232.4165621804525,14,1232.4165621804525,optimal,optimal,19330.19256776438,0.0,0.0,14,6871.594861574922,optimal,optimal,-254.97049556856916,0.0,666.6346229388382,0.5631412446455989,14,8098.566784908255,optimal,optimal,52.16515277661816,93.35790904598866,58.07619663976867,0.713943163078806,14,9950.546940914437,optimal,optimal,348.70899660759835,224.44034041137496,1.8517953947139176e-05,0.5,1256.1545826962138,1232.4165621804525,10707.254226526433,145.90365381564735,1.5527841832789358e-07,5.999824843958776e-07,19476.09622218001,0,31876.219792813114,0,1.000043994281441e-07,optimal,optimal,optimal
2025-11-15,ANNUAL REFERENCE ONLY,0.9,0.5,1256.1545826962138,14,1256.1545826962138,optimal,optimal,20517.309116472876,0.0,0.0,14,8233.703699352314,optimal,optimal,-368.46287026596565,0.0,1263.1062784754201,0.5644223062205483,14,8852.024415833792,optimal,optimal,-193.6059441666374,0.0,520.7236783083933,0.7219302716104341,14,9879.000400200255,optimal,optimal,239.44920144551196,219.45153816745545,9.329026499997894,0.5,1277.0143528371832,1246.5823055555516,10683.72406418151,-322.6196129870911,1.4114571137280612e-07,3.0000001162115946e-07,20194.689503785783,0,33013.21128643223,0,1.000043994281441e-07,optimal,optimal,optimal
2025-11-16,ANNUAL REFERENCE ONLY,0.9,0.5,1277.0143528371832,14,1277.0143528371832,optimal,optimal,50430.817646540556,0.0,0.0,14,9791.082775740739,optimal,optimal,2087.062861481127,2669.323570402058,282.55281269080683,0.5754778662058917,14,7021.194407816271,optimal,optimal,-250.26987436958083,0.8511531198121247,670.3859984998248,0.7299085137389502,14,10481.877808999872,optimal,optimal,338.71032507047784,259.71277929530277,0.0,0.5,1200.0000000519697,1200.0000000519697,10733.213534999997,2175.5033121820243,95.48709525923469,203.3418351701144,52809.66279389269,5,41000.00920343709,0,1.0000186193792614e-07,optimal,optimal,optimal
2025-11-17,ANNUAL REFERENCE ONLY,0.9,0.5,1200.0000000519697,14,1200.0000000519697,optimal,optimal,48601.499737296755,0.0,0.0,14,9955.804392407403,optimal,optimal,3801.842539832293,4730.078439549147,13.567199974417008,0.5762013447116232,14,6806.581610244047,optimal,optimal,-190.09645988929768,0.0,544.845308637164,0.7187183987348076,14,10597.070649485326,optimal,optimal,183.5230448359391,157.12138497853746,0.0,0.5,1250.4035643046968,1200.0000000519697,10796.046984999995,3795.269124778934,1.3871901188941427e-07,5.000008928211173e-07,52396.76886257569,0,40593.485974181756,0,1.0000374550145351e-07,optimal,optimal,optimal
2025-11-18,ANNUAL REFERENCE ONLY,0.9,0.5,1250.4035643046968,14,1250.4035643046968,optimal,optimal,51231.4616643264,0.0,0.0,14,9502.427778775223,optimal,optimal,-7.0370355995331995,185.30346688415295,763.4877469183409,0.5795089002903506,14,4626.179409615036,optimal,optimal,921.9281454160079,1135.579076598725,8.392922515163946,0.6973608707522304,14,10572.286126569214,optimal,optimal,221.50003491198655,170.9485819718836,0.0,0.5,1231.7739686746534,1231.7739686746534,10690.759477479396,1136.3911447284613,59.76095948571261,126.60359328907182,52494.45640234394,1,42821.97363505013,0,1.0000803740695119e-07,optimal,optimal,optimal
2025-11-19,ANNUAL REFERENCE ONLY,0.9,0.5,1231.7739686746534,14,1231.7739686746534,optimal,optimal,50532.51784622054,0.0,0.0,14,9480.324837493374,optimal,optimal,3297.403185731962,3743.125694603018,152.41962277404912,0.5547178464017956,14,7097.955988147516,optimal,optimal,-373.1188973298346,49.904048355644136,1191.9187436041798,0.6938958369563653,14,10584.333457528091,optimal,optimal,164.91504319926312,133.3727368793796,0.0,0.5,1200.00000005197,1200.00000005197,10682.199568826802,3089.1993316013904,58.562374175773634,128.50447963416036,53750.22165745609,3,41926.793627875115,0,1.0000803740695119e-07,optimal,optimal,optimal
2025-11-20,ANNUAL REFERENCE ONLY,0.9,0.5,1200.00000005197,14,1200.00000005197,optimal,optimal,50637.16822857331,0.0,0.0,14,9775.056792962958,optimal,optimal,709.6179161651448,1039.063026645806,77.1426045414139,0.5666547547120749,14,6872.130882044725,optimal,optimal,318.6294916187376,396.6335795054828,43.196186841936765,0.689654782987584,14,10611.188764443632,optimal,optimal,184.4411362897619,138.7150067851505,0.0,0.5,1204.6925926965926,1200.00000005197,10707.44773778157,1212.6885440736444,68.61178710339163,145.92017089952344,51995.77694354648,2,41957.03132285805,0,1.0000803740695119e-07,optimal,optimal,optimal
2025-11-21,ANNUAL REFERENCE ONLY,0.9,0.5,1204.6925926965926,14,1204.6925926965926,optimal,optimal,19508.22029064797,0.0,0.0,14,7012.551783734565,optimal,optimal,161.34797190609896,216.0860103820728,155.29033024785977,0.5454508869813367,14,7792.880265421126,optimal,optimal,-26.299185340153446,4.728839494596514,88.8443185942628,0.6931012819685736,14,10060.076074774603,optimal,optimal,238.9627925156684,198.84837886952317,0.0,0.5,1226.0343108250486,1204.6925926965926,10634.323308432084,374.01157908161395,23.363886725700123,49.53219767085599,19931.764067400436,2,33283.34531488036,0,1.0000803740695119e-07,optimal,optimal,optimal
2025-11-22,ANNUAL REFERENCE ONLY,0.9,0.5,1226.0343108250486,14,1226.0343108250486,optimal,optimal,21389.626279290016,0.0,0.0,14,9394.420853858026,optimal,optimal,-499.2769732267142,12.615819655340886,1997.9698316425709,0.5756722183957265,14,8674.625947376546,optimal,optimal,-79.83315925442263,11.751063359211287,281.0138576335426,0.6672304762239792,14,9797.447137401494,optimal,optimal,547.3963865766319,357.217352762276,0.0,0.5,1237.5410090450218,1226.0343108250486,10611.532069146033,-31.71374590450489,3.247123384193494e-07,1.300005113926272e-06,21357.912534685518,0,33520.33701743408,0,1.0000512520491611e-07,optimal,optimal,optimal
2025-11-23,ANNUAL REFERENCE ONLY,0.9,0.5,1237.5410090450218,14,1237.5410090450218,optimal,optimal,51319.42175666374,0.0,0.0,14,9814.484149074082,optimal,optimal,2044.9429622434245,2395.5514583734857,29.775470346771385,0.5628043563649002,14,6614.367560813907,optimal,optimal,-292.39145977475056,0.0,786.0577916576643,0.6811739361076712,14,10676.277099699508,optimal,optimal,97.06159858872631,80.33755893710969,0.0,0.5,1237.6162281506743,1237.5410090450218,10754.304428200528,1849.6131010574004,2.1813950509557065e-07,6.000005413014149e-07,53169.03485832114,0,41749.83283095695,0,1.0000803740695119e-07,optimal,optimal,optimal
2025-11-24,ANNUAL REFERENCE ONLY,0.9,0.5,1237.6162281506743,14,1237.6162281506743,optimal,optimal,50447.762121748965,0.0,0.0,14,9754.699442229892,optimal,optimal,715.6120938926608,1044.1038868734227,99.5723798859195,0.5704536516586654,14,6535.679699155224,optimal,optimal,196.5818786960582,252.60975679427972,25.758211819738563,0.6944796938643858,14,10635.291239564553,optimal,optimal,146.93191441969898,114.69638686515323,0.0,0.5,1200.0000000519694,1200.0000000519694,10717.420769691307,1059.125887008418,131.3336065722454,327.8418440052877,51834.72985276267,5,40985.02154208708,0,1.0002258932217956e-07,optimal,optimal,optimal
2025-11-25,ANNUAL REFERENCE ONLY,0.9,0.5,1200.0000000519694,14,1200.0000000519694,optimal,optimal,58570.19879451706,0.0,0.0,14,10017.996245349072,optimal,optimal,-1035.4380778749264,6.439166666666779,2589.051964134888,0.5763086702412551,14,7099.667071206296,optimal,optimal,-1267.398550874707,0.0,3255.0457861120867,0.717740743423785,14,10650.997387107645,optimal,optimal,164.61284720523273,125.19068493645491,0.0,0.5,1221.6945448466277,1200.0000000519694,10716.180400748335,-2138.223781544401,2.1556806700306458e-07,8.000021453090084e-07,56431.97501377266,0,39246.11929939799,0,1.0000803740695119e-07,optimal,optimal,optimal
2025-11-26,ANNUAL REFERENCE ONLY,0.9,0.5,1221.6945448466277,14,1221.6945448466277,optimal,optimal,54652.725866612585,0.0,0.0,14,9266.912659646012,optimal,optimal,1372.4429647095221,1282.2091929034555,150.4460817797692,0.6340134390522131,14,6612.274215587058,optimal,optimal,-828.780617065059,0.0,2048.800245780029,0.7410057820406697,14,10668.875878587449,optimal,optimal,134.3342809973247,109.10004260463131,0.0,0.5,1200.0000000519697,1200.0000000519697,10716.214399198565,677.9966286417878,0.3548846185195604,0.7587437220202813,55331.4812389764,1,41473.36548507676,0,1.0000730253523217e-07,optimal,optimal,optimal
2025-11-27,ANNUAL REFERENCE ONLY,0.9,0.5,1200.0000000519697,14,1200.0000000519697,optimal,optimal,53172.98862184794,0.0,0.0,14,9777.075810185188,optimal,optimal,1139.2385713379479,1625.343244653517,53.70408525350558,0.6554728666658158,14,7412.225142162758,optimal,optimal,-604.4442990830001,0.0,1588.1887644932317,0.740533622654681,14,10654.911089595902,optimal,optimal,158.49513372257155,121.6683526970203,0.0,0.5,1257.665028824535,1200.0000000519697,10738.41153240741,693.2894059775192,2.569098258210859e-07,1.3000030760262237e-06,53866.27802912546,0,41063.12923656582,0,1.0000374550145351e-07,optimal,optimal,optimal
2025-11-28,ANNUAL REFERENCE ONLY,0.9,0.5,1257.665028824535,14,1257.665028824535,optimal,optimal,19742.007926235558,0.0,0.0,14,8083.4614521482945,optimal,optimal,694.0467840312205,1105.2474195095401,69.28825327069542,0.6224258006104395,14,6893.544546500886,optimal,optimal,-318.96361678068274,5.209969132833635,1263.9496074743738,0.7137057759730643,14,9670.25725925926,optimal,optimal,416.15807530603,243.74472022708036,0.6416975338330531,0.5,1313.4426250130366,1200.0,10508.239160673875,791.2412425565677,263.4909421707468,1237.2250765779759,21770.4742453701,13,33815.84749683999,0,1.0000512520491611e-07,optimal,optimal,optimal
2025-11-29,ANNUAL REFERENCE ONLY,0.9,0.5,1313.4426250130366,14,1313.4426250130366,optimal,optimal,24830.359623945616,0.0,0.0,14,10262.986097962963,optimal,optimal,-1144.132702846721,0.0,4385.387758883891,0.6261367661118301,14,7757.649900542416,optimal,optimal,-418.577951983544,175.09710389278848,2749.1649063281156,0.7046256168568605,14,9941.618974827537,optimal,optimal,211.99069262896063,157.74288923759485,0.0,0.5,1200.0000000519697,1200.0000000519697,10794.531885,-1350.7199622013043,134.46479858769865,374.1419478896554,23853.78160963397,5,32838.76875486354,0,1.0001477039622843e-07,optimal,optimal,optimal
2025-11-30,ANNUAL REFERENCE ONLY,0.9,0.5,1200.0000000519697,14,1200.0000000519697,optimal,optimal,54826.123109033506,0.0,0.0,14,9208.528295462964,optimal,optimal,3185.005765769826,2991.8874552922766,306.94281822170296,0.647150766950558,14,6932.320712597429,optimal,optimal,-406.4467009623995,0.0,1261.033043205579,0.6826902121732598,14,10686.50429984352,optimal,optimal,138.0355152672447,93.23446347416764,0.0,0.5,1240.063410647749,1200.0000000519697,10800.0,2916.5945800746713,2.3566428639290636e-07,4.999997981172783e-07,57742.71768960817,0,41344.54701836001,0,1.0000803740695119e-07,optimal,optimal,optimal
2025-12-01,ANNUAL REFERENCE ONLY,0.9,0.5,1240.063410647749,14,1240.063410647749,optimal,optimal,57533.83850170014,0.0,0.0,14,8897.647848188199,optimal,optimal,252.9752549758116,437.1006852277992,292.8285449935569,0.6480937728237002,14,6346.758732371087,optimal,optimal,-657.1613051998581,0.0,1871.908177372729,0.6837976880765383,14,10530.083045819614,optimal,optimal,409.2352884994827,232.9283120956824,0.0,0.5,1200.0000000519697,1200.0,10579.888768119059,5.049238275436153,4476.671116273143,16142.77501481778,73681.66275479336,51,41949.86381348096,0,1.0002258932217956e-07,optimal,optimal,optimal
2025-12-02,ANNUAL REFERENCE ONLY,0.9,0.5,1200.0000000519697,14,1200.0000000519697,optimal,optimal,60498.62250594425,0.0,0.0,14,7735.550911616596,optimal,optimal,3433.7488781116404,2863.871350540744,867.3726423775116,0.6373469217235631,14,6402.8742357808815,optimal,optimal,-148.88802488052244,1.5363501141861207,450.0943340205712,0.698151824277246,14,10580.761836508811,optimal,optimal,366.2201226656247,197.31434714206887,22.76814940093424,0.5,1243.0689450366513,1199.9999999999998,10698.20373268629,3651.0809758967425,1099.6812655703125,4985.7318464987475,69135.43532833975,23,40876.2003168721,0,1.000017846308765e-07,optimal,optimal,optimal
2025-12-03,ANNUAL REFERENCE ONLY,0.9,0.5,1243.0689450366513,14,1243.0689450366513,optimal,optimal,54065.6020147822,0.0,0.0,14,8904.633829043207,optimal,optimal,5740.290904345267,5657.680130275126,0.0,0.6011636494476029,14,6392.612011268278,optimal,optimal,2586.6597837870568,2590.8909891830654,53.88005946249996,0.6828126305031081,14,10365.195733462962,optimal,optimal,630.6891474096367,347.2665648833322,0.0,0.5,1207.299147620896,1200.0000000524478,10388.67646991294,8957.639835541962,747.9723539831966,2417.5304830609466,65440.77233338511,17,42081.80812883706,0,1.0001156169892056e-07,optimal,optimal,optimal
2025-12-04,ANNUAL REFERENCE ONLY,0.9,0.5,1207.299147620896,14,1207.299147620896,optimal,optimal,63737.26534898527,0.0,0.0,14,7711.2005906644445,optimal,optimal,2465.497604132657,3476.2031358542763,6012.689861930936,0.6469914132980007,14,6425.715566773519,optimal,optimal,-634.2992025382707,0.0,1766.8809595426355,0.6829347665238384,14,10466.916302201564,optimal,optimal,568.4410211074966,299.77532801859263,10.974670896212722,0.5,1201.0030212083327,1200.0,10591.446890576557,2399.639422701883,2574.761040488493,9982.626234818601,76119.53100650576,28,38997.68552400352,0,1.0000405836763093e-07,optimal,optimal,optimal
2025-12-05,ANNUAL REFERENCE ONLY,0.9,0.5,1201.0030212083327,14,1201.0030212083327,optimal,optimal,26711.84854441278,0.0,0.0,14,9581.564781851848,optimal,optimal,-508.163842364819,46.38026957803709,2089.6749805195923,0.7050248310853137,14,7493.210018885966,optimal,optimal,-291.7894500113727,205.96010120798667,2433.2080939873076,0.7083751452770298,14,9683.079287037035,optimal,optimal,625.6465841312503,350.71629233137696,8.206294349666325e-07,0.5,1210.0657231919738,1201.0030212083327,10261.299584703174,-174.30670824494143,384.3993711586152,1644.1448301818164,28181.686666349655,14,35237.7044664097,0,1.0000491101891384e-07,optimal,optimal,optimal
2025-12-06,ANNUAL REFERENCE ONLY,0.9,0.5,1210.0657231919738,14,1210.0657231919738,optimal,optimal,28440.477675240658,0.0,0.0,14,9954.636234259258,optimal,optimal,-1185.429211758409,0.0,4058.8816189631984,0.7033072971369774,14,6783.873622055975,optimal,optimal,-365.2272334169479,68.11614700224877,1973.3810767104078,0.7163603649450242,14,9707.285639642234,optimal,optimal,639.0253544266835,361.9808800495757,34.15402181292782,0.5,1323.2546113634746,1210.0657231919738,10584.391539814815,-911.6310907486735,464.9560391215951,1969.1197652048872,29497.96634969687,11,34751.051439895535,0,1.000043994281441e-07,optimal,optimal,optimal
2025-12-07,ANNUAL REFERENCE ONLY,0.9,0.5,1323.2546113634746,14,1323.2546113634746,optimal,optimal,65520.893226142136,0.0,0.0,14,6656.795534194382,optimal,optimal,1498.5113386480518,2728.76862698712,6116.697452356017,0.66595392826543,14,7384.705687158234,optimal,optimal,-302.9883375968864,18.63643217895094,1021.239009731084,0.7134224198127438,14,10551.340627160953,optimal,optimal,423.97624855411703,223.79343555514316,0.0,0.5,1200.0000000519697,1200.0000000519697,10650.461595568775,1619.4992496052826,261.8893957739266,1117.4990474953079,68257.89152324272,8,40260.921907630065,0,1.0000803740695119e-07,optimal,optimal,optimal
2025-12-08,ANNUAL REFERENCE ONLY,0.9,0.5,1200.0000000519697,14,1200.0000000519697,optimal,optimal,67862.40813393757,0.0,0.0,14,7086.793584904259,optimal,optimal,2636.4092907183212,2469.9318543144104,1556.8138066202396,0.6748298045951765,14,7405.805968321611,optimal,optimal,-707.4411514367321,0.04074393453004177,2166.1350571951994,0.7129415335056082,14,10550.98442553543,optimal,optimal,413.0744018416737,224.11401701811712,-2.2737367544323206e-13,0.5,1252.1283548409217,1200.0000000519697,10725.892772423995,2342.0425411232627,280.5008015461491,654.2815817510298,70858.73225681185,5,37700.53847492632,0,1.0001531336456537e-07,optimal,optimal,optimal
2025-12-09,ANNUAL REFERENCE ONLY,0.9,0.5,1252.1283548409217,14,1252.1283548409217,optimal,optimal,67175.33337824863,0.0,0.0,14,7066.994644225239,optimal,optimal,1947.6170200879715,2605.1510580830663,4191.94632384319,0.6535076837597821,14,6792.656335331017,optimal,optimal,71.31242207340176,327.96632151261826,868.5905007550576,0.7266800834160356,14,10488.69500934329,optimal,optimal,522.0060869212156,280.1744915910387,0.0,0.5,1245.6753097405026,1200.0,10563.810448613971,2540.935529082589,196.80936072580525,474.16490269766643,70190.43381002889,5,39245.93569314858,0,1.0000340466831403e-07,optimal,optimal,optimal
2025-12-10,ANNUAL REFERENCE ONLY,0.9,0.5,1245.6753097405026,14,1245.6753097405026,optimal,optimal,64112.36089502965,0.0,0.0,14,6777.246952805492,optimal,optimal,4736.796725863619,3904.424256978145,1207.4632731632264,0.6664523456234175,14,6874.8545546114865,optimal,optimal,-333.58366409237425,0.0,1059.8432695671156,0.7000657071234228,14,10549.721260817527,optimal,optimal,414.90954140539657,225.250865264224,-2.2737367544323206e-13,0.5,1219.7922553717904,1200.0000000523119,10549.721260817527,4818.122603176641,861.2887071352008,1894.4198032194436,70824.90330142573,8,37976.93337256748,0,1.0002986527979374e-07,optimal,optimal,optimal
2025-12-11,ANNUAL REFERENCE ONLY,0.9,0.5,1219.7922553717904,14,1219.7922553717904,optimal,optimal,66584.37070204827,0.0,0.0,14,9344.864696882714,optimal,optimal,-675.7132928795917,669.8383951474858,4610.064412258416,0.6359059092224846,14,8050.235119774404,optimal,optimal,-663.9675274688861,10.39565532147219,2300.2376070458736,0.7090983830792559,14,10549.721260817529,optimal,optimal,414.9095414053985,225.2508652642233,1.1368683772161603e-13,0.5,1222.2119632571744,1200.000000052935,10799.999999999998,-924.7712789430794,61.09818271473092,128.2450858663107,65787.8445089715,1,39438.660899973744,0,1.0000186193792614e-07,optimal,optimal,optimal
2025-12-12,ANNUAL REFERENCE ONLY,0.9,0.5,1222.2119632571744,14,1222.2119632571744,optimal,optimal,29596.769667709832,0.0,0.0,14,10205.366666666665,optimal,optimal,-612.0452823649475,16.09973583009082,2103.7651231329805,0.5997985749225176,14,8088.811027922775,optimal,optimal,-123.33256543049058,298.3037134207799,2107.8548723898402,0.6801044106827698,14,9937.039738145726,optimal,optimal,476.67394255992093,272.9900073891922,-2.2737367544323206e-13,0.5,1304.1143479017792,1202.5459230107024,10799.999999999998,-258.7039052355172,273.0290771617367,1147.8931420667789,30485.958904541094,9,33374.02058042411,0,1.0000712245528121e-07,optimal,optimal,optimal
2025-12-13,ANNUAL REFERENCE ONLY,0.9,0.5,1304.1143479017792,14,1304.1143479017792,optimal,optimal,30452.230375214007,0.0,0.0,14,9697.315416018519,optimal,optimal,-473.662821412109,307.7436402905836,2709.527419293217,0.5924307501719098,14,7785.992303874189,optimal,optimal,-352.4364810173183,36.96022483103462,1592.1007095291684,0.6719426003764143,14,9825.729421453765,optimal,optimal,558.9020337976318,317.8399196649616,8.206340829601574e-07,0.5,1298.865364457522,1283.77353346481,10365.646897500003,-267.1972686317955,115.6332853532476,472.696543879302,30657.72965046151,5,32503.50213821676,0,1.0000712245528121e-07,optimal,optimal,optimal
2025-12-14,ANNUAL REFERENCE ONLY,0.9,0.5,1298.865364457522,14,1298.865364457522,optimal,optimal,63549.38475108687,0.0,0.0,14,8580.863412336732,optimal,optimal,2196.888949354761,1958.4003708386267,983.9290391856932,0.6050975231865059,14,6357.676721904435,optimal,optimal,1146.574363014857,1243.128505074771,513.7293206317369,0.6781637259127381,14,10585.431074362883,optimal,optimal,362.76480746295044,193.1120330734029,0.0,0.5,1200.0000000519697,1200.0,10585.431074362883,3706.228119832568,236.0800802538393,1185.48895076578,68441.10182168522,5,39996.21658845375,0,1.0000064776249928e-07,optimal,optimal,optimal
2025-12-15,ANNUAL REFERENCE ONLY,0.9,0.5,1200.0000000519697,14,1200.0000000519697,optimal,optimal,65777.1214101562,0.0,0.0,14,8742.170498718218,optimal,optimal,2828.154903532296,2317.7905041491294,487.58654919251615,0.6068051861111756,14,7938.100556733877,optimal,optimal,-463.10712702586244,0.14656452216127036,1459.7547748827972,0.6642991777460127,14,10555.093928284188,optimal,optimal,416.32898028039233,220.41546454422908,0.0,0.5,1220.4455402751644,1200.0000000519697,10800.0,2781.376756786826,5.593213404084723,11.801680282993336,68570.29984722602,1,39460.4269541943,0,1.0000110250985017e-07,optimal,optimal,optimal
2025-12-16,ANNUAL REFERENCE ONLY,0.9,0.5,1220.4455402751644,14,1220.4455402751644,optimal,optimal,70116.97241771029,0.0,0.0,14,8622.588860284248,optimal,optimal,648.9031877919468,1425.2559118586967,3485.323446744922,0.6599077346479698,14,8050.235119774408,optimal,optimal,-606.55170077648,0.0,1919.2531217333094,0.6049856786354371,14,10547.917983780495,optimal,optimal,418.0453229597814,226.8738145975521,0.0,0.5,1200.0000000519697,1200.0000000519697,10793.33293079257,460.3968099752483,18.326571950462892,39.182211375734234,70616.55143906128,1,37854.721275569784,0,1.0001108967117034e-07,optimal,optimal,optimal
2025-12-17,ANNUAL REFERENCE ONLY,0.9,0.5,1200.0000000519697,14,1200.0000000519697,optimal,optimal,69587.92165140684,0.0,0.0,14,8575.727307787403,optimal,optimal,-301.7369954046599,833.9849887471418,4400.699736739468,0.6447440358894859,14,8150.659818607724,optimal,optimal,-529.6305847156117,51.147971769892365,2002.1491676187843,0.6016560314471937,14,10603.959460076854,optimal,optimal,333.53159248250745,176.43648593082935,0.0,0.5,1224.1135323135795,1200.0000000519697,10773.281867334208,-497.8359876377642,2.0957219544192823e-07,1.2000095695408162e-06,69090.08566496908,0,37946.412827177744,0,1.0000529982789886e-07,optimal,optimal,optimal
2025-12-18,ANNUAL REFERENCE ONLY,0.9,0.5,1224.1135323135795,14,1224.1135323135795,optimal,optimal,64386.95301153623,0.0,0.0,14,8526.579667474361,optimal,optimal,2722.33976996684,2745.0314640676206,100.12086752897414,0.64919780053371,14,8166.93207548086,optimal,optimal,-301.6988623510849,0.0,1008.9627828200056,0.5752075999806714,14,10576.365447434313,optimal,optimal,368.6274960768526,196.5152639757859,0.0,0.5,1232.8794354622894,1216.6834815527025,10800.0,2789.2684036926075,3.5153587673536383e-07,1.5000125927078442e-06,67176.22141672885,0,36845.71082842439,0,1.0000395650422434e-07,optimal,optimal,optimal
2025-12-19,ANNUAL REFERENCE ONLY,0.9,0.5,1232.8794354622894,14,1232.8794354622894,optimal,optimal,27727.547235214886,0.0,0.0,14,10164.65294064815,optimal,optimal,786.9397397676103,1088.1123621549048,0.916618923946487,0.6377550056766438,14,7619.92136996401,optimal,optimal,-370.5363547912792,12.111672896157984,1448.4318472773848,0.5658187992682979,14,9849.875877870369,optimal,optimal,508.65523511824557,282.9435459852779,0.0,0.5,1332.6781858393276,1212.2966566256544,10785.0047925,925.0586200945766,66.2871160881664,303.0173881487881,28955.62324345825,3,32358.900958992468,0,1.0000712245528121e-07,optimal,optimal,optimal
2025-12-20,ANNUAL REFERENCE ONLY,0.9,0.5,1332.6781858393276,14,1332.6781858393276,optimal,optimal,29409.852921467733,0.0,0.0,14,10194.885730185184,optimal,optimal,-642.1781514641887,0.0,1831.04293010069,0.6727523463040284,14,7255.033218621519,optimal,optimal,-324.81223106218096,24.46794166666666,1218.940000485712,0.5324825227496145,14,9871.127379721598,optimal,optimal,507.0594034250064,339.61235825056116,0.0,0.5,1293.623950918071,1293.623950918071,10738.450545,-459.93097910136316,220.6119194345126,929.8338907799141,29879.755833146286,9,33668.95913054147,0,1.0000732686421543e-07,optimal,optimal,optimal
2025-12-21,ANNUAL REFERENCE ONLY,0.9,0.5,1293.623950918071,14,1293.623950918071,optimal,optimal,65181.2177772884,0.0,0.0,14,10042.710824765734,optimal,optimal,-291.6372229576963,163.50181173559645,1462.7836184937016,0.6735423800968104,14,8633.673131336702,optimal,optimal,-407.4411710484498,79.4123068655536,1804.8902939972293,0.5161612824884895,14,10502.625914440892,optimal,optimal,398.6900079522813,211.6443667176646,1.1368683772161603e-13,0.5,1256.1433425521718,1246.433852116191,10800.000000000002,-300.38838605386474,1.702730059307117e-07,4.999972551833707e-07,64880.829391734536,0,39668.02743530909,0,1.0000036945712054e-07,optimal,optimal,optimal
2025-12-22,ANNUAL REFERENCE ONLY,0.9,0.5,1256.1433425521718,14,1256.1433425521718,optimal,optimal,63579.161069069145,0.0,0.0,14,10000.441324446458,optimal,optimal,-271.67026099226575,130.77177379800332,1301.8093866010245,0.6370181998310713,14,8340.469714847757,optimal,optimal,-426.3400931471268,31.8864751290634,1739.594968201443,0.5162576220476149,14,10681.596642229635,optimal,optimal,122.64631810628559,106.56302199332693,0.0,0.5,1200.0000000519694,1200.0,10729.072378558029,-575.364036033107,149.98661934701144,725.4551947028057,63729.25222773885,7,42424.304379161586,0,1.00000761449337e-07,optimal,optimal,optimal
2025-12-23,ANNUAL REFERENCE ONLY,0.9,0.5,1200.0000000519694,14,1200.0000000519694,optimal,optimal,65389.87062008693,0.0,0.0,14,10335.533984168205,optimal,optimal,-1147.483623974419,0.0,3334.394628129076,0.5966270834504038,14,8353.02366955153,optimal,optimal,-594.4995166375602,0.0,2140.956041180276,0.5658864161025032,14,10591.811416735281,optimal,optimal,250.84430074322074,151.6647249382467,-1.1368683772161603e-13,0.5,1200.0000000519697,1200.0000000519694,10776.851052899447,-1491.1388398687586,50.99659389884602,107.94868015262662,64006.6804603708,5,42120.2492901955,0,1.0000803740695119e-07,optimal,optimal,optimal
2025-12-24,ANNUAL REFERENCE ONLY,0.9,0.5,1200.0000000519697,14,1200.0000000519697,optimal,optimal,64643.233028894894,0.0,0.0,14,8577.06404574074,optimal,optimal,1485.9009353175638,1560.6245925391463,1541.662345439439,0.5970461351492158,14,8375.51402831881,optimal,optimal,-774.7855101475734,0.0,2579.928115303201,0.5788801508142505,14,10565.76132342562,optimal,optimal,273.1669307679469,159.7556914109526,-1.1368683772161603e-13,0.5,1211.6575814430803,1200.0000000519697,10761.766964055652,984.2823559379374,144.5488325312545,843.2793082290654,66470.7946930619,3,40533.988959336275,0,1.0001531336456537e-07,optimal,optimal,optimal
2025-12-25,ANNUAL REFERENCE ONLY,0.9,0.5,1211.6575814430803,14,1211.6575814430803,optimal,optimal,61617.03735186645,0.0,0.0,14,9150.22218926674,optimal,optimal,1050.9776737169586,1184.907763032772,1415.879873069749,0.5742701733120054,14,7462.9339915697365,optimal,optimal,217.9369145674055,297.71969852450025,406.7455125587151,0.5564793848446332,14,10556.819369729628,optimal,optimal,309.8517628235706,183.15756724333585,76.61801175297833,0.5,1214.5403670367184,1200.0,10697.54923616985,1578.7663511079347,116.79138520208782,272.06357707799305,63467.86728005238,4,42034.91223271344,0,1.00000761449337e-07,optimal,optimal,optimal
2025-12-26,ANNUAL REFERENCE ONLY,0.9,0.5,1214.5403670367184,14,1214.5403670367184,optimal,optimal,27417.096213822748,0.0,0.0,14,10218.741230740738,optimal,optimal,-364.3471551209268,161.0308183395755,2019.0338676533543,0.5819003276456636,14,7960.035512041886,optimal,optimal,-441.51505555311894,31.417799458035226,1851.2474191825856,0.6129184612127577,14,9933.318166633653,optimal,optimal,341.3794777343457,215.41576309555802,75.96539662768849,0.5,1222.427982010075,1214.5403670367184,10799.457897407405,-464.48273293970004,329.416844752845,1149.78477883801,28102.398259721056,9,36204.733762735676,0,1.000043994281441e-07,optimal,optimal,optimal
2025-12-27,ANNUAL REFERENCE ONLY,0.9,0.5,1222.427982010075,14,1222.427982010075,optimal,optimal,28316.3987108568,0.0,0.0,14,10096.426503981484,optimal,optimal,-515.4052032449298,88.198768847113,2218.267712707111,0.5667241990353776,14,7876.404254061974,optimal,optimal,-378.22355642255275,35.66112572122949,1618.0594327426184,0.6464055111115669,14,9781.036666666667,optimal,optimal,509.69587054074435,298.9130630658427,16.728213391848886,0.5,1273.6133559159434,1222.427982010075,10667.752429907408,-383.9328891267382,96.41031685058462,490.4497368506975,28422.915558580757,6,35314.80298309121,0,1.0001167538575828e-07,optimal,optimal,optimal
2025-12-28,ANNUAL REFERENCE ONLY,0.9,0.5,1273.6133559159434,14,1273.6133559159434,optimal,optimal,63979.062828821494,0.0,0.0,14,8635.17194830247,optimal,optimal,1509.5635262377905,1793.0262236441513,2295.2153292075886,0.581553872172904,14,8190.90853972137,optimal,optimal,-691.3202316377873,39.73856973293664,2299.899347980697,0.6439108888432244,14,10509.28991925926,optimal,optimal,404.69243515317726,225.934072666668,20.439987221733418,0.5,1237.7301722718432,1237.7301722718432,10776.357452485683,1222.9357297531806,201.85770190059975,519.8133810686043,65721.81193964327,5,39606.833909064124,0,1.0000245765695582e-07,optimal,optimal,optimal
2025-12-29,ANNUAL REFERENCE ONLY,0.9,0.5,1237.7301722718432,14,1237.7301722718432,optimal,optimal,60924.83425689739,0.0,0.0,14,10142.544905740744,optimal,optimal,987.9537387453887,963.2319264388025,308.40635805207035,0.6005516501070849,14,6834.444069550646,optimal,optimal,-235.76508030343467,61.2129500255753,838.3635192840322,0.6641562355769401,14,10562.584657944733,optimal,optimal,189.88087003105022,146.48797451640468,0.0,0.5,1204.9279260880385,1204.9279260880385,10800.0,942.0695284730042,2.919378216215715e-07,1.1000014548770196e-06,61866.90378647039,0,44474.50842288226,0,1.0000245765695582e-07,optimal,optimal,optimal
2025-12-30,ANNUAL REFERENCE ONLY,0.9,0.5,1204.9279260880385,14,1204.9279260880385,optimal,optimal,61082.212012184646,0.0,0.0,14,10016.639634845678,optimal,optimal,1675.115338439689,1465.066394462126,724.6687201793119,0.6007256872824439,14,6465.458682899031,optimal,optimal,-722.5818361132777,3.1056010288067455,2026.5876048296332,0.6126122709541754,14,10616.798563771692,optimal,optimal,184.32132545488565,160.22485824333637,0.0,0.5,1246.1268593982165,1200.0,10757.913954277155,1136.8548277812968,224.38626867884628,1056.2101617408957,63275.27700170684,5,42207.65081079238,0,1.0000230759033003e-07,optimal,optimal,optimal
2025-12-31,ANNUAL REFERENCE ONLY,0.9,0.5,1246.1268593982165,14,1246.1268593982165,optimal,optimal,62240.999010918065,0.0,0.0,14,10117.958147592599,optimal,optimal,648.9161736876122,679.3453297633371,892.1598124908986,0.5666711450276865,14,6730.681349964624,optimal,optimal,-198.62878434795203,27.680108363637828,722.910180891472,0.6313463178122489,14,10616.798563618608,optimal,optimal,171.55403355485322,140.31950743989955,0.0,0.5,1200.0000000519697,1200.0000000519697,10756.013962463925,621.8414228945134,61.433220499380305,129.29107807651445,62992.13151188909,3,43717.26656894558,0,1.00000761449337e-07,optimal,optimal,optimal
