date,run_label,alpha,lambda,soc_start_kwh,scenario_count_00,soc_00_kwh,plan_primary_status_00,plan_secondary_status_00,plan_cost_00_yuan,increase_00_kwh,decrease_00_kwh,scenario_count_06,soc_06_kwh,plan_primary_status_06,plan_secondary_status_06,adjustment_cost_06_yuan,increase_06_kwh,decrease_06_kwh,rho_06,scenario_count_12,soc_12_kwh,plan_primary_status_12,plan_secondary_status_12,adjustment_cost_12_yuan,increase_12_kwh,decrease_12_kwh,rho_12,scenario_count_18,soc_18_kwh,plan_primary_status_18,plan_secondary_status_18,adjustment_cost_18_yuan,increase_18_kwh,decrease_18_kwh,rho_18,soc_end_kwh,soc_min_kwh,soc_max_kwh,adjustment_cost_total_yuan,actual_emergency_purchase_kwh,actual_emergency_cost_yuan,total_actual_cost_yuan,emergency_slot_count,actual_throughput_kwh,simultaneous_slots,max_constraint_violation,actual_primary_status,actual_secondary_status,actual_tertiary_status
2025-02-01,ANNUAL REFERENCE ONLY,0.95,0.5,6000.0,2,6000.0,optimal,optimal,21719.94543355953,0.0,0.0,2,9642.039444444446,optimal,optimal,-984.1827128643607,0.0,3016.4040319831397,0.6203361283146992,2,7124.128017037038,optimal,optimal,-75.30368939828337,0.0,195.5807070193136,0.5219275667876406,2,10197.944476851852,optimal,optimal,-30.973470065879933,0.0,62.756499171064675,0.5,1200.0000001,1200.0000001,10800.000000000002,-1090.459872328524,31.888854328703772,115.43195186634222,20744.91751309735,2,30842.755403720774,0,1.0000030670198612e-07,optimal,optimal,optimal
2025-02-02,ANNUAL REFERENCE ONLY,0.95,0.5,1200.0000001,3,1200.0000001,optimal,optimal,57517.54812983773,0.0,0.0,3,10771.232306534266,optimal,optimal,-1230.9051505970351,9.157730099887885,3718.2643555366476,0.630420805544078,3,7656.592467969517,optimal,optimal,-331.93170582898244,29.538682462871748,1163.9228574957062,0.5328440473078151,3,10800.0,optimal,optimal,1e-07,1.579778830963665e-07,0.0,0.5,1225.040735833422,1200.0000001,10800.0,-1562.8368563260176,12.212987546772625,26.459437518749873,55981.17071103046,1,40766.17092579617,0,1.0000417205446865e-07,optimal,optimal,optimal
2025-02-03,ANNUAL REFERENCE ONLY,0.95,0.5,1225.040735833422,4,1225.040735833422,optimal,optimal,59093.48325071129,0.0,0.0,4,10794.161419753087,optimal,optimal,-1626.7411086855795,0.0,4624.542503469867,0.6081206271476367,4,7638.409423039329,optimal,optimal,-515.3194351759748,0.0,1537.8957574827555,0.5188848576958215,4,10786.822222222223,optimal,optimal,22.27663809999573,11.859999999998864,0.0,0.5,1277.7602025957685,1225.040735833422,10800.0,-2119.783905761559,104.40272012886243,391.4275183615578,57365.12686331129,6,41442.299920970254,0,1.0001531336456537e-07,optimal,optimal,optimal
2025-02-04,ANNUAL REFERENCE ONLY,0.95,0.5,1277.7602025957685,5,1277.7602025957685,optimal,optimal,60971.52230515436,0.0,0.0,5,10799.999999999998,optimal,optimal,-1334.8143194555166,159.7802744378369,4231.801876667108,0.604213286359979,5,7942.732885092671,optimal,optimal,-848.0840445519359,0.0,2483.76466645072,0.5361436228440177,5,10792.654320987655,optimal,optimal,12.417650100003051,6.611111111110802,0.0,0.5,1274.1064432698436,1274.1064432698436,10800.000000000002,-2170.4807139074496,83.70572715419613,223.29167144809873,59024.33326269501,6,42191.69591488561,0,1.0001213013310917e-07,optimal,optimal,optimal
2025-02-05,ANNUAL REFERENCE ONLY,0.95,0.5,1274.1064432698436,6,1274.1064432698436,optimal,optimal,57353.28572830621,0.0,0.0,6,10800.0,optimal,optimal,-267.18698224363516,336.8706296869674,1899.7964132373077,0.6073189178332172,6,7057.38118332164,optimal,optimal,-408.12690788340194,0.0,1094.7274017512777,0.5500793609993078,6,10800.000000000002,optimal,optimal,9.999999999999997e-08,2.162790833295915e-07,1.7518848703585688e-07,0.5,1277.087736885722,1274.1064432698436,10800.000000000002,-675.3138900270371,134.38244404141568,426.8030190967222,57104.7748573759,7,42260.007128707,0,1.0001076589105651e-07,optimal,optimal,optimal
2025-02-06,ANNUAL REFERENCE ONLY,0.95,0.5,1277.087736885722,7,1277.087736885722,optimal,optimal,61391.930152914334,0.0,0.0,7,10797.222530864196,optimal,optimal,-1815.5893762743947,0.0,4965.723174524712,0.6235349872124988,7,7765.633397533627,optimal,optimal,-1117.3476043010094,0.0,3153.4712019691447,0.5707119684648804,7,10796.047530864198,optimal,optimal,6.681530599990914,3.5572222222231424,1.2505552149377763e-12,0.5,1278.7043781571924,1277.087736885722,10800.0,-2926.2554499754133,106.16394737009898,232.2536804729187,58697.92838341184,4,41791.391708745265,0,1.0000940164900385e-07,optimal,optimal,optimal
2025-02-07,ANNUAL REFERENCE ONLY,0.95,0.5,1278.7043781571924,8,1278.7043781571924,optimal,optimal,23851.720728373584,0.0,0.0,8,10018.20918856481,optimal,optimal,-910.8759252884274,0.0,3046.168995338748,0.6423505795163891,8,7397.719001932886,optimal,optimal,-478.11078029289524,0.0,1639.8628938071754,0.6644873138638798,8,9857.922070987655,optimal,optimal,-9.330032625282763,2.1627485732035147e-07,18.90392627240131,0.5,1320.8816027725677,1210.2488996913573,10800.0,-1398.3167382066054,107.51145435483437,426.83224206877065,22880.236232235748,4,35506.6975767487,0,1.000043994281441e-07,optimal,optimal,optimal
2025-02-08,ANNUAL REFERENCE ONLY,0.95,0.5,1320.8816027725677,9,1320.8816027725677,optimal,optimal,19424.548034831714,0.0,0.0,9,8242.78749719927,optimal,optimal,-104.94118497429989,7.326614365056457,294.7452128425161,0.6251944679866634,9,7403.960153865937,optimal,optimal,-22.441887260251704,0.9439153216314935,56.56841389235393,0.7212701175370082,9,9849.687000841885,optimal,optimal,180.92621674656235,125.93790892067346,35.081055833334986,0.5,1340.9964118698765,1268.093527777773,10800.0,53.543144512010755,247.85580422886602,880.1652820313209,20358.256461375047,15,34607.4036203686,0,1.0000803740695119e-07,optimal,optimal,optimal
2025-02-09,ANNUAL REFERENCE ONLY,0.95,0.5,1340.9964118698765,10,1340.9964118698765,optimal,optimal,56985.857125545386,0.0,0.0,10,10798.012861111112,optimal,optimal,-768.4629026791162,0.36215565518421045,1818.4737788712862,0.6518986649382474,10,8071.035553913798,optimal,optimal,-699.8100620893607,1.316063368296227,2184.339249649143,0.7139956059165149,10,10767.603727927324,optimal,optimal,21.80114135739783,18.44831153207531,15.398746906124183,0.5,1294.7725631162673,1290.434279907404,10800.000000000002,-1446.471823411079,125.97083898409292,472.0152935238912,56011.400595658204,6,41305.68219981946,0,1.0001531336456537e-07,optimal,optimal,optimal
2025-02-10,ANNUAL REFERENCE ONLY,0.95,0.5,1294.7725631162673,11,1294.7725631162673,optimal,optimal,54050.6707679425,0.0,0.0,11,10166.123414552467,optimal,optimal,-2221.285385539967,0.302668587834205,6211.445603563924,0.632296215923355,11,7605.153757887789,optimal,optimal,334.81050513455455,486.3897454459438,791.7726682287673,0.7122470447481396,11,10800.0,optimal,optimal,-11.56296237733917,-6.252776074688882e-13,28.8206932942772,0.5,1204.737425245422,1204.737425245422,10800.000000000002,-1898.0378427827516,202.71168247792582,482.78601167314514,52635.418936832895,4,40904.57599266722,0,1.0000894690165296e-07,optimal,optimal,optimal
2025-02-11,ANNUAL REFERENCE ONLY,0.95,0.5,1204.737425245422,12,1204.737425245422,optimal,optimal,54941.78268913884,0.0,0.0,12,9885.878620370368,optimal,optimal,-1713.5635435201339,0.05186519627159214,4468.022090392035,0.6087291375097827,12,6734.128055947902,optimal,optimal,-696.6548579704765,0.0,1839.0598780524883,0.7061748899852236,12,10800.0,optimal,optimal,-11.18243095638976,1.0231815394945443e-12,27.04084567519409,0.5,1268.9469032395018,1200.0,10800.0,-2421.4008324470005,680.1319924304938,2116.5810487989984,54636.962905490844,18,42618.47186958179,0,1.0000803740695119e-07,optimal,optimal,optimal
2025-02-12,ANNUAL REFERENCE ONLY,0.95,0.5,1268.9469032395018,13,1268.9469032395018,optimal,optimal,54505.41480022283,0.0,0.0,13,10559.814568395064,optimal,optimal,-1894.491299962116,0.6889335652016371,5187.313764245161,0.6160564084196161,13,7380.463001757218,optimal,optimal,-506.8096298601529,2.878439202735649,1506.5016477539234,0.7216505498964687,13,10618.715140413302,optimal,optimal,225.34177985885907,163.1563736280282,9.985632402388887,0.5,1269.2048637080843,1199.9999999999998,10800.0,-2175.95914996341,702.5471452071434,2420.697835511393,54750.15348577081,27,41847.084116367114,0,1.0000258043874055e-07,optimal,optimal,optimal
2025-02-13,ANNUAL REFERENCE ONLY,0.95,0.5,1269.2048637080843,14,1269.2048637080843,optimal,optimal,50956.88937579142,0.0,0.0,14,9794.124149598758,optimal,optimal,-1496.1226828871957,55.453303790128416,4482.683215072277,0.6239763911438716,14,7441.310768618413,optimal,optimal,688.6393673442136,742.921382214676,498.43190384778427,0.7152704096105844,14,10800.0,optimal,optimal,-31.900032551672513,0.0,49.53036666666787,0.5,1406.983988614253,1269.2048637080843,10800.0,-839.3833480946546,147.44205033078637,483.910900452083,50601.41692814884,4,40502.30616224068,0,1.0000252359532169e-07,optimal,optimal,optimal
2025-02-14,ANNUAL REFERENCE ONLY,0.95,0.5,1406.983988614253,14,1406.983988614253,optimal,optimal,19000.861698638444,0.0,0.0,14,8092.5134942578525,optimal,optimal,178.05722758267,235.8562284855779,375.7658069444444,0.6139351606603018,14,6890.333610368963,optimal,optimal,332.43947600383694,265.6132466541485,-3.979039320256561e-13,0.6610797178699424,14,9972.387262513957,optimal,optimal,157.91968373201252,112.64321479885649,-1.1368683772161603e-13,0.5,1337.0764874779438,1337.0764874779438,10800.0,668.4163873185195,75.79765172097899,162.69173392698627,19831.96981988395,5,33620.68349922747,0,1.0000803740695119e-07,optimal,optimal,optimal
2025-02-15,ANNUAL REFERENCE ONLY,0.95,0.5,1337.0764874779438,14,1337.0764874779438,optimal,optimal,18896.537754148303,0.0,0.0,14,6541.9121125,optimal,optimal,-374.66312671601264,49.625856906726426,1332.1563562049541,0.6534422560226923,14,6527.794023086344,optimal,optimal,164.69891488196407,134.95952784833167,1.1368683772161603e-13,0.5906384331605111,14,9899.536931063354,optimal,optimal,238.73067805732734,172.29616732188197,-5.684341886080802e-14,0.5,1209.9411180555553,1200.0,10729.114588802599,28.76646622327877,516.6292859416772,1399.3480998522305,20324.652320223813,18,33429.17670944743,0,1.00000761449337e-07,optimal,optimal,optimal
2025-02-16,ANNUAL REFERENCE ONLY,0.95,0.5,1209.9411180555553,14,1209.9411180555553,optimal,optimal,53747.73837392545,0.0,0.0,14,9949.512344938272,optimal,optimal,-1638.5194319661243,134.79757949999953,4898.897899226333,0.6479058734291734,14,6475.792831944055,optimal,optimal,-142.7034266585477,0.0,362.9901350026713,0.5846020608283324,14,10469.605299182462,optimal,optimal,405.5359364418139,297.3552307357839,0.0,0.5,1313.1402056737709,1209.9411180555553,10737.728129453342,-1375.686922182858,66.5417870430647,148.8669977288159,52520.918449471406,2,41012.38502794891,0,1.00000761449337e-07,optimal,optimal,optimal
2025-02-17,ANNUAL REFERENCE ONLY,0.95,0.5,1313.1402056737709,14,1313.1402056737709,optimal,optimal,53475.63346225208,0.0,0.0,14,10144.973198709238,optimal,optimal,-1839.1806829161444,83.95443802641972,5686.901285198253,0.6703462412443004,14,8167.793452487444,optimal,optimal,-824.0760839226502,20.939399458832384,2880.7502393999616,0.5739117568211114,14,10486.48164454216,optimal,optimal,261.73463156632647,210.0132105034704,0.0,0.5,1270.596541166786,1243.5945167592592,10512.27259954216,-2401.5221352724684,1.4133579833425733e-07,2.999998672388756e-07,51074.111327279614,0,36978.29155432134,0,1.00000761449337e-07,optimal,optimal,optimal
2025-02-18,ANNUAL REFERENCE ONLY,0.95,0.5,1270.596541166786,14,1270.596541166786,optimal,optimal,47537.98254777512,0.0,0.0,14,9070.314163888894,optimal,optimal,338.46286397555326,481.55072529911865,68.85946342492389,0.7300710487666738,14,7500.167656466509,optimal,optimal,-108.4842035621703,3.5309269055445043,279.9125888327596,0.5798435495271779,14,10340.502285904022,optimal,optimal,583.116156904397,378.34563523610177,0.0,0.5,1286.475293956277,1245.0126468518483,10340.502285904022,813.09481731778,817.7485078654452,2951.9302888456714,51303.00765393858,11,37666.33717084835,0,1.0001531336456537e-07,optimal,optimal,optimal
2025-02-19,ANNUAL REFERENCE ONLY,0.95,0.5,1286.475293956277,14,1286.475293956277,optimal,optimal,48071.96244603078,0.0,0.0,14,9189.930688395441,optimal,optimal,-57.754905891649145,215.4333680108449,934.5640725479618,0.7097006428897662,14,5855.855879559622,optimal,optimal,1951.2092469032282,1950.9290777893061,41.636470196585606,0.5568894837691477,14,10529.199255937829,optimal,optimal,177.6526613856651,221.1990712098913,0.0,0.5,1200.0000000519697,1200.0,10539.977640937828,2071.1070023972443,322.3385510623699,810.0469573855808,50953.116405813606,12,40940.85133915191,0,1.0000098882301245e-07,optimal,optimal,optimal
2025-02-20,ANNUAL REFERENCE ONLY,0.95,0.5,1200.0000000519697,14,1200.0000000519697,optimal,optimal,49736.83480751015,0.0,0.0,14,9604.911311265427,optimal,optimal,565.222780778283,1052.689352726238,1938.274233979595,0.6941123663921002,14,6772.058897893499,optimal,optimal,-311.9077517277263,0.0,928.8031887547654,0.5773763433242316,14,10591.712744112167,optimal,optimal,235.2625098505661,184.53494304786,0.0,0.5,1297.446104589063,1200.0000000519697,10688.280709108778,488.5775389011228,1.5582830896570546e-07,4.000012787495507e-07,50225.41234681128,0,39487.885753630646,0,1.000011716314475e-07,optimal,optimal,optimal
2025-02-21,ANNUAL REFERENCE ONLY,0.95,0.5,1297.446104589063,14,1297.446104589063,optimal,optimal,18026.399464125934,0.0,0.0,14,7049.579923522732,optimal,optimal,29.31125069053922,37.83427476792167,50.33745998784634,0.6807243089816691,14,8207.08315167088,optimal,optimal,121.68022221301648,99.1461497015577,55.07696246618314,0.6081860077554624,14,9770.923712962964,optimal,optimal,399.4107738915838,268.41778823918,0.0,0.5,1268.5632913248962,1240.039986437471,10405.408567063398,550.4022467951395,261.86997109826376,1348.5410388903238,19925.342749811396,5,31920.694989769614,0,1.0000712245528121e-07,optimal,optimal,optimal
2025-02-22,ANNUAL REFERENCE ONLY,0.95,0.5,1268.5632913248962,14,1268.5632913248962,optimal,optimal,18302.375933224474,0.0,0.0,14,6073.594481296294,optimal,optimal,405.7325049320745,401.30232673359416,64.55231899376001,0.6548405726401891,14,7078.572937246088,optimal,optimal,-126.36747542128145,0.0,364.77977856690455,0.6266667170020838,14,9850.860556068474,optimal,optimal,563.3620459294272,392.1243378567671,0.0,0.5,1278.6337876049931,1225.23477724609,10617.88204688213,842.7270754402202,75.96768478390995,190.8329079421548,19335.93591660685,4,31508.310492882087,0,1.0000245765695582e-07,optimal,optimal,optimal
2025-02-23,ANNUAL REFERENCE ONLY,0.95,0.5,1278.6337876049931,14,1278.6337876049931,optimal,optimal,49145.93332774185,0.0,0.0,14,9706.434043703703,optimal,optimal,776.2026347159763,759.4108883847782,137.68192966084416,0.642413030745127,14,6424.836044544404,optimal,optimal,-586.0268367413527,0.0,1623.4099334539792,0.644139191617846,14,10691.01968751134,optimal,optimal,159.2017529474679,94.78478123979457,0.0,0.5,1266.02541588271,1200.77391598271,10715.05127772512,349.3775509220915,1.9802033994229724e-07,8.999908350735494e-07,49495.310879563935,0,41440.112782239434,0,1.0000186193792614e-07,optimal,optimal,optimal
2025-02-24,ANNUAL REFERENCE ONLY,0.95,0.5,1266.02541588271,14,1266.02541588271,optimal,optimal,47332.37220156111,0.0,0.0,14,9959.559259259258,optimal,optimal,671.7267992536209,1015.221408718829,30.057949435991645,0.6201905997217892,14,6951.247466071697,optimal,optimal,-519.3565315548702,0.0,1414.3183062181424,0.6697042553529229,14,10589.161833969698,optimal,optimal,334.55372647290875,186.4568494272715,0.0,0.5,1250.3110678773207,1228.814151326142,10800.0,486.92399417165944,264.70953647835483,1299.2771265148745,49118.57332224765,6,37142.92711943327,0,1.0000858901548782e-07,optimal,optimal,optimal
2025-02-25,ANNUAL REFERENCE ONLY,0.95,0.5,1250.3110678773207,14,1250.3110678773207,optimal,optimal,48760.63566357292,0.0,0.0,14,9771.108747222215,optimal,optimal,15.039094242433805,555.4231426843305,1520.7626304695782,0.5659958479968336,14,7886.708540864651,optimal,optimal,-1011.7637921916256,0.0,3287.382427787318,0.6663253470070647,14,10650.923894361476,optimal,optimal,228.9257310085246,130.87099507467192,0.0,0.5,1240.9519433376481,1200.0000000526593,10780.09581203703,-767.7989669406671,19.605926266442665,41.36850455180341,48034.20520118406,1,37665.61083326467,0,1.0000007932831068e-07,optimal,optimal,optimal
2025-02-26,ANNUAL REFERENCE ONLY,0.95,0.5,1240.9519433376481,14,1240.9519433376481,optimal,optimal,44268.92478590214,0.0,0.0,14,9767.688534177598,optimal,optimal,1190.812649503764,1449.5420217662547,0.8259715349999732,0.5725853594492636,14,6512.43096047933,optimal,optimal,1509.8348872857018,1534.0017773766558,27.47167100847423,0.6948286788827562,14,10570.369490919416,optimal,optimal,349.3874613896837,197.37912483919087,-1.1368683772161603e-13,0.5,1237.7515350103097,1222.730562940747,10664.188460103524,3050.0349981791496,291.9336097466955,1427.2626396370292,48746.222423718325,9,40011.27236312477,0,1.0000098882301245e-07,optimal,optimal,optimal
2025-02-27,ANNUAL REFERENCE ONLY,0.95,0.5,1237.7515350103097,14,1237.7515350103097,optimal,optimal,45675.513884348286,0.0,0.0,14,9914.93780259259,optimal,optimal,221.77170187326476,645.7538210198102,1525.6345913393193,0.5833796644757399,14,6827.529469353622,optimal,optimal,90.88711721984798,130.85350297638917,189.66197515540227,0.694164167752262,14,10484.256167672751,optimal,optimal,446.40201923510097,284.16944925681827,0.0,0.5,1247.387573854252,1199.9999999999998,10797.495209999997,759.0608383282138,223.20703131958348,1063.3598632315775,47497.93458590808,9,40870.181954385414,0,1.0000110250985017e-07,optimal,optimal,optimal
2025-02-28,ANNUAL REFERENCE ONLY,0.95,0.5,1247.387573854252,14,1247.387573854252,optimal,optimal,17571.987943546876,0.0,0.0,14,6008.263679089722,optimal,optimal,-85.00638650230827,33.50560392482029,267.5011804835775,0.5840047976994293,14,9034.26697863582,optimal,optimal,85.97084296933387,77.82279269731002,50.977553166794884,0.6861676199693404,14,9661.91036842657,optimal,optimal,389.13699407563513,248.9842183704531,0.0,0.5,1252.1361915121072,1202.7995426148757,10521.809325836439,390.1014505426607,1.9290854112633705e-07,5.999865402590784e-07,17962.089394689523,0,31457.725790951597,0,1.000043994281441e-07,optimal,optimal,optimal
2025-03-01,ANNUAL REFERENCE ONLY,0.95,0.5,1252.1361915121072,14,1252.1361915121072,optimal,optimal,20187.285845772516,0.0,0.0,14,9751.567759259258,optimal,optimal,-274.659247490178,10.125808099325695,999.8277818013966,0.5715688806782705,14,10286.876731061,optimal,optimal,-112.62866150123122,0.0,280.0172333324489,0.6753199760646394,14,9817.88500925926,optimal,optimal,396.43607366999106,298.6440879354925,0.0,0.5,1244.3491478935177,1226.968184081481,10800.0,9.148164678581793,47.111807152086215,246.30838167940212,20442.7423921305,2,29125.342312125482,0,1.00000761449337e-07,optimal,optimal,optimal
2025-03-02,ANNUAL REFERENCE ONLY,0.95,0.5,1244.3491478935177,14,1244.3491478935177,optimal,optimal,51932.14891588812,0.0,0.0,14,9732.686291209258,optimal,optimal,668.1696436623378,903.3439632427135,967.9580983258277,0.5859467581707153,14,8072.867524892408,optimal,optimal,-880.0840792105673,0.0,2698.8433685262326,0.6744831662607093,14,10465.438080494592,optimal,optimal,387.8902390634897,290.5770842844021,0.0,0.5,1229.8503848412495,1200.000000052411,10800.0,175.9758035152601,15.695012176486514,33.19776775669904,52141.32248716008,2,40312.863841743725,0,1.0000803740695119e-07,optimal,optimal,optimal
2025-03-03,ANNUAL REFERENCE ONLY,0.95,0.5,1229.8503848412495,14,1229.8503848412495,optimal,optimal,53263.62109903965,0.0,0.0,14,9890.436572623457,optimal,optimal,-969.7788152637156,351.5190731766024,3938.6291628729036,0.5977997556604822,14,8277.46492467991,optimal,optimal,-525.0436760833408,116.48003328813274,2349.295326185512,0.6631549236624823,14,10255.575101593955,optimal,optimal,392.01311636043755,289.166600895008,0.0,0.5,1229.1785893295842,1200.0,10576.751598255352,-1102.8093749866186,23.231891675536783,109.92004904071372,52270.73177309375,2,38961.04867151594,0,1.0002258932217956e-07,optimal,optimal,optimal
2025-03-04,ANNUAL REFERENCE ONLY,0.95,0.5,1229.1785893295842,14,1229.1785893295842,optimal,optimal,47474.43161805731,0.0,0.0,14,10005.065740740742,optimal,optimal,287.9853893590834,516.8870166967486,315.76361251838705,0.6143047116896048,14,7829.61036328099,optimal,optimal,-425.10075138207395,0.0,1517.5128814540494,0.6618508705692833,14,10286.89304197926,optimal,optimal,514.1715241637276,461.79626221866533,0.0,0.5,1206.7188339932698,1200.000000052411,10800.0,377.056162140737,243.24853937908446,810.9389246998953,48662.426704897945,6,38173.9433632161,0,1.0000245765695582e-07,optimal,optimal,optimal
2025-03-05,ANNUAL REFERENCE ONLY,0.95,0.5,1206.7188339932698,14,1206.7188339932698,optimal,optimal,49916.36041290329,0.0,0.0,14,9671.621606916055,optimal,optimal,-796.4069604940458,42.698943044251365,2478.4399033388304,0.615307660510601,14,8785.544087155815,optimal,optimal,-1285.3642525931505,12.675845992183099,4279.112044523382,0.6095466662302056,14,10310.008535736517,optimal,optimal,485.2129513954925,417.52542676050035,0.0,0.5,1227.740508532532,1200.073647421416,10539.168829138276,-1596.558261691704,127.69928458922604,544.1933219482084,48863.9954731598,3,35824.17166726749,0,1.0000803740695119e-07,optimal,optimal,optimal
2025-03-06,ANNUAL REFERENCE ONLY,0.95,0.5,1227.740508532532,14,1227.740508532532,optimal,optimal,46288.070522186536,0.0,0.0,14,9985.96574074074,optimal,optimal,-453.90406303069256,72.85661938540693,1557.9365246153243,0.6267243695810517,14,7253.229031469502,optimal,optimal,-302.56214890752835,58.61820121912149,1195.3905740892387,0.592395757172064,14,10482.404661320028,optimal,optimal,406.1600958179508,241.86308256253594,0.0,0.5,1200.0000000519697,1200.0000000519697,10799.999999999998,-350.30611612027013,285.782800450756,1023.4696834276522,46961.23408949392,12,38187.69700024799,0,1.0000245765695582e-07,optimal,optimal,optimal
2025-03-07,ANNUAL REFERENCE ONLY,0.95,0.5,1200.0000000519697,14,1200.0000000519697,optimal,optimal,18443.82805018933,0.0,0.0,14,6873.96810962963,optimal,optimal,-532.8976118861638,0.0,1314.1282089232773,0.6247225147424333,14,10742.266244267095,optimal,optimal,-81.30456401261495,0.0,191.18832658391983,0.5933547259654912,14,9874.25497872742,optimal,optimal,29.98617504104201,48.43679119616206,3.37018745873919,0.5,1220.2925156919318,1200.0000000519697,10742.266244267095,-584.2160008577367,22.44572675392778,47.113581072690636,17906.725630404286,1,28694.20576266397,0,1.0000524071074323e-07,optimal,optimal,optimal
2025-03-08,ANNUAL REFERENCE ONLY,0.95,0.5,1220.2925156919318,14,1220.2925156919318,optimal,optimal,17042.942009609207,0.0,0.0,14,5536.635467878865,optimal,optimal,-228.36720103222143,0.0,533.767795324505,0.6466203253419684,14,10586.000276301042,optimal,optimal,35.27330496211026,46.04094905152289,3.8685464118631216,0.5788451861355582,14,9897.64068206273,optimal,optimal,9.92710199002264,15.764811640501884,0.0,0.5,1202.8580173791306,1202.8580173791306,10800.0,-183.16679408008852,13.580600314601103,28.424196596207736,16888.199412125326,1,28999.41572599107,0,1.00000761449337e-07,optimal,optimal,optimal
2025-03-09,ANNUAL REFERENCE ONLY,0.95,0.5,1202.8580173791306,14,1202.8580173791306,optimal,optimal,47915.991149432564,0.0,0.0,14,9402.268516450158,optimal,optimal,-1994.8437992099728,1.4843769295407583,6184.619085214123,0.6451156423535155,14,7192.644339345844,optimal,optimal,-230.5371509597615,243.4322797833872,1631.6879275152446,0.561685315085434,14,10444.249986871186,optimal,optimal,309.8217986370939,199.14023241133327,88.34162086616914,0.5,1205.4768738451212,1202.8580173791306,10542.369167317062,-1915.5591515326403,102.46112768019117,495.4706336627393,46495.90263156267,4,38362.45486836743,0,1.0000803740695119e-07,optimal,optimal,optimal
2025-03-10,ANNUAL REFERENCE ONLY,0.95,0.5,1205.4768738451212,14,1205.4768738451212,optimal,optimal,45599.472170449524,0.0,0.0,14,9932.570538888885,optimal,optimal,67.40593222792045,597.7043247161067,1659.1702292238988,0.6591773041260458,14,6855.659655782734,optimal,optimal,-155.8084905405639,98.66665865828747,824.1607536580863,0.5694817941234427,14,10476.262309702786,optimal,optimal,352.30910791363124,214.9111400229665,0.0,0.5,1200.0000000519697,1200.0000000519697,10789.195538888885,263.9065496009878,164.7816842864654,770.173874118392,46633.552594168905,8,39555.426272766985,0,1.0000034933455026e-07,optimal,optimal,optimal
2025-03-11,ANNUAL REFERENCE ONLY,0.95,0.5,1200.0000000519697,14,1200.0000000519697,optimal,optimal,40722.18759506309,0.0,0.0,14,9982.150925925926,optimal,optimal,3418.476768242414,4124.452779487516,1.3642420526593924e-12,0.636085468987753,14,6913.539222282551,optimal,optimal,-295.67110969888813,0.0,734.0224497220045,0.5680371344828185,14,10492.51195067652,optimal,optimal,413.53410130804264,276.7392443911326,0.0,0.5,1205.9293635647302,1200.0000000519697,10800.0,3536.3397598515685,32.76902184751649,136.90389150492692,44395.43124641958,3,38909.610384636544,0,1.0000395650422434e-07,optimal,optimal,optimal
2025-03-12,ANNUAL REFERENCE ONLY,0.95,0.5,1205.9293635647302,14,1205.9293635647302,optimal,optimal,47856.58173210459,0.0,0.0,14,9204.353653487662,optimal,optimal,-2640.092111829728,1.1160701563434259,8324.183892861138,0.6560580958531174,14,7781.433730119439,optimal,optimal,-307.59709661407476,165.55818857316154,1752.9197581969297,0.5399984401412427,14,10420.461922685186,optimal,optimal,315.22791481431994,180.90330701016973,0.0,0.5,1200.7225880372291,1200.7225880372291,10468.374980846982,-2632.461293629483,368.51656277766307,1486.0329757149025,46710.15341419001,16,36973.5142775939,0,1.00000761449337e-07,optimal,optimal,optimal
2025-03-13,ANNUAL REFERENCE ONLY,0.95,0.5,1200.7225880372291,14,1200.7225880372291,optimal,optimal,47574.270134158636,0.0,0.0,14,9423.612628981482,optimal,optimal,-1103.3884807030488,177.10218567097513,4108.938198391905,0.6387062446289143,14,7951.288008226342,optimal,optimal,-283.4528635198082,24.93672963899357,1184.8220382744184,0.5458782883609149,14,10525.455937981742,optimal,optimal,105.08048911448968,65.68040006745912,20.749455886864006,0.5,1208.8042499941262,1200.0000000520304,10565.315289042795,-1281.7608551083674,220.88226684323885,1230.4712415515282,47522.9805206018,4,37754.15489213794,0,1.00000761449337e-07,optimal,optimal,optimal
2025-03-14,ANNUAL REFERENCE ONLY,0.95,0.5,1208.8042499941262,14,1208.8042499941262,optimal,optimal,16264.942461816554,0.0,0.0,14,5089.461374492167,optimal,optimal,184.7410975710183,258.7814475787097,155.9762343842009,0.6539428791476438,14,10381.184623296233,optimal,optimal,-40.73464683797702,27.323397156201906,186.35351049015404,0.533223195554687,14,9630.140240740744,optimal,optimal,392.84652541520177,218.42709999999695,16.491160761481932,0.5,1272.9516111754433,1208.8042499941262,10649.09678699067,536.852976148243,64.14684022570111,253.98401544300313,17055.7794534078,2,28430.172024412153,0,1.000049660433433e-07,optimal,optimal,optimal
2025-03-15,ANNUAL REFERENCE ONLY,0.95,0.5,1272.9516111754433,14,1272.9516111754433,optimal,optimal,15451.628038639426,0.0,0.0,14,4471.333836111112,optimal,optimal,257.15255909465225,291.97845059788904,91.41734110523706,0.6218591920046695,14,8274.461166915118,optimal,optimal,-9.19983216142915,31.33086708349316,122.92501277861706,0.5614954490340502,14,9804.828385756222,optimal,optimal,259.2297492626423,144.28201115273333,11.45882209018415,0.5,1200.0000000519697,1200.0000000519697,10643.016684521652,507.18247619586543,785.8729047683837,1809.6571805916556,17768.467695426945,21,27902.07948069235,0,1.0000712245528121e-07,optimal,optimal,optimal
2025-03-16,ANNUAL REFERENCE ONLY,0.95,0.5,1200.0000000519697,14,1200.0000000519697,optimal,optimal,45027.513777558706,0.0,0.0,14,9347.288110061727,optimal,optimal,-755.3327281163299,13.880730965065027,2424.278092657896,0.5813955069181171,14,7270.585125313926,optimal,optimal,-518.776050251269,23.9438416666668,1560.0177406827293,0.5981624245819492,14,10484.815434082762,optimal,optimal,398.99346762087515,267.37277599217987,0.0,0.5,1246.9815650823887,1200.0000000519697,10562.687606776213,-875.1153107467237,400.9225007454171,1440.8587626711615,45593.25722948314,12,38007.84720290431,0,1.0000245765695582e-07,optimal,optimal,optimal
2025-03-17,ANNUAL REFERENCE ONLY,0.95,0.5,1246.9815650823887,14,1246.9815650823887,optimal,optimal,41471.72951256746,0.0,0.0,14,9328.344283425922,optimal,optimal,-1902.778211589387,3.4348184476714323,6970.327069942306,0.5486254321164702,14,6137.00311687582,optimal,optimal,418.19304693007075,574.9700901734019,376.6874331738859,0.6121487272201767,14,10237.874768558971,optimal,optimal,525.2900459995245,316.6873419963031,0.0,0.5,1230.9203706048972,1200.0,10372.412250780735,-959.2951186597917,912.5622154346579,3898.451111181993,44410.88550508966,19,38019.6068907001,0,1.0000858901548782e-07,optimal,optimal,optimal
2025-03-18,ANNUAL REFERENCE ONLY,0.95,0.5,1230.9203706048972,14,1230.9203706048972,optimal,optimal,47800.4039072913,0.0,0.0,14,9426.278841296296,optimal,optimal,-1729.6694007497797,192.210292315068,6340.079732977545,0.5534793120615912,14,6872.219567263181,optimal,optimal,-909.7418790917372,0.0,2748.1208058927514,0.6320757713266153,14,10541.291048214462,optimal,optimal,370.9511010938468,216.5447232736509,0.0,0.5,1257.8584915640938,1230.9203706048972,10635.352728995003,-2268.4601787476704,2.0050459388354474e-07,6.999954734013044e-07,45531.94372924363,0,37423.333265354806,0,1.0000053407566156e-07,optimal,optimal,optimal
2025-03-19,ANNUAL REFERENCE ONLY,0.95,0.5,1257.8584915640938,14,1257.8584915640938,optimal,optimal,39361.379059470266,0.0,0.0,14,9417.68267601851,optimal,optimal,1121.8878675519145,1314.067265576703,1726.7687510247174,0.555083801606982,14,4973.2712834631675,optimal,optimal,1115.0550343908976,1298.910671174267,22.203780421739634,0.683135864879147,14,10616.038565619778,optimal,optimal,253.0258884150961,149.27195760886667,1.1368683772161603e-13,0.5,1280.0827805567153,1257.8584915640938,10644.847294014839,2489.9687903579083,94.32629735824614,209.0270754131367,42060.37492524131,1,37693.791261683575,0,1.0000730253523217e-07,optimal,optimal,optimal
2025-03-20,ANNUAL REFERENCE ONLY,0.95,0.5,1280.0827805567153,14,1280.0827805567153,optimal,optimal,44584.486206907146,0.0,0.0,14,9265.726026944452,optimal,optimal,-1853.9947422327537,316.8766735592444,7467.778309909525,0.5534805697044803,14,5408.885437616021,optimal,optimal,326.0571362695257,409.5710893646898,0.0,0.6529613453245442,14,10456.84043462736,optimal,optimal,353.28358549089825,261.28976449918287,0.0,0.5,1324.9795157264587,1200.0,10456.84043462736,-1174.6540204723296,620.046196140534,2143.4109256673546,45553.24311210217,8,37812.62823120614,0,1.0000644579122309e-07,optimal,optimal,optimal
2025-03-21,ANNUAL REFERENCE ONLY,0.95,0.5,1324.9795157264587,14,1324.9795157264587,optimal,optimal,15285.424150016932,0.0,0.0,14,3722.834212962963,optimal,optimal,153.84885216681437,343.91335201071195,576.9407360971118,0.5401286105414042,14,10272.675705686992,optimal,optimal,75.99650199545356,71.00730616576377,88.20300802902366,0.6582630896959252,14,9658.310601851847,optimal,optimal,421.2850427607711,256.9064571519607,0.0,0.5,1351.2650173204559,1200.0,10459.806652515816,651.130396923039,127.97371440691433,489.2143709550801,16425.768917895053,7,26494.981508465906,0,1.0000712245528121e-07,optimal,optimal,optimal
2025-03-22,ANNUAL REFERENCE ONLY,0.95,0.5,1351.2650173204559,14,1351.2650173204559,optimal,optimal,16442.774960644252,0.0,0.0,14,4774.712308091198,optimal,optimal,-106.55428367536739,0.0,248.82376508333127,0.5894160965675708,14,10167.468439022696,optimal,optimal,-143.4444216590808,12.966269817195325,357.52236144685173,0.6778761296245728,14,9846.086278901417,optimal,optimal,325.2036392296942,181.03721618519305,0.0,0.5,1320.674143119569,1278.760987532446,10558.198417563353,75.20493389524603,3.4160524459631305e-07,1.4000057163779274e-06,16517.979895939505,0,26586.286331461866,0,1.0000712245528121e-07,optimal,optimal,optimal
2025-03-23,ANNUAL REFERENCE ONLY,0.95,0.5,1320.674143119569,14,1320.674143119569,optimal,optimal,45573.80441660868,0.0,0.0,14,9243.42653299383,optimal,optimal,-1503.1597123243705,0.0,4480.328477168183,0.604680337046331,14,7653.573116343557,optimal,optimal,-916.0703833599117,0.0,3081.6062448812363,0.6606491051688281,14,10472.669523072906,optimal,optimal,507.20687534929607,278.3736705409315,0.0,0.5,1299.4111522799335,1200.0,10630.879269500372,-1912.0232203349863,15.212571888035429,98.38352422396683,43760.164720497654,2,34795.15513762861,0,1.000014018472939e-07,optimal,optimal,optimal
2025-03-24,ANNUAL REFERENCE ONLY,0.95,0.5,1299.4111522799335,14,1299.4111522799335,optimal,optimal,42639.026740316156,0.0,0.0,14,9458.230814722221,optimal,optimal,-749.9918261245483,504.3149612135689,4420.101723161648,0.625847212400099,14,7713.291381845209,optimal,optimal,-556.9535849785029,0.7919058238492198,2220.8755575563187,0.6680930884731737,14,10612.703613363137,optimal,optimal,264.5324232991905,152.1027849152628,0.0,0.4968047411243277,1245.0004183907795,1245.0004183907795,10637.330933734562,-1042.412987803861,3.2099904502502263e-07,1.3000166766985783e-06,41596.613753812315,0,36708.240556966746,0,1.0000803740695119e-07,optimal,optimal,optimal
2025-03-25,ANNUAL REFERENCE ONLY,0.95,0.5,1245.0004183907795,14,1245.0004183907795,optimal,optimal,47395.04185155993,0.0,0.0,14,8483.56682145272,optimal,optimal,-2758.74988623916,1.0295290954148868,8768.41044975849,0.6367138138872621,14,7335.478295114769,optimal,optimal,-564.6359262616396,13.256597371547342,2322.1188507231936,0.6452323882228014,14,10341.81648636104,optimal,optimal,573.194037414137,385.97431332236954,0.0,0.5037799605761082,1256.2025108899022,1200.0,10344.749467842521,-2750.1917750866623,422.02430837653895,1719.392706398836,46364.242782872105,15,34029.877151395776,0,1.0001531336456537e-07,optimal,optimal,optimal
2025-03-26,ANNUAL REFERENCE ONLY,0.95,0.5,1256.2025108899022,14,1256.2025108899022,optimal,optimal,40476.17367315924,0.0,0.0,14,9687.677346635806,optimal,optimal,-651.7405241026726,0.6269573070817387,2192.2250243578146,0.6371733192991729,14,7182.051527672135,optimal,optimal,-783.9224145286724,15.306161773196095,2700.530260346629,0.6186870025368991,14,10575.08193424348,optimal,optimal,380.15729610606934,199.14280834769346,0.0,0.4989177013686874,1337.613742045767,1256.2025108899022,10585.972071944449,-1055.5056425252756,2.404621468432969e-07,5.000000539259418e-07,39420.66803113396,0,36313.63574667342,0,1.0000053407566156e-07,optimal,optimal,optimal
2025-03-27,ANNUAL REFERENCE ONLY,0.95,0.5,1337.613742045767,14,1337.613742045767,optimal,optimal,43328.97843294271,0.0,0.0,14,9608.715734783946,optimal,optimal,-664.2777805603773,519.3098677027267,4013.249223589021,0.6494599042311157,14,7705.384619306051,optimal,optimal,-861.7456271826459,0.0,2770.9524153017696,0.6550543943706506,14,10562.984638968896,optimal,optimal,384.10957642284046,209.83051382349947,0.0,0.49442850001477917,1337.5527999925798,1274.6047244814818,10564.497924017787,-1141.9138313201827,3.39192690726126e-07,1.200000438491588e-06,42187.06460282253,0,35603.052707009396,0,1.0000186193792614e-07,optimal,optimal,optimal
2025-03-28,ANNUAL REFERENCE ONLY,0.95,0.5,1337.5527999925798,14,1337.5527999925798,optimal,optimal,15633.294394303155,0.0,0.0,14,5027.274648673595,optimal,optimal,-55.41146805002869,51.89767036753818,221.8323983053913,0.6557618751627033,14,10551.688100375799,optimal,optimal,-46.75207210282392,0.0,101.47415453682478,0.6722824725269285,14,9802.66134134441,optimal,optimal,359.30522963470605,206.05972975695087,0.0,0.4932652057912807,1334.126435954476,1262.4492839325794,10597.350397024773,257.14168948185346,1.2051201406142393e-07,5.999960417535476e-07,15890.436084385005,0,26856.659909441598,0,1.0000116321862151e-07,optimal,optimal,optimal
2025-03-29,ANNUAL REFERENCE ONLY,0.95,0.5,1334.126435954476,14,1334.126435954476,optimal,optimal,14920.566281505822,0.0,0.0,14,4255.7683238305735,optimal,optimal,412.749881157658,312.7862292324271,57.65136127735588,0.6491035754663508,14,10311.885590428645,optimal,optimal,-11.861404157731933,11.2094509153764,48.94081214345894,0.6576525656718423,14,9759.882247866486,optimal,optimal,377.4995648972546,211.08808260692106,0.0,0.4892728972851948,1363.8372524419456,1334.126435954476,10593.119228888498,778.3880418971806,11.51297410430823,61.83618364751303,15760.790507050515,1,25993.071219575188,0,1.0000053407566156e-07,optimal,optimal,optimal
2025-03-30,ANNUAL REFERENCE ONLY,0.95,0.5,1363.8372524419456,14,1363.8372524419456,optimal,optimal,41893.92045188203,0.0,0.0,14,9480.078075493828,optimal,optimal,-1864.8898869971167,1.9665026559999164,6540.875427066531,0.6774188755970981,14,6985.291226063105,optimal,optimal,-711.4606856264152,97.7124800080404,2694.459844243075,0.6638361125423499,14,10449.957082152989,optimal,optimal,410.17172605809463,298.8927552829072,0.0,0.49386075930982226,1294.462504787542,1294.462504787542,10449.957082152989,-2166.178846565437,320.06943326130175,1175.7253590971989,40903.46696441379,7,35480.56098256269,0,1.0000070460591814e-07,optimal,optimal,optimal
2025-03-31,ANNUAL REFERENCE ONLY,0.95,0.5,1294.462504787542,14,1294.462504787542,optimal,optimal,36491.55548482262,0.0,0.0,14,9559.534256697529,optimal,optimal,3872.656189733132,4198.670338551059,55.64269431104242,0.7007541112959871,14,7436.669734475313,optimal,optimal,-733.9015586515096,80.3258880570578,2248.884090943323,0.6196350307683708,14,10468.890870484296,optimal,optimal,359.4560417891983,270.02300521403174,0.0,0.5001585889713717,1286.5296219970326,1286.5296219970326,10519.15146657407,3498.210672870821,1.0793457245678683e-07,2.999975841546984e-07,39989.766157993436,0,36058.520954128515,0,1.00000761449337e-07,optimal,optimal,optimal
2025-04-01,ANNUAL REFERENCE ONLY,0.95,0.5,1286.5296219970326,14,1286.5296219970326,optimal,optimal,44259.48687108615,0.0,0.0,14,9428.528601882716,optimal,optimal,-1003.8496197457072,239.8627459698662,3801.424913459447,0.6913151977904117,14,8985.551855139998,optimal,optimal,-874.2028579824263,0.0,3329.3308647051317,0.6313767006042824,14,10413.677731772717,optimal,optimal,454.67558859343904,242.91274449078912,31.105055863599187,0.4972912453923081,1252.1867728302686,1239.1922258512795,10486.84184576761,-1423.3768891346945,124.38536740548727,638.5937576130113,43474.703739564466,6,32936.01767348506,0,1.0000098882301245e-07,optimal,optimal,optimal
2025-04-02,ANNUAL REFERENCE ONLY,0.95,0.5,1252.1867728302686,14,1252.1867728302686,optimal,optimal,42231.9595127127,0.0,0.0,14,9516.204534629627,optimal,optimal,296.03282576078993,835.4633710378763,1563.28573526543,0.6858448122388939,14,8197.45614238612,optimal,optimal,-691.8212007852028,0.0,2511.387913834422,0.6469556504080453,14,10419.613088643217,optimal,optimal,349.53167699394476,191.7440972674824,59.69479203070891,0.4982120151269431,1257.5318226625593,1200.0,10550.24338498306,-46.2566980304681,45.426401507565416,307.47632168366147,42493.17913636589,3,34835.156345205345,0,1.0000803740695119e-07,optimal,optimal,optimal
2025-04-03,ANNUAL REFERENCE ONLY,0.95,0.5,1257.5318226625593,14,1257.5318226625593,optimal,optimal,43840.67397045921,0.0,0.0,14,9739.363097129628,optimal,optimal,-2087.780269436896,0.0,6341.504891762614,0.6716607669290972,14,8328.689343237758,optimal,optimal,-519.9987195830842,83.91517339314032,2177.124309069556,0.6263611627275693,14,10543.440483219703,optimal,optimal,331.63539642872564,214.00317943623116,0.0,0.5010187762420668,1235.6215869404223,1231.1149313483272,10643.266653133223,-2276.1435925912547,30.466796074564474,65.03537269569746,41629.565750563655,2,34925.3243387659,0,1.0000030670198612e-07,optimal,optimal,optimal
2025-04-04,ANNUAL REFERENCE ONLY,0.95,0.5,1235.6215869404223,14,1235.6215869404223,optimal,optimal,14349.446895041594,0.0,0.0,14,4009.8284021604914,optimal,optimal,-69.92341650550846,3.06709180308767,170.146511899284,0.7094430859168679,14,10434.52272933615,optimal,optimal,55.940148923799974,88.57528452379923,0.0,0.6192805849579917,14,9739.78462611539,optimal,optimal,456.86005565024703,300.5388894059461,0.0,0.4998240333546893,1306.7790231849642,1235.6215869404223,10479.598003851585,442.87678806853853,1.8832058821697948e-07,4.0000005872589096e-07,14792.323683510132,0,25327.509667353916,0,1.00000761449337e-07,optimal,optimal,optimal
2025-04-05,ANNUAL REFERENCE ONLY,0.95,0.5,1306.7790231849642,14,1306.7790231849642,optimal,optimal,13924.89743833561,0.0,0.0,14,3270.572737651124,optimal,optimal,104.64507868067005,232.09991160800593,100.83300505855618,0.6762029553813047,14,10438.346534626557,optimal,optimal,-29.84772012135989,0.0,58.88470163589248,0.599186518018132,14,9568.585455463393,optimal,optimal,611.8214444866853,357.89941237495196,95.16377795561174,0.504379573288567,1254.516273015548,1217.5672933595622,10463.639201427111,686.6188030459955,220.36296858005494,1033.1932031823626,15644.70944456397,6,24827.197842904843,0,1.0000098882301245e-07,optimal,optimal,optimal
2025-04-06,ANNUAL REFERENCE ONLY,0.95,0.5,1254.516273015548,14,1254.516273015548,optimal,optimal,40676.91727797544,0.0,0.0,14,9847.834467870367,optimal,optimal,-1362.7091943355636,179.26000870236854,5325.866821029884,0.6695448291013596,14,7097.563632353887,optimal,optimal,79.71225899467319,219.8747402735887,968.5706975929259,0.5999473299642929,14,10613.028200787434,optimal,optimal,271.41439473485224,146.05199033840512,0.0,0.5095663463864637,1257.478454846268,1254.516273015548,10668.502523425923,-1011.582540606038,77.66605568498076,278.44643322372,39943.781170593116,4,37428.86206572109,0,1.0000030670198612e-07,optimal,optimal,optimal
2025-04-07,ANNUAL REFERENCE ONLY,0.95,0.5,1257.478454846268,14,1257.478454846268,optimal,optimal,35547.639301335425,0.0,0.0,14,9595.862438796292,optimal,optimal,1258.080289493598,1123.8523962810534,363.8650659237789,0.6489355204906598,14,7161.245643570941,optimal,optimal,-82.08933349527142,0.0,184.08515804773708,0.6085036587709575,14,10583.788776651885,optimal,optimal,320.14569314354884,175.99463445170858,0.0,0.504914426033732,1250.53145182532,1222.0711951664325,10603.872951212687,1496.1366491418755,6.438234724822126,13.584675271033188,37057.36062574833,1,36959.87550941551,0,1.0001531336456537e-07,optimal,optimal,optimal
2025-04-08,ANNUAL REFERENCE ONLY,0.95,0.5,1250.53145182532,14,1250.53145182532,optimal,optimal,42149.41961866525,0.0,0.0,14,9923.065841296295,optimal,optimal,-1416.2441220898697,203.12554819431722,5081.783994765393,0.6734807836550142,14,7025.637959298837,optimal,optimal,-664.8925974166494,0.0,2271.1223158268335,0.5998208452657893,14,10580.861642272024,optimal,optimal,310.3035441413187,166.65479712507127,0.0,0.5042844884466241,1200.0000000519697,1200.0000000519697,10751.256582037036,-1770.8331753652003,63.81317572165706,153.74714141493766,40532.33358471499,5,37224.21375776287,0,1.0002986527979374e-07,optimal,optimal,optimal
2025-04-09,ANNUAL REFERENCE ONLY,0.95,0.5,1200.0000000519697,14,1200.0000000519697,optimal,optimal,40782.483563459806,0.0,0.0,14,9937.934762499995,optimal,optimal,-54.567082146117926,50.528647537483145,422.0676040538498,0.6834713667078797,14,4991.9777796581475,optimal,optimal,487.2739045097473,655.2210734217356,199.86907216940796,0.5804985346684775,14,10569.705110891035,optimal,optimal,311.43458573557587,170.530020964031,2.4092664632790444e-06,0.503154632052482,1200.0000000519697,1200.0000000519697,10742.631984722218,744.1414080992053,71.54222728345178,150.97361015050507,41677.59858170951,3,37555.163615011064,0,1.0000803740695119e-07,optimal,optimal,optimal
2025-04-10,ANNUAL REFERENCE ONLY,0.95,0.5,1200.0000000519697,14,1200.0000000519697,optimal,optimal,39941.59783826373,0.0,0.0,14,9837.522821574077,optimal,optimal,-164.3221774249258,0.0,485.5943395464886,0.6968524037986352,14,6359.00320302444,optimal,optimal,-773.5677658448777,0.0,1996.8630343930809,0.5851150357648676,14,10573.548447035013,optimal,optimal,342.5508324653375,191.91611136807333,0.0,0.5018979100426225,1212.7777168897887,1200.0000000519697,10667.75939564815,-595.339110804466,16.18587612881952,33.974154066749904,39380.23288152602,1,37424.066185605276,0,1.0000803740695119e-07,optimal,optimal,optimal
2025-04-11,ANNUAL REFERENCE ONLY,0.95,0.5,1212.7777168897887,14,1212.7777168897887,optimal,optimal,13114.021900859803,0.0,0.0,14,2890.495047899459,optimal,optimal,540.9543502606185,398.39636861789614,0.0,0.6406059088795468,14,9598.085063289429,optimal,optimal,-72.38794140305147,5.1153255599013505,164.02282629746995,0.5893266957832822,14,9661.97789383499,optimal,optimal,490.0681799619035,314.73140429064244,0.0,0.5043051561119479,1206.3722223262223,1200.0,10598.02611021946,958.6345888194705,145.66869394968995,465.29722164063674,14537.95371131991,5,24640.88531443644,0,1.00000761449337e-07,optimal,optimal,optimal
2025-04-12,ANNUAL REFERENCE ONLY,0.95,0.5,1206.3722223262223,14,1206.3722223262223,optimal,optimal,15096.491040779045,0.0,0.0,14,3411.4997993221523,optimal,optimal,-568.4290918063788,0.0,1354.0432314122968,0.6672594618968734,14,10612.820427973871,optimal,optimal,48.14670688480439,35.640839713277856,0.0,0.5893240458451492,14,9702.143698753482,optimal,optimal,458.16978335593205,259.80941193972893,2.9152505272397207,0.5037448283990364,1219.281835575117,1206.3722223262223,10612.820427973871,-62.11260156564231,1.208569399270713e-07,6.000012745313143e-07,15034.378439813403,0,24228.596631650264,0,1.0000245765695582e-07,optimal,optimal,optimal
2025-04-13,ANNUAL REFERENCE ONLY,0.95,0.5,1219.281835575117,14,1219.281835575117,optimal,optimal,38298.85278596457,0.0,0.0,14,9967.8,optimal,optimal,-1219.7533178554595,0.0,3672.644104496219,0.6936873228154161,14,6434.519881291273,optimal,optimal,238.87492024525565,224.14983388171459,250.67782525696663,0.590654658396544,14,10478.442594763683,optimal,optimal,523.7672279773388,283.3906008063989,49.93403581467257,0.4988526446594867,1201.7844539491552,1201.3347955741338,10800.0,-457.11116963286497,587.3918231218926,2623.9127954438636,40465.65441177557,17,36523.37624915853,0,1.0000189831771422e-07,optimal,optimal,optimal
2025-04-14,ANNUAL REFERENCE ONLY,0.95,0.5,1201.7844539491552,14,1201.7844539491552,optimal,optimal,40799.39544653977,0.0,0.0,14,9597.05727582427,optimal,optimal,-2837.1465144171025,0.0,8380.243200427301,0.6787565671771497,14,5999.720507244107,optimal,optimal,-430.6971969257981,0.0,1216.0742247067428,0.6081907264652692,14,10465.806784748444,optimal,optimal,552.5743684437832,302.1804763617249,0.0,0.5022004431023772,1201.7310464498116,1200.0,10465.806784748444,-2715.269342899117,369.11652363377027,1913.7586715970501,39997.884775237704,18,35862.68061442624,0,1.0000252359532169e-07,optimal,optimal,optimal
2025-04-15,ANNUAL REFERENCE ONLY,0.95,0.5,1201.7310464498116,14,1201.7310464498116,optimal,optimal,35301.90781115314,0.0,0.0,14,9995.36144888889,optimal,optimal,1017.8231660123374,1156.8492412631826,1830.3330787141442,0.6631824258594174,14,8277.194631971612,optimal,optimal,-331.29220226495886,15.238454893433072,1181.302939235173,0.6042793466045485,14,10411.705815123003,optimal,optimal,685.5950034400223,365.149055977912,54.148921782580075,0.5028888103214648,1206.795286609084,1201.7310464498116,10787.772560000001,1372.1259671874009,130.5214962673083,629.1401739448704,37303.17395228541,4,33775.956636703246,0,1.0001531336456537e-07,optimal,optimal,optimal
2025-04-16,ANNUAL REFERENCE ONLY,0.95,0.5,1206.795286609084,14,1206.795286609084,optimal,optimal,38989.60396800119,0.0,0.0,14,9832.71226074795,optimal,optimal,523.2756944659407,988.8442768061665,2558.5113681354073,0.6460894092234675,14,6479.182188953659,optimal,optimal,-144.16659808573678,32.16403578121333,596.8389147869261,0.5905654569337081,14,10650.905471335805,optimal,optimal,237.2238990086327,132.838615769954,54.14897726239698,0.5115926708380105,1200.0000000519697,1200.0000000519697,10673.677114438544,616.3329953888366,117.82467415158642,287.2419562332447,39893.17891962327,6,36443.26658361354,0,1.0000803740695119e-07,optimal,optimal,optimal
2025-04-17,ANNUAL REFERENCE ONLY,0.95,0.5,1200.0000000519697,14,1200.0000000519697,optimal,optimal,36161.631001384776,0.0,0.0,14,9299.453479074076,optimal,optimal,145.4577981776379,224.56766515310977,58.37006468651041,0.6195968484936182,14,5840.760829625624,optimal,optimal,-8.418234180608883,16.648118673829686,154.71579107938524,0.6027059062547465,14,10497.966895305539,optimal,optimal,506.0890787489691,271.46522769433693,54.14267539637025,0.510166951221623,1200.3024034568398,1200.0000000519697,10770.345145740741,643.1286427459981,6.156202866081736e-08,1.9999791407390147e-07,36804.75964433078,0,37000.302191981,0,1.5196951608231757e-07,optimal,optimal,optimal
2025-04-18,ANNUAL REFERENCE ONLY,0.95,0.5,1200.3024034568398,14,1200.3024034568398,optimal,optimal,13469.007264115218,0.0,0.0,14,2971.3172133374637,optimal,optimal,85.53845121186637,137.62159979345313,289.5306605760695,0.645089905047508,14,9855.26468577675,optimal,optimal,15.233594711994701,35.41925926326155,15.216573272720279,0.571131874574879,14,9843.71273410691,optimal,optimal,273.9460013677437,178.857022248452,0.0,0.5112610386975741,1225.1013845216805,1200.3024034568398,10594.209044705074,374.71804729160476,9.360012563246065e-08,2e-07,13843.725311606822,0,24745.907972569345,0,1.0000258043874055e-07,optimal,optimal,optimal
2025-04-19,ANNUAL REFERENCE ONLY,0.95,0.5,1225.1013845216805,14,1225.1013845216805,optimal,optimal,13036.752242997307,0.0,0.0,14,3380.0587937047626,optimal,optimal,33.21537043727236,71.21756836220952,247.1620626543209,0.6319473992529635,14,10535.921952594254,optimal,optimal,376.4906791146178,363.6058797731025,0.0,0.5826997005768462,14,9734.40193266987,optimal,optimal,402.31616919221153,264.2673136734363,124.03037659749653,0.5080215898416776,1208.155283614855,1208.155283614855,10535.921952594254,812.0222187441018,1.454271064985665e-07,3.000001691375928e-07,13848.774462041409,0,24371.296576086774,0,1.0000258043874055e-07,optimal,optimal,optimal
2025-04-20,ANNUAL REFERENCE ONLY,0.95,0.5,1208.155283614855,14,1208.155283614855,optimal,optimal,36088.67365350302,0.0,0.0,14,9789.343758611116,optimal,optimal,-433.3938279657169,62.9311756165103,2143.723524343832,0.6073341468644926,14,6339.245908796299,optimal,optimal,-164.97618823489842,51.53020983881754,880.9977194406702,0.6111158833352179,14,10719.346504055404,optimal,optimal,142.09345749115818,75.7402471481638,0.0,0.5132304054344883,1200.0000000519697,1200.0000000519697,10744.580853434743,-456.2765587094571,54.09735561590435,115.66014685419206,35748.05724164776,1,36764.16093251924,0,1.0000245765695582e-07,optimal,optimal,optimal
2025-04-21,ANNUAL REFERENCE ONLY,0.95,0.5,1200.0000000519697,14,1200.0000000519697,optimal,optimal,38101.10118475199,0.0,0.0,14,9727.854453294432,optimal,optimal,-2388.9226252556628,0.0,8850.743462707018,0.6253216562577153,14,7023.225754590731,optimal,optimal,-264.5159832409488,22.24178800230709,798.2101726778355,0.6007158765197587,14,10405.96464393706,optimal,optimal,671.4860400138634,350.29779355288474,-2.2737367544323206e-13,0.5134253152998147,1211.6563311702816,1200.0000000519697,10492.441027368506,-1981.9525684827483,164.1016594198096,617.1817005416364,36736.33031681088,9,33981.402436005534,0,1.000011716314475e-07,optimal,optimal,optimal
2025-04-22,ANNUAL REFERENCE ONLY,0.95,0.5,1211.6563311702816,14,1211.6563311702816,optimal,optimal,34232.0390445004,0.0,0.0,14,9604.31789285601,optimal,optimal,1453.0168918857369,1159.14339878084,0.0,0.6435025635047428,14,7582.987781281935,optimal,optimal,-336.063547678569,56.08231162413051,1398.8600616564736,0.6296844276844874,14,10655.960983137105,optimal,optimal,224.68044872437451,120.72353980509166,13.131528589515636,0.5113693121866998,1200.0000000519694,1200.0000000519694,10660.961802905253,1341.6337929315423,275.56524989382774,895.168817182477,36468.84165461442,7,33589.81058209598,0,1.0000529982789886e-07,optimal,optimal,optimal
2025-04-23,ANNUAL REFERENCE ONLY,0.95,0.5,1200.0000000519694,14,1200.0000000519694,optimal,optimal,32951.821813029215,0.0,0.0,14,8963.023607892354,optimal,optimal,1127.720996027113,1157.6707309367116,0.0,0.6652018081171397,14,6566.550073748043,optimal,optimal,-2.1056569723958427,12.71630633856546,95.18800566781051,0.634829254027098,14,10419.531295014425,optimal,optimal,636.300102554028,333.01939983962995,6.39437112887515,0.5036252860087479,1200.0000000519697,1200.0000000519694,10429.769830114576,1761.9154416087451,108.77841655616187,362.37818998920704,35076.11544462717,4,35204.516446430214,0,1.0001531336456537e-07,optimal,optimal,optimal
2025-04-24,ANNUAL REFERENCE ONLY,0.95,0.5,1200.0000000519697,14,1200.0000000519697,optimal,optimal,34013.58721355459,0.0,0.0,14,9921.716972613365,optimal,optimal,-274.4848599580699,83.50168848738736,1812.1726204412075,0.6912673015858386,14,7563.16477131707,optimal,optimal,195.25444166334196,197.24548060741142,227.75943795290908,0.6520926938239926,14,10686.214904419798,optimal,optimal,141.42603862632956,86.82199886040883,60.32854712521305,0.5028857172901148,1200.0000000519697,1200.0000000519697,10699.12771297411,62.195620331601646,19.529506174359625,41.75408419933679,34117.53691808553,1,33447.34756705586,0,1.0000803740695119e-07,optimal,optimal,optimal
2025-04-25,ANNUAL REFERENCE ONLY,0.95,0.5,1200.0000000519697,14,1200.0000000519697,optimal,optimal,13162.11759952147,0.0,0.0,14,2867.5690835493824,optimal,optimal,53.365091417014995,105.20665586599517,306.9530385363026,0.6817311944384786,14,10573.542808229575,optimal,optimal,-176.9638000430249,0.0,376.40518952940687,0.6363749218033539,14,9845.894234691732,optimal,optimal,277.3555775003572,222.63257015258694,0.0,0.49178572554188016,1228.2599297986094,1199.9999999999998,10573.542808229577,153.75686887434728,143.15183877609834,517.8727397794993,13833.747208175317,7,23268.246739491216,0,1.0000258043874055e-07,optimal,optimal,optimal
2025-04-26,ANNUAL REFERENCE ONLY,0.95,0.5,1228.2599297986094,14,1228.2599297986094,optimal,optimal,12643.428341427069,0.0,0.0,14,2314.8801187654303,optimal,optimal,104.25392294043482,82.71787913408127,26.316017028437784,0.68235784829596,14,10161.287082831535,optimal,optimal,45.6053430020758,80.62453577971007,37.606289009948256,0.6546457848793954,14,9853.843890100867,optimal,optimal,265.69834717853155,180.21403470888413,7.614072032578452e-07,0.48895997035494543,1200.0000000519697,1200.0,10594.498019817667,415.55761312104215,218.5984204512106,869.8550682661673,13928.841022814278,9,23462.655099161515,0,1.00000761449337e-07,optimal,optimal,optimal
2025-04-27,ANNUAL REFERENCE ONLY,0.95,0.5,1200.0000000519697,14,1200.0000000519697,optimal,optimal,33121.95574977608,0.0,0.0,14,9256.43108749999,optimal,optimal,161.009318215666,369.5105445308517,1247.005236368977,0.6685449852451066,14,7303.284193240733,optimal,optimal,-25.320113427875995,112.48515586003418,497.52269816193143,0.6363660385418936,14,10303.520255262574,optimal,optimal,730.0675272390029,411.5788405736288,0.0,0.48601436749670646,1200.0000000519697,1200.0000000519697,10669.427754166658,865.7567320267929,810.0835310743521,3313.013856337802,37300.726338140674,20,35940.654458972356,0,1.00000761449337e-07,optimal,optimal,optimal
2025-04-28,ANNUAL REFERENCE ONLY,0.95,0.5,1200.0000000519697,14,1200.0000000519697,optimal,optimal,40095.91926981935,0.0,0.0,14,10010.672139074073,optimal,optimal,-583.1303733065077,71.64043845709989,2340.4992606935093,0.6360380262969082,14,6168.971731525031,optimal,optimal,-154.66734745435022,67.16745224448891,804.9207598607909,0.6472560070857856,14,10532.792556043714,optimal,optimal,386.0941725420445,241.49596550698172,0.0,0.49128042178914716,1213.593310628188,1200.0000000519697,10786.048064999999,-351.70354821881347,2.494691233193066e-07,1.0000068947036199e-06,39744.215722600544,0,36127.86251379814,0,1.0001531336456537e-07,optimal,optimal,optimal
2025-04-29,ANNUAL REFERENCE ONLY,0.95,0.5,1213.593310628188,14,1213.593310628188,optimal,optimal,34138.500867535644,0.0,0.0,14,9316.042428703706,optimal,optimal,10.099431307618103,341.9531558853701,1807.7413275091467,0.5976011825390406,14,9219.66954777778,optimal,optimal,93.08616166351126,126.23535488860199,165.00555386015256,0.6543095372023991,14,10471.417821698054,optimal,optimal,510.39974352581635,293.08124215129146,0.0,0.4937930323404398,1218.1521943072198,1213.593310628188,10680.97348425926,613.5853364969457,335.98547454635354,1354.8282063214674,36106.91441035405,6,32648.473833930868,0,1.0000800898524176e-07,optimal,optimal,optimal
2025-04-30,ANNUAL REFERENCE ONLY,0.95,0.5,1218.1521943072198,14,1218.1521943072198,optimal,optimal,32791.58347019683,0.0,0.0,14,8120.271669430345,optimal,optimal,-159.48001353434015,0.0,670.3381947937173,0.5740318658404769,14,6185.030997022938,optimal,optimal,-71.31908656602619,0.0,145.78847227113783,0.67107790681695,14,10310.569337960822,optimal,optimal,707.6033815419788,440.9093441262498,0.0,0.4975611829940708,1200.0000000519697,1199.9999999999998,10394.343093637817,476.8042814416125,139.39674216238006,536.3481552213055,33804.73590685974,8,33225.340993101854,0,1.0000289307754429e-07,optimal,optimal,optimal
2025-05-01,ANNUAL REFERENCE ONLY,0.95,0.5,1200.0000000519697,14,1200.0000000519697,optimal,optimal,34317.95511068404,0.0,0.0,14,9208.606455092593,optimal,optimal,-286.39579520568884,35.75118382566625,1331.9611157591405,0.5620565283427029,14,7269.762892685189,optimal,optimal,-154.20220779724048,0.0,333.6572996556333,0.6419027216171779,14,10302.125823643972,optimal,optimal,749.4453921865708,436.58798547801416,0.0,0.50271368485792,1200.000000050103,1200.0,10533.953695833334,308.84738918364144,2427.5252106559656,11271.154900283464,45897.95740015114,29,36080.44134978506,0,1.0000087513617473e-07,optimal,optimal,optimal
2025-05-02,ANNUAL REFERENCE ONLY,0.95,0.5,1200.000000050103,14,1200.000000050103,optimal,optimal,15992.47174951489,0.0,0.0,14,3221.6671999197974,optimal,optimal,-51.53249410207977,0.0,99.52934295108027,0.5564958485916337,14,8952.730366508958,optimal,optimal,-41.80955228370007,0.0,84.72090420344833,0.6609513899290419,14,9009.251658012106,optimal,optimal,2327.6954924775723,1241.8148083992344,0.0,0.5059890836015601,1440.638733424649,1200.000000050103,9270.348809925908,2234.3534460917926,485.61816970531635,2387.3794732059855,20614.20466881267,8,21913.855369502147,0,1.000004886577699e-07,optimal,optimal,optimal
2025-05-03,ANNUAL REFERENCE ONLY,0.95,0.5,1440.638733424649,14,1440.638733424649,optimal,optimal,15039.799344395777,0.0,0.0,14,3026.699997918633,optimal,optimal,-90.1671340121746,0.0,188.42888622240565,0.5394404610795432,14,9197.430273163549,optimal,optimal,198.8183742398461,134.29369737463375,0.0,0.6475721298297373,14,8869.051031427622,optimal,optimal,2488.445003903499,1328.73123495456,0.0,0.503318333021994,1619.8370244732018,1200.0000000159278,9198.02835146899,2597.096244131171,426.39928994346076,2490.895221388275,20127.79080991522,7,21404.77100760729,0,1.0000258043874055e-07,optimal,optimal,optimal
2025-05-04,ANNUAL REFERENCE ONLY,0.95,0.5,1619.8370244732018,14,1619.8370244732018,optimal,optimal,37022.58645536433,0.0,0.0,14,9981.624971912815,optimal,optimal,-748.3864425670697,131.85372082267963,4037.296569757489,0.5430646147471601,14,8282.646757722869,optimal,optimal,-399.1802447175731,0.0,962.6095143473723,0.6401290513762119,14,8701.033192191073,optimal,optimal,3357.7522402821965,1837.6054538067337,0.0,0.5013300733504729,1451.205436243542,1200.0000000000002,10662.984694135037,2210.1855529975537,1218.264743145296,5797.798916351268,45030.57092471315,21,27334.320460171275,0,1.0000121619668789e-07,optimal,optimal,optimal
2025-05-05,ANNUAL REFERENCE ONLY,0.95,0.5,1451.205436243542,14,1451.205436243542,optimal,optimal,39125.05618681741,0.0,0.0,14,10015.800491574082,optimal,optimal,-1026.8003833606058,0.0,2609.3398492870683,0.5324815600799475,14,6497.596846777232,optimal,optimal,-364.7012550988446,9.236303761805402,1389.6090662877048,0.6431997159404194,14,8748.980572176459,optimal,optimal,3413.262673113961,1831.4612864509563,1.8172042184807196,0.500828878493704,1532.9286510199681,1200.0,10739.244473055564,2021.7610346545102,940.3560815235147,4561.0601037493225,45707.87732522125,16,32391.84890437471,0,1.0000803740695119e-07,optimal,optimal,optimal
2025-05-06,ANNUAL REFERENCE ONLY,0.95,0.5,1532.9286510199681,14,1532.9286510199681,optimal,optimal,33372.43841770785,0.0,0.0,14,7036.7743130247,optimal,optimal,1136.024216499117,1053.7317538173234,380.0114713831781,0.5646785068807457,14,5121.018105000001,optimal,optimal,1291.5826862212336,1409.927339548239,92.81843297830068,0.6044219334885613,14,8723.903595893793,optimal,optimal,3278.4137785559537,1772.5843479907155,0.0,0.5055075724842293,1200.0000000519697,1200.0,8723.903595893793,5706.0206812763045,1499.851620371005,7587.219456613101,46665.67855559725,24,30719.901777512598,0,1.0000121619668789e-07,optimal,optimal,optimal
2025-05-07,ANNUAL REFERENCE ONLY,0.95,0.5,1200.0000000519697,14,1200.0000000519697,optimal,optimal,36998.3178525069,0.0,0.0,14,9440.473511413928,optimal,optimal,365.397656060202,322.228225577073,332.5408327149353,0.566875293551075,14,6141.102882710225,optimal,optimal,-103.10815300432373,1.062837478940878,253.69972768408445,0.5889126347063195,14,9184.929664631643,optimal,optimal,2814.636734262541,1437.7497231685911,20.71957852205992,0.5070298171669906,1454.367301607184,1200.0000000159275,10570.906585449071,3076.926237318419,1065.85234423403,5979.545464003411,46054.78955382873,20,33287.03926547245,0,1.0000590577874391e-07,optimal,optimal,optimal
2025-05-08,ANNUAL REFERENCE ONLY,0.95,0.5,1454.367301607184,14,1454.367301607184,optimal,optimal,40943.73518961858,0.0,0.0,14,9832.532684310543,optimal,optimal,-817.5579192749144,260.4210388547574,4548.420947717048,0.5851807619954906,14,6258.748317111436,optimal,optimal,272.7424932409988,283.50585314012807,203.04184664533815,0.5887850983901098,14,9195.08199872238,optimal,optimal,2822.559499603688,1429.9203603123424,60.64611785671779,0.4990362085800908,1589.3201532750509,1208.1689722546244,10555.055832458691,2277.7440735697724,956.4758884561542,4148.647748787876,47370.12701197623,16,31563.83877124774,0,1.0001531336456537e-07,optimal,optimal,optimal
2025-05-09,ANNUAL REFERENCE ONLY,0.95,0.5,1589.3201532750509,14,1589.3201532750509,optimal,optimal,16201.24050457,0.0,0.0,14,3178.562086138845,optimal,optimal,506.1309366854379,329.63758198986375,6.360040653972305,0.5828378273268697,14,8348.511141342691,optimal,optimal,54.21693274895287,107.45632691241343,278.69241717939934,0.6106769077868192,14,9181.861265387823,optimal,optimal,2672.93324471136,1450.228413627272,63.277268215577394,0.5084599939648704,1753.7225703350325,1280.625411585408,9181.861265387824,3233.281114145751,5.297110264718655e-07,1.7000083837354398e-06,19434.52162041576,0,20855.348922086345,0,1.000009651761502e-07,optimal,optimal,optimal
2025-05-10,ANNUAL REFERENCE ONLY,0.95,0.5,1753.7225703350325,14,1753.7225703350325,optimal,optimal,16240.14901768564,0.0,0.0,14,3840.3303396567617,optimal,optimal,894.9577850902286,621.4734771772871,2.8421709430404007e-13,0.6124674265745421,14,8358.207873686953,optimal,optimal,-117.26109455705995,5.890700932848517,277.1481644462881,0.6135156098982888,14,9155.063245849424,optimal,optimal,2683.140940196406,1457.6579516649476,57.37735893129045,0.5174193229173041,1720.5943957246868,1372.9403318912018,9155.063245849424,3460.837630729575,257.0784212207499,1156.6450314343133,20857.631679849528,5,19656.942263503544,0,1.0000803740695119e-07,optimal,optimal,optimal
2025-05-11,ANNUAL REFERENCE ONLY,0.95,0.5,1720.5943957246868,14,1720.5943957246868,optimal,optimal,39546.25225493821,0.0,0.0,14,9682.49889929647,optimal,optimal,126.82041759451303,637.4445543799752,2571.7427033821336,0.6128798386458739,14,6628.243233864959,optimal,optimal,17.294144578612197,166.9573480243738,1043.3235384767256,0.6064088480203318,14,9221.653755490319,optimal,optimal,2753.063959476475,1401.2068044531447,60.212817657643036,0.5179237835685995,1434.0793337535035,1200.0000000159278,10351.615103000173,2897.1785216496,519.1035985963605,2917.1256685987278,45360.556445186536,10,30715.09153811937,0,1.0000420058986493e-07,optimal,optimal,optimal
2025-05-12,ANNUAL REFERENCE ONLY,0.95,0.5,1434.0793337535035,14,1434.0793337535035,optimal,optimal,35565.043768913674,0.0,0.0,14,9249.578269317079,optimal,optimal,2114.3846523830935,1809.4684905103636,0.0,0.6222051305743269,14,7267.466639415333,optimal,optimal,68.72999037953483,85.64308828928097,289.2789227188247,0.6042043258947416,14,9196.770415463592,optimal,optimal,2817.312938715916,1423.8477147803096,37.47504244403815,0.5147239641943456,1520.758580992079,1200.000000015928,10563.747102611482,5000.427581478544,411.46235194336487,1997.4848132634575,42562.956163655675,9,28231.358121245714,0,1.0000513839258929e-07,optimal,optimal,optimal
2025-05-13,ANNUAL REFERENCE ONLY,0.95,0.5,1520.758580992079,14,1520.758580992079,optimal,optimal,41109.733030162206,0.0,0.0,14,9958.63257176732,optimal,optimal,-929.5429758623732,701.181001857177,6066.76479329819,0.6096449450743807,14,6464.430958868597,optimal,optimal,107.1574882138367,247.08920916818207,837.6413381380637,0.6109347968771492,14,9178.303874978816,optimal,optimal,2815.044723875674,1430.5974184113375,59.94792061944367,0.5129126391594787,1491.8199808066852,1200.000000015928,10727.189778518514,1992.6592362271376,512.7859980928363,2732.0896044031324,45834.48187079248,13,30359.644444175996,0,1.0000420058986493e-07,optimal,optimal,optimal
2025-05-14,ANNUAL REFERENCE ONLY,0.95,0.5,1491.8199808066852,14,1491.8199808066852,optimal,optimal,40357.98264935253,0.0,0.0,14,9823.683350800433,optimal,optimal,-229.01864325416034,43.75656948844181,837.8371729202856,0.6287185154858466,14,5976.513928134454,optimal,optimal,-625.9097967431161,0.0,1846.401108035895,0.5923866460924188,14,9229.097970968813,optimal,optimal,2692.738912363401,1376.5358952090473,5.675818208569495,0.5051761010413914,1439.1097029773484,1221.1001146388971,10549.163443393025,1837.8104723661247,6.875881150394775e-07,1.999998313318895e-06,42195.79312371866,0,30325.312018176057,0,1.0000420058986493e-07,optimal,optimal,optimal
2025-05-15,ANNUAL REFERENCE ONLY,0.95,0.5,1439.1097029773484,14,1439.1097029773484,optimal,optimal,41287.924687986815,0.0,0.0,14,9825.399502537712,optimal,optimal,382.14032264603077,376.1947385066439,249.8882537633906,0.5880965951884245,14,6956.976016787856,optimal,optimal,-831.6093416574233,0.0,2335.5054035927124,0.6413907975808933,14,9573.51272837848,optimal,optimal,2069.9533043355577,1070.0433612305474,5.441433411670781,0.5023496857229169,1432.1251491025967,1432.1251491025967,10658.174397981938,1620.4842853241653,3.624597837665188e-07,9.000072924521647e-07,42908.408974210986,0,30905.974582537827,0,1.0000339045745932e-07,optimal,optimal,optimal
2025-05-16,ANNUAL REFERENCE ONLY,0.95,0.5,1432.1251491025967,14,1432.1251491025967,optimal,optimal,17292.986273227732,0.0,0.0,14,2494.2775622501063,optimal,optimal,-88.9641981999947,0.0,170.36238605186887,0.5807333829636694,14,8350.241883688737,optimal,optimal,-238.87036640921607,0.0,508.19529254554567,0.6697991599322327,14,9206.784334737295,optimal,optimal,2546.534921688982,1400.8519790211608,161.93213093636754,0.49022271234302023,1442.663446658888,1432.1251491025967,9206.784334737295,2218.7003570797715,6.71876779612101e-07,1.699994691608663e-06,19511.6866320075,0,18593.17847810688,0,1.0000803740695119e-07,optimal,optimal,optimal
2025-05-17,ANNUAL REFERENCE ONLY,0.95,0.5,1442.663446658888,14,1442.663446658888,optimal,optimal,17223.480433644632,0.0,0.0,14,2191.4009985584144,optimal,optimal,-27.59844949524475,14.149494059005228,107.71263400064657,0.5642788474441499,14,8339.421007749037,optimal,optimal,-31.4524135432792,71.00807514870792,308.30347037868955,0.6626488208544578,14,9175.877283004958,optimal,optimal,2665.8509807598152,1440.0883002934615,116.78218057447636,0.47940430771132864,1614.7608138498954,1423.2521596809083,9175.877283004958,2606.8001177212914,283.5014627222493,1317.804302960472,21148.084854326393,6,19230.127174895075,0,1.000043994281441e-07,optimal,optimal,optimal
2025-05-18,ANNUAL REFERENCE ONLY,0.95,0.5,1614.7608138498954,14,1614.7608138498954,optimal,optimal,42987.073133278594,0.0,0.0,14,9677.18259033449,optimal,optimal,-715.877521126008,290.91983125494056,4039.712237839295,0.5552544511539624,14,6413.96071819923,optimal,optimal,-136.95359261092455,43.331627596258045,603.2171263747609,0.6579382952051857,14,9761.883435577456,optimal,optimal,1773.6841856811259,898.6603928149793,2.035328411749788,0.4951790349470917,1561.4758264379723,1561.4758264379723,10372.567364986919,920.8530719441933,4.969263556557684e-07,1.1000221369054089e-06,43907.92620632281,0,31764.21682072964,0,1.000012430267816e-07,optimal,optimal,optimal
2025-05-19,ANNUAL REFERENCE ONLY,0.95,0.5,1561.4758264379723,14,1561.4758264379723,optimal,optimal,38955.44311085866,0.0,0.0,14,10071.468341944443,optimal,optimal,-374.4694937030881,526.761159803846,4354.717600985628,0.57627531086384,14,7948.693469608389,optimal,optimal,-103.2607895406988,13.17121320425113,465.02224711274664,0.6551490172527845,14,9588.478522003037,optimal,optimal,2104.9949492421215,1068.2367679481854,94.21086239676642,0.4869027646502461,1675.4815800050296,1441.7722801835178,10755.473897499998,1627.2646659983345,8.232500535175975,55.5240980500005,40638.231874907,1,28984.617007489658,0,1.0000415471722592e-07,optimal,optimal,optimal
2025-05-20,ANNUAL REFERENCE ONLY,0.95,0.5,1675.4815800050296,14,1675.4815800050296,optimal,optimal,38878.822121042664,0.0,0.0,14,10128.53287037037,optimal,optimal,528.293523734864,651.4073846054832,1179.91303231538,0.5737972755335464,14,6519.470889329726,optimal,optimal,74.91357650491337,126.83056077104442,22.8965237095607,0.6409757704854452,14,9375.873051057546,optimal,optimal,2444.6203033933734,1229.8013525544702,72.65531757783731,0.4864471924874341,1688.994018107938,1573.1983008392904,10800.0,3047.827403633151,119.66933698652775,462.07456095105204,42388.72408562686,2,29360.084291007297,0,1.0000415471722592e-07,optimal,optimal,optimal
2025-05-21,ANNUAL REFERENCE ONLY,0.95,0.5,1688.994018107938,14,1688.994018107938,optimal,optimal,36506.6872826718,0.0,0.0,14,8451.07093445713,optimal,optimal,1259.5702475997593,1489.1581480078262,0.0,0.5685082670468646,14,6876.197349956986,optimal,optimal,228.79523957440614,329.27542016716006,870.4316697672907,0.6532667259997932,14,9322.759767210486,optimal,optimal,2557.507346265417,1319.1807814336635,0.0,0.49013871318365915,1575.2274385044693,1556.3844385623736,9695.3199344182,4045.8728334395823,140.4900793342655,526.657626221314,41079.2177423327,3,28186.971798549366,0,1.0000420058986493e-07,optimal,optimal,optimal
2025-05-22,ANNUAL REFERENCE ONLY,0.95,0.5,1575.2274385044693,14,1575.2274385044693,optimal,optimal,36944.83080526551,0.0,0.0,14,9381.812150246915,optimal,optimal,-267.4571299364841,37.5732730109745,900.0338107973705,0.591923604047443,14,7601.856583580248,optimal,optimal,-347.3598067876817,0.0,716.7639370746911,0.6250893073790399,14,9774.569430417694,optimal,optimal,1828.6029993456352,927.2335481395959,-1.1368683772161603e-13,0.4967499063622417,1357.7283224422208,1357.7283224422208,10641.365279876543,1213.7860626214695,106.15458770014891,387.5147473199263,38546.131615206905,4,30723.784897559548,0,1.0001531336456537e-07,optimal,optimal,optimal
2025-05-23,ANNUAL REFERENCE ONLY,0.95,0.5,1357.7283224422208,14,1357.7283224422208,optimal,optimal,15283.095912474138,0.0,0.0,14,2133.463310987655,optimal,optimal,-32.60878892875265,0.0,65.3116094763359,0.6286188202783171,14,9401.546623559476,optimal,optimal,125.19342073124167,196.5855753823357,0.0,0.5954141752638227,14,9373.42516840397,optimal,optimal,1960.8174353191712,1048.813147724907,-1.1368683772161603e-13,0.5052994604995769,1616.4566561722415,1357.7283224422208,9420.80940510761,2053.4020671216604,1.4575819035663602e-07,2.9999984266073625e-07,17336.497979895797,0,20062.90329658757,0,1.0000621841754764e-07,optimal,optimal,optimal
2025-05-24,ANNUAL REFERENCE ONLY,0.95,0.5,1616.4566561722415,14,1616.4566561722415,optimal,optimal,16050.940523495337,0.0,0.0,14,1874.9894271296291,optimal,optimal,-208.49472901481462,52.58750261240726,561.1823133455533,0.6142470598441125,14,9048.979801575057,optimal,optimal,-142.8160954445455,0.0,263.9840035625435,0.5634376313290766,14,9594.983822636137,optimal,optimal,1770.1526756814887,1070.2908482666624,0.0,0.5062499574038256,1657.386893517813,1325.6106075632229,9642.36957367944,1418.8418512221288,1.0845217411241257e-07,2.999988424155162e-07,17469.782375017465,0,19136.51962778609,0,1.0000030670198612e-07,optimal,optimal,optimal
2025-05-25,ANNUAL REFERENCE ONLY,0.95,0.5,1657.386893517813,14,1657.386893517813,optimal,optimal,37390.50544239061,0.0,0.0,14,9862.812304876546,optimal,optimal,-862.6614178959435,29.207720583335096,3589.8504831895866,0.6349394761297966,14,9237.028047298967,optimal,optimal,-86.53948240467511,0.0,146.4344248351579,0.5513013261352812,14,9667.191333904155,optimal,optimal,2029.4952827511543,1023.7800872018345,-1.1368683772161603e-13,0.4863585004275528,1505.6620421437265,1446.880220669191,10800.0,1080.2943824505355,103.25815345361123,520.9841128515553,38991.7839376927,5,28687.267019818442,0,1.0000395889164793e-07,optimal,optimal,optimal
2025-05-26,ANNUAL REFERENCE ONLY,0.95,0.5,1505.6620421437265,14,1505.6620421437265,optimal,optimal,36474.59573601995,0.0,0.0,14,9366.265466972382,optimal,optimal,-387.7282505915145,21.113230870459915,886.0941768604945,0.6219222320018284,14,4507.97129363905,optimal,optimal,1256.9769330004049,1786.9982706391,0.0,0.5518940192800226,14,10049.185946641466,optimal,optimal,1264.6027368257307,679.7414556295837,0.0,0.4973434985470992,1440.086479621592,1409.814145684449,10603.826948453863,2133.851419234621,110.10412267318901,426.75216038582164,39035.19931564039,5,33287.74051409922,0,1.0000277939070656e-07,optimal,optimal,optimal
2025-05-27,ANNUAL REFERENCE ONLY,0.95,0.5,1440.086479621592,14,1440.086479621592,optimal,optimal,34431.9179804569,0.0,0.0,14,6813.430310000005,optimal,optimal,1735.4206721623918,2225.3966176574895,0.0,0.6357303952212594,14,5861.698040000005,optimal,optimal,-364.45228117800514,8.609488567719271,1163.925239638735,0.5838652431269783,14,10163.607483079963,optimal,optimal,901.7993647372632,582.398155843074,0.0,0.4886651889197987,1352.5205937433996,1352.5205937433996,10197.610483136925,2272.76775572165,1.4124178241126408e-07,2.999998344151208e-07,36704.685736478554,0,31602.837682421126,0,1.0000030670198612e-07,optimal,optimal,optimal
2025-05-28,ANNUAL REFERENCE ONLY,0.95,0.5,1352.5205937433996,14,1352.5205937433996,optimal,optimal,38090.780686163074,0.0,0.0,14,9972.60030635802,optimal,optimal,-399.6290332181968,356.5024501861421,3112.711668801365,0.5908321569580908,14,6342.713792047051,optimal,optimal,-460.12827419118616,193.52929724843182,2701.3512198347207,0.5951818170057571,14,10065.74896213282,optimal,optimal,923.1016938086898,498.9166724237394,0.0,0.4837875310871463,1332.2466475194587,1332.2466475194587,10669.667898950613,63.34438639930681,1.0899990826693119e-07,3.000024576569558e-07,38154.125072862385,0,31789.838848917774,0,1.0000245765695582e-07,optimal,optimal,optimal
2025-05-29,ANNUAL REFERENCE ONLY,0.95,0.5,1332.2466475194587,14,1332.2466475194587,optimal,optimal,37018.75755868069,0.0,0.0,14,9658.287763086417,optimal,optimal,411.5938947120223,385.130483574903,207.22485659236486,0.5763922328316364,14,7280.5001428228925,optimal,optimal,-793.1271160022593,14.945965820254514,3036.9399362907816,0.5866434162268607,14,10297.314898679948,optimal,optimal,764.7535493612695,478.08573078067,0.0,0.48108784470784305,1219.4687953117095,1202.241641975309,10326.502114938268,383.2203280710325,517.8811069850613,2430.0330771171775,39832.0109638689,16,33072.65770214502,0,1.0000098882301245e-07,optimal,optimal,optimal
2025-05-30,ANNUAL REFERENCE ONLY,0.95,0.5,1219.4687953117095,14,1219.4687953117095,optimal,optimal,14350.529128205064,0.0,0.0,14,2349.2937016666665,optimal,optimal,289.96993172301626,274.93501440373075,72.65652991843805,0.5411803619026859,14,10149.750696645751,optimal,optimal,167.59225789567168,136.87387078733002,126.24838508667523,0.5706245179616362,14,9935.83223905813,optimal,optimal,802.2494463198738,539.9396144081524,0.0,0.4741642960742968,1308.5852126344198,1219.4687953117095,10309.84302876209,1259.8116359385617,2.9759434434276675e-07,6.999977120088261e-07,15610.340764843624,0,22096.442754235264,0,1.0000007932831068e-07,optimal,optimal,optimal
2025-05-31,ANNUAL REFERENCE ONLY,0.95,0.5,1308.5852126344198,14,1308.5852126344198,optimal,optimal,16047.45005725729,0.0,0.0,14,2847.674103950737,optimal,optimal,-430.2725350156695,0.0,978.6036867863386,0.5552075506942729,14,10509.943452839625,optimal,optimal,-116.36053334239548,12.118393602093228,273.9008788090281,0.605237812413648,14,10300.484580577036,optimal,optimal,370.35441525477944,249.58111521581347,0.0,0.48422532798077766,1200.0000000519697,1200.0000000519697,10538.772315244292,-176.27865310328554,58.582571057832816,125.24953692068046,15996.420941074686,1,22643.654366323877,0,1.0000258043874055e-07,optimal,optimal,optimal
2025-06-01,ANNUAL REFERENCE ONLY,0.95,0.5,1200.0000000519697,14,1200.0000000519697,optimal,optimal,47589.73526164364,0.0,0.0,14,8062.0895323148125,optimal,optimal,608.4085182286282,1822.7045058314218,4404.651860627297,0.5666485845600128,14,7132.530454745864,optimal,optimal,-1236.7706985275954,0.0,3398.3122135411895,0.6415188020531732,14,10341.911905204022,optimal,optimal,790.1730170549555,427.1648144546337,0.0,0.4818533196753399,1200.000000050103,1199.9999999999998,10385.304547320531,161.81083675598825,4499.169765940194,20158.75589888674,67910.30199728637,49,35809.841037136255,0,1.000059910438722e-07,optimal,optimal,optimal
2025-06-02,ANNUAL REFERENCE ONLY,0.95,0.5,1200.000000050103,14,1200.000000050103,optimal,optimal,50049.42792455294,0.0,0.0,14,8388.005502082413,optimal,optimal,-2222.622267757311,51.851214870247645,7536.329747272821,0.5870249423054743,14,5622.610907696048,optimal,optimal,3283.2736788866305,3160.199528953778,592.7006525015612,0.6439861693109434,14,8378.927166494279,optimal,optimal,3664.4813009960335,1922.6872950873203,0.0,0.48757590409122953,1277.9061143674262,1200.000000050103,9147.394390971302,4725.132712125353,808.0550225810531,3877.93571043693,58652.496347115215,14,32680.54502579689,0,1.0002986527979374e-07,optimal,optimal,optimal
2025-06-03,ANNUAL REFERENCE ONLY,0.95,0.5,1277.9061143674262,14,1277.9061143674262,optimal,optimal,46150.48237008837,0.0,0.0,14,8350.692538790297,optimal,optimal,2229.9146835995193,2195.8178486477195,2116.231582544221,0.600796204059773,14,7258.50322561786,optimal,optimal,192.0179427665127,337.41270015603584,736.583018323284,0.623137584468961,14,8656.986408365321,optimal,optimal,3418.932500202183,1813.4738489124256,68.08355637285504,0.49230641353782917,1379.5124417285192,1277.9061143674262,9126.417075827334,5840.865126568215,116.92072868283417,790.5243047555759,52781.87180141216,4,30209.40298462098,0,1.0000111672070489e-07,optimal,optimal,optimal
2025-06-04,ANNUAL REFERENCE ONLY,0.95,0.5,1379.5124417285192,14,1379.5124417285192,optimal,optimal,53289.94168852189,0.0,0.0,14,7860.475843932622,optimal,optimal,-3530.10416122056,129.92312898488348,10816.46947814597,0.5954185206083834,14,7542.665926065885,optimal,optimal,1696.9445750460206,1568.8849574451106,0.0,0.6221504156147986,14,8749.704560468166,optimal,optimal,3193.816568934368,1693.2135201487326,64.73943227550659,0.50561548891682,1328.096712444254,1200.0000000159275,9442.80346222422,1360.656982759829,116.44365657212467,805.2391168919854,55455.8377881737,4,30209.70982066165,0,1.00000761449337e-07,optimal,optimal,optimal
2025-06-05,ANNUAL REFERENCE ONLY,0.95,0.5,1328.096712444254,14,1328.096712444254,optimal,optimal,45331.640341738406,0.0,0.0,14,8024.817365195594,optimal,optimal,1358.7825152480646,1757.616521158679,1883.0341703194158,0.6271448997395878,14,5141.729776778783,optimal,optimal,2835.926879876919,2715.412481034651,19.745527708723678,0.6119180322598419,14,8622.747966740362,optimal,optimal,3383.2916058311303,1812.0157738846565,64.94107114992644,0.5039157795352526,1200.0000000519697,1200.0000000159275,8845.847582193253,7578.001000956114,596.8990899550253,3676.3145596771415,56585.955902371665,7,33362.06581711472,0,1.00000761449337e-07,optimal,optimal,optimal
2025-06-06,ANNUAL REFERENCE ONLY,0.95,0.5,1200.0000000519697,14,1200.0000000519697,optimal,optimal,22351.308199566178,0.0,0.0,14,2879.159543279905,optimal,optimal,-472.14348554105226,49.35699987834865,1179.143139089911,0.6491237145562508,14,6919.181587932676,optimal,optimal,-281.91854297673194,0.0,639.346898876074,0.6193737432473572,14,8639.809562493678,optimal,optimal,3700.949752593345,1947.4378311580529,12.441261338731948,0.5068166741019111,1538.5485368838656,1200.0000000159275,8639.809562493678,2946.8877240755605,2242.9667460977716,10775.096307950605,36073.29223159234,20,20666.97907056011,0,1.0000377415053663e-07,optimal,optimal,optimal
2025-06-07,ANNUAL REFERENCE ONLY,0.95,0.5,1538.5485368838656,14,1538.5485368838656,optimal,optimal,22699.932310846536,0.0,0.0,14,5844.735038757406,optimal,optimal,-714.6821595354493,0.0,2025.7267281153304,0.630734207783951,14,7243.4433617919885,optimal,optimal,661.4180470154998,511.7227365736648,130.691170106662,0.619506135247758,14,8663.13323146754,optimal,optimal,3689.1615920920576,1920.2798746102467,0.0,0.5075122047091997,1640.4006655807955,1200.0000000159278,8663.13323146754,3635.8974795721083,1695.5734214764805,8635.100716887202,34970.93050730585,16,20196.749688655058,0,1.0001531336456537e-07,optimal,optimal,optimal
2025-06-08,ANNUAL REFERENCE ONLY,0.95,0.5,1640.4006655807955,14,1640.4006655807955,optimal,optimal,47365.017904950626,0.0,0.0,14,9879.346319455251,optimal,optimal,567.7915642078434,897.4704061253836,892.7719741751506,0.6311028432083742,14,8201.754495888425,optimal,optimal,277.87149023929595,383.18080480873726,515.5137098548707,0.5873036668672389,14,9337.269421896997,optimal,optimal,2578.0503918895292,1305.5474661643696,0.0,0.5185860629251362,1780.5602999371874,1201.003314847217,10568.398171307103,3423.7134463366683,121.0196068327295,816.2167372133114,51604.948088500605,1,29140.496040278267,0,1.0000420058986493e-07,optimal,optimal,optimal
2025-06-09,ANNUAL REFERENCE ONLY,0.95,0.5,1780.5602999371874,14,1780.5602999371874,optimal,optimal,53623.73698885151,0.0,0.0,14,9280.66109505819,optimal,optimal,-1004.4718842833543,0.0,2467.28314297932,0.6421747253364459,14,8177.013559857241,optimal,optimal,-217.1026685585397,0.0,661.1572706136899,0.5550189168663944,14,9337.269421896997,optimal,optimal,2586.9123383919277,1310.1877116011788,0.0,0.5076792954802422,1697.657472755033,1200.000000015928,10262.388719623294,1365.3377855500337,230.2494753154635,1568.392500976199,56557.46727537775,2,32916.399131942024,0,1.0000420058986493e-07,optimal,optimal,optimal
2025-06-10,ANNUAL REFERENCE ONLY,0.95,0.5,1697.657472755033,14,1697.657472755033,optimal,optimal,50392.03132512493,0.0,0.0,14,10100.721406944444,optimal,optimal,711.2762836002576,1041.6668408504445,121.02229060524921,0.6359704973850039,14,5874.5622238859705,optimal,optimal,2032.2259679871563,2034.6685934767395,80.22293570329396,0.5514512131454722,14,9317.300739890214,optimal,optimal,2654.621520278553,1334.392445955716,0.0,0.5001111296016376,1660.6046609920359,1348.1473318101068,10782.4269625,5398.123771865967,5.443221049804656e-07,1.8000495186057831e-06,55790.15509879095,0,35448.7828188494,0,1.0000420058986493e-07,optimal,optimal,optimal
2025-06-11,ANNUAL REFERENCE ONLY,0.95,0.5,1660.6046609920359,14,1660.6046609920359,optimal,optimal,54689.81417289124,0.0,0.0,14,10050.490914074073,optimal,optimal,1407.791702739428,2028.936383369493,480.18864674575076,0.6599042917744563,14,5074.487363610157,optimal,optimal,366.7978256253838,488.2115939163706,308.2311562890005,0.5395194116416968,14,9337.269421897,optimal,optimal,2486.924989622627,1265.2712656992735,0.0,0.48826100731901323,1623.7837173261578,1200.0,10774.579339999998,4261.514517987439,448.6750769326416,2107.338688314344,61058.66737919302,9,39257.92756635968,0,1.0000339045745932e-07,optimal,optimal,optimal
2025-06-12,ANNUAL REFERENCE ONLY,0.95,0.5,1623.7837173261578,14,1623.7837173261578,optimal,optimal,53434.01413924581,0.0,0.0,14,10039.324085989441,optimal,optimal,993.9127763233473,1451.028330459652,62.253158841547986,0.6301193606221761,14,7570.564958100729,optimal,optimal,-308.83051298300484,2.65349650110511,762.7364469032894,0.5744243290526387,14,9337.145217533583,optimal,optimal,2603.709651589279,1319.7509063006232,0.0,0.5018332704546623,1608.1561623075288,1454.893294624222,10791.006956359812,3288.7919149296213,5.81813040378157e-07,2.0000288519653622e-06,56722.80605617546,0,34681.55249879103,0,1.0000420058986493e-07,optimal,optimal,optimal
2025-06-13,ANNUAL REFERENCE ONLY,0.95,0.5,1608.1561623075288,14,1608.1561623075288,optimal,optimal,23663.22555985575,0.0,0.0,14,4125.747516313271,optimal,optimal,-713.5325524214102,0.0,1681.0387533882022,0.6242399681456574,14,7073.131250124434,optimal,optimal,424.4079691515246,345.39016857987804,77.45297584703738,0.5669753230324613,14,8715.08256462825,optimal,optimal,3664.739329988156,1881.7023675545151,0.0,0.5099189288390025,1604.0118786627845,1200.0000000159275,8715.08256462825,3375.6147467182705,1132.4076204130345,5362.030845750351,32400.87115232437,15,20015.402352327208,0,1.0000415471722592e-07,optimal,optimal,optimal
2025-06-14,ANNUAL REFERENCE ONLY,0.95,0.5,1604.0118786627845,14,1604.0118786627845,optimal,optimal,23765.096562842966,0.0,0.0,14,3591.144465551844,optimal,optimal,-402.17528968336484,0.0,918.3187959303989,0.6235149057632725,14,6921.300460935406,optimal,optimal,-248.10104977916566,0.0,564.3122616909454,0.5762993327995513,14,8735.293532048676,optimal,optimal,3612.9554895169686,1863.574390209932,1.584541840667395,0.5132157683447175,1542.1965348701106,1200.0000000159275,8735.293532048676,2962.679150054438,1064.169838868508,4968.4546504071695,31696.230363304574,14,19201.313629614095,0,1.0001076589105651e-07,optimal,optimal,optimal
2025-06-15,ANNUAL REFERENCE ONLY,0.95,0.5,1542.1965348701106,14,1542.1965348701106,optimal,optimal,52412.85396787435,0.0,0.0,14,10108.6604475,optimal,optimal,2807.5851831528776,4024.688078971291,292.44975413227934,0.6146972657557176,14,6148.872301896792,optimal,optimal,1024.148358415113,1103.5502323788205,119.23804579046124,0.5517131793820905,14,9336.918736019341,optimal,optimal,2463.380402701895,1248.5318642431444,0.0,0.5184838190839023,1487.8402053993066,1370.4549105488272,10793.7604475,6295.113944269886,4.3510969192073516e-07,1.5999770272168914e-06,58707.96791374421,0,37846.44279657988,0,1.0000415471722592e-07,optimal,optimal,optimal
2025-06-16,ANNUAL REFERENCE ONLY,0.95,0.5,1487.8402053993066,14,1487.8402053993066,optimal,optimal,54583.344343397956,0.0,0.0,14,9971.78544710683,optimal,optimal,2142.712196551211,3012.24796403058,153.04352441821152,0.6193389243829498,14,5710.645113834995,optimal,optimal,382.1806045671683,529.8493148118741,379.29931634346383,0.5741348667196463,14,9398.562077897499,optimal,optimal,2503.140259165352,1243.0515661445224,0.0,0.513763216558851,1624.5273792249964,1200.0,10782.426962499998,5028.033060283731,216.35909603611958,1056.4996038523632,60667.87700753405,5,38539.73457387808,0,1.0002986527979374e-07,optimal,optimal,optimal
2025-06-17,ANNUAL REFERENCE ONLY,0.95,0.5,1624.5273792249964,14,1624.5273792249964,optimal,optimal,55470.528623095546,0.0,0.0,14,10088.136221759258,optimal,optimal,2927.5724825336583,3857.369735846127,106.33768485023336,0.5949626481298967,14,6701.612425724264,optimal,optimal,238.37374835926232,381.30906231062,352.5671014485436,0.5631299982467897,14,9398.334601576753,optimal,optimal,2424.779717653461,1204.0781989106904,-1.1368683772161603e-13,0.5658927919111729,1687.631410072104,1620.6578636917363,10782.426962499998,5590.725948546382,3.212099048966836e-07,1.2999807325001713e-06,61061.25457294191,0,37817.8435935042,0,1.0000343513638653e-07,optimal,optimal,optimal
2025-06-18,ANNUAL REFERENCE ONLY,0.95,0.5,1687.631410072104,14,1687.631410072104,optimal,optimal,55816.44827167425,0.0,0.0,14,10128.018166203703,optimal,optimal,2955.0793428224124,3904.7833102520863,63.61638199896936,0.6020235205475214,14,7919.448219661304,optimal,optimal,-816.21214374817,0.3050514107203526,2279.1244158968248,0.5498425464571668,14,9398.613395145147,optimal,optimal,2536.7312216463897,1259.1695042263723,1.1368683772161603e-13,0.5630220884129864,1763.3507366686626,1687.631410072104,10800.0,4675.598420720632,2.914646976293255e-07,8.99994556804495e-07,60492.04669329488,0,34523.41742787125,0,1.0000343513638653e-07,optimal,optimal,optimal
2025-06-19,ANNUAL REFERENCE ONLY,0.95,0.5,1763.3507366686626,14,1763.3507366686626,optimal,optimal,52875.0510967624,0.0,0.0,14,10014.486109577756,optimal,optimal,16.190411006616312,137.0943572236281,340.33709237095275,0.5577903607428186,14,7740.7633410690105,optimal,optimal,1770.140356298259,1777.1992150127903,53.81561276303535,0.5989886677092385,14,9398.613395145145,optimal,optimal,2578.2940136502575,1281.0185121982859,0.0,0.5464077990122872,1853.1801053728796,1763.3507366686626,10729.875979909195,4364.624780955133,2.935516275794105e-07,9.000213470301106e-07,57239.675878617556,0,30285.536564822054,0,1.0001525652114651e-07,optimal,optimal,optimal
2025-06-20,ANNUAL REFERENCE ONLY,0.95,0.5,1853.1801053728796,14,1853.1801053728796,optimal,optimal,24663.74399573763,0.0,0.0,14,4245.16601090164,optimal,optimal,144.90135578252662,130.43000995269458,1.1368683772161603e-13,0.578479287725168,14,7028.625958908413,optimal,optimal,-10.341517471025181,57.427967718107055,87.47566890730127,0.5815499330392405,14,9175.69014521105,optimal,optimal,2700.1826240405744,1406.91010348732,-1.1368683772161603e-13,0.5757366746932912,1852.6591592361976,1852.6591592361976,9175.69014521105,2834.742462352076,2.9302650061998553e-07,9.999869121069425e-07,27498.48645908969,0,18025.27523484012,0,1.0000415471722592e-07,optimal,optimal,optimal
2025-06-21,ANNUAL REFERENCE ONLY,0.95,0.5,1852.6591592361976,14,1852.6591592361976,optimal,optimal,24050.884511157277,0.0,0.0,14,3719.041485973211,optimal,optimal,440.29604973275775,352.43706546374995,0.0,0.5927749342757916,14,7122.680389272779,optimal,optimal,-224.9230536107978,0.0,466.67333800327157,0.5738372418743976,14,9445.59809511158,optimal,optimal,2367.4688500442,1205.9190905800297,0.0,0.559413731876346,1963.7069488354064,1852.6591592361976,9445.59809511158,2582.84184616616,4.5708888957818407e-07,1.3999859328469029e-06,26633.726358723423,0,19209.116439267294,0,1.0000167094403878e-07,optimal,optimal,optimal
2025-06-22,ANNUAL REFERENCE ONLY,0.95,0.5,1963.7069488354064,14,1963.7069488354064,optimal,optimal,47896.186701058876,0.0,0.0,14,10063.049748359223,optimal,optimal,1103.5209906483717,910.2646502417919,56.98746290168117,0.5728972797433772,14,6081.306098965657,optimal,optimal,1490.4513677812056,1581.5530110908717,35.59991407396592,0.570835193695159,14,9715.238147094198,optimal,optimal,1954.9636178133542,999.4149624558505,81.87286747271526,0.555524516666299,1731.3409385393638,1719.8977039749989,10716.250291530168,4548.935976242931,3.6128937030981873e-07,9.999909028360888e-07,52445.1226783018,0,34500.8887233017,0,1.0000285590194835e-07,optimal,optimal,optimal
2025-06-23,ANNUAL REFERENCE ONLY,0.95,0.5,1731.3409385393638,14,1731.3409385393638,optimal,optimal,49082.87502144108,0.0,0.0,14,10108.193055555555,optimal,optimal,1590.5089513533308,1271.921120507398,39.45437807459698,0.5478457584488032,14,7454.6054158874995,optimal,optimal,-180.6001841368133,0.0,457.45513410522835,0.5619297357762374,14,9702.105826844432,optimal,optimal,1887.9977832016477,986.8407623377796,0.0,0.5720722180019336,1785.9789667743835,1731.3409385393638,10800.0,3297.9065504181654,3.4392033061110447e-07,1.0000095703067472e-06,52380.781572859254,0,33478.67165507008,0,1.0000315205616061e-07,optimal,optimal,optimal
2025-06-24,ANNUAL REFERENCE ONLY,0.95,0.5,1785.9789667743835,14,1785.9789667743835,optimal,optimal,56252.14640174349,0.0,0.0,14,9784.163720502642,optimal,optimal,2.2531135408416834,439.1441400400638,1429.5523814469832,0.5532714297404863,14,7055.1058968592315,optimal,optimal,-308.1060214836624,0.0,893.2511625275407,0.571298303327644,14,10042.245949005135,optimal,optimal,1197.6464108367973,610.7844498131954,2.2737367544323206e-13,0.5349504933453456,1565.304864963398,1565.304864963398,10527.536081613755,891.7935028939766,4.677096127890276e-08,9.999297253525578e-08,57143.93990473746,0,38718.07082599953,0,1.0000099996432255e-07,optimal,optimal,optimal
2025-06-25,ANNUAL REFERENCE ONLY,0.95,0.5,1565.304864963398,14,1565.304864963398,optimal,optimal,49243.71550644511,0.0,0.0,14,10098.926867191352,optimal,optimal,2151.47521362698,2217.5556691233596,1389.3793255078306,0.5550212135591391,14,8951.3151445699,optimal,optimal,337.40843547890773,610.118570156905,1361.59947468894,0.571904353746946,14,10027.949556036217,optimal,optimal,1257.8226923590435,661.1505080173915,71.09991554759984,0.4999812136413801,1640.1241876584695,1565.304864963398,10770.143070895056,3746.706341464931,9.397509005840307e-08,1.9999877831978665e-07,52990.42184811004,0,34314.36417127689,0,1.0000099996432255e-07,optimal,optimal,optimal
2025-06-26,ANNUAL REFERENCE ONLY,0.95,0.5,1640.1241876584695,14,1640.1241876584695,optimal,optimal,47457.851929469165,0.0,0.0,14,10096.770582716048,optimal,optimal,1825.1348660358553,1984.7877827520758,62.948386069325124,0.6154476994763852,14,7769.601114860747,optimal,optimal,71.16332812693068,194.79159031023454,235.63473197661972,0.5203880635663166,14,9867.506315751561,optimal,optimal,1330.297307439697,689.8394549780239,81.81755840831227,0.5057891811807994,1689.3718635953412,1640.1241876584695,10790.595582716049,3226.595501602483,1.4068099122999203e-07,2.9999975722175794e-07,50684.44743137165,0,31321.599674564575,0,1.0001531336456537e-07,optimal,optimal,optimal
2025-06-27,ANNUAL REFERENCE ONLY,0.95,0.5,1689.3718635953412,14,1689.3718635953412,optimal,optimal,22135.474718208745,0.0,0.0,14,3996.9264196604945,optimal,optimal,53.714249391344474,58.19872650443941,80.53420780797791,0.6066326695946632,14,8370.845884567294,optimal,optimal,-382.294971975615,40.64062461178777,947.9971471932007,0.5512498505646977,14,9892.80526004007,optimal,optimal,1424.935134472252,804.9440292756284,0.0,0.4697623913490641,1919.2988869331937,1689.3718635953412,9892.80526004007,1096.3544118879815,2.1701124905266582e-07,5.999983015252837e-07,23231.829130696722,0,20535.98505694435,0,1.000043994281441e-07,optimal,optimal,optimal
2025-06-28,ANNUAL REFERENCE ONLY,0.95,0.5,1919.2988869331937,14,1919.2988869331937,optimal,optimal,20706.3210514039,0.0,0.0,14,3183.104475308647,optimal,optimal,30.776404466988573,28.33940960542268,0.0,0.6263606816706172,14,9416.665956186534,optimal,optimal,461.85543960330244,374.6048412215479,0.0,0.5493182795582746,14,10186.916358764243,optimal,optimal,967.1940544868149,513.7149061446449,0.0,0.4702148716167222,1735.4713401729891,1735.4713401729891,10186.916358764243,1459.825898557106,1.6778408425152906e-07,7.000207677298021e-07,22166.146950661023,0,21516.681571329038,0,1.0000245765695582e-07,optimal,optimal,optimal
2025-06-29,ANNUAL REFERENCE ONLY,0.95,0.5,1735.4713401729891,14,1735.4713401729891,optimal,optimal,44304.70387507313,0.0,0.0,14,9447.760397098767,optimal,optimal,1013.6239327175201,1036.5108583393846,972.2918248123232,0.6246779494178623,14,6671.51665349723,optimal,optimal,1296.4601424249481,1510.1787092330105,0.0,0.5793197463728676,14,10718.812924510441,optimal,optimal,27.58909351759869,32.57029697915061,54.856429103245624,0.4645075981095681,1282.052224858192,1277.8194799312125,10775.236192525012,2337.673168660067,653.2402186509759,2479.718158801892,49122.09520253509,10,35611.409367114065,0,1.0001531336456537e-07,optimal,optimal,optimal
2025-06-30,ANNUAL REFERENCE ONLY,0.95,0.5,1282.052224858192,14,1282.052224858192,optimal,optimal,50371.23625053093,0.0,0.0,14,10039.720411111106,optimal,optimal,-683.1087569269156,271.8730903347723,3031.1639985686365,0.6433867460932854,14,6079.992080361416,optimal,optimal,-281.21708869691145,41.9174190189849,883.3428996101404,0.6233322134458623,14,10666.9567018719,optimal,optimal,39.28034524803221,262.35127806082295,190.3880733816145,0.456541570106709,1200.0000000519697,1200.0000000519697,10800.0,-925.0455003757949,235.61074193193156,733.5572688540066,50179.74801900914,4,37363.28977059178,0,1.0002258932217956e-07,optimal,optimal,optimal
2025-07-01,ANNUAL REFERENCE ONLY,0.95,0.5,1200.0000000519697,14,1200.0000000519697,optimal,optimal,43808.93281280635,0.0,0.0,14,7812.491165708045,optimal,optimal,1875.0880798397334,1889.4855773782788,35.38308724951867,0.6223888745227221,14,3147.980701173216,optimal,optimal,1175.6643671292252,1296.8153048658094,77.88289609555989,0.6339064583071483,14,10261.3271074311,optimal,optimal,474.88359704311654,336.02572507517493,0.0,0.4503187111115669,1200.000000050103,1200.0,10284.624630222186,3525.636044012075,9833.588086973097,38910.10120258808,86244.6700594065,71,38480.09142808759,0,1.0000803740695119e-07,optimal,optimal,optimal
2025-07-02,ANNUAL REFERENCE ONLY,0.95,0.5,1200.000000050103,14,1200.000000050103,optimal,optimal,49313.15218301337,0.0,0.0,14,8623.998415949387,optimal,optimal,168.30895229161902,264.5074719958587,95.39447875156543,0.6318581878861456,14,3939.9799959515317,optimal,optimal,2022.786838379026,2113.0717210856155,111.32003572359577,0.6565159889571802,14,9531.395915956751,optimal,optimal,2167.6423237896115,1075.9608590190182,0.0,0.4807376963185259,1287.9253200368992,1200.000000015928,9539.272441134159,4358.738114460257,564.0602677188803,3190.616969424546,56862.507266898174,15,34906.50899865417,0,1.00000761449337e-07,optimal,optimal,optimal
2025-07-03,ANNUAL REFERENCE ONLY,0.95,0.5,1287.9253200368992,14,1287.9253200368992,optimal,optimal,54929.139905224736,0.0,0.0,14,8455.04190944785,optimal,optimal,2684.62901760164,2499.562527725324,1095.2624140745843,0.6293130427185609,14,8125.836138220461,optimal,optimal,-655.4663129998161,55.73444568638115,2383.434842810334,0.6484613479486222,14,9005.233160651705,optimal,optimal,3213.7535068351594,1604.8217541363674,0.0,0.48495836823884836,1240.5236325366322,1200.0000000225127,9813.272316043334,5242.916211436983,1378.2847446973758,3592.0036548803414,63764.05977154206,18,35010.076486582475,0,1.0000420058986493e-07,optimal,optimal,optimal
2025-07-04,ANNUAL REFERENCE ONLY,0.95,0.5,1240.5236325366322,14,1240.5236325366322,optimal,optimal,23518.804479066086,0.0,0.0,14,2491.4866430413704,optimal,optimal,814.1281694009004,631.2962111291181,0.0,0.6117813098637833,14,8776.374886366,optimal,optimal,-53.943508740955465,5.124453896055684,158.17467100901126,0.6291220723833791,14,8709.113698007117,optimal,optimal,3645.77238174312,1873.7620178209536,71.92872328208409,0.4768004473645112,1200.0000000519697,1200.0000000159275,8805.362932175543,4405.957042403065,809.9343844057715,4266.474219471653,32191.235740940803,14,21042.42107686038,0,1.0000803740695119e-07,optimal,optimal,optimal
2025-07-05,ANNUAL REFERENCE ONLY,0.95,0.5,1200.0000000519697,14,1200.0000000519697,optimal,optimal,24808.558065047735,0.0,0.0,14,3318.498299003968,optimal,optimal,-310.0070438627089,0.0,699.6716751020438,0.5799769342284965,14,7363.02187011028,optimal,optimal,415.01793221707624,317.5967465536031,0.0,0.62099626206334,14,8390.708175173122,optimal,optimal,4316.401787953044,2173.307814125789,0.0,0.47722337628354167,1235.7025198733434,1200.0000000159275,8390.708175173122,4421.412676307411,1800.3233320149957,8810.060975912527,38040.03171726767,15,20830.931859643257,0,1.000043994281441e-07,optimal,optimal,optimal
2025-07-06,ANNUAL REFERENCE ONLY,0.95,0.5,1235.7025198733434,14,1235.7025198733434,optimal,optimal,52527.20804716267,0.0,0.0,14,9079.418872575954,optimal,optimal,3335.0371544971485,3995.0879697276728,79.76386153957685,0.602757847203642,14,4416.988195161506,optimal,optimal,2505.680105744518,2282.670092120675,29.932082343774823,0.6149385538492571,14,9127.844571059204,optimal,optimal,3024.749633442395,1506.3138385787363,1.1368683772161603e-13,0.4995744855278361,1284.357887147833,1200.0,9886.258255253073,8865.46689368406,1167.7169680716559,6601.529181958339,67994.20412280507,15,37541.92176094116,0,1.0001531336456537e-07,optimal,optimal,optimal
2025-07-07,ANNUAL REFERENCE ONLY,0.95,0.5,1284.357887147833,14,1284.357887147833,optimal,optimal,53949.62472161335,0.0,0.0,14,8978.615319998999,optimal,optimal,-1860.2667536279994,0.0,5379.944918095116,0.5892678260807079,14,5169.267625496955,optimal,optimal,3405.484804554238,3289.6067681367836,68.80331608652716,0.5702832642182791,14,8998.306657390824,optimal,optimal,3065.092292487519,1575.193912263796,0.0,0.4902076745875216,1356.7250478266335,1200.0000000159275,9690.813051441544,4610.310343413757,408.5682291515908,2781.211180663741,61341.14624569085,3,33553.46948794276,0,1.000049660433433e-07,optimal,optimal,optimal
2025-07-08,ANNUAL REFERENCE ONLY,0.95,0.5,1356.7250478266335,14,1356.7250478266335,optimal,optimal,62542.994993089735,0.0,0.0,14,9749.351499309825,optimal,optimal,-2219.8143045236216,136.87212896227823,6705.337653754708,0.6014441198810454,14,7432.93202222841,optimal,optimal,408.66207350179235,359.47169298226675,154.18581989270643,0.5318654791787983,14,8998.30665739082,optimal,optimal,3174.428937295916,1595.3415489137765,4.547473508864641e-13,0.4955390161746349,1866.603922554299,1255.236422032527,10504.163999309825,1363.2767062740868,3.9908849977510605e-07,1.4000071570729231e-06,63906.271700763835,0,32891.868860451155,0,1.0001531336456537e-07,optimal,optimal,optimal
2025-07-09,ANNUAL REFERENCE ONLY,0.95,0.5,1866.603922554299,14,1866.603922554299,optimal,optimal,61723.6375473275,0.0,0.0,14,9638.997428148148,optimal,optimal,-1850.8309609586877,50.45655073007538,5192.674379244379,0.604398050773774,14,8547.896222297737,optimal,optimal,-264.10880503526346,193.96193006895362,1827.5465556774525,0.520608619646706,14,8998.306657390818,optimal,optimal,3170.401584578608,1599.4961904383667,0.0,0.5072446008422778,1793.873790077081,1393.347255211151,10361.87428,1055.4618185846566,2.6850004378977186,18.100928999982585,62797.20029491214,1,30436.05920632495,0,1.000009651761502e-07,optimal,optimal,optimal
2025-07-10,ANNUAL REFERENCE ONLY,0.95,0.5,1793.873790077081,14,1793.873790077081,optimal,optimal,57482.63486543823,0.0,0.0,14,10009.159191759256,optimal,optimal,-497.37045143512734,576.3763210412583,3950.0417137055274,0.5934121845975558,14,5242.554772353317,optimal,optimal,1954.1846357847312,1997.6604602714747,17.760854526197136,0.5607540624811105,14,8998.306657390822,optimal,optimal,3152.59111635165,1589.7525080214762,0.0,0.5070689334858468,1741.8113949079138,1202.1377095723115,10741.649932499997,4609.4053007012535,5.221838441791047e-07,1.8000032496828682e-06,62092.04016793949,0,32948.593224140226,0,1.0002258932217956e-07,optimal,optimal,optimal
2025-07-11,ANNUAL REFERENCE ONLY,0.95,0.5,1741.8113949079138,14,1741.8113949079138,optimal,optimal,30281.138112892186,0.0,0.0,14,5791.165779317476,optimal,optimal,-273.554624325622,1.8413593599923188,786.2664858232988,0.5926042405347488,14,6301.709387519272,optimal,optimal,-327.25974187177076,0.0,744.3983426073987,0.5693215717201286,14,8396.431887861787,optimal,optimal,4218.633486255053,2162.6781998597203,0.0,0.508539228862091,1694.128396110773,1409.5546027941612,8396.431887861787,3617.8191200576603,559.9940386911237,2630.087009360047,36529.044242309894,11,20089.56236641953,0,1.0000803740695119e-07,optimal,optimal,optimal
2025-07-12,ANNUAL REFERENCE ONLY,0.95,0.5,1694.128396110773,14,1694.128396110773,optimal,optimal,28664.55084342035,0.0,0.0,14,5378.132945563622,optimal,optimal,717.0191596676297,567.9379744556534,14.487504075916725,0.606576767075662,14,6365.399384376236,optimal,optimal,368.43598823308565,313.09696926399613,-1.1368683772161603e-13,0.5806300519809174,14,8502.879733650278,optimal,optimal,4084.6986988594313,2065.4245977132637,0.0,0.5085334659069823,1671.943040942694,1200.0000000159275,8502.879733650278,5170.153846760147,569.981930904905,2925.329067355972,36760.033757536476,10,19599.571737034876,0,1.000043994281441e-07,optimal,optimal,optimal
2025-07-13,ANNUAL REFERENCE ONLY,0.95,0.5,1671.943040942694,14,1671.943040942694,optimal,optimal,61886.470456423514,0.0,0.0,14,10064.354166666664,optimal,optimal,-3000.278631076859,0.0,7981.279939533071,0.6267020258670438,14,6791.558545100151,optimal,optimal,-576.4417770313385,0.0,1374.7677553175727,0.5668323577579993,14,8998.306657390822,optimal,optimal,3133.162493867537,1617.4823398409696,0.0,0.4905380460918264,1606.0417389025442,1200.0000000159278,10799.999999999998,-443.55791424066047,91.2374495714848,632.787127401135,62075.699669583984,2,31170.0755341337,0,1.0001531336456537e-07,optimal,optimal,optimal
2025-07-14,ANNUAL REFERENCE ONLY,0.95,0.5,1606.0417389025442,14,1606.0417389025442,optimal,optimal,57580.47181447159,0.0,0.0,14,10029.172685185187,optimal,optimal,-1733.4581974232722,147.37056712899437,5647.614968910901,0.6450013501404055,14,7411.886947248905,optimal,optimal,629.3597625252363,590.725091499956,99.84643713846935,0.5834369520900139,14,8926.608898149609,optimal,optimal,3306.220087807919,1674.7341366543872,0.0,0.48453850799441545,1558.562325974864,1200.000000015928,10800.000000000002,2202.121652909883,230.90084497994957,1566.3491560331058,61348.94262341458,2,30315.01337705117,0,1.0000803740695119e-07,optimal,optimal,optimal
2025-07-15,ANNUAL REFERENCE ONLY,0.95,0.5,1558.562325974864,14,1558.562325974864,optimal,optimal,65591.53647634742,0.0,0.0,14,10036.193055555555,optimal,optimal,-2424.7392188283716,224.73190473905424,7735.866472476506,0.6506489292797772,14,8433.351803348925,optimal,optimal,-367.0148445840031,3.883737342045957,1183.1219633882192,0.6088113474966974,14,8998.30665739082,optimal,optimal,3145.5811085648884,1600.1669938630425,0.0,0.5101322637149865,1504.5147768538923,1504.5147768538923,10800.000000000002,353.8270451525136,2.1415206759271933e-07,7.999788667035318e-07,65945.36352229991,0,30134.8476279144,0,1.0000420058986493e-07,optimal,optimal,optimal
2025-07-16,ANNUAL REFERENCE ONLY,0.95,0.5,1504.5147768538923,14,1504.5147768538923,optimal,optimal,63998.083192645274,0.0,0.0,14,9935.46574074074,optimal,optimal,-2357.8322139154634,0.0,6188.876544584547,0.6311860433981887,14,7917.011403304745,optimal,optimal,793.0428728708424,882.2025450438393,43.066495265840196,0.5807522912369402,14,8998.306657490819,optimal,optimal,3013.12267661804,1565.8218812914815,0.0,0.5069650481154939,1582.5881070793612,1504.5147768538923,10799.999999999998,1448.333335573419,1.3931923223239855e-07,5.999839167865502e-07,65446.41652881868,0,29022.571966056963,0,1.0000343513638653e-07,optimal,optimal,optimal
2025-07-17,ANNUAL REFERENCE ONLY,0.95,0.5,1582.5881070793612,14,1582.5881070793612,optimal,optimal,62452.045520697524,0.0,0.0,14,10019.576851851849,optimal,optimal,-368.7449415987074,488.2423442069099,2729.3316956496437,0.6472194924808269,14,8173.369418637551,optimal,optimal,298.4157251461795,287.27696057235255,297.8196745725933,0.5804425848915047,14,8998.30665739082,optimal,optimal,3158.4872702559287,1594.640316560674,0.0,0.4855623145837197,1700.8766483249033,1582.5881070793612,10799.999999999996,3088.158053803401,1.302527403492862e-07,4.999777746713335e-07,65540.2035750009,0,29846.119567809008,0,1.0002258932217956e-07,optimal,optimal,optimal
2025-07-18,ANNUAL REFERENCE ONLY,0.95,0.5,1700.8766483249033,14,1700.8766483249033,optimal,optimal,36636.38582801153,0.0,0.0,14,8993.966633417896,optimal,optimal,-925.9402885587195,33.927613906366105,2955.9053198768456,0.6665750117721818,14,7596.342540914463,optimal,optimal,-522.0608753269851,2.309896838081886,1344.363853699645,0.5893982797533883,14,8998.306657390822,optimal,optimal,3181.370967345039,1638.9672849706353,0.0,0.48855617495764103,1802.5416490032517,1700.8766483249033,9792.98972597156,1733.3698034593344,1.7693426931653466e-07,5.999984134566147e-07,38369.75563207086,0,18886.489387567686,0,1.0000420058986493e-07,optimal,optimal,optimal
2025-07-19,ANNUAL REFERENCE ONLY,0.95,0.5,1802.5416490032517,14,1802.5416490032517,optimal,optimal,35876.85233530299,0.0,0.0,14,7137.875280848607,optimal,optimal,-1359.3597453373955,41.47357646686362,4003.652769887258,0.6808718762423347,14,6134.917198691423,optimal,optimal,52.89208368597899,86.78009744521808,174.3244689758951,0.5993598314486152,14,8916.930537120192,optimal,optimal,3308.483314567449,1643.038921769013,0.0,0.5057960428083532,1949.3068375634352,1802.5416490032517,8916.930537120192,2002.0156529160324,1.3625920212900973e-07,4.999937747427792e-07,37878.867988719016,0,17618.100975930905,0,1.0000420058986493e-07,optimal,optimal,optimal
2025-07-20,ANNUAL REFERENCE ONLY,0.95,0.5,1949.3068375634352,14,1949.3068375634352,optimal,optimal,65078.805194939734,0.0,0.0,14,10059.50925925926,optimal,optimal,-1797.991071174722,19.260238721726296,5332.125795696702,0.6443010835617982,14,10108.397897016743,optimal,optimal,-1299.2344448295053,47.42570818239811,5023.783112323908,0.6141895715509814,14,9304.803901764473,optimal,optimal,2713.873091458618,1348.4286922492884,0.0,0.5064420781720695,2014.746197325796,1949.3068375634352,10800.0,-383.3524245456092,2.519886279462161e-07,8.000133745374115e-07,64695.45277119414,0,28472.16334559732,0,1.0001525652114651e-07,optimal,optimal,optimal
2025-07-21,ANNUAL REFERENCE ONLY,0.95,0.5,2014.746197325796,14,2014.746197325796,optimal,optimal,62103.875013548866,0.0,0.0,14,9932.35059722222,optimal,optimal,-1123.343904962473,188.7252044844115,4236.281848234052,0.6194333230147602,14,8948.032506040523,optimal,optimal,-463.027444981425,27.478100265333296,1829.6927559924975,0.629078853246667,14,8799.355487228588,optimal,optimal,3369.3131062570747,1739.5899119991204,0.0,0.5134354369374285,2026.197605870444,2001.5048837641498,10705.090874999996,1782.9417563131765,2.0766542786268057e-07,8.000126191385789e-07,63886.81677066206,0,28044.31840175706,0,1.0000803740695119e-07,optimal,optimal,optimal
2025-07-22,ANNUAL REFERENCE ONLY,0.95,0.5,2026.197605870444,14,2026.197605870444,optimal,optimal,58287.39129984052,0.0,0.0,14,9880.413398382465,optimal,optimal,1529.7027795401218,1418.1178734691707,576.1775478176888,0.5993431724678634,14,8880.24966788798,optimal,optimal,-1541.3704841243314,0.0,4839.6977148692395,0.6384158458164514,14,9733.146797306581,optimal,optimal,1780.604110469259,986.8358762511592,0.0,0.5052835955299944,1641.3734245420762,1641.3734245420762,10679.455528012095,1768.9364058850495,3.268194705670458e-07,8.000155906031978e-07,60056.32770652558,0,31627.73678813492,0,1.0001531336456537e-07,optimal,optimal,optimal
2025-07-23,ANNUAL REFERENCE ONLY,0.95,0.5,1641.3734245420762,14,1641.3734245420762,optimal,optimal,65647.44818884545,0.0,0.0,14,9667.720218706692,optimal,optimal,-3591.4134528996083,6.989054363012315,10325.537226790355,0.5532181002391109,14,7755.0391369399085,optimal,optimal,-1054.3772368494108,0.0,3513.932173897617,0.6827085152670207,14,9678.644151194629,optimal,optimal,1812.7108568878098,1004.4697660054487,0.0,0.5064264684426584,1633.7858592063928,1633.7858592063928,10422.652163151137,-2833.0798328612095,2.3313622541556066e-07,6.000044952727875e-07,62814.368356584244,0,33665.54595646095,0,1.00000761449337e-07,optimal,optimal,optimal
2025-07-24,ANNUAL REFERENCE ONLY,0.95,0.5,1633.7858592063928,14,1633.7858592063928,optimal,optimal,64912.15813227227,0.0,0.0,14,9965.501851851854,optimal,optimal,-3030.6787212976783,0.0,8723.235466972787,0.5681151815794115,14,8473.332313943904,optimal,optimal,-1259.9845702005991,0.0,3942.563439454452,0.6722880502106728,14,9699.724258637127,optimal,optimal,1854.077164599649,1023.5483138416633,0.0,0.5175804121251129,1733.6725219970563,1633.7858592063928,10800.000000000002,-2436.586126898628,3.4804589236469493e-07,8.000203213583517e-07,62475.572006173665,0,32899.88306994074,0,1.0000803740695119e-07,optimal,optimal,optimal
2025-07-25,ANNUAL REFERENCE ONLY,0.95,0.5,1733.6725219970563,14,1733.6725219970563,optimal,optimal,28389.209020646624,0.0,0.0,14,4595.708406006177,optimal,optimal,34.70894707297625,110.69913895331237,344.3913041777814,0.5879387658426031,14,7905.392661355672,optimal,optimal,-295.49935975500625,9.514838144041212,682.657223962553,0.6771507577489974,14,9592.488133807128,optimal,optimal,1996.8381295811078,1096.3780165101248,0.0,0.520445022069929,1821.820755503593,1733.6725219970563,9592.488133807128,1736.0477168990778,1.968971232546982e-07,8.999967074534651e-07,30125.256738445696,0,20109.821807695065,0,1.0000423708333984e-07,optimal,optimal,optimal
2025-07-26,ANNUAL REFERENCE ONLY,0.95,0.5,1821.820755503593,14,1821.820755503593,optimal,optimal,29393.303703055044,0.0,0.0,14,6073.234225583995,optimal,optimal,102.33908292805354,250.35247710057388,1174.3173221125344,0.5524001479890683,14,7909.235285002927,optimal,optimal,-168.10015219074998,29.581174157906535,424.6278089055936,0.6929331862144068,14,9602.811554576012,optimal,optimal,2103.132969931003,1106.6837975561984,0.0,0.4997036655370702,1885.1366269276893,1821.820755503593,9602.811554576012,2037.3719006683066,3.567525807259157e-07,9.999908978921667e-07,31430.67560472334,0,20710.46029551799,0,1.0000803740695119e-07,optimal,optimal,optimal
2025-07-27,ANNUAL REFERENCE ONLY,0.95,0.5,1885.1366269276893,14,1885.1366269276893,optimal,optimal,53889.01552595752,0.0,0.0,14,9981.995018796297,optimal,optimal,805.210231993143,687.2901415961534,0.0,0.5572692996239261,14,7150.123119213758,optimal,optimal,873.2448657937921,963.1701945817396,0.0,0.7022875778576999,14,9842.066939076001,optimal,optimal,1689.5760030850608,877.5417516616895,0.0,0.5079411092011257,2006.3270162551817,1885.1366269276893,10774.5612225,3368.031100871996,9.441463202823835e-08,2.000004473326044e-07,57257.046627029515,0,33293.721435276435,0,1.00000761449337e-07,optimal,optimal,optimal
2025-07-28,ANNUAL REFERENCE ONLY,0.95,0.5,2006.3270162551817,14,2006.3270162551817,optimal,optimal,56107.205592539874,0.0,0.0,14,10048.331481481482,optimal,optimal,2119.7992913431785,2196.480846493746,110.95496095157432,0.5669349841822207,14,6171.702436994459,optimal,optimal,-50.884478726665144,1.3452142933841683e-07,84.5884044941956,0.6987673547957276,14,9992.50010179982,optimal,optimal,1452.9495686348375,721.4674940051261,0.0,0.5089455842339056,1985.5722090049449,1590.7650976354996,10800.0,3521.864381251351,9.416599891414117e-08,1.999998928818968e-07,59629.06997399122,0,36724.196206190514,0,1.0000803740695119e-07,optimal,optimal,optimal
2025-07-29,ANNUAL REFERENCE ONLY,0.95,0.5,1985.5722090049449,14,1985.5722090049449,optimal,optimal,50052.65846432661,0.0,0.0,14,9790.62239939831,optimal,optimal,2760.1498269628783,3248.6005416816843,324.1859654763372,0.5914602178437613,14,6609.310022498311,optimal,optimal,33.0030047614994,33.47186455338049,55.21408108311641,0.6868136429178141,14,10800.0,optimal,optimal,-35.88606734512435,0.0,55.085531020020554,0.510491972858503,1208.849301292926,1208.849301292926,10800.0,2757.2667643792533,20.763517280822036,131.5005761487495,52941.42580485461,3,37159.34767791107,0,1.0002258932217956e-07,optimal,optimal,optimal
2025-07-30,ANNUAL REFERENCE ONLY,0.95,0.5,1208.849301292926,14,1208.849301292926,optimal,optimal,47061.11491885442,0.0,0.0,14,9842.349835039111,optimal,optimal,4527.681601517687,5262.279601964054,33.20188674819576,0.654204473306902,14,5949.571460735205,optimal,optimal,1014.3142406793913,1304.5510114568547,45.16919251215802,0.652497963327409,14,10767.521444444445,optimal,optimal,7.112828410873727,12.823209711966683,50.562467847246666,0.5000731589747589,1231.2965116676999,1208.849301292926,10800.0,5549.108670607952,9.360012563246065e-08,2e-07,52610.223589662375,0,37796.91274099521,0,1.0002258932217956e-07,optimal,optimal,optimal
2025-07-31,ANNUAL REFERENCE ONLY,0.95,0.5,1231.2965116676999,14,1231.2965116676999,optimal,optimal,51612.99962894527,0.0,0.0,14,9848.746094660492,optimal,optimal,-768.474108206524,191.23636790833055,3223.198590891874,0.6613648342625045,14,7014.720941105721,optimal,optimal,299.95013529161895,363.15494334498436,49.183074483982864,0.6200909042655893,14,10767.274101233039,optimal,optimal,39.651684095125596,30.521979890210446,35.12756008645293,0.5071376805535281,1200.0000000519697,1200.0000000000005,10800.0,-428.87228881977944,920.4201847487976,3921.7160215671674,55105.843361692656,18,40154.95367180576,0,1.0002258932217956e-07,optimal,optimal,optimal
2025-08-01,ANNUAL REFERENCE ONLY,0.95,0.5,1200.0000000519697,14,1200.0000000519697,optimal,optimal,24782.96818152158,0.0,0.0,14,2246.514187515738,optimal,optimal,-318.4751415701728,196.73832221477483,1329.5009498131694,0.6423474842960483,14,10311.178871497523,optimal,optimal,-332.344966268004,0.0,747.4672894546047,0.615474445307042,14,10585.778150584621,optimal,optimal,101.05414020684036,142.60602722587396,0.0,0.5045150786150058,1233.8197195624937,1200.0000000519697,10796.960285962175,-549.7659676313365,329.8892151880364,792.6367404077114,25025.838954297953,7,23734.876847147323,0,1.0000007932831068e-07,optimal,optimal,optimal
2025-08-02,ANNUAL REFERENCE ONLY,0.95,0.5,1233.8197195624937,14,1233.8197195624937,optimal,optimal,26147.35114766642,0.0,0.0,14,3319.8870579629615,optimal,optimal,-768.2321513152099,0.0,1924.968438973082,0.6637971135427935,14,10163.529619071742,optimal,optimal,-210.42868035121575,0.0,515.3178825604432,0.5888508494191401,14,10761.904345367619,optimal,optimal,-11.195508410823841,155.21461974583775,171.45860145755967,0.5079195232936229,1211.315136929687,1211.315136929687,10800.0,-989.8563400772495,9.416599891414117e-08,1.999998928818968e-07,25157.49480778917,0,23511.055065412213,0,1.00000761449337e-07,optimal,optimal,optimal
2025-08-03,ANNUAL REFERENCE ONLY,0.95,0.5,1211.315136929687,14,1211.315136929687,optimal,optimal,45346.82644677528,0.0,0.0,14,9115.367020277787,optimal,optimal,352.4665098378457,582.4477578209853,1513.0138065867775,0.6943276497015121,14,7421.9645202777865,optimal,optimal,-579.5529597731008,0.0,1456.2656100536585,0.5710653724186749,14,10692.773520813727,optimal,optimal,28.799340111653837,73.34271481515499,28.427758901154675,0.49877163418668213,1218.3976932608484,1200.0,10765.79776761888,-198.2871098236013,663.7590046541021,2856.4479880083145,48004.98732496,18,35305.6483150234,0,1.0000030670198612e-07,optimal,optimal,optimal
2025-08-04,ANNUAL REFERENCE ONLY,0.95,0.5,1218.3976932608484,14,1218.3976932608484,optimal,optimal,49079.84322624462,0.0,0.0,14,9883.699775907418,optimal,optimal,-749.8656906795812,0.0,2776.8233033708657,0.6781838080750646,14,7604.113729883029,optimal,optimal,-1035.1582332660626,0.0,3119.5089797583832,0.5356602184347384,14,10217.821582022447,optimal,optimal,802.0436469611114,499.37034101703,0.0,0.4980777765779526,1262.8584868365515,1218.3976932608484,10799.999999999998,-982.9802769845322,49.44041652463517,218.1306820721181,48314.9936313322,2,33578.8319276026,0,1.0002258932217956e-07,optimal,optimal,optimal
2025-08-05,ANNUAL REFERENCE ONLY,0.95,0.5,1262.8584868365515,14,1262.8584868365515,optimal,optimal,48173.39724344734,0.0,0.0,14,9933.66062046845,optimal,optimal,-583.9111145239956,0.0,2369.658730544288,0.6514070044717825,14,6626.184740792075,optimal,optimal,-594.6529544798186,6.662596888535177,1838.2766311255345,0.5443884935415514,14,10525.053174297604,optimal,optimal,330.87254535227044,250.26133027768594,0.0,0.48534017238128213,1329.1264859172777,1262.8584868365515,10772.67325627092,-847.6915236515438,1.8844507530428467e-07,4.000000081920916e-07,47325.7057201958,0,34328.757332060326,0,1.0000030670198612e-07,optimal,optimal,optimal
2025-08-06,ANNUAL REFERENCE ONLY,0.95,0.5,1329.1264859172777,14,1329.1264859172777,optimal,optimal,53825.02256295547,0.0,0.0,14,9864.282576665299,optimal,optimal,-2270.853523705061,0.0,6808.718761331456,0.6525128315425098,14,7745.021040439844,optimal,optimal,-459.66521263943366,143.53033463519353,1657.2587491721133,0.5641193725018402,14,10417.74559025589,optimal,optimal,117.31787453826763,227.3441359996815,50.00073947710046,0.4982502357568159,1303.364767879587,1303.364767879587,10800.0,-2613.2008618062273,2.365373416263126e-07,4.999998952442184e-07,51211.82170164924,0,35253.74488741206,0,1.0000098882301245e-07,optimal,optimal,optimal
2025-08-07,ANNUAL REFERENCE ONLY,0.95,0.5,1303.364767879587,14,1303.364767879587,optimal,optimal,52982.54073246623,0.0,0.0,14,9906.359890123456,optimal,optimal,-2115.7208627093064,431.17745767505176,9909.295541030388,0.6429302233506177,14,7589.127117098818,optimal,optimal,-607.1406059017835,320.83639454869547,3221.1370319863513,0.5904319249953356,14,10438.413034856987,optimal,optimal,132.91768324786892,87.49669668260148,0.0,0.49365180016289073,1352.3365955258746,1303.364767879587,10710.78191144272,-2589.943785363221,8.555416902629434,57.804673208336006,50450.40162031135,1,34782.58964954885,0,1.0002258932217956e-07,optimal,optimal,optimal
2025-08-08,ANNUAL REFERENCE ONLY,0.95,0.5,1352.3365955258746,14,1352.3365955258746,optimal,optimal,24060.066328176992,0.0,0.0,14,3780.60908312199,optimal,optimal,-95.80422814044216,13.980826043954664,262.79845126055244,0.6613503777986639,14,10285.351126959014,optimal,optimal,-1.685421358150819,50.239101564946054,151.29505623705396,0.6143149845224394,14,10471.702038387066,optimal,optimal,236.79402996784043,160.20253591057505,0.0,0.48978286400541393,1363.8576163991486,1352.3365955258746,10701.080009276098,139.30438046924746,2.7730907413041217e-07,1.0000014936442312e-06,24199.37070964624,0,24512.683816335113,0,1.0000803740695119e-07,optimal,optimal,optimal
2025-08-09,ANNUAL REFERENCE ONLY,0.95,0.5,1363.8576163991486,14,1363.8576163991486,optimal,optimal,24203.476867744714,0.0,0.0,14,3301.8366821300083,optimal,optimal,-241.60040292247214,0.0,549.6712148007109,0.6663683445946732,14,10772.192790326064,optimal,optimal,151.76454644926997,174.88600791219102,152.09613546610478,0.6094412019941925,14,10606.087786526603,optimal,optimal,2.842800735495223,2.022410123500457,0.0,0.48784474955739615,1444.7576704885507,1363.8576163991486,10800.0,-86.99305573770695,3.0972890231871176e-07,1.000002561643487e-06,24116.48381300701,0,24500.55495090653,0,1.000043994281441e-07,optimal,optimal,optimal
2025-08-10,ANNUAL REFERENCE ONLY,0.95,0.5,1444.7576704885507,14,1444.7576704885507,optimal,optimal,50288.75088933391,0.0,0.0,14,9529.18927450617,optimal,optimal,-1833.7416111274663,11.002994117816018,6334.387411718899,0.6211170180936489,14,7998.3063691358,optimal,optimal,-350.56609212113887,131.53870933127126,1130.3398850186804,0.5994622316985663,14,10533.015592602207,optimal,optimal,92.24597803067732,228.33276629474,85.95319315565592,0.48912844105552206,1355.5109892633764,1355.5109892633764,10799.999999999996,-2092.061725217928,1.879730330846453e-07,3.9999975722175804e-07,48196.689164515985,0,33767.887338356944,0,1.00000761449337e-07,optimal,optimal,optimal
2025-08-11,ANNUAL REFERENCE ONLY,0.95,0.5,1355.5109892633764,14,1355.5109892633764,optimal,optimal,48141.43245206819,0.0,0.0,14,10057.579629629627,optimal,optimal,-539.42306697587,346.71806681961766,4274.491573730666,0.6385870856108259,14,7565.504982037034,optimal,optimal,-351.31654944548865,234.31142642651992,2320.385601607001,0.6294949192170012,14,10522.782210990363,optimal,optimal,234.96676322242558,149.22299147163545,0.0,0.48150932555188575,1361.0655113940966,1355.5109892633764,10799.999999999996,-655.7728531989331,136.33751464684264,631.3434342917974,48117.003033161054,5,35185.920236679056,0,1.00000761449337e-07,optimal,optimal,optimal
2025-08-12,ANNUAL REFERENCE ONLY,0.95,0.5,1361.0655113940966,14,1361.0655113940966,optimal,optimal,51985.44042635667,0.0,0.0,14,9669.841582535772,optimal,optimal,-1030.1947413009118,563.8472232379798,6187.351301073079,0.6579314646080543,14,7530.978089022061,optimal,optimal,-568.0968824454692,131.24834524424287,2263.1769584423428,0.6305485638247644,14,10402.226880257724,optimal,optimal,155.26697496774716,224.11950857983555,0.0,0.4938825578324993,1381.8744824154342,1361.0655113940966,10558.297411023763,-1443.024648778634,1.411172447607759e-07,2.999997772055394e-07,50542.415777878035,0,33239.97310232795,0,1.0000030670198612e-07,optimal,optimal,optimal
2025-08-13,ANNUAL REFERENCE ONLY,0.95,0.5,1381.8744824154342,14,1381.8744824154342,optimal,optimal,46940.9540557028,0.0,0.0,14,9793.394099124705,optimal,optimal,-790.0623931373567,1.2766334466185754,3171.079357619083,0.6636250719910565,14,6571.133199309889,optimal,optimal,175.739361750245,259.1174720218361,282.9549671811267,0.6375764052198012,14,10234.730063586438,optimal,optimal,792.3736249282875,421.9988628774818,0.0,0.48636710448639064,1325.4387137407316,1325.4387137407316,10641.335346038286,178.05059354117577,72.06168896996213,411.66413829037964,47530.668787534356,3,33382.27587865174,0,1.0000803740695119e-07,optimal,optimal,optimal
2025-08-14,ANNUAL REFERENCE ONLY,0.95,0.5,1325.4387137407316,14,1325.4387137407316,optimal,optimal,47230.07752061522,0.0,0.0,14,9135.610966882708,optimal,optimal,958.8355782131686,1203.7596452871326,66.92512883558867,0.6482080247719977,14,5965.884835364202,optimal,optimal,-792.1214197640518,0.0,2141.0321175028757,0.6253723534546054,14,10520.797024216288,optimal,optimal,220.32409894270236,194.87038654796993,0.0,0.49129040229744053,1317.1901486074319,1317.1901486074319,10756.57170550207,387.0382573918191,35.284883521304955,242.11117342082355,47859.22695142786,3,37881.16734081583,0,1.0000053407566156e-07,optimal,optimal,optimal
2025-08-15,ANNUAL REFERENCE ONLY,0.95,0.5,1317.1901486074319,14,1317.1901486074319,optimal,optimal,24706.002116798674,0.0,0.0,14,3066.527045829678,optimal,optimal,-341.4303752854147,0.0,744.6831708387568,0.5942642764271766,14,10722.318348589093,optimal,optimal,-187.35596386062468,9.194654794805388,417.3809521690007,0.6003820666342511,14,10651.384831704716,optimal,optimal,150.8061611904042,115.17674177052646,0.0,0.49087435448079364,1254.1071720742475,1254.1071720742475,10764.67386299832,-377.9801779556352,2.3265078595367625e-07,7.000087195028755e-07,24328.021939543047,0,25390.87745001114,0,1.0000858901548782e-07,optimal,optimal,optimal
2025-08-16,ANNUAL REFERENCE ONLY,0.95,0.5,1254.1071720742475,14,1254.1071720742475,optimal,optimal,25682.489187114006,0.0,0.0,14,2183.8584907407408,optimal,optimal,-649.6339466678774,284.79851474476226,2323.4708630250116,0.6479028246009881,14,10767.61970132966,optimal,optimal,-209.62720872939903,14.604036111110304,493.84318271529185,0.650273640697687,14,10716.308098764503,optimal,optimal,57.65043148965847,47.05572251247388,0.0,0.48962799250387584,1415.3403788614132,1200.0,10800.0,-801.610723907618,327.1388474842825,910.2754362385718,25791.15389944496,6,23784.974357972384,0,1.0000803740695119e-07,optimal,optimal,optimal
2025-08-17,ANNUAL REFERENCE ONLY,0.95,0.5,1415.3403788614132,14,1415.3403788614132,optimal,optimal,47638.49233625509,0.0,0.0,14,9925.273771119735,optimal,optimal,-812.2539234749647,47.51356780687638,3275.3762047477167,0.6915579962073286,14,8256.905726139477,optimal,optimal,-74.80963504315953,415.9829479927643,2580.2219892278504,0.687609971666008,14,10489.96026772859,optimal,optimal,426.57458741358573,226.59762516651315,0.0,0.4890451458000555,1252.0808807756307,1252.0808807756307,10702.170530378995,-460.48897110453856,57.3234115081434,189.1672578122225,47367.170622962774,1,35006.512677228835,0,1.0001531336456537e-07,optimal,optimal,optimal
2025-08-18,ANNUAL REFERENCE ONLY,0.95,0.5,1252.0808807756307,14,1252.0808807756307,optimal,optimal,46851.24968603775,0.0,0.0,14,9363.813785185024,optimal,optimal,-189.56705715394563,1.3085666393767497,398.8306379821273,0.6781507460751997,14,7654.474036265271,optimal,optimal,-855.9843861482813,0.0,2667.8652383491003,0.7021593032559368,14,10705.957785170951,optimal,optimal,35.770340215024724,107.63924963003399,81.38075980289534,0.4956374248803409,1218.6874267171522,1218.6874267171522,10800.0,-1009.7811030872023,49.6575834269343,337.01907178333903,46178.487654733886,4,36802.75662293093,0,1.0000803740695119e-07,optimal,optimal,optimal
2025-08-19,ANNUAL REFERENCE ONLY,0.95,0.5,1218.6874267171522,14,1218.6874267171522,optimal,optimal,45520.79254845185,0.0,0.0,14,8792.210994660496,optimal,optimal,-673.6069034351392,3.597783792141172,1722.0332540848663,0.6762293729044987,14,7246.420394290128,optimal,optimal,-44.65655447018147,144.14161102943183,928.0423043549459,0.7092207232563178,14,10718.688898059567,optimal,optimal,41.686730478121866,91.99564243451258,60.98510750882997,0.48853685624552856,1216.567733663188,1200.0,10799.99999994759,-676.5767274271989,358.6424193091461,1137.8238756582098,45982.039696682856,6,36242.20739732226,0,1.000001930151484e-07,optimal,optimal,optimal
2025-08-20,ANNUAL REFERENCE ONLY,0.95,0.5,1216.567733663188,14,1216.567733663188,optimal,optimal,50327.13614503757,0.0,0.0,14,9903.163108703702,optimal,optimal,-453.48003724767534,805.6787712552324,4708.609102295185,0.6574229186077033,14,6912.6580500890095,optimal,optimal,-616.2094608295818,0.0,2012.9447450120613,0.7019358162136711,14,10399.035943491981,optimal,optimal,614.5660381217158,371.07261418456574,39.12007763452243,0.4949869553886707,1205.7245591473811,1205.7245591473811,10765.758871601558,-455.1234599555414,865.5968597140708,2497.6224546443636,52369.63513972639,16,39038.35890704336,0,1.0000030670198612e-07,optimal,optimal,optimal
2025-08-21,ANNUAL REFERENCE ONLY,0.95,0.5,1205.7245591473811,14,1205.7245591473811,optimal,optimal,48130.37453791157,0.0,0.0,14,9560.866470185181,optimal,optimal,-997.4686219633012,102.01985698730527,4021.34244658245,0.6557292115046435,14,8061.449215842862,optimal,optimal,-489.8736996058003,0.0,1696.9549127502232,0.701031780265046,14,10764.223825614476,optimal,optimal,35.33779443833115,28.382592545858756,12.151238080434528,0.4890039359765646,1200.0000000519697,1200.0000000519697,10799.157651415331,-1452.0045271307702,18.23630412543265,38.908864922339134,46717.278875703145,3,35328.593718630655,0,1.0000030670198612e-07,optimal,optimal,optimal
2025-08-22,ANNUAL REFERENCE ONLY,0.95,0.5,1200.0000000519697,14,1200.0000000519697,optimal,optimal,24248.893906189456,0.0,0.0,14,2571.4857565740735,optimal,optimal,-195.04482365015502,201.3462365001247,1071.4080819279252,0.6583197393672393,14,10485.020445241273,optimal,optimal,-108.38593488261981,0.0,236.35057156791942,0.6948573172098758,14,10697.488793497716,optimal,optimal,128.42300765262115,100.9926142344101,22.482049062831834,0.4915124480488121,1217.8629612452864,1200.0,10800.0,-175.00775088015365,447.99366445760506,1643.936085420707,25717.82224073001,9,25905.715753194367,0,1.00000761449337e-07,optimal,optimal,optimal
2025-08-23,ANNUAL REFERENCE ONLY,0.95,0.5,1217.8629612452864,14,1217.8629612452864,optimal,optimal,23325.78714665775,0.0,0.0,14,3574.7137800925934,optimal,optimal,522.2635728317173,381.6410164535359,5.884555246914662,0.6058134901014761,14,10800.0,optimal,optimal,516.5337792470665,377.1464683414605,1.1368683772161603e-13,0.6601162024122131,14,10636.282780718147,optimal,optimal,-6.9357332975749495,0.0,10.78123647179779,0.5029916316476155,1212.1064815854816,1212.1064815854816,10800.0,1031.8616187812088,3.1403762094152965,6.706273393884786,24364.35503883284,1,25130.235155116927,0,1.000043994281441e-07,optimal,optimal,optimal
2025-08-24,ANNUAL REFERENCE ONLY,0.95,0.5,1212.1064815854816,14,1212.1064815854816,optimal,optimal,46606.88004861759,0.0,0.0,14,8518.790363086418,optimal,optimal,-726.9581731398073,111.7201527373687,1987.0362472410525,0.5308569644877952,14,6756.781176404672,optimal,optimal,902.3647320799207,896.2731384225715,673.0485793588056,0.6662297406499984,14,10310.840568610913,optimal,optimal,577.4488012880784,297.17757033158136,-1.1368683772161603e-13,0.5073888090741119,1214.090517392581,1212.1064815854816,10409.71769386879,752.8553602281918,18.484185947310756,57.189605945081965,47416.92501479086,3,36834.80918663487,0,1.0000053407566156e-07,optimal,optimal,optimal
2025-08-25,ANNUAL REFERENCE ONLY,0.95,0.5,1214.090517392581,14,1214.090517392581,optimal,optimal,59837.679957012966,0.0,0.0,14,9505.626055246914,optimal,optimal,-2174.049193204156,136.0646509421581,5950.321164025669,0.499913215657138,14,7953.91768855117,optimal,optimal,-1697.6382321778797,5.811199452357414,4934.544681831619,0.6300758947746071,14,10477.31667045839,optimal,optimal,360.79470310399773,266.57172844182344,0.0,0.5027275256935653,1231.541016925742,1214.090517392581,10534.547014266078,-3510.892722278038,50.0792265274421,106.06215190568584,56432.84938664061,2,35571.96867000709,0,1.0000121619668789e-07,optimal,optimal,optimal
2025-08-26,ANNUAL REFERENCE ONLY,0.95,0.5,1231.541016925742,14,1231.541016925742,optimal,optimal,46929.944755873395,0.0,0.0,14,9342.140458024685,optimal,optimal,1575.2109580510073,2366.3450298939124,0.0,0.5979866448858352,14,6970.027170997402,optimal,optimal,-653.3517977405944,3.7910033430879366,2109.5505252168064,0.6922316638062922,14,10605.883440866477,optimal,optimal,184.52665329354127,162.17223827131738,20.7917063200482,0.5063891595728066,1251.8512215557853,1231.541016925742,10755.677435030862,1106.3858136039541,9.360012563246065e-08,2e-07,48036.33056967735,0,36921.94028421313,0,1.0000803740695119e-07,optimal,optimal,optimal
2025-08-27,ANNUAL REFERENCE ONLY,0.95,0.5,1251.8512215557853,14,1251.8512215557853,optimal,optimal,47334.154818068695,0.0,0.0,14,9861.471902759797,optimal,optimal,4200.273061757994,5164.5141529113525,0.0,0.6062777887328278,14,7561.362283938919,optimal,optimal,-286.96529381154755,163.97739251197441,1978.6734531624948,0.6933488819564549,14,10553.326742896705,optimal,optimal,285.3715225707667,171.12570507820251,0.0,0.4985681945747256,1267.090183432891,1251.8512215557853,10698.052458315353,4198.679290517212,9.360012563246065e-08,2e-07,51532.83410878591,0,35702.872346523014,0,1.0000803740695119e-07,optimal,optimal,optimal
2025-08-28,ANNUAL REFERENCE ONLY,0.95,0.5,1267.090183432891,14,1267.090183432891,optimal,optimal,45462.0334162528,0.0,0.0,14,9756.27840796409,optimal,optimal,4937.614811752792,5619.605762192239,1.1368683772161603e-13,0.5940174345430578,14,5701.617171861997,optimal,optimal,530.7565197867943,431.51158968434515,163.2899090703124,0.7006368353842833,14,10570.611391617858,optimal,optimal,261.7833190444973,152.379719891207,0.0,0.5019018731063353,1245.8884275975101,1245.8884275975101,10623.812667223348,5730.154650584083,25.5546302881089,99.80190240869602,51291.98996924558,2,37598.83704025929,0,1.0000803740695119e-07,optimal,optimal,optimal
2025-08-29,ANNUAL REFERENCE ONLY,0.95,0.5,1245.8884275975101,14,1245.8884275975101,optimal,optimal,26278.380347195023,0.0,0.0,14,4760.066535246911,optimal,optimal,-733.3849387842938,0.0,1740.9554205217253,0.6068280399524457,14,10730.733045187528,optimal,optimal,472.5975754266321,383.33335460221036,11.67708457282142,0.699339001927485,14,10643.571880045769,optimal,optimal,4.8410006012592595,3.4439586677067915,0.0,0.5021990957497002,1282.2482784433741,1245.8884275975101,10752.6675453608,-255.94636275640246,2.653035729418866e-07,6.999926248890006e-07,26022.433985138614,0,26482.1294576887,0,1.00000761449337e-07,optimal,optimal,optimal
2025-08-30,ANNUAL REFERENCE ONLY,0.95,0.5,1282.2482784433741,14,1282.2482784433741,optimal,optimal,25699.63916079562,0.0,0.0,14,3554.9406819992014,optimal,optimal,-391.3557413753886,127.65767615752625,1441.2592677621424,0.630167851511901,14,10763.128395711736,optimal,optimal,-64.43168043454905,24.42076518806602,251.52457245242874,0.7088846325347387,14,10638.731398148147,optimal,optimal,4.512195728140079,3.210042064625897,0.0,0.49209123444232894,1200.0000000519697,1200.0000000519697,10800.0,-451.2752260817976,79.91422612382985,169.61724330783318,25417.981178021655,4,25232.207576744266,0,1.0000095358009275e-07,optimal,optimal,optimal
2025-08-31,ANNUAL REFERENCE ONLY,0.95,0.5,1200.0000000519697,14,1200.0000000519697,optimal,optimal,47876.28578535536,0.0,0.0,14,9133.32824074074,optimal,optimal,-158.2086198183905,62.67276802754577,564.7840220255013,0.663126539336752,14,5428.853922222222,optimal,optimal,-441.52580453837504,54.07718193800463,1453.0160313798115,0.7116215683822784,14,10348.74522851636,optimal,optimal,568.7944564335152,311.29056614354386,0.0,0.4881845379014907,1226.888314025291,1200.0000000519697,10800.0,-30.93996792325038,344.4658412995746,1389.1483323771108,49234.494149809216,9,37857.31071998572,0,1.0000951533584157e-07,optimal,optimal,optimal
2025-09-01,ANNUAL REFERENCE ONLY,0.95,0.5,1226.888314025291,14,1226.888314025291,optimal,optimal,53456.267545467526,0.0,0.0,14,9824.78889555555,optimal,optimal,-2949.123044665263,0.0,8546.597528814902,0.6857825686932912,14,7748.979567798391,optimal,optimal,217.3992963852352,672.4307178954654,2795.0783660214684,0.7027734359632896,14,10626.632791128806,optimal,optimal,64.9184864464542,45.266788187771866,7.64984821953729e-07,0.4926448635117142,1263.65294235825,1226.888314025291,10725.511050670717,-2666.8052618335737,4.677268475210477e-08,1e-07,50789.462283733956,0,32379.46867118657,0,1.0003714123740792e-07,optimal,optimal,optimal
2025-09-02,ANNUAL REFERENCE ONLY,0.95,0.5,1263.65294235825,14,1263.65294235825,optimal,optimal,47373.881395599485,0.0,0.0,14,9958.661574074074,optimal,optimal,1222.9705801163577,1294.4381535660154,33.593215980528385,0.6467821852969481,14,7661.328699967761,optimal,optimal,-678.2010172045566,50.11867827139713,2986.091642373903,0.6591325437812325,14,10637.907088138538,optimal,optimal,75.95041285088078,52.250857478771586,0.0,0.4946689038145473,1421.3506784116214,1263.65294235825,10800.0,620.7199757626819,9.360012563246065e-08,2e-07,47994.60137156217,0,32958.97132174113,0,1.0000803740695119e-07,optimal,optimal,optimal
2025-09-03,ANNUAL REFERENCE ONLY,0.95,0.5,1421.3506784116214,14,1421.3506784116214,optimal,optimal,50211.955092886754,0.0,0.0,14,9973.114351851851,optimal,optimal,-1106.856103433544,121.70779625374257,4277.975432177165,0.6330887283931688,14,7830.432015784194,optimal,optimal,-373.051212803869,164.7491390076172,2502.375408263156,0.6585883797181437,14,10671.363351536216,optimal,optimal,20.046632735909192,14.724348875784436,0.0,0.5006507811115972,1553.4496196349073,1421.3506784116214,10800.0,-1459.8606835015037,9.360012563246065e-08,2e-07,48752.094409585254,0,32201.458904029405,0,1.0000030670198612e-07,optimal,optimal,optimal
2025-09-04,ANNUAL REFERENCE ONLY,0.95,0.5,1553.4496196349073,14,1553.4496196349073,optimal,optimal,49924.71108662506,0.0,0.0,14,9967.729413333333,optimal,optimal,-971.5656639598614,112.90785692797579,3695.29462118212,0.6470932374180206,14,8639.691097460527,optimal,optimal,-659.1882386310763,11.697648808056556,2350.8738585728715,0.6595582772279038,14,10696.603146671312,optimal,optimal,15.874500811172004,11.293352952830361,7.614592719700926e-07,0.49963566447790875,1693.8630206235764,1553.4496196349073,10800.0,-1614.8794017797657,4.677268475210477e-08,1e-07,48309.8316849453,0,34196.65661556422,0,1.00000761449337e-07,optimal,optimal,optimal
2025-09-05,ANNUAL REFERENCE ONLY,0.95,0.5,1693.8630206235764,14,1693.8630206235764,optimal,optimal,24997.398676500754,0.0,0.0,14,6285.14482993827,optimal,optimal,-461.00538193364343,0.0,1039.2174262261797,0.643060192890471,14,10753.31213565956,optimal,optimal,-54.30209181256654,0.0,117.57327603183138,0.6614877220633096,14,10800.0,optimal,optimal,-2.252073203274301,0.0,3.5858184910047597,0.49731762989364126,2008.5284793561577,1693.8630206235764,10800.0,-517.5595469494843,1.8220264473182846e-07,8.000189648602827e-07,24479.83913035129,0,23196.261296316567,0,1.0000793690778663e-07,optimal,optimal,optimal
2025-09-06,ANNUAL REFERENCE ONLY,0.95,0.5,2008.5284793561577,14,2008.5284793561577,optimal,optimal,24457.905534330668,0.0,0.0,14,5970.086744799625,optimal,optimal,-327.490910174857,0.0,726.6372478395734,0.629681704470789,14,10798.729765283877,optimal,optimal,-248.35690827800576,16.105546240660313,585.0619172411333,0.6401143806251246,14,10800.0,optimal,optimal,-2.3832466974007156,9.319020719048186,13.111471709085379,0.5015551084953167,2010.3578754866937,2008.5284793561577,10800.0,-578.2310651502635,1.9707879482137736e-07,9.00023772651548e-07,23879.67447008043,0,23715.991101520638,0,1.0000803740695119e-07,optimal,optimal,optimal
2025-09-07,ANNUAL REFERENCE ONLY,0.95,0.5,2010.3578754866937,14,2010.3578754866937,optimal,optimal,46821.967287640466,0.0,0.0,14,9984.83587037037,optimal,optimal,508.0289362070753,805.8341616383885,482.23520427688845,0.6191595196935172,14,8067.1279837976645,optimal,optimal,-708.5242184212992,10.474732872794064,2447.9444386802506,0.5952285741769116,14,10800.0,optimal,optimal,-24.437849878050507,156.22385739605647,191.24742488031586,0.5047063537616997,2016.3825261163202,2010.3578754866937,10800.0,-224.93313209227446,9.360012563246065e-08,2e-07,46597.034155748195,0,33852.504944076005,0,1.0000803740695119e-07,optimal,optimal,optimal
2025-09-08,ANNUAL REFERENCE ONLY,0.95,0.5,2016.3825261163202,14,2016.3825261163202,optimal,optimal,47311.686266181525,0.0,0.0,14,9888.266311666668,optimal,optimal,-1695.3562681452108,0.0,4836.8438465670915,0.5890050815376172,14,8655.089780221935,optimal,optimal,396.3176499132889,839.4608825492311,2383.2335774729445,0.6161005294772953,14,10789.198746075383,optimal,optimal,-17.451222083110082,153.89817623575343,177.82391991463004,0.5044000864482837,2135.5518898068303,2016.3825261163202,10800.0,-1316.4898403150319,9.360012563246065e-08,2e-07,45995.1964260665,0,33942.32733754533,0,1.0002986527979374e-07,optimal,optimal,optimal
2025-09-09,ANNUAL REFERENCE ONLY,0.95,0.5,2135.5518898068303,14,2135.5518898068303,optimal,optimal,41004.82402011496,0.0,0.0,14,9981.140277777778,optimal,optimal,270.1314469373087,329.72906273624335,474.56195540401376,0.5832907549539084,14,8779.686509259262,optimal,optimal,125.68705899687406,108.78915367507855,0.0,0.605951522756062,14,10800.0,optimal,optimal,-23.055610297052098,148.06732400633467,181.56506510665469,0.5041177237320598,2229.5323781298785,2135.5518898068303,10800.0,372.7628956371306,9.360012563246065e-08,2e-07,41377.586915952095,0,33605.66603317846,0,1.00000761449337e-07,optimal,optimal,optimal
2025-09-10,ANNUAL REFERENCE ONLY,0.95,0.5,2229.5323781298785,14,2229.5323781298785,optimal,optimal,48321.840542372134,0.0,0.0,14,9910.323185185185,optimal,optimal,-2384.5059641712587,0.0,6824.955601509942,0.5988800152636744,14,7747.849924382542,optimal,optimal,1062.1338862141852,1141.6613226282404,1100.4429757856442,0.5945906680289522,14,10800.0,optimal,optimal,-25.443162456170143,151.59166339197728,188.1003015583462,0.49891275148838615,2275.536831846124,2229.5323781298785,10800.0,-1347.8152404132436,9.360012563246065e-08,2e-07,46974.025302158894,0,35905.85799448422,0,1.0000803740695119e-07,optimal,optimal,optimal
2025-09-11,ANNUAL REFERENCE ONLY,0.95,0.5,2275.536831846124,14,2275.536831846124,optimal,optimal,48343.94379436414,0.0,0.0,14,9977.201879814815,optimal,optimal,-3076.5001413627415,0.0,9807.996157286314,0.5880415537816107,14,6890.503450113786,optimal,optimal,-500.2545020555123,60.40632218325502,2262.639729365539,0.6259278212838969,14,10800.0,optimal,optimal,-57.35157160334787,100.51579120872145,188.15220763395894,0.49993537315028147,2354.675823586719,2139.2003057407405,10800.000000000002,-3634.1062150216017,9.360012563246065e-08,2e-07,44709.83757954254,0,34942.49389452392,0,1.0000303518609144e-07,optimal,optimal,optimal
2025-09-12,ANNUAL REFERENCE ONLY,0.95,0.5,2354.675823586719,14,2354.675823586719,optimal,optimal,19911.908774666495,0.0,0.0,14,4776.944911944445,optimal,optimal,-94.21227530910332,4.0042527777779355,220.78652778084003,0.6520319708155243,14,10800.0,optimal,optimal,622.171370564417,486.0701309950171,23.5853166666667,0.6564116385705948,14,10800.0,optimal,optimal,-6.044737513414326,0.0,12.24746427629062,0.5015770938912641,2553.630795457413,2354.675823586719,10800.0,521.9143577418993,15.595933447926033,96.0163640838635,20529.839496492255,1,24859.802781125345,0,1.00000761449337e-07,optimal,optimal,optimal
2025-09-13,ANNUAL REFERENCE ONLY,0.95,0.5,2553.630795457413,14,2553.630795457413,optimal,optimal,19972.48603051816,0.0,0.0,14,5091.1017351851815,optimal,optimal,131.63148877167907,109.51676695548649,3.79526771610017e-06,0.6284207535701016,14,10727.242583914329,optimal,optimal,232.34283684747703,189.05268903032325,23.585313806911586,0.6742835971285835,14,10800.0,optimal,optimal,1.0000181898940354e-07,7.96223696627526e-08,7.962220285714577e-08,0.4962766172060653,2611.805073860892,2527.1712613340396,10800.0,363.97432571915795,32.45626563029997,147.92970935588696,20484.390065593205,2,24102.97961782073,0,1.000043994281441e-07,optimal,optimal,optimal
2025-09-14,ANNUAL REFERENCE ONLY,0.95,0.5,2611.805073860892,14,2611.805073860892,optimal,optimal,48556.15206908151,0.0,0.0,14,9986.40375925926,optimal,optimal,-1620.563943631249,319.1581695817255,5493.051303202974,0.5997059312486834,14,8187.598462759649,optimal,optimal,-401.9627190634427,2.6013453378186653,1813.139162411955,0.6705761840013984,14,10800.0,optimal,optimal,9.999636202119292e-08,1.5590327723915328e-07,0.0,0.4999769143926499,2312.436521338512,2116.8701714814797,10800.0,-2022.5266625946954,1.4542688540512691e-07,2.9999970956187093e-07,46533.625406786814,0,32579.97321569798,0,1.0000167094403878e-07,optimal,optimal,optimal
2025-09-15,ANNUAL REFERENCE ONLY,0.95,0.5,2312.436521338512,14,2312.436521338512,optimal,optimal,34771.50065061934,0.0,0.0,14,8854.220444102533,optimal,optimal,401.85059211133256,586.670061988714,709.41111706662,0.6397064326178523,14,7090.78443,optimal,optimal,-31.539701444807022,208.98590808245717,452.6646157656129,0.6536509014215771,14,10799.999999957698,optimal,optimal,-152.17674413030622,0.0,236.74368689728016,0.5046865898593866,1271.7410648613516,1200.0,10800.0,218.13414653621933,3536.452900595219,16054.460028234944,51044.0948253905,48,36898.31387839414,0,1.0000621841754764e-07,optimal,optimal,optimal
2025-09-16,ANNUAL REFERENCE ONLY,0.95,0.5,1271.7410648613516,14,1271.7410648613516,optimal,optimal,45536.96248369037,0.0,0.0,14,9268.524421355063,optimal,optimal,-956.1538747756506,233.39547546215465,3813.7639337265114,0.6305962899285288,14,7952.406674326028,optimal,optimal,-821.7791037950674,31.413391102518688,3203.6445523999887,0.6633295134036267,14,10692.64190804721,optimal,optimal,195.39742517242408,97.25219027592574,0.0,0.5020586530000306,1200.0000000519697,1200.0,10800.0,-1582.5355533982938,743.997707094507,2493.9067235962934,46448.33365388837,23,36487.307235617256,0,1.0000053407566156e-07,optimal,optimal,optimal
2025-09-17,ANNUAL REFERENCE ONLY,0.95,0.5,1200.0000000519697,14,1200.0000000519697,optimal,optimal,43961.64246972828,0.0,0.0,14,9655.803699814807,optimal,optimal,-554.0563719440258,260.03181851945135,2857.494631769405,0.6569124032531548,14,6659.79359802327,optimal,optimal,-741.2458784831041,0.0,2261.7841108186844,0.7042296545107055,14,10800.0,optimal,optimal,9.99963620211929e-08,7.32061236150855e-08,7.320541331438393e-08,0.5065692278951262,1466.0638182230314,1200.0000000519697,10800.0,-1295.3022503271334,2.3570685927675616e-07,4.999998416977177e-07,42666.34021990114,0,37104.81306280272,0,1.0000030670198612e-07,optimal,optimal,optimal
2025-09-18,ANNUAL REFERENCE ONLY,0.95,0.5,1466.0638182230314,14,1466.0638182230314,optimal,optimal,38673.54392297099,0.0,0.0,14,9665.46805755869,optimal,optimal,3983.3433743789938,4966.846646958256,0.0,0.6625954661139571,14,7655.077508352724,optimal,optimal,-480.6234954672407,0.0,1819.9048382895933,0.7085562913375641,14,10800.0,optimal,optimal,1.0000727595761417e-07,7.321465421512977e-08,7.3215090466263e-08,0.504025400438964,1431.566647651784,1200.0,10800.0,3502.71987901176,213.6272297215806,925.3456202271894,43101.60942220994,5,37605.406323270574,0,1.00000761449337e-07,optimal,optimal,optimal
2025-09-19,ANNUAL REFERENCE ONLY,0.95,0.5,1431.566647651784,14,1431.566647651784,optimal,optimal,18074.16951322763,0.0,0.0,14,3304.1970370370364,optimal,optimal,391.34111680108356,350.8331495613511,0.0,0.6040508381564603,14,10799.999999999998,optimal,optimal,-73.90709285889974,0.0,142.36648623021935,0.6796524299449376,14,10797.007318264967,optimal,optimal,-10.181679237423701,0.0,30.669678002469198,0.507404420116446,1846.1802336177798,1199.9999999999998,10800.0,307.2523447047601,115.7439541159596,328.1262672521825,18709.54812518457,9,26716.867358162228,0,1.00000761449337e-07,optimal,optimal,optimal
2025-09-20,ANNUAL REFERENCE ONLY,0.95,0.5,1846.1802336177798,14,1846.1802336177798,optimal,optimal,18163.649204314497,0.0,0.0,14,3926.578906760946,optimal,optimal,14.431178763990061,71.88973352965276,137.44518292696398,0.618494856602712,14,10730.328557591745,optimal,optimal,-124.86986233663524,3.3223216178157595e-06,266.6496458665779,0.6813228947568293,14,10715.144451538881,optimal,optimal,53.24426072251423,47.958674402379714,0.0,0.5136720437185134,1760.2973115548555,1200.0,10800.0,-57.19442285013095,57.82205390094239,217.76210824481407,18324.21688970918,3,27897.340581184057,0,1.00000761449337e-07,optimal,optimal,optimal
2025-09-21,ANNUAL REFERENCE ONLY,0.95,0.5,1760.2973115548555,14,1760.2973115548555,optimal,optimal,43833.94906059859,0.0,0.0,14,9681.519879999998,optimal,optimal,-685.4134858853002,2.8638922880776687,1888.1287338799018,0.6346557534713684,14,8125.677658829307,optimal,optimal,-506.4355918068621,191.10424271376698,2934.723932359138,0.671496083884096,14,10779.953018518518,optimal,optimal,-9.525488630032518,35.49352671412555,49.33972721412397,0.5098321209063945,1426.001945321234,1200.0,10800.0,-1201.3745663221948,16.738510736374174,106.49523735409028,42739.06973163049,2,34285.99109435918,0,1.00000761449337e-07,optimal,optimal,optimal
2025-09-22,ANNUAL REFERENCE ONLY,0.95,0.5,1426.001945321234,14,1426.001945321234,optimal,optimal,47083.118210500776,0.0,0.0,14,9687.83292657406,optimal,optimal,-1862.883311577287,0.0,6031.089417404416,0.5961856585986904,14,7401.4186479222035,optimal,optimal,-955.535538751443,0.0,3121.5431501089856,0.6889689027780561,14,10800.0,optimal,optimal,-21.150561980092636,18.755016166664277,50.643499999996266,0.5062345508562796,1378.5898049493787,1349.6409758333332,10800.0,-2839.569412308823,10.906666902051212,73.52184049999443,44317.07063869195,1,36671.912362249175,0,1.0000124461839732e-07,optimal,optimal,optimal
2025-09-23,ANNUAL REFERENCE ONLY,0.95,0.5,1378.5898049493787,14,1378.5898049493787,optimal,optimal,46419.042465254024,0.0,0.0,14,9851.377266111103,optimal,optimal,-1142.3213963761013,0.0,3408.632553124631,0.6007918642121185,14,7519.949921756868,optimal,optimal,-662.1392882635053,0.0,2589.02257082361,0.7102688362697962,14,10800.0,optimal,optimal,-21.150561980092643,18.755016166663495,50.64349999999541,0.5065599454064115,1510.7285231128715,1199.9999999999998,10800.0,-1825.6112466196992,63.142587915436835,188.94920806297176,44782.380426697295,3,37567.67302801342,0,1.0000030670198612e-07,optimal,optimal,optimal
2025-09-24,ANNUAL REFERENCE ONLY,0.95,0.5,1510.7285231128715,14,1510.7285231128715,optimal,optimal,40034.75557448582,0.0,0.0,14,9569.610170092592,optimal,optimal,258.3882761827182,272.9029548343766,0.0,0.5845800036227553,14,5769.953019720675,optimal,optimal,1272.2533547836351,1416.2043658523971,0.0,0.6814649911595012,14,10500.43032722222,optimal,optimal,435.1492121357071,274.94304465083445,11.84214398962223,0.48410891445068943,1563.9959846322865,1324.1543822222227,10518.889218373759,1965.7908431020603,470.25434112471237,1695.1020541384835,43695.64847172637,13,35545.13146032958,0,1.0000803740695119e-07,optimal,optimal,optimal
2025-09-25,ANNUAL REFERENCE ONLY,0.95,0.5,1563.9959846322865,14,1563.9959846322865,optimal,optimal,44808.95342203456,0.0,0.0,14,9664.068998703693,optimal,optimal,254.66603891264748,621.713568500067,886.652963419751,0.6106822775604211,14,7609.598567617336,optimal,optimal,-574.624292036658,0.0,2399.949554038555,0.6951975924865397,14,10671.707032265856,optimal,optimal,139.6032803510963,115.46367096072913,13.654999999999346,0.4935107371796599,1381.5589786635537,1381.5589786635537,10794.542730000001,-180.35497277291418,15.371666996657149,103.4974323666622,44732.09588162831,1,34568.025274155785,0,1.0000053407566156e-07,optimal,optimal,optimal
2025-09-26,ANNUAL REFERENCE ONLY,0.95,0.5,1381.5589786635537,14,1381.5589786635537,optimal,optimal,19483.58074863794,0.0,0.0,14,4825.1983013106765,optimal,optimal,-489.7517048086891,3.883412793475029e-06,1198.4463801755892,0.5936470483673373,14,10550.285581495215,optimal,optimal,-81.54240228420244,3.88348375312567e-06,178.3755403697518,0.6908282922012393,14,10800.0,optimal,optimal,-8.498193983731504,0.0,13.655007766897391,0.4917545984170671,1564.8093292418644,1381.5589786635537,10800.0,-579.7923010766231,1.4076993147153636e-07,2.999999883788405e-07,18903.788447861316,0,26882.781096519422,0,1.0000803740695119e-07,optimal,optimal,optimal
2025-09-27,ANNUAL REFERENCE ONLY,0.95,0.5,1564.8093292418644,14,1564.8093292418644,optimal,optimal,18260.883655417565,0.0,0.0,14,4102.8923425207395,optimal,optimal,877.8749114260752,728.097136588673,0.0,0.6131489689521806,14,10505.555451827731,optimal,optimal,-82.15169422286895,2.5686487357551067e-06,204.04643378942086,0.6867856362317303,14,10775.948927283649,optimal,optimal,5.1254036887121925,7.990966198405316,3.3223376033493508e-06,0.49981201675419523,1200.0000000519694,1199.9999999999998,10800.0,800.8486208919184,194.88827551293662,485.994980161288,19547.72725647077,6,28166.44550451194,0,1.0000803740695119e-07,optimal,optimal,optimal
2025-09-28,ANNUAL REFERENCE ONLY,0.95,0.5,1200.0000000519694,14,1200.0000000519694,optimal,optimal,45976.58631878716,0.0,0.0,14,9848.42755342592,optimal,optimal,1521.1399282237467,1853.8367327312337,92.52226305919989,0.6321563900124563,14,7690.308654218391,optimal,optimal,-926.2346824282876,2.2688182391502325,3024.4539816799443,0.7126581472204747,14,10579.262391124863,optimal,optimal,316.9218418089251,206.2089950075405,0.0,0.5,1200.0000000519697,1200.0000000519694,10792.25920654891,911.8270876043841,189.01789608928758,790.4213139099197,47678.834720301464,8,36387.572231113634,0,1.0000098882301245e-07,optimal,optimal,optimal
2025-09-29,ANNUAL REFERENCE ONLY,0.95,0.5,1200.0000000519697,14,1200.0000000519697,optimal,optimal,48619.7398033767,0.0,0.0,14,9695.118990370362,optimal,optimal,-2276.200844373277,0.0,6983.508363960396,0.6144343877010789,14,6862.246010476507,optimal,optimal,-583.9948914447021,0.0,1884.7199820194628,0.719233625917075,14,10720.060193121637,optimal,optimal,74.88499388368216,78.82852683982391,0.0,0.5,1200.0000000519697,1200.0000000519697,10730.943278121636,-2785.3107419342973,150.42023732661588,415.16181698432877,46249.59087842673,5,37520.30649454844,0,1.0002258932217956e-07,optimal,optimal,optimal
2025-09-30,ANNUAL REFERENCE ONLY,0.95,0.5,1200.0000000519697,14,1200.0000000519697,optimal,optimal,48456.666519767925,0.0,0.0,14,9764.664970370372,optimal,optimal,-956.1834627260544,0.929190839313037,2450.420128083383,0.5785224911004776,14,6094.151415070062,optimal,optimal,-327.64398159812214,0.2159905529072148,910.8396039123022,0.7006620415934224,14,10729.298148148147,optimal,optimal,74.4673711149182,70.94129305500181,0.0,0.5,1222.0234077020516,1200.0000000519697,10800.0,-1209.3600732092582,16.92645014542714,114.36355972500037,47361.67000628367,1,39644.16291079787,0,1.00000761449337e-07,optimal,optimal,optimal
2025-10-01,ANNUAL REFERENCE ONLY,0.95,0.5,1222.0234077020516,14,1222.0234077020516,optimal,optimal,44612.09487393305,0.0,0.0,14,9837.311421959852,optimal,optimal,-1040.9301079409277,93.78037072321365,3716.401648267049,0.6042615832452569,14,7517.752163014279,optimal,optimal,-1023.4966964710918,19.43563084389791,3929.605111423276,0.6756748356135558,14,10776.61759259259,optimal,optimal,10.913681330209476,17.273993975417458,0.0,0.5,1202.981314746605,1202.981314746605,10800.0,-2053.51312308181,1.3808851371703432e-07,5.000148424234793e-07,42558.58175135126,0,36440.495577632595,0,1.0000858901548782e-07,optimal,optimal,optimal
2025-10-02,ANNUAL REFERENCE ONLY,0.95,0.5,1202.981314746605,14,1202.981314746605,optimal,optimal,49858.22635153075,0.0,0.0,14,9488.698416157295,optimal,optimal,-2632.8533150387675,0.35555054459166513,7236.064624582694,0.5675653477939547,14,7529.8896425809635,optimal,optimal,-1184.9832440737673,0.2159905529073285,4268.331718779482,0.674236325977098,14,10800.0,optimal,optimal,-0.006177829804834972,0.21599055290726096,0.2159905529073285,0.5,1275.0947180372839,1202.981314746605,10800.0,-3817.84273694234,1.2330967956057512e-07,4.000043195948819e-07,46040.383614988416,0,34346.42666759199,0,1.0001531336456537e-07,optimal,optimal,optimal
2025-10-03,ANNUAL REFERENCE ONLY,0.95,0.5,1275.0947180372839,14,1275.0947180372839,optimal,optimal,17667.53476202374,0.0,0.0,14,4622.212363672841,optimal,optimal,-24.678495816343307,5.259222946585226,100.8469940339669,0.6140312385817182,14,10482.441218137526,optimal,optimal,129.58083026774798,120.23182867529906,83.75415456372393,0.721302899256523,14,10723.734840617251,optimal,optimal,-7.228588986118518,0.0,11.82494600507795,0.5,1470.0461669912897,1275.0947180372839,10800.0,97.67374546528615,2.415549047274771e-07,1.200007066068065e-06,17765.208508689033,0,26864.157540396995,0,1.0000803740695119e-07,optimal,optimal,optimal
2025-10-04,ANNUAL REFERENCE ONLY,0.95,0.5,1470.0461669912897,14,1470.0461669912897,optimal,optimal,19945.831743165076,0.0,0.0,14,5876.257053641452,optimal,optimal,-321.76728297823576,0.0,1053.3684148087434,0.5931058327415998,14,10800.0,optimal,optimal,-125.02303990621373,0.0,295.0672580338902,0.7237860924086845,14,10800.0,optimal,optimal,-7.086976291989083,0.0,34.3406562153796,0.5,1609.322135894106,1470.0461669912897,10800.0,-453.87729917643856,1.6504746849681435e-07,8.999937363365461e-07,19491.95444488863,0,28125.822216637884,0,1.5196928870864213e-07,optimal,optimal,optimal
2025-10-05,ANNUAL REFERENCE ONLY,0.95,0.5,1609.322135894106,14,1609.322135894106,optimal,optimal,48460.6512345823,0.0,0.0,14,9806.259242129618,optimal,optimal,-2724.0842471520746,0.0,8693.468730727855,0.615012849808885,14,7932.339585815142,optimal,optimal,-683.7472776171279,8.201175637529218,2811.8055270767145,0.7160787742827459,14,10795.361111111111,optimal,optimal,4.441730205059833,4.174999999999727,5.866443342111986,0.5,1505.4579982630496,1505.4579982630496,10800.0,-3403.389794564143,6.159972212775793e-08,2.0000095358009274e-07,45057.26144021816,0,34622.047975891575,0,1.5196951608231757e-07,optimal,optimal,optimal
2025-10-06,ANNUAL REFERENCE ONLY,0.95,0.5,1505.4579982630496,14,1505.4579982630496,optimal,optimal,41731.020255451964,0.0,0.0,14,9946.986238796291,optimal,optimal,245.18340577095586,350.90103038462877,67.45754097814117,0.6664023081337624,14,6209.2142129898875,optimal,optimal,-499.7132604576916,19.47907483302106,1564.7521246904769,0.703363351169106,14,10785.926851851851,optimal,optimal,8.194233819015754,7.910400283382955,6.472356459358963,0.5,1595.57608434337,1505.4579982630496,10800.0,-246.33562086772,116.74168425817174,415.934704970678,41900.61933955492,3,37011.410072269,0,1.0000803740695119e-07,optimal,optimal,optimal
2025-10-07,ANNUAL REFERENCE ONLY,0.95,0.5,1595.57608434337,14,1595.57608434337,optimal,optimal,44438.97840890422,0.0,0.0,14,9837.995570728166,optimal,optimal,-678.9023578447894,22.79820413952251,2500.4973513994337,0.7054307139853566,14,7605.948993128341,optimal,optimal,-314.9483179511174,164.38970786777008,2259.6737631123597,0.6870807020300234,14,10800.0,optimal,optimal,-1.4924009562936018,0.0,6.980360412956481,0.5,1623.987022764368,1595.57608434337,10800.000000000002,-995.3430767522005,44.601605247035195,169.9261644473037,43613.56149659932,3,36514.3282228226,0,1.0000044733260439e-07,optimal,optimal,optimal
2025-10-08,ANNUAL REFERENCE ONLY,0.95,0.5,1623.987022764368,14,1623.987022764368,optimal,optimal,41264.28636972407,0.0,0.0,14,9921.03224575902,optimal,optimal,-834.029045662538,0.0,3020.672626839204,0.6856846870882619,14,6115.250839740574,optimal,optimal,-480.3866602696296,0.9887234648091408,1815.2743820788182,0.7039747817089401,14,10653.378955331695,optimal,optimal,236.4721812404015,131.9589402014728,0.0,0.5,1785.349811867923,1495.3940494816811,10800.0,-1077.943524691766,4.6827440880355886e-08,9.999999999999998e-08,40186.342845132305,0,38112.2847424089,0,1.0000098882301245e-07,optimal,optimal,optimal
2025-10-09,ANNUAL REFERENCE ONLY,0.95,0.5,1785.349811867923,14,1785.349811867923,optimal,optimal,48230.59200340084,0.0,0.0,14,9673.469538148152,optimal,optimal,-4312.180731348417,0.0,13649.36163439769,0.7076360083793053,14,6181.736280773961,optimal,optimal,-397.7606039748215,46.022334876487434,1987.6595883832533,0.6817761195095178,14,10643.36637769042,optimal,optimal,252.6869634914903,134.8135934119582,9.607157745369136,0.5,1830.4580626164243,1785.349811867923,10800.0,-4457.254371831748,104.97655092583568,427.48224439743353,44200.819875966525,4,36814.30961256828,0,1.00000761449337e-07,optimal,optimal,optimal
2025-10-10,ANNUAL REFERENCE ONLY,0.95,0.5,1830.4580626164243,14,1830.4580626164243,optimal,optimal,17242.50125994772,0.0,0.0,14,4839.006920065716,optimal,optimal,-276.6656486162982,0.0,651.7054889923271,0.7229791324986041,14,10799.999999999998,optimal,optimal,-9.202051845450875,50.22362448869387,183.29829439984914,0.6251893437062719,14,10199.994558209983,optimal,optimal,277.8410763189051,153.44656427768075,7.222323999458574,0.5,2097.1182221477325,1389.2714571027536,10800.0,-8.026624142843957,170.62093686959207,852.3511743308086,18086.825810135684,3,28277.223958141105,0,1.00000761449337e-07,optimal,optimal,optimal
2025-10-11,ANNUAL REFERENCE ONLY,0.95,0.5,2097.1182221477325,14,2097.1182221477325,optimal,optimal,17791.601690471227,0.0,0.0,14,5798.210845006206,optimal,optimal,-86.92445604175994,15.90018127764688,254.9580053602221,0.7294486736746663,14,10800.0,optimal,optimal,11.851751462895805,63.61026497086851,178.86226693827732,0.6691803681742314,14,10196.165948152211,optimal,optimal,245.0908951099002,135.41731332967788,9.471356754175007,0.5,2153.097426983558,1919.87725925926,10800.000000000002,170.01819053103605,8.031332321579196,39.19290160078856,18000.81278260305,1,28155.951789889194,0,1.00000761449337e-07,optimal,optimal,optimal
2025-10-12,ANNUAL REFERENCE ONLY,0.95,0.5,2153.097426983558,14,2153.097426983558,optimal,optimal,40720.0700450543,0.0,0.0,14,9946.876133703705,optimal,optimal,-281.8696313342887,177.17357178340296,1499.976639360582,0.6990063100453638,14,7708.26508686927,optimal,optimal,-296.7091327628303,228.02148269497695,2461.4526186480944,0.6616851296961284,14,10525.409462610869,optimal,optimal,161.97759514794882,109.39627556818802,3.1025146245609746e-07,0.5,1948.4485817936531,1847.2888369094132,10797.915930000001,-416.6011689491702,656.6217537467958,2627.4365698166375,42930.905445921766,16,34305.09150374732,0,1.00000761449337e-07,optimal,optimal,optimal
2025-10-13,ANNUAL REFERENCE ONLY,0.95,0.5,1948.4485817936531,14,1948.4485817936531,optimal,optimal,42619.19980735404,0.0,0.0,14,9870.466342949954,optimal,optimal,-1487.9818571438825,37.74540979675635,5138.601445422113,0.6560808539672203,14,6908.705998442797,optimal,optimal,-318.5686404992091,211.8151597815039,2296.462910458932,0.6592464914403803,14,10434.369410949319,optimal,optimal,292.7563625260765,207.16827331227879,-1.1368683772161603e-13,0.5,2233.8879687866965,1686.4907305752045,10800.0,-1513.7941351170152,349.1442757461698,1250.8357344301269,42356.24140666715,5,36574.07650552293,0,1.0000258043874055e-07,optimal,optimal,optimal
2025-10-14,ANNUAL REFERENCE ONLY,0.95,0.5,2233.8879687866965,14,2233.8879687866965,optimal,optimal,44263.71203479007,0.0,0.0,14,9750.35579126689,optimal,optimal,-2093.9401320441625,19.567457144630964,7491.782969691849,0.6356180682518217,14,5157.058256611433,optimal,optimal,636.8955583771813,814.8860284640434,154.54185333929465,0.6289051318304175,14,10722.227799137754,optimal,optimal,-23.96763696823549,0.0,41.523299432250965,0.5,1686.5196824100651,1258.0747799620042,10800.0,-1481.0122106352167,404.27908606066546,1060.672575424947,43843.37239957981,10,37324.41203187812,0,1.0000212569138967e-07,optimal,optimal,optimal
2025-10-15,ANNUAL REFERENCE ONLY,0.95,0.5,1686.5196824100651,14,1686.5196824100651,optimal,optimal,44614.097905184186,0.0,0.0,14,9532.820373425928,optimal,optimal,-2147.102601817118,0.0,7084.435523297683,0.6241099840039948,14,6797.306390663495,optimal,optimal,-163.41875900495583,8.754204505147868,531.4789112566609,0.612734340928349,14,10799.99999944117,optimal,optimal,-18.930578539186936,0.0,35.28670400220273,0.5,1254.7866245934483,1200.0,10800.0,-2329.451939361261,995.5090861005225,4679.329234357477,46963.97520018041,17,37715.88381078406,0,1.0000121619668789e-07,optimal,optimal,optimal
2025-10-16,ANNUAL REFERENCE ONLY,0.95,0.5,1254.7866245934483,14,1254.7866245934483,optimal,optimal,43002.28864866641,0.0,0.0,14,9485.900000740736,optimal,optimal,-183.76195099296538,578.4855522260499,3079.008678548248,0.6240783348975945,14,6943.562817301366,optimal,optimal,-33.09135384191252,44.48711021627605,338.63967267872044,0.6058262606377399,14,10351.276986099349,optimal,optimal,363.16438967425637,261.21640417725223,0.0,0.5,1234.0635423841686,1200.0,10796.368043085577,146.31108483937845,369.7458796710082,1565.5641166443816,44714.163850150166,12,39022.68186963502,0,1.00000761449337e-07,optimal,optimal,optimal
2025-10-17,ANNUAL REFERENCE ONLY,0.95,0.5,1234.0635423841686,14,1234.0635423841686,optimal,optimal,15382.567861093117,0.0,0.0,14,4907.653792037036,optimal,optimal,924.8916253483567,710.9003701125723,1.1368683772161603e-13,0.595429986245888,14,9850.939599796287,optimal,optimal,352.18634748171377,265.6438189592586,-5.684341886080802e-14,0.5953783339604475,14,9901.090536200401,optimal,optimal,-9.57711106795508,0.0,19.404540913693538,0.5,1231.687435179311,1211.1351852372154,10800.0,1267.5008617621154,203.5800900574364,431.3597588634167,17081.428481718653,7,28588.241292907296,0,1.0000621841754764e-07,optimal,optimal,optimal
2025-10-18,ANNUAL REFERENCE ONLY,0.95,0.5,1231.687435179311,14,1231.687435179311,optimal,optimal,18573.953385989334,0.0,0.0,14,5066.76108212963,optimal,optimal,-430.2842978028392,146.53838480242243,1505.5745695687035,0.6162718245639713,14,10382.358397473818,optimal,optimal,-218.6739532304044,0.0,577.5959500304996,0.5800187525540095,14,10004.453435185183,optimal,optimal,92.15522388093919,60.286038025714454,0.0,0.5,1661.5635273328608,1231.687435179311,10800.0,-556.8030271523045,1.8958597661116112e-07,3.999997565211743e-07,18017.150359237028,0,28717.336262400095,0,1.00000761449337e-07,optimal,optimal,optimal
2025-10-19,ANNUAL REFERENCE ONLY,0.95,0.5,1661.5635273328608,14,1661.5635273328608,optimal,optimal,48157.313123549844,0.0,0.0,14,9359.277396975313,optimal,optimal,-1305.5286353073611,17.17370748751523,3675.5932278362493,0.5959382686137891,14,6717.1896641609355,optimal,optimal,-845.9336254171585,14.895554651925977,2729.1401554807667,0.641273597980538,14,10645.148562650074,optimal,optimal,250.3266359087858,137.18962694826814,46.68117253666507,0.5,1303.8341925603577,1199.9999999999998,10645.148562650074,-1901.1356248157338,139.2465724116687,587.4966891044506,46843.674187838566,6,38618.342784695225,0,1.0000803740695119e-07,optimal,optimal,optimal
2025-10-20,ANNUAL REFERENCE ONLY,0.95,0.5,1303.8341925603577,14,1303.8341925603577,optimal,optimal,51678.28299543387,0.0,0.0,14,8631.019813285688,optimal,optimal,-1598.7473086688046,5.684341886080801e-13,4153.948815412958,0.6081069385819874,14,7662.1201186633825,optimal,optimal,-1209.572352929871,0.0,3928.011955036128,0.6499756723256045,14,10769.563055476992,optimal,optimal,36.22349665591461,27.393250070706245,57.80080504846727,0.5,1247.0775339776424,1247.0775339776424,10800.0,-2772.096164942761,2.882403920296971e-07,5.999999230974935e-07,48906.1868310911,0,35476.18306490778,0,1.0000030670198612e-07,optimal,optimal,optimal
2025-10-21,ANNUAL REFERENCE ONLY,0.95,0.5,1247.0775339776424,14,1247.0775339776424,optimal,optimal,50320.465459894855,0.0,0.0,14,8702.930050617284,optimal,optimal,-764.2311316694546,326.9352731079161,3028.6592560593917,0.6039133043197872,14,6518.758853107336,optimal,optimal,-1077.1719796053371,3.883942305115397,3077.433234557234,0.6976568241940679,14,10678.048744166668,optimal,optimal,193.80349208762632,109.75613024999632,54.77667990616127,0.5,1417.8892476255678,1247.0775339776424,10799.78035787037,-1647.5996191871652,2.409411564700801e-07,5.000001723809873e-07,48672.86584120769,0,39448.80559309565,0,1.0000803740695119e-07,optimal,optimal,optimal
2025-10-22,ANNUAL REFERENCE ONLY,0.95,0.5,1417.8892476255678,14,1417.8892476255678,optimal,optimal,48292.501180118474,0.0,0.0,14,9860.147518518514,optimal,optimal,-1844.274764742849,3.2979358424527163,4858.51992864015,0.6333220614856504,14,6973.904761097081,optimal,optimal,12.786624828716555,404.19424006703065,1783.0693414276498,0.7184096883531815,14,10622.730544074075,optimal,optimal,290.55704471332064,159.5425103333323,49.46524578938711,0.5,1200.0550884614863,1200.0550884614863,10799.999999999996,-1540.9310952008116,406.2836473066767,1851.051206635028,48602.62129155269,14,39117.68688650979,0,1.0000098882301245e-07,optimal,optimal,optimal
2025-10-23,ANNUAL REFERENCE ONLY,0.95,0.5,1200.0550884614863,14,1200.0550884614863,optimal,optimal,55791.33667124476,0.0,0.0,14,9605.704216913584,optimal,optimal,-4127.4558484798345,36.04210690417665,12081.39147225065,0.6232857971048535,14,7700.35178789771,optimal,optimal,-936.993715839636,7.229241299133378,3380.384129573639,0.7293140175437892,14,10609.761022361028,optimal,optimal,315.0254571162069,170.8159048750747,39.69567522166345,0.5,1351.8223824337706,1200.0550884614863,10736.697728379548,-4749.424107203264,223.13619072529121,1111.6513189110851,52153.563882952585,5,36535.044662954715,0,1.00000761449337e-07,optimal,optimal,optimal
2025-10-24,ANNUAL REFERENCE ONLY,0.95,0.5,1351.8223824337706,14,1351.8223824337706,optimal,optimal,17771.83110698845,0.0,0.0,14,5781.103819822093,optimal,optimal,-79.01837243888333,36.31428922798517,318.67184816259294,0.6597195528603261,14,10136.52499389617,optimal,optimal,-85.90517418948806,0.0,210.44968729265236,0.7400301973414284,14,9731.763611111111,optimal,optimal,321.9618727948984,177.19965549999853,11.874913018413716,0.5,1318.6336369067578,1200.0,10414.134553757225,157.03832616652699,253.96475853322616,1225.832120247353,19154.70155340233,10,29769.245870110968,0,1.0000030670198612e-07,optimal,optimal,optimal
2025-10-25,ANNUAL REFERENCE ONLY,0.95,0.5,1318.6336369067578,14,1318.6336369067578,optimal,optimal,18622.817458027323,0.0,0.0,14,6932.759314629627,optimal,optimal,-307.19666496844985,19.88546874292588,1045.492238816581,0.6527394262979661,14,10675.362867477304,optimal,optimal,-49.37023644475342,34.193823264228854,261.3786192823304,0.7205918945388222,14,9855.89033573785,optimal,optimal,175.32044880547178,104.4077895026017,8.739078874412868,0.5,1257.3997242576165,1208.140500057585,10800.0,-181.24645260773147,22.705802008977958,47.100641156944114,18488.671646576535,3,29785.822322278607,0,1.0000053407566156e-07,optimal,optimal,optimal
2025-10-26,ANNUAL REFERENCE ONLY,0.95,0.5,1257.3997242576165,14,1257.3997242576165,optimal,optimal,51979.23003756169,0.0,0.0,14,9644.183478891577,optimal,optimal,-3166.5492785767638,52.10373194498413,9227.239574061272,0.6914850993062307,14,7124.6065093430025,optimal,optimal,-521.1704701493372,0.0,1735.5003890271298,0.6585080158449913,14,10586.76485497986,optimal,optimal,323.96773709328716,173.55579718479385,33.28668919649731,0.5,1271.8165211989817,1257.3997242576165,10675.318770900909,-3363.7520116328137,343.6749899480246,1691.3216729291594,50306.799698858034,7,37704.14591606746,0,1.0000803740695119e-07,optimal,optimal,optimal
2025-10-27,ANNUAL REFERENCE ONLY,0.95,0.5,1271.8165211989817,14,1271.8165211989817,optimal,optimal,47504.60191973676,0.0,0.0,14,9710.207624537039,optimal,optimal,-173.4370393367724,52.856914900375045,637.8892540562659,0.6855013025672245,14,7033.277451322447,optimal,optimal,-692.5715726819553,3.488962271136643,2211.1559546442695,0.6656010325838919,14,10633.45132130754,optimal,optimal,233.76033760193175,131.53797748988075,53.47410960653633,0.5,1268.9913412725407,1268.9913412725407,10673.502473149632,-632.248274416796,19.74493347552755,92.48526803333951,46964.838913353306,1,38099.09665199081,0,1.0000030670198612e-07,optimal,optimal,optimal
2025-10-28,ANNUAL REFERENCE ONLY,0.95,0.5,1268.9913412725407,14,1268.9913412725407,optimal,optimal,47398.448152444515,0.0,0.0,14,9770.34590222222,optimal,optimal,-457.4159684409534,91.80932788142638,1421.3383511496088,0.6581267460430973,14,6476.899630503335,optimal,optimal,-279.5582045043343,0.0,789.9227116268191,0.6537784065972004,14,10627.070671640648,optimal,optimal,248.0614206822893,137.28056219008374,47.34605442284106,0.5,1214.3667274940217,1214.3667274940217,10689.7475625617,-488.9127522629984,372.1436940650288,1669.7199291510674,48579.255329332584,14,38910.64196615652,0,1.0000064776249928e-07,optimal,optimal,optimal
2025-10-29,ANNUAL REFERENCE ONLY,0.95,0.5,1214.3667274940217,14,1214.3667274940217,optimal,optimal,52814.174030504466,0.0,0.0,14,7341.344522530864,optimal,optimal,630.3057379945739,1331.4265696670282,3225.038349427521,0.6626436549441066,14,7047.001590523006,optimal,optimal,-1031.6843910648467,1.3963182911980994,3052.750333805254,0.6250178719797282,14,10593.431804019292,optimal,optimal,308.41833708589104,167.55554304930564,44.027145887558255,0.5,1205.8345253702685,1205.8345253702685,10654.708499019293,-92.96031598438185,173.68106802393902,684.2245415716311,53405.438256091715,6,35874.38052882568,0,1.0000007932831068e-07,optimal,optimal,optimal
2025-10-30,ANNUAL REFERENCE ONLY,0.95,0.5,1205.8345253702685,14,1205.8345253702685,optimal,optimal,46835.969287556225,0.0,0.0,14,9918.751601851847,optimal,optimal,-928.1438753799023,119.22521168668743,3094.943088723832,0.6859141030998875,14,7291.17911284588,optimal,optimal,-435.54403347760746,0.0,1590.6065746991508,0.6005136020708411,14,10591.002424859245,optimal,optimal,311.96681586515035,169.7419842933462,41.76237877004178,0.5,1215.2430866567547,1205.8345253702685,10799.999999999996,-1051.7210929923594,461.3599769213837,1958.9993539840546,47743.24754854792,14,39464.16083131025,0,1.0000181009672815e-07,optimal,optimal,optimal
2025-10-31,ANNUAL REFERENCE ONLY,0.95,0.5,1215.2430866567547,14,1215.2430866567547,optimal,optimal,20426.001287098345,0.0,0.0,14,6908.731244166668,optimal,optimal,-771.0806275878158,0.0,2267.7726941828532,0.6507488524084334,14,9993.138942314816,optimal,optimal,-198.4310365469617,0.0,509.91758858012395,0.6198523595818243,14,10004.809667949243,optimal,optimal,98.69428458453362,71.9352793961371,32.81243980191244,0.5,1234.7073864988567,1215.2430866567547,10800.0,-870.8173795502438,1.4219271929254358e-07,2.999999826125532e-07,19555.1839078481,0,31151.230753447344,0,1.0000803740695119e-07,optimal,optimal,optimal
2025-11-01,ANNUAL REFERENCE ONLY,0.95,0.5,1234.7073864988567,14,1234.7073864988567,optimal,optimal,18207.149917787152,0.0,0.0,14,5621.911563796291,optimal,optimal,-29.602551131020718,156.8789972331934,512.9683221608,0.6410246185903478,14,9874.380135166506,optimal,optimal,-83.24895409628033,0.0,215.53380869076156,0.6317449824394097,14,9786.479326886183,optimal,optimal,199.81023497945733,129.13126413576873,30.351936268844305,0.5,1266.9511260638546,1234.7073864988567,10695.839863492425,86.95872975215629,2.4149146747202843e-07,1.2000014563047444e-06,18294.10864873931,0,30359.09004631861,0,1.000043994281441e-07,optimal,optimal,optimal
2025-11-02,ANNUAL REFERENCE ONLY,0.95,0.5,1266.9511260638546,14,1266.9511260638546,optimal,optimal,47583.10916262124,0.0,0.0,14,9737.1874249074,optimal,optimal,1567.0392734626146,2083.456941700904,130.2706022791599,0.5994814303277578,14,6413.610352963253,optimal,optimal,-702.7384715513116,0.0,1822.6238408879115,0.6503119814650782,14,10683.59546125088,optimal,optimal,81.11437411709554,64.57035191436805,0.0,0.5,1249.0343186859473,1200.0,10745.511405937135,945.4151760283985,24.922414074569097,164.02124643718818,48692.545585086824,3,42188.708249093215,0,1.0000073302762758e-07,optimal,optimal,optimal
2025-11-03,ANNUAL REFERENCE ONLY,0.95,0.5,1249.0343186859473,14,1249.0343186859473,optimal,optimal,50467.39840922291,0.0,0.0,14,9517.618361051202,optimal,optimal,-730.01971586753,57.469669687278085,2339.522263977397,0.5896482199902451,14,7051.866485038854,optimal,optimal,-634.427684657895,0.0,1804.5852408926999,0.6739523527996194,14,10591.067954788225,optimal,optimal,253.49742839432963,140.71547956297758,1.0345641378931987,0.5,1200.852777881778,1200.852777881778,10754.525254360125,-1110.9499721310954,11.925057975019369,25.465962057499375,49381.91439914931,1,37191.51599449405,0,1.0000245765695582e-07,optimal,optimal,optimal
2025-11-04,ANNUAL REFERENCE ONLY,0.95,0.5,1200.852777881778,14,1200.852777881778,optimal,optimal,46609.18671093431,0.0,0.0,14,9849.855806759258,optimal,optimal,704.703886961178,1052.4978007114726,384.7951673585385,0.6281012898687836,14,7226.723680010797,optimal,optimal,-531.7265286460832,0.0,1608.403859027936,0.673179015848715,14,10493.36404363367,optimal,optimal,420.5453600588289,229.18824024999947,10.863124017664564,0.5,1224.87211646909,1200.852777881778,10751.130593796295,593.5227183739237,321.7360688016581,1759.6967082760925,48962.40613758432,10,37480.83326122002,0,1.0000030670198612e-07,optimal,optimal,optimal
2025-11-05,ANNUAL REFERENCE ONLY,0.95,0.5,1224.87211646909,14,1224.87211646909,optimal,optimal,52353.68834808229,0.0,0.0,14,9571.078447006166,optimal,optimal,-1800.1159286507175,0.0,5182.7417309948305,0.5920785111541341,14,6155.686469653352,optimal,optimal,-288.15485548841446,1.404287337289361,851.0504139139473,0.6676410491382238,14,10438.880441576417,optimal,optimal,530.4818029542175,289.7168300053566,5.053072480611897,0.5,1295.859065326758,1224.87211646909,10485.228589724566,-1557.7889811849145,206.9847736663271,891.6207898200723,51687.520156717444,8,38663.191855528064,0,1.0000245765695582e-07,optimal,optimal,optimal
2025-11-06,ANNUAL REFERENCE ONLY,0.95,0.5,1295.859065326758,14,1295.859065326758,optimal,optimal,48429.355254970695,0.0,0.0,14,9663.462192640038,optimal,optimal,495.3729256172075,751.4276198067743,194.77980288946685,0.6056448768441841,14,5703.610712142625,optimal,optimal,58.59517767993309,117.45280439494829,248.14146065619224,0.6730696154480342,14,10720.630246245402,optimal,optimal,13.302250773576054,11.29945850918159,13.535566947615962,0.5,1250.1101852891852,1204.7402831370462,10792.170568373063,567.2703540707166,178.86998737798416,687.6334765855012,49684.25908562691,5,40798.23989799661,0,1.0001531336456537e-07,optimal,optimal,optimal
2025-11-07,ANNUAL REFERENCE ONLY,0.95,0.5,1250.1101852891852,14,1250.1101852891852,optimal,optimal,18491.26669159552,0.0,0.0,14,7142.981910224056,optimal,optimal,-71.0314087162213,0.0,224.4228841528573,0.5944304297866826,14,8365.831645224056,optimal,optimal,96.12422369878291,75.19155541864635,0.0,0.644245306882481,14,9937.829419876069,optimal,optimal,333.2220607586534,187.62210495980105,3.4329005982332346,0.5,1206.6607612747327,1206.6607612747327,10720.045748253506,358.314875741215,4.019300554907695e-07,1.399998178290207e-06,18849.581568736736,0,32799.5730825388,0,1.0000374550145351e-07,optimal,optimal,optimal
2025-11-08,ANNUAL REFERENCE ONLY,0.95,0.5,1206.6607612747327,14,1206.6607612747327,optimal,optimal,18752.850986330188,0.0,0.0,14,7020.07304000194,optimal,optimal,-153.49831423161675,0.0,434.1722463577861,0.5360200940336662,14,9388.478847224162,optimal,optimal,37.796608762092625,38.225280426141694,14.501272985765752,0.6511079275741689,14,9946.97860938884,optimal,optimal,19.81893093929572,16.158776675737297,0.0,0.5,1275.7266774291354,1206.6607612747327,10728.491649707588,-95.8827745302284,1.738966694517175e-07,5.000087480951151e-07,18656.968212299966,0,31419.2850459492,0,1.0000524071074323e-07,optimal,optimal,optimal
2025-11-09,ANNUAL REFERENCE ONLY,0.95,0.5,1275.7266774291354,14,1275.7266774291354,optimal,optimal,50308.940136283534,0.0,0.0,14,9806.420278425921,optimal,optimal,-638.6616056384526,0.0,1746.9728496812127,0.5716560774920459,14,6501.151473698471,optimal,optimal,-243.54371200904356,35.76843972492685,872.0657161507061,0.6369604007475251,14,10438.113746770203,optimal,optimal,535.4403171430631,292.1102593268155,-1.7053025658242404e-13,0.5,1247.8385879114956,1247.8385879114956,10730.029658055553,-346.76500050443303,488.4581454349137,2084.3830907163647,52046.558226495465,15,39130.98616524433,0,1.00000761449337e-07,optimal,optimal,optimal
2025-11-10,ANNUAL REFERENCE ONLY,0.95,0.5,1247.8385879114956,14,1247.8385879114956,optimal,optimal,50980.91579583466,0.0,0.0,14,9761.378378981482,optimal,optimal,909.8576472422202,1337.8554298061163,440.69573882374993,0.5784313471023356,14,5735.6285725296,optimal,optimal,-621.6744758264183,0.0,1649.537392379897,0.603119091167064,14,10575.23382186794,optimal,optimal,258.0709300141636,151.1271686521879,95.24637896582972,0.5,1246.0876197996424,1200.0,10685.524823425927,546.2541014299654,100.01501534693587,317.82040816344926,51844.99030542807,2,41300.92796662409,0,1.0000030670198612e-07,optimal,optimal,optimal
2025-11-11,ANNUAL REFERENCE ONLY,0.95,0.5,1246.0876197996424,14,1246.0876197996424,optimal,optimal,52591.50314943737,0.0,0.0,14,10783.494757222225,optimal,optimal,-918.5370103944449,0.9248683079241573,2504.523697119362,0.56544249425727,14,7863.918843901172,optimal,optimal,-623.4819839915953,0.0,1985.1221274221652,0.6095260124372635,14,10570.520019584139,optimal,optimal,315.74098749794126,179.7186899631198,8.951888958108611e-06,0.5,1201.395344996973,1201.395344996973,10783.494757222225,-1226.2780068880988,50.99235846337584,107.7002638898384,51472.92540643911,2,36119.22280210568,0,1.0000858901548782e-07,optimal,optimal,optimal
2025-11-12,ANNUAL REFERENCE ONLY,0.95,0.5,1201.395344996973,14,1201.395344996973,optimal,optimal,49707.26475133553,0.0,0.0,14,9727.073788796297,optimal,optimal,1405.0311968427552,1828.5706966127188,197.36453796267483,0.5890809995151818,14,7162.918276133916,optimal,optimal,-797.024120344068,0.0,2414.4760655530363,0.6583960570675689,14,10618.908965961122,optimal,optimal,266.8015911563844,162.98193063498906,139.21687836012234,0.5,1214.9070762225292,1201.395344996973,10668.167647257898,874.8086676550715,2.0269181792576066e-07,4.999987905492161e-07,50582.0734194906,0,40701.15662105587,0,1.0001531336456537e-07,optimal,optimal,optimal
2025-11-13,ANNUAL REFERENCE ONLY,0.95,0.5,1214.9070762225292,14,1214.9070762225292,optimal,optimal,48280.61252804116,0.0,0.0,14,9784.001975555553,optimal,optimal,286.5940120252264,411.1087848358669,40.04649168741139,0.5225003258566686,14,7823.445087003243,optimal,optimal,92.12614970412612,206.54381646408945,479.20867675719177,0.6788667019721996,14,10546.884661284903,optimal,optimal,390.41835756606736,227.80380484358614,147.59213661744485,0.5,1232.4165621991235,1200.0,10585.490702533581,769.1385192954199,1368.8599056098744,5311.072945134282,54360.82399247086,18,37196.9340743982,0,1.0000809425037005e-07,optimal,optimal,optimal
2025-11-14,ANNUAL REFERENCE ONLY,0.95,0.5,1232.4165621991235,14,1232.4165621991235,optimal,optimal,19330.192567755472,0.0,0.0,14,6871.594861574146,optimal,optimal,-254.97049556856908,0.0,666.6346229388373,0.5631412446455989,14,8098.56678490748,optimal,optimal,52.16515277661998,93.3579090459909,58.07619663977077,0.713943163078806,14,9950.546940914328,optimal,optimal,348.7089966078276,224.4403404115921,1.8518073886752973e-05,0.5,1256.154582696261,1232.4165621991235,10707.254226526324,145.9036538158785,1.5527841832789358e-07,5.999824843958776e-07,19476.096222171334,0,31876.219792802374,0,1.00000761449337e-07,optimal,optimal,optimal
2025-11-15,ANNUAL REFERENCE ONLY,0.95,0.5,1256.154582696261,14,1256.154582696261,optimal,optimal,20517.309116472854,0.0,0.0,14,8233.703699352769,optimal,optimal,-368.46287026596553,0.0,1263.1062784754226,0.5644223062205483,14,8852.024415834247,optimal,optimal,-193.60594416663923,0.0,520.7236783083902,0.7219302716104341,14,9879.000400200239,optimal,optimal,239.44920144553743,219.45153816746867,9.329026499999486,0.5,1277.01435283714,1246.5823055555545,10683.724064181495,-322.61961298706734,1.4114571137280612e-07,3.0000001162115946e-07,20194.689503785787,0,33013.21128642768,0,1.000043994281441e-07,optimal,optimal,optimal
2025-11-16,ANNUAL REFERENCE ONLY,0.95,0.5,1277.01435283714,14,1277.01435283714,optimal,optimal,50430.817646540585,0.0,0.0,14,9791.082775740739,optimal,optimal,2087.062861481135,2669.3235704020603,282.5528126908059,0.5754778662058917,14,7021.194407816271,optimal,optimal,-250.26987436958808,0.8511531198114426,670.3859984995413,0.7299085137389502,14,10481.877808998537,optimal,optimal,338.7103250727406,259.7127792965052,0.0,0.5,1200.0000000519697,1200.0000000519697,10733.213534999997,2175.5033121842876,95.48709525332956,203.0276400773817,52809.34859880225,3,41000.009203450274,0,1.0000186193792614e-07,optimal,optimal,optimal
2025-11-17,ANNUAL REFERENCE ONLY,0.95,0.5,1200.0000000519697,14,1200.0000000519697,optimal,optimal,48601.49973729677,0.0,0.0,14,9956.720142407403,optimal,optimal,3800.879295162557,4729.2996123524645,13.567199974417008,0.5762013447116232,14,6806.581610244047,optimal,optimal,-190.1836709316347,0.0,545.0839814271731,0.7187183987348076,14,10597.070649485322,optimal,optimal,183.52304483594634,157.1213849785402,0.0,0.5,1250.403564291631,1200.0000000519697,10796.962734999996,3794.218669066868,1.3871901188941427e-07,5.000008928211173e-07,52395.71840686364,0,40593.485974070776,0,1.0001531336456537e-07,optimal,optimal,optimal
2025-11-18,ANNUAL REFERENCE ONLY,0.95,0.5,1250.403564291631,14,1250.403564291631,optimal,optimal,51231.46166433266,0.0,0.0,14,9502.427778775216,optimal,optimal,-7.037035592461379,185.30346688415966,763.4877468986027,0.5795089002903506,14,4626.17940959727,optimal,optimal,921.9281454159348,1135.5790765987094,8.392922515163832,0.6973608707522304,14,10572.286126569468,optimal,optimal,221.5000349115609,170.9485819716547,0.0,0.5,1231.773968674691,1231.773968674691,10690.759477479385,1136.3911447350342,59.76095948812884,126.60359329419475,52494.45640236189,1,42821.97363524791,0,1.0000803740695119e-07,optimal,optimal,optimal
2025-11-19,ANNUAL REFERENCE ONLY,0.95,0.5,1231.773968674691,14,1231.773968674691,optimal,optimal,50532.51784622052,0.0,0.0,14,9480.324837521233,optimal,optimal,3297.4031857125,3743.125694608893,152.4196228049982,0.5547178464017956,14,7097.955988147518,optimal,optimal,-373.1188973298129,49.904048355683585,1191.9187436005072,0.6938958369563653,14,10584.333457528279,optimal,optimal,164.91504319902666,133.37273687920907,0.0,0.5,1200.0000000519697,1200.0000000519697,10682.199568826989,3089.1993315817135,58.562374176259645,128.50447963520264,53750.22165743744,3,41926.79362766997,0,1.0000803740695119e-07,optimal,optimal,optimal
2025-11-20,ANNUAL REFERENCE ONLY,0.95,0.5,1200.0000000519697,14,1200.0000000519697,optimal,optimal,50637.16822857332,0.0,0.0,14,9775.056792962958,optimal,optimal,709.6179161651448,1039.0630266458531,77.14260454123598,0.5666547547120749,14,6872.130882044928,optimal,optimal,318.62949161854937,396.63357950525625,43.19618684193722,0.689654782987584,14,10611.188764443632,optimal,optimal,184.4411362898565,138.71500678515056,0.0,0.5,1204.6925926965928,1200.0000000519697,10707.447737781567,1212.6885440735507,68.61178710340008,145.92017089954146,51995.77694354641,2,41957.03132284384,0,1.0001531336456537e-07,optimal,optimal,optimal
2025-11-21,ANNUAL REFERENCE ONLY,0.95,0.5,1204.6925926965928,14,1204.6925926965928,optimal,optimal,19508.220290647965,0.0,0.0,14,7012.551783734565,optimal,optimal,161.34797190610254,216.0860103820728,155.29033024785957,0.5454508869813367,14,7792.880265421126,optimal,optimal,-26.299185340631844,4.728839494075544,88.84431859374246,0.6931012819685736,14,10060.076074774559,optimal,optimal,238.9627925157239,198.84837886956288,0.0,0.5,1226.0343108250518,1204.6925926965928,10634.323308432042,374.01157908119455,23.36388672573152,49.53219767093587,19931.764067400094,2,33283.34531488019,0,1.0000858901548782e-07,optimal,optimal,optimal
2025-11-22,ANNUAL REFERENCE ONLY,0.95,0.5,1226.0343108250518,14,1226.0343108250518,optimal,optimal,21389.626279290016,0.0,0.0,14,9394.420853858024,optimal,optimal,-499.27697322671594,12.615819655339237,1997.9698316425663,0.5756722183957265,14,8674.625947376542,optimal,optimal,-79.83315925442263,11.751063359211287,281.013857633544,0.6672304762239792,14,9797.447137399542,optimal,optimal,547.3963865798524,357.2173527640311,0.0,0.5,1237.5410090440791,1226.0343108250518,10611.532069144083,-31.713745901286075,3.247124521061871e-07,1.3000053522138843e-06,21357.912534688738,0,33520.33701742798,0,1.0000512520491611e-07,optimal,optimal,optimal
2025-11-23,ANNUAL REFERENCE ONLY,0.95,0.5,1237.5410090440791,14,1237.5410090440791,optimal,optimal,51319.421756664175,0.0,0.0,14,9800.584736574083,optimal,optimal,2062.521271243924,2408.0609296234816,29.775470346771158,0.5628043563649002,14,6614.367560813909,optimal,optimal,-292.39145977475056,0.0,786.0577916539693,0.6811739361076712,14,10676.277099706855,optimal,optimal,97.06159857947856,80.33755893049712,0.0,0.5,1237.6162281533082,1237.5410090440791,10754.304428225358,1867.191410048652,2.1813916403505748e-07,5.99998716513983e-07,53186.613167312826,0,41722.03400598558,0,1.0000095358009275e-07,optimal,optimal,optimal
2025-11-24,ANNUAL REFERENCE ONLY,0.95,0.5,1237.6162281533082,14,1237.6162281533082,optimal,optimal,50447.7621217477,0.0,0.0,14,9786.20544225622,optimal,optimal,689.2258188926636,1009.0972202067566,99.57237988589907,0.5704536516586654,14,6535.6796991552255,optimal,optimal,196.58187869605825,252.60975679427173,25.758211819738563,0.6944796938643858,14,10635.291239564553,optimal,optimal,146.93191441970262,114.69638686515337,0.0,0.5,1200.0000000519697,1200.0000000519697,10717.420769691307,1032.7396120084245,131.33360657651355,327.84184401433697,51808.34357777046,5,40985.02154213708,0,1.0001531336456537e-07,optimal,optimal,optimal
2025-11-25,ANNUAL REFERENCE ONLY,0.95,0.5,1200.0000000519697,14,1200.0000000519697,optimal,optimal,58570.19879451707,0.0,0.0,14,10358.271506182415,optimal,optimal,-1181.7000021459394,6.439166666666779,2898.2123368875814,0.5763086702412551,14,7163.508014627465,optimal,optimal,-1293.317973903701,0.0,3325.980167692713,0.717740743423785,14,10650.997387106861,optimal,optimal,164.61284720656067,125.19068493715983,0.0,0.5,1221.694544846422,1200.0000000519697,10716.18040074755,-2310.4051288430796,2.1556842062716906e-07,8.000047059913413e-07,56259.793666474,0,39755.3625263631,0,1.0001531336456537e-07,optimal,optimal,optimal
2025-11-26,ANNUAL REFERENCE ONLY,0.95,0.5,1221.694544846422,14,1221.694544846422,optimal,optimal,54652.72586661268,0.0,0.0,14,9266.912659646012,optimal,optimal,1372.44296470953,1282.2091929033645,150.44608177977113,0.6340134390522131,14,6612.274215586977,optimal,optimal,-828.7806170650226,0.0,2048.800245780181,0.7410057820406697,14,10668.875878584277,optimal,optimal,134.3342810026945,109.10004260748661,0.0,0.5,1200.0000000519697,1200.0000000519697,10716.214399195393,677.996628647202,0.3548846128558697,0.7587437099051574,55331.48123896979,1,41473.36548506322,0,1.0000181009672815e-07,optimal,optimal,optimal
2025-11-27,ANNUAL REFERENCE ONLY,0.95,0.5,1200.0000000519697,14,1200.0000000519697,optimal,optimal,53172.98862184792,0.0,0.0,14,9777.075810185188,optimal,optimal,1139.2385713379401,1625.3432446535398,53.70408525339667,0.6554728666658158,14,7412.225142162758,optimal,optimal,-604.4442990830146,0.0,1588.188764492052,0.740533622654681,14,10654.911089626283,optimal,optimal,158.49513367117012,121.66835266967774,0.0,0.5,1257.6650288132735,1200.0000000519697,10738.41153240741,693.2894059260957,2.569074575907284e-07,1.2999873902870604e-06,53866.278029074005,0,41063.12923664899,0,1.0000245765695582e-07,optimal,optimal,optimal
2025-11-28,ANNUAL REFERENCE ONLY,0.95,0.5,1257.6650288132735,14,1257.6650288132735,optimal,optimal,19742.007926240934,0.0,0.0,14,8083.461452144505,optimal,optimal,694.0467840340181,1105.2474195137506,69.28825327069605,0.6224258006104395,14,6893.544546500884,optimal,optimal,-318.96361678079734,5.209969132561241,1263.9496074741014,0.7137057759730643,14,9670.25725925926,optimal,optimal,416.15807530631645,243.74472022762538,0.6416975341054467,0.5,1313.4426250163415,1200.0,10508.239160673875,791.2412425595371,263.490942173443,1237.2250765944577,21770.47424539493,13,33815.84749688184,0,1.000009579001926e-07,optimal,optimal,optimal
2025-11-29,ANNUAL REFERENCE ONLY,0.95,0.5,1313.4426250163415,14,1313.4426250163415,optimal,optimal,24830.35962394403,0.0,0.0,14,10262.986097962963,optimal,optimal,-1144.1327028467213,0.0,4385.387758883888,0.6261367661118301,14,7757.649900549536,optimal,optimal,-418.57795198517744,175.0971038927842,2749.1649063360246,0.7046256168568605,14,9941.618974834657,optimal,optimal,211.99069261721084,157.74288923118917,0.0,0.5,1200.0000000519697,1200.0000000519697,10794.531885,-1350.7199622146877,134.46479858232823,374.1419478781244,23853.781609607468,5,32838.76875486064,0,1.0000245765695582e-07,optimal,optimal,optimal
2025-11-30,ANNUAL REFERENCE ONLY,0.95,0.5,1200.0000000519697,14,1200.0000000519697,optimal,optimal,54826.123109033506,0.0,0.0,14,9208.528295462964,optimal,optimal,3185.0057657698258,2991.8874552906764,306.94281822170296,0.647150766950558,14,6932.320712597429,optimal,optimal,-406.4467009623922,0.0,1261.033043203971,0.6826902121732598,14,10686.50429984352,optimal,optimal,138.0355152672447,93.23446347416774,0.0,0.5,1240.0634106475713,1200.0000000519697,10800.0,2916.594580074678,2.356642619334392e-07,4.999997462509782e-07,57742.71768960818,0,41344.54701828195,0,1.0000803740695119e-07,optimal,optimal,optimal
2025-12-01,ANNUAL REFERENCE ONLY,0.95,0.5,1240.0634106475713,14,1240.0634106475713,optimal,optimal,57533.83850170023,0.0,0.0,14,8897.647848188162,optimal,optimal,252.97525497584792,437.10068522783865,292.8285449935569,0.6480937728237002,14,6346.758732371087,optimal,optimal,-657.1613051998725,0.0,1871.9081773730095,0.6837976880765383,14,10530.083045819614,optimal,optimal,409.23528849948633,232.92831209568246,0.0,0.5,1200.0000000519697,1200.0,10579.888768119059,5.049238275461789,4476.67111625788,16142.775014784784,73681.66275476047,51,41949.863813325705,0,1.0002258932217956e-07,optimal,optimal,optimal
2025-12-02,ANNUAL REFERENCE ONLY,0.95,0.5,1200.0000000519697,14,1200.0000000519697,optimal,optimal,60498.62250594425,0.0,0.0,14,7735.550911616595,optimal,optimal,3433.7488781117127,2863.8713505407404,867.3726423775096,0.6373469217235631,14,6402.874235780172,optimal,optimal,-148.88802488031146,1.5363501141861207,450.0943340197878,0.698151824277246,14,10580.761836508813,optimal,optimal,366.2201226651806,197.31434714206807,22.768149398314698,0.5,1243.0689450366513,1199.9999999999998,10698.203732670985,3651.0809758965815,1099.681265562518,4985.731846507344,69135.43532834818,23,40876.20031685365,0,1.000017846308765e-07,optimal,optimal,optimal
2025-12-03,ANNUAL REFERENCE ONLY,0.95,0.5,1243.0689450366513,14,1243.0689450366513,optimal,optimal,54065.6020147822,0.0,0.0,14,8901.40282904321,optimal,optimal,5744.407198345273,5661.270130271206,0.0,0.6011636494476029,14,6392.612011268281,optimal,optimal,2586.6597837870495,2590.890989185777,53.88005946250007,0.6828126305031081,14,10365.195733462962,optimal,optimal,630.6891474096367,347.2665648833322,0.0,0.5,1207.2991476208963,1200.0000000524478,10388.67646991294,8961.75612954196,747.9723539769375,2417.5304830372856,65444.88862736144,17,42081.80812882542,0,1.0000793690778663e-07,optimal,optimal,optimal
2025-12-04,ANNUAL REFERENCE ONLY,0.95,0.5,1207.2991476208963,14,1207.2991476208963,optimal,optimal,63737.26534898527,0.0,0.0,14,7711.2005906644445,optimal,optimal,2465.4976041326577,3476.2031358542763,6012.689861930936,0.6469914132980007,14,6425.715566773519,optimal,optimal,-634.2992025382636,0.0,1766.8809595513465,0.6829347665238384,14,10466.91630221831,optimal,optimal,568.4410210791311,299.77532800352157,10.974670892678466,0.5,1201.0030212083323,1200.0,10591.446890593303,2399.639422673525,2574.7610404676443,9982.626234723737,76119.53100638253,28,38997.6855240111,0,1.0000405836763093e-07,optimal,optimal,optimal
2025-12-05,ANNUAL REFERENCE ONLY,0.95,0.5,1201.0030212083323,14,1201.0030212083323,optimal,optimal,26711.84854441278,0.0,0.0,14,9581.564781851848,optimal,optimal,-508.1638423648153,46.38026957803385,2089.674980519588,0.7050248310853137,14,7493.210018885966,optimal,optimal,-291.7894500120849,205.96010120646727,2433.2080939842704,0.7083751452770298,14,9683.079287037035,optimal,optimal,625.6465841312502,350.7162923313762,8.20628421522567e-07,0.5,1210.0657231971486,1201.0030212083323,10261.299584703174,-174.30670824565004,384.3993711587108,1644.1448301817873,28181.686666348916,14,35237.70446641983,0,1.000046836452384e-07,optimal,optimal,optimal
2025-12-06,ANNUAL REFERENCE ONLY,0.95,0.5,1210.0657231971486,14,1210.0657231971486,optimal,optimal,28440.47767523818,0.0,0.0,14,9954.636234259257,optimal,optimal,-1185.4292117584162,0.0,4058.881618949212,0.7033072971369774,14,6783.873622055978,optimal,optimal,-365.2272334159285,68.11614700230226,1973.3810767244704,0.7163603649450242,14,9707.285639642021,optimal,optimal,639.0253543428418,361.980879987878,34.154021812984894,0.5,1323.2546113633177,1210.0657231971486,10584.391539814813,-911.631090831503,464.95603912208577,1969.1197652066342,29497.96634961331,11,34751.051440032126,0,1.000043994281441e-07,optimal,optimal,optimal
2025-12-07,ANNUAL REFERENCE ONLY,0.95,0.5,1323.2546113633177,14,1323.2546113633177,optimal,optimal,65520.893226142216,0.0,0.0,14,6656.795534194383,optimal,optimal,1498.5113386480373,2728.76862698712,6116.697452356017,0.66595392826543,14,7384.705687158235,optimal,optimal,-301.68910521017165,18.636432035672783,1018.3601430026046,0.7134224198127438,14,10551.340627160953,optimal,optimal,423.976248554117,223.79343555514316,0.0,0.5,1200.00000005197,1200.00000005197,10650.461595568775,1620.7984819919825,1451.1787680234152,3708.1919209077837,70849.88362904199,17,40009.208259430205,0,1.0001531336456537e-07,optimal,optimal,optimal
2025-12-08,ANNUAL REFERENCE ONLY,0.95,0.5,1200.00000005197,14,1200.00000005197,optimal,optimal,67862.4081339376,0.0,0.0,14,7086.793584904259,optimal,optimal,2636.4092907183203,2469.9318543144104,1556.8138066202378,0.6748298045951765,14,7405.805968321611,optimal,optimal,-707.4411514366155,0.040743934529473336,2166.1350571949056,0.7129415335056082,14,10550.98442553543,optimal,optimal,413.07440184167365,224.11401701811712,0.0,0.5,1252.1283548406004,1200.00000005197,10725.892772423995,2342.042541123378,280.5008015464389,654.2815817516403,70858.73225681261,5,37700.538474926,0,1.000444171950221e-07,optimal,optimal,optimal
2025-12-09,ANNUAL REFERENCE ONLY,0.95,0.5,1252.1283548406004,14,1252.1283548406004,optimal,optimal,67175.33337824879,0.0,0.0,14,7066.9946442252485,optimal,optimal,1947.6170200879717,2605.1510580830663,4191.946323843199,0.6535076837597821,14,6792.656335331014,optimal,optimal,71.31242207260138,327.96632151261895,868.5905007589351,0.7266800834160356,14,10488.695009324925,optimal,optimal,522.0060869531551,280.17449160756746,-1.1368683772161603e-13,0.5,1245.6753097410208,1200.0,10563.810448595606,2540.935529113728,534.4307607418477,1205.7872654370753,70922.0561727996,6,39226.56732270563,0,1.000040974474814e-07,optimal,optimal,optimal
2025-12-10,ANNUAL REFERENCE ONLY,0.95,0.5,1245.6753097410208,14,1245.6753097410208,optimal,optimal,64112.360895029415,0.0,0.0,14,6777.246952805491,optimal,optimal,4736.796725863619,3904.424256978149,1207.4632731632291,0.6664523456234175,14,6874.854554606917,optimal,optimal,-331.40146356997207,0.0,1054.7819207966043,0.7000657071234228,14,10549.721260817525,optimal,optimal,414.90954140540197,225.25086526422712,0.0,0.5,1219.7922553718095,1200.0000000523119,10549.721260817525,4820.3048036990485,861.2887071351818,1894.419803219403,70827.08550194786,8,37976.93337257822,0,1.000444171950221e-07,optimal,optimal,optimal
2025-12-11,ANNUAL REFERENCE ONLY,0.95,0.5,1219.7922553718095,14,1219.7922553718095,optimal,optimal,66584.37070204827,0.0,0.0,14,9344.864696882714,optimal,optimal,-675.713292879577,669.8383951474842,4610.064412300613,0.6359059092224846,14,8050.235119774404,optimal,optimal,-663.9675276312491,10.395655141569023,2300.2376068237686,0.7090983830792559,14,10549.721260817529,optimal,optimal,414.90954140539304,225.25086526422436,1.1368683772161603e-13,0.5,1222.211963257088,1200.0000000529353,10799.999999999998,-924.7712791054331,61.09818271480978,128.24508586647934,65787.84450880931,1,39438.66089997365,0,1.0000395650422434e-07,optimal,optimal,optimal
2025-12-12,ANNUAL REFERENCE ONLY,0.95,0.5,1222.211963257088,14,1222.211963257088,optimal,optimal,29596.769667709865,0.0,0.0,14,10134.569044166667,optimal,optimal,-586.2650361077987,16.099735830092413,2040.0472628845441,0.5997985749225176,14,8088.811027915386,optimal,optimal,-123.33256543486353,298.30371341412746,2107.854872381629,0.6801044106827698,14,9937.039738145724,optimal,optimal,476.67394255992366,272.9900073891944,1.1368683772161603e-13,0.5,1304.114347901899,1202.5459230108222,10729.2023775,-232.92365898273857,273.02907716173746,1147.8931420667832,30511.73915079391,9,33232.42533558787,0,1.0000712245528121e-07,optimal,optimal,optimal
2025-12-13,ANNUAL REFERENCE ONLY,0.95,0.5,1304.114347901899,14,1304.114347901899,optimal,optimal,30452.230375213952,0.0,0.0,14,9697.315416018519,optimal,optimal,-473.66282141211263,307.7436402905836,2709.5274192932275,0.5924307501719098,14,7785.992303874135,optimal,optimal,-352.4364810173036,36.96022483103462,1592.1007095291095,0.6719426003764143,14,9825.729421453765,optimal,optimal,558.9020337976318,317.8399196649659,8.206390620746506e-07,0.5,1298.8653644575238,1283.773533464812,10365.646897500003,-267.19726863178437,115.633285353249,472.69654387930126,30657.729650461468,5,32503.502138216565,0,1.0000712245528121e-07,optimal,optimal,optimal
2025-12-14,ANNUAL REFERENCE ONLY,0.95,0.5,1298.8653644575238,14,1298.8653644575238,optimal,optimal,63549.38475108687,0.0,0.0,14,8845.668906820985,optimal,optimal,1853.5656152189324,1702.8817148654323,983.9290391856907,0.6050975231865059,14,6919.874959299742,optimal,optimal,460.0086477733342,661.5258685659206,512.0159011858954,0.6781637259127381,14,10587.334873747152,optimal,optimal,360.2640717817471,191.39861362756284,1.1368683772161603e-13,0.5,1200.0000000519697,1200.0000000519697,10741.600731641822,2673.8383347740137,45.61201751800755,256.9644309499666,66480.18751681085,2,40813.34107516881,0,1.0000053407566156e-07,optimal,optimal,optimal
2025-12-15,ANNUAL REFERENCE ONLY,0.95,0.5,1200.0000000519697,14,1200.0000000519697,optimal,optimal,65777.12141015622,0.0,0.0,14,8742.170498718218,optimal,optimal,2828.154903532296,2317.7905041491517,487.58654919251336,0.6068051861111756,14,7938.100556733877,optimal,optimal,-463.10712702586255,0.14656452216127036,1459.754774882796,0.6642991777460127,14,10555.093928284188,optimal,optimal,416.3289802803927,220.4154645442283,0.0,0.5,1220.4455402751773,1200.0000000519697,10800.0,2781.3767567868263,5.593213404072899,11.801680282968388,68570.29984722601,1,39460.42695420017,0,1.0001531336456537e-07,optimal,optimal,optimal
2025-12-16,ANNUAL REFERENCE ONLY,0.95,0.5,1220.4455402751773,14,1220.4455402751773,optimal,optimal,70116.97241771029,0.0,0.0,14,8696.310275283917,optimal,optimal,554.9821050822346,1343.3432285257334,3485.3234467452885,0.6599077346479698,14,8050.235119774408,optimal,optimal,-606.5517007763565,0.0,1919.2531217329388,0.6049856786354371,14,10547.917983780493,optimal,optimal,418.0453229597847,226.87381459755426,1.1368683772161603e-13,0.5,1200.0000000519697,1200.0000000519697,10793.33293079257,366.47572726566284,18.32657195046321,39.18221137573492,70522.63035635168,1,37854.721275720236,0,1.0001108967117034e-07,optimal,optimal,optimal
2025-12-17,ANNUAL REFERENCE ONLY,0.95,0.5,1200.0000000519697,14,1200.0000000519697,optimal,optimal,69587.92165140682,0.0,0.0,14,8575.72730778273,optimal,optimal,-301.7369954006583,833.9849887513474,4400.699736729137,0.6447440358894859,14,8150.659818607724,optimal,optimal,-529.6305847136981,51.14797176989225,2002.1491676368682,0.6016560314471937,14,10603.959460076856,optimal,optimal,333.5315924825038,176.43648593082884,0.0,0.5,1224.1135323135645,1200.0000000519697,10773.281867334208,-497.8359876318526,2.0957128594722646e-07,1.2000034536436943e-06,69090.08566497498,0,37946.4128270459,0,1.0000395650422434e-07,optimal,optimal,optimal
2025-12-18,ANNUAL REFERENCE ONLY,0.95,0.5,1224.1135323135645,14,1224.1135323135645,optimal,optimal,64386.95301153623,0.0,0.0,14,8526.579667474365,optimal,optimal,2722.339769966855,2745.0314640648817,100.12086752624043,0.64919780053371,14,8166.93207548086,optimal,optimal,-301.69886235171066,0.0,1008.9627828336081,0.5752075999806714,14,10576.365447434322,optimal,optimal,368.62749607683435,196.51526397577703,0.0,0.5,1232.879435462274,1216.6834815526968,10800.0,2789.268403691978,3.5153454511372296e-07,1.5000044993987102e-06,67176.22141672822,0,36845.71082829553,0,1.0000245765695582e-07,optimal,optimal,optimal
2025-12-19,ANNUAL REFERENCE ONLY,0.95,0.5,1232.879435462274,14,1232.879435462274,optimal,optimal,27727.5472352149,0.0,0.0,14,10164.65294064815,optimal,optimal,786.9397397685308,1088.1123621550225,0.9166189216987846,0.6377550056766438,14,7619.921369964184,optimal,optimal,-370.53635479122465,12.111672896671337,1448.4318472780622,0.5658187992682979,14,9849.875877870369,optimal,optimal,508.65523511824284,282.94354598527804,0.0,0.5,1332.6781858399906,1212.2966566260272,10785.0047925,925.058620095549,66.28711608816647,303.01738814878826,28955.62324345924,3,32358.900958991817,0,1.0000712245528121e-07,optimal,optimal,optimal
2025-12-20,ANNUAL REFERENCE ONLY,0.95,0.5,1332.6781858399906,14,1332.6781858399906,optimal,optimal,29409.852921467413,0.0,0.0,14,10256.435185185182,optimal,optimal,-664.7462849642513,0.0,1899.431213433943,0.6727523463040284,14,7316.582673620366,optimal,optimal,-317.5049429883046,24.46794166666666,1218.9400004864183,0.5324825227496145,14,9871.127379721598,optimal,optimal,507.05940342497547,339.61235825056116,0.0,0.5,1293.6239509180875,1293.6239509180875,10800.0,-475.1918245275805,220.61191943486295,929.8338907810308,29864.494987720864,9,33668.95913054145,0,1.0000712245528121e-07,optimal,optimal,optimal
2025-12-21,ANNUAL REFERENCE ONLY,0.95,0.5,1293.6239509180875,14,1293.6239509180875,optimal,optimal,65181.217777288395,0.0,0.0,14,10322.221709259256,optimal,optimal,-429.9460071821094,163.50181173559642,1770.7403938840805,0.6735423800968104,14,8816.785612273496,optimal,optimal,-322.27199243494465,140.93337664077876,1858.2759707530954,0.5161612824884895,14,10502.625914464434,optimal,optimal,398.6900079113431,211.6443666964769,0.0,0.5,1256.1433425437583,1246.4338521077775,10800.0,-353.5279917057109,1.7027270200464456e-07,4.99996661599289e-07,64827.68978608268,0,39657.62105773793,0,1.0000036945712054e-07,optimal,optimal,optimal
2025-12-22,ANNUAL REFERENCE ONLY,0.95,0.5,1256.1433425437583,14,1256.1433425437583,optimal,optimal,63579.161069073176,0.0,0.0,14,10000.44132444646,optimal,optimal,-271.67026099226575,130.77177379799832,1301.8093866089957,0.6370181998310713,14,8340.469714847757,optimal,optimal,-426.34009317391684,31.886475086081212,1739.5949681594948,0.5162576220476149,14,10681.596642229631,optimal,optimal,122.64631810628924,106.56302199333103,0.0,0.5,1200.00000005197,1200.0,10729.072378558025,-575.3640360598934,149.98661934800208,725.4551947049237,63729.25222771821,7,42424.30437906764,0,1.00000761449337e-07,optimal,optimal,optimal
2025-12-23,ANNUAL REFERENCE ONLY,0.95,0.5,1200.00000005197,14,1200.00000005197,optimal,optimal,65389.87062008693,0.0,0.0,14,10335.533984157095,optimal,optimal,-1147.4836239695005,0.0,3334.394628119076,0.5966270834504038,14,8353.023669551436,optimal,optimal,-594.4995166375309,0.0,2140.956041180173,0.5658864161025032,14,10591.811416735281,optimal,optimal,250.84430074322074,151.6647249382467,-1.1368683772161603e-13,0.5,1200.0000000519697,1200.0000000519697,10776.851052888362,-1491.1388398638105,50.99659389884602,107.94868015262662,64006.68046037575,5,42120.249290173524,0,1.0000803740695119e-07,optimal,optimal,optimal
2025-12-24,ANNUAL REFERENCE ONLY,0.95,0.5,1200.0000000519697,14,1200.0000000519697,optimal,optimal,64643.2330288949,0.0,0.0,14,8577.06404574074,optimal,optimal,1485.9009353175638,1560.6245925391465,1541.6623454394376,0.5970461351492158,14,8375.51402831881,optimal,optimal,-774.7855101475734,0.0,2579.9281153031816,0.5788801508142505,14,10565.76132342562,optimal,optimal,273.1669307679432,159.75569141095184,-1.1368683772161603e-13,0.5,1211.6575814430728,1200.0000000519697,10761.76696405565,984.2823559379336,144.54883253126798,843.2793082291294,66470.79469306197,3,40533.98895933629,0,1.0002258932217956e-07,optimal,optimal,optimal
2025-12-25,ANNUAL REFERENCE ONLY,0.95,0.5,1211.6575814430728,14,1211.6575814430728,optimal,optimal,61617.03735186646,0.0,0.0,14,8636.918565833332,optimal,optimal,1712.2462818744818,1711.715843478695,1415.879873065171,0.5742701733120054,14,7462.9339915697365,optimal,optimal,217.9369145674129,297.7196985244989,406.74551255871614,0.5564793848446332,14,10556.819369729626,optimal,optimal,309.85176282239553,183.15756724333744,76.61801175399913,0.5,1214.5403670367184,1200.0,10697.54923616985,2240.03495926429,116.79138520259541,272.06357707766654,64129.13588820841,4,41622.52959031466,0,1.00000761449337e-07,optimal,optimal,optimal
2025-12-26,ANNUAL REFERENCE ONLY,0.95,0.5,1214.5403670367184,14,1214.5403670367184,optimal,optimal,27417.096213822748,0.0,0.0,14,10219.283333333333,optimal,optimal,-364.9305767731319,160.54292600623978,2019.0338676530987,0.5819003276456636,14,7960.035512042114,optimal,optimal,-441.51505555221667,31.417799459127387,1851.2474191839315,0.6129184612127577,14,9933.318166633653,optimal,optimal,341.37947773409104,215.41576309555802,75.96539662895592,0.5,1222.4279820109082,1214.5403670367184,10800.0,-465.06615459125754,329.416844752093,1149.784778836416,28101.814838067905,9,36205.81796791313,0,1.000043994281441e-07,optimal,optimal,optimal
2025-12-27,ANNUAL REFERENCE ONLY,0.95,0.5,1222.4279820109082,14,1222.4279820109082,optimal,optimal,28316.398710856403,0.0,0.0,14,10096.426503981484,optimal,optimal,-515.4052032449297,88.198768847113,2218.267712707104,0.5667241990353776,14,7876.404254061839,optimal,optimal,-378.2235564225637,35.661125721229105,1618.0594327426156,0.6464055111115669,14,9781.036666666667,optimal,optimal,509.6958705410381,298.9130630658427,16.72821339061489,0.5,1273.6133559151763,1222.4279820109082,10667.752429907408,-383.9328891264552,96.41031685058161,490.44973685068106,28422.91555858063,6,35314.80298309123,0,1.0001167538575828e-07,optimal,optimal,optimal
2025-12-28,ANNUAL REFERENCE ONLY,0.95,0.5,1273.6133559151763,14,1273.6133559151763,optimal,optimal,63979.062828821865,0.0,0.0,14,8635.17194830247,optimal,optimal,1509.5635262377907,1793.0262236441513,2295.215329207588,0.581553872172904,14,8190.90853972137,optimal,optimal,-691.32023163372,39.73856974032651,2299.8993479806923,0.6439108888432244,14,10509.289919259258,optimal,optimal,404.69243515118717,225.9340726666702,20.439987230855237,0.5,1237.7301722707068,1237.7301722707068,10776.357452485683,1222.9357297552579,201.85770190798814,519.8133811140918,65721.81193969121,5,39606.42235795337,0,1.0000245765695582e-07,optimal,optimal,optimal
2025-12-29,ANNUAL REFERENCE ONLY,0.95,0.5,1237.7301722707068,14,1237.7301722707068,optimal,optimal,60924.83425689792,0.0,0.0,14,10142.544905740744,optimal,optimal,987.9537387453887,963.2319264362625,308.40635805207603,0.6005516501070849,14,6834.444069550646,optimal,optimal,-235.7650802981815,61.212950036440745,838.3635192814893,0.6641562355769401,14,10562.584658008276,optimal,optimal,189.88086992876487,146.48797445921733,0.0,0.5,1204.9279261034421,1204.9279261034421,10800.0,942.0695283759721,2.919377080419602e-07,1.1000011912940863e-06,61866.90378637389,0,44466.26228507495,0,1.0000793690778663e-07,optimal,optimal,optimal
2025-12-30,ANNUAL REFERENCE ONLY,0.95,0.5,1204.9279261034421,14,1204.9279261034421,optimal,optimal,61082.21201217726,0.0,0.0,14,10016.639634845682,optimal,optimal,1675.1153384397035,1465.0663944615435,724.6687201793119,0.6007256872824439,14,6465.458682899031,optimal,optimal,-722.5818361121355,3.1056010288067455,2026.587604826604,0.6126122709541754,14,10616.798563771692,optimal,optimal,184.32132545488565,160.22485824333637,0.0,0.5,1246.1268593982165,1200.0,10757.913954277155,1136.8548277824536,224.38626867884628,1056.2101617408957,63275.27700170061,5,42207.65081088827,0,1.0000230759033003e-07,optimal,optimal,optimal
2025-12-31,ANNUAL REFERENCE ONLY,0.95,0.5,1246.1268593982165,14,1246.1268593982165,optimal,optimal,62240.999010918036,0.0,0.0,14,10117.958147592599,optimal,optimal,648.9161736876129,679.3453297634037,892.159812490899,0.5666711450276865,14,6730.681349964624,optimal,optimal,-198.62878434809758,27.680108363638055,722.9101808918092,0.6313463178122489,14,10616.798563618608,optimal,optimal,171.55403355485322,140.31950743989918,0.0,0.5,1200.0000000519697,1200.0000000519697,10756.013962449946,621.8414228943684,61.433220538754284,129.29107816229072,62992.131511974694,3,43717.2665692853,0,1.0000144357036334e-07,optimal,optimal,optimal
