date,run_label,alpha,lambda,soc_start_kwh,scenario_count_00,soc_00_kwh,plan_primary_status_00,plan_secondary_status_00,plan_cost_00_yuan,increase_00_kwh,decrease_00_kwh,scenario_count_06,soc_06_kwh,plan_primary_status_06,plan_secondary_status_06,adjustment_cost_06_yuan,increase_06_kwh,decrease_06_kwh,rho_06,scenario_count_12,soc_12_kwh,plan_primary_status_12,plan_secondary_status_12,adjustment_cost_12_yuan,increase_12_kwh,decrease_12_kwh,rho_12,scenario_count_18,soc_18_kwh,plan_primary_status_18,plan_secondary_status_18,adjustment_cost_18_yuan,increase_18_kwh,decrease_18_kwh,rho_18,soc_end_kwh,soc_min_kwh,soc_max_kwh,adjustment_cost_total_yuan,actual_emergency_purchase_kwh,actual_emergency_cost_yuan,total_actual_cost_yuan,emergency_slot_count,actual_throughput_kwh,simultaneous_slots,max_constraint_violation,actual_primary_status,actual_secondary_status,actual_tertiary_status,predicted_plan_cost_00_yuan,predicted_adjustment_cost_06_yuan,predicted_adjustment_cost_12_yuan,predicted_adjustment_cost_18_yuan
2025-02-01,Q4-3 SEARCH,0.8,0.5,6000.0,2,6000.0,optimal,optimal,17704.99813457663,0.0,0.0,2,9412.028295154325,optimal,optimal,-835.8328280117912,0.0,3016.2460072980684,0.6203361283146992,2,6894.116867746915,optimal,optimal,-63.70172974716036,2.685043227756978e-07,193.76778693317812,0.5219275667876406,2,10197.944476851852,optimal,optimal,-26.66209790811439,0.0,62.75649917106425,0.5,1200.0000001,1200.0000001,10800.0,-926.1966556670659,1.0520875733979311e-07,2e-07,16778.801479109563,0,33067.368391786935,0,1.000001930151484e-07,optimal,optimal,optimal,18731.396471957138,-814.2297012583119,-60.6359802309588,-23.401662907508435
2025-02-02,Q4-3 SEARCH,0.8,0.5,1200.0000001,3,1200.0000001,optimal,optimal,64060.00456670094,0.0,0.0,3,10800.0,optimal,optimal,-1488.9033273389214,9.157730099887885,3722.5193211853475,0.630420805544078,3,7521.59145235318,optimal,optimal,-383.05821249248305,20.076424518136292,1032.6462124800057,0.5328440473078151,3,10800.0,optimal,optimal,-4.779311254985292e-07,2.1649047994287684e-07,1.1651609152254434e-06,0.5,1200.0000000999999,1200.0000000999999,10800.0,-1871.9615403093355,14.533405615991875,34.2028571221853,62222.24588351379,3,42170.61486876501,0,1.0002986527979374e-07,optimal,optimal,optimal,67597.33438475637,-1538.0791806543862,-382.83466074991253,-4.4221538422104075e-07
2025-02-03,Q4-3 SEARCH,0.8,0.5,1200.0000000999999,4,1200.0000000999999,optimal,optimal,66972.86227921116,0.0,0.0,4,10794.161419753087,optimal,optimal,-1993.051487424154,0.0,4652.188913573818,0.6081206271476367,4,7630.736388465353,optimal,optimal,-619.765449022276,0.0,1490.9125915648178,0.5188848576958215,4,10786.822222222223,optimal,optimal,23.11825388036104,11.859999999998081,1.0231815394945443e-12,0.5,1283.9915780940125,1200.0000000999999,10800.0,-2589.6986825660692,168.16601619708217,805.4645644066369,65188.628161051725,7,41082.58804222573,0,1.000075826596003e-07,optimal,optimal,optimal,68977.70785854544,-2004.309118680919,-612.1668249230213,21.39402150733728
2025-02-04,Q4-3 SEARCH,0.8,0.5,1283.9915780940125,5,1283.9915780940125,optimal,optimal,69114.38781601965,0.0,0.0,5,10800.0,optimal,optimal,-1596.604114333954,159.7802744378373,4296.463035780331,0.604213286359979,5,7944.716762260735,optimal,optimal,-1007.5933282785575,0.0,2526.5208754180107,0.5361436228440177,5,10792.654320987655,optimal,optimal,12.824233278065497,6.61111111110934,2.2737367544323206e-13,0.5,1200.0000001,1200.0000001,10800.0,-2591.373209334446,29.371520544730082,147.5463018748714,66670.56090856007,3,42726.23183723173,0,1.00000761449337e-07,optimal,optimal,optimal,70643.73772415875,-1626.7211588180512,-1026.7057890049848,12.366274995306558
2025-02-05,Q4-3 SEARCH,0.8,0.5,1200.0000001,6,1200.0000001,optimal,optimal,64893.08038348712,0.0,0.0,6,10800.0,optimal,optimal,-315.15503382453295,335.37775993911004,1957.0098108799664,0.6073189178332172,6,7073.663197573372,optimal,optimal,-479.19634854773074,0.0,1103.2700994747092,0.5500793609993078,6,10800.0,optimal,optimal,1.0457844528898814e-07,2.1197303930075874e-07,2.616952142165413e-07,0.5,1200.0000000999999,1200.0000000999999,10800.0,-794.3513822676853,151.68095828633102,387.3729262033107,64486.101927422744,7,43162.96854803475,0,1.0001531336456537e-07,optimal,optimal,optimal,66107.53444789513,-311.75227417405483,-481.38771878331374,1.000036379788071e-07
2025-02-06,Q4-3 SEARCH,0.8,0.5,1200.0000000999999,7,1200.0000000999999,optimal,optimal,69900.42837507353,0.0,0.0,7,10797.222530864197,optimal,optimal,-2264.1367245537695,0.0,5075.792795736732,0.6235349872124988,7,7774.480444385562,optimal,optimal,-1335.7115186127266,0.0,3170.532126037208,0.5707119684648804,7,10796.047530864198,optimal,optimal,7.064109827773369,3.55722244774613,2.7842661968682064e-07,0.5,1200.0000001,1200.0000000999999,10800.0,-3592.7841333387228,69.54772372669801,150.8644240187001,66458.50866575351,5,43310.10671132964,0,1.0000121619668789e-07,optimal,optimal,optimal,72123.62018843419,-2202.4073463528484,-1304.6293071810223,6.503323485444673
2025-02-07,Q4-3 SEARCH,0.8,0.5,1200.0000001,8,1200.0000001,optimal,optimal,19303.121975249713,0.0,0.0,8,9683.11007407407,optimal,optimal,-726.0279800411904,0.0,3048.0871186580825,0.6423505795163891,8,7505.256504074071,optimal,optimal,-328.83630050562454,0.0,1424.6243272057854,0.6644873138638798,8,10290.618518518519,optimal,optimal,13.608128725742883,10.70833364577252,3.8572794748077205e-07,0.5,1200.0,1200.0,10800.0,-1041.2561518210719,92.70863841883978,251.41563167791614,18513.281455106557,3,39116.99555989631,0,1.0000053407566156e-07,optimal,optimal,optimal,20499.615480342673,-734.5836814427228,-346.3225985769867,12.642775989879885
2025-02-08,Q4-3 SEARCH,0.8,0.5,1200.0,9,1200.0,optimal,optimal,15715.003714839066,0.0,0.0,9,8246.95644607821,optimal,optimal,-90.39661732880835,7.326614365056514,294.7451219331542,0.6251944679866634,9,7408.129102744877,optimal,optimal,-18.69059436092276,0.9439153216314935,56.568026931305425,0.7212701175370082,9,9922.138074196726,optimal,optimal,53.87894103279475,60.73194290131602,32.610649437641285,0.5,1200.0000000999994,1200.0,10800.0,-55.20827065693636,278.4751156311868,893.6173325491325,16553.41277673126,9,36219.234743168854,0,1.0000417205446865e-07,optimal,optimal,optimal,16048.0995936828,-86.56663942521507,-17.935064507925606,56.08821052300138
2025-02-09,Q4-3 SEARCH,0.8,0.5,1200.0000000999994,10,1200.0000000999994,optimal,optimal,64125.82473182659,0.0,0.0,10,10793.536111111112,optimal,optimal,-916.1972410674318,0.0,1810.2997390067546,0.6518986649382474,10,8090.7704667304915,optimal,optimal,-868.4197366266593,0.0,2165.964989264614,0.7139956059165149,10,10777.467592592593,optimal,optimal,6.37427520374355,9.570833333333299,20.381313002053567,0.5,1200.0000001,1200.0000000999994,10800.000000000002,-1778.2427024903475,200.87551321119213,332.23007516015934,62679.81210449641,2,42957.021399182806,0,1.0001531336456537e-07,optimal,optimal,optimal,65362.63289217498,-926.8126691482183,-842.9270360628879,6.4549784624352
2025-02-10,Q4-3 SEARCH,0.8,0.5,1200.0000001,11,1200.0000001,optimal,optimal,59136.75472964262,0.0,0.0,11,10741.27487037037,optimal,optimal,-2567.0136917751865,2.118680114839208,6124.433918115503,0.632296215923355,11,7611.218320635129,optimal,optimal,338.2559344516029,456.93765257419125,808.2677726642528,0.7122470447481396,11,9998.13888888889,optimal,optimal,-12.601780479611124,1.4000001513143159,22.333328997431266,0.5,1205.9361873396824,1200.0000001,10800.0,-2241.3595378031946,203.32081769299785,576.7327383828849,57472.127930222305,4,39763.71766652275,0,1.0000803740695119e-07,optimal,optimal,optimal,60445.921488871376,-2707.472299637114,324.4526789842488,-12.497388035838272
2025-02-11,Q4-3 SEARCH,0.8,0.5,1205.9361873396824,12,1205.9361873396824,optimal,optimal,60371.995609802776,0.0,0.0,12,10776.236749999998,optimal,optimal,-1913.2690279736028,0.2593259813581881,4499.635018750149,0.6087291375097827,12,6621.154715407464,optimal,optimal,-773.7572709546505,0.0,1863.1161007373296,0.7061748899852236,12,10800.0,optimal,optimal,-6.15973335774806,0.0,9.957537341859467,0.5,1257.4330279593562,1200.0,10800.0,-2693.186032286001,656.869549671412,2403.6024847267404,60082.412062243515,17,42173.75195911058,0,1.0000826478062663e-07,optimal,optimal,optimal,61400.203530873354,-2044.913291005462,-797.5352029157667,-6.173122970635483
2025-02-12,Q4-3 SEARCH,0.8,0.5,1257.4330279593562,13,1257.4330279593562,optimal,optimal,59839.694842078716,0.0,0.0,13,10800.0,optimal,optimal,-2191.0262551836104,0.0,5152.120984247318,0.6160564084196161,13,7339.7209621020775,optimal,optimal,-625.5932652306308,0.0,1475.9578708965475,0.7216505498964687,13,10488.71875113976,optimal,optimal,356.483930800566,235.28492706701428,18.668833869932996,0.5,1200.0000000999999,1200.0,10800.0,-2460.1355896136756,519.158167616623,1900.1944510386318,59279.75370350367,22,45611.28550768361,0,1.0000167094403878e-07,optimal,optimal,optimal,61152.863956676425,-2239.0846637268633,-609.8097714794138,339.16027114639024
2025-02-13,Q4-3 SEARCH,0.8,0.5,1200.0000000999999,14,1200.0000000999999,optimal,optimal,55470.02438012807,0.0,0.0,14,9805.440168834019,optimal,optimal,-1697.3445786592326,31.4157768640149,4455.936652039736,0.6239763911438716,14,7394.767716242666,optimal,optimal,204.32412389216844,264.46058871185284,498.3623809849689,0.7152704096105844,14,10020.962962962964,optimal,optimal,-10.694211456063705,0.0,16.675833333334555,0.5,1200.0000000999996,1200.0000000999996,10800.0,-1503.7146662231278,151.02550818948026,359.6942625794094,54326.00397648435,5,41567.30536472654,0,1.000444171950221e-07,optimal,optimal,optimal,56726.397918695904,-1881.0355579971015,208.5400983059332,-9.880996302105665
2025-02-14,Q4-3 SEARCH,0.8,0.5,1200.0000000999996,14,1200.0000000999996,optimal,optimal,15509.30820451941,0.0,0.0,14,8007.293059027779,optimal,optimal,-49.59578698212689,35.60184926616695,567.1732815670434,0.6139351606603018,14,6708.413155079717,optimal,optimal,131.99725453643418,137.90863787930823,0.0,0.6610797178699424,14,9977.200184330904,optimal,optimal,146.25404194455334,133.00121643538898,0.0,0.5,1200.0000000697278,1200.0000000697278,10800.0,228.65550949886062,199.2076750367576,299.48810919345647,16037.451823211726,10,38753.35604981995,0,1.0000087513617473e-07,optimal,optimal,optimal,15307.847602528305,-43.55429109038943,140.8440816577238,145.54679065501242
2025-02-15,Q4-3 SEARCH,0.8,0.5,1200.0000000697278,14,1200.0000000697278,optimal,optimal,15802.220806692005,0.0,0.0,14,6482.319765648148,optimal,optimal,-457.3653286534326,0.0,1895.7071929440187,0.6534422560226923,14,6536.327893325104,optimal,optimal,5.798702157164826e-07,6.098440508139902e-07,0.0,0.5906384331605111,14,10103.51452050969,optimal,optimal,157.37464895226015,128.29287562461093,0.0,0.5,1200.0000000999999,1200.0,10800.0,-299.9906791213022,1171.638633233153,2627.097476674193,18129.327604244896,20,35525.27026769554,0,1.0000042038882384e-07,optimal,optimal,optimal,15033.262262463577,-452.6689692961253,6.000204524005739e-07,152.82588426738917
2025-02-16,Q4-3 SEARCH,0.8,0.5,1200.0000000999999,14,1200.0000000999999,optimal,optimal,59295.75944985569,0.0,0.0,14,9942.212424722224,optimal,optimal,-2009.796655696322,0.0,4606.876724351569,0.6479058734291734,14,6114.431968467053,optimal,optimal,-158.23368716988037,0.0,343.7816944300793,0.5846020608283324,14,10476.666849713227,optimal,optimal,289.7029446406084,260.6830706053553,0.0,0.5,1200.00000005144,1200.00000005144,10795.667272737954,-1878.327398225594,171.86104166480953,411.94655929011,57829.378610920205,4,41793.31222711924,0,1.0000803740695119e-07,optimal,optimal,optimal,59735.0818082921,-2045.5484122211803,-157.59500190508228,288.05945256385087
2025-02-17,Q4-3 SEARCH,0.8,0.5,1200.00000005144,14,1200.00000005144,optimal,optimal,58751.13108884923,0.0,0.0,14,10158.254457556051,optimal,optimal,-2069.0822964359722,137.19185306846992,5486.529611362508,0.6703462412443004,14,8076.843591363528,optimal,optimal,-995.2531737359046,22.109513374574135,2843.452733312106,0.5739117568211114,14,10395.285549741775,optimal,optimal,62.736426579391384,67.1186340949141,0.0,0.5,1200.0000000999999,1200.0,10468.377847364412,-3001.5990435924855,78.75939916787057,188.31197237429748,55937.84401763105,5,38780.55453664704,0,1.0000027828027669e-07,optimal,optimal,optimal,57917.78335265802,-2129.54629079422,-999.5739105692418,61.31670454923798
2025-02-18,Q4-3 SEARCH,0.8,0.5,1200.0000000999999,14,1200.0000000999999,optimal,optimal,51041.23410866548,0.0,0.0,14,9947.264111111113,optimal,optimal,-15.808046454647483,3.1204346387196438,68.85946342492389,0.7300710487666738,14,7575.4225827371865,optimal,optimal,-37.0497109818593,8.076480526142404e-06,71.20639582486149,0.5798435495271779,14,9180.861994907036,optimal,optimal,1013.8318387693671,693.1252762670288,0.0,0.5,1295.0388361780745,1200.0000000999999,10134.410029513094,960.9740813328604,473.1199692644659,2129.6372607128455,54131.84545071118,11,36153.7773662186,0,1.0000121619668789e-07,optimal,optimal,optimal,51569.08831475054,-13.911493192741725,-34.88866530661717,982.2517521170814
2025-02-19,Q4-3 SEARCH,0.8,0.5,1295.0388361780745,14,1295.0388361780745,optimal,optimal,51778.14257647901,0.0,0.0,14,9341.610256737762,optimal,optimal,-169.9739057717949,171.42744872957007,1152.7902024823816,0.7097006428897662,14,5769.225388771329,optimal,optimal,1729.622460143919,1607.3217696198292,39.73028434129151,0.5568894837691477,14,9505.804567188208,optimal,optimal,126.69399966319394,175.0230529188915,0.0,0.5,1200.0000000505995,1200.0,10479.32709212614,1686.3425540353178,360.78274602732347,1046.5062595417155,54510.99139005605,14,39705.291126546086,0,1.0000400152421207e-07,optimal,optimal,optimal,51670.492155366825,-194.3697761692573,1753.9711309090762,126.86443993679448
2025-02-20,Q4-3 SEARCH,0.8,0.5,1200.0000000505995,14,1200.0000000505995,optimal,optimal,54598.610926763366,0.0,0.0,14,10514.421633470374,optimal,optimal,497.92242179656535,1034.2560108126777,1931.8897831278468,0.6941123663921002,14,6743.136553515921,optimal,optimal,-324.01771115513236,8.83510721433322,946.4803949972486,0.5773763433242316,14,10649.186194704935,optimal,optimal,3.8676721153931753e-07,6.493195862323806e-07,0.0,0.5,1200.0000001,1200.0000000505995,10799.999999999998,173.90471102820018,36.14763358793275,75.27458948863674,54847.7902272802,2,40822.23219163373,0,1.00000761449337e-07,optimal,optimal,optimal,53321.06166083798,510.10293890206145,-321.97372907143364,4.622796503372939e-07
2025-02-21,Q4-3 SEARCH,0.8,0.5,1200.0000001,14,1200.0000001,optimal,optimal,14906.529402458824,0.0,0.0,14,6922.227298717621,optimal,optimal,16.702135474993575,29.442679657421195,38.8780628493958,0.6807243089816691,14,8079.730526865769,optimal,optimal,51.71371631803946,49.225441471280476,15.685423738713443,0.6081860077554624,14,9770.923712962964,optimal,optimal,281.2727323292842,208.73846790723985,0.0,0.5,1200.0,1200.0,10437.688600251131,349.68858412231725,345.7908156267109,1198.1455866576207,16454.363573238763,10,36464.21719623225,0,1.0000030670198612e-07,optimal,optimal,optimal,14319.404215563942,18.011403430610866,50.59204914810081,280.75442059438564
2025-02-22,Q4-3 SEARCH,0.8,0.5,1200.0,14,1200.0,optimal,optimal,15100.109110173089,0.0,0.0,14,6095.7005838686155,optimal,optimal,235.58113631227576,251.01589324420036,59.886922132710836,0.6548405726401891,14,7068.113255663287,optimal,optimal,-60.16752398143092,3.4722016958533573,234.0813340737023,0.6266667170020838,14,9803.538489706723,optimal,optimal,479.616823112461,352.8580982347613,0.0,0.5,1200.0000000553068,1200.0,10533.943055295302,655.0304354433058,138.38278093611825,327.6779652139144,16082.81751083031,4,34260.00241302267,0,1.1149199963256251e-07,optimal,optimal,optimal,14913.943261386314,227.88487013938104,-63.75196673636932,464.3553546284945
2025-02-23,Q4-3 SEARCH,0.8,0.5,1200.0000000553068,14,1200.0000000553068,optimal,optimal,53260.69562657119,0.0,0.0,14,9773.632538425925,optimal,optimal,228.12484912442528,207.71258515303577,218.27913528990575,0.642413030745127,14,5613.217840877619,optimal,optimal,-438.6530886260731,0.0,1152.4028117235985,0.644139191617846,14,10592.030939444447,optimal,optimal,259.4671216477566,136.69112616654746,0.0,0.5,1200.0000001,1200.0,10670.369455092592,48.93888214610877,168.1115273565692,664.7483623141775,53974.38287103148,7,44287.452097528396,0,1.0000803740695119e-07,optimal,optimal,optimal,53319.216754002795,231.5127515211077,-439.199821839932,241.10962413759154
2025-02-24,Q4-3 SEARCH,0.8,0.5,1200.0000001,14,1200.0000001,optimal,optimal,50984.73087434986,0.0,0.0,14,9954.412277777777,optimal,optimal,-5.687619148836761,2.188966284166514e-07,15.05457742706463,0.6201905997217892,14,6801.081820954266,optimal,optimal,-327.47180308818207,0.0,700.5825200580321,0.6697042553529229,14,10435.188373864421,optimal,optimal,503.8434339387659,276.93852335535325,0.0,0.5,1200.0000000999999,1200.0000000999999,10800.0,170.68401170174707,100.75287957317538,557.5891274934768,51713.00401354508,4,37995.71979959709,0,1.0001531336456537e-07,optimal,optimal,optimal,50895.46747054357,-5.495725357321772,-320.66915152794604,493.00244208908265
2025-02-25,Q4-3 SEARCH,0.8,0.5,1200.0000000999999,14,1200.0000000999999,optimal,optimal,51733.09069885962,0.0,0.0,14,10188.917193981486,optimal,optimal,20.238034827577366,508.05446791583074,1457.2881520617068,0.5659958479968336,14,7909.400593099705,optimal,optimal,-1096.1368818129176,0.0,3269.295419011619,0.6663253470070647,14,10638.403488998922,optimal,optimal,186.74658963165547,106.18060009541317,4.547473508864641e-13,0.5,1200.0,1200.0,10740.763453359705,-889.1522573536847,62.31720834136268,130.21773055379958,50974.15617205973,2,38518.66386142957,0,1.0000030670198612e-07,optimal,optimal,optimal,51972.060967543664,23.939503460699797,-1162.1185786141946,177.2479459296306
2025-02-26,Q4-3 SEARCH,0.8,0.5,1200.0,14,1200.0,optimal,optimal,47364.70848552658,0.0,0.0,14,9816.849829444442,optimal,optimal,466.1874426206358,394.5463934373852,0.0,0.5725853594492636,14,5982.307191078486,optimal,optimal,1762.9491330096175,1597.255061519637,4.822324376101847,0.6948286788827562,14,9571.797263494484,optimal,optimal,636.6735740668405,356.12485736666446,0.0,0.5,1227.5270818167357,1200.0,10713.349755370367,2865.810149697094,205.11021835421684,1060.6523734912453,51291.17100871492,7,42876.6255770908,0,1.0000195516113308e-07,optimal,optimal,optimal,46732.13315174384,493.9835357917045,1654.2529316162402,625.1240898271269
2025-02-27,Q4-3 SEARCH,0.8,0.5,1227.5270818167357,14,1227.5270818167357,optimal,optimal,47742.29427380071,0.0,0.0,14,9917.442592592593,optimal,optimal,4.4959306739378615,295.51342036453934,1015.5271814873781,0.5833796644757399,14,6823.927503349311,optimal,optimal,-34.880523357011185,6.958625197261995,211.56069770354108,0.694164167752262,14,9486.411096164586,optimal,optimal,568.3207138676714,410.272638563373,0.0,0.5,1200.0000001,1200.0000001,10800.0,537.936121184598,77.33373513216499,425.90272853412847,48706.13312351944,3,41710.43655409538,0,1.0001531336456537e-07,optimal,optimal,optimal,49135.78971123684,-47.626101545233574,-41.551319152160325,571.7013029116697
2025-02-28,Q4-3 SEARCH,0.8,0.5,1200.0000001,14,1200.0000001,optimal,optimal,14266.792733320657,0.0,0.0,14,5914.172738456291,optimal,optimal,16.86132326613678,104.36413624029261,265.7472151900562,0.5840047976994293,14,9018.907740575136,optimal,optimal,26.020252577008964,37.25973048527527,32.97308031781909,0.6861676199693404,14,9648.412324074074,optimal,optimal,277.68417652159366,212.68451568463104,0.0,0.5,1200.0,1200.0,10447.377640901863,320.5657523647394,143.249653150839,492.55167445832177,15079.910160143718,5,35482.39107624645,0,1.00000761449337e-07,optimal,optimal,optimal,14170.466839807066,13.512545476088668,28.61487583408988,266.76362179899496
2025-03-01,Q4-3 SEARCH,0.8,0.5,1200.0,14,1200.0,optimal,optimal,16164.078182113393,0.0,0.0,14,7900.4240637037,optimal,optimal,-627.584240389587,0.0,3794.8725546813143,0.5715688806782705,14,9504.634033148144,optimal,optimal,-67.20317508218147,0.0,232.55476120006895,0.6753199760646394,14,9817.88500925926,optimal,optimal,229.55141752900124,175.48922227910472,0.0,0.5,1200.0000000999999,1200.0,10438.262714438304,-465.2359979427672,53.750494791466515,217.55171379224734,15916.393897962873,4,32702.315121703043,0,1.0000258043874055e-07,optimal,optimal,optimal,16188.576629600735,-582.2663902967661,-68.73510095496462,214.8610994933651
2025-03-02,Q4-3 SEARCH,0.8,0.5,1200.0000000999999,14,1200.0000000999999,optimal,optimal,56219.292492666034,0.0,0.0,14,10799.999999999998,optimal,optimal,351.2542327082691,579.7538832745008,992.228250785175,0.5859467581707153,14,7984.3392996539,optimal,optimal,-1014.5092902208355,55.93083459711393,2547.4067044740714,0.6744831662607093,14,9652.323370871809,optimal,optimal,276.6037852547566,241.62542813845792,0.0,0.5,1200.0000000520445,1200.0,10800.0,-386.6512722578098,114.2309269779276,419.7856093049456,56252.42682971317,6,37822.12136182077,0,1.000009651761502e-07,optimal,optimal,optimal,55647.74135581997,387.54591242174104,-906.4419117036699,283.32825711531825
2025-03-03,Q4-3 SEARCH,0.8,0.5,1200.0000000520445,14,1200.0000000520445,optimal,optimal,57683.464429239146,0.0,0.0,14,10749.295282499997,optimal,optimal,-1430.3046243948588,157.01197779102722,4188.997174128829,0.5977997556604822,14,7664.392451791829,optimal,optimal,-419.4418734757152,148.14587067665127,1645.664288573945,0.6631549236624823,14,10345.949166680004,optimal,optimal,-16.921871287169967,0.0,26.227326891870348,0.5,1200.0000000577652,1200.0,10785.888673000904,-1866.668369157744,27.209458479960873,55.217237466669104,55872.013297548074,4,41760.49939054168,0,1.0000030670198612e-07,optimal,optimal,optimal,56978.42788815109,-1293.2469716541264,-366.7052918722146,-16.674033758172644
2025-03-04,Q4-3 SEARCH,0.8,0.5,1200.0000000577652,14,1200.0000000577652,optimal,optimal,50450.7216186873,0.0,0.0,14,10005.065740740742,optimal,optimal,50.53714154464034,138.6278629903004,302.98004309282,0.6143047116896048,14,7806.4378887794455,optimal,optimal,-422.24967032580605,0.0,1195.2118878424255,0.6618508705692833,14,9470.389627376791,optimal,optimal,361.6674142211115,289.52032292761703,0.0,0.5,1200.000000050759,1200.0,10800.0,-10.045114560054174,317.0683202074239,1069.9134870739058,51510.58999120115,12,36779.58160585041,0,1.0000443944591097e-07,optimal,optimal,optimal,49815.6829889849,48.895135210774136,-383.5979234357916,370.2828948654919
2025-03-05,Q4-3 SEARCH,0.8,0.5,1200.000000050759,14,1200.000000050759,optimal,optimal,52207.9299047327,0.0,0.0,14,9932.452777777778,optimal,optimal,-1018.5507840029942,5.377809953232372,2643.2246438982597,0.615307660510601,14,8433.95550490301,optimal,optimal,-1520.4875264683997,74.15166666666653,4348.32714034126,0.6095466662302056,14,10182.870296296293,optimal,optimal,292.8912465212598,219.31286137472813,0.0,0.5,1200.0000000480688,1200.0000000480688,10800.0,-2246.147063950134,144.21641730118148,617.6602722048269,50579.44311298739,4,38749.24695540927,0,1.00000761449337e-07,optimal,optimal,optimal,53241.8646324798,-988.9909889926548,-1511.7919172112224,289.59194826496457
2025-03-06,Q4-3 SEARCH,0.8,0.5,1200.0000000480688,14,1200.0000000480688,optimal,optimal,48472.15643925592,0.0,0.0,14,9984.690018674915,optimal,optimal,-577.5528542828662,3.4912774613050033,1520.9646126213452,0.6267243695810517,14,7153.352624930569,optimal,optimal,-300.08631180320526,74.54508589735553,1094.7582426498602,0.592395757172064,14,9591.900868419782,optimal,optimal,567.3626665957115,323.3678853971209,-3.979039320256561e-13,0.5,1200.0000000658838,1200.0000000480688,10798.724277934174,-310.2764994903599,177.71111078319024,498.528642512445,48660.408582278,8,39073.19338383016,0,1.0004509931604844e-07,optimal,optimal,optimal,48060.366542903525,-544.8643665692553,-270.95171089304563,550.7082538131816
2025-03-07,Q4-3 SEARCH,0.8,0.5,1200.0000000658838,14,1200.0000000658838,optimal,optimal,14715.536130124932,0.0,0.0,14,6966.087060696596,optimal,optimal,-401.92133766566434,0.0,1314.6590697651511,0.6247225147424333,14,10393.373855586327,optimal,optimal,-62.04077185267535,5.6669857910055725,204.19794719271383,0.5933547259654912,14,9673.5907985288,optimal,optimal,250.3587631862742,235.95920000126085,0.0,0.5,1200.0000000999999,1200.0000000658838,10522.436717236753,-213.60334633206548,8.319851304768019,25.491167950055402,14527.423951742921,3,30859.58749867663,0,1.0000258043874055e-07,optimal,optimal,optimal,14408.426591835301,-381.05668141623283,-57.560450963352956,252.16323407723456
2025-03-08,Q4-3 SEARCH,0.8,0.5,1200.0000000999999,14,1200.0000000999999,optimal,optimal,13678.84607835627,0.0,0.0,14,5497.414609382077,optimal,optimal,-177.18860029128598,1.5238456140524477,541.4194164418496,0.6466203253419684,14,10377.089648588293,optimal,optimal,42.70721204358948,51.0958778422081,11.625894073364691,0.5788451861355582,14,9763.524470717695,optimal,optimal,214.16650688804162,202.95610721435168,21.445736625517156,0.5,1200.0000000999999,1200.0000000999999,10590.799547878192,79.68511864034514,71.3248888774339,251.1803296502452,14009.71152664686,5,33174.92109235913,0,1.0000030670198612e-07,optimal,optimal,optimal,13365.170206050627,-178.66917637060104,40.84560403170135,213.17857896915856
2025-03-09,Q4-3 SEARCH,0.8,0.5,1200.0000000999999,14,1200.0000000999999,optimal,optimal,49695.44365635614,0.0,0.0,14,9325.43633623518,optimal,optimal,-2103.441578405762,1.4843769295399625,6262.062829451873,0.6451156423535155,14,7454.429850304897,optimal,optimal,-266.0906927857494,121.32125113276523,1630.201584439612,0.561685315085434,14,9582.957047737547,optimal,optimal,448.4890791895981,286.8830351667667,6.406155681829546,0.5,1200.0000000999999,1200.0000000999999,10548.485643865983,-1921.0431920019132,3.3683020924670057e-07,6.999997825805621e-07,47774.40046505423,0,41441.485352787146,0,1.0000078987104644e-07,optimal,optimal,optimal,50986.75238695663,-2338.445053552817,-433.14219080748245,412.9260504751233
2025-03-10,Q4-3 SEARCH,0.8,0.5,1200.0000000999999,14,1200.0000000999999,optimal,optimal,48958.91688132286,0.0,0.0,14,9550.904343461194,optimal,optimal,-52.78577184840387,396.7018813226297,1108.7885436894803,0.6591773041260458,14,6750.242476905963,optimal,optimal,-164.33067264612953,47.02898328000202,544.3031589895105,0.5694817941234427,14,10505.014592572918,optimal,optimal,263.2032449789472,220.1154671543727,0.0,0.5,1200.8201635111013,1200.0000000999999,10602.680718997532,46.08680048441383,84.7451237602182,424.09134282863874,49429.09502463591,4,41038.142328663205,0,1.0000080408190115e-07,optimal,optimal,optimal,48227.74403423706,-17.951293769408895,-165.43776730571776,258.53469181136404
2025-03-11,Q4-3 SEARCH,0.8,0.5,1200.8201635111013,14,1200.8201635111013,optimal,optimal,42418.55103522767,0.0,0.0,14,9982.150925925926,optimal,optimal,2919.7496567340077,3002.333525940732,0.0,0.636085468987753,14,6088.249916022391,optimal,optimal,329.8043574257981,409.51237530802916,24.006915143049127,0.5680371344828185,14,9645.23301405148,optimal,optimal,441.2395227565237,282.88763139038304,11.311351771162435,0.5,1200.0000000999999,1200.0000000999999,10800.0,3690.7935369163297,47.53852959728639,130.30310947891073,46239.64768162291,1,40283.74580578499,0,1.0000803740695119e-07,optimal,optimal,optimal,42355.68366180407,3011.1261968683198,358.18127027575497,427.9901707244215
2025-03-12,Q4-3 SEARCH,0.8,0.5,1200.0000000999999,14,1200.0000000999999,optimal,optimal,49759.87998209049,0.0,0.0,14,9369.771398946752,optimal,optimal,-2846.889509641572,19.585804634676265,8453.248571321818,0.6560580958531174,14,7760.888934787857,optimal,optimal,-335.07231208562087,126.51170796178303,1711.6448603707072,0.5399984401412427,14,9517.569706802942,optimal,optimal,564.9843223002133,331.7295293538993,0.0,0.5,1200.000000055224,1200.000000055224,10424.247360891197,-2616.97749942698,168.55508458365915,516.7753472721053,47659.677829935616,7,38256.85089811936,0,1.0000053407566156e-07,optimal,optimal,optimal,49608.682848771496,-2973.2595395592803,-384.3132054394234,550.9892558179005
2025-03-13,Q4-3 SEARCH,0.8,0.5,1200.000000055224,14,1200.000000055224,optimal,optimal,50922.30930543995,0.0,0.0,14,10118.302614639435,optimal,optimal,-1386.8211727085557,255.68805262926497,4346.366499251344,0.6387062446289143,14,7961.864460453507,optimal,optimal,-386.9999491277554,12.383921788437542,1236.926899817628,0.5458782883609149,14,10564.888388263458,optimal,optimal,-52.52952774501428,0.0,82.38016177044642,0.5,1200.0,1200.0,10631.919294343705,-1826.3506495813253,161.13620218429824,714.1215607991832,49810.08021665781,6,39462.755453736216,0,1.0000030670198612e-07,optimal,optimal,optimal,49567.246375083756,-1235.4050531436296,-350.21421580129953,-52.90750170291692
2025-03-14,Q4-3 SEARCH,0.8,0.5,1200.0,14,1200.0,optimal,optimal,12809.570846472761,0.0,0.0,14,5058.046371333367,optimal,optimal,71.31209313054946,163.395835668457,186.34397168913026,0.6539428791476438,14,10453.875882259292,optimal,optimal,19.928299913729365,93.65659824504996,136.36889075658468,0.533223195554687,14,9630.140240740744,optimal,optimal,195.31012320862035,124.80278984771418,2.1659546973751276e-06,0.5,1200.0000000999999,1200.0,10572.35425666755,286.5505162528992,62.18874137833034,252.8226483574323,13348.944011083093,2,31739.412017990246,0,1.0000258043874055e-07,optimal,optimal,optimal,12651.594553963412,69.3091814948412,23.98635436769671,179.01930444060875
2025-03-15,Q4-3 SEARCH,0.8,0.5,1200.0000000999999,14,1200.0000000999999,optimal,optimal,12498.308510652758,0.0,0.0,14,4485.034596111113,optimal,optimal,59.12541430434166,144.44679425284014,92.47048668847495,0.6218591920046695,14,8274.461166915118,optimal,optimal,18.75159771390411,72.45673556663718,56.74008864937902,0.5614954490340502,14,9920.262997684105,optimal,optimal,179.87528933978766,138.95192777782663,0.0,0.5,1200.000000045819,1200.0,10458.999142128547,257.75230135803344,974.2853704767998,2055.4135966610893,14811.474408671882,18,34737.57463660954,0,1.0000263728215941e-07,optimal,optimal,optimal,12060.170867565299,56.23899017497485,17.758197202359337,188.22883732950166
2025-03-16,Q4-3 SEARCH,0.8,0.5,1200.000000045819,14,1200.000000045819,optimal,optimal,46843.25429755429,0.0,0.0,14,9291.477545308642,optimal,optimal,-783.8076565637648,0.0,2339.652457645509,0.5813955069181171,14,6816.086359339935,optimal,optimal,-554.8668715276249,34.63270833333331,1532.3254765623722,0.5981624245819492,14,10354.294882986289,optimal,optimal,220.5799631523518,131.20441842483967,0.0,0.5,1200.000000053483,1200.000000045819,10589.861638918119,-1118.0945649390378,397.7762577524143,1546.449316380217,47271.60904899547,9,39952.34281104507,0,1.0002349881688133e-07,optimal,optimal,optimal,46024.056278584496,-794.981428663778,-515.8146680221697,214.40660530277086
2025-03-17,Q4-3 SEARCH,0.8,0.5,1200.000000053483,14,1200.000000053483,optimal,optimal,41853.85377461571,0.0,0.0,14,9334.62523370463,optimal,optimal,-1925.8395182380077,3.4348184476714323,6846.758537904225,0.5486254321164702,14,6051.171384180725,optimal,optimal,460.38022937798235,660.9267435985771,367.8331845206597,0.6121487272201767,14,10041.190052358279,optimal,optimal,563.9445655496617,301.8749880442101,0.0,0.5,1200.0000001,1200.0,10296.87040892367,-901.5147233103638,851.28467847254,3757.1475890629963,44709.48664036834,25,38132.21344641228,0,1.0000803740695119e-07,optimal,optimal,optimal,43927.09616427103,-2302.300280327029,430.37233890385835,518.9096343183611
2025-03-18,Q4-3 SEARCH,0.8,0.5,1200.0000001,14,1200.0000001,optimal,optimal,49125.96978228126,0.0,0.0,14,9410.342039066973,optimal,optimal,-1987.3987777398954,6.464166666666642,6188.39552573092,0.5534793120615912,14,7347.02638016044,optimal,optimal,-790.0975265010013,151.2691784166667,2563.544363389721,0.6320757713266153,14,9639.208956642313,optimal,optimal,183.14123100241792,197.74765243074387,0.0,0.5,1200.0000000554032,1200.0000000554032,10674.967260469422,-2594.355073238479,30.65457353429504,61.45960988385325,46593.074318926636,3,37205.14944736972,0,1.00000761449337e-07,optimal,optimal,optimal,50452.882265027474,-2095.783145812805,-818.3275647919155,178.15080630588068
2025-03-19,Q4-3 SEARCH,0.8,0.5,1200.0000000554032,14,1200.0000000554032,optimal,optimal,39918.901986251214,0.0,0.0,14,9424.098950024172,optimal,optimal,998.9342383647992,1252.3349873245984,1770.1545299254735,0.555083801606982,14,4942.11833280757,optimal,optimal,1122.2740135561776,1376.2806966903145,55.81523224124185,0.683135864879147,14,9786.389988718765,optimal,optimal,207.05092505761905,112.41615075852388,0.0,0.5,1213.7080904017182,1200.0000000554032,10588.969087484196,2328.259176978596,138.8906763817384,319.5874476664461,42566.748610896255,1,38312.29534000655,0,1.0000803740695119e-07,optimal,optimal,optimal,40285.43789286463,1069.882904112965,1268.3651174049746,202.64942326024212
2025-03-20,Q4-3 SEARCH,0.8,0.5,1213.7080904017182,14,1213.7080904017182,optimal,optimal,46113.64698623344,0.0,0.0,14,9235.395733240739,optimal,optimal,-2185.751006139927,165.4453778552156,7433.270144565196,0.5534805697044803,14,5525.460524365537,optimal,optimal,241.0421359968754,302.72132586782095,57.971697839505964,0.6529613453245442,14,10412.774799660901,optimal,optimal,284.92707961799607,204.1720109011336,0.0,0.5,1291.6855948763766,1200.0,10412.774799660901,-1659.7817905250556,844.2290282192092,3206.875666490996,47660.74086219938,10,37977.076058342354,0,1.0000030670198612e-07,optimal,optimal,optimal,46781.32834886442,-2360.904829322547,249.29151806853923,278.30335234803374
2025-03-21,Q4-3 SEARCH,0.8,0.5,1291.6855948763766,14,1291.6855948763766,optimal,optimal,11946.930228057705,0.0,0.0,14,3722.834212962962,optimal,optimal,52.666767095477084,239.25641641232542,573.8764847144796,0.5401286105414042,14,10277.422809555677,optimal,optimal,22.961569228984146,56.13762910646932,139.8024111496209,0.6582630896959252,14,9658.310601851852,optimal,optimal,312.40177421514915,209.6937671824819,-2.2737367544323206e-13,0.5,1200.0000000737543,1200.0,10477.647151708377,388.0301105396104,224.57219274161798,592.8782711080692,12927.838609705384,12,29356.11797422766,0,1.0000030670198612e-07,optimal,optimal,optimal,11863.284718031922,49.372087535196734,20.50406275921932,298.6231735865282
2025-03-22,Q4-3 SEARCH,0.8,0.5,1200.0000000737543,14,1200.0000000737543,optimal,optimal,13025.607957524293,0.0,0.0,14,4782.677173016399,optimal,optimal,-80.74388479941491,0.0,248.8195696945629,0.5894160965675708,14,10465.936988201585,optimal,optimal,-104.94398049873182,45.39584705555808,417.0927694370703,0.6778761296245728,14,9845.838240718096,optimal,optimal,258.15397421123856,171.6905928665563,0.0,0.5,1200.0000000618484,1200.0000000618484,10554.611253775172,72.46610891309183,24.119166951455526,43.3300833354816,13141.404149772867,1,28567.834524486014,0,1.00000761449337e-07,optimal,optimal,optimal,12988.145304274982,-75.73948688904133,-101.1861748198142,255.3233479610829
2025-03-23,Q4-3 SEARCH,0.8,0.5,1200.0000000618484,14,1200.0000000618484,optimal,optimal,46389.13150159489,0.0,0.0,14,9578.206134581944,optimal,optimal,-1584.8893056333739,0.0,4524.438768687883,0.604680337046331,14,7614.554156002681,optimal,optimal,-930.3921792743807,0.0,3062.34525673494,0.6606491051688281,14,10427.307213540984,optimal,optimal,493.14870065657834,278.2714803932763,0.0,0.5,1314.8264026437516,1200.0000000618484,10619.485950498763,-2022.1327842511762,2.4737851202913563,13.99667605134599,44380.99539339507,1,34988.19383623636,0,1.0000544989452464e-07,optimal,optimal,optimal,46951.96509828164,-1638.4808989574674,-958.6071072461136,505.65051815672166
2025-03-24,Q4-3 SEARCH,0.8,0.5,1314.8264026437516,14,1314.8264026437516,optimal,optimal,43357.12061101965,0.0,0.0,14,9501.454711661287,optimal,optimal,-796.8131435567924,470.04893229494473,4400.479095526876,0.625847212400099,14,7713.291381845209,optimal,optimal,-570.8407567722539,0.791905823848424,2219.1578098720092,0.6680930884731737,14,9812.298372619354,optimal,optimal,254.9139736744546,138.84890943006545,0.0,0.4968047411243277,1232.7851627215623,1231.6179154246631,10606.492796906276,-1112.7399266545917,1.3702320847505624e-07,6.999962777506633e-07,42244.38068506506,0,36774.30198191473,0,1.0000277688959615e-07,optimal,optimal,optimal,43959.24880833635,-845.7266387155765,-614.7476712493085,246.5931987830145
2025-03-25,Q4-3 SEARCH,0.8,0.5,1232.7851627215623,14,1232.7851627215623,optimal,optimal,48434.70441977188,0.0,0.0,14,8767.12749289013,optimal,optimal,-2961.0495867067657,0.0,9196.009180623101,0.6367138138872621,14,7287.61189488175,optimal,optimal,-559.7360283230845,23.86653627039675,2229.319163312077,0.6452323882228014,14,9512.064248439588,optimal,optimal,513.5347367418362,309.79041429931885,0.0,0.5037799605761082,1214.1298536279726,1199.9999999999998,10308.85528198157,-3007.250878288014,459.227862374348,1872.3115275949094,47299.76506907877,21,32974.3986174579,0,1.0000519614550287e-07,optimal,optimal,optimal,49035.39239002544,-3069.6378287514867,-560.9246312624828,502.87678935524576
2025-03-26,Q4-3 SEARCH,0.8,0.5,1214.1298536279726,14,1214.1298536279726,optimal,optimal,40910.76344047984,0.0,0.0,14,9723.269447450817,optimal,optimal,-632.3696261395037,0.0,2235.598290590444,0.6371733192991729,14,7182.0515276721335,optimal,optimal,-778.4888007075774,58.42953665629085,2789.6825202038663,0.6186870025368991,14,9991.470971863004,optimal,optimal,7.507003778067824e-08,2.3475843136111507e-07,2.898255121005893e-07,0.4989177013686874,1200.0000000560176,1200.0000000560176,10788.908471863004,-1410.858426772011,14.565003483923393,28.123154195132663,39528.02816790296,2,37853.78415608681,0,1.00000761449337e-07,optimal,optimal,optimal,41106.03657595937,-705.266214405016,-793.6658515109382,1.000005967019099e-07
2025-03-27,Q4-3 SEARCH,0.8,0.5,1200.0000000560176,14,1200.0000000560176,optimal,optimal,43841.49959327196,0.0,0.0,14,9597.213851179815,optimal,optimal,-660.8122573512215,507.2410152860557,3895.8730182131785,0.6494599042311157,14,7685.008801720167,optimal,optimal,-799.8636155946946,47.04270078106947,2808.1287046887433,0.6550543943706506,14,10546.615679712784,optimal,optimal,344.26465853320116,180.36075811994664,0.0,0.49442850001477917,1332.1150152231742,1200.0000000560176,10571.914757065788,-1116.411214412715,2.520124170811669e-07,8.9999250749906e-07,42725.08837975924,0,36737.11433445258,0,1.0002258932217956e-07,optimal,optimal,optimal,44845.4922580303,-720.0269181516717,-890.0362178281072,328.54685113399734
2025-03-28,Q4-3 SEARCH,0.8,0.5,1332.1150152231742,14,1332.1150152231742,optimal,optimal,12295.007503988847,0.0,0.0,14,5044.153257006172,optimal,optimal,-60.25467453498841,9.562115500000118,214.63559034594252,0.6557618751627033,14,10315.240934712892,optimal,optimal,-32.98631444202269,0.0,101.33947390662186,0.6722824725269285,14,9855.935596625257,optimal,optimal,212.15483451541513,142.27598550593973,0.0,0.4932652057912807,1200.000000071454,1200.000000071454,10620.650144403035,118.91384553840403,37.06500003441943,57.636075053522205,12471.557424580773,1,27947.50893764221,0,1.0000030670198612e-07,optimal,optimal,optimal,12026.309296294621,-66.26053779149319,-34.90488060212632,212.87897292926002
2025-03-29,Q4-3 SEARCH,0.8,0.5,1200.000000071454,14,1200.000000071454,optimal,optimal,11917.407860618001,0.0,0.0,14,4228.768911039982,optimal,optimal,254.61353991917645,266.90023042566645,31.820041358023133,0.6491035754663508,14,10279.192438922217,optimal,optimal,-7.987701509118909,0.0,27.532288842247453,0.6576525656718423,14,9759.882247866486,optimal,optimal,315.866760961721,203.02530030775236,0.0,0.4892728972851948,1200.0000000999999,1200.000000071454,10433.339286040475,562.4925993717785,213.80995213672009,758.1384681019371,13238.038928091717,6,26886.21947786933,0,1.00000761449337e-07,optimal,optimal,optimal,11770.70504742517,273.420496750648,-7.83596828097037,288.42038458502805
2025-03-30,Q4-3 SEARCH,0.8,0.5,1200.0000000999999,14,1200.0000000999999,optimal,optimal,41538.32965158514,0.0,0.0,14,9430.708579556305,optimal,optimal,-1746.5410830898095,0.0,6424.211718409549,0.6774188755970981,14,7252.7888471576925,optimal,optimal,-570.9418588432895,51.39655313631238,2081.4082817347694,0.6638361125423499,14,9674.557526293363,optimal,optimal,389.7780660029022,303.34241164819156,0.0,0.49386075930982226,1200.0000000533803,1200.0000000533803,10419.313478388976,-1927.7048759301967,307.31822912707264,1124.0142734374936,40734.63904909244,10,37544.381414843694,0,1.0000803740695119e-07,optimal,optimal,optimal,42668.11456979718,-1925.0744246532245,-609.6942377993479,383.03505674832815
2025-03-31,Q4-3 SEARCH,0.8,0.5,1200.0000000533803,14,1200.0000000533803,optimal,optimal,36861.19705356734,0.0,0.0,14,9509.003446861203,optimal,optimal,3556.577549519903,3540.736341483741,55.64269431104242,0.7007541112959871,14,7209.612340542704,optimal,optimal,-680.6634971800927,14.615492079035675,1786.6342009347486,0.6196350307683708,14,9757.774424549178,optimal,optimal,263.1317649396654,263.2822698096037,0.0,0.5001585889713717,1234.538406573269,1200.0000000533803,10506.921249388317,3139.045817279476,1.6052917384520866e-07,4.000033346655038e-07,40000.24287124682,0,36102.59030519821,0,1.0000073120863818e-07,optimal,optimal,optimal,36693.177289080675,3472.532915875806,-650.6948025688764,257.9627430490627
2025-04-01,Q4-3 SEARCH,0.8,0.5,1234.538406573269,14,1234.538406573269,optimal,optimal,46262.25533324746,0.0,0.0,14,9379.594335683923,optimal,optimal,-1168.312984283686,80.34593717914044,3653.904018383647,0.6913151977904117,14,8985.551855139998,optimal,optimal,-964.2080589842278,9.827973777163258,3254.603441495994,0.6313767006042824,14,10314.679494847702,optimal,optimal,581.0012185592595,371.1487022136351,0.0,0.4972912453923081,1255.5899016245396,1233.1927745374976,10452.621542647275,-1551.5198247086546,52.90931998439379,298.04481227137194,45008.78032081018,3,33417.097837938665,0,1.0001445116358809e-07,optimal,optimal,optimal,44972.886291425355,-1179.4766897093525,-857.0059978833898,581.7968354135827
2025-04-02,Q4-3 SEARCH,0.8,0.5,1255.5899016245396,14,1255.5899016245396,optimal,optimal,43335.65924407814,0.0,0.0,14,9497.31500657408,optimal,optimal,175.60419744465224,746.5259950225361,1553.4463955322287,0.6858448122388939,14,7509.681543197062,optimal,optimal,-719.2132836790647,0.0,2357.910944340255,0.6469556504080453,14,9631.02813805055,optimal,optimal,402.865503888582,218.26360531236702,0.0,0.4982120151269431,1236.4287743459386,1200.0,10500.067074098923,-140.74358234583042,78.86322470968847,506.30784173220445,43701.22350346451,4,35655.965333783744,0,1.00000761449337e-07,optimal,optimal,optimal,42409.35087180947,244.37281487348886,-686.1858799482878,405.2789716854078
2025-04-03,Q4-3 SEARCH,0.8,0.5,1236.4287743459386,14,1236.4287743459386,optimal,optimal,44658.3036730069,0.0,0.0,14,9724.420992314817,optimal,optimal,-2069.5953773007186,0.0,6271.845965256651,0.6716607669290972,14,8334.734514945903,optimal,optimal,-506.7632689214277,14.199526797738997,2152.4893326956108,0.6263611627275693,14,10384.215903708227,optimal,optimal,39.58834299588378,65.74189310021836,0.23224393883845096,0.5010187762420668,1199.9999999999998,1199.9999999999998,10785.299445319339,-2536.7703032262625,119.84393333938885,267.81428201399416,42389.347651794626,5,36668.25101368407,0,1.0002986527979374e-07,optimal,optimal,optimal,44411.39961252461,-2177.408189080955,-525.0291796243301,36.063237956710466
2025-04-04,Q4-3 SEARCH,0.8,0.5,1199.9999999999998,14,1199.9999999999998,optimal,optimal,11209.97877549558,0.0,0.0,14,3993.4112950308627,optimal,optimal,-71.5143897292859,0.0,237.8203635761329,0.7094430859168679,14,10254.001180588928,optimal,optimal,16.426704464659935,35.87721116198044,0.0,0.6192805849579917,14,9700.337775749344,optimal,optimal,438.71656342486153,349.9986791133175,0.0,0.4998240333546893,1200.0000001,1199.9999999999998,10451.674292504904,383.62887816023556,4.139520759637554,15.438342408296304,11609.045996064113,1,27686.057999615266,0,1.0000258043874055e-07,optimal,optimal,optimal,11144.342495935964,-71.25707183397977,16.40971707000721,415.9572435546918
2025-04-05,Q4-3 SEARCH,0.8,0.5,1200.0000001,14,1200.0000001,optimal,optimal,11103.125638915944,0.0,0.0,14,3283.8752073769556,optimal,optimal,-9.13446125420086,1.1627328507229253e-06,34.185860155653586,0.6762029553813047,14,10300.993587163499,optimal,optimal,-0.5036968246494755,1.174527767489053e-06,1.8850950969934956,0.599186518018132,14,9568.585455463395,optimal,optimal,539.6580705355472,391.64771414308876,0.0,0.504379573288567,1200.0000000999999,1200.0000000999999,10392.769909788656,530.0199124566968,210.79716415688844,666.2412366328555,12299.386788005497,8,27786.445223031456,0,1.0000042038882384e-07,optimal,optimal,optimal,10884.469408854105,-10.460729498385312,-0.571035269271777,536.7840495112963
2025-04-06,Q4-3 SEARCH,0.8,0.5,1200.0000000999999,14,1200.0000000999999,optimal,optimal,41351.09722449207,0.0,0.0,14,9811.824592014924,optimal,optimal,-1358.083505153233,172.2615644592181,5273.88168140694,0.6695448291013596,14,7087.801987191779,optimal,optimal,114.69879819142058,253.31983897743459,999.5792292791998,0.5999473299642929,14,10008.483380145115,optimal,optimal,55.46467730022831,36.320147836610204,30.133196191424645,0.5095663463864637,1200.0000000999999,1200.0000000999999,10725.986620885857,-1187.9200296615843,81.6015371285359,288.12951878068327,40451.30671361117,5,38645.28854060782,0,1.0000030670198612e-07,optimal,optimal,optimal,40524.73364719373,-1357.8739802300229,114.11468073607007,53.28209624147337
2025-04-07,Q4-3 SEARCH,0.8,0.5,1200.0000000999999,14,1200.0000000999999,optimal,optimal,35882.67698410142,0.0,0.0,14,9622.11721211545,optimal,optimal,660.8534940462084,599.2576016499165,467.4942991820517,0.6489355204906598,14,8390.8625180429,optimal,optimal,-44.65046071689963,0.0,199.86777402372263,0.6085036587709575,14,10552.972009552861,optimal,optimal,336.73178359895286,179.39762308541256,13.883620306863804,0.504914426033732,1200.0000000525597,1200.0000000525597,10579.56839844175,952.9348169282616,75.01930132212667,224.9361358580294,37060.547936887706,3,38637.11377012028,0,1.0000803740695119e-07,optimal,optimal,optimal,35663.80761559018,700.8890791758099,-45.16803831732561,321.9023185943515
2025-04-08,Q4-3 SEARCH,0.8,0.5,1200.0000000525597,14,1200.0000000525597,optimal,optimal,42123.301039203296,0.0,0.0,14,9942.045062922603,optimal,optimal,-1349.1042931344182,177.19817595862037,4948.213161819482,0.6734807836550142,14,7025.637959298837,optimal,optimal,-625.6411936577872,8.490694312968117e-06,2247.2062653615676,0.5998208452657893,14,10593.465851423833,optimal,optimal,239.67496629478228,138.8979920655505,49.92976009263907,0.5042844884466241,1200.0000000485836,1200.0,10770.235803663345,-1735.070520497423,107.88301293809987,223.44400220182365,40611.6745209077,5,37189.48286458306,0,1.00000761449337e-07,optimal,optimal,optimal,42877.82249777757,-1462.598950912159,-687.8687236617225,228.55266857441035
2025-04-09,Q4-3 SEARCH,0.8,0.5,1200.0000000485836,14,1200.0000000485836,optimal,optimal,41168.065009716636,0.0,0.0,14,9870.773265028181,optimal,optimal,-148.2048480446622,0.0,435.8649389819046,0.6834713667078797,14,5275.609936888874,optimal,optimal,-30.27953122816576,23.585650936821366,141.84924532505465,0.5804985346684775,14,10557.497986428833,optimal,optimal,313.6509661819752,172.06626996587067,22.786217952000722,0.503154632052482,1200.0000000548696,1200.0,10675.470487250404,135.16658690914724,61.42075429518469,140.15699706344878,41443.38859368923,3,37330.16107785598,0,1.00000761449337e-07,optimal,optimal,optimal,40825.25760654545,-141.21986292910233,-29.126455425141813,312.6190308106636
2025-04-10,Q4-3 SEARCH,0.8,0.5,1200.0000000548696,14,1200.0000000548696,optimal,optimal,40064.31500452016,0.0,0.0,14,9825.73245305556,optimal,optimal,-182.67715501459605,0.0,546.3172682339929,0.6968524037986352,14,6411.195449564763,optimal,optimal,-778.6864155404286,0.0,1993.4165521402617,0.5851150357648676,14,10596.968040915724,optimal,optimal,277.09050030032677,153.96525950687737,18.033799002165097,0.5018979100426225,1211.5235634208,1200.0000000548696,10655.969027129633,-684.2730702546978,7.072135785007071e-08,1e-07,39380.041934365465,0,37431.83714652407,0,1.00000761449337e-07,optimal,optimal,optimal,40182.23168308246,-189.24033783879872,-752.2097670810625,276.16596014135814
2025-04-11,Q4-3 SEARCH,0.8,0.5,1211.5235634208,14,1211.5235634208,optimal,optimal,10476.611299440476,0.0,0.0,14,2889.8560783333355,optimal,optimal,114.16104619494675,122.87796496225769,-2.2737367544323206e-13,0.6406059088795468,14,10478.491606503429,optimal,optimal,5.075238221979816e-07,6.026883056620135e-07,0.0,0.5893266957832822,14,9572.768265610019,optimal,optimal,503.51579151105614,379.3114069151332,2.2737367544323206e-13,0.5043051561119479,1200.0000000999999,1200.0,10478.491606503429,617.6768382135267,264.1058584041631,731.0506002457003,11825.338737899703,11,26807.020830366422,0,1.0000013617172954e-07,optimal,optimal,optimal,10205.289267060954,128.19898370873014,5.913107734520827e-07,506.14367849323696
2025-04-12,Q4-3 SEARCH,0.8,0.5,1200.0000000999999,14,1200.0000000999999,optimal,optimal,11386.659611300354,0.0,0.0,14,3406.7726798815756,optimal,optimal,-369.7652175999784,0.0,1379.4032467491988,0.6672594618968734,14,10241.033411658711,optimal,optimal,29.72859921708815,32.36529510133977,19.947586207894663,0.5893240458451492,14,9618.867895308498,optimal,optimal,468.7137665762225,334.75763504021404,13.536557267287321,0.5037448283990364,1200.0000000477894,1200.0000000477894,10513.81237678998,128.67714819333224,96.88941665420167,279.49674785820577,11794.833507351892,5,24717.379202544827,0,1.0000030670198612e-07,optimal,optimal,optimal,11729.245554531659,-369.4353575393751,31.383543299791327,489.6257946617285
2025-04-13,Q4-3 SEARCH,0.8,0.5,1200.0000000477894,14,1200.0000000477894,optimal,optimal,38738.09821364241,0.0,0.0,14,9967.8,optimal,optimal,-1212.947435634278,0.0,3673.1991454215454,0.6936873228154161,14,6443.0604355308005,optimal,optimal,179.98991869735573,161.66342394646165,244.37446698915517,0.590654658396544,14,10467.992545614617,optimal,optimal,480.72589778175256,264.19845718862166,0.5560658722328071,0.4988526446594867,1204.4968345739278,1200.0,10800.0,-552.2316191551697,616.5050144266713,2742.3899315676204,40928.25652605486,18,36344.14972205549,0,1.0000050451708375e-07,optimal,optimal,optimal,38242.693034650576,-1243.7682486381314,182.21440246546874,495.915391809136
2025-04-14,Q4-3 SEARCH,0.8,0.5,1204.4968345739278,14,1204.4968345739278,optimal,optimal,40748.95085201837,0.0,0.0,14,9580.29990953704,optimal,optimal,-2757.4946566814447,0.0,8523.63685090012,0.6787565671771497,14,6790.057401458529,optimal,optimal,-419.06349611461985,0.0,1211.9094460425574,0.6081907264652692,14,10423.147299359727,optimal,optimal,593.8885867144766,334.28286183245257,0.0,0.5022004431023772,1200.0,1200.0,10444.25446662147,-2582.6695660815876,283.143522024828,1339.662026082997,39505.94331201978,15,37356.9526685319,0,1.0000058736636674e-07,optimal,optimal,optimal,40836.71749088275,-2913.756384754969,-440.06208154746577,599.9248474098761
2025-04-15,Q4-3 SEARCH,0.8,0.5,1200.0,14,1200.0,optimal,optimal,35209.07083922348,0.0,0.0,14,9980.176337685187,optimal,optimal,979.1397772749618,1128.0351559603316,1807.0738711666586,0.6631824258594174,14,8491.212436751388,optimal,optimal,-240.4657323717975,23.241113784905565,964.7229343211989,0.6042793466045485,14,10310.214899137145,optimal,optimal,731.1592068293255,372.06891350266505,5.607083333333435,0.5028888103214648,1200.0000000999999,1200.0,10772.587448796297,1469.8332517324898,223.60229232578882,906.2575039487167,37585.16159490469,8,34460.22875272756,0,1.0000803740695119e-07,optimal,optimal,optimal,35599.51606080255,926.9864277917115,-238.57708954008635,673.8835604115598
2025-04-16,Q4-3 SEARCH,0.8,0.5,1200.0000000999999,14,1200.0000000999999,optimal,optimal,39603.31246422633,0.0,0.0,14,9827.073479814808,optimal,optimal,476.45903638880066,983.237770727826,2572.908579106648,0.6460894092234675,14,6479.159654272838,optimal,optimal,-128.23905419661307,46.704196002111885,593.7334812333357,0.5905654569337081,14,10641.332094828416,optimal,optimal,114.12673080989101,65.40157900963032,30.51344726166513,0.5115926708380105,1200.0000000498032,1200.0000000498032,10644.863981571578,462.34671300207856,47.86563333582065,106.34740166939903,40172.00657889781,2,36874.73533975757,0,1.00000761449337e-07,optimal,optimal,optimal,39201.88396870947,456.55331891101645,-119.19516341919443,112.72243985857351
2025-04-17,Q4-3 SEARCH,0.8,0.5,1200.0000000498032,14,1200.0000000498032,optimal,optimal,35994.42936203479,0.0,0.0,14,9236.058003003382,optimal,optimal,64.46761385164879,113.93581491744516,54.11285416105727,0.6195968484936182,14,5784.691606832828,optimal,optimal,-12.125969462955865,18.869986903004246,146.57294384751637,0.6027059062547465,14,10492.105370150679,optimal,optimal,368.01495040538293,192.94378026755874,5.607083333333321,0.510166951221623,1200.0000000730272,1200.0000000498032,10706.949669670048,420.3565947940759,3.2793200446299173,4.989485447904912,36419.77544227677,1,37024.42119273276,0,1.00000761449337e-07,optimal,optimal,optimal,36463.63317169424,66.05656031308094,-12.53936231119663,357.31393292465293
2025-04-18,Q4-3 SEARCH,0.8,0.5,1200.0000000730272,14,1200.0000000730272,optimal,optimal,10613.578795599244,0.0,0.0,14,2954.4578964676057,optimal,optimal,19.33640841409934,78.11106007024583,270.71363332371266,0.645089905047508,14,10139.29619059451,optimal,optimal,34.17895931839278,41.22063827921829,25.046202867112573,0.571131874574879,14,9724.721527946118,optimal,optimal,338.665597188993,248.59663516039967,5.684341886080802e-14,0.5112610386975741,1200.0000000999996,1200.0,10429.303768686857,392.1809649214851,6.66944161550519,9.690657047929728,11015.450417568658,2,26311.33943843237,0,1.00000761449337e-07,optimal,optimal,optimal,10513.695313208507,19.11688783380272,35.95349861805347,340.52763991547044
2025-04-19,Q4-3 SEARCH,0.8,0.5,1200.0000000999996,14,1200.0000000999996,optimal,optimal,10419.36368104143,0.0,0.0,14,3408.3788961035802,optimal,optimal,-5.414896554246528,38.905816666666794,243.34738844946256,0.6319473992529635,14,10212.420362615401,optimal,optimal,259.85628587798504,305.89662321900175,0.0,0.5826997005768462,14,9683.630751474251,optimal,optimal,347.8226877551998,272.37168653817685,17.56775833333336,0.5080215898416776,1200.0000000582345,1200.0000000582345,10402.896419622399,602.2640770789383,43.75022610951648,93.00627221522682,11114.634030335596,5,25684.93898211059,0,1.00000761449337e-07,optimal,optimal,optimal,10099.674416193722,-7.395390461943773,280.1135583494674,345.18119027696616
2025-04-20,Q4-3 SEARCH,0.8,0.5,1200.0000000582345,14,1200.0000000582345,optimal,optimal,36110.94546547239,0.0,0.0,14,9812.077498611116,optimal,optimal,-423.68230826519306,69.98311419659638,2171.3308945293443,0.6073341468644926,14,6240.62222117124,optimal,optimal,-198.4508782386955,32.71942149705592,996.2555986611535,0.6111158833352179,14,10686.757048178411,optimal,optimal,131.22124529669242,69.89652670091448,0.0,0.5132304054344883,1200.0000000484144,1200.0000000484144,10711.991397557751,-490.9119412071961,60.78249189185444,139.49581918882598,35759.52934345402,1,36574.044519137555,0,1.0000196084547497e-07,optimal,optimal,optimal,36339.70802658903,-450.203367149298,-198.05825798301788,127.66627038329469
2025-04-21,Q4-3 SEARCH,0.8,0.5,1200.0000000484144,14,1200.0000000484144,optimal,optimal,37451.82685755621,0.0,0.0,14,9031.40826551509,optimal,optimal,-2142.2819733833953,0.0,8883.131322233377,0.6253216562577153,14,6512.357139579679,optimal,optimal,-322.633262134544,31.991207797307993,1350.0127042136808,0.6007158765197587,14,10399.952770284148,optimal,optimal,613.1148345310511,319.32210030341616,-1.1368683772161603e-13,0.5134253152998147,1200.0000000999999,1200.0,10463.30089514472,-1851.8004009868882,268.00996796935465,1048.5589442312207,36648.58540080054,11,36435.24910840574,0,1.0000803740695119e-07,optimal,optimal,optimal,37899.33043328175,-2410.0853303300332,-358.3023670121118,582.5782872697738
2025-04-22,Q4-3 SEARCH,0.8,0.5,1200.0000000999999,14,1200.0000000999999,optimal,optimal,34323.67751222027,0.0,0.0,14,9635.447958044713,optimal,optimal,1409.3879618236274,1161.375889668428,35.63998983471396,0.6435025635047428,14,7794.508408065611,optimal,optimal,-306.2280646174567,62.235987231825504,1287.0430086198387,0.6296844276844874,14,10694.733467220567,optimal,optimal,118.33842776558397,63.63394992228068,2.2737367544323206e-13,0.5113693121866998,1200.0000000520668,1200.0000000520668,10714.260040463518,1221.4983249717545,310.0648507269427,1009.1117414572573,36554.28757864928,5,35293.05853493353,0,1.0000803740695119e-07,optimal,optimal,optimal,33987.373995529124,1444.116608865795,-284.4902785463535,121.15131388225346
2025-04-23,Q4-3 SEARCH,0.8,0.5,1200.0000000520668,14,1200.0000000520668,optimal,optimal,33602.74176895221,0.0,0.0,14,8962.709741366327,optimal,optimal,704.8104452886068,535.8912720094272,1.1368683772161603e-13,0.6652018081171397,14,6268.254632292253,optimal,optimal,322.23080572037924,530.2180194081121,76.48417711367023,0.634829254027098,14,10419.027986867044,optimal,optimal,599.7147960825286,312.0379693018201,1.1368683772161603e-13,0.5036252860087479,1200.0000000523862,1200.0000000520668,10429.455963588549,1626.7560470915146,106.96500718939575,343.50152507989117,35572.999341123614,5,35419.79430432813,0,1.00000761449337e-07,optimal,optimal,optimal,32877.82343480024,749.4835439586726,349.70590046256484,562.6055392754716
2025-04-24,Q4-3 SEARCH,0.8,0.5,1200.0000000523862,14,1200.0000000523862,optimal,optimal,34225.97349345751,0.0,0.0,14,9893.554425185192,optimal,optimal,-244.73199017032783,75.10232694366219,1800.4673244164578,0.6912673015858386,14,7535.002223888896,optimal,optimal,203.32470939449544,182.9382687646701,233.81569496543904,0.6520926938239926,14,10661.780582737232,optimal,optimal,183.0799714795471,105.175366449671,40.2489665637861,0.5028857172901148,1200.0000000730033,1200.0000000523862,10676.253538797233,141.67269070371472,22.431790082951256,34.14118450625357,34401.78736866748,1,33511.88918450337,0,1.00000761449337e-07,optimal,optimal,optimal,33847.38685930519,-231.92562258755294,192.0431033923918,174.31311230156274
2025-04-25,Q4-3 SEARCH,0.8,0.5,1200.0000000730033,14,1200.0000000730033,optimal,optimal,10261.838609955126,0.0,0.0,14,2899.153224238693,optimal,optimal,59.28520684664415,94.65580039082758,222.30830108859013,0.6817311944384786,14,10581.934058125218,optimal,optimal,-142.78182385294463,0.0,459.4659781214098,0.6363749218033539,14,9866.848244398567,optimal,optimal,257.1800652148024,209.82153067580904,25.44638623817508,0.49178572554188016,1212.079500036045,1200.0,10581.934058125218,173.68344820850194,128.3351755540452,383.7265459410198,10819.248604104647,6,26190.784852932557,0,1.0000258043874055e-07,optimal,optimal,optimal,10316.64526554301,51.99263827024256,-136.95486377499662,235.89339067081386
2025-04-26,Q4-3 SEARCH,0.8,0.5,1212.079500036045,14,1212.079500036045,optimal,optimal,9889.042111825807,0.0,0.0,14,2312.7947438462083,optimal,optimal,25.329836871918562,22.162291041186506,7.513213290621934e-06,0.68235784829596,14,10159.219651192021,optimal,optimal,48.887651751199954,64.03049289258865,19.797669893483004,0.6546457848793954,14,9755.785770024775,optimal,optimal,352.71479431373047,283.76412927929033,0.0,0.48895997035494543,1200.0000000520913,1200.0000000520913,10413.173899654405,426.932282936849,84.28461818803322,148.94792190277747,10464.922316665434,5,25996.8380886323,0,1.000043994281441e-07,optimal,optimal,optimal,9775.283141484644,24.63841010439475,43.76968202548358,304.74481414723925
2025-04-27,Q4-3 SEARCH,0.8,0.5,1200.0000000520913,14,1200.0000000520913,optimal,optimal,32767.173010009836,0.0,0.0,14,9063.807598061823,optimal,optimal,179.97948065311834,374.52428343566396,1583.2852368368158,0.6685449852451066,14,7110.660703802566,optimal,optimal,-28.463009802891058,125.84579960080089,614.7091920817343,0.6363660385418936,14,9661.549461185496,optimal,optimal,807.8952371061622,427.75038085169064,1.1368683772161603e-13,0.48601436749670646,1200.0000000494708,1200.0000000494708,10476.804264728491,959.4117079563895,779.3835161513027,3079.258782277927,36805.84350024415,17,35666.20029910597,0,1.0001531336456537e-07,optimal,optimal,optimal,33102.78136377647,112.17774586485704,-33.44063186256315,764.6792320606783
2025-04-28,Q4-3 SEARCH,0.8,0.5,1200.0000000494708,14,1200.0000000494708,optimal,optimal,41136.211221800404,0.0,0.0,14,9360.092728441989,optimal,optimal,-695.4063550858283,82.97427372030484,2405.7671951577777,0.6360380262969082,14,6161.945534213844,optimal,optimal,-176.6055276993568,52.63863034688768,805.217223435491,0.6472560070857856,14,10562.816758316763,optimal,optimal,266.4527773147738,142.3196290861786,5.684341886080801e-13,0.49128042178914716,1200.0000000500838,1200.0000000494708,10786.711739999997,-605.5591054704113,31.11032168554905,68.21000521158255,40598.86212154158,2,38332.585873632685,0,1.0000030670198612e-07,optimal,optimal,optimal,39332.340782878986,-571.4952633396978,-163.29985507034763,275.38819616676875
2025-04-29,Q4-3 SEARCH,0.8,0.5,1200.0000000500838,14,1200.0000000500838,optimal,optimal,33645.10743691954,0.0,0.0,14,6642.590041004318,optimal,optimal,-395.2532863383093,442.4474007017415,4329.218436260615,0.5976011825390406,14,7013.983879287495,optimal,optimal,-52.274493983660506,13.60380872630924,224.46612601077746,0.6543095372023991,14,10430.657531981202,optimal,optimal,484.8889637093272,290.91297604486437,0.0,0.4937930323404398,1209.5605336789397,1200.0,10462.660994666385,37.361183387357414,392.54173794933695,1724.082900985335,35406.55152129223,9,32235.538750193387,0,1.0000803740695119e-07,optimal,optimal,optimal,33815.016785355336,-431.3432972627387,-52.95069244203193,467.09819254817546
2025-04-30,Q4-3 SEARCH,0.8,0.5,1209.5605336789397,14,1209.5605336789397,optimal,optimal,32334.908406308256,0.0,0.0,14,8365.278593411835,optimal,optimal,-167.08461287103768,0.0,675.7693528882374,0.5740318658404769,14,6430.0379210044275,optimal,optimal,-211.03248880613623,0.0,445.0440083954471,0.67107790681695,14,10349.933609127303,optimal,optimal,623.9453570550968,378.64689317617507,0.0,0.4975611829940708,1200.0000000496698,1200.0000000496698,10454.593997840486,245.82825537792291,177.10993231682784,617.363010109656,33198.09967179583,6,32871.5327275406,0,1.00000761449337e-07,optimal,optimal,optimal,32917.933833539326,-158.394339958745,-209.25715918682403,572.9372193538043
2025-05-01,Q4-3 SEARCH,0.8,0.5,1200.0000000496698,14,1200.0000000496698,optimal,optimal,34836.296819692434,0.0,0.0,14,8276.2644937037,optimal,optimal,48.90229406676693,563.4422860126908,2625.766525584753,0.5620565283427029,14,6882.69328760782,optimal,optimal,-158.75569478300238,0.0,336.46276460946945,0.6419027216171779,14,10210.456524527473,optimal,optimal,833.599561783468,450.18713305390764,0.0,0.50271368485792,1200.0000000616228,1200.0,10549.515817526451,723.7461610672325,2412.916648192554,11105.6896532387,46665.73263399837,28,34958.979247957155,0,1.0000087513617473e-07,optimal,optimal,optimal,34031.54721306235,2.1045729914785474,-150.99811351011442,795.275669084622
2025-05-02,Q4-3 SEARCH,0.8,0.5,1200.0000000616228,14,1200.0000000616228,optimal,optimal,13152.407360340836,0.0,0.0,14,3208.144206255631,optimal,optimal,-40.396551950699134,0.0,99.52934295107958,0.5564958485916337,14,8952.730386281564,optimal,optimal,-30.524927336331935,0.0,84.7209042034503,0.6609513899290419,14,9009.251657994058,optimal,optimal,483.23785866356116,288.93145510526824,0.0,0.5059890836015601,1200.0,1200.0,9288.248178082415,412.3163793765301,1438.2480319130989,6403.173020378516,19967.896760095882,28,24329.60187514168,0,1.0000132988352561e-07,optimal,optimal,optimal,12377.728493541981,-39.19023482796804,-29.56807259075944,507.3024215821379
2025-05-03,Q4-3 SEARCH,0.8,0.5,1200.0,14,1200.0,optimal,optimal,12146.494770105523,0.0,0.0,14,3070.676250928462,optimal,optimal,-62.388889269891024,2.6712491878832644e-07,188.4288867796985,0.5394404610795432,14,8834.03486701904,optimal,optimal,5.81588411044748e-07,6.536169671379389e-07,-2.2737367544323206e-13,0.6475721298297373,14,8869.051031409574,optimal,optimal,1992.4437684788873,1157.0446434620949,0.0,0.503318333021994,1384.6196068138388,1200.0,9202.721114111908,1930.0548797905847,995.4702168839683,4401.144333038287,18477.693982934394,16,22415.568487592085,0,1.0000883321481524e-07,optimal,optimal,optimal,11895.916367487192,-60.36624851815836,6.000072763268784e-07,1950.3829980644289
2025-05-04,Q4-3 SEARCH,0.8,0.5,1384.6196068138388,14,1384.6196068138388,optimal,optimal,37875.84394595685,0.0,0.0,14,9317.993250118683,optimal,optimal,-1027.3824288159685,22.311608333333425,4618.304038413637,0.5430646147471601,14,8130.902193266831,optimal,optimal,-352.50169633092423,0.0,932.2552836582458,0.6401290513762119,14,8511.081971313559,optimal,optimal,3542.0529651391957,1935.0007534486167,0.0,0.5013300733504729,1287.3120843068994,1200.0,10633.59339826683,2162.168839992303,1058.4031103906282,5138.433766483149,45176.446552432295,20,29039.771224035703,0,1.0000223937822739e-07,optimal,optimal,optimal,36423.67558003552,-898.622803535842,-363.5849417940815,3401.196081883945
2025-05-05,Q4-3 SEARCH,0.8,0.5,1287.3120843068994,14,1287.3120843068994,optimal,optimal,39820.3107186416,0.0,0.0,14,9970.619686111115,optimal,optimal,-983.7520953864224,0.0,2511.535164323657,0.5324815600799475,14,6494.08735339381,optimal,optimal,-334.57027146389885,16.933173892860736,1387.6330235679507,0.6431997159404194,14,8462.08646925305,optimal,optimal,3781.476319690914,2052.1009291405862,6.1134426079053465,0.500828878493704,1538.4371384918556,1200.0,10694.063667592596,2463.153952840593,695.8112250035277,3427.3851380594238,45710.849809541614,11,31831.69554669883,0,1.0000212569138967e-07,optimal,optimal,optimal,38785.63465372665,-956.1044958372232,-336.67594758734623,3635.4139911086995
2025-05-06,Q4-3 SEARCH,0.8,0.5,1538.4371384918556,14,1538.4371384918556,optimal,optimal,34322.5525220987,0.0,0.0,14,7059.924787215159,optimal,optimal,1098.433312236771,1032.8963270459099,378.7516490469531,0.5646785068807457,14,5121.018105000001,optimal,optimal,1147.1944220910766,1305.6078815406343,61.72207198754097,0.6044219334885613,14,8649.414828947098,optimal,optimal,3359.9754765040584,1772.9944777505398,0.0,0.5055075724842293,1283.4819905337465,1200.0,8649.414828947098,5605.603210831906,1678.9534384011836,8446.987226490453,48375.14295942106,27,30425.555341002662,0,1.0000417205446865e-07,optimal,optimal,optimal,32953.80563787381,1029.7257737684263,1174.8388107647495,3242.927632054653
2025-05-07,Q4-3 SEARCH,0.8,0.5,1283.4819905337465,14,1283.4819905337465,optimal,optimal,37987.903913742004,0.0,0.0,14,9458.575281399766,optimal,optimal,13.783599223945801,51.27308748644862,352.6539104769787,0.566875293551075,14,6149.834950141674,optimal,optimal,4.840520949968494,17.248703322338656,57.46622163464591,0.5889126347063195,14,8849.037613578415,optimal,optimal,3343.804919480065,1736.6715733053857,9.205362208564049,0.5070298171669906,1447.589369686599,1200.0,10589.00835547384,3362.4290396539795,681.117869223588,4026.3586870730755,45376.69164046906,13,32466.01318812694,0,1.0000985639635473e-07,optimal,optimal,optimal,36649.30290839245,1.337113421557604,5.645328564949596,3334.7244723281933
2025-05-08,Q4-3 SEARCH,0.8,0.5,1447.589369686599,14,1447.589369686599,optimal,optimal,42125.60140327386,0.0,0.0,14,9794.397021801946,optimal,optimal,-1027.550509201349,122.41161023687806,4506.047988901097,0.5851807619954906,14,6470.822992496866,optimal,optimal,385.2169818281587,394.9150139985273,276.5630521525766,0.5887850983901098,14,9138.626579975355,optimal,optimal,2896.4184567659045,1477.822994331858,47.72021744909665,0.4990362085800908,1617.373947792039,1249.635746985873,10516.920169950094,2254.084929392714,817.5774663848684,3210.6634524730084,47590.34978513959,13,31436.784826656258,0,1.0000803740695119e-07,optimal,optimal,optimal,40798.81274820717,-931.5939387558574,369.72623474914025,2873.9491271102006
2025-05-09,Q4-3 SEARCH,0.8,0.5,1617.373947792039,14,1617.373947792039,optimal,optimal,13265.385987588448,0.0,0.0,14,3204.323032277289,optimal,optimal,187.10489940507108,125.93403261529339,6.360040653972362,0.5828378273268697,14,8532.894265905355,optimal,optimal,152.6476568802095,131.03788548475785,114.23514773538068,0.6106769077868192,14,10459.71983202415,optimal,optimal,453.0176692439293,301.14796197744727,61.34165309204608,0.5084599939648704,1209.2931305634247,1209.2931305634247,10459.71983202415,792.7702255292098,6.592459737329133e-07,1.0999912717662034e-06,14058.15621421765,0,25063.384288890175,0,1.0000007932831068e-07,optimal,optimal,optimal,12823.665026399982,183.6246857908887,150.83019408156756,442.88130348717164
2025-05-10,Q4-3 SEARCH,0.8,0.5,1209.2931305634247,14,1209.2931305634247,optimal,optimal,13711.917697568859,0.0,0.0,14,3829.5474137455803,optimal,optimal,263.618116715502,250.57209622530414,3.410605131648481e-13,0.6124674265745421,14,8693.069045619006,optimal,optimal,83.50568978481867,93.5660433250398,0.0,0.6135156098982888,14,9172.92561588024,optimal,optimal,2371.284319718526,1446.0255583883954,72.26672054918836,0.5174193229173041,1200.0000000514162,1200.0000000514162,9182.085455982457,2718.408126218847,212.9050188930854,568.1850421103545,16998.51086589806,5,23062.396215885965,0,1.0000030670198612e-07,optimal,optimal,optimal,13070.869149817341,275.30031912235114,92.36010024402441,2456.8538849028296
2025-05-11,Q4-3 SEARCH,0.8,0.5,1200.0000000514162,14,1200.0000000514162,optimal,optimal,40500.18487107349,0.0,0.0,14,9899.812665654266,optimal,optimal,-280.2413970580004,402.3925913755792,2813.202458897161,0.6128798386458739,14,6800.629701156446,optimal,optimal,220.93203125931547,345.60801890645246,1142.4524120102287,0.6064088480203318,14,9173.188514415531,optimal,optimal,2857.8556358084193,1457.6654933141854,45.525444170201325,0.5179237835685995,1485.866777366233,1200.0,10568.92886935797,2798.546270009734,566.4340166317429,3306.8461333270784,46605.5772744103,12,30949.983103163984,0,1.0001213013310917e-07,optimal,optimal,optimal,39584.09986076094,-260.0515015431723,246.79616934150428,2833.463882177027
2025-05-12,Q4-3 SEARCH,0.8,0.5,1485.866777366233,14,1485.866777366233,optimal,optimal,36456.947030410374,0.0,0.0,14,9393.730013424776,optimal,optimal,1398.3693865067191,1125.2106066123188,1.1368683772161603e-13,0.6222051305743269,14,7778.601352365827,optimal,optimal,238.40784451238045,296.06763628275945,445.6367706268271,0.6042043258947416,14,9144.899429692212,optimal,optimal,2839.419009317408,1487.451468544856,55.847111620351484,0.5147239641943456,1567.2848132574993,1201.9554944517374,10707.898846713595,4476.196240336508,366.41924653489957,1816.7704225337202,42749.91369328061,5,27961.54331810374,0,1.0000803740695119e-07,optimal,optimal,optimal,35740.784918724865,1417.01474230136,268.45566974781724,2716.0962436786913
2025-05-13,Q4-3 SEARCH,0.8,0.5,1567.2848132574993,14,1567.2848132574993,optimal,optimal,41666.86521832131,0.0,0.0,14,9980.477988249999,optimal,optimal,-1314.2160648618742,459.2014023686761,6175.130494229126,0.6096449450743807,14,6596.667780864418,optimal,optimal,291.54961587990965,429.0860191661161,966.0515281969713,0.6109347968771492,14,8971.925258265825,optimal,optimal,3063.802686850532,1598.6434607045107,63.909675062872296,0.5129126391594787,1494.9444490960846,1200.0000000164719,10749.035194999997,2041.1362378685676,379.11268223728786,1968.1306376340851,45676.132093823966,14,29673.8293284713,0,1.0000428574130638e-07,optimal,optimal,optimal,40589.362612486075,-1161.0313593948486,326.53581751953175,3054.7815741554755
2025-05-14,Q4-3 SEARCH,0.8,0.5,1494.9444490960846,14,1494.9444490960846,optimal,optimal,40364.83796062004,0.0,0.0,14,9869.358590654012,optimal,optimal,-278.42773527461424,0.0,884.3206587986716,0.6287185154858466,14,6049.805595329517,optimal,optimal,-578.9144825134825,0.0,1811.4283744078505,0.5923866460924188,14,9219.619366292412,optimal,optimal,2587.6146808529875,1383.945291358677,10.501206499404717,0.5051761010413914,1455.6601628722376,1223.7011214896684,10594.838683246604,1730.2724630648906,6.995626462002949e-07,2.299982458548331e-06,42095.11042598491,0,29992.608416718096,0,1.0000373947998919e-07,optimal,optimal,optimal,40243.68827148432,-267.5138172302218,-585.3762802086284,2628.2665500615585
2025-05-15,Q4-3 SEARCH,0.8,0.5,1455.6601628722376,14,1455.6601628722376,optimal,optimal,41794.40852948409,0.0,0.0,14,9913.76596904622,optimal,optimal,2.7070631332660113,65.89402127398108,256.9238212488443,0.5880965951884245,14,7306.534904931521,optimal,optimal,-758.8847392827411,0.0,2304.108997866033,0.6413907975808933,14,9288.04086694592,optimal,optimal,2473.1169258515374,1331.4958902552921,0.0,0.5023496857229169,1468.7609133573467,1455.6601628722376,10645.552543120295,1716.9392497020624,3.5875230366092593e-07,7.999990260999954e-07,43511.34777998615,0,30192.262105836482,0,1.0001213013310917e-07,optimal,optimal,optimal,41693.96567916202,0.6391573875249055,-750.3929699342416,2529.192699519988
2025-05-16,Q4-3 SEARCH,0.8,0.5,1468.7609133573467,14,1468.7609133573467,optimal,optimal,13882.708999531402,0.0,0.0,14,2500.2359451039665,optimal,optimal,-65.6035380868089,0.0,168.22871192410275,0.5807333829636694,14,8376.657322238454,optimal,optimal,-156.09691169791677,0.0,511.93821862830396,0.6697991599322327,14,10053.081397322678,optimal,optimal,1033.0927760242184,631.4989455170539,169.85541397956428,0.49022271234302023,1200.000000053035,1200.0,10053.081397322678,811.3923262394928,97.9466862402358,165.96867493699193,14860.070000707887,3,21065.627891742683,0,1.0000030670198612e-07,optimal,optimal,optimal,14048.239572923041,-63.84412791900358,-151.4722721062726,899.4778766439917
2025-05-17,Q4-3 SEARCH,0.8,0.5,1200.000000053035,14,1200.000000053035,optimal,optimal,14005.583301546065,0.0,0.0,14,2163.23305075402,optimal,optimal,-32.14787821002072,0.6068597625914549,107.71263400064657,0.5642788474441499,14,8378.154828086284,optimal,optimal,-61.5871917970572,15.628316555494166,249.9016894590184,0.6626488208544578,14,9219.563903036189,optimal,optimal,2394.9638244636135,1450.2026514080446,176.71960637860082,0.47940430771132864,1200.0000000495372,1200.0000000495372,9219.563903036189,2301.2287544565356,298.5243680576731,934.73091499005,17241.54297099265,5,21099.057461296692,0,1.0003009265346918e-07,optimal,optimal,optimal,14039.610939242772,-30.464058537473672,-53.90848675214085,2360.6865365588137
2025-05-18,Q4-3 SEARCH,0.8,0.5,1200.0000000495372,14,1200.0000000495372,optimal,optimal,43843.22816657863,0.0,0.0,14,9717.730876425672,optimal,optimal,-989.551686099953,88.78954451398988,4134.909826082216,0.5552544511539624,14,5833.499605865684,optimal,optimal,-65.75593949993198,27.23178332472571,374.1127412007802,0.6579382952051857,14,9439.77083930059,optimal,optimal,2194.043956234485,1107.2501564835861,0.0,0.4951790349470917,1641.006835786509,1200.0000000495372,10413.115651077742,1138.7363306345999,2.72603771830637e-07,5.999930562126344e-07,44981.96449781322,0,30486.195699703985,0,1.0001008377003018e-07,optimal,optimal,optimal,43783.133733856586,-958.1427146108293,-59.192544774441814,2182.6217734172255
2025-05-19,Q4-3 SEARCH,0.8,0.5,1641.006835786509,14,1641.006835786509,optimal,optimal,38916.906351069156,0.0,0.0,14,10044.258296944443,optimal,optimal,-816.2058605993811,0.0,4326.050210802159,0.57627531086384,14,8657.00699368447,optimal,optimal,366.99064611976496,323.2260098457569,38.017164754949896,0.6551490172527845,14,9492.388194666491,optimal,optimal,2180.752598903223,1111.5109806836401,1.1368683772161603e-13,0.4869027646502461,1681.0466237825756,1414.4155591353401,10728.263852499998,1731.5373844236067,8.23250034545283,57.45050224998909,40705.89423774275,1,28731.871025854693,0,1.0000803740695119e-07,optimal,optimal,optimal,39476.17492275354,-1035.3526154741303,346.30615805772163,2061.3083533619647
2025-05-20,Q4-3 SEARCH,0.8,0.5,1681.0466237825756,14,1681.0466237825756,optimal,optimal,39035.60166707389,0.0,0.0,14,10128.53287037037,optimal,optimal,-27.052886821985453,252.24920350251844,1194.705902605982,0.5737972755335464,14,6752.218456340615,optimal,optimal,118.8169497520823,130.2591411557874,0.0,0.6409757704854452,14,9325.706994018801,optimal,optimal,2480.602564244942,1235.6336479481483,0.0,0.4864471924874341,1638.507051690108,1611.924801746023,10800.0,2572.366627175039,47.92118594867191,176.771092100268,41784.739386349196,4,28816.45994802184,0,1.0000104430218925e-07,optimal,optimal,optimal,39247.892384536884,-8.027297445989362,102.16340483347169,2431.034777676331
2025-05-21,Q4-3 SEARCH,0.8,0.5,1638.507051690108,14,1638.507051690108,optimal,optimal,37114.899852955656,0.0,0.0,14,7177.080080441496,optimal,optimal,627.7754873688356,552.9809126909018,0.024130482852115165,0.5685082670468646,14,5996.928356284978,optimal,optimal,-156.03754195256204,39.64640232453087,1095.2358111111112,0.6532667259997932,14,9248.926554094389,optimal,optimal,1601.0101641869107,863.7020252547018,0.0,0.49013871318365915,1271.9315009309732,1253.0885009885005,9248.926554094389,2072.7481096031843,103.23042116721186,384.47429928050525,39572.122261839344,3,27661.13311413805,0,1.0001531336456537e-07,optimal,optimal,optimal,36847.85154603093,626.7511462971308,-173.58575707753025,1648.4874329675397
2025-05-22,Q4-3 SEARCH,0.8,0.5,1271.9315009309732,14,1271.9315009309732,optimal,optimal,37325.50403327192,0.0,0.0,14,9447.712185102737,optimal,optimal,-191.0217108558894,51.53170716089352,596.9455518167935,0.591923604047443,14,7667.75661843607,optimal,optimal,-346.3955847893878,4.840856258526969,733.940740973855,0.6250893073790399,14,9694.102506057572,optimal,optimal,1523.7009095786025,832.8119554155184,0.0,0.4967499063622417,1424.7206134536382,1271.9315009309732,10707.265314732365,986.2836139333253,109.76946522813289,363.0645168222519,38674.8521640275,6,30940.559673656193,0,1.0000667316489853e-07,optimal,optimal,optimal,37516.5061570534,-183.42002491193935,-349.411308184587,1486.4877075176441
2025-05-23,Q4-3 SEARCH,0.8,0.5,1424.7206134536382,14,1424.7206134536382,optimal,optimal,12278.682388201167,0.0,0.0,14,2164.1648141588457,optimal,optimal,-78.3131234448234,0.0,260.88828096576,0.6286188202783171,14,9609.624592466194,optimal,optimal,175.35981776862633,213.92536811686804,19.371782819401446,0.5954141752638227,14,9592.6150327934,optimal,optimal,1644.1913630975896,996.533398118379,1.1368683772161603e-13,0.5052994604995769,1708.154417962566,1424.7206134536382,9639.999262107625,1741.2380574213926,2.5569685090517853e-07,4.0000230195445813e-07,14019.920446022563,0,21930.96820371562,0,1.00000761449337e-07,optimal,optimal,optimal,12294.072153030425,-79.95866016622206,171.0362184523775,1673.8984574467
2025-05-24,Q4-3 SEARCH,0.8,0.5,1708.154417962566,14,1708.154417962566,optimal,optimal,13015.826082049036,0.0,0.0,14,1870.854022845598,optimal,optimal,-232.17353296611182,0.0,728.5468398621392,0.6142470598441125,14,9128.9708090359,optimal,optimal,-108.95277934236756,0.0,266.7041187805515,0.5634376313290766,14,10319.965860136845,optimal,optimal,339.80982719512207,201.19249879458948,0.0,0.5062499574038256,1267.7285793702204,1267.7285793702204,10334.769767649856,-1.3164851133573165,2.751091718662217e-07,4.999995994538256e-07,13014.50959743568,0,21968.083725022527,0,1.0002827366406564e-07,optimal,optimal,optimal,12935.823046239319,-251.4176840312427,-108.00387354638484,310.1715956762414
2025-05-25,Q4-3 SEARCH,0.8,0.5,1267.7285793702204,14,1267.7285793702204,optimal,optimal,37737.382225948764,0.0,0.0,14,10025.677745942558,optimal,optimal,-779.3009799461252,0.0,3325.513300305069,0.6349394761297966,14,9156.450315326209,optimal,optimal,-86.5615187926951,0.0,145.0690089081985,0.5513013261352812,14,9603.033040078824,optimal,optimal,1636.6528081619447,835.4068587190918,0.0,0.4863585004275528,1395.24735827562,1249.009320110961,10740.185270633916,770.7903094231244,48.226939862527175,237.8438106302042,38746.01634600209,4,28777.295533671626,0,1.0000030670198612e-07,optimal,optimal,optimal,37942.11605463068,-847.7644671282097,-82.3044615955045,1577.7486651493714
2025-05-26,Q4-3 SEARCH,0.8,0.5,1395.24735827562,14,1395.24735827562,optimal,optimal,36670.94327119019,0.0,0.0,14,9092.969435458223,optimal,optimal,-506.63161909103866,5.564814814814895,1233.7015617220895,0.6219222320018284,14,4565.4137821248905,optimal,optimal,1225.6204698045537,1580.6856604154157,0.0,0.5518940192800226,14,10047.356014370094,optimal,optimal,1244.8865720497542,635.7508081015717,0.0,0.4973434985470992,1431.2933620891868,1388.749494551877,10330.530916939704,1963.8754227632694,73.04835075291217,293.42194979592125,38928.24064374938,7,33433.3462977346,0,1.0000258043874055e-07,optimal,optimal,optimal,36714.11599102443,-520.5203817725114,1219.1636007229838,1236.393689328967
2025-05-27,Q4-3 SEARCH,0.8,0.5,1431.2933620891868,14,1431.2933620891868,optimal,optimal,34675.97219844523,0.0,0.0,14,7447.2593681863655,optimal,optimal,794.7020164137903,1014.1504724492297,0.0,0.6357303952212594,14,6226.099723186365,optimal,optimal,-123.49210289274971,0.0,282.542122606653,0.5838652431269783,14,10084.895653164338,optimal,optimal,955.5149131432772,515.0451429299874,0.0,0.4886651889197987,1365.181485413149,1365.181485413149,10135.375550634883,1626.7248266643178,4.9165380574585686e-08,1.0000232372461268e-07,36302.69702520955,0,31086.886522856752,0,1.0008784556703176e-07,optimal,optimal,optimal,34351.65563811457,907.8758683301858,-126.94898440490569,915.0322749350735
2025-05-28,Q4-3 SEARCH,0.8,0.5,1365.181485413149,14,1365.181485413149,optimal,optimal,38946.24826288475,0.0,0.0,14,9808.296763703695,optimal,optimal,-505.3180570384451,247.00108331306544,2912.622300080906,0.5908321569580908,14,6345.94304133774,optimal,optimal,-571.6399702701507,76.9501462631743,2743.023519905433,0.5951818170057571,14,10042.747241581525,optimal,optimal,442.38823798292054,280.9311964926958,0.0,0.4837875310871463,1200.0000000466168,1200.0000000466168,10505.364356296288,-634.5697893256752,0.42388907256128583,1.0103395770504655,38312.68881313613,1,32865.49390105445,0,1.0002986527979374e-07,optimal,optimal,optimal,37953.670460011424,-409.63351827276216,-493.87454040780125,461.57982084316046
2025-05-29,Q4-3 SEARCH,0.8,0.5,1200.0000000466168,14,1200.0000000466168,optimal,optimal,37788.88483194949,0.0,0.0,14,9600.838179242439,optimal,optimal,308.80794088739987,330.74735564938004,211.42428975270786,0.5763922328316364,14,7688.369872851132,optimal,optimal,-669.134114082211,14.21333373692039,2749.691495888025,0.5866434162268607,14,10232.887136868943,optimal,optimal,786.5844336376518,424.3416396701093,0.0,0.48108784470784305,1253.9389686952657,1200.0,10278.462301775247,426.2582604428407,441.5644114571041,2074.63866625309,40289.78175864542,16,33898.78294506506,0,1.0000803740695119e-07,optimal,optimal,optimal,37082.51837846967,324.1623625141417,-736.0235548185383,764.6030642566853
2025-05-30,Q4-3 SEARCH,0.8,0.5,1253.9389686952657,14,1253.9389686952657,optimal,optimal,11599.677271251985,0.0,0.0,14,2349.5376259077584,optimal,optimal,200.64954351220828,225.9739255813422,91.01315033626341,0.5411803619026859,14,10641.007925884927,optimal,optimal,51.96902701838849,43.45872633887774,0.0,0.5706245179616362,14,10273.736150487572,optimal,optimal,264.60170174571476,178.96345508312072,0.0,0.4741642960742968,1275.0107989285157,1253.9389686952657,10641.007925884927,517.2202722763116,1.4112470269372516e-07,2.999988692205079e-07,12116.897543828296,0,23734.58490746832,0,1.6389049051213078e-07,optimal,optimal,optimal,11347.87790704973,186.14267770841906,53.711572195871824,272.83533563323306
2025-05-31,Q4-3 SEARCH,0.8,0.5,1275.0107989285157,14,1275.0107989285157,optimal,optimal,12322.652510215012,0.0,0.0,14,2888.725964399804,optimal,optimal,-285.5539996642895,0.0,1053.5979741748818,0.5552075506942729,14,10166.71216147481,optimal,optimal,-61.52106135499869,0.0,216.7661573357579,0.605237812413648,14,10357.093708682778,optimal,optimal,174.51983710729135,131.00237613612268,0.0,0.48422532798077766,1200.0000000419445,1200.0000000419445,10678.318857486358,-172.55522391199688,133.48052526913895,342.34748598654073,12492.444772289555,2,24701.251405132913,0,1.0000030670198612e-07,optimal,optimal,optimal,12681.801341796136,-281.546894526159,-66.06133772236839,181.28195418215734
2025-06-01,Q4-3 SEARCH,0.8,0.5,1200.0000000419445,14,1200.0000000419445,optimal,optimal,53289.87401023279,0.0,0.0,14,8608.642810885574,optimal,optimal,-406.84379102452147,1107.2010038913675,4192.419218706742,0.5666485845600128,14,7853.3010172273425,optimal,optimal,-1354.5024982357381,0.0,3424.0088850875404,0.6415188020531732,14,10261.446972459424,optimal,optimal,771.5399601360889,383.67979527141284,0.0,0.4818533196753399,1200.0,1199.9999999999998,10478.528993490607,-989.8063291241708,4710.258569440272,22070.562398938244,74370.63008004686,46,38909.01631795407,0,1.00000761449337e-07,optimal,optimal,optimal,47088.253214640485,-222.02308636244157,-1254.2046617665992,821.525322532313
2025-06-02,Q4-3 SEARCH,0.8,0.5,1200.0,14,1200.0,optimal,optimal,54326.706047670916,0.0,0.0,14,8315.459987049591,optimal,optimal,-2391.6935351573193,131.57451213375822,7761.277242927993,0.5870249423054743,14,5601.08694115102,optimal,optimal,-154.35977030544294,0.0,600.9239159298883,0.6439861693109434,14,8360.183343221592,optimal,optimal,792.6195805219634,393.1020725012613,0.0,0.48757590409122953,1277.9061143522513,1200.0,9074.84887593848,-1753.4337249407988,3851.4943751269557,21214.389805350125,73787.66212808024,44,32839.858057513164,0,1.0000803740695119e-07,optimal,optimal,optimal,49069.48684875516,-2089.7879917123946,-122.94894450328391,836.174722754485
2025-06-03,Q4-3 SEARCH,0.8,0.5,1277.9061143522513,14,1277.9061143522513,optimal,optimal,49850.048517408955,0.0,0.0,14,8302.971464363609,optimal,optimal,1759.9831763676739,1852.7495553825415,1889.954417667924,0.600796204059773,14,7363.521907886991,optimal,optimal,517.8101692835514,669.9481467934851,822.7798825553946,0.623137584468961,14,8510.733800544474,optimal,optimal,3670.354098650932,1874.6123840935602,0.0,0.49230641353782917,1369.7915721569616,1200.0000000154193,9078.696001400645,5948.147444302158,86.8014026151636,452.3754015213417,56250.571363232455,5,30665.57590461815,0,1.00000761449337e-07,optimal,optimal,optimal,45496.00592711662,1826.2773119491821,563.843701385999,3835.6457299131184
2025-06-04,Q4-3 SEARCH,0.8,0.5,1369.7915721569616,14,1369.7915721569616,optimal,optimal,58249.53838064679,0.0,0.0,14,7747.450711341581,optimal,optimal,-3951.3094535227224,0.0,10573.933572328082,0.5954185206083834,14,7507.635345970926,optimal,optimal,1787.8375279767095,1576.5729623782618,0.0,0.6221504156147986,14,8461.113862701757,optimal,optimal,3604.18364871163,1845.326001436285,0.0,0.50561548891682,1292.3137658597307,1200.0000000158175,9272.630071103396,1440.711723165617,103.32898852882683,723.5148616445142,60413.76496545692,2,30764.761645478582,0,1.0000053407566156e-07,optimal,optimal,optimal,52701.69779824214,-3612.098108944619,1683.6985547225745,3769.4777754619054
2025-06-05,Q4-3 SEARCH,0.8,0.5,1292.3137658597307,14,1292.3137658597307,optimal,optimal,49810.25279294254,0.0,0.0,14,8044.896146031829,optimal,optimal,1352.951093175423,1555.7477813961286,1728.1082022478583,0.6271448997395878,14,5192.682985529902,optimal,optimal,3341.0833826233866,2689.197534456135,0.0,0.6119180322598419,14,8245.15734410888,optimal,optimal,3776.061894185307,1952.6327653641815,0.0,0.5039157795352526,1200.0000000510138,1200.0000000160592,8738.842442328125,8470.096369984116,696.836286706206,4481.618035947312,62761.96719887397,11,32605.313302877727,0,1.0000803740695119e-07,optimal,optimal,optimal,45102.17782953053,1332.6839685757502,2810.1352012943366,4034.6334906310676
2025-06-06,Q4-3 SEARCH,0.8,0.5,1200.0000000510138,14,1200.0000000510138,optimal,optimal,19814.07723891931,0.0,0.0,14,2837.136908117101,optimal,optimal,-363.3229397280214,86.23172506905912,1179.1431390899113,0.6491237145562508,14,6935.298732799493,optimal,optimal,-220.91100457605418,19.739533693288422,662.8574282896186,0.6193737432473572,14,8769.144410761068,optimal,optimal,3183.2137018416524,1763.1388935921455,1.1368683772161603e-13,0.5068166741019111,1558.2251858719815,1199.9999999999998,8769.144410761068,2598.979757537577,2214.36443461259,8672.760091739457,31085.817088196345,18,23170.588404219685,0,1.0000053407566156e-07,optimal,optimal,optimal,17458.559604581664,-310.3345926841392,-200.1452435112523,3536.944149831445
2025-06-07,Q4-3 SEARCH,0.8,0.5,1558.2251858719815,14,1558.2251858719815,optimal,optimal,20126.408014393073,0.0,0.0,14,3491.7220115506907,optimal,optimal,-1049.1697592592998,0.0,4450.742491382507,0.630734207783951,14,7229.99549686177,optimal,optimal,306.8655397918009,289.5693631198461,100.86723800394452,0.619506135247758,14,8770.879913852268,optimal,optimal,3229.7274916720276,1786.7929824904154,-2.2737367544323206e-13,0.5075122047091997,1488.728605976456,1200.0,8770.879913852268,2487.423272204529,1570.9278329658816,6039.561150951654,28653.392437549257,14,24002.24663084904,0,1.0000144357036334e-07,optimal,optimal,optimal,17176.726337720094,-679.7129357297608,310.4070354447295,3595.478572594631
2025-06-08,Q4-3 SEARCH,0.8,0.5,1488.728605976456,14,1488.728605976456,optimal,optimal,51145.77382698092,0.0,0.0,14,10091.580026956623,optimal,optimal,527.4742506897038,799.599854319844,946.5847910348232,0.6311028432083742,14,8201.081257650665,optimal,optimal,-94.14494322379973,28.05038885818351,526.5747583027651,0.5873036668672389,14,8886.333254030009,optimal,optimal,3334.7242624648843,1650.4376546405313,0.0,0.5185860629251362,1749.5522966958545,1214.9419005540012,10780.631878808474,3768.0535699307884,3.1788307754234395e-07,1.4000125956973861e-06,54913.82739831172,0,28984.14676993462,0,1.0000119459618873e-07,optimal,optimal,optimal,49225.617048908556,453.4263055777645,-93.38326385458323,3318.136144273106
2025-06-09,Q4-3 SEARCH,0.8,0.5,1749.5522966958545,14,1749.5522966958545,optimal,optimal,58980.648080265244,0.0,0.0,14,9516.465842429157,optimal,optimal,-1194.705680561193,0.0,2641.6255330956246,0.6421747253364459,14,8656.271157526779,optimal,optimal,-244.88691758489105,13.745445317724716,695.2000318811583,0.5550189168663944,14,9034.529642715921,optimal,optimal,3118.565476931026,1501.9134194766784,0.0,0.5076792954802422,1712.9214226513263,1200.0000000156838,10229.888462759633,1678.9728787849417,208.02418032367996,1468.1571460887822,62127.77810513896,2,30930.771074549113,0,1.0000121619668789e-07,optimal,optimal,optimal,55429.25268792436,-1150.000807391291,-241.8134456611886,3138.6210834859203
2025-06-10,Q4-3 SEARCH,0.8,0.5,1712.9214226513263,14,1712.9214226513263,optimal,optimal,55116.898352852615,0.0,0.0,14,9973.523299092,optimal,optimal,5.692943797271306,29.853163426381116,164.70010752635022,0.6359704973850039,14,5249.916694537233,optimal,optimal,2688.8074570666313,2351.855160226328,58.310699238724155,0.5514512131454722,14,9270.077697090575,optimal,optimal,2677.777559597912,1320.3652697950808,0.0,0.5001111296016376,1683.5711831321157,1432.8383356431295,10655.228854647556,5372.2779604618145,4.089890427745848e-07,1.700016204104158e-06,60489.17631501444,0,34984.65550598543,0,1.0000505171618405e-07,optimal,optimal,optimal,51783.17769662747,12.603522656728614,2305.0426893506046,2785.4961009888784
2025-06-11,Q4-3 SEARCH,0.8,0.5,1683.5711831321157,14,1683.5711831321157,optimal,optimal,59898.140334598385,0.0,0.0,14,10060.270095468477,optimal,optimal,208.23962542125847,313.2272801647128,475.1066844860928,0.6599042917744563,14,4455.494015833334,optimal,optimal,1245.9554159832908,1175.7046281561884,50.36503957869166,0.5395194116416968,14,9305.829818788008,optimal,optimal,2475.1358908985794,1198.2851766606918,0.0,0.48826100731901323,1613.4996388929542,1200.0,10784.358521394402,3929.330932303129,439.34789176562316,2260.4690981720196,66087.94036507353,6,38873.896060578314,0,1.000040200170811e-07,optimal,optimal,optimal,56686.11572525269,213.83343190415349,1091.1009141892632,2587.299124036584
2025-06-12,Q4-3 SEARCH,0.8,0.5,1613.4996388929542,14,1613.4996388929542,optimal,optimal,58394.048273963796,0.0,0.0,14,10048.31712962963,optimal,optimal,-37.840020502563235,0.0,101.51684774247929,0.6301193606221761,14,6497.969253545435,optimal,optimal,26.888470111826535,24.054822021649215,30.36906329626463,0.5744243290526387,14,9294.908663223172,optimal,optimal,2683.9758391589357,1268.1034866148186,0.0,0.5018332704546623,1580.139707592927,1433.6344504578221,10800.0,2673.024288768199,4.243321676152464e-07,1.7000215865233825e-06,61067.07256443201,0,35681.787692075945,0,1.0000359589273314e-07,optimal,optimal,optimal,55960.39735820071,-34.53214014775071,28.53690510733071,2657.3542054563463
2025-06-13,Q4-3 SEARCH,0.8,0.5,1580.139707592927,14,1580.139707592927,optimal,optimal,20521.82758739871,0.0,0.0,14,4209.477069724304,optimal,optimal,-563.407628454722,0.0,1680.5870142075978,0.6242399681456574,14,7074.036612152177,optimal,optimal,174.902959927026,158.75734723218946,41.15708722613431,0.5669753230324613,14,8799.729747524685,optimal,optimal,3175.942889264031,1796.3042923299486,0.0,0.5099189288390025,1637.9915164736535,1200.0000000172522,8799.729747524685,2787.4382207363346,1211.956199810931,4535.32431697848,27844.590125113526,11,20418.411170008054,0,1.0000485417549498e-07,optimal,optimal,optimal,19871.166982533432,-549.5596504174982,186.29208406187408,3305.5869223798695
2025-06-14,Q4-3 SEARCH,0.8,0.5,1637.9915164736535,14,1637.9915164736535,optimal,optimal,21294.529983876815,0.0,0.0,14,3582.6887400469745,optimal,optimal,-318.2215506360237,0.030836990431225786,917.6563318226349,0.6235149057632725,14,6948.64628678225,optimal,optimal,-185.07114868516246,9.674364723246072,581.9853018690599,0.5762993327995513,14,8806.706040848409,optimal,optimal,3094.779194635552,1757.8329508186089,0.0,0.5132157683447175,1200.0000000999999,1200.0000000999999,8891.0732574321,2591.4864953143656,1055.1276744423253,3694.820627052337,27580.837106243518,6,20352.36626976535,0,1.0000849215430208e-07,optimal,optimal,optimal,19539.68782673119,-292.7468185683836,-167.200542981166,3211.0740476061096
2025-06-15,Q4-3 SEARCH,0.8,0.5,1200.0000000999999,14,1200.0000000999999,optimal,optimal,57280.313395681675,0.0,0.0,14,10091.526327499992,optimal,optimal,1619.5703685327194,1959.5733666136048,128.82706149238402,0.6146972657557176,14,4857.686759454119,optimal,optimal,2501.8197426536344,2192.7699942996624,101.3039933435553,0.5517131793820905,14,9316.465684476496,optimal,optimal,2454.721298240892,1191.248810210788,0.0,0.5184838190839023,1492.2775826868012,1200.0000000999999,10776.626327499993,6576.111409427246,4.5009471998130646e-07,1.8999615718997576e-06,63856.42480700889,0,36318.33717588569,0,1.0003714123740792e-07,optimal,optimal,optimal,56703.194016485715,1679.770040318273,2530.102240118323,2422.7366069154104
2025-06-16,Q4-3 SEARCH,0.8,0.5,1492.2775826868012,14,1492.2775826868012,optimal,optimal,59876.09653759393,0.0,0.0,14,9959.865917108978,optimal,optimal,946.7085271161317,1043.3926986446565,75.10853676004604,0.6193389243829498,14,4956.218598399844,optimal,optimal,1410.3135470085833,1303.230636037607,59.81412860576836,0.5741348667196463,14,9414.33848875247,optimal,optimal,2449.3208154650033,1201.413907887778,0.0,0.513763216558851,1618.1204450375571,1200.0000000219914,10770.507432500002,4806.342889589718,216.35909314927721,1074.8353720566247,65757.27479924027,3,36379.94273558888,0,1.000038668812013e-07,optimal,optimal,optimal,59513.144940621765,812.722941576169,1245.9262023120064,2464.831995162079
2025-06-17,Q4-3 SEARCH,0.8,0.5,1618.1204450375571,14,1618.1204450375571,optimal,optimal,60915.88847866033,0.0,0.0,14,10096.342574259255,optimal,optimal,2024.0691523978187,2081.367068015843,105.14489071928426,0.5949626481298967,14,5606.174282089418,optimal,optimal,1385.7969573236346,1080.4658841803418,131.49174841807934,0.5631299982467897,14,10029.972447070599,optimal,optimal,1252.0691398866338,600.7424298310312,0.0,0.5658927919111729,1314.2819987002574,1274.3566837872722,10790.633314999995,4661.935249608087,1.190746629000123e-07,3.000285444527897e-07,65577.82372856844,0,37624.900634319056,0,1.0000803740695119e-07,optimal,optimal,optimal,60014.33763163806,1856.889311988675,1105.3649074640898,1244.290147757786
2025-06-18,Q4-3 SEARCH,0.8,0.5,1314.2819987002574,14,1314.2819987002574,optimal,optimal,61466.913941790204,0.0,0.0,14,10125.206376203701,optimal,optimal,1912.0841404392859,2052.5494494776394,67.91478329727624,0.6020235205475214,14,7341.788951385892,optimal,optimal,-394.78569963456846,0.26151715775245066,811.6710184759291,0.5498425464571668,14,9989.653841951664,optimal,optimal,1388.8715438806862,668.2937546872317,0.0,0.5630220884129864,1408.3381449419985,1314.2819987002574,10800.0,2906.1699846854035,8.089390815124019e-08,2.0001796926040244e-07,64373.08392667562,0,35469.412644705066,0,1.000159954855917e-07,optimal,optimal,optimal,60962.29770503904,1747.182154536643,-385.73009936738026,1343.07897050504
2025-06-19,Q4-3 SEARCH,0.8,0.5,1408.3381449419985,14,1408.3381449419985,optimal,optimal,56862.53889914067,0.0,0.0,14,10030.866413925694,optimal,optimal,22.799572942629997,113.75501787703104,386.71885468652164,0.5577903607428186,14,7754.145197067773,optimal,optimal,1117.0588246317047,944.9183221773741,23.98519563165769,0.5989886677092385,14,9333.362319089007,optimal,optimal,2642.633989968316,1307.9094585898208,0.0,0.5464077990122872,1899.6893971480195,1408.3381449419985,10746.256284256377,3782.492387542651,2.5080159187008373e-07,9.000008937821872e-07,60645.031287583326,0,30126.29307141952,0,1.0005169315263629e-07,optimal,optimal,optimal,57347.049231356155,23.59893075950019,1169.3419278910994,2612.1290658655976
2025-06-20,Q4-3 SEARCH,0.8,0.5,1899.6893971480195,14,1899.6893971480195,optimal,optimal,21585.217312297955,0.0,0.0,14,4259.1775972476225,optimal,optimal,-3.786038710652173,2.2737367544323206e-13,20.376956822099377,0.578479287725168,14,7161.553517269982,optimal,optimal,5.579344285224236e-07,9.78832330741094e-07,0.0,0.5815499330392405,14,9268.405802088078,optimal,optimal,2047.0836446168223,1174.5321093947036,0.0,0.5757366746932912,1816.5571093497476,1437.098537425799,9268.405802088078,2043.2976064641045,3.192858126152262e-07,8.000036318629936e-07,23628.51491956206,0,20235.593127931716,0,1.0000116901779942e-07,optimal,optimal,optimal,21655.709367759882,-4.035959680432328,5.699318670338016e-07,1999.672577248955
2025-06-21,Q4-3 SEARCH,0.8,0.5,1816.5571093497476,14,1816.5571093497476,optimal,optimal,21013.302532244063,0.0,0.0,14,3730.457469908544,optimal,optimal,5.759184047740007e-07,3.329970539311944e-07,0.0,0.5927749342757916,14,7432.398675278226,optimal,optimal,-28.337813785353866,0.0,63.249511894258916,0.5738372418743976,14,9633.400221892649,optimal,optimal,1131.1846507140601,654.0529915016715,0.0,0.559413731876346,1280.3002258574525,1280.3002258574525,9633.400221892649,1102.8468375046248,2.4391005459151694e-07,6.000066903324567e-07,22116.149370348696,0,21302.176181879688,0,1.0007215678342618e-07,optimal,optimal,optimal,21363.916462766472,5.999505570348131e-07,-27.752679857473446,1085.6785251373594
2025-06-22,Q4-3 SEARCH,0.8,0.5,1280.3002258574525,14,1280.3002258574525,optimal,optimal,52475.07984069314,0.0,0.0,14,10105.957679158091,optimal,optimal,1026.82067901958,742.0525245768343,0.0,0.5728972797433772,14,5963.213488971873,optimal,optimal,922.6533828963087,924.2283661572578,0.0,0.570835193695159,14,9556.891280912718,optimal,optimal,2214.976678492722,1089.6753980493547,57.223771262002856,0.555524516666299,1775.506002543175,1280.3002258574525,10753.889160639572,4164.450740408611,3.117726153928168e-07,9.000172171296447e-07,56639.53058200177,0,34541.62827397956,0,1.0001394912251271e-07,optimal,optimal,optimal,52059.54632966079,1029.2544139915794,995.1334789441685,2171.896689029245
2025-06-23,Q4-3 SEARCH,0.8,0.5,1775.506002543175,14,1775.506002543175,optimal,optimal,52680.21995668115,0.0,0.0,14,10108.193055555555,optimal,optimal,1713.7591452933427,1255.5884617169372,40.628033609346225,0.5478457584488032,14,7443.622233770493,optimal,optimal,-186.26243080284604,0.0,456.02826670074467,0.5619297357762374,14,9594.149045247863,optimal,optimal,1308.700065189601,646.4642796865901,0.0,0.5720722180019336,1578.811361819048,1549.8010284066997,10800.0,2836.1967796800977,2.2989426610825461e-07,7.999989129391311e-07,55516.41673716124,0,32709.713678121596,0,1.0000301647457716e-07,optimal,optimal,optimal,53385.444871269065,1747.1884645740492,-188.0372005605903,1271.324365890865
2025-06-24,Q4-3 SEARCH,0.8,0.5,1578.811361819048,14,1578.811361819048,optimal,optimal,62672.44993094502,0.0,0.0,14,9372.62242589506,optimal,optimal,-25.26877729702835,185.8530063848185,664.6519746709814,0.5532714297404863,14,6732.343308863263,optimal,optimal,-425.71832803621976,0.0,1055.8783825426833,0.571298303327644,14,10436.571002316603,optimal,optimal,340.35052871734314,176.24209710085026,0.0,0.5349504933453456,1302.9914870989464,1302.9914870989464,10494.082190311587,-110.63657661590497,1.246968359930476e-07,2.99999869487935e-07,62561.813354629114,0,39418.2757160403,0,1.0001531336456537e-07,optimal,optimal,optimal,61380.02111665014,-25.251098810710374,-430.3232117659871,347.24488158231213
2025-06-25,Q4-3 SEARCH,0.8,0.5,1302.9914870989464,14,1302.9914870989464,optimal,optimal,53175.579704001124,0.0,0.0,14,10072.460657059162,optimal,optimal,2055.035835386439,2038.3891781399802,1363.1877061714981,0.5550212135591391,14,9043.05123600909,optimal,optimal,477.3333328651591,750.5023347999406,1426.1803274112956,0.571904353746946,14,9936.422879146794,optimal,optimal,1379.3554971608057,669.8303802186653,-1.1368683772161603e-13,0.4999812136413801,1731.626223003086,1302.9914870989464,10743.676860762866,3911.7246654124037,1.7951608305061206e-07,4.000102251198209e-07,57087.30436981354,0,33783.65815055549,0,1.0000172681304159e-07,optimal,optimal,optimal,53479.51777813816,2144.4553258497426,506.50154471051053,1338.4591204372737
2025-06-26,Q4-3 SEARCH,0.8,0.5,1731.626223003086,14,1731.626223003086,optimal,optimal,50101.88727767782,0.0,0.0,14,10098.600837499996,optimal,optimal,231.85326119226673,239.9352278766806,62.94838606932535,0.6154476994763852,14,7381.792981407712,optimal,optimal,1602.7455552868698,1558.5451135748906,0.0,0.5203880635663166,14,10328.173364059287,optimal,optimal,450.1271795193533,265.0768683693418,0.0,0.5057891811807994,1367.1239301126254,1365.6551522803404,10792.425837499997,2284.72599599849,4.903281705984508e-08,1.0000273621318577e-07,52386.61327377631,0,32733.62080816228,0,1.0002236194850411e-07,optimal,optimal,optimal,50592.93670440944,267.6539866212473,1763.5178793364626,455.6408711295702
2025-06-27,Q4-3 SEARCH,0.8,0.5,1367.1239301126254,14,1367.1239301126254,optimal,optimal,18883.41925205748,0.0,0.0,14,4056.9931986874753,optimal,optimal,-17.014027758666494,2.8117650698631564,80.53420780797791,0.6066326695946632,14,8389.529859472581,optimal,optimal,-270.3166866569687,1.0324423556085094e-06,893.6082426451374,0.5512498505646977,14,9865.104935202098,optimal,optimal,1329.9681929820283,768.1888327982797,0.0,0.4697623913490641,1933.674527212804,1367.1239301126254,9865.104935202098,1042.6374785663932,1.6114338929633637e-07,4.00004792129236e-07,19926.056731023877,0,21526.967866006125,0,1.0006078809965402e-07,optimal,optimal,optimal,19302.27403059308,-19.816751518713296,-283.42187857953667,1268.5987707853787
2025-06-28,Q4-3 SEARCH,0.8,0.5,1933.674527212804,14,1933.674527212804,optimal,optimal,18064.111234670883,0.0,0.0,14,3181.0597663757612,optimal,optimal,-4.8503798933642175,0.0,8.471539417280967,0.6263606816706172,14,9367.313273240477,optimal,optimal,7.696926846451398e-08,1.9965523279097397e-07,2.4648752953581347e-07,0.5493182795582746,14,10435.955190647888,optimal,optimal,5.979932273490363e-07,3.444760920956469e-07,2.2737367544323206e-13,0.4702148716167222,1200.000000053049,1200.000000053049,10435.955190647888,-4.850379218401722,61.52333353460766,128.86062205244843,18188.12147750493,1,24514.00888087671,0,1.0000803740695119e-07,optimal,optimal,optimal,18184.53677561749,-4.831481892300923,9.999449063186772e-08,6.000302231520917e-07
2025-06-29,Q4-3 SEARCH,0.8,0.5,1200.000000053049,14,1200.000000053049,optimal,optimal,48256.741437872304,0.0,0.0,14,9451.450615484264,optimal,optimal,1038.3603281542612,971.8552648626111,961.326811355584,0.6246779494178623,14,6709.800055557381,optimal,optimal,1653.2434211683758,1514.86400573243,0.0,0.5793197463728676,14,10602.03463801494,optimal,optimal,4.906172288761914,2.704857907595624,1.6397619971166852,0.4645075981095681,1294.4117050202206,1200.000000053049,10665.997624588486,2696.5099216113986,637.636149882655,2701.2897765615367,53654.541136045234,13,35610.606643792795,0,1.000043994281441e-07,optimal,optimal,optimal,47701.978945595925,1069.7732609930308,1509.8016421385885,4.8118061784729385
2025-06-30,Q4-3 SEARCH,0.8,0.5,1294.4117050202206,14,1294.4117050202206,optimal,optimal,54118.03480623568,0.0,0.0,14,10022.674510910327,optimal,optimal,-891.8480322525156,245.79014144260884,2882.1277968862314,0.6433867460932854,14,7547.523192967403,optimal,optimal,-329.1500197802232,41.917419018981036,865.5181574322874,0.6233322134458623,14,10639.1291668719,optimal,optimal,-37.90568640051199,0.0,56.14724061386721,0.456541570106709,1200.0000000384869,1200.0000000384869,10800.0,-1258.9037384332507,266.5902358887845,944.8593293143645,53803.990397116795,5,37245.104320859034,0,1.0002986527979374e-07,optimal,optimal,optimal,54314.27882849343,-867.3635325115838,-333.8550459269544,-37.92342083322524
2025-07-01,Q4-3 SEARCH,0.8,0.5,1200.0000000384869,14,1200.0000000384869,optimal,optimal,51130.03278359238,0.0,0.0,14,7785.630817314814,optimal,optimal,1452.6249196003523,1231.6234010189696,35.38308724951867,0.6223888745227221,14,3313.7921386369544,optimal,optimal,1466.84264621878,1317.772237805858,11.6123373169562,0.6339064583071483,14,10270.916825021788,optimal,optimal,435.69106383935696,289.0191334756198,0.0,0.4503187111115669,1200.0000000401649,1199.9999999999998,10279.184850366819,3355.158629658489,10417.737708689994,48234.78281949335,102719.97423274422,74,38450.82408522314,0,1.0001167538575828e-07,optimal,optimal,optimal,47375.81904013012,1523.7482535708664,1611.3358271637185,394.0547343017823
2025-07-02,Q4-3 SEARCH,0.8,0.5,1200.0000000401649,14,1200.0000000401649,optimal,optimal,58514.850735112304,0.0,0.0,14,9107.78919692756,optimal,optimal,-182.54646987230848,0.0,353.4068338271462,0.6318581878861456,14,4170.584794566591,optimal,optimal,-27.84555103312033,2.7847879689711866e-07,106.3887803871653,0.6565159889571802,14,8980.079627716841,optimal,optimal,435.7487321014429,183.47701303246086,0.0,0.4807376963185259,1200.0000000000002,1200.0,9871.534823432985,225.3567111960141,3173.7939505767304,21089.351129662205,79829.55857597053,26,31499.302920681715,0,1.0000348993344232e-07,optimal,optimal,optimal,53118.82983997386,-209.81897569643561,-31.79191597517368,384.30400546258693
2025-07-03,Q4-3 SEARCH,0.8,0.5,1200.0000000000002,14,1200.0000000000002,optimal,optimal,65801.6207706564,0.0,0.0,14,9519.217967169221,optimal,optimal,1344.9366297193444,1344.8587052355952,994.3818182119062,0.6293130427185609,14,8725.790809560664,optimal,optimal,-760.6574805048556,57.585647581064904,2343.5486036187094,0.6484613479486222,14,9456.96319430258,optimal,optimal,2230.724926904714,903.9847189030894,-1.1368683772161603e-13,0.48495836823884836,1240.5236325114008,1199.9999999999995,10321.739087499996,2815.0040761192026,604.8176791234018,3120.990670258084,71737.61551703369,17,37474.6748410102,0,1.0001531336456537e-07,optimal,optimal,optimal,58837.05658357726,1480.516763245971,-756.0760345858589,2022.0862128705205
2025-07-04,Q4-3 SEARCH,0.8,0.5,1240.5236325114008,14,1240.5236325114008,optimal,optimal,23329.054487659094,0.0,0.0,14,2640.1508352907267,optimal,optimal,492.7219198302343,435.4883113017559,0.0,0.6117813098637833,14,8780.664384907002,optimal,optimal,-41.465618924220166,10.363367036101636,175.11153790058688,0.6291220723833791,14,8878.81001550327,optimal,optimal,3522.7601215013246,1716.406984588634,81.13299495435683,0.4768004473645112,1200.000000045603,1200.0,8985.873415786022,3974.0164224073387,839.2527139293652,4494.875487193056,31797.94639725949,18,21626.169259186066,0,1.0000116050705979e-07,optimal,optimal,optimal,20427.838376502128,546.1111938864076,-44.51478223524178,3265.5424043143316
2025-07-05,Q4-3 SEARCH,0.8,0.5,1200.000000045603,14,1200.000000045603,optimal,optimal,24074.817873150827,0.0,0.0,14,3335.764860841181,optimal,optimal,-253.27398463780756,0.0,699.6716751020447,0.5799769342284965,14,7363.021870127534,optimal,optimal,254.85655183229218,233.92951043054651,2.549882083258126e-07,0.62099626206334,14,8485.628448203239,optimal,optimal,4031.702064525327,1936.1539370152784,-2.2737367544323206e-13,0.47722337628354167,1249.5583626779307,1200.0,8485.628448203239,4033.2846317198114,1952.281441144505,7698.667289295099,35806.76979416574,15,23555.569800296893,0,2.8588692657649517e-07,optimal,optimal,optimal,21557.509604334704,-262.9444323560354,245.60431574332668,3692.7542703230483
2025-07-06,Q4-3 SEARCH,0.8,0.5,1249.5583626779307,14,1249.5583626779307,optimal,optimal,62843.34753609939,0.0,0.0,14,9444.307010651608,optimal,optimal,2888.340060071489,2918.173599004201,59.28849226957709,0.602757847203642,14,3688.4073033239265,optimal,optimal,3827.290945797329,2655.352330749704,10.398265751999816,0.6149385538492571,14,8963.26727428977,optimal,optimal,3749.9129258651533,1589.498171539547,0.0,0.4995744855278361,1282.5999080460338,1200.0000000125328,10251.14639333078,10465.543931733971,487.87436551614974,4200.953353938736,77509.8448217721,7,34880.32838273299,0,1.0000101246987469e-07,optimal,optimal,optimal,56577.778959945324,3348.9903804754517,3701.4938294392596,3540.0691944325677
2025-07-07,Q4-3 SEARCH,0.8,0.5,1282.5999080460338,14,1282.5999080460338,optimal,optimal,63451.08070169598,0.0,0.0,14,9351.595177605024,optimal,optimal,-2220.665083022105,0.0,5756.949771321075,0.5892678260807079,14,6087.4219893245745,optimal,optimal,2188.581169081004,2194.8043127916344,41.7745648100356,0.5702832642182791,14,8903.33139789095,optimal,optimal,3816.4748584143185,1556.6856878584767,0.0,0.4902076745875216,1276.5768672671954,1200.0000000130317,10063.792909021258,3784.3909444732176,472.32405235145444,3636.71890233306,70872.19054850226,6,33212.61056494184,0,1.00000761449337e-07,optimal,optimal,optimal,57708.872649434146,-2454.1181938856907,2428.39614559384,3322.328816546428
2025-07-08,Q4-3 SEARCH,0.8,0.5,1276.5768672671954,14,1276.5768672671954,optimal,optimal,72681.06858003425,0.0,0.0,14,9760.534016798363,optimal,optimal,-2411.957295787609,107.29726002440191,6877.07084550174,0.6014441198810454,14,7052.687415559709,optimal,optimal,50.60625423715268,63.42976651806339,221.50990295955955,0.5318654791787983,14,8998.306657392452,optimal,optimal,3725.1551319307355,1552.085890881564,28.817026156635038,0.4955390161746349,1883.032322725063,1272.121132004425,10515.346516798363,1363.8040903802794,3.7366681548092696e-07,1.5000163727001584e-06,74044.87267191453,0,31537.096480405973,0,1.000014103738067e-07,optimal,optimal,optimal,70639.06448993887,-2692.8941124398516,34.65173204080962,3437.5719840371557
2025-07-09,Q4-3 SEARCH,0.8,0.5,1883.032322725063,14,1883.032322725063,optimal,optimal,71473.25744493192,0.0,0.0,14,10077.123148148145,optimal,optimal,-2140.667139009348,38.66802422591445,5687.278447911625,0.604398050773774,14,8717.516454829287,optimal,optimal,-435.40400555748874,118.20966546128784,1907.8264981100535,0.520608619646706,14,8994.51738901488,optimal,optimal,3742.446742693812,1548.7450404382043,17.038550425901008,0.5072446008422778,1807.2568393355573,1457.884781660896,10799.999999999996,1166.3755981269755,2.6850004105081005,23.380981599977385,72663.01402465887,1,31226.040069763632,0,1.0002986527979374e-07,optimal,optimal,optimal,68776.67719329623,-2304.386323582353,-469.97597957888246,3443.0817950445744
2025-07-10,Q4-3 SEARCH,0.8,0.5,1807.2568393355573,14,1807.2568393355573,optimal,optimal,67674.28992293365,0.0,0.0,14,9987.226004259255,optimal,optimal,-1045.2788206528496,237.25528115153656,3968.9736934408293,0.5934121845975558,14,5508.643843572904,optimal,optimal,1347.9463348270351,1225.8976636169805,36.514573921247234,0.5607540624811105,14,8948.211516788377,optimal,optimal,3871.7334054526627,1580.7908853002646,14.429262897884882,0.5070689334858468,1765.1040538278048,1277.5754485891455,10719.716744999996,4174.400919626848,5.354871780488585e-07,2.1999479729198065e-06,71848.69084476044,0,32136.80426505061,0,1.0000098905038612e-07,optimal,optimal,optimal,64558.868967971226,-1144.4449358517318,1330.2840926316217,3536.148332575697
2025-07-11,Q4-3 SEARCH,0.8,0.5,1765.1040538278048,14,1765.1040538278048,optimal,optimal,29533.103136290796,0.0,0.0,14,5933.72103925937,optimal,optimal,-227.69543624396758,0.0,854.4303233171461,0.5926042405347488,14,6311.110841770876,optimal,optimal,-248.58817968744714,0.0,733.3437159627016,0.5693215717201286,14,8457.097799038862,optimal,optimal,4446.205403734805,1991.5135749780268,0.0,0.508539228862091,1427.1886806694868,1369.6247917841254,8457.097799038862,3969.9217878033905,624.3614658872921,2437.6624611152884,35940.68738520947,13,19346.08132603518,0,1.0006533557316288e-07,optimal,optimal,optimal,27501.356762196498,-216.16305984273305,-277.9970056986465,4257.09695873955
2025-07-12,Q4-3 SEARCH,0.8,0.5,1427.1886806694868,14,1427.1886806694868,optimal,optimal,27966.848383665798,0.0,0.0,14,5271.4333394771775,optimal,optimal,45.44630807815349,30.349132243583085,0.0,0.606576767075662,14,6812.887947122105,optimal,optimal,357.1429560567369,368.7979987297819,0.0,0.5806300519809174,14,8485.333860379764,optimal,optimal,4405.228573612611,2001.9297130005011,0.0,0.5085334659069823,1327.6779212820788,1327.6779212820788,8485.333860379764,4807.8178377475015,409.5770289014867,1688.8001373066531,34463.46635871995,6,20865.060907694104,0,1.000528300210135e-07,optimal,optimal,optimal,26364.50613829988,45.9325002165006,372.1210448293995,4033.998105953082
2025-07-13,Q4-3 SEARCH,0.8,0.5,1327.6779212820788,14,1327.6779212820788,optimal,optimal,70358.96138831505,0.0,0.0,14,9967.539454166666,optimal,optimal,-3149.671568474369,0.0,7792.818360261553,0.6267020258670438,14,6780.347888493167,optimal,optimal,-614.0602977214571,0.0,1364.519516885377,0.5668323577579993,14,8969.801757278,optimal,optimal,3739.4023047171922,1552.5341126093967,0.0,0.4905380460918264,1688.5470578105658,1200.0000000129157,10703.1852875,-24.329561478633877,63.51229811370636,546.3962992915292,70881.02812612795,1,30968.427057773646,0,1.0001531336456537e-07,optimal,optimal,optimal,69750.4341781672,-3377.6968215473753,-638.1101970735406,3320.1397451152116
2025-07-14,Q4-3 SEARCH,0.8,0.5,1688.5470578105658,14,1688.5470578105658,optimal,optimal,66172.19045725622,0.0,0.0,14,9919.99884018518,optimal,optimal,-1849.0842900956632,49.67354927983581,5517.956644180843,0.6450013501404055,14,7536.756869197023,optimal,optimal,161.01999778149977,104.11988318559054,52.33737266236142,0.5834369520900139,14,8914.97769901862,optimal,optimal,4052.270358188576,1619.7206858159232,4.664117461324395,0.48453850799441545,1637.012025741615,1200.000000012812,10690.826154999995,2364.206065874413,218.2617838873799,1892.875318939043,70429.27184206968,1,30437.76722756394,0,1.0000375430790795e-07,optimal,optimal,optimal,64143.49481166481,-2014.9701687637819,160.47766818576667,3609.740117901367
2025-07-15,Q4-3 SEARCH,0.8,0.5,1637.012025741615,14,1637.012025741615,optimal,optimal,76134.91091670288,0.0,0.0,14,10036.193055555554,optimal,optimal,-2910.610004322578,65.57131001214566,7702.437023738668,0.6506489292797772,14,8529.494699103285,optimal,optimal,-353.2355097672183,3.743189199999506,1028.2680696549648,0.6088113474966974,14,9078.657458268039,optimal,optimal,3521.596181988899,1606.1158986259234,0.0,0.5101322637149865,1208.3946917620356,1208.3946917620356,10800.000000000002,257.7506678991026,12.093394193354932,98.97233722100667,76491.633921823,1,30100.6138087393,0,1.0000030670198612e-07,optimal,optimal,optimal,76362.31329609433,-2801.0143729605556,-311.54963545937323,3399.2396591874012
2025-07-16,Q4-3 SEARCH,0.8,0.5,1208.3946917620356,14,1208.3946917620356,optimal,optimal,74745.84364929696,0.0,0.0,14,9935.46574074074,optimal,optimal,-2511.4739045629067,0.0,6250.525479774789,0.6311860433981887,14,7900.828502769315,optimal,optimal,19.631798624869408,19.09880123662606,25.832267842401066,0.5807522912369402,14,9093.918529100913,optimal,optimal,3417.9135761413704,1399.7066270076093,0.0,0.5069650481154939,1580.2653877819741,1208.3946917620356,10799.999999999998,926.0714702033333,1.4458929723303607e-07,6.000167345939453e-07,75671.91512010031,0,29278.09130438618,0,1.0002026122017426e-07,optimal,optimal,optimal,74310.8653671871,-2383.6046274808336,19.192354621560273,3353.1977286697656
2025-07-17,Q4-3 SEARCH,0.8,0.5,1580.2653877819741,14,1580.2653877819741,optimal,optimal,72207.84931658904,0.0,0.0,14,9957.38424962431,optimal,optimal,-830.9601263789771,76.8186921385336,2874.194221438086,0.6472194924808269,14,8264.993283868664,optimal,optimal,247.77302854402342,206.91725545614986,273.3130653273441,0.5804425848915047,14,9078.657458267928,optimal,optimal,3633.8173789826255,1482.7531955981974,0.0,0.4855623145837197,1655.6192621846594,1580.2653877819741,10737.807397772458,3050.6302811476717,1.9384880791079567e-07,8.999568270241323e-07,75258.47959863668,0,29104.013400325253,0,1.0000390433855405e-07,optimal,optimal,optimal,73111.05240448541,-879.2598816893941,249.56186987052803,3487.786929856974
2025-07-18,Q4-3 SEARCH,0.8,0.5,1655.6192621846594,14,1655.6192621846594,optimal,optimal,34361.30925963157,0.0,0.0,14,7703.418316684386,optimal,optimal,-1047.6180356197508,1.9207782755449898,4670.472051101425,0.6665750117721818,14,6305.7942242521585,optimal,optimal,-389.33697093363924,0.6599705251669548,1247.5959968846432,0.5893982797533883,14,8954.197064935866,optimal,optimal,3309.60748196586,1855.6778784708465,-1.1368683772161603e-13,0.48855617495764103,1223.8855073846528,1222.1845167881893,8997.260834040022,1872.6524754124703,36.621485215095674,270.15669533213963,36504.11843037618,1,18655.617064568112,0,1.0000530892284587e-07,optimal,optimal,optimal,34865.913520960225,-863.1447744004809,-375.6589923220241,3308.3399445583664
2025-07-19,Q4-3 SEARCH,0.8,0.5,1223.8855073846528,14,1223.8855073846528,optimal,optimal,33981.4826966364,0.0,0.0,14,6811.401678529546,optimal,optimal,-1109.1372354372872,25.89730232243278,4653.726312145734,0.6808718762423347,14,6138.377671640105,optimal,optimal,-47.95043819591094,2.848196811555681e-05,155.1094274188456,0.5993598314486152,14,8920.391010068872,optimal,optimal,3717.2003524204974,1916.373914534639,-1.1368683772161603e-13,0.5057960428083532,1200.0000000378382,1200.0000000378382,9570.013298550693,2560.112678787299,43.53083340427733,127.82829229165972,36669.42366771536,1,19505.32370050803,0,1.0000803740695119e-07,optimal,optimal,optimal,34164.991385312096,-1161.1437088941868,-50.588972790752436,3495.402651236759
2025-07-20,Q4-3 SEARCH,0.8,0.5,1200.0000000378382,14,1200.0000000378382,optimal,optimal,74950.74518041685,0.0,0.0,14,10058.16755176442,optimal,optimal,-1860.1697441405834,7.745798912767441,5303.320393164293,0.6443010835617982,14,10108.397897020977,optimal,optimal,-1425.4644824902548,13.509892486665194,4967.913788763465,0.6141895715509814,14,9307.568959668091,optimal,optimal,3253.613150147403,1322.8834226026952,-1.1368683772161603e-13,0.5064420781720695,2103.958811004604,1200.0000000378382,10798.65829250516,-32.021076483435536,1.9109631683013304e-07,7.000179690706317e-07,74918.72410463344,0,29009.705002536786,0,1.0003873285313603e-07,optimal,optimal,optimal,75198.59964379435,-1849.4585779222466,-1455.658823750433,3174.573674338007
2025-07-21,Q4-3 SEARCH,0.8,0.5,2103.958811004604,14,2103.958811004604,optimal,optimal,72551.73074763168,0.0,0.0,14,9985.51609222222,optimal,optimal,-1542.8039518590504,0.0,4402.782701467782,0.6194333230147602,14,9265.650434652924,optimal,optimal,-421.8601397263302,0.0,1532.270210805571,0.629078853246667,14,8991.717427852689,optimal,optimal,1855.5722787600314,913.3569119298758,0.0,0.5134354369374285,1261.4693822024856,1245.2573558135969,10758.256369999997,-109.09181282534905,1.1357159851808e-07,4.999994283575732e-07,72442.63893530633,0,28638.561834885237,0,1.0000357982711905e-07,optimal,optimal,optimal,71505.47578233299,-1503.7309997380898,-369.1357934878373,1818.7335984743515
2025-07-22,Q4-3 SEARCH,0.8,0.5,1261.4693822024856,14,1261.4693822024856,optimal,optimal,67998.59244611014,0.0,0.0,14,9895.583895522437,optimal,optimal,1608.0950942356899,1302.2348217220265,547.3653028459901,0.5993431724678634,14,8984.927645193684,optimal,optimal,-1561.7073926082146,0.0,4323.284490011249,0.6384158458164514,14,9919.947831999658,optimal,optimal,1811.8104816730913,715.9506467364104,0.0,0.5052835955299944,1626.6410215054598,1261.4693822024856,10694.626025152067,1858.1981833005666,2.9176405917535347e-07,8.999895698796505e-07,69856.7906303107,0,32958.41903248739,0,1.00000761449337e-07,optimal,optimal,optimal,68096.50319554064,1611.5355045381284,-1585.274362417913,1741.1189466677508
2025-07-23,Q4-3 SEARCH,0.8,0.5,1626.6410215054598,14,1626.6410215054598,optimal,optimal,75331.90235245484,0.0,0.0,14,9117.323738704506,optimal,optimal,-3625.0258580464288,1.9968726751460508,9857.54510871277,0.5532181002391109,14,8465.389159371265,optimal,optimal,-1048.7172756857733,0.0,3321.7958620585873,0.6827085152670207,14,9935.757653112534,optimal,optimal,1698.147617676473,693.230146203621,0.0,0.5064264684426584,1688.0025822685752,1626.6410215054598,9935.757653112534,-2975.5955160557296,1.5892036296688023e-07,5.000017627986279e-07,72356.30683689911,0,32794.10515866823,0,1.0001508599088993e-07,optimal,optimal,optimal,75870.14314457926,-3650.404973309402,-1136.4738291824328,1706.4679956652344
2025-07-24,Q4-3 SEARCH,0.8,0.5,1688.0025822685752,14,1688.0025822685752,optimal,optimal,75289.41459015655,0.0,0.0,14,9070.297022066632,optimal,optimal,-2985.5698465323785,0.0,7951.792298146853,0.5681151815794115,14,8409.578184830703,optimal,optimal,-1425.7099378045882,0.0,3758.1512049979488,0.6722880502106728,14,9915.486050676005,optimal,optimal,1796.93291355627,723.1716628312806,0.0,0.5175804121251129,1743.5046736357372,1688.0025822685752,10263.338609208227,-2614.346870780696,2.1672210397701344e-07,8.000069424462817e-07,72675.06772017587,0,31709.50435406046,0,1.00000761449337e-07,optimal,optimal,optimal,74794.18442246076,-2878.7643603331826,-1355.1366401290002,1787.0029553306344
2025-07-25,Q4-3 SEARCH,0.8,0.5,1743.5046736357372,14,1743.5046736357372,optimal,optimal,27096.247084095143,0.0,0.0,14,4619.179430457099,optimal,optimal,-103.51912807364263,0.0,344.3913038506829,0.5879387658426031,14,8007.334111611657,optimal,optimal,-187.0488259471632,0.0,573.6436981310226,0.6771507577489974,14,9604.657744062799,optimal,optimal,2125.4507818346947,1219.5587210568945,0.0,0.520445022069929,1238.1065059771524,1238.1065059771524,9775.783788550327,1834.882827813889,3.9574017984591845e-07,1.1999875289281592e-06,28931.12991310902,0,21500.00588557827,0,1.001553755486384e-07,optimal,optimal,optimal,27324.950420807167,-102.97933247502641,-179.7877809747779,1991.2281137272485
2025-07-26,Q4-3 SEARCH,0.8,0.5,1238.1065059771524,14,1238.1065059771524,optimal,optimal,28338.488487623777,0.0,0.0,14,4966.936768713681,optimal,optimal,-431.9972350725682,6.700864586339174,2700.0719859576557,0.5524001479890683,14,8111.745949818829,optimal,optimal,-60.86431120860936,12.356405577320583,268.1528618818844,0.6929331862144068,14,9564.217164056838,optimal,optimal,2342.2157536792256,1072.4203976892838,0.0,0.4997036655370702,1263.0028453310445,1238.1065059771524,9712.877640116114,1849.354207398048,37.83625016419068,122.64620477499315,30310.48889979682,1,20830.224113420532,0,1.000680640572682e-07,optimal,optimal,optimal,28096.10664176064,-357.2358646377854,-61.284682572072555,2345.039104508252
2025-07-27,Q4-3 SEARCH,0.8,0.5,1263.0028453310445,14,1263.0028453310445,optimal,optimal,62719.651048848384,0.0,0.0,14,9841.240556408988,optimal,optimal,65.83671672726146,30.9410114464373,0.0,0.5572692996239261,14,6948.961398075651,optimal,optimal,845.4299262643592,835.7585712260163,0.0,0.7022875778576999,14,9627.374305868405,optimal,optimal,2521.2317700503095,1032.2482192022298,0.0,0.5079411092011257,1908.0230568015431,1200.0000000429168,10633.806760112691,3432.4984130419302,73.11832887229251,343.9699174904825,66496.11937938079,5,33755.7156011774,0,1.0002372619055677e-07,optimal,optimal,optimal,61831.867811478965,66.07164369987827,800.8564529447851,2545.984807179725
2025-07-28,Q4-3 SEARCH,0.8,0.5,1908.0230568015431,14,1908.0230568015431,optimal,optimal,65512.868122300715,0.0,0.0,14,10048.331481481482,optimal,optimal,-15.82489731805769,35.707049729967366,143.18602346951093,0.5669349841822207,14,5396.100722697762,optimal,optimal,-8.634615556667228,0.0,21.32481828827963,0.6987673547957276,14,10291.236388531095,optimal,optimal,0.0,0.0,0.0,0.5089455842339056,1200.0000000999999,1200.0000000999999,10800.0,-24.45951287472492,3.7320395596193315e-08,1e-07,65488.40860952599,0,38157.65872667449,0,1.0000053407566156e-07,optimal,optimal,optimal,65173.90239626659,-14.963976186257028,-8.214614234314148,0.0
2025-07-29,Q4-3 SEARCH,0.8,0.5,1200.0000000999999,14,1200.0000000999999,optimal,optimal,58754.26188442338,0.0,0.0,14,9794.413577526606,optimal,optimal,2749.893428069749,2897.9973350160176,170.77851718348484,0.5914602178437613,14,6958.416061569101,optimal,optimal,84.47883292044686,88.18336677953607,53.490116675732,0.6868136429178141,14,10800.0,optimal,optimal,-35.336219303892605,0.0,47.469628067467326,0.510491972858503,1200.000000041198,1200.0,10800.0,2799.0360416863036,30.95394691784124,226.49211165714047,61779.79003776683,5,38667.21495452504,0,1.00000761449337e-07,optimal,optimal,optimal,58381.96564544608,2619.7766808678875,85.80974578895241,-35.96909857239445
2025-07-30,Q4-3 SEARCH,0.8,0.5,1200.000000041198,14,1200.000000041198,optimal,optimal,55446.138478598004,0.0,0.0,14,9749.070047925376,optimal,optimal,4970.963225590207,5155.242098184864,60.496627371309046,0.654204473306902,14,5796.259917080206,optimal,optimal,966.675598538791,999.8726405922782,42.98101817891643,0.652497963327409,14,10791.214052023142,optimal,optimal,5.407570741728775e-07,3.0231005039594474e-07,1.1368683772161603e-13,0.5000731589747589,1207.2679338850157,1200.000000041198,10800.0,5937.638824669755,76.64181777570116,188.57397552666498,61572.35127879442,2,37629.71841748391,0,1.00000761449337e-07,optimal,optimal,optimal,54783.814087829436,5002.148115380422,1034.3883952128658,5.162560518663224e-07
2025-07-31,Q4-3 SEARCH,0.8,0.5,1207.2679338850157,14,1207.2679338850157,optimal,optimal,59811.59110774455,0.0,0.0,14,9891.980506790125,optimal,optimal,-1024.3131601361172,16.963342914278428,2974.2816470040434,0.6613648342625045,14,7083.448084593994,optimal,optimal,125.75451179983679,94.6637793702356,17.438077853613777,0.6200909042655893,14,10747.014857650362,optimal,optimal,41.4803778267609,24.79404724580752,17.781851989696406,0.5071376805535281,1200.0000000514046,1200.0000000000005,10757.760695579067,-857.0782705095195,871.1493211747414,4345.958632493031,63300.47146972806,19,39815.13837021435,0,1.0000030670198612e-07,optimal,optimal,optimal,59905.993622400405,-1002.168069395781,124.69563642301618,41.723653079600275
2025-08-01,Q4-3 SEARCH,0.8,0.5,1200.0000000514046,14,1200.0000000514046,optimal,optimal,23456.63769308461,0.0,0.0,14,2229.858407460155,optimal,optimal,-373.63421714705805,42.98467614177923,1338.6294313231135,0.6423474842960483,14,10495.287525225884,optimal,optimal,-256.38451207534115,0.0,776.424755072564,0.615474445307042,14,10687.39162081277,optimal,optimal,108.19844712790753,56.69739478767087,0.0,0.5045150786150058,1207.41986600022,1200.0000000514046,10784.383512031194,-521.8202820944916,253.15388157332134,527.0366380765921,23461.854049066707,8,24069.003457971037,0,1.0001167538575828e-07,optimal,optimal,optimal,23411.424130086263,-399.2003697499853,-257.5787211486828,100.74316025598742
2025-08-02,Q4-3 SEARCH,0.8,0.5,1207.41986600022,14,1207.41986600022,optimal,optimal,24379.865494447775,0.0,0.0,14,3344.7133609099637,optimal,optimal,-553.2079782941369,0.0,1915.5764144014347,0.6637971135427935,14,9979.702987957184,optimal,optimal,-123.79690520631723,39.37682398924284,551.5390962003175,0.5888508494191401,14,10800.0,optimal,optimal,-10.688830323571668,0.0,17.803892205896823,0.5079195232936229,1200.000000037242,1200.000000037242,10800.0,-687.6937138240257,22.938333312191304,68.43651743692274,23760.608298060673,1,26357.02167575735,0,1.0000030670198612e-07,optimal,optimal,optimal,24732.665005137947,-570.2543224053051,-124.1487986720393,-10.406453972635825
2025-08-03,Q4-3 SEARCH,0.8,0.5,1200.000000037242,14,1200.000000037242,optimal,optimal,51519.2986709681,0.0,0.0,14,7877.238739596486,optimal,optimal,-394.7052697277502,197.01872797929047,3166.7990666666674,0.6943276497015121,14,6183.836239596486,optimal,optimal,-430.11001882177925,0.0,1052.9827703731703,0.5710653724186749,14,10731.193686482819,optimal,optimal,52.878319219239,26.204057441441016,5.147751348497195,0.49877163418668213,1205.135559014602,1199.9999999999998,10781.499823766027,-771.9369693302905,648.293643943952,3363.37131181298,54110.733013450794,16,34103.520983998504,0,1.0001531336456537e-07,optimal,optimal,optimal,52531.700529792506,-452.12430073594663,-446.38042748697194,50.142090510004635
2025-08-04,Q4-3 SEARCH,0.8,0.5,1205.135559014602,14,1205.135559014602,optimal,optimal,56290.62447098369,0.0,0.0,14,9949.11630833333,optimal,optimal,-746.3082956566839,0.0,2676.4317074287374,0.6781838080750646,14,8459.078795838637,optimal,optimal,-890.7805006120726,0.0,2085.7114288843404,0.5356602184347384,14,10275.494788582693,optimal,optimal,200.47633059705154,87.45641132569233,0.0,0.4980777765779526,1200.0000000382088,1200.0000000382088,10757.277576851848,-1436.612465671705,124.51915391207594,588.3139011353508,55442.32590644733,6,33230.679944014555,0,1.0000007932831068e-07,optimal,optimal,optimal,57334.079365210404,-842.7546203326935,-882.6498601530924,201.4806339286432
2025-08-05,Q4-3 SEARCH,0.8,0.5,1200.0000000382088,14,1200.0000000382088,optimal,optimal,55104.45424246494,0.0,0.0,14,9960.987364197528,optimal,optimal,-533.8800325123962,0.0,2374.879332566789,0.6514070044717825,14,6874.823824146657,optimal,optimal,-594.9221707044878,0.0,1795.211681248589,0.5443884935415514,14,10714.184110407004,optimal,optimal,5.931165861170484e-07,7.067221758916276e-07,0.0,0.48534017238128213,1266.9633636263868,1200.0000000382088,10800.000000000002,-1128.8022026237675,7.873684427137982e-08,1.999971802273709e-07,53975.65204004117,0,34609.051577585415,0,1.0001531336456537e-07,optimal,optimal,optimal,55893.112883454436,-675.6370650504551,-628.2842985242698,6.000489049017791e-07
2025-08-06,Q4-3 SEARCH,0.8,0.5,1266.9633636263868,14,1266.9633636263868,optimal,optimal,62486.04474435463,0.0,0.0,14,9933.635212962963,optimal,optimal,-2517.128861184394,0.0,6868.739471766405,0.6525128315425098,14,7719.011156851853,optimal,optimal,-646.6925808676158,0.0,1722.4304672247642,0.5641193725018402,14,10671.954772208457,optimal,optimal,-103.70899330623905,0.0,135.0501637546094,0.4982502357568159,1200.0000000383275,1200.0000000383275,10800.0,-3267.5304353582487,39.46978763289056,114.42291431204362,59332.93722330843,1,35367.241001770235,0,1.0002258932217956e-07,optimal,optimal,optimal,62561.11335796653,-2557.239905068635,-596.7909499037002,-101.93857449777376
2025-08-07,Q4-3 SEARCH,0.8,0.5,1200.0000000383275,14,1200.0000000383275,optimal,optimal,59566.78826619686,0.0,0.0,14,9981.39659725309,optimal,optimal,-2319.664588674208,130.7064631178588,9948.462080195668,0.6429302233506177,14,8656.280018463172,optimal,optimal,-468.2124032283907,63.67280306131522,2040.1738254027832,0.5904319249953356,14,10709.215841476378,optimal,optimal,-129.81913652328257,0.0,154.21855283003686,0.49365180016289073,1221.807139099511,1200.0,10800.0,-2917.6961284258814,18.469283380183917,100.6344025500027,56749.72654032098,2,34975.88952311216,0,1.0002258932217956e-07,optimal,optimal,optimal,61440.715550866735,-2758.406013910423,-524.8612908734822,-117.52674044504525
2025-08-08,Q4-3 SEARCH,0.8,0.5,1221.807139099511,14,1221.807139099511,optimal,optimal,22627.66784138,0.0,0.0,14,3790.9863045939474,optimal,optimal,-81.33356296423705,0.0,265.84057910884957,0.6613503777986639,14,10305.620569200632,optimal,optimal,-41.736146989433564,4.1286476150011373e-07,145.5266647650824,0.6143149845224394,14,10480.820448864284,optimal,optimal,5.921042634327024e-07,4.290610604584799e-07,0.0,0.48978286400541393,1200.0000000999999,1200.0000000999999,10513.928978771692,-123.06970936156635,1.3746947021384494e-07,2.9999717500240876e-07,22504.59813231843,0,24793.25810166323,0,1.00000761449337e-07,optimal,optimal,optimal,23082.352799458884,-81.002154341114,-42.016524691449064,6.000143559486476e-07
2025-08-09,Q4-3 SEARCH,0.8,0.5,1200.0000000999999,14,1200.0000000999999,optimal,optimal,23038.43226159012,0.0,0.0,14,3292.281420159047,optimal,optimal,-183.35183264468054,0.0,531.0269678836996,0.6663683445946732,14,10212.283476417988,optimal,optimal,-44.5996299635752,5.932437119327014e-07,162.3042666317582,0.6094412019941925,14,10523.306728092348,optimal,optimal,6.588227327483765e-07,5.945785233052447e-07,0.0,0.48784474955739615,1200.0,1200.0,10569.030755513853,-227.951461949433,1.520500243738244e-07,2.99999605772346e-07,22810.480799940684,0,25704.10279950805,1,1.0000030670198612e-07,optimal,optimal,optimal,23126.967349991704,-186.15810917174247,-47.702523738557815,5.999857655811982e-07
2025-08-10,Q4-3 SEARCH,0.8,0.5,1200.0,14,1200.0,optimal,optimal,58226.6306412543,0.0,0.0,14,8804.00200357886,optimal,optimal,-2076.737667369951,0.0,6872.513062874146,0.6211170180936489,14,7273.119098208489,optimal,optimal,-409.2157002390696,14.802796805297248,1127.5733062648828,0.5994622316985663,14,10725.891377902875,optimal,optimal,5.890658303542295e-07,2.4605924409115687e-07,0.0,0.48912844105552206,1265.4661776829078,1200.0,10800.0,-2485.953367019955,1.5945613630388221e-07,3.999941899758029e-07,55740.67727463434,0,33071.563412101415,0,1.0002986527979374e-07,optimal,optimal,optimal,57528.38198330364,-2050.154451432028,-395.40107210767087,6.000091946737325e-07
2025-08-11,Q4-3 SEARCH,0.8,0.5,1265.4661776829078,14,1265.4661776829078,optimal,optimal,54254.54150626859,0.0,0.0,14,10001.219189312806,optimal,optimal,-776.6459859455717,117.41101384898754,4177.849296417726,0.6385870856108259,14,7874.682129273621,optimal,optimal,-217.78567337419943,129.8504838935528,1751.872336011841,0.6294949192170012,14,10725.694073786446,optimal,optimal,-34.31336892201738,0.0,41.061904648374785,0.48150932555188575,1287.8618842361475,1200.0,10771.406281466585,-1028.7450282417885,32.18452920927625,134.97291741864115,53360.76939544545,3,35808.42224001743,0,1.0001531336456537e-07,optimal,optimal,optimal,55473.1627887118,-880.7890774502748,-270.63000338343585,-29.680031139784226
2025-08-12,Q4-3 SEARCH,0.8,0.5,1287.8618842361475,14,1287.8618842361475,optimal,optimal,59553.0122919331,0.0,0.0,14,8721.32006108025,optimal,optimal,-1278.2317970028657,170.94448643327019,5171.023904967484,0.6579314646080543,14,7646.8232240812185,optimal,optimal,-543.5501779973824,31.88409122267933,2112.127575654782,0.6305485638247644,14,10632.374995221871,optimal,optimal,6.097446986871092e-07,6.945095947230584e-07,0.0,0.4938825578324993,1267.59785734196,1200.0,10762.648414311945,-1821.7819743905034,23.85031586230242,64.56374819451206,57795.7940657371,2,33627.46176581043,0,1.00000761449337e-07,optimal,optimal,optimal,59481.0910794511,-1302.9420642004588,-530.3479837379116,5.999881384092279e-07
2025-08-13,Q4-3 SEARCH,0.8,0.5,1267.59785734196,14,1267.59785734196,optimal,optimal,53744.88044994442,0.0,0.0,14,9846.39706917921,optimal,optimal,-808.952539250382,0.0,3236.059479549406,0.6636250719910565,14,6624.136169364393,optimal,optimal,64.89618466908951,86.15527820705086,232.92783453451844,0.6375764052198012,14,10301.912642136951,optimal,optimal,572.8865525468677,242.78706525531777,0.0,0.48636710448639064,1215.0730450135468,1215.0730450135468,10694.33831609279,-171.16980203442472,7.229991741086553,62.63703300415759,53636.34768091416,1,33747.517330089635,0,1.0000803740695119e-07,optimal,optimal,optimal,54757.884231636745,-872.3380509775891,56.51646273294571,556.0729904331386
2025-08-14,Q4-3 SEARCH,0.8,0.5,1215.0730450135468,14,1215.0730450135468,optimal,optimal,54200.34373697689,0.0,0.0,14,9050.440061172842,optimal,optimal,608.2711168617896,649.4282532529708,0.0,0.6482080247719977,14,6245.8735040343045,optimal,optimal,-653.1520372845821,0.0,1522.1015699810155,0.6253723534546054,14,10641.28375156902,optimal,optimal,5.998152521613064e-07,4.451484301171149e-07,0.0,0.49129040229744053,1261.5034798765664,1215.0730450135468,10785.458304520234,-44.88091982297729,33.18655004647854,282.637900849994,54438.1007180039,2,37503.0778723888,0,1.0000803740695119e-07,optimal,optimal,optimal,54405.15342176106,587.7712088193421,-677.5074162417011,6.0002714123721e-07
2025-08-15,Q4-3 SEARCH,0.8,0.5,1261.5034798765664,14,1261.5034798765664,optimal,optimal,23374.850497659056,0.0,0.0,14,3124.1336586710086,optimal,optimal,-265.56295288663125,0.0,745.9426035857799,0.5942642764271766,14,10356.54476294446,optimal,optimal,-160.28345549576764,0.0,464.6882516747934,0.6003820666342511,14,10573.496569124527,optimal,optimal,6.492330860055517e-07,4.1745954604266444e-07,0.0,0.49087435448079364,1200.0,1200.0,10573.496569124527,-425.8464077331658,169.28574167582354,402.43928795332926,23351.44337787922,5,26301.098118849648,0,1.0000030670198612e-07,optimal,optimal,optimal,23196.705198748088,-256.1154268416365,-156.6562428671067,6.000064172682177e-07
2025-08-16,Q4-3 SEARCH,0.8,0.5,1200.0,14,1200.0,optimal,optimal,24104.21435683006,0.0,0.0,14,2183.8584907407408,optimal,optimal,-485.8305918462554,260.0985147447622,2291.5624131145123,0.6479028246009881,14,10314.2131092344,optimal,optimal,-181.25344091004402,0.0,529.6318153383597,0.650273640697687,14,10657.625620982548,optimal,optimal,6.060515538343146e-07,4.4007664657758024e-07,0.0,0.48962799250387584,1200.0,1200.0,10657.625620982548,-667.0840321502478,291.66918281479514,712.8871994142759,24150.017524094088,10,25359.41650986128,1,1.0000053407566156e-07,optimal,optimal,optimal,23853.904948493975,-497.1544212933303,-172.62837442300759,5.999855829941224e-07
2025-08-17,Q4-3 SEARCH,0.8,0.5,1200.0,14,1200.0,optimal,optimal,54217.29447132927,0.0,0.0,14,9669.158867674621,optimal,optimal,-863.4035563539542,18.734677127232885,3362.191440584201,0.6915579962073286,14,8836.754487292917,optimal,optimal,7.248875748352134,335.85128100382065,2015.781408146341,0.687609971666008,14,10562.207629401093,optimal,optimal,77.81517235688348,36.73986698190379,2.2737367544323206e-13,0.4890451458000555,1200.00000003743,1200.0,10645.313178792901,-778.3395082487185,82.50622390060524,267.5624730574301,53706.517436137976,2,35392.75971432146,0,1.0000803740695119e-07,optimal,optimal,optimal,54524.7207304707,-847.8551776469419,-5.715295899972489,74.73998211441383
2025-08-18,Q4-3 SEARCH,0.8,0.5,1200.00000003743,14,1200.00000003743,optimal,optimal,53946.58413972473,0.0,0.0,14,9524.906425824454,optimal,optimal,-275.53880283397194,3.130424999999036,594.6269729949529,0.6781507460751997,14,7822.627337084458,optimal,optimal,-836.6983739281349,0.0,2546.542062271814,0.7021593032559368,14,10675.271283227183,optimal,optimal,47.52001846472889,111.12959889369074,95.65307576775899,0.4956374248803409,1215.063791995487,1200.00000003743,10799.999999958643,-1064.7171582973779,60.41357570217364,410.5568104582171,53292.42379188557,5,36678.65949009581,0,1.0001531336456537e-07,optimal,optimal,optimal,53113.60171155451,-291.41256688251525,-844.1583613770497,55.45337796419545
2025-08-19,Q4-3 SEARCH,0.8,0.5,1215.063791995487,14,1215.063791995487,optimal,optimal,52236.66079912259,0.0,0.0,14,7771.602179670119,optimal,optimal,-764.6098949409021,3.5977837921416267,1896.9767176704945,0.6762293729044987,14,6884.6311946620035,optimal,optimal,-122.81575333209614,101.42070134292976,1079.7035765257647,0.7092207232563178,14,10733.705160543146,optimal,optimal,35.12474669668852,61.967593385854435,39.56707505608881,0.48853685624552856,1209.0583334182922,1199.9999999999998,10800.0,-852.3009015763098,515.1486948113826,1680.7933059242841,53065.15320347057,7,34242.43016937087,0,1.00000761449337e-07,optimal,optimal,optimal,52268.77748649503,-785.1531949933493,-91.54564852980684,36.05684994044873
2025-08-20,Q4-3 SEARCH,0.8,0.5,1209.0583334182922,14,1209.0583334182922,optimal,optimal,57953.13228078399,0.0,0.0,14,9825.154723154445,optimal,optimal,-416.79333904819214,850.7726198273979,4749.289725051505,0.6574229186077033,14,6919.308939798938,optimal,optimal,-643.8987522136046,7.797683047789292,2033.2024432128096,0.7019358162136711,14,10435.471109002454,optimal,optimal,688.6314866782056,348.83593251540447,48.68429089665608,0.4949869553886707,1200.0000000405514,1200.0000000405514,10748.42524930408,-372.06060458359093,832.9088488821158,2589.391233424336,60170.46290962474,11,39571.39999208796,0,1.0000803740695119e-07,optimal,optimal,optimal,57436.446467216665,-475.1403944972923,-664.594669195722,678.1804214919746
2025-08-21,Q4-3 SEARCH,0.8,0.5,1200.0000000405514,14,1200.0000000405514,optimal,optimal,54897.72878865586,0.0,0.0,14,9600.463452283955,optimal,optimal,-1037.3479555432184,125.43942757109863,4187.941153790471,0.6557292115046435,14,8661.801777858698,optimal,optimal,-455.0588448857718,0.0,1358.4722095377122,0.701031780265046,14,10775.709700252335,optimal,optimal,25.7664701005438,21.892842013930583,19.91087437576084,0.4890039359765646,1203.2957295495712,1200.0000000405514,10800.0,-1466.6403303284465,4.271194298771997e-08,1.0001029762859956e-07,53431.088458427424,0,34946.1025805723,0,1.00000761449337e-07,optimal,optimal,optimal,54541.37604668259,-967.435586560853,-417.6798631220712,26.47801720111514
2025-08-22,Q4-3 SEARCH,0.8,0.5,1203.2957295495712,14,1203.2957295495712,optimal,optimal,22984.160690356424,0.0,0.0,14,2567.1247374450904,optimal,optimal,-243.59254297079903,114.12672201395453,1064.7948983381204,0.6583197393672393,14,10799.999999999996,optimal,optimal,-88.61113642638821,0.8372568398947351,241.54593796266363,0.6948573172098758,14,10697.838529336463,optimal,optimal,117.79383645602212,90.97992689889031,44.72971384667977,0.4915124480488121,1209.1731523630997,1200.0,10800.0,-214.4098429411651,472.0899883612625,1743.8581723291322,24513.609019744392,10,25942.28664539451,0,1.0000803740695119e-07,optimal,optimal,optimal,22516.87382935392,-236.62876636570735,-87.14215474203668,120.2766166356594
2025-08-23,Q4-3 SEARCH,0.8,0.5,1209.1731523630997,14,1209.1731523630997,optimal,optimal,21980.123989507327,0.0,0.0,14,3604.279778470479,optimal,optimal,263.2894747461167,221.4633404527482,1.1368683772161603e-13,0.6058134901014761,14,10382.705592126762,optimal,optimal,88.76322740187607,88.36165511259992,0.0,0.6601162024122131,14,10404.994825372129,optimal,optimal,355.39474694225476,236.9119703074732,0.0,0.5029916316476155,1200.0000000999999,1200.0000000999999,10525.90803085181,707.4474490902476,22.74353380492997,46.54464186311056,22734.116080460684,1,24999.463845568884,0,1.0000030670198612e-07,optimal,optimal,optimal,22202.084215984327,255.61707069002347,93.23713422977015,370.6877982950075
2025-08-24,Q4-3 SEARCH,0.8,0.5,1200.0000000999999,14,1200.0000000999999,optimal,optimal,53756.08233339817,0.0,0.0,14,8406.14826579005,optimal,optimal,-719.6059244764997,170.84054376097708,1968.297395941604,0.5308569644877952,14,6756.781176404672,optimal,optimal,985.9211532619389,894.9400207598401,716.596865370037,0.6662297406499984,14,10361.17539093576,optimal,optimal,245.857570125714,100.94177825337364,0.0,0.5073888090741119,1200.0000000999999,1200.0000000999999,10460.052516193637,512.1727989111532,118.43386767868121,391.73202858456085,54659.987160893885,3,35488.229619858874,0,1.0000030670198612e-07,optimal,optimal,optimal,53515.28761764876,-701.984177783242,996.5421876670978,237.93862319091699
2025-08-25,Q4-3 SEARCH,0.8,0.5,1200.0000000999999,14,1200.0000000999999,optimal,optimal,67791.99202313606,0.0,0.0,14,9438.119673580242,optimal,optimal,-2313.020168561848,35.02258079938315,6017.913785605256,0.499913215657138,14,7940.523535943636,optimal,optimal,-1877.459866030647,0.0,4864.494184002115,0.6300758947746071,14,10727.519236874381,optimal,optimal,5.550346267966688e-07,6.71426391818386e-07,0.0,0.5027275256935653,1237.039470270672,1200.0000000999999,10800.0,-4190.48003403746,1.0276462046734989,2.873812576643187,63604.38580167524,1,35486.93534961731,0,1.0000326255976688e-07,optimal,optimal,optimal,66020.60533958428,-2218.5134022007296,-1768.6522085956806,5.999619839851025e-07
2025-08-26,Q4-3 SEARCH,0.8,0.5,1237.039470270672,14,1237.039470270672,optimal,optimal,53696.569115948834,0.0,0.0,14,9432.136646065986,optimal,optimal,743.520572133544,1333.7626713177226,2.034896599095873,0.5979866448858352,14,7155.487261918298,optimal,optimal,-542.537027911075,0.0,1472.412309701429,0.6922316638062922,14,10728.751370263333,optimal,optimal,4.669062717354349e-07,2.726141599436182e-07,0.0,0.5063891595728066,1251.598918551494,1237.039470270672,10780.350288167372,200.9835446893752,8.019900063343031e-08,1.999973105422214e-07,53897.552660838206,0,35813.25478622409,0,1.0000803740695119e-07,optimal,optimal,optimal,53948.243492980335,861.4565749598314,-543.9090145706866,4.5614334193909744e-07
2025-08-27,Q4-3 SEARCH,0.8,0.5,1251.598918551494,14,1251.598918551494,optimal,optimal,53727.07848240149,0.0,0.0,14,9963.419444444444,optimal,optimal,3554.2207159238737,4191.278269310352,-1.1368683772161603e-13,0.6062777887328278,14,8154.34836716957,optimal,optimal,-327.87292338621774,29.434528457109195,1815.2990433884095,0.6933488819564549,14,10683.235320633903,optimal,optimal,5.645570467934717e-07,3.539654417428371e-07,4.547473508864641e-13,0.4985681945747256,1262.1319956257291,1245.5408815144572,10800.0,3226.347793102213,8.067811103940534e-08,1.9999707447150287e-07,56953.4262757037,0,35346.23379388233,0,1.00000761449337e-07,optimal,optimal,optimal,54260.05467774825,3520.109230009467,-382.0474239894208,5.592160646215428e-07
2025-08-28,Q4-3 SEARCH,0.8,0.5,1262.1319956257291,14,1262.1319956257291,optimal,optimal,52099.94143843194,0.0,0.0,14,9857.698761391113,optimal,optimal,4602.263328598615,4653.388916401883,1.1368683772161603e-13,0.5940174345430578,14,6490.608152798043,optimal,optimal,816.6628921955077,664.2882781814565,0.0,0.7006368353842833,14,10640.435749965087,optimal,optimal,5.857351321537863e-07,3.560267032298725e-07,0.0,0.5019018731063353,1231.0656523566647,1228.1960709485538,10725.233020650372,5418.926221379858,9.907500048768853,83.31712135000168,57602.1847811618,1,37326.69990790347,0,1.0000030670198612e-07,optimal,optimal,optimal,51930.98727740539,4328.977217371107,838.1005161018088,6.000393556609853e-07
2025-08-29,Q4-3 SEARCH,0.8,0.5,1231.0656523566647,14,1231.0656523566647,optimal,optimal,24319.48024376284,0.0,0.0,14,4778.984105469929,optimal,optimal,-569.4792896398243,0.0,1775.2662855772774,0.6068280399524457,14,10800.0,optimal,optimal,127.54010830903397,129.72980858264071,26.702663576301777,0.699339001927485,14,10772.606636685196,optimal,optimal,4.7166548120003425e-07,8.327427281074051e-07,0.0,0.5021990957497002,1241.1877985586366,1231.0656523566647,10800.0,-441.93918085912486,5.9827736082803975,12.384341501361016,23889.925404405076,1,26811.029087653827,0,1.0003850547946058e-07,optimal,optimal,optimal,24527.619641929312,-546.7101521500306,131.98964657403715,5.999973952522914e-07
2025-08-30,Q4-3 SEARCH,0.8,0.5,1241.1877985586366,14,1241.1877985586366,optimal,optimal,24203.51910127243,0.0,0.0,14,3691.702238819757,optimal,optimal,-300.11316412557244,101.1028799613589,1456.4127333257622,0.630167851511901,14,10229.777828596187,optimal,optimal,-75.43019006776964,0.0,245.17538790616572,0.7088846325347387,14,10498.236347818538,optimal,optimal,48.466343672590114,23.307289750938935,0.0,0.49209123444232894,1200.000000041175,1200.0,10592.748905931934,-327.07701052075197,206.64656976979455,532.3898549691369,24408.831945720816,4,25694.696055811415,0,1.000043994281441e-07,optimal,optimal,optimal,23751.73024269659,-230.36235848524012,-67.84017869261561,45.23778645948854
2025-08-31,Q4-3 SEARCH,0.8,0.5,1200.000000041175,14,1200.000000041175,optimal,optimal,54045.0000740121,0.0,0.0,14,8294.183589614426,optimal,optimal,-259.74041379423426,55.50139737574088,769.8213371865389,0.663126539336752,14,5680.41630262086,optimal,optimal,-567.5885528309555,0.0,1511.4431393654336,0.7116215683822784,14,10390.040434872304,optimal,optimal,287.6254959485856,150.83446786794138,0.0,0.4881845379014907,1200.0,1200.0,10581.433965578091,-539.7034706766041,538.6752357995679,2354.903271652507,55860.199874988,14,37191.871560236366,1,1.0002258932217956e-07,optimal,optimal,optimal,54309.292473979134,-247.96974412024517,-549.6960281058002,298.39402002116714
2025-09-01,Q4-3 SEARCH,0.8,0.5,1200.0,14,1200.0,optimal,optimal,53950.32400825256,0.0,0.0,14,9780.261961678256,optimal,optimal,-2818.120920810218,0.0,8704.258900486586,0.6857825686932912,14,8152.940540358024,optimal,optimal,-27.157579936395848,351.0267183465725,2379.62873665369,0.7027734359632896,14,10800.0,optimal,optimal,6.398789762500264e-08,4.601730324793607e-07,5.681148937143068e-07,0.4926448635117142,1258.4074610529199,1200.0,10800.0,-2845.278500682626,4.940711462450593e-08,1e-07,51105.045507669936,0,32423.978828602878,0,1.0000007932831068e-07,optimal,optimal,optimal,60073.03991430414,-2649.6679543574437,-13.718086129940929,1.0000598571480171e-07
2025-09-02,Q4-3 SEARCH,0.8,0.5,1258.4074610529199,14,1258.4074610529199,optimal,optimal,48107.13382558897,0.0,0.0,14,9958.661574074074,optimal,optimal,903.635832684552,776.2760050935995,33.593215980528385,0.6467821852969481,14,8317.913483094915,optimal,optimal,-521.8476561969817,0.0,2282.5467536233828,0.6591325437812325,14,10799.999999999998,optimal,optimal,-15.289353918263597,4.6579623358411476e-07,23.755988747322107,0.4946689038145473,1429.6953523037134,1258.4074610529199,10800.0,366.49882256930675,9.450596956160718e-08,1.9999724431963842e-07,48473.632648358274,0,33053.27955690899,0,1.00000761449337e-07,optimal,optimal,optimal,53533.53535625189,832.246058226267,-539.4677970721741,-15.3400348680378
2025-09-03,Q4-3 SEARCH,0.8,0.5,1429.6953523037134,14,1429.6953523037134,optimal,optimal,52263.15504276348,0.0,0.0,14,9973.114351851851,optimal,optimal,-1111.8685332956104,121.25529441141464,4267.637681933262,0.6330887283931688,14,7709.098721772936,optimal,optimal,-472.73352093857056,40.56891661762319,2363.6281119340983,0.6585883797181437,14,10742.329999174075,optimal,optimal,-39.2310915027607,0.0,58.890331996684,0.5006507811115972,1549.6643928230105,1429.6953523037134,10800.0,-1623.8331457369416,4.81811611659841e-08,1e-07,50639.32189712654,0,31819.848446676937,0,1.0000803740695119e-07,optimal,optimal,optimal,57011.7056656047,-1033.7896011688651,-426.9679542790327,-38.29693838255192
2025-09-04,Q4-3 SEARCH,0.8,0.5,1549.6643928230105,14,1549.6643928230105,optimal,optimal,51343.796552738066,0.0,0.0,14,9966.774685370365,optimal,optimal,-974.8213372349637,116.9789018212208,3669.4250971754914,0.6470932374180206,14,9038.035867460525,optimal,optimal,-547.6811440522683,0.0,1836.0722452107523,0.6595582772279038,14,10800.0,optimal,optimal,-34.16969769893633,6.230959786555811e-07,51.14508418939976,0.49963566447790875,1727.058745836936,1549.6643928230105,10800.0,-1556.6721789861683,5.279837622236805e-08,1.0000014646600985e-07,49787.1243738519,0,33986.172631181005,0,1.0003691386373248e-07,optimal,optimal,optimal,56433.88234764805,-905.6818751059917,-516.8266052847116,-32.1052372415805
2025-09-05,Q4-3 SEARCH,0.8,0.5,1727.058745836936,14,1727.058745836936,optimal,optimal,20405.396958540474,0.0,0.0,14,6451.292954475308,optimal,optimal,-333.2085220077837,0.0,1081.768587729072,0.643060192890471,14,10782.181941631901,optimal,optimal,-44.28470794177447,0.0,135.8071462713016,0.6614877220633096,14,10800.0,optimal,optimal,-1.9485336770441766,0.0,3.585818491002496,0.49731762989364126,1958.3310070982504,1727.058745836936,10800.0,-379.4417636266023,1.4167881233590371e-07,5.99995707286871e-07,20025.95519551387,0,23159.178469287035,0,1.0000285647038255e-07,optimal,optimal,optimal,23383.78253613751,-312.7861347515652,-42.65433726449052,-1.936018354895285
2025-09-06,Q4-3 SEARCH,0.8,0.5,1958.3310070982504,14,1958.3310070982504,optimal,optimal,20218.091267503893,0.0,0.0,14,6097.7112308333335,optimal,optimal,-240.31862375762068,0.0,755.9964029662306,0.629681704470789,14,10411.661795079743,optimal,optimal,-169.83103981781977,0.0,569.7281980103132,0.6401143806251246,14,10800.0,optimal,optimal,-26.849202824619,0.0,45.816434660637995,0.5015551084953167,1475.227452472937,1475.227452472937,10800.0,-436.99886640005946,1.0275327725514725e-07,2.0000000000000004e-07,19781.092401303835,0,23945.851188576966,0,1.00000761449337e-07,optimal,optimal,optimal,22783.921928465963,-226.63414851797353,-180.63317012792433,-24.03808313352681
2025-09-07,Q4-3 SEARCH,0.8,0.5,1475.227452472937,14,1475.227452472937,optimal,optimal,48144.428053253745,0.0,0.0,14,9917.991545370365,optimal,optimal,171.6099819806239,420.5800427303454,436.2714255268887,0.6191595196935172,14,8052.992311532731,optimal,optimal,-705.7675469207927,0.0,2416.1854210178976,0.5952285741769116,14,10800.0,optimal,optimal,-48.87479148021886,8.436234111286467e-07,76.22712876828075,0.5047063537616997,2015.8760578556864,1475.227452472937,10800.000000000002,-583.0323564203877,4.898359049718344e-08,9.999999999999998e-08,47561.39569693336,0,34358.81477979485,0,1.0000030670198612e-07,optimal,optimal,optimal,53147.931116818116,166.29997411260237,-676.2935370419784,-48.83439635543841
2025-09-08,Q4-3 SEARCH,0.8,0.5,2015.8760578556864,14,2015.8760578556864,optimal,optimal,49062.148180124575,0.0,0.0,14,9879.00467925926,optimal,optimal,-1717.5561946439075,0.0,4969.379542913966,0.5890050815376172,14,8677.062200213726,optimal,optimal,-426.36026702535634,66.3621108959569,2418.7448599466175,0.6161005294772953,14,10789.198746075383,optimal,optimal,-120.85116976823899,0.0,181.81820394077886,0.5044000864482837,2170.6989085362616,2015.8760578556864,10800.0,-2264.7676314375026,3.88954008272331e-08,1.0000006987185242e-07,46797.38054878707,0,33774.01218906321,0,1.0000803740695119e-07,optimal,optimal,optimal,50552.412145533126,-1569.400728507128,-452.98864696619984,-120.13108069351622
2025-09-09,Q4-3 SEARCH,0.8,0.5,2170.6989085362616,14,2170.6989085362616,optimal,optimal,42446.95157683208,0.0,0.0,14,9981.140277777778,optimal,optimal,-80.23490555356074,32.47500292139796,652.536348062607,0.5832907549539084,14,8680.942911461068,optimal,optimal,3.3133289522729648,17.080569237882116,32.96692562531855,0.605951522756062,14,10800.0,optimal,optimal,-140.4995137895366,0.0,206.76647954197762,0.5041177237320598,2262.838064717349,2170.6989085362616,10800.0,-217.42109039082436,4.516831760879537e-08,1.0000256613573e-07,42229.530486541255,0,34038.829683337826,0,1.0001167538575828e-07,optimal,optimal,optimal,44061.74903453383,-80.11265261484898,1.9477091326044036,-133.7572351946487
2025-09-10,Q4-3 SEARCH,0.8,0.5,2262.838064717349,14,2262.838064717349,optimal,optimal,50268.65588881604,0.0,0.0,14,9855.67338944445,optimal,optimal,-2404.093786694658,0.0,6701.281159975895,0.5988800152636744,14,7780.607559380024,optimal,optimal,272.5685834762289,392.3270098849882,1152.9412489190454,0.5945906680289522,14,10800.0,optimal,optimal,-130.7685193626044,0.0,197.88629154263128,0.49891275148838615,2299.6147835232314,2214.2753600328037,10800.0,-2262.2937225810333,326.64816669864024,1094.7103376519105,49101.07250388692,3,37588.0450446674,0,1.0000030670198612e-07,optimal,optimal,optimal,51549.63700033894,-2263.432374734316,306.07672014066895,-136.91715602390556
2025-09-11,Q4-3 SEARCH,0.8,0.5,2299.6147835232314,14,2299.6147835232314,optimal,optimal,49166.82462159109,0.0,0.0,14,9977.201879814815,optimal,optimal,-2875.7256569162746,0.0,9754.177794930041,0.5880415537816107,14,7338.609344435152,optimal,optimal,-379.9259812822751,0.0,1824.6311096945767,0.6259278212838969,14,10800.0,optimal,optimal,-57.45385060082982,8.315287558252063e-07,86.80461297676572,0.49993537315028147,2368.5514483070738,2139.2003057407405,10800.0,-3313.1054887993796,1.0522949976796417e-07,1.9997585493692897e-07,45853.71913299168,0,34860.692187541805,0,1.00000761449337e-07,optimal,optimal,optimal,51790.42110661714,-3042.083994580455,-444.7542779130756,-55.617106898546766
2025-09-12,Q4-3 SEARCH,0.8,0.5,2368.5514483070738,14,2368.5514483070738,optimal,optimal,16419.36437761728,0.0,0.0,14,4868.428526149521,optimal,optimal,-74.48467484550987,4.004252777777765,238.7599973319339,0.6520319708155243,14,10799.999999999998,optimal,optimal,268.61843336652896,277.6065532771641,0.0,0.6564116385705948,14,10785.627956790124,optimal,optimal,9.203867821893649,7.06007402362286,0.0,0.5015770938912641,2584.32017477098,2368.5514483070738,10800.0,203.33762634291276,2.0123648042221753e-07,3.000183976809012e-07,16622.70200426021,0,24326.093625864753,0,1.000043994281441e-07,optimal,optimal,optimal,17365.754086976765,-72.20621555252623,271.78455715331324,9.164735039736362
2025-09-13,Q4-3 SEARCH,0.8,0.5,2584.32017477098,14,2584.32017477098,optimal,optimal,16478.71614834342,0.0,0.0,14,4992.912736709212,optimal,optimal,7.054493254663897e-07,7.368004872887469e-07,1.1368683772161603e-12,0.6284207535701016,14,10799.999999999998,optimal,optimal,84.79195619895121,89.2192486392591,0.0,0.6742835971285835,14,10800.0,optimal,optimal,8.157308358135351e-08,2.448997734259065e-07,3.0234517219283035e-07,0.4962766172060653,1751.416461476948,1751.416461476948,10800.0,84.79195698597361,24.16657597060956,89.83924583931841,16653.34735116871,1,25567.189064701633,0,1.000043994281441e-07,optimal,optimal,optimal,17589.973982992982,5.999978336764248e-07,73.14409254633352,1.0000363797880707e-07
2025-09-14,Q4-3 SEARCH,0.8,0.5,1751.416461476948,14,1751.416461476948,optimal,optimal,50285.99585568753,0.0,0.0,14,9986.40375925926,optimal,optimal,-1538.4074627187233,319.1581695817255,5427.777743620025,0.5997059312486834,14,8307.762362868312,optimal,optimal,-421.46760661436304,1.772330247646785e-07,1813.1391624119537,0.6705761840013984,14,10800.0,optimal,optimal,1.003228214983877e-07,1.6046516554444611e-07,0.0,0.4999769143926499,2331.3021108323587,1725.090618884355,10800.0,-1959.8750692327635,16.97903073279846,108.80047626219306,48434.921262716955,2,33999.983424065154,0,1.0001531336456537e-07,optimal,optimal,optimal,51715.57857677672,-1561.4210261330022,-421.58879418738763,1e-07
2025-09-15,Q4-3 SEARCH,0.8,0.5,2331.3021108323587,14,2331.3021108323587,optimal,optimal,36380.604565279034,0.0,0.0,14,8625.560820481394,optimal,optimal,218.46648373125856,427.63025100234904,672.7150768799395,0.6397064326178523,14,7090.78443,optimal,optimal,-208.6911901136433,0.0,536.8673822504792,0.6536509014215771,14,10663.888444382133,optimal,optimal,-74.67799911033164,0.0,109.76410383280788,0.5046865898593866,1230.6731482540242,1200.0,10800.0,-64.90270549271638,3798.9465110376987,17254.92829062004,53570.63015040636,50,37280.162449991476,0,1.0001167538575828e-07,optimal,optimal,optimal,35654.56614057131,184.55438562894443,-202.20111527453528,-71.34903912864809
2025-09-16,Q4-3 SEARCH,0.8,0.5,1230.6731482540242,14,1230.6731482540242,optimal,optimal,47549.17848622626,0.0,0.0,14,9317.420465424808,optimal,optimal,-1279.9230643143385,0.0,3762.6535241496695,0.6305962899285288,14,7965.745156025527,optimal,optimal,-891.7080466403933,0.0,3147.563525335043,0.6633295134036267,14,10703.201077502259,optimal,optimal,5.641375023299013e-07,2.8990339028746957e-07,0.0,0.5020586530000306,1200.000000047486,1200.0,10800.0,-2171.6311103905946,1043.4264655376574,3868.2847967638413,49245.832172599505,29,36377.502237798326,0,1.0000803740695119e-07,optimal,optimal,optimal,45742.10434418247,-1175.5295988709906,-780.7697528756923,6.000067855893574e-07
2025-09-17,Q4-3 SEARCH,0.8,0.5,1200.000000047486,14,1200.000000047486,optimal,optimal,45665.915236684945,0.0,0.0,14,9836.299809519063,optimal,optimal,-845.4526530172554,0.0,2808.423113007507,0.6569124032531548,14,6558.359295354543,optimal,optimal,-678.240061047,0.0,2160.2101138563867,0.7042296545107055,14,10444.149439240717,optimal,optimal,-59.23951207659456,0.0,87.57412133548493,0.5065692278951262,1346.9177580338144,1200.000000047486,10800.0,-1582.9322261408502,3.273046349353142e-07,6.999921145805274e-07,44082.98301124408,0,38154.399385705634,0,1.0000803740695119e-07,optimal,optimal,optimal,45445.23156806642,-903.7458924631799,-728.2523179269274,-58.29209307740513
2025-09-18,Q4-3 SEARCH,0.8,0.5,1346.9177580338144,14,1346.9177580338144,optimal,optimal,39966.70267005458,0.0,0.0,14,9725.157065462965,optimal,optimal,2230.1680201691897,3320.969524616721,2.2737367544323206e-13,0.6625954661139571,14,6605.752727298277,optimal,optimal,-123.92982166296837,0.0,406.42735395210883,0.7085562913375641,14,10798.073342374844,optimal,optimal,3.4944480921158694e-07,5.711282327557195e-07,0.0,0.504025400438964,1433.7416599324984,1200.0,10800.0,2106.2381988556663,205.90228847571672,958.8650617627758,43031.80593067303,4,38617.831225964735,0,1.0000098882301245e-07,optimal,optimal,optimal,39563.394783350464,2160.246371965709,-126.64342363965338,3.9499538156353997e-07
2025-09-19,Q4-3 SEARCH,0.8,0.5,1433.7416599324984,14,1433.7416599324984,optimal,optimal,14947.104902920688,0.0,0.0,14,3304.1970370370364,optimal,optimal,352.9818480037941,384.80909944034636,0.0,0.6040508381564603,14,10654.444449862518,optimal,optimal,-90.35116276685136,0.0,253.32710616618112,0.6796524299449376,14,10148.24935924667,optimal,optimal,67.13552722183962,49.351657624382106,2.8261024453968275e-07,0.507404420116446,1873.0861025183315,1200.0,10719.612669069738,329.7662124587823,64.9803197379013,198.61408013941715,15475.485195518888,4,27346.6700408202,0,1.00000761449337e-07,optimal,optimal,optimal,14614.74891906283,336.71361044085256,-88.0871902237237,70.51351685566857
2025-09-20,Q4-3 SEARCH,0.8,0.5,1873.0861025183315,14,1873.0861025183315,optimal,optimal,14460.791180303604,0.0,0.0,14,3869.542962589822,optimal,optimal,-0.1560907483524545,81.04812943165312,200.03183106352748,0.618494856602712,14,10629.629077625235,optimal,optimal,-82.40125612590589,0.0,232.98935693887452,0.6813228947568293,14,10586.366460664603,optimal,optimal,244.3796710377296,175.95306190495046,0.0,0.5136720437185134,1761.9597717870292,1200.0,10663.632612511634,161.82232416347125,109.55899072204092,349.98728295364714,14972.600787420723,4,28957.15869356951,0,1.000043994281441e-07,optimal,optimal,optimal,14638.015285050016,-2.855927004250699,-80.63406622140842,263.17228344260803
2025-09-21,Q4-3 SEARCH,0.8,0.5,1761.9597717870292,14,1761.9597717870292,optimal,optimal,45900.21994671105,0.0,0.0,14,9740.36957357299,optimal,optimal,-729.6947629017748,0.2746347774456126,2077.4349995643374,0.6346557534713684,14,8766.17794922041,optimal,optimal,-420.9572654900626,106.36376318704481,2307.037019836757,0.671496083884096,14,9969.735185185185,optimal,optimal,-2.2105529122276013,2.036383022629337e-07,10.1775002514064,0.5098321209063945,1444.9952928176062,1237.3485092592575,10800.0,-1152.8625813040649,19.175034987521048,42.070026716472135,44789.427392123456,1,36090.798098716485,0,1.00000761449337e-07,optimal,optimal,optimal,44571.47797159909,-692.8414940899997,-427.3229917231455,-2.139051418612422
2025-09-22,Q4-3 SEARCH,0.8,0.5,1444.9952928176062,14,1444.9952928176062,optimal,optimal,49703.70424481394,0.0,0.0,14,9730.13785277778,optimal,optimal,-1974.8499300773915,0.0,6234.942389792155,0.5961856585986904,14,7414.712577229905,optimal,optimal,-970.9763918148226,0.0,3132.360363236953,0.6889689027780561,14,9904.806788049755,optimal,optimal,8.015368050520195,5.422247643050014,0.0,0.5062345508562796,1331.2881075802823,1331.2881075802823,10713.040121383088,-2937.810953841694,10.906666857757056,71.60772039999712,46837.501011372246,1,38051.07633853871,0,1.00000761449337e-07,optimal,optimal,optimal,48250.478781992686,-1877.8360837395012,-998.9566936765846,8.398117325267915
2025-09-23,Q4-3 SEARCH,0.8,0.5,1331.2881075802823,14,1331.2881075802823,optimal,optimal,48455.85646343362,0.0,0.0,14,9855.230694444444,optimal,optimal,-1200.859412543988,0.0,3536.1525804400344,0.6007918642121185,14,7642.939939013685,optimal,optimal,-652.2871862723055,0.0,2615.2872893266076,0.7102688362697962,14,9984.85071306296,optimal,optimal,-35.2581940489288,0.0,55.58159116510255,0.5065599454064115,1438.5056582310328,1199.9999999999998,10800.000000000002,-1888.4047928652221,44.57786767887316,223.7301362063335,46791.18180677473,4,37899.13244772253,0,1.0001531336456537e-07,optimal,optimal,optimal,47569.84892016946,-1141.0687294834431,-637.8365670683497,-37.831225596725055
2025-09-24,Q4-3 SEARCH,0.8,0.5,1438.5056582310328,14,1438.5056582310328,optimal,optimal,41932.94744935603,0.0,0.0,14,9602.569160185187,optimal,optimal,106.71788412049202,87.97729464885177,0.0,0.5845800036227553,14,5798.474327141354,optimal,optimal,1261.2086307404068,1262.0759378867974,0.0,0.6814649911595012,14,9644.374782070845,optimal,optimal,512.5912966765767,321.0943240558886,19.88052633333259,0.48410891445068943,1575.1085463133913,1315.8007185930112,10472.618355504464,1880.5178115374756,747.4498865490298,2269.329962034801,46082.795222928304,13,36286.05372115905,0,1.0000053407566156e-07,optimal,optimal,optimal,41462.650187475185,106.85373364931917,1213.0062585350934,510.27444219560783
2025-09-25,Q4-3 SEARCH,0.8,0.5,1575.1085463133913,14,1575.1085463133913,optimal,optimal,46549.98193087246,0.0,0.0,14,9836.514995456078,optimal,optimal,-209.26053388482774,0.2746347774447031,929.5954271140407,0.6106822775604211,14,7661.6778240154545,optimal,optimal,-598.0183937426254,0.2159905529073285,2445.122684062715,0.6951975924865397,14,10600.709584579019,optimal,optimal,224.9118501885996,178.8707485485296,20.495019172306023,0.4935107371796599,1388.4502288924825,1388.4502288924825,10734.301171382005,-582.3670774388536,31.886366903756084,217.35929058330865,46184.97414401692,2,34869.992617502285,0,1.0000803740695119e-07,optimal,optimal,optimal,45304.48935566857,-179.1365326388434,-504.15229876680746,229.2816900377756
2025-09-26,Q4-3 SEARCH,0.8,0.5,1388.4502288924825,14,1388.4502288924825,optimal,optimal,15629.58208991847,0.0,0.0,14,4823.078069018935,optimal,optimal,-365.7087664595134,0.274634777448,1253.6284594846516,0.5936470483673373,14,10579.994696796713,optimal,optimal,-64.30465088541527,0.2159905529073285,185.55256321597705,0.6908282922012393,14,10272.01546867691,optimal,optimal,-16.90125130591686,0.0,62.662880472906544,0.4917545984170671,1400.4878469996281,1381.7409384295204,10764.022876084317,-446.91466865084556,2.958554953309958e-07,4.999975591009713e-07,15182.667421767623,0,28384.126409183948,0,1.00000761449337e-07,optimal,optimal,optimal,15657.369607294844,-358.7258176819458,-64.99139942725729,-18.12315781749643
2025-09-27,Q4-3 SEARCH,0.8,0.5,1400.4878469996281,14,1400.4878469996281,optimal,optimal,15280.469593696396,0.0,0.0,14,4129.411956654759,optimal,optimal,478.62314567635275,492.64280606825423,0.0,0.6131489689521806,14,10627.16219587061,optimal,optimal,-27.911143929130915,0.4906253303530548,82.54599588206466,0.6867856362317303,14,10160.780624229821,optimal,optimal,54.43782172556377,58.157960176974484,38.673227136829894,0.49981201675419523,1200.000000047718,1200.0,10771.367304502595,505.1498234727856,222.66155867917038,550.7270189219901,16336.346436091173,4,30399.46540271044,0,1.000043994281441e-07,optimal,optimal,optimal,14710.43161545102,476.7841990867994,-29.177847097577644,53.18127722852225
2025-09-28,Q4-3 SEARCH,0.8,0.5,1200.000000047718,14,1200.000000047718,optimal,optimal,48459.38152980033,0.0,0.0,14,9841.353243240745,optimal,optimal,94.84955331140799,166.09728954338152,110.77175271146756,0.6321563900124563,14,7290.529788422775,optimal,optimal,-478.5148291712259,12.531575178987776,1334.511175127947,0.7126581472204747,14,9772.791878973143,optimal,optimal,329.1287196016919,195.7267767037477,0.0,0.5,1227.3390327341876,1200.000000047718,10733.803243240745,-54.53655625812604,153.75621976748008,644.713123510164,49049.558097052366,7,36008.716765131816,0,1.0001531336456537e-07,optimal,optimal,optimal,47445.126215724165,86.08963146783233,-432.12868709826654,342.439044718394
2025-09-29,Q4-3 SEARCH,0.8,0.5,1227.3390327341876,14,1227.3390327341876,optimal,optimal,50958.73454048039,0.0,0.0,14,9619.525124146228,optimal,optimal,-2366.302831930823,0.27463477744606735,6845.801302933247,0.6144343877010789,14,6865.556603533062,optimal,optimal,-621.0336718001045,0.2159905529073285,1884.6284510367018,0.719233625917075,14,9954.934960457771,optimal,optimal,33.574090110969664,32.99343758464238,0.0,0.5,1200.0000000459327,1200.0000000459327,10741.918293791105,-2953.7624136199574,102.84784633337702,361.0338284505469,48366.00595531098,5,37493.55937441702,0,1.0000121619668789e-07,optimal,optimal,optimal,50171.173620455025,-2233.009875634401,-600.9464920881302,35.0054266232477
2025-09-30,Q4-3 SEARCH,0.8,0.5,1200.0000000459327,14,1200.0000000459327,optimal,optimal,50776.771481760756,0.0,0.0,14,9803.288095927548,optimal,optimal,-1053.0297983747123,0.929190839313037,2363.9688715378534,0.5785224911004776,14,6132.774540627239,optimal,optimal,-355.68244280000454,0.21599055290744218,873.5530404179357,0.7006620415934224,14,10713.693311538258,optimal,optimal,113.14674155275011,74.06890792204467,8.571762341750029,0.5,1253.78498571953,1200.0000000459327,10800.0,-1295.5654996219666,2.0720705021524558e-07,5.000036574483425e-07,49481.20598263879,0,39384.20080959451,0,1.00000761449337e-07,optimal,optimal,optimal,50312.76128690622,-980.3285976517446,-354.7864611834601,112.6709612113243
2025-10-01,Q4-3 SEARCH,0.8,0.5,1253.78498571953,14,1253.78498571953,optimal,optimal,44454.04444504915,0.0,0.0,14,9864.9186530137,optimal,optimal,-960.9661479580851,75.8338068424398,3733.93976709781,0.6042615832452569,14,7648.382810548559,optimal,optimal,-813.6078775793366,0.2159905529073285,3749.9090370727695,0.6756748356135558,14,10775.167422237753,optimal,optimal,2.725620442098644,21.858694655667364,49.346567546777834,0.5,1265.0157589892358,1253.78498571953,10800.0,-1771.848405095323,1.7150746452468203e-07,5.000016943450646e-07,42682.196040453826,0,36075.90603630949,0,1.00000761449337e-07,optimal,optimal,optimal,45922.11336050002,-1062.3336297068852,-934.3237378448835,3.7305714684509086
2025-10-02,Q4-3 SEARCH,0.8,0.5,1265.0157589892358,14,1265.0157589892358,optimal,optimal,49453.12807896619,0.0,0.0,14,8912.977277283953,optimal,optimal,-2331.225699391119,0.08091576714423354,6486.366015873293,0.5675653477939547,14,7534.979466952229,optimal,optimal,-1047.6191338120532,0.4906253303547601,4262.715932589617,0.674236325977098,14,10221.359494466164,optimal,optimal,-15.250914340576337,0.0,23.99042671697373,0.5,1297.0799226087825,1265.0157589892358,10800.0,-3394.0957475437485,6.818857697504136e-08,1.9999842925403027e-07,46059.032331622446,0,34845.920807247945,0,1.0000043981614941e-07,optimal,optimal,optimal,50907.73564367206,-2441.5394737171964,-1152.9052852062746,-15.028465939107395
2025-10-03,Q4-3 SEARCH,0.8,0.5,1297.0799226087825,14,1297.0799226087825,optimal,optimal,13791.282831639406,0.0,0.0,14,4650.347936848155,optimal,optimal,-12.73158859102324,1.5213989704122355,52.616876688944096,0.6140312385817182,14,10609.276037878897,optimal,optimal,88.28580673789679,115.3776248809701,122.63206558090133,0.721302899256523,14,10303.199469176188,optimal,optimal,-3.331525631821383,0.0,20.355987417909933,0.5,1494.0700288687397,1297.0799226087825,10800.0,72.22269251505217,3.7050035849103e-07,1.2000007175579572e-06,13863.505525354458,0,27125.582750965972,0,1.0000250222219619e-07,optimal,optimal,optimal,14208.540436225536,-14.841112639115357,83.67374027512338,-3.5200862268147057
2025-10-04,Q4-3 SEARCH,0.8,0.5,1494.0700288687397,14,1494.0700288687397,optimal,optimal,15728.203339867585,0.0,0.0,14,5671.877592962964,optimal,optimal,-243.6376348104831,0.0,1468.9424576554275,0.5931058327415998,14,10449.424750679495,optimal,optimal,-84.1960835123271,0.0,279.1841859759128,0.7237860924086845,14,10327.12777777778,optimal,optimal,-30.339879481160583,0.0,82.60256808075577,0.5,1398.9670826441338,1398.9670826441338,10800.0,-358.17359780397084,1.0239023642341982e-07,2e-07,15370.029742263614,0,27946.413081897692,0,1.0000007932831068e-07,optimal,optimal,optimal,15943.042307287158,-249.1518075341618,-93.54351480111004,-32.151078029329106
2025-10-05,Q4-3 SEARCH,0.8,0.5,1398.9670826441338,14,1398.9670826441338,optimal,optimal,48893.343622045926,0.0,0.0,14,9418.434514734878,optimal,optimal,-2512.9984333537054,0.0,8286.166523186932,0.615012849808885,14,8019.8709775281095,optimal,optimal,-518.0685344291945,51.107003412122594,2827.731935861684,0.7160787742827459,14,10795.361111111111,optimal,optimal,-7.79414714211063,0.0,22.910779552060305,0.5,1569.7827516909674,1398.9670826441338,10800.0,-3038.8611149250105,1.8669541820073786e-07,4.000153179186782e-07,45854.48250752093,0,35576.26277460683,0,1.0000026229330805e-07,optimal,optimal,optimal,50604.09851506133,-2754.838484171946,-633.9748840568144,-7.598872311334152
2025-10-06,Q4-3 SEARCH,0.8,0.5,1569.7827516909674,14,1569.7827516909674,optimal,optimal,43289.34935146727,0.0,0.0,14,9923.960957314814,optimal,optimal,75.72566775221298,49.28008584310453,12.003851885240689,0.6664023081337624,14,6408.437199281352,optimal,optimal,-475.8377504549792,44.566363262528284,1490.5525828506375,0.703363351169106,14,10785.926851851851,optimal,optimal,-9.642222643135629,0.0,43.90811630150955,0.5,1679.9027844841582,1556.6593257650413,10800.0,-409.75430534590186,57.51633108183337,208.9656366415591,43088.56068276292,3,37108.727302565894,0,1.0000053407566156e-07,optimal,optimal,optimal,43658.86189457739,80.44646344208944,-482.9230514150547,-9.749674583863609
2025-10-07,Q4-3 SEARCH,0.8,0.5,1679.9027844841582,14,1679.9027844841582,optimal,optimal,45064.40672825811,0.0,0.0,14,9895.064035370367,optimal,optimal,-734.9467399263483,35.54054729176187,2696.9986955985037,0.7054307139853566,14,7584.4944197951345,optimal,optimal,-208.11843582383796,178.76664590430047,2235.8353368925686,0.6870807020300234,14,10800.0,optimal,optimal,-37.53439895904786,0.0,70.49447617147148,0.5,1763.422505626415,1679.9027844841582,10800.0,-980.599574709234,1.5050708519978387e-07,4.000043308498788e-07,44083.80715394888,0,37942.059894202044,0,1.0001531336456537e-07,optimal,optimal,optimal,45879.06999198993,-789.791054540827,-177.87818179096945,-37.9507550442913
2025-10-08,Q4-3 SEARCH,0.8,0.5,1763.422505626415,14,1763.422505626415,optimal,optimal,42151.82241236436,0.0,0.0,14,9913.318909457015,optimal,optimal,-865.0290280256082,0.0,3114.690905240051,0.6856846870882619,14,6441.995844159089,optimal,optimal,-420.6995899840438,0.9887234648092544,1591.0377015697177,0.7039747817089401,14,10610.253685877044,optimal,optimal,149.12612556937378,91.86616727093224,0.0,0.5,1874.3386891785944,1495.394153095856,10800.0,-1136.6024924402784,-8.73741235846926e-15,-1.868495632858651e-14,41015.21991992408,0,37971.107400657886,0,1.00000761449337e-07,optimal,optimal,optimal,41693.3910435812,-807.967691380546,-395.853086852955,154.90865669985487
2025-10-09,Q4-3 SEARCH,0.8,0.5,1874.3386891785944,14,1874.3386891785944,optimal,optimal,48831.42039237841,0.0,0.0,14,9863.829424351856,optimal,optimal,-4255.211475806322,0.0,13700.691875040078,0.7076360083793053,14,6833.777538896789,optimal,optimal,-144.80093916296858,72.52019068615687,1171.1388892691582,0.6817761195095178,14,10588.94967245608,optimal,optimal,259.27693520037843,146.96935447009108,14.125516841256125,0.5,1832.7456765353438,1832.7456765353438,10800.0,-4140.735479768911,72.44523398111023,330.1959413940918,45020.88085400359,4,37057.61062301652,0,1.0000036354540498e-07,optimal,optimal,optimal,48626.998927870314,-4354.045113347901,-160.80827401499923,273.72085137002756
2025-10-10,Q4-3 SEARCH,0.8,0.5,1832.7456765353438,14,1832.7456765353438,optimal,optimal,13507.75403960466,0.0,0.0,14,4921.165202761978,optimal,optimal,-206.40477858454958,0.0,651.7054889923272,0.7229791324986041,14,10531.496791722335,optimal,optimal,-15.981915887313821,37.963369880913774,171.038039084231,0.6251893437062719,14,10199.99455929155,optimal,optimal,238.02965826166235,153.44656330427,7.222323999458672,0.5,2097.118222135153,1471.4297397990158,10800.0,15.642963789798955,172.15215016331726,634.207510582317,14157.604513976776,4,28188.61956971951,0,1.0000621841754764e-07,optimal,optimal,optimal,13315.154026080287,-195.11571933376655,-16.861604120739525,225.73098382085132
2025-10-11,Q4-3 SEARCH,0.8,0.5,2097.118222135153,14,2097.118222135153,optimal,optimal,14202.182100804275,0.0,0.0,14,5835.2390486008635,optimal,optimal,-32.228871258977414,51.37278046116654,283.6908106988729,0.7294486736746663,14,10800.0,optimal,optimal,4.442258254696796,51.95856405678637,167.09494011455718,0.6691803681742314,14,10169.744876628283,optimal,optimal,199.4066701469112,130.4091311394772,18.242213434810747,0.5,1361.6846058326032,1361.6846058326032,10800.000000000002,171.6200571426306,21.23223024510794,79.8438007494182,14453.645958696325,1,29957.75900111193,0,1.0000098882301245e-07,optimal,optimal,optimal,14229.014210943576,-38.42333253094952,0.3605677719144005,190.9473183529928
2025-10-12,Q4-3 SEARCH,0.8,0.5,1361.6846058326032,14,1361.6846058326032,optimal,optimal,41592.844965367505,0.0,0.0,14,9948.960203703704,optimal,optimal,-268.76678634117616,181.33167837318763,1487.5122597206241,0.6990063100453638,14,7789.399351254475,optimal,optimal,-575.922353309543,13.925154832434906,2473.8475379953697,0.6616851296961284,14,10344.103988986737,optimal,optimal,5.919534398401538e-07,4.08060827794543e-07,0.0,0.5,1731.8505437652348,1361.6846058326032,10800.0,-844.6891390587657,749.396556498628,3157.350407577269,43905.506233886015,14,34834.989143698374,0,1.0000803740695119e-07,optimal,optimal,optimal,42023.51104789732,-231.69103727206857,-539.7285467342576,5.999722264973586e-07
2025-10-13,Q4-3 SEARCH,0.8,0.5,1731.8505437652348,14,1731.8505437652348,optimal,optimal,43452.49921369686,0.0,0.0,14,9752.559914623913,optimal,optimal,-1422.839959822069,9.02469210119989,5046.662651331095,0.6560808539672203,14,6542.553956132611,optimal,optimal,-448.54221907096945,2.138512468258301e-05,1960.5943186927693,0.6592464914403803,14,10295.259514568146,optimal,optimal,55.96445453765209,62.04300764243237,0.0,0.5,1548.7598518902819,1548.7598518902819,10791.53971627263,-1815.4177243553863,614.1282900530273,2041.3927540809927,43678.47424342246,6,38036.34038762124,0,1.0000121619668789e-07,optimal,optimal,optimal,44100.69456061802,-1479.0809539160728,-465.69749420332863,58.71753410981666
2025-10-14,Q4-3 SEARCH,0.8,0.5,1548.7598518902819,14,1548.7598518902819,optimal,optimal,45808.590901211785,0.0,0.0,14,9800.627798572585,optimal,optimal,-2146.221582996487,28.865437676548368,7493.090195284685,0.6356180682518217,14,5157.058465565009,optimal,optimal,633.1853324803265,819.8322684840987,127.54435809382632,0.6289051318304175,14,10559.161803799112,optimal,optimal,4.2083970853758063e-07,6.565874226344967e-07,0.0,0.5,1692.7734057031453,1257.5996446982083,10800.0,-1513.0362500953208,367.6015451248619,946.042129259928,45241.59678037639,5,39195.3520959927,0,1.0000576367019676e-07,optimal,optimal,optimal,45710.88901968717,-2195.1203992275305,616.7771428563202,4.4389826303614655e-07
2025-10-15,Q4-3 SEARCH,0.8,0.5,1692.7734057031453,14,1692.7734057031453,optimal,optimal,46013.09517495724,0.0,0.0,14,9495.2346682932,optimal,optimal,-2148.883067642118,0.0,6969.804708136404,0.6241099840039948,14,6786.135430166559,optimal,optimal,-156.59476232656579,8.754204505147072,507.826599047955,0.612734340928349,14,10088.190471772705,optimal,optimal,-102.72202640851705,0.0,163.4573612551427,0.5,1270.2792496706024,1200.0,10786.196398677223,-2408.199856377201,1170.796835227453,5663.744186263739,49268.639504843784,24,40268.413997697295,0,1.0000167094403878e-07,optimal,optimal,optimal,44713.3494055818,-2041.66427399849,-163.15203127599028,-104.38182562670121
2025-10-16,Q4-3 SEARCH,0.8,0.5,1270.2792496706024,14,1270.2792496706024,optimal,optimal,44630.4157109102,0.0,0.0,14,9511.585113998739,optimal,optimal,-546.6806135714737,339.7821923850468,3021.8614398487853,0.6240783348975945,14,6814.306076712886,optimal,optimal,-89.41878851912169,4.88702607981395e-06,340.9292944555187,0.6058262606377399,14,9899.917137220691,optimal,optimal,4.418176820934941e-07,3.0704171937419233e-07,0.0,0.5,1257.242649236225,1199.9999999999998,10745.832905705076,-636.0994016487778,928.2971019533528,4064.406667641525,48058.72297690295,17,40587.385900115914,0,1.0000803740695119e-07,optimal,optimal,optimal,43075.99630111811,-392.99261637885235,-74.40968684588466,4.875485331151847e-07
2025-10-17,Q4-3 SEARCH,0.8,0.5,1257.242649236225,14,1257.242649236225,optimal,optimal,12235.856854344693,0.0,0.0,14,4910.808728569018,optimal,optimal,419.6139166985213,412.57968631651966,0.0,0.595429986245888,14,10724.04899620603,optimal,optimal,226.05668512262358,222.06185239936974,0.0,0.5953783339604475,14,9721.39773148148,optimal,optimal,197.6556074769544,123.8210909459089,0.0,0.5,1220.5522500230793,1200.0,10788.735495310168,843.3262092980992,258.81183494320896,568.1628249647082,13647.345888607499,7,30071.419030038545,0,1.00000761449337e-07,optimal,optimal,optimal,11847.21677245132,409.4100394468415,224.95956403063272,204.90464239098114
2025-10-18,Q4-3 SEARCH,0.8,0.5,1220.5522500230793,14,1220.5522500230793,optimal,optimal,14560.25362143751,0.0,0.0,14,5066.184464986346,optimal,optimal,-312.71732235001724,144.95507416238894,1505.5745678098356,0.6162718245639713,14,10232.49643887893,optimal,optimal,-159.09111989336435,0.0,554.5178853331624,0.5800187525540095,14,9878.456055555554,optimal,optimal,227.24089728510646,153.76991543548098,0.0,0.5,1249.180460805328,1220.5522500230793,10567.641441651715,-244.56754495827514,94.9776944018799,376.961740694847,14692.647817174082,2,30789.806277666026,0,1.0000258043874055e-07,optimal,optimal,optimal,14400.439173994047,-275.04537570312533,-151.13977066477935,229.94565488134356
2025-10-19,Q4-3 SEARCH,0.8,0.5,1249.180460805328,14,1249.180460805328,optimal,optimal,50695.84602721581,0.0,0.0,14,9658.381907499981,optimal,optimal,-1550.269668551309,17.173707487515117,3885.1800259344227,0.5959382686137891,14,6771.395510756708,optimal,optimal,-953.4011296034089,14.895554651926204,2677.4777059567905,0.641273597980538,14,10594.597080520853,optimal,optimal,273.67463784353913,151.77734370872074,51.65492593036333,0.5,1326.1583016377,1200.0,10620.64383139672,-2229.9961603111788,117.8300033345349,537.2300788297729,49003.079945734404,5,41647.06204470497,0,1.0000803740695119e-07,optimal,optimal,optimal,48710.7293152033,-1433.9593068185213,-865.275337529042,284.17999683396977
2025-10-20,Q4-3 SEARCH,0.8,0.5,1326.1583016377,14,1326.1583016377,optimal,optimal,53998.12949303552,0.0,0.0,14,8874.485385339513,optimal,optimal,-1697.0286853814846,109.6301376875067,4307.396492355915,0.6081069385819874,14,7100.515252274456,optimal,optimal,-1341.084125976413,0.0,3872.781758374348,0.6499756723256045,14,10126.879562861457,optimal,optimal,238.27602859486888,141.25775931617886,53.936536230909425,0.5,1200.0000000521525,1200.0000000521525,10684.21579017627,-2799.8367827630286,3.115274268263973,6.63709181932176,51204.929802091814,1,39510.758072179626,0,1.0000030670198612e-07,optimal,optimal,optimal,52721.4827750754,-1576.56419921542,-1321.6001579259687,258.8522393178566
2025-10-21,Q4-3 SEARCH,0.8,0.5,1200.0000000521525,14,1200.0000000521525,optimal,optimal,53099.18379782107,0.0,0.0,14,9492.371346697531,optimal,optimal,-1479.2897119073814,5.630510679080544,3348.5434552160823,0.6039133043197872,14,6853.5963645215525,optimal,optimal,-1142.8678691291198,3.883942305115511,2910.5282853813856,0.6976568241940679,14,10664.947923678576,optimal,optimal,201.03137688266767,114.52542102261464,62.09551048033357,0.5,1461.2447956396772,1200.0000000521525,10794.481145900796,-2421.1262041538334,3.089753130300041e-07,6.000001594762828e-07,50678.05759426723,0,39950.313787775216,0,1.0000098882301245e-07,optimal,optimal,optimal,51164.657802406684,-1371.2896013617071,-1107.024022018108,207.93450780216443
2025-10-22,Q4-3 SEARCH,0.8,0.5,1461.2447956396772,14,1461.2447956396772,optimal,optimal,50678.249464328714,0.0,0.0,14,9842.841366018518,optimal,optimal,-1970.3541558308452,3.2979358424519205,4749.988186081573,0.6333220614856504,14,6999.827395114435,optimal,optimal,38.631734814683625,413.1344938175783,1825.727621508221,0.7184096883531815,14,9965.059467865729,optimal,optimal,260.14159277359767,144.36958249999861,64.30703229626295,0.5,1200.0000000516316,1200.0000000516316,10782.6938475,-1671.580828242564,461.93806276349653,2280.0048887080725,51286.67352479422,19,40334.39160261613,0,1.000001930151484e-07,optimal,optimal,optimal,49346.445142493074,-1832.5946866918393,35.081531989853104,265.84262112635327
2025-10-23,Q4-3 SEARCH,0.8,0.5,1200.0000000516316,14,1200.0000000516316,optimal,optimal,57678.37703504498,0.0,0.0,14,9562.119704382712,optimal,optimal,-4541.414063672955,55.04973875127189,12451.866820062856,0.6232857971048535,14,7478.547114445706,optimal,optimal,-900.2262540368132,13.540602439952067,2984.4556102983715,0.7293140175437892,14,9803.22470194444,optimal,optimal,313.47021592803225,165.71215391666897,35.11549890009746,0.5,1200.0000000598177,1200.0000000516316,10491.240620283923,-5128.170101781736,264.1320573343942,1442.938216820777,53993.14515008401,8,38731.840882233824,0,1.000001930151484e-07,optimal,optimal,optimal,56833.67393278614,-4266.661843429489,-834.0336722409273,309.7465021552627
2025-10-24,Q4-3 SEARCH,0.8,0.5,1200.0000000598177,14,1200.0000000598177,optimal,optimal,14247.708698609598,0.0,0.0,14,5817.939144309434,optimal,optimal,-77.91118198342693,24.30680598390694,331.73313069549886,0.6597195528603261,14,10173.36031838351,optimal,optimal,-59.033216929336106,1.515967673819091,176.70984848781717,0.7400301973414284,14,9879.514579456334,optimal,optimal,90.33983435999835,69.55551377220604,26.20940788374323,0.5,1321.9146708508965,1200.0000000598177,10731.151479558857,-46.604564552764685,43.76249078960129,199.9787964805965,14401.08293053743,4,30643.90091813318,0,1.0079679668706376e-07,optimal,optimal,optimal,13912.028680304962,-73.79890278229094,-56.64004768002829,102.40780535980606
2025-10-25,Q4-3 SEARCH,0.8,0.5,1321.9146708508965,14,1321.9146708508965,optimal,optimal,14686.889503670163,0.0,0.0,14,5668.027758650395,optimal,optimal,-360.8527660219635,3.52384029804864,2473.1088085047577,0.6527394262979661,14,10078.017919526244,optimal,optimal,-33.356375920898714,33.75133380862002,242.97324348885223,0.7205918945388222,14,9750.496824074073,optimal,optimal,309.3668964010486,224.20120833333402,8.888313884800052,0.5,1200.0000000999999,1200.0000000999999,10450.307115584023,-84.84224554181355,235.695402544379,874.9836689890025,15477.030927117352,8,32020.565179218313,0,1.00000761449337e-07,optimal,optimal,optimal,14227.482021559348,-364.95886277588124,-30.78884954895223,334.09593683799017
2025-10-26,Q4-3 SEARCH,0.8,0.5,1200.0000000999999,14,1200.0000000999999,optimal,optimal,54490.18146751549,0.0,0.0,14,9536.08180256243,optimal,optimal,-3324.5789766655967,81.68807678995415,9147.243866591118,0.6914850993062307,14,7099.553524985144,optimal,optimal,-556.5389629715203,0.0,1702.6831415555243,0.6585080158449913,14,10499.783927832637,optimal,optimal,439.0845142193465,242.34560691305364,52.48004862042861,0.5,1200.6069820907408,1200.0,10499.783927832637,-3442.0334254177706,302.55930832482215,1493.870946605004,52542.01898870272,10,38131.905241001994,0,1.0000803740695119e-07,optimal,optimal,optimal,53444.48441086579,-3333.840806433859,-562.9673374608545,452.44917805164295
2025-10-27,Q4-3 SEARCH,0.8,0.5,1200.6069820907408,14,1200.6069820907408,optimal,optimal,49464.380397145345,0.0,0.0,14,9656.366388518518,optimal,optimal,-153.42595258882784,68.29107124221548,563.9429872736473,0.6855013025672245,14,6689.107666330085,optimal,optimal,-794.7538179559527,4.915562634457615,2092.3174655193848,0.6656010325838919,14,9828.659304368806,optimal,optimal,236.02832318706368,132.24126073474088,48.48635929831694,0.5,1200.000000052386,1200.000000052386,10667.671906526422,-712.151447357717,63.34279864518061,194.00829964558005,48946.23724943321,4,39914.45754154837,0,1.0000803740695119e-07,optimal,optimal,optimal,48717.525019758155,-138.18947857590757,-723.3153992858287,234.15359919409377
2025-10-28,Q4-3 SEARCH,0.8,0.5,1200.000000052386,14,1200.000000052386,optimal,optimal,49837.917106493565,0.0,0.0,14,9760.62160397805,optimal,optimal,-449.62573032599494,120.56167903502603,1604.2443533991593,0.6581267460430973,14,6524.742538437623,optimal,optimal,-336.1349227249673,9.88835211942262,849.690233210928,0.6537784065972004,14,9796.14572175926,optimal,optimal,296.5870437213092,168.26662158333335,65.48683586370284,0.5,1200.0000000496252,1200.0000000496252,10657.63086323731,-489.173609329653,248.40367352032447,1309.7735856647816,50658.5170828287,9,38431.961257722156,0,1.0000087513617473e-07,optimal,optimal,optimal,49134.41463370726,-457.7043706120609,-307.3230147615976,298.1604337615201
2025-10-29,Q4-3 SEARCH,0.8,0.5,1200.0000000496252,14,1200.0000000496252,optimal,optimal,56301.296524240955,0.0,0.0,14,8636.874891666666,optimal,optimal,-797.8092704297237,517.884023273394,3723.964747695707,0.6626436549441066,14,6956.974681953522,optimal,optimal,-1109.4429952630678,3.5724842798948657,2902.8380892469177,0.6250178719797282,14,10538.299696623844,optimal,optimal,371.41196270124914,202.71391540921707,58.41261282539699,0.5,1223.9105209451911,1200.0000000496252,10596.124169666036,-1535.8403029915423,65.27838543262686,388.88322001879874,55154.33944126821,3,39106.74139436933,0,1.0001531336456537e-07,optimal,optimal,optimal,54645.00928829123,-714.4975690162291,-1045.8182204433037,375.52382001015127
2025-10-30,Q4-3 SEARCH,0.8,0.5,1223.9105209451911,14,1223.9105209451911,optimal,optimal,49689.96234622807,0.0,0.0,14,9918.751601851847,optimal,optimal,-946.0055067414099,169.1536731900834,2923.6021392002353,0.6859141030998875,14,7313.730984693234,optimal,optimal,-477.62162302931193,1.0057808256818817,1604.938682352445,0.6005136020708411,14,9636.710913924073,optimal,optimal,563.0866728112455,302.54093149389576,53.36374235888526,0.5,1217.9304096521337,1217.9304096521337,10799.999999999996,-860.5404569594764,275.57463858089994,1337.9822845098215,50167.40417377842,10,39613.150844816555,0,1.0000258043874055e-07,optimal,optimal,optimal,48238.944771688846,-969.9132165261335,-486.03054869776736,556.6497599511814
2025-10-31,Q4-3 SEARCH,0.8,0.5,1217.9304096521337,14,1217.9304096521337,optimal,optimal,16037.115618648117,0.0,0.0,14,6108.821025479643,optimal,optimal,-704.3998938027028,0.0,3148.1556988947923,0.6507488524084334,14,9193.228723627793,optimal,optimal,-154.43591022750067,1.8579410030791905,507.2327651919525,0.6198523595818243,14,9982.457333044676,optimal,optimal,141.1856575306514,117.51586944370342,35.62648801749012,0.5,1244.982977579304,1217.9304096521337,10752.928338802834,-717.6501464995521,3.209712662794974e-07,5.000004384751916e-07,15319.465472648564,0,31131.439107119164,0,1.0000621841754764e-07,optimal,optimal,optimal,15792.913746597802,-604.1677533266092,-153.8943670177331,153.64984612864183
2025-11-01,Q4-3 SEARCH,0.8,0.5,1244.982977579304,14,1244.982977579304,optimal,optimal,14336.441853508977,0.0,0.0,14,5699.661326481481,optimal,optimal,-81.11927383258852,72.96916070409704,527.3424795642559,0.6410246185903478,14,9768.009882586108,optimal,optimal,-63.19152678137275,0.0,208.32985681556792,0.6317449824394097,14,9691.592333333336,optimal,optimal,319.66878137584575,227.27758046613707,6.961088786009448,0.5,1200.000000050678,1200.000000050678,10392.965763878967,175.35798076188448,135.60439882049738,537.4873229807747,15049.287157251636,6,32600.76570642014,0,1.00000761449337e-07,optimal,optimal,optimal,14302.823925347115,-74.92692914310183,-60.78441666585498,321.4059304848939
2025-11-02,Q4-3 SEARCH,0.8,0.5,1200.000000050678,14,1200.000000050678,optimal,optimal,50621.6143948771,0.0,0.0,14,9751.575290302926,optimal,optimal,1656.539820316506,2100.4283232898374,130.2706022791599,0.5994814303277578,14,6601.373345462479,optimal,optimal,-804.6338360415056,0.0,1832.6536915922757,0.6503119814650782,14,10643.439756794327,optimal,optimal,41.367789338433795,31.40397662922226,0.0,0.5,1200.0000000999999,1200.0,10696.385341894158,893.2737736134342,12.52148170206054,55.167233209589945,51570.05540170013,2,42984.4489403887,0,1.00000761449337e-07,optimal,optimal,optimal,49679.11809636766,1636.5104605481674,-817.8548033271009,42.13376964334226
2025-11-03,Q4-3 SEARCH,0.8,0.5,1200.0000000999999,14,1200.0000000999999,optimal,optimal,54186.59976114902,0.0,0.0,14,10492.084211574076,optimal,optimal,-912.3644667543675,8.34751619871713,2424.1892957617465,0.5896482199902451,14,7086.853118085481,optimal,optimal,-670.4610037898517,17.145255938726223,1686.003001880699,0.6739523527996194,14,10219.169930163636,optimal,optimal,326.38869364715845,178.55005335272597,0.0,0.5,1200.0000000999999,1200.0000000999999,10676.367090114456,-1256.4367768970606,68.52936679354492,132.15888384310426,53062.32186809506,1,37993.792332705576,0,1.0000030670198612e-07,optimal,optimal,optimal,52226.79789431389,-839.1921106506127,-672.2509140565896,322.7978793349769
2025-11-04,Q4-3 SEARCH,0.8,0.5,1200.0000000999999,14,1200.0000000999999,optimal,optimal,49239.59813557681,0.0,0.0,14,10024.607962685179,optimal,optimal,631.1812335968241,843.6422617373427,308.7500809601879,0.6281012898687836,14,7370.549996075881,optimal,optimal,-608.0412753723529,0.0,1589.7061422096306,0.673179015848715,14,9609.576825611524,optimal,optimal,565.7529331024105,306.1626763606973,1.7936087076127614,0.5,1249.8948686425024,1200.0000000999999,10735.512338117274,588.8928913268817,216.7327631137483,1264.9291030099112,51093.420129913604,10,37551.41044453558,0,1.0000053407566156e-07,optimal,optimal,optimal,48703.525165390376,570.0670909853025,-593.7354713014438,559.5665664664658
2025-11-05,Q4-3 SEARCH,0.8,0.5,1249.8948686425024,14,1249.8948686425024,optimal,optimal,56423.12387887505,0.0,0.0,14,9908.360856111107,optimal,optimal,-2071.70605959017,15.904592199449553,5117.175296663798,0.5920785111541341,14,5510.669213350864,optimal,optimal,-338.11189824974275,1.4042873372889062,852.3936896225412,0.6676410491382238,14,10072.469425112078,optimal,optimal,672.664799992142,379.856521728506,0.0,0.5,1200.0000000999999,1200.0000000999999,10572.670475648145,-1737.1531578477707,157.27358188871304,587.1121468704425,55273.08286789772,8,38846.29027634916,0,1.0001531336456537e-07,optimal,optimal,optimal,55068.268619745475,-2001.7291671572307,-319.5685211068637,697.8044688201726
2025-11-06,Q4-3 SEARCH,0.8,0.5,1200.0000000999999,14,1200.0000000999999,optimal,optimal,52290.14711207013,0.0,0.0,14,9659.01922037037,optimal,optimal,126.53378757072213,234.11987147184038,228.89731410469562,0.6056448768441841,14,6347.52349546721,optimal,optimal,45.749470481126096,118.52954697929795,232.97461886306888,0.6730696154480342,14,9841.215715026321,optimal,optimal,-9.031215971999266,0.0,18.0660165808236,0.5,1200.0,1200.0,10687.866446507805,163.25204207984896,350.71038494850916,1527.1756013986212,53980.5747555486,8,41920.881588692166,0,1.0000007932831068e-07,optimal,optimal,optimal,50574.8121955322,122.18102997731214,47.420946208795876,-9.735775828697827
2025-11-07,Q4-3 SEARCH,0.8,0.5,1200.0,14,1200.0,optimal,optimal,14684.533939660952,0.0,0.0,14,7214.593712415803,optimal,optimal,-60.80470568888472,0.0,231.22388280974187,0.5944304297866826,14,8437.4434474158,optimal,optimal,29.592960129718676,31.407268935566194,0.0,0.644245306882481,14,10028.310123517313,optimal,optimal,221.48878292343838,173.2875528545013,12.230447353414831,0.5,1250.847707669636,1200.0,10759.400928993113,190.27703736427233,3.612186449499032e-07,1.100005838815332e-06,14874.810978125231,0,32814.79096562216,0,1.0000565453083253e-07,optimal,optimal,optimal,14618.926904357093,-58.8774542837408,31.59071831135546,226.4831351279555
2025-11-08,Q4-3 SEARCH,0.8,0.5,1250.847707669636,14,1250.847707669636,optimal,optimal,15011.67737370507,0.0,0.0,14,7007.639694444445,optimal,optimal,-125.3399065184003,0.0,454.01859921881504,0.5360200940336662,14,9376.045501666667,optimal,optimal,6.008749010174341e-07,6.932903353629172e-07,0.0,0.6511079275741689,14,9698.655953703701,optimal,optimal,375.0039284359963,247.52827221656995,12.933852908288145,0.5,1200.0000000489151,1200.0000000489151,10393.024165942692,249.66402251847086,26.395193886042648,106.64281853701218,15367.984214760552,3,32727.71145974035,0,1.0000030670198612e-07,optimal,optimal,optimal,14744.295373570983,-118.61576283051986,6.000174025499458e-07,369.52943814654986
2025-11-09,Q4-3 SEARCH,0.8,0.5,1200.0000000489151,14,1200.0000000489151,optimal,optimal,54182.428015475365,0.0,0.0,14,9730.219633113034,optimal,optimal,-731.3809696944011,1.6187124795004593,1720.777049461322,0.5716560774920459,14,6909.94936276433,optimal,optimal,-245.81015157971916,30.208328501844903,723.7437909316436,0.6369604007475251,14,9543.857627342884,optimal,optimal,535.0269821603009,319.01056327160177,36.39505224999908,0.5,1254.319197051148,1200.0000000489151,10653.829012742664,-442.16413911381926,440.4765670278806,2308.155898730351,56048.4197750919,10,37891.22761586759,0,1.0000803740695119e-07,optimal,optimal,optimal,52956.47440199398,-684.6989324539899,-234.24690141007233,548.6355156507427
2025-11-10,Q4-3 SEARCH,0.8,0.5,1254.319197051148,14,1254.319197051148,optimal,optimal,55815.40728972311,0.0,0.0,14,9787.541252488634,optimal,optimal,270.45704353042123,282.7041465681681,300.18713469316845,0.5784313471023356,14,5390.732595032173,optimal,optimal,-458.025791506399,0.0,965.5258776541489,0.603119091167064,14,9621.269962006743,optimal,optimal,401.7059408433188,249.23932557834144,44.11461666666651,0.5,1273.836396646842,1200.0,10711.687696933079,214.137192867341,70.06951031998801,174.56757975452354,56204.112062344975,3,40221.256096495694,0,1.00000761449337e-07,optimal,optimal,optimal,53549.21917744797,244.99356917510576,-469.1615967110527,424.5628561592446
2025-11-11,Q4-3 SEARCH,0.8,0.5,1273.836396646842,14,1273.836396646842,optimal,optimal,56625.97607250568,0.0,0.0,14,10730.785496351695,optimal,optimal,-1045.6943407300196,0.0,2316.6932004910136,0.56544249425727,14,7464.52999945746,optimal,optimal,-768.7082920202001,0.0,2008.1492511663685,0.6095260124372635,14,10445.9858753918,optimal,optimal,350.10085696621024,215.80565595780212,40.83459719140774,0.5,1201.3953449900064,1201.3953449900064,10730.785496351695,-1464.3017757840094,31.84387334565945,69.80177061943883,55231.47606734111,1,37196.33196025416,0,1.00000761449337e-07,optimal,optimal,optimal,55361.34667342423,-1013.0072498765446,-797.9597146600654,361.39656836663073
2025-11-12,Q4-3 SEARCH,0.8,0.5,1201.3953449900064,14,1201.3953449900064,optimal,optimal,53567.97693779628,0.0,0.0,14,10621.419145072197,optimal,optimal,1248.6415555258272,1404.8563767428695,137.70988680174855,0.5890809995151818,14,6886.9221116248655,optimal,optimal,-783.9881070090039,0.0,2090.955313074254,0.6583960570675689,14,9673.984662592366,optimal,optimal,302.6705746578276,182.58519693268534,138.20227813426777,0.5,1216.499059475267,1201.3953449900064,10621.419145072197,767.324023174651,9.519166859745624,48.980872683334994,54384.28183365427,1,40266.88299817761,0,1.0000803740695119e-07,optimal,optimal,optimal,52893.22094475434,1258.4616195738056,-798.1655047548348,294.2985913413897
2025-11-13,Q4-3 SEARCH,0.8,0.5,1216.499059475267,14,1216.499059475267,optimal,optimal,52559.66709272521,0.0,0.0,14,9804.886892901231,optimal,optimal,103.66849795086746,149.84336857020054,87.00288853127267,0.5225003258566686,14,7673.571763889561,optimal,optimal,177.04461814381992,186.71138414234844,193.7899244840407,0.6788667019721996,14,9548.484273364196,optimal,optimal,528.4714486446726,305.89747500000107,121.41941015419286,0.5,1200.0000000999999,1200.0000000999999,10381.760677499999,809.18456473936,1247.4433211791527,5586.827171496516,58955.678828961085,15,37938.41462368095,0,1.00000761449337e-07,optimal,optimal,optimal,51377.70056495507,95.49758849618323,172.2331025771192,534.464401910085
2025-11-14,Q4-3 SEARCH,0.8,0.5,1200.0000000999999,14,1200.0000000999999,optimal,optimal,15457.228647108977,0.0,0.0,14,6897.736915314267,optimal,optimal,-213.12077698577662,0.0,684.6904684889466,0.5631412446455989,14,8124.7088386476,optimal,optimal,29.74046646754763,67.3510851868242,69.63617410565354,0.713943163078806,14,9861.583225887383,optimal,optimal,467.8472533192546,337.11878863497,0.0,0.5,1200.0000000999999,1200.0000000999999,10373.393828114846,284.46694280102565,211.49392789542185,699.5874985894757,16441.28308849948,9,32615.517456990627,0,1.000043994281441e-07,optimal,optimal,optimal,15209.820361595484,-198.19233592583154,30.265087984546277,474.39653683430544
2025-11-15,Q4-3 SEARCH,0.8,0.5,1200.0000000999999,14,1200.0000000999999,optimal,optimal,16630.55998988991,0.0,0.0,14,8008.5409059259255,optimal,optimal,-323.7399848525913,0.0,1585.0499454301184,0.5644223062205483,14,8626.861622407405,optimal,optimal,-160.02304612232754,0.0,523.7118817297697,0.7219302716104341,14,9791.91079000755,optimal,optimal,291.6622529648374,259.0398387874428,0.0,0.5,1200.0000000999999,1200.0000000999999,10500.225358320307,-192.1007780100814,31.68646683239217,58.3784934333331,16496.837705313163,2,34920.4862047765,0,1.0000258043874055e-07,optimal,optimal,optimal,15965.08862345308,-309.70569735329707,-156.99458572073576,309.25309799420813
2025-11-16,Q4-3 SEARCH,0.8,0.5,1200.0000000999999,14,1200.0000000999999,optimal,optimal,54803.941170888735,0.0,0.0,14,10643.705674999996,optimal,optimal,1554.5478321458813,1567.9150034132304,212.58020783300424,0.5754778662058917,14,6417.760977967503,optimal,optimal,-17.11660401062711,9.643102782952452e-07,65.50958897212968,0.7299085137389502,14,10090.072815908145,optimal,optimal,803.1208248649855,490.7078795115772,0.0,0.5,1200.0000000534444,1200.0000000534444,10696.763286111107,2340.5520530002395,106.8056442440257,215.67131942745692,57360.16454331643,6,38139.26228055656,0,1.0000803740695119e-07,optimal,optimal,optimal,53686.74846059428,1444.3300674255947,-16.796833415137865,812.1947407309679
2025-11-17,Q4-3 SEARCH,0.8,0.5,1200.0000000534444,14,1200.0000000534444,optimal,optimal,52488.90300245937,0.0,0.0,14,9956.244945370374,optimal,optimal,3322.4009555214284,3492.4841090609507,12.650829814916278,0.5762013447116232,14,6355.477785930567,optimal,optimal,-39.468843906782055,2.2830835177956033e-07,159.85239997073495,0.7187183987348076,14,9811.712937602098,optimal,optimal,119.35295671430136,116.20509068973486,2.307201986486234,0.5,1200.0000000999999,1200.0000000534444,10796.487537962967,3402.2850683289475,1.695400158602727,3.1966770058653116,55894.38474779418,1,40842.454402852396,0,1.0000803740695119e-07,optimal,optimal,optimal,51960.85033031945,3400.85823263607,-45.69716175685147,120.2545739227426
2025-11-18,Q4-3 SEARCH,0.8,0.5,1200.0000000999999,14,1200.0000000999999,optimal,optimal,56127.28021789937,0.0,0.0,14,9726.477068340484,optimal,optimal,-298.69035557422575,6.439166666666779,712.1160451123975,0.5795089002903506,14,4730.701073095897,optimal,optimal,131.0601463748196,144.67714644136777,8.392922515163946,0.6973608707522304,14,9507.872463838761,optimal,optimal,659.1068620702091,389.01061069382376,0.0,0.5,1219.2024926888594,1200.0000000999999,10631.415957229372,491.4766528708029,265.17497396961113,1172.3083956694065,57791.06526643959,9,39603.35379849873,0,1.0000277143262792e-07,optimal,optimal,optimal,54405.89468500197,-270.44327216110906,104.88363851267968,680.7500560722546
2025-11-19,Q4-3 SEARCH,0.8,0.5,1219.2024926888594,14,1219.2024926888594,optimal,optimal,55965.06209973905,0.0,0.0,14,10340.343364499151,optimal,optimal,3593.442182200339,3495.921348663327,79.28034737674545,0.5547178464017956,14,7110.845494123758,optimal,optimal,-396.3435920198077,15.168276127457716,995.7836277505635,0.6938958369563653,14,9788.153093648756,optimal,optimal,126.46494222478702,93.10691539722791,0.0,0.5,1200.0000000505627,1200.0000000505627,10686.039054416115,3323.5635324053187,79.08193695307904,173.18317986099518,59461.808812005365,2,40305.76081382697,0,1.00000761449337e-07,optimal,optimal,optimal,54080.16630308042,3491.4656815266517,-386.9947818884491,129.42703510601433
2025-11-20,Q4-3 SEARCH,0.8,0.5,1200.0000000505627,14,1200.0000000505627,optimal,optimal,54954.56807739292,0.0,0.0,14,10576.289604722218,optimal,optimal,531.5568470051808,648.26442477987,93.56358578057886,0.5666547547120749,14,6548.7306483524635,optimal,optimal,37.17673441793285,34.10772672917324,43.19618684193699,0.689654782987584,14,9692.203272567713,optimal,optimal,352.24973117507955,246.83606901526935,14.819314582217105,0.5,1204.6925927183004,1200.0000000505627,10643.572863981479,920.9833125981932,46.3429044347153,84.76117227579869,55960.31256226692,1,39995.43351893412,0,1.0005896911025047e-07,optimal,optimal,optimal,54633.31550923865,517.6757634676866,35.86730292884357,358.53867893636493
2025-11-21,Q4-3 SEARCH,0.8,0.5,1204.6925927183004,14,1204.6925927183004,optimal,optimal,15972.973473588132,0.0,0.0,14,7104.0239021605,optimal,optimal,-23.896742418818917,27.16767647623982,154.7249631689717,0.5454508869813367,14,7676.790076948916,optimal,optimal,-23.820008093099524,0.0,82.87998263638136,0.6931012819685736,14,9909.856713288314,optimal,optimal,371.99616331684035,291.07433899833643,0.0,0.5,1200.0000000999999,1200.0000000999999,10486.89173029237,324.2794128049219,11.216091527475196,18.93837052127199,16316.191256914326,1,34903.573350023486,0,1.0000007932831068e-07,optimal,optimal,optimal,15379.91832224665,-21.35487291041806,-23.742214658716726,384.44658063871066
2025-11-22,Q4-3 SEARCH,0.8,0.5,1200.0000000999999,14,1200.0000000999999,optimal,optimal,17204.27615640856,0.0,0.0,14,8132.310400237343,optimal,optimal,-402.20009405712085,12.615819655339635,2041.0745089359214,0.5756722183957265,14,8296.10165375586,optimal,optimal,-71.58874385084755,11.751063359211287,343.1823514209167,0.6672304762239792,14,9737.338342592595,optimal,optimal,525.6373236248039,385.01421768652295,0.0,0.5,1200.0000000999999,1200.0000000999999,10357.123100516787,51.84848571683551,222.85069800065352,787.2864833792564,18043.411125504652,11,35951.466084156964,0,1.0000051986480685e-07,optimal,optimal,optimal,16868.186025303887,-359.50666458350395,-71.19971839161992,553.6199635813363
2025-11-23,Q4-3 SEARCH,0.8,0.5,1200.0000000999999,14,1200.0000000999999,optimal,optimal,56258.688462626014,0.0,0.0,14,10561.49535449938,optimal,optimal,2052.648273650962,1980.364446030489,24.726804548479322,0.5628043563649002,14,5906.697106274435,optimal,optimal,-215.80860762237475,0.0,493.8370287098507,0.6811739361076712,14,9830.982352926043,optimal,optimal,83.88017214514718,66.63507567733677,0.0,0.5,1241.2765272004474,1200.0000000999999,10702.082433151492,1920.7198381737344,2.848103889530916e-07,6.999985054431105e-07,58179.408301499745,0,39045.55826978078,0,1.0001531336456537e-07,optimal,optimal,optimal,55252.726893134735,2111.4215668939723,-220.87345587641983,90.65829483361605
2025-11-24,Q4-3 SEARCH,0.8,0.5,1241.2765272004474,14,1241.2765272004474,optimal,optimal,55181.737139313635,0.0,0.0,14,9956.993001131803,optimal,optimal,473.4995070591515,609.9359839338833,116.98807626898873,0.5704536516586654,14,6269.1696856590215,optimal,optimal,-7.423802114831474,0.0,28.00541716170898,0.6944796938643858,14,9697.807934950168,optimal,optimal,376.32892326767353,235.12926344015602,0.0,0.5,1200.0,1200.0,10764.767825277775,842.4046282119936,310.7109662752161,896.3805287892521,56920.522296314884,10,38355.329472907506,0,1.0000412942190451e-07,optimal,optimal,optimal,54459.44836682174,455.03480752832473,-7.116163405326984,370.10257564025807
2025-11-25,Q4-3 SEARCH,0.8,0.5,1200.0,14,1200.0,optimal,optimal,64279.62341434659,0.0,0.0,14,9611.073558061385,optimal,optimal,-1186.2190781765034,6.439166666666779,2556.8653587039735,0.5763086702412551,14,7651.459673444865,optimal,optimal,-1659.9510376699243,0.0,3656.982575926142,0.717740743423785,14,9822.669218392739,optimal,optimal,74.90373418324779,113.97832011320065,0.0,0.5,1224.5112860635852,1200.0,10800.0,-2771.26638166318,2.0231523663486015e-07,5.999951206159214e-07,61508.357033283406,0,38383.8045354913,0,1.0000036945712054e-07,optimal,optimal,optimal,63546.38830612575,-1163.2339328897965,-1672.4974546732124,83.08857354529879
2025-11-26,Q4-3 SEARCH,0.8,0.5,1224.5112860635852,14,1224.5112860635852,optimal,optimal,60367.59085471525,0.0,0.0,14,10060.663562423117,optimal,optimal,1335.9639533851573,909.3779053580419,107.55507578936471,0.6340134390522131,14,6644.608315850907,optimal,optimal,-887.5047233254484,0.0,1861.8027833865217,0.7410057820406697,14,9933.69617798782,optimal,optimal,16.377788005186915,31.41138659789528,4.833333333333371,0.5,1200.0000000518485,1200.0000000518485,10767.068793353734,464.83701806489586,18.68487679430561,40.04169130429912,60872.469564084444,1,38263.985896902326,0,1.0008625395130366e-07,optimal,optimal,optimal,59477.76615265302,1203.1095172546445,-844.7070488238323,16.169070764588522
2025-11-27,Q4-3 SEARCH,0.8,0.5,1200.0000000518485,14,1200.0000000518485,optimal,optimal,58990.75377899705,0.0,0.0,14,10591.671180555557,optimal,optimal,1199.242154297048,1348.9967690573762,61.82588493394991,0.6554728666658158,14,7647.0429799159665,optimal,optimal,-654.4963558299812,0.0,1365.4023266714375,0.740533622654681,14,10598.631319451886,optimal,optimal,151.29029491190357,110.16760415996873,5.851666666666972,0.5,1226.4956947510684,1200.0000000518485,10738.411532407408,696.0360933789705,1.6885502237513928e-07,6.000058831683418e-07,59686.78987297603,0,38942.18155273044,0,1.0001531336456537e-07,optimal,optimal,optimal,57709.9231307518,1160.939046522281,-638.95755469925,154.66115386203268
2025-11-28,Q4-3 SEARCH,0.8,0.5,1226.4956947510684,14,1226.4956947510684,optimal,optimal,15591.404580835972,0.0,0.0,14,8087.482264657859,optimal,optimal,322.77272564853797,733.3914464799235,70.31620663477325,0.6224258006104395,14,7155.814965028228,optimal,optimal,-126.23717282687076,13.077950937684477,534.3739901171784,0.7137057759730643,14,9688.191964951375,optimal,optimal,360.11412371737526,258.17984909811787,0.0,0.5,1200.0,1200.0,10489.958659395816,556.6496765390425,190.34979455234125,672.7598881784724,16820.814145553486,14,35095.515897812584,0,1.00000761449337e-07,optimal,optimal,optimal,15762.238750390336,315.90405687404007,-127.02083528187799,367.90162261135595
2025-11-29,Q4-3 SEARCH,0.8,0.5,1200.0,14,1200.0,optimal,optimal,20149.589220338035,0.0,0.0,14,9810.192518518517,optimal,optimal,-995.5183616571439,0.0,4401.523272222332,0.6261367661118301,14,8991.23140465537,optimal,optimal,-156.29398238797165,154.6050852199497,1460.7105606852924,0.7046256168568605,14,9998.51013831601,optimal,optimal,85.07382322435194,72.93742453910482,0.0,0.5,1200.0000000509917,1200.0,10800.0,-1066.7385208207638,242.827331601145,526.685189279635,19609.53588879691,7,35547.669033843886,0,1.0000803740695119e-07,optimal,optimal,optimal,19497.666430098747,-795.183273890764,-65.7693292932374,91.77789421839232
2025-11-30,Q4-3 SEARCH,0.8,0.5,1200.0000000509917,14,1200.0000000509917,optimal,optimal,60981.75266864704,0.0,0.0,14,9899.151309672317,optimal,optimal,2129.072182992969,1650.0685407004644,255.8045723646295,0.647150766950558,14,6621.547084999998,optimal,optimal,-193.35868198358418,14.853359555797155,469.55962385317366,0.6826902121732598,14,9921.954529782572,optimal,optimal,6.660073918450951,5.837989062031397,7.214746438452266,0.5,1233.940792087595,1200.0,10756.343768684372,1942.3735749278358,88.53691011961487,462.27416915842446,63386.400412733296,2,41062.681714061575,0,1.0002258932217956e-07,optimal,optimal,optimal,59773.6863123839,1968.560642283031,-171.50450352711113,7.214913722031342
2025-12-01,Q4-3 SEARCH,0.8,0.5,1233.940792087595,14,1233.940792087595,optimal,optimal,68052.79888648604,0.0,0.0,14,9180.378132006172,optimal,optimal,-81.33042625478046,11.993359661988734,273.4346474888785,0.6480937728237002,14,6346.758732371086,optimal,optimal,-732.3844779860353,0.174328079303109,1481.3881754780282,0.6837976880765383,14,10497.315662208503,optimal,optimal,440.5511407639001,204.64204985439028,6.183333333333167,0.5,1200.0000000482778,1200.0,10575.1177881929,-373.16376347691573,4444.420118524785,18473.33982429914,86152.97494730826,50,39676.23075312925,0,1.000033762466046e-07,optimal,optimal,optimal,62496.41600533808,-75.8043243080492,-719.4346880735254,427.2298029887893
2025-12-02,Q4-3 SEARCH,0.8,0.5,1200.0000000482778,14,1200.0000000482778,optimal,optimal,72768.43019721017,0.0,0.0,14,8401.989819811668,optimal,optimal,2734.2071017972403,1983.0914763330811,860.9786367231173,0.6373469217235631,14,6338.815195644049,optimal,optimal,-243.12616770753914,0.6883781018943864,534.2130253036472,0.698151824277246,14,9807.211676933848,optimal,optimal,372.3551134422685,175.56428375953828,40.69209300000114,0.5,1219.854359184183,1200.0,10708.424331692915,2863.43604753197,1215.4910369340662,6769.338276956307,82401.20452169844,24,38400.21514672018,0,1.0001531336456537e-07,optimal,optimal,optimal,66141.65794216013,2710.2538749853547,-251.1783736480372,342.9793478606392
2025-12-03,Q4-3 SEARCH,0.8,0.5,1219.854359184183,14,1219.854359184183,optimal,optimal,64035.02150187459,0.0,0.0,14,9257.140071938202,optimal,optimal,6831.115259204062,5021.288917393938,0.0,0.6011636494476029,14,5725.549603885424,optimal,optimal,3469.130254848258,2500.9192021793906,0.0,0.6828126305031081,14,9455.278135987648,optimal,optimal,418.4925771615177,188.2672750000033,0.0,0.5,1200.0,1200.0,10260.908763238767,10718.738091213838,1152.695093307358,4789.584102457174,79543.3436955456,20,41293.963795037766,0,1.0000189831771422e-07,optimal,optimal,optimal,59148.2332760466,6732.078875616684,3423.7897299121387,390.3061182536805
2025-12-04,Q4-3 SEARCH,0.8,0.5,1200.0,14,1200.0,optimal,optimal,76194.16986945296,0.0,0.0,14,8557.24859854938,optimal,optimal,906.5504118691752,2138.7036380067616,5420.816343465936,0.6469914132980007,14,6378.589607481915,optimal,optimal,-781.4632432142445,0.0,1710.2600737972743,0.6829347665238384,14,9496.1250401998,optimal,optimal,428.4390209759258,207.32845000000157,62.407522838662885,0.5,1201.0030213560665,1200.0,10409.966668658119,553.5261896308565,795.5949046040619,4959.840160998757,81707.53622008258,15,38677.73363153254,0,1.0000218253480853e-07,optimal,optimal,optimal,70380.20385235656,990.7749132564044,-821.0649457407352,411.001793107683
2025-12-05,Q4-3 SEARCH,0.8,0.5,1201.0030213560665,14,1201.0030213560665,optimal,optimal,23066.531003120213,0.0,0.0,14,8993.828110833327,optimal,optimal,240.22153951178774,581.3888155073184,2105.573484052913,0.7050248310853137,14,8185.190061829697,optimal,optimal,-95.64015493495523,172.78472292219874,1453.3520263072191,0.7083751452770298,14,9703.002435185186,optimal,optimal,363.6515518726104,210.40644999999915,21.399799300678865,0.5,1200.000000063747,1200.000000063747,10340.195524670065,508.23293644944295,609.0369532308582,1883.0360024515983,25457.799942021255,21,35840.62819638508,0,1.000043994281441e-07,optimal,optimal,optimal,21154.553332919008,251.75619216812913,-66.69659869450022,347.27169700554134
2025-12-06,Q4-3 SEARCH,0.8,0.5,1200.000000063747,14,1200.000000063747,optimal,optimal,25606.218000993464,0.0,0.0,14,9298.443882314812,optimal,optimal,-796.9755859745326,105.13601081829137,3589.767995542078,0.7033072971369774,14,7623.429120630305,optimal,optimal,-313.418031593181,41.91169159156476,1660.5642209206449,0.7163603649450242,14,9720.15684014399,optimal,optimal,392.77956212211683,228.01553588884065,5.684341886080801e-13,0.5,1200.0000000488508,1200.0000000488508,10359.762837366214,-717.6140554455967,595.3039981285102,2117.417337131127,27006.021282678994,15,35822.39521288159,0,1.0001247119362233e-07,optimal,optimal,optimal,22909.185173737555,-753.8003633115994,-286.51564650498733,388.92046463205793
2025-12-07,Q4-3 SEARCH,0.8,0.5,1200.0000000488508,14,1200.0000000488508,optimal,optimal,78589.3271145125,0.0,0.0,14,7242.427848860714,optimal,optimal,999.1468456538962,2537.612502928613,6335.608400944742,0.66595392826543,14,6794.316835576435,optimal,optimal,-322.1124601099066,2.479698039441928,854.0935919441915,0.7134224198127438,14,9505.802791003027,optimal,optimal,424.9764076440867,206.3224427507041,0.0,0.5,1200.0000000568637,1200.0,10645.58509923153,1102.0107931880764,602.4331623307165,2317.806633152869,82009.14454085345,9,38071.67048552051,0,1.0000181282521226e-07,optimal,optimal,optimal,72823.9485724277,1092.226889558383,-301.3063535573436,424.0157576369314
2025-12-08,Q4-3 SEARCH,0.8,0.5,1200.0000000568637,14,1200.0000000568637,optimal,optimal,81029.28164334054,0.0,0.0,14,8283.106872746917,optimal,optimal,957.952854801481,949.7960307390856,1347.0271477333565,0.6748298045951765,14,8035.894135389634,optimal,optimal,-1216.4340232690201,0.0,2841.802341813649,0.7129415335056082,14,10482.002019267085,optimal,optimal,425.98305417551904,218.70261360509727,-2.6147972675971687e-12,0.5,1254.9752837182546,1200.0000000509801,10723.644492777916,167.50188570797985,11.649320138958474,25.38969352918679,81222.17322257771,1,37108.345763979174,0,1.0001531336456537e-07,optimal,optimal,optimal,77264.14964156577,1111.8223458185957,-1192.340060494708,448.83198992118025
2025-12-09,Q4-3 SEARCH,0.8,0.5,1254.9752837182546,14,1254.9752837182546,optimal,optimal,79165.86325774233,0.0,0.0,14,8225.812056583363,optimal,optimal,331.2661099582268,1420.3310997601411,4089.9962093132904,0.6535076837597821,14,6760.014831378375,optimal,optimal,112.57466122542837,334.06209874499586,874.9959944053535,0.7266800834160356,14,10683.943047680545,optimal,optimal,96.23541176655345,52.17049384953725,2.0783333333334895,0.5,1200.0000000999999,1200.0000000999999,10771.284056828294,540.0761829502087,1.9434153046413763e-07,3.9999969975970083e-07,79705.93944109255,0,39186.34322324596,0,1.0001531336456537e-07,optimal,optimal,optimal,77023.70300697997,267.6318168072022,105.18733020980281,102.5445476616701
2025-12-10,Q4-3 SEARCH,0.8,0.5,1200.0000000999999,14,1200.0000000999999,optimal,optimal,76281.7994825789,0.0,0.0,14,7881.89129645062,optimal,optimal,4047.2499545992787,2758.5573577966675,1178.4220655459276,0.6664523456234175,14,6899.529592514662,optimal,optimal,-474.8542993128218,0.0,1094.8029330468792,0.7000657071234228,14,10724.680237897548,optimal,optimal,-31.634724398888583,0.0,45.86737079066165,0.5,1200.0000000460946,1200.0000000460946,10800.0,3540.7609308875685,99.0053670126656,215.07077509111124,80037.63118855759,5,39949.72251920492,0,1.0000030670198612e-07,optimal,optimal,optimal,73528.91625249272,4043.2728664787705,-469.3123724573604,-31.34319547142953
2025-12-11,Q4-3 SEARCH,0.8,0.5,1200.0000000460946,14,1200.0000000460946,optimal,optimal,77501.11240746696,0.0,0.0,14,9446.041477500004,optimal,optimal,-1222.515239383859,547.5317949807295,4554.692888701593,0.6359059092224846,14,8678.40897095795,optimal,optimal,-1086.969115520276,0.0,2968.590562448537,0.7090983830792559,14,10424.61446607858,optimal,optimal,473.1804613681643,244.08729221668688,4.547473508864641e-13,0.5,1222.1690660558236,1200.0,10800.0,-1836.303893535971,89.1506649352098,198.81468272648746,75863.62319665749,2,37856.55276689614,0,1.0000509246310685e-07,optimal,optimal,optimal,76344.52927397087,-1184.7637218021566,-1130.201949227556,474.02001741893577
2025-12-12,Q4-3 SEARCH,0.8,0.5,1222.1690660558236,14,1222.1690660558236,optimal,optimal,26484.520132767837,0.0,0.0,14,10186.446210000002,optimal,optimal,-226.19723385205407,179.92534226969127,1697.5643677127991,0.5997985749225176,14,8126.406487153342,optimal,optimal,-232.76994336388825,289.9180823539391,2124.0597326250345,0.6801044106827698,14,9926.129098157291,optimal,optimal,390.14070352061884,212.26948907255894,2.980397312057903e-06,0.5,1200.0000000597531,1200.0000000597531,10413.005024083219,-68.8264736953235,392.59236981123547,1325.0026456874,27740.696304759913,13,32837.68827498097,0,1.0000945849242271e-07,optimal,optimal,optimal,24556.66917947163,-164.0101413097405,-117.63244974918662,373.3020078520146
2025-12-13,Q4-3 SEARCH,0.8,0.5,1200.0000000597531,14,1200.0000000597531,optimal,optimal,27494.423421686417,0.0,0.0,14,10110.399079999997,optimal,optimal,-420.167714599439,311.1778441323639,2522.482113189773,0.5924307501719098,14,7470.132123199457,optimal,optimal,-275.30075898388975,50.23372937872472,1284.1993676250881,0.6719426003764143,14,9832.953110688153,optimal,optimal,414.9272599043573,240.9146257355613,0.0,0.5,1200.0000000527093,1200.0000000527093,10345.830343913512,-280.5412136789715,134.53002792313183,462.983626755578,27676.865834763023,7,34035.10237120879,0,1.00000761449337e-07,optimal,optimal,optimal,26247.765249872322,-418.634963732279,-265.1648395760829,407.30453201968567
2025-12-14,Q4-3 SEARCH,0.8,0.5,1200.0000000527093,14,1200.0000000527093,optimal,optimal,75663.73482660348,0.0,0.0,14,7001.308540123456,optimal,optimal,5358.960720429756,3835.275886434424,924.2106705499295,0.6050975231865059,14,6357.676721904435,optimal,optimal,1346.9391271370296,1192.7726025874188,549.9625843036902,0.6781637259127381,14,10475.084950285102,optimal,optimal,364.5957292977973,194.78857552859108,41.94722604414824,0.5,1200.000000049186,1200.0,10512.651750861449,7070.495576864583,1381.570613317112,6882.225438099318,89616.4558415674,12,37158.51964299235,0,1.000444171950221e-07,optimal,optimal,optimal,72757.01430157926,5358.890273357101,1403.2885592617954,374.8812922345381
2025-12-15,Q4-3 SEARCH,0.8,0.5,1200.000000049186,14,1200.000000049186,optimal,optimal,78168.24804488764,0.0,0.0,14,9646.66788404111,optimal,optimal,2030.9603092237298,1499.5433621318668,435.1860564631037,0.6068051861111756,14,6996.458223797927,optimal,optimal,-122.02640393843797,84.5332111434758,605.3270805583974,0.6642991777460127,14,10555.995330131049,optimal,optimal,353.8631998901403,185.80640989851474,9.126067275558462,0.5,1212.5294283676274,1200.0,10748.96209944831,2262.797105175432,30.026750512880845,63.871219626153426,80494.91636968922,4,39160.85015017463,0,1.0002986527979374e-07,optimal,optimal,optimal,77410.08169290145,1956.0905301366593,-107.8011050037174,358.92309563652907
2025-12-16,Q4-3 SEARCH,0.8,0.5,1212.5294283676274,14,1212.5294283676274,optimal,optimal,83260.24292674565,0.0,0.0,14,9402.341775000004,optimal,optimal,-636.9230068825336,666.5483861954164,3358.140165262103,0.6599077346479698,14,8800.235119774406,optimal,optimal,-1110.231290317684,0.0,2802.0828789045186,0.6049856786354371,14,10768.628670462964,optimal,optimal,9.073407446196761e-08,6.971208569674688e-07,8.606432405393123e-07,0.5,1200.0,1200.0,10800.0,-1747.1542971094834,36.15373342349923,82.41299888069263,81595.50162851685,3,39507.34113179329,0,1.0002986527979374e-07,optimal,optimal,optimal,82902.66103797365,-585.4906417295723,-1086.7540984094458,9.999757466516712e-08
2025-12-17,Q4-3 SEARCH,0.8,0.5,1200.0,14,1200.0,optimal,optimal,83113.82054168842,0.0,0.0,14,8328.318240232724,optimal,optimal,-535.2412638619438,887.4928515052029,4172.837063721427,0.6447440358894859,14,9108.533384938271,optimal,optimal,-1039.5873204344934,41.229454241805456,2984.6073696151266,0.6016560314471937,14,10580.487398094148,optimal,optimal,219.93316038935973,115.94022619257726,0.0,0.5,1217.7563430046955,1200.0,10790.76946861966,-1354.8954239070777,1.3349364583029783e-07,1.0000009492118956e-06,81758.92511878135,0,35736.14759624169,0,1.0000466681958641e-07,optimal,optimal,optimal,82982.31185987091,-584.2428138249815,-1092.0622928534142,217.76564944262327
2025-12-18,Q4-3 SEARCH,0.8,0.5,1217.7563430046955,14,1217.7563430046955,optimal,optimal,75476.2864659306,0.0,0.0,14,7162.605498598141,optimal,optimal,5621.463638853352,4326.786601450527,95.09822937375293,0.64919780053371,14,8797.537666504679,optimal,optimal,-596.4657977559611,0.0,1703.6987272045608,0.5752075999806714,14,10491.481804298102,optimal,optimal,215.87987064690373,134.66824215548115,0.0,0.5,1219.9092164283497,1202.1314814814816,10725.008319590306,5240.877711744294,9.060655472064512,20.3366419569497,80737.50081963185,1,34435.52077855401,0,1.0001010559790303e-07,optimal,optimal,optimal,74780.13117420499,5613.024335189239,-644.9622935041374,222.8246501830488
2025-12-19,Q4-3 SEARCH,0.8,0.5,1219.9092164283497,14,1219.9092164283497,optimal,optimal,24478.07612797948,0.0,0.0,14,10783.590740740741,optimal,optimal,663.4259700572724,950.3428864115876,6.687841311406316,0.6377550056766438,14,8714.061069808455,optimal,optimal,-368.8168033197178,0.0,1371.6635900818292,0.5658187992682979,14,9840.873990740738,optimal,optimal,326.2126981810703,199.86241014918076,0.0,0.5,1200.0000000999999,1200.0000000999999,10800.0,620.8218649186249,126.39879827336348,482.6687364923432,25581.566729390444,6,32651.022825259057,0,1.0000013617172954e-07,optimal,optimal,optimal,24103.901645976406,632.5827416294104,-333.57692075751925,312.6621515362737
2025-12-20,Q4-3 SEARCH,0.8,0.5,1200.0000000999999,14,1200.0000000999999,optimal,optimal,26109.109745106693,0.0,0.0,14,10757.328268679363,optimal,optimal,-582.8076531314764,0.0,1656.7256090967553,0.6727523463040284,14,7087.7988214671195,optimal,optimal,-347.44715770305214,12.783883333333392,1248.9279406128649,0.5324825227496145,14,9897.553502876084,optimal,optimal,302.2724583712549,260.83749230349713,0.0,0.5,1200.0000000999999,1200.0000000999999,10757.328268679363,-627.9823524632736,224.33600499057908,771.0675782058428,26252.19497084926,7,34902.168555360375,0,1.0000621841754764e-07,optimal,optimal,optimal,26209.32234322298,-604.9814075073017,-345.7900059204429,283.51303624333934
2025-12-21,Q4-3 SEARCH,0.8,0.5,1200.0000000999999,14,1200.0000000999999,optimal,optimal,77099.73883298488,0.0,0.0,14,8782.708998190716,optimal,optimal,426.5801828411634,578.4129460520821,1347.2521408800128,0.6735423800968104,14,7917.176784785945,optimal,optimal,-428.4072051933567,0.0,1036.4776944570358,0.5161612824884895,14,10514.168423385436,optimal,optimal,146.86534871342005,82.5551809670677,0.0,0.5,1231.9734913722757,1200.0000000999999,10799.999999999998,145.03832636122675,1.2511227544018368e-07,3.9999832511530257e-07,77244.77715974611,0,40136.93605888344,0,1.0001531336456537e-07,optimal,optimal,optimal,77161.47257670746,449.3311960243392,-431.52711526834486,154.79045580966246
2025-12-22,Q4-3 SEARCH,0.8,0.5,1231.9734913722757,14,1231.9734913722757,optimal,optimal,75796.92227564243,0.0,0.0,14,8141.341975648147,optimal,optimal,2109.307600357694,1860.835127488505,1311.764125589356,0.6370181998310713,14,7489.643359821266,optimal,optimal,-324.1073303394606,0.035704643303802186,816.8119196120457,0.5162576220476149,14,10718.172099542142,optimal,optimal,-6.762345796171249,29.077456023498257,39.69261882901674,0.5,1200.0000000504022,1200.0,10773.795095356274,1778.437924222062,272.9967945983806,978.598243902944,78553.95844376743,14,41922.81713710696,0,1.000444171950221e-07,optimal,optimal,optimal,75164.15935104003,2124.3639097361192,-319.0667982177531,-8.020121717013419
2025-12-23,Q4-3 SEARCH,0.8,0.5,1200.0000000504022,14,1200.0000000504022,optimal,optimal,77358.89382285552,0.0,0.0,14,10614.707497500003,optimal,optimal,-1719.4368822605047,0.0,3585.8510610087787,0.5966270834504038,14,8714.35724415624,optimal,optimal,-957.0023372700598,0.0,2526.450504173253,0.5658864161025032,14,10592.194911143499,optimal,optimal,189.67010398366077,114.35518675310367,1.4779288903810084e-12,0.5,1200.0000000486689,1200.0000000486689,10776.519725723609,-2486.769115546904,50.35511205578383,106.4023542431216,74978.52706155174,3,41104.21079868699,0,1.0001531336456537e-07,optimal,optimal,optimal,76905.24319562754,-1753.8125976303563,-955.3235538669695,188.31670363919577
2025-12-24,Q4-3 SEARCH,0.8,0.5,1200.0000000486689,14,1200.0000000486689,optimal,optimal,76157.931795445,0.0,0.0,14,10353.985022500001,optimal,optimal,-802.8895828080606,0.0,1678.8285766060806,0.5970461351492158,14,8911.826157561198,optimal,optimal,-1246.7661829074796,0.0,3104.9877182610653,0.5788801508142505,14,10586.244015675897,optimal,optimal,187.56690196143356,119.38455875644779,-1.1368683772161603e-13,0.5,1217.2192535086242,1200.0,10800.0,-1862.0888637541063,88.75369142692807,479.7623562815012,74775.60528797239,3,39878.2607555164,0,1.0003509487432893e-07,optimal,optimal,optimal,76548.07953436178,-803.6885170526665,-1263.0901340465869,182.24809023714542
2025-12-25,Q4-3 SEARCH,0.8,0.5,1217.2192535086242,14,1217.2192535086242,optimal,optimal,72560.13814295664,0.0,0.0,14,8403.035122870368,optimal,optimal,827.3752378797278,1017.0178409569622,1443.4465240756617,0.5742701733120054,14,6329.952733195967,optimal,optimal,1551.6315421555246,1060.8482401880797,47.92882023015676,0.5564793848446332,14,10552.290602870915,optimal,optimal,207.46882635328734,116.21033401699663,20.702206560508873,0.5,1213.8668681235479,1200.0,10660.690963825797,2586.4756063885397,309.3972719267469,864.3260969677194,76010.9398463129,11,40730.031669957185,0,1.0002986527979374e-07,optimal,optimal,optimal,71402.8354044506,773.1273044007188,1539.9252673211183,210.57178955505086
2025-12-26,Q4-3 SEARCH,0.8,0.5,1213.8668681235479,14,1213.8668681235479,optimal,optimal,24203.848285903987,0.0,0.0,14,10219.283333333333,optimal,optimal,-475.8780367569733,0.0,2030.3376029567357,0.5819003276456636,14,7684.274133273184,optimal,optimal,-389.06686429014877,0.0,1571.110909484079,0.6129184612127577,14,9930.552140284053,optimal,optimal,202.44584693200207,127.81783107768698,10.779656886076395,0.5,1200.0000000999999,1200.0000000999999,10800.0,-662.4990541151201,327.3412563102809,983.3202075299603,24524.669439318826,5,36898.548757970835,0,1.0001167538575828e-07,optimal,optimal,optimal,23821.86316550404,-553.4918702744417,-396.9078215812285,205.74247990354462
2025-12-27,Q4-3 SEARCH,0.8,0.5,1200.0000000999999,14,1200.0000000999999,optimal,optimal,24536.5048198398,0.0,0.0,14,10107.411753981482,optimal,optimal,-628.4007118288391,0.0,2208.7326488165763,0.5667241990353776,14,7866.054479532577,optimal,optimal,-396.39445880846824,0.0,1558.938178304779,0.6464055111115669,14,9781.036666666667,optimal,optimal,323.3020261230637,199.87066666666607,25.325017283947886,0.5,1200.0000000999999,1200.0000000999999,10678.737679907406,-701.4931445142437,148.54814639717173,460.3505250290117,24295.362200354568,6,36635.566367732725,0,1.0000030670198612e-07,optimal,optimal,optimal,24916.476539818457,-551.4768313860864,-375.8605700750518,330.68351150282103
2025-12-28,Q4-3 SEARCH,0.8,0.5,1200.0000000999999,14,1200.0000000999999,optimal,optimal,74934.11595455313,0.0,0.0,14,10132.516558611109,optimal,optimal,-1062.7032450620598,0.0,2268.6422718075155,0.581553872172904,14,8096.820825611405,optimal,optimal,-894.3972787161517,0.0,2167.9106635667495,0.6439108888432244,14,10467.867189312812,optimal,optimal,379.6856159975635,197.64037636846902,0.0,0.5,1239.080078257151,1200.0000000999999,10776.357452485683,-1577.414907780648,8.831000333062907,17.79446638823232,73374.49551316071,1,39755.49046649031,0,1.0000430665968452e-07,optimal,optimal,optimal,75641.73886420703,-1083.1579363004726,-905.0346657069539,378.79773388182116
2025-12-29,Q4-3 SEARCH,0.8,0.5,1239.080078257151,14,1239.080078257151,optimal,optimal,71287.18646131511,0.0,0.0,14,9533.239112592593,optimal,optimal,909.7522357728955,745.2964094041675,256.9996161083335,0.6005516501070849,14,6903.602223137438,optimal,optimal,-117.55727800299685,9.073461756291026e-07,286.32866124031943,0.6641562355769401,14,10528.477364307966,optimal,optimal,73.83208959929725,88.10850713214927,0.0,0.5,1213.6499737990325,1213.6499737990325,10800.0,866.0270473691958,49.4078060223296,121.54207459418114,72274.75558327849,4,42751.511090968525,0,1.526418600406032e-07,optimal,optimal,optimal,72097.4327963972,954.9739487608322,-116.12757728483828,73.98329079562619
2025-12-30,Q4-3 SEARCH,0.8,0.5,1213.6499737990325,14,1213.6499737990325,optimal,optimal,70772.21364758402,0.0,0.0,14,10000.626506032126,optimal,optimal,1054.964610995442,919.9012979464768,724.6687201793114,0.6007256872824439,14,6447.669142899031,optimal,optimal,-684.8982447746203,0.0,1546.7621158858228,0.6126122709541754,14,10645.83066137661,optimal,optimal,31.929451930054622,57.31825806551126,0.0,0.5,1263.3955101780787,1200.0,10706.7957663578,401.9958181508763,197.45274184622068,1344.8624442717096,72519.0719100066,2,42819.18713248824,0,1.0000329848480759e-07,optimal,optimal,optimal,71676.71047914625,992.4754178521756,-697.4749063945926,39.85294830732371
2025-12-31,Q4-3 SEARCH,0.8,0.5,1263.3955101780787,14,1263.3955101780787,optimal,optimal,73182.81322143972,0.0,0.0,14,10130.569284962088,optimal,optimal,154.24044770446034,293.2918740866289,889.0306771508276,0.5666711450276865,14,6717.094633488191,optimal,optimal,-152.89071770144446,63.93044293732784,527.1961484632677,0.6313463178122489,14,10691.419047195126,optimal,optimal,-0.12367463993680773,-4.440892098500626e-14,0.19668358768571195,0.5,1200.0000000481002,1200.0000000481002,10800.0,1.2260553630790705,100.94920828662332,233.1926711420999,73417.23194794489,1,44218.586430074516,0,1.0007352102547884e-07,optimal,optimal,optimal,73273.31918106019,159.9288488191891,-149.86915984068398,-0.1231840617800035
