date,run_label,alpha,lambda,soc_start_kwh,scenario_count_00,soc_00_kwh,plan_primary_status_00,plan_secondary_status_00,plan_cost_00_yuan,increase_00_kwh,decrease_00_kwh,scenario_count_06,soc_06_kwh,plan_primary_status_06,plan_secondary_status_06,adjustment_cost_06_yuan,increase_06_kwh,decrease_06_kwh,rho_06,scenario_count_12,soc_12_kwh,plan_primary_status_12,plan_secondary_status_12,adjustment_cost_12_yuan,increase_12_kwh,decrease_12_kwh,rho_12,scenario_count_18,soc_18_kwh,plan_primary_status_18,plan_secondary_status_18,adjustment_cost_18_yuan,increase_18_kwh,decrease_18_kwh,rho_18,soc_end_kwh,soc_min_kwh,soc_max_kwh,adjustment_cost_total_yuan,actual_emergency_purchase_kwh,actual_emergency_cost_yuan,total_actual_cost_yuan,emergency_slot_count,actual_throughput_kwh,simultaneous_slots,max_constraint_violation,actual_primary_status,actual_secondary_status,actual_tertiary_status,predicted_plan_cost_00_yuan,predicted_adjustment_cost_06_yuan,predicted_adjustment_cost_12_yuan,predicted_adjustment_cost_18_yuan
2025-02-01,Q4-3 SEARCH,0.85,0.25,6000.0,2,6000.0,optimal,optimal,17704.99813457663,0.0,0.0,2,9412.028295154325,optimal,optimal,-835.832828011792,0.0,3016.2460072980703,0.6203361283146992,2,6894.116867746915,optimal,optimal,-63.701729747159916,2.6850642598219565e-07,193.7677869331825,0.5219275667876406,2,10197.944476851852,optimal,optimal,-26.662097908106983,0.0,62.756499171064476,0.5,1200.0000001,1200.0000001,10800.0,-926.1966556670588,1.0520875733979311e-07,2e-07,16778.80147910957,0,33067.36839178667,0,1.000001930151484e-07,optimal,optimal,optimal,18731.396471957138,-814.2297012583119,-60.63598023095882,-23.40166290750753
2025-02-02,Q4-3 SEARCH,0.85,0.25,1200.0000001,3,1200.0000001,optimal,optimal,64060.00456670088,0.0,0.0,3,10800.0,optimal,optimal,-1488.9033273389173,9.157730099887885,3722.5193211852675,0.630420805544078,3,7521.591452352813,optimal,optimal,-383.05821249252307,20.07642451813308,1032.6462124800228,0.5328440473078151,3,10800.0,optimal,optimal,-4.779896280701597e-07,2.1648843357979785e-07,1.1652482558535787e-06,0.5,1200.0000000999999,1200.0000000999999,10800.0,-1871.9615403094301,14.533405615991784,34.202857122184824,62222.245883513635,3,42170.614868765755,0,1.0002986527979374e-07,optimal,optimal,optimal,67597.33438475637,-1538.0791806542845,-382.8346607499271,-4.422699344748588e-07
2025-02-03,Q4-3 SEARCH,0.85,0.25,1200.0000000999999,4,1200.0000000999999,optimal,optimal,66972.86227921201,0.0,0.0,4,10794.161419753087,optimal,optimal,-1993.0514874242397,0.0,4652.188913573709,0.6081206271476367,4,7630.736388465353,optimal,optimal,-619.7654490225029,0.0,1490.912591565391,0.5188848576958215,4,10786.822222222223,optimal,optimal,23.118253880361035,11.859999999998106,1.1368683772161603e-12,0.5,1283.9915780940123,1200.0000000999999,10800.0,-2589.6986825663816,168.16601619697394,805.4645644060945,65188.628161051725,7,41082.58804217639,0,1.0001531336456537e-07,optimal,optimal,optimal,68977.70785854546,-2004.3091186809188,-612.1668249232323,21.394021507337282
2025-02-04,Q4-3 SEARCH,0.85,0.25,1283.9915780940123,5,1283.9915780940123,optimal,optimal,69114.38781601952,0.0,0.0,5,10800.0,optimal,optimal,-1596.6041143339403,159.7802744378373,4296.463035780325,0.604213286359979,5,7944.716762260735,optimal,optimal,-1007.5933282788058,0.0,2526.5208754187415,0.5361436228440177,5,10792.654320987655,optimal,optimal,12.824233278067064,6.611111111109892,4.547473508864641e-13,0.5,1200.0000001,1200.0000001,10800.0,-2591.3732093346794,29.371520544730082,147.5463018748714,66670.56090855971,3,42726.231837235275,0,1.0000121619668789e-07,optimal,optimal,optimal,70643.73772415877,-1626.7211588180367,-1026.7057890051374,12.36627499530656
2025-02-05,Q4-3 SEARCH,0.85,0.25,1200.0000001,6,1200.0000001,optimal,optimal,64893.08038348675,0.0,0.0,6,10800.0,optimal,optimal,-315.1550338241399,335.3777599376314,1957.0098108799673,0.6073189178332172,6,7073.663197573374,optimal,optimal,-479.19634854773955,0.0,1103.270099474711,0.5500793609993078,6,10800.0,optimal,optimal,1.0457841016105891e-07,2.119724009537713e-07,2.616939011648502e-07,0.5,1200.0000000999999,1200.0000000999999,10800.0,-794.3513822673011,151.68095828637405,387.3729262033685,64486.10192742282,7,43162.96854804098,0,1.0001531336456537e-07,optimal,optimal,optimal,66107.53444789513,-311.75227417404017,-481.3877187833138,1.0000363797880711e-07
2025-02-06,Q4-3 SEARCH,0.85,0.25,1200.0000000999999,7,1200.0000000999999,optimal,optimal,69900.42837507572,0.0,0.0,7,10797.222530864197,optimal,optimal,-2264.136724553773,0.0,5075.792795736776,0.6235349872124988,7,7774.480444385562,optimal,optimal,-1335.7115186126612,0.0,3170.5321260360315,0.5707119684648804,7,10796.047530864198,optimal,optimal,7.064109827773477,3.557222447745529,2.784254485156964e-07,0.5,1200.0000001,1200.0000000999999,10800.0,-3592.784133338661,69.54772372669801,150.8644240187001,66458.50866575575,5,43310.10671129175,0,1.0000121619668789e-07,optimal,optimal,optimal,72123.6201884342,-2202.4073463528484,-1304.629307180935,6.503323485444674
2025-02-07,Q4-3 SEARCH,0.85,0.25,1200.0000001,8,1200.0000001,optimal,optimal,19303.12197524971,0.0,0.0,8,9683.11007407407,optimal,optimal,-726.0279800409461,0.0,3048.087118656157,0.6423505795163891,8,7505.256504074071,optimal,optimal,-328.83630050554683,0.0,1424.624327205744,0.6644873138638798,8,10290.618518518519,optimal,optimal,13.60812872639656,10.708333645772647,3.857265011557741e-07,0.5,1200.0,1200.0,10800.0,-1041.2561518200962,92.7086384188411,251.41563167791844,18513.28145510753,3,39116.99555989631,0,1.00000761449337e-07,optimal,optimal,optimal,20499.615480342673,-734.5836814424628,-346.3225985768594,12.642775990480152
2025-02-08,Q4-3 SEARCH,0.85,0.25,1200.0,9,1200.0,optimal,optimal,15715.003714839066,0.0,0.0,9,8246.95644607821,optimal,optimal,-90.39661732880832,7.326614365056514,294.7451219331541,0.6251944679866634,9,7408.129102744877,optimal,optimal,-18.690594360924397,0.9439153216314935,56.56802693131368,0.7212701175370082,9,9922.138074196728,optimal,optimal,53.87894103279492,60.73194290131601,32.61064943764293,0.5,1200.0000000999994,1200.0,10800.0,-55.20827065693779,278.475115631206,893.6173325492007,16553.41277673133,9,36219.234743168934,0,1.0000417205446865e-07,optimal,optimal,optimal,16048.0995936828,-86.56663942521506,-17.935064507927414,56.0882105230013
2025-02-09,Q4-3 SEARCH,0.85,0.25,1200.0000000999994,10,1200.0000000999994,optimal,optimal,64125.824731827925,0.0,0.0,10,10793.536111111112,optimal,optimal,-916.197241068108,0.0,1810.299739006829,0.6518986649382474,10,8090.7704667304915,optimal,optimal,-868.4197366266592,0.0,2165.9649892646094,0.7139956059165149,10,10777.467592592593,optimal,optimal,6.374275203743937,9.570833333333995,20.3813130020543,0.5,1200.0000001,1200.0000000999994,10800.000000000002,-1778.2427024910232,200.87551321123908,332.23007516024774,62679.81210449715,2,42957.02139918215,0,1.0002258932217956e-07,optimal,optimal,optimal,65362.63289217499,-926.8126691482184,-842.9270360628879,6.454978462435185
2025-02-10,Q4-3 SEARCH,0.85,0.25,1200.0000001,11,1200.0000001,optimal,optimal,59136.754729642686,0.0,0.0,11,10741.27487037037,optimal,optimal,-2567.013691775005,2.118680114839208,6124.433918114188,0.632296215923355,11,7611.218320632763,optimal,optimal,198.89004843196525,356.52641365019053,808.2677726616248,0.7122470447481396,11,9998.13888888889,optimal,optimal,-15.529292130175751,1.223570836828003e-05,25.307364999036167,0.5,1204.3806316159985,1200.0000001,10800.0,-2383.6529354732156,186.58313986067242,525.5200412038616,57278.621835373335,5,39612.82137744197,0,1.0000803740695119e-07,optimal,optimal,optimal,60445.921488871376,-2707.472299637158,188.0863712699587,-14.989026805644041
2025-02-11,Q4-3 SEARCH,0.85,0.25,1204.3806316159985,12,1204.3806316159985,optimal,optimal,60372.84027656065,0.0,0.0,12,10776.236749999998,optimal,optimal,-1913.2690279735625,0.2593259813581881,4499.635018749928,0.6087291375097827,12,6621.154715407464,optimal,optimal,-773.7572709546523,0.0,1863.1161007373373,0.7061748899852236,12,10800.0,optimal,optimal,-8.177602250260069,0.0,12.698045432338176,0.5,1257.4330279593562,1200.0,10800.0,-2695.2039011784746,659.6100577618921,2416.8391388044447,60094.475514186626,17,42175.30751483427,0,1.0000849215430208e-07,optimal,optimal,optimal,61400.952271695016,-2044.913291005462,-797.535202915774,-7.7293783799932
2025-02-12,Q4-3 SEARCH,0.85,0.25,1257.4330279593562,13,1257.4330279593562,optimal,optimal,59839.69484207866,0.0,0.0,13,10800.0,optimal,optimal,-2191.0262551858823,0.0,5152.120984249876,0.6160564084196161,13,7339.720962114172,optimal,optimal,-625.5932652294686,0.0,1475.9578708959903,0.7216505498964687,13,10488.71875113976,optimal,optimal,311.61053863713516,201.0744615118839,0.0,0.5,1200.0000000999999,1200.0,10800.0,-2505.008981778216,544.0292865775385,2036.416170290546,59371.10203059099,21,45610.2210928643,0,1.0000121619668789e-07,optimal,optimal,optimal,61152.86395667642,-2239.0846637268774,-609.809771478679,296.1887764794149
2025-02-13,Q4-3 SEARCH,0.85,0.25,1200.0000000999999,14,1200.0000000999999,optimal,optimal,55336.464332650154,0.0,0.0,14,9805.440168834019,optimal,optimal,-1737.6064998529414,0.0,4400.110942546355,0.6239763911438716,14,7385.51641520026,optimal,optimal,158.34383247422926,217.8673974504928,443.1655828826147,0.7152704096105844,14,10000.70782095609,optimal,optimal,-3.6068354748815246,0.0,8.986758377679145,0.5,1200.0000000999996,1200.0000000999996,10800.000000000002,-1582.8695028535938,331.60473897752115,693.9640349788508,54447.55886477541,7,41543.00916991281,0,1.0002258932217956e-07,optimal,optimal,optimal,56587.34261383138,-1918.257344379685,162.87643956207984,-3.2229343512443407
2025-02-14,Q4-3 SEARCH,0.85,0.25,1200.0000000999996,14,1200.0000000999996,optimal,optimal,15509.308204519384,0.0,0.0,14,8007.293059027779,optimal,optimal,-49.59578751189741,35.601849266168394,567.1732815670415,0.6139351606603018,14,6708.413155079717,optimal,optimal,131.84745428631987,137.90863787930874,0.0,0.6610797178699424,14,9969.107424608987,optimal,optimal,154.48737780122931,140.28470018477185,0.0,0.5,1200.0000000697278,1200.0000000697278,10800.0,236.73904457565177,208.23737254695482,329.27055191574516,16075.31780101078,11,38730.92728438336,0,1.0000081829275587e-07,optimal,optimal,optimal,15307.847602528305,-43.5542914164913,139.21835727186323,154.27386882958876
2025-02-15,Q4-3 SEARCH,0.85,0.25,1200.0000000697278,14,1200.0000000697278,optimal,optimal,15379.444659158435,0.0,0.0,14,6482.319893422945,optimal,optimal,-265.11530784969824,0.0,802.516604207224,0.6534422560226923,14,6536.327893325104,optimal,optimal,1.8793748768864135e-07,4.402377317606965e-07,0.0,0.5906384331605111,14,10076.155125447964,optimal,optimal,157.37464876637304,128.29287562460922,0.0,0.5,1200.0000000999999,1200.0,10800.0,-107.74065889538772,1246.8976474431968,2734.5659407284693,18006.269940991515,20,35511.81885214312,0,1.0000098882301245e-07,optimal,optimal,optimal,14668.719722970513,-282.2099375934291,2.3022670190745336e-07,152.82588394129576
2025-02-16,Q4-3 SEARCH,0.85,0.25,1200.0000000999999,14,1200.0000000999999,optimal,optimal,57147.1994134612,0.0,0.0,14,10740.402777777777,optimal,optimal,-1151.6869223633166,0.0,2341.2344643979486,0.6479058734291734,14,6158.003857924143,optimal,optimal,-141.767386719311,0.0,306.4266779243746,0.5846020608283324,14,10482.303401049347,optimal,optimal,278.5942989155649,249.6789635075615,0.0,0.5,1200.00000005144,1200.00000005144,10800.0,-1014.8600101670627,917.9608061490253,2055.6919938729097,58188.031397167055,20,39852.91249370331,0,1.000043994281441e-07,optimal,optimal,optimal,57345.570993471105,-1144.5167728033477,-141.70830359192692,279.4803804091026
2025-02-17,Q4-3 SEARCH,0.85,0.25,1200.00000005144,14,1200.00000005144,optimal,optimal,56601.32317632591,0.0,0.0,14,10771.007407407407,optimal,optimal,-1192.8658581164307,56.93877781537593,2950.841828138837,0.6703462412443004,14,8235.462995867132,optimal,optimal,-989.8496240531372,61.058653563195605,2764.4131025152965,0.5739117568211114,14,10445.096371239557,optimal,optimal,65.65372303539267,85.79546797804886,0.0,0.5,1200.0000000999999,1200.0000000000002,10800.0,-2117.0617591341747,856.4604291143548,1912.5493000608658,56396.81071725261,16,36891.36991712867,0,1.0000258043874055e-07,optimal,optimal,optimal,55676.17224012563,-1220.8375906061658,-977.5871851762058,64.97552146715286
2025-02-18,Q4-3 SEARCH,0.85,0.25,1200.0000000999999,14,1200.0000000999999,optimal,optimal,48908.49519116454,0.0,0.0,14,10736.328703703704,optimal,optimal,2115.324481017661,2447.6018483336957,0.0,0.7300710487666738,14,7481.583035332084,optimal,optimal,-27.32556787664491,0.0,48.91123892644546,0.5798435495271779,14,9193.856619050108,optimal,optimal,878.5630728464471,527.197224208449,0.0,0.5,1292.5256896043963,1200.0000000999999,10800.0,2966.5619859874632,1476.428720420508,4430.274447795367,56305.33162494737,22,35893.84327184257,0,1.0000985639635473e-07,optimal,optimal,optimal,49379.7683946412,2114.2394261878717,-26.149268854920294,843.1211626238986
2025-02-19,Q4-3 SEARCH,0.85,0.25,1292.5256896043963,14,1292.5256896043963,optimal,optimal,51779.49576628966,0.0,0.0,14,9341.610256737682,optimal,optimal,-299.7744672230866,84.29531096274377,1152.7902024823977,0.7097006428897662,14,5864.370742759327,optimal,optimal,1423.2528462676144,1325.805026637688,0.0,0.5568894837691477,14,9504.664571013436,optimal,optimal,127.88114209146262,176.04904947587795,0.0,0.5,1200.0000000505995,1200.0,10478.18709595171,1251.3595211359902,463.79721343336496,1338.8036135248071,54369.65890095046,17,39679.92077210929,0,1.0000474048865726e-07,optimal,optimal,optimal,51671.70097886877,-323.54936125973177,1463.5844553047355,127.00280796033745
2025-02-20,Q4-3 SEARCH,0.85,0.25,1200.0000000505995,14,1200.0000000505995,optimal,optimal,54560.97676150894,0.0,0.0,14,10514.421633470367,optimal,optimal,231.26088636518205,705.0805212674699,1625.3676537629035,0.6941123663921002,14,6871.911083385434,optimal,optimal,-307.9913784129317,3.819377263880597e-05,859.9805767823658,0.5773763433242316,14,10616.169558748088,optimal,optimal,12.300914695570281,9.385712078850247,0.0,0.5,1200.0000000721736,1200.0000000505995,10766.983364043152,-64.42957735217935,36.368654907027704,69.43673597422625,54565.98392013098,3,40743.412883601166,0,1.0000803740695119e-07,optimal,optimal,optimal,53278.06329961665,249.3832694381053,-313.8676232580597,12.146152288102908
2025-02-21,Q4-3 SEARCH,0.85,0.25,1200.0000000721736,14,1200.0000000721736,optimal,optimal,14648.288632059583,0.0,0.0,14,6710.2326555353075,optimal,optimal,71.14759013828709,74.00549177436656,12.202408279869484,0.6807243089816691,14,7949.572741920288,optimal,optimal,51.4660837490988,45.28079561486331,0.0,0.6081860077554624,14,9770.923712962964,optimal,optimal,262.266401072919,192.3905413611119,0.0,0.5,1200.0,1200.0,10432.849867212475,384.8800749603049,589.851104117593,1631.4401683921392,16664.60887541203,16,36297.29094625464,0,1.0000030670198612e-07,optimal,optimal,optimal,14079.620234078324,70.06066734293269,53.41456549929269,260.7787759163832
2025-02-22,Q4-3 SEARCH,0.85,0.25,1200.0,14,1200.0,optimal,optimal,15017.411233034778,0.0,0.0,14,6084.07791505613,optimal,optimal,218.27297197004816,229.2498324283389,62.813093525589345,0.6548405726401891,14,7053.719628894807,optimal,optimal,-50.9851180369094,3.563126453443033e-06,189.83894663074912,0.6266667170020838,14,9796.017824167573,optimal,optimal,475.2323390110048,348.3076939928246,0.0,0.5,1200.0000000553068,1200.0,10561.691206879372,642.5201929441436,267.43271647546976,596.0986703319007,16256.030096310822,14,34334.6892578105,0,1.0000030670198612e-07,optimal,optimal,optimal,14824.921318690347,211.83714126501832,-54.06388919633282,461.20225158077164
2025-02-23,Q4-3 SEARCH,0.85,0.25,1200.0000000553068,14,1200.0000000553068,optimal,optimal,53167.107496391385,0.0,0.0,14,9776.511038425926,optimal,optimal,213.21880209290785,195.08312135628697,218.27913528990575,0.642413030745127,14,5605.766530670229,optimal,optimal,-426.23377647402896,0.0,1111.4019871583569,0.644139191617846,14,10579.827235740742,optimal,optimal,268.4123006235617,142.67912963128703,0.0,0.5,1200.0000000540686,1200.0,10673.247955092593,55.397326242440585,64.6672503503979,151.9459012550052,53374.45072388883,5,44332.20071386595,0,1.0001531336456537e-07,optimal,optimal,optimal,53218.91677712255,216.9812021985323,-426.6209724216823,249.6709663763118
2025-02-24,Q4-3 SEARCH,0.85,0.25,1200.0000000540686,14,1200.0000000540686,optimal,optimal,50902.10800435617,0.0,0.0,14,9954.412277777777,optimal,optimal,-5.687619249847268,0.0,15.054577156821779,0.6201905997217892,14,6801.081820954266,optimal,optimal,-327.8168385884711,0.0,700.5825191848484,0.6697042553529229,14,10435.188373078645,optimal,optimal,503.84343350448705,276.9385240625519,0.0,0.5,1200.0000000999999,1200.0000000540686,10800.0,170.33897566616866,100.75287957325322,557.5891274938595,51630.0361075162,4,38054.22968361545,0,1.0000803740695119e-07,optimal,optimal,optimal,50817.81581567907,-5.495725457322818,-320.20929426493984,493.0024431568134
2025-02-25,Q4-3 SEARCH,0.85,0.25,1200.0000000999999,14,1200.0000000999999,optimal,optimal,51633.91270702584,0.0,0.0,14,10195.919686617966,optimal,optimal,-331.73522591837434,88.6849318879722,1018.1611593808734,0.5659958479968336,14,8357.025947312855,optimal,optimal,-1028.779944902204,0.0,3334.0403248261428,0.6663253470070647,14,10637.762209255176,optimal,optimal,176.5157764490977,106.75775186478477,0.0,0.5,1200.0000000999999,1200.0,10747.766080251351,-1183.9993943714808,59.685941680609034,125.23795929604299,50575.1512719504,3,37608.9025078737,0,1.0000053407566156e-07,optimal,optimal,optimal,51866.00269653806,-351.519684831192,-1111.033364569792,168.06168508131074
2025-02-26,Q4-3 SEARCH,0.85,0.25,1200.0000000999999,14,1200.0000000999999,optimal,optimal,47296.16829770113,0.0,0.0,14,9816.84982944444,optimal,optimal,448.0138543736822,383.21267855670897,0.0,0.5725853594492636,14,5948.407344814804,optimal,optimal,1691.972833444347,1543.9703035031953,0.0,0.6948286788827562,14,9564.602165274013,optimal,optimal,647.7544593664805,369.05159115866667,0.0,0.5,1210.4987715443785,1200.0000000999999,10713.349755370366,2787.74114718451,190.33330883645806,1002.6792335610737,51086.588678446715,8,42905.638656976575,0,1.0000306360780087e-07,optimal,optimal,optimal,46654.473909167566,477.2642423615695,1591.315198870569,640.1042396556305
2025-02-27,Q4-3 SEARCH,0.85,0.25,1210.4987715443785,14,1210.4987715443785,optimal,optimal,47110.35425059996,0.0,0.0,14,9917.442592592593,optimal,optimal,437.5406364846436,424.42606995217574,215.86601148966133,0.5833796644757399,14,6779.980525502179,optimal,optimal,-2.6268898927617528,29.987828278534835,196.90787106458237,0.694164167752262,14,9509.323978119091,optimal,optimal,543.7704841976356,405.6459785809477,0.0,0.5,1200.0000000999999,1200.0000000999999,10800.0,978.6842307895174,73.61078504300419,405.08585286489875,48494.124334254375,3,41223.52936496968,0,1.0000030670198612e-07,optimal,optimal,optimal,48421.884594660354,402.0726950019283,-9.841860285974732,546.5606054081305
2025-02-28,Q4-3 SEARCH,0.85,0.25,1200.0000000999999,14,1200.0000000999999,optimal,optimal,14179.585610880262,0.0,0.0,14,5872.064640078269,optimal,optimal,51.961832618676944,133.0522998512795,243.9720941780687,0.5840047976994293,14,9008.675379542654,optimal,optimal,4.0211153598164625e-06,3.0556748811250145e-06,0.0,0.6861676199693404,14,9648.412324074074,optimal,optimal,272.45264090593713,208.56263114587478,0.0,0.5,1200.0000000999996,1200.0000000999996,10442.401044434242,324.4144775457294,136.7452708374233,492.9041677540675,14996.90425618006,5,35443.39365470488,0,1.0000030670198612e-07,optimal,optimal,optimal,14083.881274169198,48.27870965156198,3.7486178487391853e-06,261.9503350747629
2025-03-01,Q4-3 SEARCH,0.85,0.25,1200.0000000999996,14,1200.0000000999996,optimal,optimal,15804.528744499925,0.0,0.0,14,7878.008543703703,optimal,optimal,-488.17396730982966,10.125808099325752,2863.645929911346,0.5715688806782705,14,9482.21851314815,optimal,optimal,-64.54395276942189,0.0,215.8637581068926,0.6753199760646394,14,9817.88500925926,optimal,optimal,232.84065149412967,182.23509364578283,0.0,0.5,1200.0000000999999,1200.0000000999996,10452.314548763747,-319.8772685851219,51.47520535610488,209.1501579263533,15693.801633841156,3,32816.07406044881,0,1.0000258043874055e-07,optimal,optimal,optimal,15793.27676637665,-433.5004277362156,-66.27105881126123,216.29326528971382
2025-03-02,Q4-3 SEARCH,0.85,0.25,1200.0000000999999,14,1200.0000000999999,optimal,optimal,55797.25703083063,0.0,0.0,14,10795.18146,optimal,optimal,579.7865862268565,585.1078166078439,441.2439757685318,0.5859467581707153,14,8163.512038299885,optimal,optimal,-1139.2778250243227,0.0,2774.284070557751,0.6744831662607093,14,9646.935880302637,optimal,optimal,196.09141742187992,220.5677048576548,0.0,0.5,1200.0000000520445,1200.0,10800.0,-363.3998213755864,96.4237773712899,335.9018778566576,55769.75908731171,6,37885.1881533074,0,1.0002258932217956e-07,optimal,optimal,optimal,55265.27722465909,598.8235738368811,-1025.1694546296135,206.72773898005875
2025-03-03,Q4-3 SEARCH,0.85,0.25,1200.0000000520445,14,1200.0000000520445,optimal,optimal,57239.160987088944,0.0,0.0,14,10800.0,optimal,optimal,-1265.7314329038118,123.25988323545596,3582.2526002513905,0.5977997556604822,14,8172.0780771388745,optimal,optimal,-607.5421344386302,126.9344577611605,2168.6216017327943,0.6631549236624823,14,10297.70789209416,optimal,optimal,11.634435304332236,20.709418300482866,0.0,0.5,1200.0000000577652,1200.0,10800.0,-1861.6391320381097,20.469595183120592,41.34182602180832,55418.863681072646,3,41925.953036417486,0,1.0000030670198612e-07,optimal,optimal,optimal,56575.21230109148,-1154.058912157813,-541.7475117542676,13.517387713814932
2025-03-04,Q4-3 SEARCH,0.85,0.25,1200.0000000577652,14,1200.0000000577652,optimal,optimal,49976.78488885038,0.0,0.0,14,10005.065740740742,optimal,optimal,505.8379530540236,513.7001416700184,0.0,0.6143047116896048,14,7899.444285406198,optimal,optimal,-390.22923301006904,0.0,1108.3902175765052,0.6618508705692833,14,9472.629985954198,optimal,optimal,363.15124703356497,291.00170625669773,0.0,0.5,1200.000000050759,1200.0000000457908,10800.0,478.75996707751955,310.76288694310495,1054.726129077741,51510.270985005634,11,36809.08000496621,0,1.0000803740695119e-07,optimal,optimal,optimal,49399.519108601206,435.5141051306246,-351.15128865879444,371.9780729731925
2025-03-05,Q4-3 SEARCH,0.85,0.25,1200.000000050759,14,1200.000000050759,optimal,optimal,51865.44617000675,0.0,0.0,14,9932.45277777778,optimal,optimal,-928.8158659825231,0.0,2319.8848896422023,0.615307660510601,14,8458.528684527535,optimal,optimal,-1444.0734456198034,75.24958734406982,4206.805175749649,0.6095466662302056,14,10156.352561620915,optimal,optimal,331.14703430692236,230.03524586377415,0.0,0.5,1200.0000000480688,1200.0000000480688,10800.000000000002,-2041.7422772954042,126.3903183851865,584.9616462107916,50408.66553892214,5,38523.913402973034,0,1.0001531336456537e-07,optimal,optimal,optimal,52889.08028431887,-895.5954743859631,-1437.799147488782,326.03269261748466
2025-03-06,Q4-3 SEARCH,0.85,0.25,1200.0000000480688,14,1200.0000000480688,optimal,optimal,47541.80547085483,0.0,0.0,14,9985.965740740741,optimal,optimal,-57.49512363731279,10.597705977076657,228.32436607874854,0.6267243695810517,14,6612.584709045819,optimal,optimal,-290.7386087426103,4.3401191498240905,698.6625145547557,0.592395757172064,14,9635.222518624993,optimal,optimal,535.1902813399936,335.46041560399016,0.0,0.5,1200.0000000660348,1200.0,10800.0,186.95654896007045,147.92691858161794,339.0231056859734,48067.78512550087,6,38899.72236000847,0,1.0000803740695119e-07,optimal,optimal,optimal,47184.77640810894,-48.12409001804826,-286.3222013488272,515.2721486547729
2025-03-07,Q4-3 SEARCH,0.85,0.25,1200.0000000660348,14,1200.0000000660348,optimal,optimal,14688.666263249892,0.0,0.0,14,6946.821819259257,optimal,optimal,-399.9148432004902,0.0,1309.5734130849619,0.6247225147424333,14,10398.775986179277,optimal,optimal,-63.267928077675265,6.9565252604401735,209.01061195984454,0.5933547259654912,14,9677.433883480606,optimal,optimal,218.41102445610295,195.27801610835724,0.0,0.5,1200.0000000999996,1200.0000000660348,10526.850607026865,-244.77174682206254,55.652500449048816,87.06629885002876,14530.960815277858,4,30829.52900413346,0,1.000043994281441e-07,optimal,optimal,optimal,14383.860054806342,-379.5046867328991,-58.65661282905105,220.4191667993548
2025-03-08,Q4-3 SEARCH,0.85,0.25,1200.0000000999996,14,1200.0000000999996,optimal,optimal,13326.234488492426,0.0,0.0,14,5456.978846419115,optimal,optimal,-15.007771266132435,2.5189842176587263e-06,46.93379970079411,0.6466203253419684,14,10375.206094621752,optimal,optimal,-6.754789954200273,2.8169390736766786,22.284212932233174,0.5788451861355582,14,9829.283959211964,optimal,optimal,212.99176678581514,189.16725299928834,0.0,0.5,1200.0000000999999,1200.0000000999996,10553.244081811414,191.22920556548243,41.0783911433856,140.0114475193265,13657.475141577233,3,33319.13254176302,0,1.00000761449337e-07,optimal,optimal,optimal,13015.275506648057,-15.380773876963183,-6.066050952135692,208.5651904858546
2025-03-09,Q4-3 SEARCH,0.85,0.25,1200.0000000999999,14,1200.0000000999999,optimal,optimal,48746.00214106875,0.0,0.0,14,9572.87742214677,optimal,optimal,-1756.311820885017,0.0,5064.747191744972,0.6451156423535155,14,7492.791230388594,optimal,optimal,-271.7587180807299,101.6580434418687,1604.127799210087,0.561685315085434,14,9575.998979965561,optimal,optimal,457.2470398040623,285.85562278004335,0.0,0.5,1200.0000000999999,1200.0000000999999,10539.191870939669,-1570.8234991616846,5.2328675028818176e-08,1.0000010941364346e-07,47175.178642007064,0,41459.048800825745,0,1.0000030670198612e-07,optimal,optimal,optimal,49856.25784605993,-1902.3796799126726,-441.3996641291932,420.6606699914785
2025-03-10,Q4-3 SEARCH,0.85,0.25,1200.0000000999999,14,1200.0000000999999,optimal,optimal,47891.573574125425,0.0,0.0,14,9715.775006851849,optimal,optimal,547.6553012673769,562.4215891217616,89.27834391314127,0.6591773041260458,14,6564.5894570794535,optimal,optimal,-242.79266306171553,41.24697803444354,638.8208042905296,0.5694817941234427,14,10495.56975996626,optimal,optimal,245.6717842196305,191.2934603535955,0.0,0.5,1200.0000000445157,1200.0000000445157,10572.400006851849,550.5344224252918,111.19400029656231,478.5049398465173,48920.612936397236,4,41056.3829662277,0,1.0000098882301245e-07,optimal,optimal,optimal,47158.195684404105,619.0286663949004,-249.84334064505032,242.12308653178934
2025-03-11,Q4-3 SEARCH,0.85,0.25,1200.0000000445157,14,1200.0000000445157,optimal,optimal,41528.33084018295,0.0,0.0,14,9982.150925925926,optimal,optimal,4182.21981039435,4488.187941776625,0.0,0.636085468987753,14,6080.105162274202,optimal,optimal,332.070933046533,413.9887564319234,24.472989928303377,0.5680371344828185,14,9638.46330859557,optimal,optimal,448.02250991490047,284.8233272247173,0.0,0.5,1200.0000000999999,1200.0000000445157,10800.0,4962.313253355784,85.25911273452017,233.69522785806856,46724.33932139681,1,40263.77189702227,0,1.0000167094403878e-07,optimal,optimal,optimal,41398.600703797565,4351.485330444069,359.8453302913158,435.22436636335436
2025-03-12,Q4-3 SEARCH,0.85,0.25,1200.0000000999999,14,1200.0000000999999,optimal,optimal,48699.23686088566,0.0,0.0,14,9464.728073950619,optimal,optimal,-2376.152064907471,14.521681415150965,6728.136287141211,0.6560580958531174,14,7786.585632756005,optimal,optimal,-373.6472558216834,93.26783298093983,1764.6223169448908,0.5399984401412427,14,9523.001802459465,optimal,optimal,569.1614955119304,339.36602296446404,0.0,0.5,1200.0000000552243,1200.0000000552243,10422.568166543211,-2180.637825217224,155.37614629004452,442.6203257181867,46961.219361386626,8,38315.80552604362,0,1.0001531336456537e-07,optimal,optimal,optimal,48511.89477212503,-2475.1682299555214,-422.17894187895996,555.5090418982089
2025-03-13,Q4-3 SEARCH,0.85,0.25,1200.0000000552243,14,1200.0000000552243,optimal,optimal,48409.091667473076,0.0,0.0,14,10206.087691959181,optimal,optimal,-216.0806999439323,129.45794449292742,920.1749357470783,0.6387062446289143,14,8732.134588729938,optimal,optimal,-264.61176311857395,67.52873417801504,1123.1987952890424,0.5458782883609149,14,10604.962900519356,optimal,optimal,-45.45649190277672,0.0,70.7856644674248,0.5,1199.9999999999998,1199.9999999999998,10671.993806599603,-526.148954965283,173.57994385096416,753.5935816120059,48636.5362941198,7,39311.702931554646,0,1.0000030670198612e-07,optimal,optimal,optimal,47368.372623298426,-191.66649225988343,-232.23621722072426,-44.94550472157276
2025-03-14,Q4-3 SEARCH,0.85,0.25,1199.9999999999998,14,1199.9999999999998,optimal,optimal,12368.015225071098,0.0,0.0,14,5040.9713696706185,optimal,optimal,368.2877141156357,425.4901776013436,32.56867316946,0.6539428791476438,14,10436.800880596544,optimal,optimal,-10.431451974890745,42.53278151745312,134.26898805914917,0.533223195554687,14,9630.140240740744,optimal,optimal,133.19614064038876,85.11207461165144,4.247409606250585e-07,0.5,1200.0000000999999,1199.9999999999998,10502.983181245709,491.0524027811337,511.78113477618103,1028.31720548359,13887.384833335822,8,32010.892807956112,0,1.00000761449337e-07,optimal,optimal,optimal,12224.459037910867,352.48089431086004,-5.887367237266446,122.08624953238186
2025-03-15,Q4-3 SEARCH,0.85,0.25,1200.0000000999999,14,1200.0000000999999,optimal,optimal,12283.116165353302,0.0,0.0,14,4485.034596111113,optimal,optimal,272.3067409947452,318.0467149600294,0.0,0.6218591920046695,14,8274.461166915118,optimal,optimal,22.227110740393343,73.41257493796331,38.13145436966653,0.5614954490340502,14,9948.300463882406,optimal,optimal,216.5265232863982,169.72062091666527,0.0,0.5,1200.000000045819,1200.0,10468.51078406759,511.06037502153674,1009.7980689936397,2109.7017166557234,14903.878257030561,20,34541.266265389255,0,1.0000036354540498e-07,optimal,optimal,optimal,11836.32260976509,294.585568988137,23.592724571270132,227.7748980193149
2025-03-16,Q4-3 SEARCH,0.85,0.25,1200.000000045819,14,1200.000000045819,optimal,optimal,44903.57867395686,0.0,0.0,14,9291.473147160492,optimal,optimal,597.4839165609374,842.6244320979822,179.48096396517144,0.5813955069181171,14,5744.673117511845,optimal,optimal,-355.2932466140718,34.63270833333331,919.0907797282981,0.5981624245819492,14,10354.294882986289,optimal,optimal,225.47550017512327,139.63739843991186,0.0,0.5,1200.000000053483,1200.000000045819,10555.93846682379,467.66617012198884,138.40181630749183,446.6699849189556,45817.9148289978,7,39806.882096499874,0,1.0002349881688133e-07,optimal,optimal,optimal,43834.330705580374,613.9329537241648,-319.58420818647653,219.48132627735453
2025-03-17,Q4-3 SEARCH,0.85,0.25,1200.000000053483,14,1200.000000053483,optimal,optimal,39682.18252229718,0.0,0.0,14,9324.14022839134,optimal,optimal,-871.5406951244145,0.0,2971.6933149594024,0.5486254321164702,14,6039.14330553419,optimal,optimal,414.5857366260782,602.614384421435,296.5905950820746,0.6121487272201767,14,10043.655590407387,optimal,optimal,559.6977625539067,299.6560038000139,0.0,0.5,1200.0000001,1200.0,10307.26279383635,102.74280405557045,847.4416486973003,3729.103480576319,43514.02880692907,25,38120.03357081552,0,1.0000030670198612e-07,optimal,optimal,optimal,41258.9298312193,-1031.939382733468,387.3745466302994,514.9985860975273
2025-03-18,Q4-3 SEARCH,0.85,0.25,1200.0000001,14,1200.0000001,optimal,optimal,46740.754748740685,0.0,0.0,14,9594.18225759259,optimal,optimal,-766.7396880812654,0.0,2555.297370631846,0.5534793120615912,14,7974.090276460102,optimal,optimal,-718.1922010517192,151.2691784166667,2512.344389158812,0.6320757713266153,14,9635.363625295593,optimal,optimal,137.08434855011566,194.23539786462274,0.0,0.5,1200.0000000554032,1200.0000000554032,10676.888880006458,-1347.8475405828688,30.654573482894317,61.459609783880246,45454.36681794169,3,34549.48889462644,0,1.00000761449337e-07,optimal,optimal,optimal,47798.920366729275,-808.4832612180949,-746.3817386196714,134.28844891970155
2025-03-19,Q4-3 SEARCH,0.85,0.25,1200.0000000554032,14,1200.0000000554032,optimal,optimal,37856.518241277736,0.0,0.0,14,9415.0269988677,optimal,optimal,2967.136336155265,3338.146436442409,4.86419900045837,0.555083801606982,14,5025.6445901983925,optimal,optimal,1133.4931553059237,1359.6608432050411,36.874329259094566,0.683135864879147,14,9846.818371828469,optimal,optimal,212.6010773116423,156.79846535437787,0.0,0.5,1249.8415952758173,1200.0000000554032,10637.180402692667,4313.23056877283,138.8906759923828,319.5874459707525,42489.33625602132,1,38460.334541162534,0,1.0000193196901818e-07,optimal,optimal,optimal,38228.09733563798,3051.6215806853493,1275.1945523692646,204.3760529836229
2025-03-20,Q4-3 SEARCH,0.85,0.25,1249.8415952758173,14,1249.8415952758173,optimal,optimal,45848.50319941626,0.0,0.0,14,9235.39573324074,optimal,optimal,-2211.6349548391245,0.0,6731.1442465615,0.5534805697044803,14,5430.139856575646,optimal,optimal,130.6579060730347,164.7104876839634,117.17003950869787,0.6529613453245442,14,10423.626656611099,optimal,optimal,294.171026010998,246.26834351019318,0.0,0.5,1295.1636975485758,1200.0,10423.626656611099,-1786.8060227550918,903.7625529745485,3800.155401783695,47861.852578444865,10,37959.16815285795,0,1.000004772322427e-07,optimal,optimal,optimal,46497.123828250405,-2382.6619899190573,130.86457266656873,290.7239343987851
2025-03-21,Q4-3 SEARCH,0.85,0.25,1295.1636975485758,14,1295.1636975485758,optimal,optimal,11771.753341347048,0.0,0.0,14,3722.834212962962,optimal,optimal,82.59790092798184,206.25079362106317,369.3440878166598,0.5401286105414042,14,10313.624512950282,optimal,optimal,65.12915333472121,106.99438624039817,91.68806369100216,0.6582630896959252,14,9666.796379955078,optimal,optimal,301.0238728418499,202.05656689843534,0.0,0.5,1200.0000000737543,1200.0,10469.812453990204,448.75092710455294,259.08929307491155,701.3722883942398,12921.87655684584,15,29252.392355793425,0,1.0000030670198612e-07,optimal,optimal,optimal,11666.696345540131,85.4448071786341,64.82165445124205,287.7470989512612
2025-03-22,Q4-3 SEARCH,0.85,0.25,1200.0000000737543,14,1200.0000000737543,optimal,optimal,12677.88039105199,0.0,0.0,14,4502.7081550328985,optimal,optimal,7.567249152843612,41.960307824380834,41.855820358597185,0.5894160965675708,14,10202.213706747327,optimal,optimal,-74.43810545914266,77.10592160225428,350.9098116711881,0.6778761296245728,14,9940.647541046597,optimal,optimal,211.4139698243123,155.67360678200419,0.0,0.5,1200.0000000618486,1200.0000000618486,10534.597035428911,144.54311351801323,24.119167016304814,43.33008343547918,12865.753588005482,1,28693.981610910283,0,1.0000030670198612e-07,optimal,optimal,optimal,12630.780110940283,6.684732114729771,-75.58361928278688,214.9644723426681
2025-03-23,Q4-3 SEARCH,0.85,0.25,1200.0000000618486,14,1200.0000000618486,optimal,optimal,46026.763030165675,0.0,0.0,14,9465.758233789977,optimal,optimal,-1433.045065224388,0.0,3978.021191520932,0.604680337046331,14,7645.132661594777,optimal,optimal,-921.6559009404793,12.274165664661155,3055.0238917496276,0.6606491051688281,14,10442.018680376052,optimal,optimal,484.756295778949,298.8340311529143,0.0,0.5,1309.7136460163988,1200.0000000618486,10600.403175147767,-1869.9446703859182,3.1017407309263945e-08,1.9998824973299635e-07,44156.81835997974,0,34961.87091478017,0,1.0000114922253658e-07,optimal,optimal,optimal,46598.30439401955,-1482.916667580777,-950.3345376367024,495.8688891926787
2025-03-24,Q4-3 SEARCH,0.85,0.25,1309.7136460163988,14,1309.7136460163988,optimal,optimal,43044.225340046134,0.0,0.0,14,9501.45450055556,optimal,optimal,-1116.7959578013115,21.47549278150626,3557.0608178397397,0.625847212400099,14,8004.084284128064,optimal,optimal,-432.1827703541364,56.90404621284512,2037.483856846312,0.6680930884731737,14,9829.902028055518,optimal,optimal,224.5599948406357,133.0633956803684,0.0,0.4968047411243277,1200.0000000468724,1200.0000000468724,10651.407490575677,-1324.4187333148122,33.07809773328566,78.41163099019845,41798.21823772152,1,36886.713227774395,0,1.0000826478062663e-07,optimal,optimal,optimal,43626.337391158995,-1144.308460642569,-476.6108010229344,216.12298207721847
2025-03-25,Q4-3 SEARCH,0.85,0.25,1200.0000000468724,14,1200.0000000468724,optimal,optimal,48195.438402232656,0.0,0.0,14,8806.925460201765,optimal,optimal,-2851.1527256031586,0.0,8668.83843803981,0.6367138138872621,14,7287.61189488175,optimal,optimal,-564.0736847345391,14.774001831782925,2220.3146479518227,0.6452323882228014,14,9515.471451382273,optimal,optimal,510.8609360749053,315.93364858951793,0.0,0.5037799605761082,1222.233917452201,1199.9999999999998,10307.952401984812,-2904.3654742627928,457.4967641348162,1863.6138337770176,47154.68676174688,21,33131.189161664,0,1.0000135989685078e-07,optimal,optimal,optimal,48772.2693137266,-2949.196319876937,-565.2866819605648,498.50358925134265
2025-03-26,Q4-3 SEARCH,0.85,0.25,1222.233917452201,14,1222.233917452201,optimal,optimal,39526.138790308265,0.0,0.0,14,9723.269546457785,optimal,optimal,122.20106287445623,330.6659275594988,290.34996613684723,0.6371733192991729,14,6345.990593976075,optimal,optimal,-724.0136400258956,58.622675500000696,2085.206150587586,0.6186870025368991,14,9991.470971863004,optimal,optimal,2.3463668319845037e-07,4.161331616537206e-07,0.0,0.4989177013686874,1200.0000000560178,1200.0000000560178,10788.908471863004,-601.8125769168028,49.358600707440715,96.92288949535451,39021.24910288682,4,37620.45055761088,0,1.0000030670198612e-07,optimal,optimal,optimal,39452.35908908935,142.05376503076357,-732.4634919780417,2.626702686470139e-07
2025-03-27,Q4-3 SEARCH,0.85,0.25,1200.0000000560178,14,1200.0000000560178,optimal,optimal,42130.96072241034,0.0,0.0,14,9597.213844876544,optimal,optimal,140.7496100783988,298.11796012864806,820.1975686854744,0.6494599042311157,14,7773.806491103559,optimal,optimal,-831.1598722195655,50.272707447487505,2976.8386728444784,0.6550543943706506,14,10547.747960562863,optimal,optimal,351.5901963530168,186.03129512722012,9.679479627557566,0.49442850001477917,1320.4077301122309,1200.0000000560178,10564.974590557935,-338.82006578814986,1.5874548223535894e-07,6.999985079793654e-07,41792.14065732218,0,34143.1534666107,0,1.0001531336456537e-07,optimal,optimal,optimal,42899.79886421549,132.6903831619981,-929.1608399064272,335.45531014957646
2025-03-28,Q4-3 SEARCH,0.85,0.25,1320.4077301122309,14,1320.4077301122309,optimal,optimal,11981.418897627253,0.0,0.0,14,4822.429940329956,optimal,optimal,76.88368887418164,64.01417567875797,0.0,0.6557618751627033,14,10290.051580278448,optimal,optimal,-38.20428705426655,0.0,113.27387040817939,0.6722824725269285,14,9949.021745325554,optimal,optimal,158.19936039615004,115.05903737485478,0.0,0.4932652057912807,1200.000000071454,1200.000000071454,10631.074572609503,196.87876221606513,74.82354589245924,118.6578990454087,12296.955558888727,2,27967.167276284265,0,1.0000258043874055e-07,optimal,optimal,optimal,11713.065123827164,76.73579364871608,-40.21152839535702,156.1611051468652
2025-03-29,Q4-3 SEARCH,0.85,0.25,1200.000000071454,14,1200.000000071454,optimal,optimal,11551.507259649588,0.0,0.0,14,4003.5132194502144,optimal,optimal,515.3044031027397,512.6549337020929,0.0,0.6491035754663508,14,10287.18264244884,optimal,optimal,2.2229182893561068e-07,4.5556271940897774e-07,0.0,0.6576525656718423,14,9759.882247866486,optimal,optimal,315.86676038730303,203.02529913054576,0.0,0.4892728972851948,1200.0000000999999,1200.000000071454,10408.178089536224,831.1711637123346,201.73967473771344,678.9569647738692,13061.635388135794,7,26979.994395452624,0,1.00000761449337e-07,optimal,optimal,optimal,11414.596294322271,545.5687165662935,2.3673683187676614e-07,288.4203839850272
2025-03-30,Q4-3 SEARCH,0.85,0.25,1200.0000000999999,14,1200.0000000999999,optimal,optimal,39426.075145530966,0.0,0.0,14,9972.017925925926,optimal,optimal,-779.2618445507737,0.0,2218.806534661706,0.6774188755970981,14,7835.379194846878,optimal,optimal,-613.5975323305489,0.0,1987.0828426653766,0.6638361125423499,14,9630.829256908233,optimal,optimal,314.7016062585004,295.09822681401147,0.0,0.49386075930982226,1200.0,1200.0,10800.0,-1078.1577706228222,840.8826685281015,2179.491020752917,40527.40839566106,25,37039.900516001166,0,1.0000258043874055e-07,optimal,optimal,optimal,40264.090721074164,-843.9837730238577,-641.6743920759533,309.2538136039583
2025-03-31,Q4-3 SEARCH,0.85,0.25,1200.0,14,1200.0,optimal,optimal,35574.54424313463,0.0,0.0,14,9512.544323048545,optimal,optimal,5155.963993080081,5985.251209485093,7.484883333333528,0.7007541112959871,14,7153.301255798893,optimal,optimal,-636.3387666099898,0.0,1619.3996383242968,0.6196350307683708,14,9778.637348513881,optimal,optimal,205.40482719448437,235.66125695222172,0.0,0.5001585889713717,1245.3974332792982,1200.0,10531.380742109373,4725.0300536645755,1.6052928753204638e-07,4.0000355419478746e-07,40299.57429719921,0,36268.15307497731,0,1.0000167094403878e-07,optimal,optimal,optimal,35481.9341173991,4967.811622297264,-611.5681326849407,200.83767137308848
2025-04-01,Q4-3 SEARCH,0.85,0.25,1245.3974332792982,14,1245.3974332792982,optimal,optimal,46110.74151816439,0.0,0.0,14,9379.59433568105,optimal,optimal,-1115.0423307382641,52.61753157564715,3376.528324015261,0.6913151977904117,14,8985.551855139998,optimal,optimal,-999.3285502689479,0.0,3329.278402645383,0.6313767006042824,14,10252.999011903696,optimal,optimal,483.98839848423785,325.31773185181623,0.0,0.4972912453923081,1237.312692548118,1201.616223398992,10451.191630706622,-1630.3824825229742,45.26859549255679,257.51040484221556,44737.86944048363,1,33459.3224295007,0,1.0000803740695119e-07,optimal,optimal,optimal,44841.163043333654,-1134.7146202422707,-892.6366354458737,483.60240078843145
2025-04-02,Q4-3 SEARCH,0.85,0.25,1237.312692548118,14,1237.312692548118,optimal,optimal,43205.7131480373,0.0,0.0,14,9497.31500657408,optimal,optimal,-1.121222518774152,403.70108200007525,1124.0840839455086,0.6858448122388939,14,7678.189436023185,optimal,optimal,-691.056061776457,0.0,2333.648496704718,0.6469556504080453,14,9631.319733585675,optimal,optimal,345.3382461253796,250.93173069049237,0.0,0.4982120151269431,1226.130259130695,1200.0,10511.889838664963,-346.83903816985156,112.27756290811794,695.2795440195448,43554.153653887,5,35728.24904468976,0,1.0000098882301245e-07,optimal,optimal,optimal,42291.871426204554,32.60400535946206,-650.7407853840532,349.03647897196794
2025-04-03,Q4-3 SEARCH,0.85,0.25,1226.130259130695,14,1226.130259130695,optimal,optimal,42079.97206395408,0.0,0.0,14,9900.251960000001,optimal,optimal,-456.8125288772491,0.0,1141.2594978899351,0.6716607669290972,14,7555.719890769475,optimal,optimal,-882.369064288634,1.8455149775006134,3106.376948698824,0.6263611627275693,14,10404.994472967932,optimal,optimal,36.586871354317836,62.25768502249923,1.2726053537146527,0.5010187762420668,1199.9999999999998,1199.9999999999998,10790.326759176318,-1302.5947218115655,319.5121154875361,727.7761583503622,41505.153500492874,15,34106.63703809929,0,1.0002986527979374e-07,optimal,optimal,optimal,41562.85328470889,-481.6555278716631,-886.7280508381817,32.39179112490212
2025-04-04,Q4-3 SEARCH,0.85,0.25,1199.9999999999998,14,1199.9999999999998,optimal,optimal,11117.474633428494,0.0,0.0,14,3977.249650667677,optimal,optimal,-39.008664861151004,0.0,121.51130490174047,0.7094430859168679,14,10287.943556991264,optimal,optimal,25.566985893439025,54.47955344744016,0.0,0.6192805849579917,14,9705.283347703453,optimal,optimal,339.6855961418097,260.7355266394858,0.0,0.4998240333546893,1200.0000000999999,1199.9999999999998,10433.76869831494,326.2439171740977,16.503235564069858,59.72249254414685,11503.441043146737,3,27850.716230450795,0,1.000043994281441e-07,optimal,optimal,optimal,11048.409901442848,-38.43086257953175,24.786324376542254,316.661015906672
2025-04-05,Q4-3 SEARCH,0.85,0.25,1200.0000000999999,14,1200.0000000999999,optimal,optimal,10979.511505161816,0.0,0.0,14,3281.684033580247,optimal,optimal,2.645036207724161e-07,5.308120023528318e-07,0.0,0.6762029553813047,14,10454.97217448343,optimal,optimal,6.204068352865592,12.648458525639112,0.0,0.599186518018132,14,9568.585455463395,optimal,optimal,400.70560590664695,283.3182920094495,0.0,0.504379573288567,1200.0000000999999,1200.0000000999999,10502.364865276564,406.90967452401617,299.0098074167005,861.8896125508365,12248.310792236669,11,27966.975739119633,0,1.00000761449337e-07,optimal,optimal,optimal,10751.584715425019,2.7391104340424565e-07,4.86493159094575,399.03209133645487
2025-04-06,Q4-3 SEARCH,0.85,0.25,1200.0000000999999,14,1200.0000000999999,optimal,optimal,40679.566278708975,0.0,0.0,14,9831.679140255674,optimal,optimal,-1214.5940504854227,65.77232492852659,4007.1934735610303,0.6695448291013596,14,7232.245124023542,optimal,optimal,60.70574746290053,219.4375058890796,1147.2540664281094,0.5999473299642929,14,9997.048958178226,optimal,optimal,-7.329789541736098,0.0,15.282362627918246,0.5095663463864637,1200.0000000999999,1200.0000000999999,10714.552198918967,-1161.2180925642583,18.302727883719175,59.99613628369442,39578.344322428406,2,38745.945495545355,0,1.0000030670198612e-07,optimal,optimal,optimal,39898.32678778723,-1236.906728826907,61.67597187450584,-7.2760461329415556
2025-04-07,Q4-3 SEARCH,0.85,0.25,1200.0000000999999,14,1200.0000000999999,optimal,optimal,35204.839152962944,0.0,0.0,14,9620.773700353204,optimal,optimal,655.4954265095794,514.7234712823049,0.0,0.6489355204906598,14,7759.020133655676,optimal,optimal,0.0,0.0,0.0,0.6085036587709575,14,10548.849861404713,optimal,optimal,148.77999581868923,77.63811605601006,0.0,0.504914426033732,1200.0000000525592,1200.0000000525592,10575.446250293602,804.2754223282686,83.43966538101867,243.62634921014381,36252.740924501355,5,38379.98944611937,0,1.0001531336456537e-07,optimal,optimal,optimal,35003.948684003655,692.3062686646641,0.0,142.256155556427
2025-04-08,Q4-3 SEARCH,0.85,0.25,1200.0000000525592,14,1200.0000000525592,optimal,optimal,41598.05983614148,0.0,0.0,14,9904.450275745116,optimal,optimal,-1235.9079578322894,55.99970035170421,3671.5894251103455,0.6734807836550142,14,7142.508380749776,optimal,optimal,-615.7522903260035,0.0,2321.9296007576795,0.5998208452657893,14,10590.115747667747,optimal,optimal,82.8329676091852,43.36962439030532,4.307014933147002e-06,0.5042844884466241,1200.0000000485838,1200.0,10732.641016485857,-1768.8272805491076,117.36529335407153,244.9167722479213,40074.14932784029,5,36591.65312080411,0,1.00000761449337e-07,optimal,optimal,optimal,42218.281107422925,-1296.908598629823,-684.8109632674034,78.68846974674136
2025-04-09,Q4-3 SEARCH,0.85,0.25,1200.0000000485838,14,1200.0000000485838,optimal,optimal,40544.80225068136,0.0,0.0,14,9900.966960028185,optimal,optimal,-28.714504107676746,0.0,72.51391483569937,0.6834713667078797,14,5233.317693855347,optimal,optimal,-44.11634138579889,3.154755096156957e-07,129.66816494538057,0.5804985346684775,14,10544.277401005842,optimal,optimal,176.7228281790097,94.81073163150597,0.0,0.503154632052482,1200.0000000548698,1200.0,10705.664182250408,103.89198268553406,93.59614724598428,299.0002323994073,40947.6944657663,5,37336.94867541797,0,1.0000121619668789e-07,optimal,optimal,optimal,40246.0777535137,-28.913150814391074,-41.540044873235,177.40328817300534
2025-04-10,Q4-3 SEARCH,0.85,0.25,1200.0000000548698,14,1200.0000000548698,optimal,optimal,39477.47473284202,0.0,0.0,14,9828.735620849577,optimal,optimal,-150.85207587745884,0.0,312.5071343807133,0.6968524037986352,14,6646.9963037963025,optimal,optimal,-734.0295610987457,0.0,1778.6699924131758,0.5851150357648676,14,10560.70308198165,optimal,optimal,212.44350396637572,131.6060442115455,0.0,0.5018979100426225,1208.3570989845507,1199.9999999999998,10658.97219492365,-672.4381330098289,24.516511540902822,74.70592337218001,38879.742523204375,3,37366.9301501256,0,1.0000030670198612e-07,optimal,optimal,optimal,39552.310833434414,-154.6570108509801,-705.5746479340617,211.41894374185216
2025-04-11,Q4-3 SEARCH,0.85,0.25,1208.3570989845507,14,1208.3570989845507,optimal,optimal,10441.02713165028,0.0,0.0,14,2889.8560783333337,optimal,optimal,84.98472499230654,89.66293780555372,-2.2737367544323206e-13,0.6406059088795468,14,10530.196459943312,optimal,optimal,7.323940799692198e-08,2.6828419477379206e-07,3.3121408760039687e-07,0.5893266957832822,14,9573.22075145011,optimal,optimal,392.18321471857746,303.23057909057314,0.0,0.5043051561119479,1200.000000075663,1200.0,10530.196459943312,477.1679397841234,324.6499944775285,914.1691230692135,11832.364194503618,15,26988.339621816303,0,1.0000007932831068e-07,optimal,optimal,optimal,10168.622104544866,94.98544481180672,1.000009675067304e-07,393.248743121823
2025-04-12,Q4-3 SEARCH,0.85,0.25,1200.000000075663,14,1200.000000075663,optimal,optimal,11199.214954561561,0.0,0.0,14,3377.8142511747938,optimal,optimal,-285.84969910952947,0.0,977.3091319669666,0.6672594618968734,14,10241.033411658713,optimal,optimal,14.3936831719641,16.953449666564097,14.531560905042795,0.5893240458451492,14,9635.992168013778,optimal,optimal,376.14667209481854,291.4027540158927,0.0,0.5037448283990364,1200.0000000477894,1200.0000000477894,10530.93664949526,104.69065615725316,110.50036102388059,318.6690457541365,11622.57465647295,5,24770.908937123815,0,1.0000030670198612e-07,optimal,optimal,optimal,11538.25123315116,-290.4776506510387,15.610579411164128,389.8894369478333
2025-04-13,Q4-3 SEARCH,0.85,0.25,1200.0000000477894,14,1200.0000000477894,optimal,optimal,37898.889699721396,0.0,0.0,14,9967.8,optimal,optimal,-806.7824783119967,0.0,2489.9926991428792,0.6936873228154161,14,6450.95978221401,optimal,optimal,184.14560593079935,161.5287808950468,240.01201702588776,0.590654658396544,14,10466.108329983415,optimal,optimal,456.5520894502309,269.1298634458672,0.0,0.4988526446594867,1207.7932083099251,1200.0,10800.0,-166.08478293096647,619.3535248177404,2748.438239627808,40481.24315641824,19,36231.71302944781,0,1.0000292149925372e-07,optimal,optimal,optimal,37365.11454785365,-810.5510736591976,185.92493930921165,470.1036907675871
2025-04-14,Q4-3 SEARCH,0.85,0.25,1207.7932083099251,14,1207.7932083099251,optimal,optimal,39813.492348886146,0.0,0.0,14,9522.074466574075,optimal,optimal,-2304.0637361459358,0.0,7175.260671591704,0.6787565671771497,14,6807.802484044369,optimal,optimal,-417.72118118601963,0.0,1197.6284843648486,0.6081907264652692,14,10420.684897418021,optimal,optimal,525.5853116923878,336.4149806651951,0.0,0.5022004431023772,1200.0,1200.0,10441.792037483287,-2196.199605639568,357.54840769832356,1738.8650639483408,39356.15780719492,18,36851.59265663096,0,1.0000030670198612e-07,optimal,optimal,optimal,39917.05474920233,-2454.3826768641893,-436.57020228366383,526.3145744745282
2025-04-15,Q4-3 SEARCH,0.85,0.25,1200.0,14,1200.0,optimal,optimal,33989.04269791056,0.0,0.0,14,9319.5025,optimal,optimal,1801.8603347274925,2021.5036591947214,0.0,0.6631824258594174,14,8167.099521137603,optimal,optimal,-249.6426042163269,0.0,918.4756024805033,0.6042793466045485,14,10307.048355325647,optimal,optimal,732.5245848148411,372.97470219243024,5.607083333333435,0.5028888103214648,1200.0000000999999,1200.0,10800.0,2284.742315326007,216.23778175902288,893.2645057637013,37167.04951900027,9,35874.94339428499,0,1.0000803740695119e-07,optimal,optimal,optimal,34147.73780072184,1905.3934090552548,-257.14046759442175,675.4504321265255
2025-04-16,Q4-3 SEARCH,0.85,0.25,1200.0000000999999,14,1200.0000000999999,optimal,optimal,37902.82002502319,0.0,0.0,14,9787.435829166669,optimal,optimal,1307.729539518773,1043.4558157813942,0.0,0.6460894092234675,14,6647.756556631516,optimal,optimal,-182.4356027092168,0.0,492.3793775041882,0.5905654569337081,14,10646.64143725093,optimal,optimal,116.98466484576618,64.48171725783698,8.966163572232972,0.5115926708380105,1200.0000000498032,1200.0000000498032,10657.595065238369,1242.2786016553225,47.86563333582065,106.34740166939903,39251.44602834791,2,36340.62436044061,0,1.0000803740695119e-07,optimal,optimal,optimal,37514.896189774256,1303.1849973954113,-173.5320628288722,117.15661301486536
2025-04-17,Q4-3 SEARCH,0.85,0.25,1200.0000000498032,14,1200.0000000498032,optimal,optimal,34779.53346014065,0.0,0.0,14,7901.538071799917,optimal,optimal,1952.2858366152282,2770.119534445629,2.158940939504343e-05,0.6195968484936182,14,5425.278271644629,optimal,optimal,-28.29294473089719,7.160118123757222,154.71419351313017,0.6027059062547465,14,10523.102674554177,optimal,optimal,225.64192756607608,142.63801302637995,0.0,0.510166951221623,1200.0000000730274,1200.0,10555.719285665287,2149.634819450407,40.178419327521055,189.01904859368722,37118.187328184744,5,35721.06756797035,0,1.0000803740695119e-07,optimal,optimal,optimal,35244.90989185779,1954.7557418032727,-28.498872917721265,220.46032318891133
2025-04-18,Q4-3 SEARCH,0.85,0.25,1200.0000000730274,14,1200.0000000730274,optimal,optimal,10431.404669300842,0.0,0.0,14,2723.7574259259254,optimal,optimal,174.70661798096165,205.56673239703952,94.78685305490272,0.645089905047508,14,10159.729259501264,optimal,optimal,12.629797570183122,34.51636666666661,62.76812610309448,0.571131874574879,14,9748.334036029471,optimal,optimal,224.97570013908438,239.4997481178895,0.0,0.5112610386975741,1200.0000000999999,1200.0,10452.916276770211,412.3121156902291,40.25318000744912,82.18800186616554,10925.904786857236,5,26268.061555182452,0,1.00000761449337e-07,optimal,optimal,optimal,10328.548738710859,182.28087731184308,14.130083168152275,231.9778943895363
2025-04-19,Q4-3 SEARCH,0.85,0.25,1200.0000000999999,14,1200.0000000999999,optimal,optimal,10243.05465637261,0.0,0.0,14,3035.539405424714,optimal,optimal,-5.127709401525464,9.137294071707402,78.90334420439365,0.6319473992529635,14,10207.632976596884,optimal,optimal,267.4486325647409,300.74395865969143,0.0,0.5826997005768462,14,9681.158992396764,optimal,optimal,269.41953535599293,239.4461694526981,1.9529422027655983,0.5080215898416776,1200.0000000582345,1200.0000000582345,10400.424660544912,531.7404585192083,43.75022631148409,93.00627275841708,10867.801387650235,5,26091.395465321108,0,1.00000761449337e-07,optimal,optimal,optimal,9931.152537961032,-4.610787253095014,285.22692519546536,271.0423761517882
2025-04-20,Q4-3 SEARCH,0.85,0.25,1200.0000000582345,14,1200.0000000582345,optimal,optimal,34937.76747093431,0.0,0.0,14,9505.46906676046,optimal,optimal,62.730840949078356,62.475247871808506,128.0461514705845,0.6073341468644926,14,6055.371216945643,optimal,optimal,-174.9621253666854,0.0,625.8970325442656,0.6111158833352179,14,10663.08273773814,optimal,optimal,86.84732050017246,67.15265668563103,0.0,0.5132304054344883,1200.0000000484144,1200.0000000484144,10702.721125873079,-25.383963917434585,60.782491859820496,139.4958189888237,35051.8793260057,1,37074.10379758707,0,1.0000803740695119e-07,optimal,optimal,optimal,35097.194148218776,59.11421155225597,-173.4830550768345,86.54067693938765
2025-04-21,Q4-3 SEARCH,0.85,0.25,1200.0000000484144,14,1200.0000000484144,optimal,optimal,36423.37485160143,0.0,0.0,14,8911.108226326285,optimal,optimal,-1639.5194524154851,0.0,6478.79865425173,0.6253216562577153,14,6513.838712079818,optimal,optimal,-359.34271010137707,0.0,1293.5985239832653,0.6007158765197587,14,10399.459381336728,optimal,optimal,482.3628959453904,282.5790817989949,0.0,0.5134253152998147,1200.0000000999999,1200.0,10448.796214670061,-1516.4992665714717,338.6596603964078,1422.7130171327867,36329.588602162745,15,36437.04948028788,0,1.0000803740695119e-07,optimal,optimal,optimal,36750.20174643696,-1841.1156797572335,-395.5369009406299,460.3575761708722
2025-04-22,Q4-3 SEARCH,0.85,0.25,1200.0000000999999,14,1200.0000000999999,optimal,optimal,33492.11744088701,0.0,0.0,14,9574.628456666675,optimal,optimal,1112.8582051818405,910.552581275401,0.0,0.6435025635047428,14,6856.705912993836,optimal,optimal,202.15227852084755,284.8476580232038,25.737874095495506,0.6296844276844874,14,10723.25883275198,optimal,optimal,54.58407433540517,31.5141193915332,16.353869638943547,0.5113693121866998,1200.000000052067,1200.000000052067,10742.785466056454,1369.5945580380933,331.34511150860646,1075.4864161774392,35937.19841510254,5,36625.61297666701,0,1.0001531336456537e-07,optimal,optimal,optimal,33184.83118222338,1139.6582181146664,176.60719871932065,56.265541988580594
2025-04-23,Q4-3 SEARCH,0.85,0.25,1200.000000052067,14,1200.000000052067,optimal,optimal,33084.548310068516,0.0,0.0,14,8605.259543252894,optimal,optimal,732.1278962276981,584.1864485888907,0.0,0.6652018081171397,14,5910.804434178821,optimal,optimal,1000.1074125978581,1611.705259013148,64.05421152263396,0.634829254027098,14,10418.449149093001,optimal,optimal,591.7232364091574,307.9943253469881,0.0,0.5036252860087479,1200.000000052386,1200.000000052067,10418.449149093001,2323.9585452347137,104.50089013550992,334.002834711358,35742.50969001459,5,35541.59941463916,0,1.0000053407566156e-07,optimal,optimal,optimal,32335.312072581684,780.51077586406,1079.878409443499,555.0067838262668
2025-04-24,Q4-3 SEARCH,0.85,0.25,1200.000000052386,14,1200.000000052386,optimal,optimal,34221.79687179079,0.0,0.0,14,9893.554425185192,optimal,optimal,-263.8507880675528,69.53476709158231,1814.077427571684,0.6912673015858386,14,7535.002223888896,optimal,optimal,207.90968563221384,182.36901100012295,226.47837012660787,0.6520926938239926,14,10667.545130160275,optimal,optimal,81.12907101332793,46.60314160870716,18.41253404423867,0.5028857172901148,1200.0000000730033,1200.000000052386,10682.845555131993,25.18796857798897,26.55119302164178,40.410915778940605,34287.39575614772,1,33612.951305988565,0,1.0000803740695119e-07,optimal,optimal,optimal,33843.35910868019,-252.4116858375363,197.20815372683543,77.02477293131881
2025-04-25,Q4-3 SEARCH,0.85,0.25,1200.0000000730033,14,1200.0000000730033,optimal,optimal,10204.734818112345,0.0,0.0,14,2899.1532276763537,optimal,optimal,83.15918294186196,87.35688338623594,42.39129774459704,0.6817311944384786,14,10583.307243797435,optimal,optimal,-143.783140900293,0.0,465.74072326493456,0.6363749218033539,14,9865.399577562888,optimal,optimal,224.09599250529735,180.39202931447656,0.0,0.49178572554188016,1212.079500036045,1199.9999999999998,10583.307243797435,163.4720345468663,135.665390279829,439.95673325835673,10808.16358591757,7,26215.47192301406,0,1.0000258043874055e-07,optimal,optimal,optimal,10252.479069945113,77.74945459162426,-137.5604984948089,206.11752833272683
2025-04-26,Q4-3 SEARCH,0.85,0.25,1212.079500036045,14,1212.079500036045,optimal,optimal,9879.076808664337,0.0,0.0,14,2291.2507894326272,optimal,optimal,4.949255186673441e-07,1.138545016488024e-06,0.0,0.68235784829596,14,10188.798868182312,optimal,optimal,69.51668437495319,73.47647111107219,7.054077503526486,0.6546457848793954,14,9755.807853498689,optimal,optimal,303.81863609837063,249.10957121040605,0.0,0.48895997035494543,1200.0000000520913,1200.0,10413.195983128318,373.33532096824933,118.18261856794324,249.70172660135086,10502.113856233937,6,25983.120501791942,0,1.000043994281441e-07,optimal,optimal,optimal,9760.618868826208,6.12256638183533e-07,60.92116745431658,263.11388738961784
2025-04-27,Q4-3 SEARCH,0.85,0.25,1200.0000000520913,14,1200.0000000520913,optimal,optimal,32330.442849830684,0.0,0.0,14,8241.191820895012,optimal,optimal,178.49638283586242,262.4725512738644,717.3524578925624,0.6685449852451066,14,6371.773214715613,optimal,optimal,-11.552954440299429,148.03683546955415,712.8275693006568,0.6363660385418936,14,9675.75761389033,optimal,optimal,753.9033440434495,400.45918059931194,0.0,0.48601436749670646,1200.0000000494706,1200.0000000494706,10359.565947223662,920.8467724390125,785.4119102106754,3071.3888628948243,36322.67848516452,16,35738.463751061034,0,1.0000360362028005e-07,optimal,optimal,optimal,32666.758571383325,146.68992168609128,-21.15212118357487,715.4152723396547
2025-04-28,Q4-3 SEARCH,0.85,0.25,1200.0000000494706,14,1200.0000000494706,optimal,optimal,40446.63076851897,0.0,0.0,14,9360.092719175624,optimal,optimal,-415.4872792645643,61.75120392765825,1434.110285141111,0.6360380262969082,14,6142.221115011031,optimal,optimal,-209.0346456926499,19.64081782565256,746.5916329900369,0.6472560070857856,14,10569.06575940609,optimal,optimal,282.1325204095746,158.55777886566287,27.85322758588181,0.49128042178914716,1200.0000000500838,1200.0000000494706,10786.711739999997,-342.3894045476396,43.92416677478709,94.9076514628241,40199.14901543415,2,38276.13465903346,0,1.0000030670198612e-07,optimal,optimal,optimal,38796.707492694004,-364.5678056870062,-193.5033927701823,291.0609726531001
2025-04-29,Q4-3 SEARCH,0.85,0.25,1200.0000000500838,14,1200.0000000500838,optimal,optimal,33175.7358947244,0.0,0.0,14,6519.467304735186,optimal,optimal,-459.90795515005186,162.80440085114617,3390.2736299440226,0.5976011825390406,14,6787.407813699349,optimal,optimal,-7.297260635756658,47.26305288813734,257.37917559080165,0.6543095372023991,14,10463.669303700062,optimal,optimal,434.05147317817085,293.9657073158218,40.10142171512791,0.4937930323404398,1212.0548350831991,1200.0,10505.057480366726,-33.15374260763764,292.9270766877839,1443.61604141248,34586.19819352924,6,32461.27807439083,0,1.0000803740695119e-07,optimal,optimal,optimal,33366.421831178886,-504.1995559443486,-14.185410872541414,416.1205884720357
2025-04-30,Q4-3 SEARCH,0.85,0.25,1212.0548350831991,14,1212.0548350831991,optimal,optimal,31851.625133932874,0.0,0.0,14,7417.409712161952,optimal,optimal,-166.93198368655953,0.0,675.1992270480213,0.5740318658404769,14,5482.1690397545435,optimal,optimal,-46.54778423060034,0.0,94.60756541353214,0.67107790681695,14,10375.172461663986,optimal,optimal,617.6980268095701,376.59998675024053,0.0,0.4975611829940708,1200.0000000496696,1200.0,10418.49327140174,404.2182588924103,199.67663768108275,752.165494708727,33008.008887534015,10,32752.25137604419,0,1.000021541130991e-07,optimal,optimal,optimal,32394.22245142707,-158.0964862962945,-44.490206955220614,567.9250773718309
2025-05-01,Q4-3 SEARCH,0.85,0.25,1200.0000000496696,14,1200.0000000496696,optimal,optimal,34332.90965468825,0.0,0.0,14,8158.8688397584265,optimal,optimal,322.6294994714916,645.2073543564057,1778.0828753613373,0.5620565283427029,14,6880.530477398853,optimal,optimal,-120.82347877786219,32.05615858783824,296.80655117878655,0.6419027216171779,14,10199.622172675621,optimal,optimal,843.8956326549464,464.6548833391231,0.0,0.50271368485792,1200.0000000616228,1200.0,10545.474751342217,1045.7016533485757,2407.4401661871534,11077.035424359648,46455.646732396475,27,35086.396843602895,0,1.0000121619668789e-07,optimal,optimal,optimal,33531.59509203368,257.47078782952957,-116.65892625512004,805.2655664843032
2025-05-02,Q4-3 SEARCH,0.85,0.25,1200.0000000616228,14,1200.0000000616228,optimal,optimal,11596.795506934755,0.0,0.0,14,3208.144201481482,optimal,optimal,-17.66905036671769,0.0,55.45946705905419,0.5564958485916337,14,9815.955118340147,optimal,optimal,-21.688354528399515,0.0,67.26920379959978,0.6609513899290419,14,9468.685282302791,optimal,optimal,689.4390834368193,502.86025696901294,0.0,0.5059890836015601,1200.0,1200.0,10056.868051434849,650.0816785417021,2150.163900578199,8216.835797604543,20463.712983081,29,25567.747362611677,0,1.000043994281441e-07,optimal,optimal,optimal,10936.502415524472,-16.860567465496366,-20.783391032935427,690.0782516808531
2025-05-03,Q4-3 SEARCH,0.85,0.25,1200.0,14,1200.0,optimal,optimal,11747.068404657253,0.0,0.0,14,3070.67623584936,optimal,optimal,5.1527933096021155,30.8823893725924,129.07528817420715,0.5394404610795432,14,9070.128113028946,optimal,optimal,241.81798243406132,200.3232576342133,0.0,0.6475721298297373,14,9026.297412178266,optimal,optimal,2047.4541552127043,1210.6253674725867,0.0,0.503318333021994,1406.131365398566,1200.0,9359.967494807275,2294.424930956368,879.7359825809392,4063.320177113085,18104.813512726705,12,22851.796074295955,0,1.0000269412557827e-07,optimal,optimal,optimal,11490.762062055555,8.91649689288213,244.15892935231022,2022.5994381570638
2025-05-04,Q4-3 SEARCH,0.85,0.25,1406.131365398566,14,1406.131365398566,optimal,optimal,37113.07425924955,0.0,0.0,14,8241.713495122516,optimal,optimal,-823.718170625757,0.0,3471.149778279665,0.5430646147471601,14,7456.87112979604,optimal,optimal,-420.7900053449132,0.0,1347.9191296264835,0.6401290513762119,14,8542.8542659559,optimal,optimal,3380.3045212115367,1830.7771926800076,0.0,0.5013300733504729,1241.9834999886682,1199.9999999999998,9557.313643270663,2135.7963452408667,1343.8752319380033,6217.242128068602,45466.11273255902,28,28763.76652474009,0,1.0000803740695119e-07,optimal,optimal,optimal,35740.55740040366,-718.285728669663,-417.372249826867,3250.9997142847774
2025-05-05,Q4-3 SEARCH,0.85,0.25,1241.9834999886682,14,1241.9834999886682,optimal,optimal,39209.4335070206,0.0,0.0,14,9960.016291111113,optimal,optimal,-638.3475773931681,0.0,1514.528589822387,0.5324815600799475,14,7207.902379946445,optimal,optimal,-272.40528215469874,27.410558333333313,1175.2704638263679,0.6431997159404194,14,8449.803835245371,optimal,optimal,3793.3519990193226,2050.587252213699,0.0,0.500828878493704,1449.5253008330226,1200.0,10683.460272592594,2882.5991394714556,620.097038474945,3121.545375262167,45213.57802175423,11,30234.069917020777,0,1.0000803740695119e-07,optimal,optimal,optimal,38135.62960332759,-616.8128769779726,-269.1714955748336,3646.5829817816702
2025-05-06,Q4-3 SEARCH,0.85,0.25,1449.5253008330226,14,1449.5253008330226,optimal,optimal,34074.14783513194,0.0,0.0,14,7017.8592615740845,optimal,optimal,1003.4195130207845,882.1787038196538,0.0,0.5646785068807457,14,5121.018105000001,optimal,optimal,1106.9623702948625,1260.8972491001487,0.0,0.6044219334885613,14,8652.629066282278,optimal,optimal,3481.793428016941,1861.9181004995464,0.0,0.5055075724842293,1219.280968920265,1200.0,8652.629066282278,5592.1753113325885,1867.1428949495703,9486.324795773317,49152.64794223785,27,30430.06869999069,0,1.0000803740695119e-07,optimal,optimal,optimal,32700.68960894467,949.8214317249037,1142.653734964178,3354.533355366885
2025-05-07,Q4-3 SEARCH,0.85,0.25,1219.280968920265,14,1219.280968920265,optimal,optimal,36982.85231244328,0.0,0.0,14,8831.1346732538,optimal,optimal,410.67069364505716,309.77682294815816,33.51438178807416,0.566875293551075,14,5242.103529550098,optimal,optimal,513.632202815998,818.3518299550432,37.735992628868075,0.5889126347063195,14,8751.180775924293,optimal,optimal,3484.2373717012497,1797.3572989125555,5.677741258653782,0.5070298171669906,1425.3585257415757,1200.0,10187.190951031576,4408.5402681623045,670.1616632704214,3966.9158172059383,45358.308397811525,13,33001.13087089875,0,1.0001531336456537e-07,optimal,optimal,optimal,35620.56072497117,391.83265499647723,584.1797025511759,3465.305264699625
2025-05-08,Q4-3 SEARCH,0.85,0.25,1425.3585257415757,14,1425.3585257415757,optimal,optimal,41476.30514860044,0.0,0.0,14,9766.141280791098,optimal,optimal,-804.2151815839156,138.54906895020332,3903.6350024168214,0.5851807619954906,14,6550.44833028365,optimal,optimal,353.6221383460008,367.43381393021554,249.5727482699782,0.5887850983901098,14,9138.612812103527,optimal,optimal,2871.8793873901805,1472.9628372854704,62.70379472288922,0.4990362085800908,1621.2451950409104,1246.4920963841964,10517.49914495009,2421.2863441522654,841.3935927845462,3383.6571029057986,47281.2485956585,14,31596.88583641938,0,1.0001531336456537e-07,optimal,optimal,optimal,40149.5656823542,-715.3784882505448,340.8366491970195,2851.1343272067693
2025-05-09,Q4-3 SEARCH,0.85,0.25,1621.2451950409104,14,1621.2451950409104,optimal,optimal,12865.332490263227,0.0,0.0,14,2611.914590967258,optimal,optimal,256.1400372322056,260.7389118561115,-2.2737367544323206e-13,0.5828378273268697,14,8809.420062255702,optimal,optimal,329.57660567835967,273.28068010875637,0.0,0.6106769077868192,14,10606.184084495902,optimal,optimal,255.0817924702597,185.24644473137556,80.54334285236081,0.5084599939648704,1209.2931305634067,1209.2931305634067,10606.184084495902,840.7984353808249,9.523977734569141e-07,1.5999800726629478e-06,13706.13092724403,0,25761.536190573825,0,1.00000761449337e-07,optimal,optimal,optimal,12432.841920252507,249.42432964461597,331.9016981601983,249.30020177711788
2025-05-10,Q4-3 SEARCH,0.85,0.25,1209.2931305634067,14,1209.2931305634067,optimal,optimal,13260.601283523236,0.0,0.0,14,3017.681358684068,optimal,optimal,452.92888896446163,486.65066418931985,-2.2737367544323206e-13,0.6124674265745421,14,8725.039310413273,optimal,optimal,101.53384453024148,114.48123822533185,3.410605131648481e-13,0.6135156098982888,14,9156.156148799177,optimal,optimal,2371.882561223268,1444.22778641594,70.50361533423899,0.5174193229173041,1200.0000000514162,1200.0000000514162,9174.72041071803,2926.3452947179712,192.62196830071105,507.18376715446743,16694.130345395675,5,23829.55158899555,0,1.0000258043874055e-07,optimal,optimal,optimal,12604.703465728244,481.9187654255518,111.91854161180594,2456.0289618087686
2025-05-11,Q4-3 SEARCH,0.85,0.25,1200.0000000514162,14,1200.0000000514162,optimal,optimal,39901.27468819865,0.0,0.0,14,9676.357444042947,optimal,optimal,74.97136301336059,493.4828345680512,2014.8128313583302,0.6128798386458739,14,6853.516888084837,optimal,optimal,87.33385055932585,211.19138128209158,1013.8425713179497,0.6064088480203318,14,9142.073404435378,optimal,optimal,2880.3326626663975,1476.0175067007922,68.74996848595727,0.5179237835685995,1496.9278716892663,1200.0,10356.964119923872,3042.637876239084,569.903241017599,3322.5375743850245,46266.45013882276,13,30832.15149655376,0,1.0001156169892056e-07,optimal,optimal,optimal,38976.70308212774,104.5874004496332,115.19374352008823,2854.1293645295937
2025-05-12,Q4-3 SEARCH,0.85,0.25,1496.9278716892663,14,1496.9278716892663,optimal,optimal,35818.5230299761,0.0,0.0,14,9256.600439432641,optimal,optimal,2096.941621311734,1830.556078863102,0.0,0.6222051305743269,14,7672.496689694801,optimal,optimal,110.66109096955414,123.22460887040813,246.05063175373087,0.6042043258947416,14,9129.468474300584,optimal,optimal,2866.3344839522465,1511.904882734971,61.79957184787281,0.5147239641943456,1614.853090361093,1200.0000000165617,10570.76927272146,5073.937196233534,383.4521714114413,1939.973631634155,42832.43385784379,6,28211.362946829267,0,1.0000803740695119e-07,optimal,optimal,optimal,35145.05810257011,2022.322361114895,122.67594083735605,2750.157305102707
2025-05-13,Q4-3 SEARCH,0.85,0.25,1614.853090361093,14,1614.853090361093,optimal,optimal,40955.60070239256,0.0,0.0,14,9962.79606602778,optimal,optimal,-1080.6598372968228,412.83140902392336,5306.74871982193,0.6096449450743807,14,6638.317347770699,optimal,optimal,188.77309727392642,288.99980108403565,757.5649686343361,0.6109347968771492,14,9017.939363283913,optimal,optimal,2994.464102340523,1551.3613213666897,64.15204559131243,0.5129126391594787,1526.3385163174912,1200.000000016472,10762.210995000001,2102.5773623176265,382.9207301205422,1943.1805340904239,45001.358598800616,15,29835.799455480334,0,1.0000363204198948e-07,optimal,optimal,optimal,39896.61878344481,-940.9017998087614,217.64263241618593,2977.9099315611384
2025-05-14,Q4-3 SEARCH,0.85,0.25,1526.3385163174912,14,1526.3385163174912,optimal,optimal,39855.58060117153,0.0,0.0,14,9812.974898815737,optimal,optimal,-32.855894188830476,0.0,96.4340693586853,0.6287185154858466,14,5407.720102194324,optimal,optimal,-616.071923415914,0.0,1834.7387129929223,0.5923866460924188,14,9212.676760390881,optimal,optimal,2584.08480290965,1380.2220288701642,2.328982462180147,0.5051761010413914,1465.8386266926352,1205.8898836533044,10540.57902222736,1935.1569853049057,6.871965556157929e-07,2.2999833924844655e-06,41790.73758877642,0,29929.500687933225,0,1.0000373947998919e-07,optimal,optimal,optimal,39745.24734978107,-30.582428181783026,-619.129101839252,2627.1709930893244
2025-05-15,Q4-3 SEARCH,0.85,0.25,1465.8386266926352,14,1465.8386266926352,optimal,optimal,41252.95256538592,0.0,0.0,14,9891.230597812617,optimal,optimal,262.0089218750656,326.0764152723599,0.0,0.5880965951884245,14,7562.109149888587,optimal,optimal,-772.6529253283444,0.0,2309.5484334431267,0.6413907975808933,14,9261.916192053097,optimal,optimal,2490.931060406946,1340.5044904796277,0.0,0.5023496857229169,1459.8891586100249,1446.9768439019895,10655.290574548062,1980.2870569536672,4.3104160605340366e-07,9.999831568591735e-07,43233.23962333957,0,30296.25163925122,0,1.0001213013310917e-07,optimal,optimal,optimal,41172.774806881454,250.4359191514592,-766.3878212445352,2541.387457788192
2025-05-16,Q4-3 SEARCH,0.85,0.25,1459.8891586100249,14,1459.8891586100249,optimal,optimal,13561.13639536923,0.0,0.0,14,2226.6153798033492,optimal,optimal,-8.243288923363,0.0,29.05239271822802,0.5807333829636694,14,8459.58730484476,optimal,optimal,-126.69476190675496,0.0,359.71367152129574,0.6697991599322327,14,10020.419975181292,optimal,optimal,1101.559240412677,658.7833743126134,1.1368683772161603e-13,0.49022271234302023,1200.000000053035,1200.0,10020.419975181292,966.6211895825589,85.27447099044103,144.01406201946833,14671.771646971258,3,21037.234917819445,0,1.000012680378859e-07,optimal,optimal,optimal,13709.017609076462,-8.537390155878601,-120.60457736744303,955.4660857599888
2025-05-17,Q4-3 SEARCH,0.85,0.25,1200.000000053035,14,1200.000000053035,optimal,optimal,13687.492703044605,0.0,0.0,14,1856.6536345503143,optimal,optimal,31.56733111088938,53.90301014746325,53.36559844805659,0.5642788474441499,14,8511.571385840878,optimal,optimal,-10.07859820706794,4.073138159820019,47.08684612954525,0.6626488208544578,14,9196.687703311185,optimal,optimal,2451.00126332497,1467.926977411086,0.0,0.47940430771132864,1200.000000049537,1200.000000049537,9196.687703311185,2472.4899962287914,298.78892931390317,935.6433692759117,17095.626068549307,5,21084.990914300568,0,1.0002941053244285e-07,optimal,optimal,optimal,13724.70819163006,31.38144610547225,-9.050431829669709,2416.293107278816
2025-05-18,Q4-3 SEARCH,0.85,0.25,1200.000000049537,14,1200.000000049537,optimal,optimal,43188.10991766629,0.0,0.0,14,9663.916273515242,optimal,optimal,-764.7171295006137,84.59674451398985,3318.5012126241636,0.5552544511539624,14,5835.195440249103,optimal,optimal,-79.02689764859358,15.013495908438813,324.8337846589866,0.6579382952051857,14,9415.742792958208,optimal,optimal,2238.5670506239508,1129.7111702811658,0.0,0.4951790349470917,1651.4716161082406,1200.000000049537,10390.158770428821,1394.8230234747434,1.922933926558416e-07,4.0000423584846675e-07,44582.93294154104,0,30604.533600843657,0,1.0001031114370562e-07,optimal,optimal,optimal,43133.21210166476,-740.0366310990869,-69.79576160094025,2227.4156108005104
2025-05-19,Q4-3 SEARCH,0.85,0.25,1651.4716161082406,14,1651.4716161082406,optimal,optimal,38293.853127249255,0.0,0.0,14,10032.563284047645,optimal,optimal,-613.9322431168956,0.0,3451.198366189819,0.57627531086384,14,8654.038075673876,optimal,optimal,382.0911630123363,335.9062835010883,51.011624933886985,0.6551490172527845,14,9492.053574067495,optimal,optimal,2182.1057290945355,1112.1831922256383,0.0,0.4869027646502461,1647.9917866459982,1400.8950552825145,10746.359648207916,1950.2646489899762,8.232500429047603,57.45050244998288,40301.568278689214,1,28771.822616503407,0,1.0002258932217956e-07,optimal,optimal,optimal,38789.87552369639,-802.7685950102168,360.47817743454544,2062.5749881256093
2025-05-20,Q4-3 SEARCH,0.85,0.25,1647.9917866459982,14,1647.9917866459982,optimal,optimal,38358.07401359251,0.0,0.0,14,10111.453851891862,optimal,optimal,223.9160067915599,252.24921254980225,232.94522782190998,0.5737972755335464,14,6819.230908075891,optimal,optimal,89.39936140715163,99.86819474818057,0.0,0.6409757704854452,14,9325.707004071353,optimal,optimal,2474.404491207542,1231.8076689727332,0.0,0.4864471924874341,1597.259363551315,1583.89661360723,10800.0,2787.7198594062534,77.22985564010786,286.32687118732747,41432.12074418608,4,28888.51181844728,0,1.0000104430218925e-07,optimal,optimal,optimal,38632.09371491013,209.67251299013628,71.8461844189106,2425.5896342298097
2025-05-21,Q4-3 SEARCH,0.85,0.25,1597.259363551315,14,1597.259363551315,optimal,optimal,36475.98853051173,0.0,0.0,14,6309.119735606842,optimal,optimal,710.0850288004629,686.1749123887465,0.0,0.5685082670468646,14,5108.266161471048,optimal,optimal,35.0692269841192,38.87485397097362,40.82625326908328,0.6532667259997932,14,9257.081336762349,optimal,optimal,1597.2310958827609,870.2491382951464,0.0,0.49013871318365915,1211.006999991496,1200.0000000490231,9257.081336762349,2342.385351667343,119.57888174184725,425.8779243796822,39244.25180655875,4,27726.604604163575,0,1.0002258932217956e-07,optimal,optimal,optimal,36220.00157279066,690.3739109974533,32.38699568750964,1642.907870498318
2025-05-22,Q4-3 SEARCH,0.85,0.25,1211.006999991496,14,1211.006999991496,optimal,optimal,36547.84783239695,0.0,0.0,14,8445.240395499564,optimal,optimal,-131.56345674883565,36.500505638889706,341.17718350283366,0.591923604047443,14,6665.284828832899,optimal,optimal,-291.30607288704107,0.0,587.4817282533611,0.6250893073790399,14,9705.277797169665,optimal,optimal,1492.6114560587798,797.303767609126,0.0,0.4967499063622417,1399.235874148053,1211.006999991496,9705.277797169665,1069.7419264229031,111.20297802692504,366.4252003841918,37984.01495920404,6,31108.512369375825,0,1.0000644579122309e-07,optimal,optimal,optimal,36779.23899206119,-130.52709296573923,-291.83880025151734,1457.087039782723
2025-05-23,Q4-3 SEARCH,0.85,0.25,1399.235874148053,14,1399.235874148053,optimal,optimal,12129.724823183984,0.0,0.0,14,2065.461093202051,optimal,optimal,-48.94592672696386,0.0,159.65951651248753,0.6286188202783171,14,9670.009919185983,optimal,optimal,131.22563101146753,191.3545158036162,0.0,0.5954141752638227,14,9655.622024795235,optimal,optimal,1340.5986756822567,877.7163824160066,0.0,0.5052994604995769,1495.5474483893001,1357.6232043131622,9808.682383847956,1422.8783799667603,1.8996816348792007e-07,2.999960434204695e-07,13552.60320345074,0,22512.936583708914,0,1.0092981028719805e-07,optimal,optimal,optimal,12148.956236349384,-50.41871721108448,126.48715579494805,1356.700775880161
2025-05-24,Q4-3 SEARCH,0.85,0.25,1495.5474483893001,14,1495.5474483893001,optimal,optimal,12980.248453997703,0.0,0.0,14,1818.970353370066,optimal,optimal,-151.65350770454953,35.42192163711904,554.1112471570781,0.6142470598441125,14,9142.669680037725,optimal,optimal,-108.9527792489508,0.0,266.7041187805537,0.5634376313290766,14,10316.178775477469,optimal,optimal,259.3301198866478,152.19536865469678,0.0,0.5062499574038256,1257.8219884020755,1251.653205221918,10330.98268299048,-1.2761670668525085,3.3046380474364627e-07,5.99997735163537e-07,12978.972287530847,0,22241.518412418485,0,1.000280462903902e-07,optimal,optimal,optimal,12869.378046153957,-166.59031116598135,-108.0038734499984,237.60366836617408
2025-05-25,Q4-3 SEARCH,0.85,0.25,1257.8219884020755,14,1257.8219884020755,optimal,optimal,36872.099805310725,0.0,0.0,14,10055.33750280864,optimal,optimal,-445.70120166618847,4.2510089315328514e-07,1977.2740218827055,0.6349394761297966,14,9205.179887290338,optimal,optimal,-65.20582368040338,0.0,107.59678286914595,0.5513013261352812,14,9582.010146921066,optimal,optimal,1696.6745031200462,897.720723730908,0.0,0.4863585004275528,1390.2191065487857,1239.102729142816,10769.845027499998,1185.7674777734544,25.42796972737047,125.36201239044223,38183.22929547462,4,28849.262323799016,0,1.0000105987728602e-07,optimal,optimal,optimal,36958.7911555778,-466.7084511700954,-61.27649608148185,1633.356466899023
2025-05-26,Q4-3 SEARCH,0.85,0.25,1390.2191065487857,14,1390.2191065487857,optimal,optimal,35725.92772345329,0.0,0.0,14,8215.466943467338,optimal,optimal,267.9640214750445,340.12817710577104,0.0,0.6219222320018284,14,3832.296290865376,optimal,optimal,1225.3915329495012,1575.2839091575834,0.0,0.5518940192800226,14,10035.994386001265,optimal,optimal,1108.1756679555313,553.1260497334295,0.0,0.4973434985470992,1409.8100575437352,1353.23378287644,10035.994386001265,2601.531222380077,88.92432640923145,295.1668655238543,38622.625811357226,5,33590.29224419618,0,1.0000712791224942e-07,optimal,optimal,optimal,35764.08726922014,215.2676079017986,1220.163275015379,1097.976067512287
2025-05-27,Q4-3 SEARCH,0.85,0.25,1409.8100575437352,14,1409.8100575437352,optimal,optimal,34158.34143658659,0.0,0.0,14,6415.543623250072,optimal,optimal,1449.9378058285909,2143.9211279041274,0.0,0.6357303952212594,14,5400.338450538654,optimal,optimal,-94.58486874980413,3.741729237450038e-07,498.5001463382039,0.5838652431269783,14,10005.94431059367,optimal,optimal,974.0702848197137,515.211769023745,0.0,0.4886651889197987,1333.868970716676,1333.868970716676,10056.424433340586,2329.4232218985003,228.83830274100438,498.2954041870936,36986.06006267218,1,31236.32160726565,0,1.0003395800595172e-07,optimal,optimal,optimal,33880.35374807482,1667.36918860444,-110.15567457193114,934.4873699054779
2025-05-28,Q4-3 SEARCH,0.85,0.25,1333.868970716676,14,1333.868970716676,optimal,optimal,38392.281183530176,0.0,0.0,14,9821.04772126543,optimal,optimal,-297.48094238002983,180.7376026953781,1829.5386661470918,0.5908321569580908,14,6504.521504742639,optimal,optimal,-527.4589437434497,60.49249598828453,2474.5399835444273,0.5951818170057571,14,10053.16121421749,optimal,optimal,400.6468332182552,269.8111694853093,0.0,0.4837875310871463,1200.0000000466168,1200.0000000466168,10518.115313858023,-424.2930529052243,0.42388907256128583,1.0103395770504655,37968.998470202,1,32957.95566048479,0,1.0002258932217956e-07,optimal,optimal,optimal,37484.722737143835,-252.7875526593474,-450.9562033447338,414.7383649706476
2025-05-29,Q4-3 SEARCH,0.85,0.25,1200.0000000466168,14,1200.0000000466168,optimal,optimal,37274.01659368621,0.0,0.0,14,9604.144940577673,optimal,optimal,386.76882037812544,434.1147395165567,51.864759129438426,0.5763922328316364,14,7496.17489907167,optimal,optimal,-549.5002420354637,24.303453517342746,2229.0719585047245,0.5866434162268607,14,10241.478733344931,optimal,optimal,776.7659140883993,413.65863995508073,0.0,0.48108784470784305,1247.678508153599,1200.0,10323.261914352954,614.0344924310612,440.371675056867,2082.6208159517246,39970.671902069,15,33895.52932219571,0,1.0000803740695119e-07,optimal,optimal,optimal,36582.8155373431,414.4491462344854,-607.3719400531534,758.2699319716075
2025-05-30,Q4-3 SEARCH,0.85,0.25,1247.678508153599,14,1247.678508153599,optimal,optimal,11557.306183612327,0.0,0.0,14,2250.707292749278,optimal,optimal,162.51577681182968,168.3844284630065,42.87237685615554,0.5411803619026859,14,10624.859295542148,optimal,optimal,56.496685346245634,48.80664186294328,0.0,0.5706245179616362,14,10261.683818476273,optimal,optimal,248.27227858494655,164.55152716508394,0.0,0.4741642960742968,1259.465023995951,1247.678508153599,10624.859295542148,467.28474074302187,1.411249300674006e-07,2.999992010723872e-07,12024.590924655347,0,23801.25103634905,0,1.6389094525948167e-07,optimal,optimal,optimal,11308.077659478142,151.16715254698988,56.706581307173856,255.59026716462031
2025-05-31,Q4-3 SEARCH,0.85,0.25,1259.465023995951,14,1259.465023995951,optimal,optimal,12287.108273260103,0.0,0.0,14,2869.1159823936314,optimal,optimal,-265.7765080876783,8.399092877331668,997.0295001303546,0.5552075506942729,14,10182.186938473767,optimal,optimal,-63.45630205678034,0.0,222.336687731615,0.605237812413648,14,10199.139235690562,optimal,optimal,360.52492838917516,244.85625601766233,0.0,0.48422532798077766,1200.0000000419445,1200.0000000419445,10512.899601991385,31.292118244716562,135.8188252691391,347.158538236541,12665.55892974136,2,24481.088111560406,0,1.000001930151484e-07,optimal,optimal,optimal,12631.879781725936,-263.8065310429801,-67.86050081017439,383.59471969050054
2025-06-01,Q4-3 SEARCH,0.85,0.25,1200.0000000419445,14,1200.0000000419445,optimal,optimal,52605.212990991175,0.0,0.0,14,8652.312705711918,optimal,optimal,-298.90528061482115,701.4524106747043,2622.3069310653013,0.5666485845600128,14,7455.441890752746,optimal,optimal,-1446.3960907414169,0.0,3474.4520439915636,0.6415188020531732,14,10341.601655921595,optimal,optimal,762.148165618747,383.67979527141296,22.187117376641254,0.4818533196753399,1200.0,1199.9999999999998,10364.161439277637,-983.1532057374909,4788.04354915173,22395.046601813916,74017.1063870676,47,39387.64030019801,0,1.0001531336456537e-07,optimal,optimal,optimal,46518.33884582335,-204.86182577963643,-1324.5732188074453,811.3083074887311
2025-06-02,Q4-3 SEARCH,0.85,0.25,1200.0,14,1200.0,optimal,optimal,53071.67278764793,0.0,0.0,14,8316.835659243126,optimal,optimal,-2208.737995516995,0.0,6296.40222338346,0.5870249423054743,14,5594.615218458134,optimal,optimal,-199.66363627347454,0.0,763.3615852308263,0.6439861693109434,14,8360.183343221592,optimal,optimal,792.6195828772015,393.10207250126126,0.0,0.48757590409122953,1200.0,1199.9999999999998,9076.224548132015,-1615.7820489132678,5064.396602185377,24312.78753534735,75768.67827408202,50,32694.36307768463,0,1.00000761449337e-07,optimal,optimal,optimal,47952.07216265361,-1921.2397633769679,-156.7644821429181,836.1747224283695
2025-06-03,Q4-3 SEARCH,0.85,0.25,1200.0,14,1200.0,optimal,optimal,49189.89447494308,0.0,0.0,14,8296.78586504904,optimal,optimal,2152.3089045782867,2018.5226060504765,899.1503820126954,0.600796204059773,14,7436.835757501415,optimal,optimal,249.99482426340828,261.06956187676894,416.7793701537853,0.623137584468961,14,8527.101993384369,optimal,optimal,3653.1998272278156,1867.5421647115436,0.0,0.49230641353782917,1250.8157201175752,1200.0,9077.951871970068,6055.5035560695105,87.58620297927563,458.03067311786424,55703.428704130456,5,30716.046303946012,0,1.00000761449337e-07,optimal,optimal,optimal,44915.065955115875,2189.4124149586246,256.5759182206376,3817.109109987553
2025-06-04,Q4-3 SEARCH,0.85,0.25,1250.8157201175752,14,1250.8157201175752,optimal,optimal,57563.531603016876,0.0,0.0,14,7775.806318744103,optimal,optimal,-3626.252856516438,0.0,9360.572648533986,0.5954185206083834,14,7507.635345970926,optimal,optimal,1888.9294350663286,1637.8891302071672,0.0,0.6221504156147986,14,8410.37253139935,optimal,optimal,3500.687536422671,1778.2082197791092,0.0,0.50561548891682,1267.684542777215,1200.0000000158177,9250.14757119872,1763.3641149725618,157.30762302086657,1030.3593062128637,60357.2550242023,4,30566.833035291824,0,1.0000803740695119e-07,optimal,optimal,optimal,52175.50134174582,-3346.0267840990336,1786.9040962053987,3661.5291846612326
2025-06-05,Q4-3 SEARCH,0.85,0.25,1267.684542777215,14,1267.684542777215,optimal,optimal,49130.51350043362,0.0,0.0,14,8063.949928933055,optimal,optimal,1618.1013479695364,1507.3389767878089,431.0349305467279,0.6271448997395878,14,5178.721547875743,optimal,optimal,3274.766298673123,2631.697721089215,0.0,0.6119180322598419,14,8253.923280876195,optimal,optimal,3721.3373733972803,1920.2049805068239,0.0,0.5039157795352526,1200.0000000510138,1200.0000000160592,8757.896225229351,8614.205020039939,711.8903007614996,4531.673994624306,62276.39251509786,11,32428.767106374653,0,1.0000098882301245e-07,optimal,optimal,optimal,44553.53190922574,1543.0695603459938,2781.1441480293165,3978.4072238540375
2025-06-06,Q4-3 SEARCH,0.85,0.25,1200.0000000510138,14,1200.0000000510138,optimal,optimal,18919.375271715835,0.0,0.0,14,2827.0961429591725,optimal,optimal,-31.24464540510741,37.35482225483429,174.97709780934764,0.6491237145562508,14,6882.5149874181125,optimal,optimal,-214.19795513065884,0.0,609.9799516009325,0.6193737432473572,14,8671.859597051243,optimal,optimal,3372.1615019426195,1876.7326050948232,0.0,0.5068166741019111,1350.4779022679088,1200.0,8671.859597051243,3126.718901406853,2228.724690611278,8642.087510202626,30688.181683325314,20,22944.68056821716,0,1.00000761449337e-07,optimal,optimal,optimal,16741.604111924604,-32.16170452753502,-193.18840564507664,3741.0512161282977
2025-06-07,Q4-3 SEARCH,0.85,0.25,1350.4779022679088,14,1350.4779022679088,optimal,optimal,19273.14323597173,0.0,0.0,14,3490.764529881223,optimal,optimal,-606.6571097249744,27.857970462615242,3053.768591174712,0.630734207783951,14,7273.93128168811,optimal,optimal,390.12304562688377,336.4956838228378,71.36424749429455,0.619506135247758,14,8759.39068256206,optimal,optimal,3234.7452612423112,1797.1334162163287,37.159901952220345,0.5075122047091997,1418.5115943144342,1200.0,8759.39068256206,3018.2111971442205,1603.9563904456847,6251.918368166451,28543.2728012824,14,24201.938677440172,0,1.000043994281441e-07,optimal,optimal,optimal,16534.638734449214,-327.88800833247603,395.2679880075567,3599.0624009577164
2025-06-08,Q4-3 SEARCH,0.85,0.25,1418.5115943144342,14,1418.5115943144342,optimal,optimal,50306.610122472455,0.0,0.0,14,9485.28028430012,optimal,optimal,728.4367162018626,781.434443088536,239.07918714119802,0.6311028432083742,14,8201.081257650665,optimal,optimal,-127.96447152221864,0.0,493.5948756884037,0.5873036668672389,14,8846.143518844778,optimal,optimal,3436.915086661966,1740.135642172321,0.0,0.5185860629251362,1591.750710471392,1200.0000000220937,10174.33213615197,4037.38733134161,58.497963681628,319.096087732759,54663.09354154683,2,28735.394490671726,0,1.0000119459618873e-07,optimal,optimal,optimal,48437.329719684974,639.9321038108761,-126.43623936423832,3442.00759122264
2025-06-09,Q4-3 SEARCH,0.85,0.25,1591.750710471392,14,1591.750710471392,optimal,optimal,58277.113756784245,0.0,0.0,14,8845.726825181615,optimal,optimal,-911.9988497869135,0.0,1925.4510250210237,0.6421747253364459,14,8591.359440822365,optimal,optimal,-255.90408980771196,0.0,683.1978855260571,0.5550189168663944,14,9015.46183597581,optimal,optimal,3133.378218426961,1540.3587326854959,0.0,0.5076792954802422,1661.0100391918145,1200.0000000156838,9754.95645889933,1965.4752788323358,228.21846788040514,1609.5084789144516,61852.09751453104,3,30175.958955907714,0,1.0000053407566156e-07,optimal,optimal,optimal,54783.26486706838,-876.3930404683375,-253.93316610030297,3159.3983544195435
2025-06-10,Q4-3 SEARCH,0.85,0.25,1661.0100391918145,14,1661.0100391918145,optimal,optimal,53895.92645045403,0.0,0.0,14,9911.757520212148,optimal,optimal,568.2524100556416,378.4499211961913,0.0,0.6359704973850039,14,5158.394429732823,optimal,optimal,3450.080896129448,2875.9236366629293,0.0,0.5514512131454722,14,9247.59869042464,optimal,optimal,2784.5199163997313,1370.1666982718098,0.0,0.5001111296016376,1686.1580670003466,1395.7734071002565,10603.051662147547,6802.853222584821,5.262204813034564e-07,2.099984246234952e-06,60698.77967513884,0,34562.02248240149,0,1.0000491694377338e-07,optimal,optimal,optimal,50681.73078534522,528.8769412443055,2966.4461099298655,2904.3363057245565
2025-06-11,Q4-3 SEARCH,0.85,0.25,1686.1580670003466,14,1686.1580670003466,optimal,optimal,58672.39200028672,0.0,0.0,14,10022.051175480336,optimal,optimal,937.3885571182966,969.5899594290775,194.09772853359425,0.6599042917744563,14,4554.814404909679,optimal,optimal,1556.1926194765363,1309.7337711145833,3.012971466089084,0.5395194116416968,14,9305.829818788008,optimal,optimal,2641.6955684258714,1284.9564176977442,0.0,0.48826100731901323,1619.3985480683673,1200.0,10746.139601406261,5135.276745020705,441.79024506449076,2262.851052207072,66070.5197975145,7,38342.71803295068,0,1.000040200170811e-07,optimal,optimal,optimal,55543.180508891106,839.6290562357714,1354.207347515854,2761.42853860586
2025-06-12,Q4-3 SEARCH,0.85,0.25,1619.3985480683673,14,1619.3985480683673,optimal,optimal,57110.477565133435,0.0,0.0,14,10038.67640462963,optimal,optimal,511.4005246230871,579.8783250856961,7.413999666667678,0.6301193606221761,14,6612.978765814005,optimal,optimal,203.32387902333548,183.01790414795414,2.6628406222814647,0.5744243290526387,14,9243.024905568825,optimal,optimal,2820.535939962904,1375.871757803125,0.0,0.5018332704546623,1573.3283368346752,1426.8230796995697,10790.359275,3535.260343609327,4.62232169397719e-07,1.8000051806032044e-06,60645.73791054277,0,35698.42277795715,0,1.000009567633242e-07,optimal,optimal,optimal,54775.602421251446,462.10368451462693,156.6739732263037,2804.4863415125146
2025-06-13,Q4-3 SEARCH,0.85,0.25,1573.3283368346752,14,1573.3283368346752,optimal,optimal,19736.868106531212,0.0,0.0,14,4208.182909280235,optimal,optimal,-216.5918537444474,8.22883501099659,717.3403375476904,0.6242399681456574,14,7071.607811011027,optimal,optimal,183.8474883973585,137.7806254776134,0.0,0.5669753230324613,14,8778.448340609833,optimal,optimal,3219.9207854140236,1821.8412355733499,10.984747054200398,0.5099189288390025,1630.2520063679228,1200.0000000172522,8778.448340609833,3187.1764200669345,1267.690867100081,4824.576349765426,27748.620876363573,11,20473.429448259452,0,1.000059910438722e-07,optimal,optimal,optimal,19114.9802349197,-209.90931887872347,192.10288782145022,3351.004326871991
2025-06-14,Q4-3 SEARCH,0.85,0.25,1630.2520063679228,14,1630.2520063679228,optimal,optimal,20514.40420387542,0.0,0.0,14,3549.2500753788313,optimal,optimal,58.46653123229278,50.65623780635798,0.0,0.6235149057632725,14,6931.19824568314,optimal,optimal,-177.54426970843096,18.125163740481867,566.0916557895134,0.5762993327995513,14,8805.89944750373,optimal,optimal,3095.288324458389,1757.171945404058,6.7875270742349585,0.5132157683447175,1200.0000000999999,1200.0000000999999,8887.404303031715,2976.210585982251,1055.127674442337,3696.341581818814,27186.956371676486,7,20423.127579166947,0,1.000043994281441e-07,optimal,optimal,optimal,18862.5422402108,51.519748687986905,-160.69199326318983,3212.4540478143954
2025-06-15,Q4-3 SEARCH,0.85,0.25,1200.0000000999999,14,1200.0000000999999,optimal,optimal,56052.34320994304,0.0,0.0,14,10076.556560929577,optimal,optimal,2578.5691075520153,2954.9070493901763,15.177589255901353,0.6146972657557176,14,5727.945115397379,optimal,optimal,2417.854238529222,2096.0975030127074,38.34592809794299,0.5517131793820905,14,9314.185866575277,optimal,optimal,2593.721536261511,1246.5232781925522,0.0,0.5184838190839023,1501.0096039420457,1200.0000000999999,10761.656560929578,7590.144882342749,4.3545014219015565e-07,1.7999441081311207e-06,63642.48809408573,0,35810.63869566703,0,1.0000803740695119e-07,optimal,optimal,optimal,55483.63013805584,2686.383512063592,2448.262169123959,2563.8191876334267
2025-06-16,Q4-3 SEARCH,0.85,0.25,1501.0096039420457,14,1501.0096039420457,optimal,optimal,58673.97564750218,0.0,0.0,14,9946.873383713913,optimal,optimal,1898.006730635364,2025.9098231691357,0.0,0.6193389243829498,14,5140.972302138629,optimal,optimal,1552.8322625508135,1170.4220461123873,2.28247452219307,0.5741348667196463,14,9281.451498875926,optimal,optimal,2715.127229914665,1344.7814096116545,0.0,0.513763216558851,1639.276276902982,1200.0000000219914,10767.3078775,6165.966223100842,217.07694595481664,1078.462323384579,65918.4041939876,3,35762.06392581961,0,1.0000308310132905e-07,optimal,optimal,optimal,58303.58608024032,1711.86010383348,1439.7662428565782,2733.1691074328483
2025-06-17,Q4-3 SEARCH,0.85,0.25,1639.276276902982,14,1639.276276902982,optimal,optimal,59656.10121888916,0.0,0.0,14,10046.22447925926,optimal,optimal,3115.2118256131143,2923.7941347633005,0.0,0.5949626481298967,14,5786.087480408093,optimal,optimal,1408.3697354419485,1064.4678335557107,16.44368432317924,0.5631299982467897,14,9889.386868175608,optimal,optimal,1465.7716558764555,718.2296130287689,0.0,0.5658927919111729,1326.7989326963182,1286.873617783321,10740.51522,5989.353216931519,1.1907471343088037e-07,3.0002819479008214e-07,65645.45443612071,0,37387.639849661835,0,1.000018062491368e-07,optimal,optimal,optimal,58792.17453638207,2926.0064677319033,1142.2721777972204,1463.2778782019025
2025-06-18,Q4-3 SEARCH,0.85,0.25,1326.7989326963182,14,1326.7989326963182,optimal,optimal,60141.80212485744,0.0,0.0,14,10130.699302901232,optimal,optimal,3213.771066652948,3013.98057746583,0.0,0.6020235205475214,14,7403.984051506968,optimal,optimal,-383.6393638146831,0.07265339264202453,788.5884995124816,0.5498425464571668,14,9903.627154023616,optimal,optimal,1459.2988062668167,703.7658441592919,0.0,0.5630220884129864,1408.909429519242,1326.7989326963182,10800.0,4289.430509105081,8.089467172986751e-08,2.0001854219696297e-07,64431.23263416253,0,35539.586410370655,0,1.000444171950221e-07,optimal,optimal,optimal,59647.56327307601,2984.717417313414,-378.094773628344,1415.7557798826
2025-06-19,Q4-3 SEARCH,0.85,0.25,1408.909429519242,14,1408.909429519242,optimal,optimal,55435.296399844054,0.0,0.0,14,9999.739713925685,optimal,optimal,1537.2354173522795,1195.6406501639026,263.5315188261919,0.5577903607428186,14,7753.10532407973,optimal,optimal,1236.0694250461145,1016.1561713349444,0.0,0.5989886677092385,14,9206.756863702933,optimal,optimal,2690.299647195332,1334.147569750224,0.0,0.5464077990122872,1891.6492672233048,1408.909429519242,10715.129584256367,5463.604489593726,2.293459266972969e-07,7.999846287774669e-07,60898.90089023776,0,30015.166227645233,0,1.0005305739468895e-07,optimal,optimal,optimal,55890.31290771203,1581.2125408914671,1292.7172065269165,2660.893327702841
2025-06-20,Q4-3 SEARCH,0.85,0.25,1891.6492672233048,14,1891.6492672233048,optimal,optimal,21425.12724896628,0.0,0.0,14,4034.613696350684,optimal,optimal,-8.319083764013811,4.479420468384828e-07,14.39041531344003,0.578479287725168,14,7199.233817323688,optimal,optimal,-12.402435576075813,4.704216962636565e-07,26.296405193945475,0.5815499330392405,14,9236.065418521966,optimal,optimal,2152.1197896465064,1238.775159368262,0.0,0.5757366746932912,1847.6775195873481,1423.1053260802485,9236.065418521966,2131.3982703064166,3.466678847239801e-07,9.999855157171678e-07,23556.525520272684,0,20198.158486101434,0,1.0000053407566156e-07,optimal,optimal,optimal,21485.696984738974,-7.972061315907965,-11.149116467716478,2101.0901906628337
2025-06-21,Q4-3 SEARCH,0.85,0.25,1847.6775195873481,14,1847.6775195873481,optimal,optimal,20152.697119453704,0.0,0.0,14,3668.5955499143593,optimal,optimal,185.91816193394848,109.26016439727562,0.0,0.5927749342757916,14,7866.631745460751,optimal,optimal,-15.082138610270452,3.2567819823304107e-07,39.86765291601648,0.5738372418743976,14,10035.623303064216,optimal,optimal,1215.1556025456262,682.5196161020914,0.0,0.559413731876346,1378.5791352877557,1378.5791352877557,10035.623303064216,1385.9916258693042,2.9969669745228367e-07,7.000042476603811e-07,21538.688746023014,0,21996.005119889138,0,1.0006033335230313e-07,optimal,optimal,optimal,20517.686108046215,191.3074610328436,-14.850499621305982,1130.8111299691207
2025-06-22,Q4-3 SEARCH,0.85,0.25,1378.5791352877557,14,1378.5791352877557,optimal,optimal,52144.448156939776,0.0,0.0,14,10071.4200666581,optimal,optimal,932.8809562936499,713.0585286340346,0.0,0.5728972797433772,14,5939.219136987071,optimal,optimal,1129.5897242570509,1119.4088110934902,0.0,0.570835193695159,14,9544.868989203871,optimal,optimal,2168.225319776262,1054.3450071197394,0.0,0.555524516666299,1735.506474852715,1378.5791352877557,10719.35154813958,4230.696000326963,2.6768815664266806e-07,8.000116224549324e-07,56375.14415806675,0,34467.14591674649,0,1.0001076589105651e-07,optimal,optimal,optimal,51731.34712619373,928.8513482884557,1204.6304648584883,2127.7886966279293
2025-06-23,Q4-3 SEARCH,0.85,0.25,1735.506474852715,14,1735.506474852715,optimal,optimal,52506.883135370874,0.0,0.0,14,10108.193055555555,optimal,optimal,1476.4488933065677,1103.1742061535433,0.0,0.5478457584488032,14,7482.5012241943305,optimal,optimal,-122.54954264936609,0.0,304.9188377917923,0.5619297357762374,14,9636.533407732151,optimal,optimal,1293.248474710635,640.2995264019573,12.233140037088106,0.5720722180019336,1606.4465966780654,1577.4362632657164,10800.0,2647.147825367837,2.2989302206033046e-07,7.999944007773101e-07,55154.0309615387,0,32671.593798177677,0,1.0000301647457716e-07,optimal,optimal,optimal,53218.54716195204,1510.4088068510616,-124.49549989272973,1254.0921849570695
2025-06-24,Q4-3 SEARCH,0.85,0.25,1606.4465966780654,14,1606.4465966780654,optimal,optimal,62408.47475150134,0.0,0.0,14,9366.154033487652,optimal,optimal,-108.86055281640807,81.6518793742523,492.05906793013867,0.5532714297404863,14,6738.339957129627,optimal,optimal,-389.8710184270551,0.0,932.9804273863597,0.571298303327644,14,10402.503280409732,optimal,optimal,403.42218871407766,202.36255623379236,0.0,0.5349504933453456,1302.4929779240329,1302.4929779240329,10427.498283264305,-95.30938252938552,1.709289210600841e-07,3.9999986948793506e-07,62313.165369371956,0,39469.38183958431,0,1.0002258932217956e-07,optimal,optimal,optimal,61108.840785241424,-105.939912260722,-394.5190519768956,408.9283753378615
2025-06-25,Q4-3 SEARCH,0.85,0.25,1302.4929779240329,14,1302.4929779240329,optimal,optimal,52668.934147369015,0.0,0.0,14,10119.926502462062,optimal,optimal,1902.0937975662168,1802.8650581546779,969.1110938747781,0.5550212135591391,14,9158.159462495774,optimal,optimal,564.6570563275881,846.4434393144501,1521.760390242864,0.571904353746946,14,9880.48458555222,optimal,optimal,1526.5707738020883,796.2082598793661,0.0,0.4999812136413801,1763.5175402078967,1302.4929779240329,10791.142706165765,3993.3216276958933,2.253329307500982e-07,5.000033077822288e-07,56662.25577556491,0,33851.31382541283,0,1.0000143356660501e-07,optimal,optimal,optimal,52971.662310490174,1968.645664359067,605.7323521097961,1476.90791515509
2025-06-26,Q4-3 SEARCH,0.85,0.25,1763.5175402078967,14,1763.5175402078967,optimal,optimal,50075.20435594687,0.0,0.0,14,10098.600837499996,optimal,optimal,225.11236310998618,240.10262221830703,62.94838606932524,0.6154476994763852,14,7362.990743586986,optimal,optimal,1543.850617367903,1499.0001272938825,5.684341886080802e-14,0.5203880635663166,14,10244.05223823634,optimal,optimal,258.9544477177085,165.71315030305493,0.0,0.5057891811807994,1296.6914220572323,1295.2225448522336,10792.425837499997,2027.9174281955977,4.90328287695051e-08,1.0000279264147989e-07,52103.121784242474,0,32599.114064636557,0,1.0000803740695119e-07,optimal,optimal,optimal,50564.02907260776,259.03560921147005,1698.4591904381348,263.12028700306803
2025-06-27,Q4-3 SEARCH,0.85,0.25,1296.6914220572323,14,1296.6914220572323,optimal,optimal,18650.51237833256,0.0,0.0,14,3772.971290624383,optimal,optimal,-7.444789680812773,3.335450173835852e-07,28.84102416453868,0.6066326695946632,14,8552.423472478085,optimal,optimal,-220.30227641021327,0.0,755.9372879611172,0.5512498505646977,14,9865.10493483149,optimal,optimal,1076.3305930382783,625.958487995804,0.0,0.4697623913490641,1797.1839835221951,1296.6914220572323,9865.84717368074,848.5835269472523,1.611426250869639e-07,4.000001364872976e-07,19499.095905679813,0,22013.927805393443,0,1.0006192496803124e-07,optimal,optimal,optimal,19047.009703803942,-8.83212909693551,-232.5039048148548,1032.4595573090464
2025-06-28,Q4-3 SEARCH,0.85,0.25,1797.1839835221951,14,1797.1839835221951,optimal,optimal,17215.480818270094,0.0,0.0,14,2974.461675284004,optimal,optimal,0.0,0.0,0.0,0.6263606816706172,14,9819.293189343804,optimal,optimal,0.0,0.0,0.0,0.5493182795582746,14,10800.0,optimal,optimal,0.0,0.0,0.0,0.4702148716167222,1200.000000053049,1200.000000053049,10800.0,0.0,61.523333411149444,128.86062177816154,17344.341440048254,1,25262.335886049288,0,1.0000030670198612e-07,optimal,optimal,optimal,17317.719387884415,0.0,0.0,0.0
2025-06-29,Q4-3 SEARCH,0.85,0.25,1200.000000053049,14,1200.000000053049,optimal,optimal,48007.55577946432,0.0,0.0,14,9466.104210621712,optimal,optimal,1100.0435612834715,902.2711559424858,555.9595083674158,0.6246779494178623,14,6788.698045479651,optimal,optimal,1666.692457131367,1553.3702214601474,0.0,0.5793197463728676,14,10613.479079306311,optimal,optimal,5.412272064557477,4.512668581748436,12.143261728394055,0.4645075981095681,1300.2574810369683,1200.000000053049,10677.442065879857,2772.1482904793957,642.532751133258,2713.596468786068,53493.30053872978,13,35346.34377842485,0,1.000049678623327e-07,optimal,optimal,optimal,47492.868914568506,1123.4418625341195,1501.9432918329874,5.074712906454614
2025-06-30,Q4-3 SEARCH,0.85,0.25,1300.2574810369683,14,1300.2574810369683,optimal,optimal,52560.09732973965,0.0,0.0,14,9996.513009577162,optimal,optimal,-174.6577591647307,216.59701691429746,1048.885218625746,0.6433867460932854,14,7404.428298779325,optimal,optimal,-355.07289304563415,0.0,806.3116334853662,0.6233322134458623,14,10665.76366756454,optimal,optimal,-18.395576300527743,0.0,28.864365529477595,0.456541570106709,1200.0000000384869,1200.0000000384869,10800.0,-548.1262285108926,231.64911697888172,859.6505525713173,52871.62165380007,4,37278.30839980362,0,1.0001531336456537e-07,optimal,optimal,optimal,52791.488726103926,-166.67506439880145,-364.8815956183901,-18.754391147389526
2025-07-01,Q4-3 SEARCH,0.85,0.25,1200.0000000384869,14,1200.0000000384869,optimal,optimal,49739.922682943135,0.0,0.0,14,7785.630817067404,optimal,optimal,1915.2638574020548,1746.64186331065,0.0,0.6223888745227221,14,3945.3903556599607,optimal,optimal,1709.631295202772,1606.4871285674167,0.0,0.6339064583071483,14,10281.474333647466,optimal,optimal,422.3331473853907,285.1068289619145,0.0,0.4503187111115669,1200.000000040165,1199.9999999999998,10289.742358992493,4047.2282999902172,11569.59840921859,51822.54199009902,105609.69297303236,79,38330.40769552692,0,1.0001713235396892e-07,optimal,optimal,optimal,46000.01181936422,2079.4164180761663,1891.482070121279,386.3099977568419
2025-07-02,Q4-3 SEARCH,0.85,0.25,1200.000000040165,14,1200.000000040165,optimal,optimal,48875.7740526201,0.0,0.0,14,7506.654561728395,optimal,optimal,811.5932590799302,1000.9936799411123,0.0,0.6318581878861456,14,3156.8498700657756,optimal,optimal,643.7506080913132,797.7110930962517,0.0,0.6565159889571802,14,10216.930959994212,optimal,optimal,547.6686399464509,373.3541106985317,0.0,0.4807376963185259,1200.000000031392,1200.0,10216.930959994212,2003.0125071176942,9616.08733758689,45419.69979665872,96298.48635639652,76,35901.22740374871,0,1.0001531336456537e-07,optimal,optimal,optimal,43920.751728243355,1027.4578152463355,723.0632480787323,502.5929595987616
2025-07-03,Q4-3 SEARCH,0.85,0.25,1200.000000031392,14,1200.000000031392,optimal,optimal,64687.366301821865,0.0,0.0,14,9474.705627169224,optimal,optimal,2191.655633942389,1673.228626768905,0.0,0.6293130427185609,14,8422.651016899883,optimal,optimal,-758.6432702205065,0.0,2038.9852694062547,0.6484613479486222,14,9423.361103655281,optimal,optimal,2355.737845681989,955.6551648311073,-1.1368683772161603e-13,0.48495836823884836,1240.5236325114008,1200.0,10277.2267475,3788.7502094038714,656.6856135983276,3194.504107187027,71670.62061841275,21,37259.487679744365,0,1.0000803740695119e-07,optimal,optimal,optimal,57838.39333063506,2306.6064772281634,-766.2209184650211,2137.5230064470543
2025-07-04,Q4-3 SEARCH,0.85,0.25,1240.5236325114008,14,1240.5236325114008,optimal,optimal,23215.07414951948,0.0,0.0,14,2613.989753213981,optimal,optimal,389.58073141582616,366.1283363865883,0.0,0.6117813098637833,14,8941.453857391294,optimal,optimal,15.285242160184556,13.281769680181014,8.097686045591521,0.6291220723833791,14,8861.2868998729,optimal,optimal,3401.8694612894737,1642.167971032566,0.0,0.4768004473645112,1200.0000000457217,1200.0000000141745,8964.942478847206,3806.7354348654844,963.2831312226684,4969.282262207857,31991.091846592823,20,21478.718410637965,0,1.0000030670198612e-07,optimal,optimal,optimal,20324.29346520384,438.61938276513524,15.136490796728395,3170.0708681254105
2025-07-05,Q4-3 SEARCH,0.85,0.25,1200.0000000457217,14,1200.0000000457217,optimal,optimal,23480.2361096181,0.0,0.0,14,3203.6455405016745,optimal,optimal,-53.061010360862745,33.09955617147489,191.46304277216296,0.5799769342284965,14,7354.141969332892,optimal,optimal,252.44445792636978,265.47092475845227,0.0,0.62099626206334,14,8493.87000470719,optimal,optimal,4129.486146969229,1998.5828143626445,0.0,0.47722337628354167,1200.0000000419209,1200.0,8493.87000470719,4328.869594534735,2048.2104192774464,8114.731258245212,35923.83696239805,17,23472.02134845202,0,1.0000985639635473e-07,optimal,optimal,optimal,21019.05645264702,-50.55881350416336,254.80947480193424,3791.542422112511
2025-07-06,Q4-3 SEARCH,0.85,0.25,1200.0000000419209,14,1200.0000000419209,optimal,optimal,62848.783492699964,0.0,0.0,14,9777.820804963889,optimal,optimal,2528.2689494196475,2494.4101647742546,59.28849226957709,0.602757847203642,14,4042.4150863917894,optimal,optimal,3508.5567138884667,2678.108974954037,1.8779928136807484,0.6149385538492571,14,8962.863824800037,optimal,optimal,3756.3256213439226,1592.2727888285522,0.0,0.4995744855278361,1248.1223271953831,1200.000000012533,10584.660187643061,9793.151284652038,495.03649489614725,4224.034018789694,76865.9687961417,8,35548.390709263374,0,1.00000761449337e-07,optimal,optimal,optimal,56577.939414329514,2910.17420162403,3514.8406413376506,3546.2585104565683
2025-07-07,Q4-3 SEARCH,0.85,0.25,1248.1223271953831,14,1248.1223271953831,optimal,optimal,62146.02660290171,0.0,0.0,14,9347.31687283769,optimal,optimal,-1544.4739759220295,0.0,3547.3505797785133,0.5892678260807079,14,5804.273162055761,optimal,optimal,2143.571053947509,2084.743045284242,43.89731244320001,0.5702832642182791,14,8903.331467330812,optimal,optimal,3818.412149908682,1557.9314083187078,0.0,0.4902076745875216,1276.576867267196,1200.0000000130321,10059.514604279553,4417.509227934162,479.74253400239337,3652.8991294664725,70216.43496030234,6,33295.248175034416,0,1.0000121619668789e-07,optimal,optimal,optimal,56415.52876553456,-1684.0567290163751,2362.151382535559,3324.2765428325474
2025-07-08,Q4-3 SEARCH,0.85,0.25,1276.576867267196,14,1276.576867267196,optimal,optimal,71265.19413342635,0.0,0.0,14,9760.534016798363,optimal,optimal,-1709.8334129905902,99.98939368758943,4692.591835669358,0.6014441198810454,14,7234.639482152279,optimal,optimal,13.051770758905747,44.98429527292501,228.16393471723228,0.5318654791787983,14,8998.306657392452,optimal,optimal,3700.4839685804104,1529.2403886384743,0.0,0.4955390161746349,1905.0114343290059,1276.576867267196,10515.346516798363,2003.702326348726,3.828757623410918e-07,1.5000017092180409e-06,73268.89646127507,0,31376.421899691406,0,1.000014103738067e-07,optimal,optimal,optimal,69098.7824736447,-1887.5195766475297,-0.5082802232662189,3403.4819303446693
2025-07-09,Q4-3 SEARCH,0.85,0.25,1905.0114343290059,14,1905.0114343290059,optimal,optimal,70101.20060939655,0.0,0.0,14,9902.389665648147,optimal,optimal,-1410.5140861338562,22.455265047601983,3470.267042213114,0.604398050773774,14,8980.959121658532,optimal,optimal,-443.3052665425814,117.76459046128764,1937.8192066645015,0.520608619646706,14,8994.517499985148,optimal,optimal,3733.9510448152487,1528.5489497612211,0.0,0.5072446008422778,1860.6481533605809,1511.2761052957617,10625.266517499998,1880.131692138811,2.685000392957695,23.380981499964,72004.71328303532,1,30654.035368413588,0,1.0002986527979374e-07,optimal,optimal,optimal,67367.12458371512,-1513.8867302859176,-480.2498768779035,3420.9056168756106
2025-07-10,Q4-3 SEARCH,0.85,0.25,1860.6481533605809,14,1860.6481533605809,optimal,optimal,66385.94533900096,0.0,0.0,14,9958.200189259258,optimal,optimal,-511.80157161710474,196.04267610157584,2046.1087144012758,0.5934121845975558,14,4977.070155582119,optimal,optimal,1348.747604831637,1172.1289167604536,1.1368683772161603e-13,0.5607540624811105,14,8948.211678997264,optimal,optimal,3871.562108859382,1574.2756138878472,0.0,0.5070689334858468,1791.1401494046706,1278.6950967545743,10690.690929999999,4708.508142073914,5.160788719673329e-07,2.0999324499781785e-06,71094.4534831748,0,32839.30953075136,0,1.0003714123740792e-07,optimal,optimal,optimal,63232.1086561135,-534.1778706261574,1307.1436342044847,3524.9240580033716
2025-07-11,Q4-3 SEARCH,0.85,0.25,1791.1401494046706,14,1791.1401494046706,optimal,optimal,29392.70790408841,0.0,0.0,14,5910.5306874189755,optimal,optimal,-175.7633512047533,0.0,505.6330905463917,0.5926042405347488,14,6315.702222821464,optimal,optimal,-244.52508598382394,0.0,732.0783100507567,0.5693215717201286,14,8485.744524730613,optimal,optimal,4403.892810220128,1980.3285126699484,0.0,0.508539228862091,1427.1044678277278,1369.5405789423667,8485.744524730613,3983.604373031551,624.3614659157151,2437.6624612806413,35813.974738400604,13,19377.422894683572,0,1.0006738193624187e-07,optimal,optimal,optimal,27407.286296825907,-185.16973246741662,-274.2784831403037,4220.776283188419
2025-07-12,Q4-3 SEARCH,0.85,0.25,1427.1044678277278,14,1427.1044678277278,optimal,optimal,27822.47134319591,0.0,0.0,14,5112.985711179272,optimal,optimal,45.743235781108055,33.87634996989698,1.1368683772161603e-13,0.606576767075662,14,6810.915706289041,optimal,optimal,351.1899111196033,367.42390163915405,0.0,0.5806300519809174,14,8485.551831381,optimal,optimal,4461.705381731416,2018.45893402009,0.0,0.5085334659069823,1368.5519023641177,1368.5519023641177,8485.551831381,4858.638528632127,407.4239082129591,1682.0430384689198,34363.15291029696,6,20745.28641707117,0,1.0005146577896085e-07,optimal,optimal,optimal,26232.90784922922,45.37384809181716,365.1969890960182,4073.8408121622333
2025-07-13,Q4-3 SEARCH,0.85,0.25,1368.5519023641177,14,1368.5519023641177,optimal,optimal,68995.59372505019,0.0,0.0,14,9903.494704166667,optimal,optimal,-2480.456823029388,0.0,5873.724869208873,0.6267020258670438,14,7006.475482338368,optimal,optimal,-628.3289940950913,0.0,1385.8999080858468,0.5668323577579993,14,8973.516723225914,optimal,optimal,3702.4561824536027,1548.770064291946,0.0,0.4905380460918264,1656.4589245558514,1200.0000000129157,10639.140537500001,593.6703653291233,92.3916180429475,794.8450886427905,70384.1091790221,1,30142.402510850996,0,1.0001531336456537e-07,optimal,optimal,optimal,68291.05952363141,-2655.298698662911,-648.8411688345814,3296.958861827523
2025-07-14,Q4-3 SEARCH,0.85,0.25,1656.4589245558514,14,1656.4589245558514,optimal,optimal,64893.28038029639,0.0,0.0,14,9919.998840185184,optimal,optimal,-1255.9954480651481,7.4527732569176806,3365.056063321831,0.6450013501404055,14,7703.350261435803,optimal,optimal,143.19707747742623,95.42604275114377,20.876062990004243,0.5834369520900139,14,8925.197784379847,optimal,optimal,4063.679940286401,1630.3418254636408,0.0,0.48453850799441545,1641.8305661515121,1200.000000012812,10690.826154999999,2950.881569698679,216.9682405220788,1881.6570640722348,69725.81901406731,1,30581.156076568277,0,1.0000461708607279e-07,optimal,optimal,optimal,62748.93064508954,-1352.1798278294873,139.545239197092,3625.3350852701797
2025-07-15,Q4-3 SEARCH,0.85,0.25,1641.8305661515121,14,1641.8305661515121,optimal,optimal,74650.03481301345,0.0,0.0,14,10036.193055555555,optimal,optimal,-2255.1326197034014,55.3032658196455,5733.75451249067,0.6506489292797772,14,8585.545718339115,optimal,optimal,-357.7492374891275,3.743183038239067,1043.7073676683844,0.6088113474966974,14,9075.58824076804,optimal,optimal,3543.1101389295472,1619.2982320438898,0.0,0.5101322637149865,1207.60581444285,1207.60581444285,10800.0,930.2282817370183,12.803383755006106,104.78289190321223,75685.04598665368,1,29875.11372668596,0,1.0000098882301245e-07,optimal,optimal,optimal,74919.31686252942,-2178.838760034597,-315.1852956252273,3419.7272220674718
2025-07-16,Q4-3 SEARCH,0.85,0.25,1207.60581444285,14,1207.60581444285,optimal,optimal,73226.04680531658,0.0,0.0,14,9933.504695740741,optimal,optimal,-1784.637572355663,0.0,4161.795005216274,0.6311860433981887,14,8211.737106701277,optimal,optimal,-0.8151627731277264,0.0,2.8191691963608037,0.5807522912369402,14,9092.847084022433,optimal,optimal,3428.7386550416904,1419.0534413107368,0.0,0.5069650481154939,1552.0317065044824,1207.60581444285,10798.038955,1643.2859199128998,1.4458907323742773e-07,6.000148821566231e-07,74869.3327258295,0,29304.970972841656,0,1.0002020391590843e-07,optimal,optimal,optimal,72877.89889877423,-1704.2321353112648,-0.7537441824264238,3358.097756469406
2025-07-17,Q4-3 SEARCH,0.85,0.25,1552.0317065044824,14,1552.0317065044824,optimal,optimal,70870.28000221887,0.0,0.0,14,9936.149696851846,optimal,optimal,-226.78643990423166,45.77938818991606,832.3424989922037,0.6472194924808269,14,8491.190813950676,optimal,optimal,224.28040206681925,201.5506512966673,309.9258610316218,0.5804425848915047,14,9078.657458267928,optimal,optimal,3639.3445628197906,1496.263448190573,0.0,0.4855623145837197,1668.1709009196038,1552.0317065044824,10716.572844999993,3636.838524982378,1.9385517234008344e-07,8.999986953982532e-07,74507.11852810124,0,28177.66617616886,0,1.0000573002689088e-07,optimal,optimal,optimal,71695.05883667032,-235.0745685390552,232.4072961667096,3490.3939048468424
2025-07-18,Q4-3 SEARCH,0.85,0.25,1668.1709009196038,14,1668.1709009196038,optimal,optimal,33706.9665970982,0.0,0.0,14,7697.515056483367,optimal,optimal,-725.0184967606531,1.9207782755449898,2733.967039199648,0.6665750117721818,14,6299.890964051139,optimal,optimal,-412.293231703275,0.6599705251669548,1339.4945588127657,0.5893982797533883,14,8865.585098999663,optimal,optimal,3485.307222318012,1936.2056102934819,-1.1368683772161603e-13,0.48855617495764103,1222.855179172325,1221.1541885758616,8912.42673821569,2347.995493854084,37.548780606191315,276.99735343225217,36331.959444384534,1,18474.427562396835,0,1.0000235306506511e-07,optimal,optimal,optimal,34368.29371854765,-631.743008030503,-397.03443836485167,3483.8686743870526
2025-07-19,Q4-3 SEARCH,0.85,0.25,1222.855179172325,14,1222.855179172325,optimal,optimal,33699.212413868605,0.0,0.0,14,6803.076261458858,optimal,optimal,-1005.9762259161082,4.201609636319972,3362.2759569431237,0.6808718762423347,14,6138.377678360176,optimal,optimal,-46.86778341649317,0.8498656339251056,155.10939225592242,0.5993598314486152,14,8920.391016788943,optimal,optimal,3717.200352420498,1916.3739145346374,0.0,0.5057960428083532,1200.0000000378382,1200.0000000378382,9570.013298550684,2664.3563430878967,43.53083340427733,127.82829229165972,36491.39704924817,1,19506.354028720347,0,1.0000803740695119e-07,optimal,optimal,optimal,33821.53151396802,-1025.546271853864,-49.55674014869867,3495.40265123676
2025-07-20,Q4-3 SEARCH,0.85,0.25,1200.0000000378382,14,1200.0000000378382,optimal,optimal,70586.16506152938,0.0,0.0,14,10017.765629259256,optimal,optimal,200.18237116062122,605.6521315482963,2528.2354010676804,0.6443010835617982,14,10108.397897020994,optimal,optimal,-1031.82483164842,14.37300005069119,3924.59513753876,0.6141895715509814,14,9314.144713453632,optimal,optimal,3187.855597949808,1299.5738008945548,0.0,0.5064420781720695,2064.9181314549774,1200.0000000378382,10758.256369999997,2356.213137462009,1.706304792568748e-07,5.999931330156415e-07,72942.37819959137,0,27649.26346847411,0,1.0003759598475881e-07,optimal,optimal,optimal,70880.44533363126,230.36551321176725,-1067.7233477115124,3112.1036736956266
2025-07-21,Q4-3 SEARCH,0.85,0.25,2064.9181314549774,14,2064.9181314549774,optimal,optimal,71537.91021274964,0.0,0.0,14,9985.51609222222,optimal,optimal,-1197.5930007312938,0.0,3120.2443931301136,0.6194333230147602,14,9265.650434652924,optimal,optimal,-421.8601397262863,0.0,1532.2702108055696,0.629078853246667,14,8991.717427852689,optimal,optimal,1855.5722787650914,913.3569153213026,0.0,0.5134354369374285,1258.235202248034,1242.0231759591452,10758.256369999997,236.11913830751132,1.7432654821753063e-07,6.999816511504158e-07,71774.02935175713,0,28843.602965796414,0,1.0000125683361974e-07,optimal,optimal,optimal,70537.68575445152,-1183.4657280270512,-369.1357934878607,1818.733597984123
2025-07-22,Q4-3 SEARCH,0.85,0.25,1258.235202248034,14,1258.235202248034,optimal,optimal,64312.13413300473,0.0,0.0,14,9874.698672591481,optimal,optimal,5106.16831373252,5112.637857110386,0.0,0.5993431724678634,14,8174.747197165247,optimal,optimal,-1302.8986621021368,0.0,3435.4187376757345,0.6384158458164514,14,9963.324506618368,optimal,optimal,1635.2290500278607,660.5183802800993,0.0,0.5052835955299944,1595.370036220212,1258.235202248034,10673.740802221111,5438.498701658244,7.358835573967306e-08,2.0001027222489128e-07,69750.63283486299,0,33625.4012888807,0,1.0000130496899172e-07,optimal,optimal,optimal,64362.23837403556,5322.270658091424,-1332.6682604591942,1566.5752509610334
2025-07-23,Q4-3 SEARCH,0.85,0.25,1595.370036220212,14,1595.370036220212,optimal,optimal,71519.35824311545,0.0,0.0,14,9972.912380555552,optimal,optimal,-2048.0487815759016,0.0,5257.088305077046,0.5532181002391109,14,8644.221240872936,optimal,optimal,-1071.1200722188696,0.0,3433.744512683747,0.6827085152670207,14,9902.363651381802,optimal,optimal,1587.48239089397,650.7414357795053,0.0,0.5064264684426584,1555.962043710354,1555.962043710354,10727.844324999996,-1531.6864629008012,1.4687519685938265e-07,4.0001036315051573e-07,69987.67178061466,0,32890.62873078828,0,1.0009262041421607e-07,optimal,optimal,optimal,71998.66616428879,-2063.1255527816434,-1160.6488054795477,1596.945749457359
2025-07-24,Q4-3 SEARCH,0.85,0.25,1555.962043710354,14,1555.962043710354,optimal,optimal,71465.66036936683,0.0,0.0,14,9337.46142526731,optimal,optimal,-1149.7844818704789,0.0,2805.2194206476497,0.5681151815794115,14,8990.90933234376,optimal,optimal,-1384.4965013617102,0.0,3763.909501486774,0.6722880502106728,14,9923.567030616585,optimal,optimal,1587.1643208843614,644.7144823371004,0.0,0.5175804121251129,1657.2494721296098,1555.962043710354,10263.338609185132,-947.1166623478277,1.2583662625298795e-07,3.000248473988405e-07,70518.54370731903,0,30826.502937252888,0,1.0010558071371634e-07,optimal,optimal,optimal,71114.66596899315,-1092.4206122331811,-1334.263984196214,1580.8780212249828
2025-07-25,Q4-3 SEARCH,0.85,0.25,1657.2494721296098,14,1657.2494721296098,optimal,optimal,26963.771111445683,0.0,0.0,14,4596.704871881424,optimal,optimal,-98.58055138836454,3.632980541917429e-07,330.76576534148387,0.5879387658426031,14,8170.257461511051,optimal,optimal,-123.82424409461045,0.0,420.5650759114375,0.6771507577489974,14,9621.76604189988,optimal,optimal,1811.5819542657443,1049.2677083615874,0.0,0.520445022069929,1247.4849938064829,1241.2297715856369,9785.8421466845,1589.1771587827693,3.5020147642664637e-07,1.0999767838334324e-06,28552.948271328427,0,21415.153091618013,0,1.0015355655923486e-07,optimal,optimal,optimal,27197.40015330833,-98.20998127611644,-120.61159631040931,1698.6363783511636
2025-07-26,Q4-3 SEARCH,0.85,0.25,1247.4849938064829,14,1247.4849938064829,optimal,optimal,27481.839892512464,0.0,0.0,14,4816.794503374258,optimal,optimal,-82.73063134923882,2.648624104040209e-07,288.1612533368843,0.5524001479890683,14,8127.397589741289,optimal,optimal,-83.46033143269673,6.897618845869147e-06,267.89373094154837,0.6929331862144068,14,9590.756345049325,optimal,optimal,2088.9793447901093,960.0029173394717,0.0,0.4997036655370702,1214.785125387712,1214.785125387712,9808.4885640992,1922.7883820081738,37.83625016419068,122.64620477499315,29527.27447929563,1,21060.285193500706,0,1.0006738193624187e-07,optimal,optimal,optimal,27392.662464432986,-85.47970317629664,-84.2387102414115,2089.275011155439
2025-07-27,Q4-3 SEARCH,0.85,0.25,1214.785125387712,14,1214.785125387712,optimal,optimal,59912.12383917127,0.0,0.0,14,9507.770211789923,optimal,optimal,873.1051458295485,556.1064540322377,0.0,0.5572692996239261,14,7227.382828456584,optimal,optimal,2024.8605476405787,1563.3353116041676,0.0,0.7022875778576999,14,9775.063727665878,optimal,optimal,2164.1795037934016,905.5360127735074,0.0,0.5079411092011257,1846.2412535606777,1214.785125387712,10328.616591419552,5062.145197263529,220.7064382645815,1042.3333945871163,66016.6024310219,8,34088.63072284861,0,1.0002395356423222e-07,optimal,optimal,optimal,59080.97798425455,881.936613177891,2001.8974546483187,2193.2714389451667
2025-07-28,Q4-3 SEARCH,0.85,0.25,1846.2412535606777,14,1846.2412535606777,optimal,optimal,61427.131847797595,0.0,0.0,14,10002.003973476303,optimal,optimal,977.4414953549706,965.9293088681637,143.18602346951093,0.5669349841822207,14,6182.076456609138,optimal,optimal,38.17379678233559,38.52102655747831,21.32481828827963,0.6987673547957276,14,10746.683482193977,optimal,optimal,0.0,0.0,0.0,0.5089455842339056,1200.0000000999996,1200.0,10800.0,1015.6152921373061,160.90347671858,816.8907693140657,63259.637909248966,6,40381.47181052067,0,1.00000761449337e-07,optimal,optimal,optimal,61053.251283781414,886.8572785387623,36.30207974057023,0.0
2025-07-29,Q4-3 SEARCH,0.85,0.25,1200.0000000999996,14,1200.0000000999996,optimal,optimal,58622.13364435028,0.0,0.0,14,9800.861554548159,optimal,optimal,2861.9828557572932,3041.1063952115587,116.41946160984912,0.5914602178437613,14,6772.994462801183,optimal,optimal,90.79438768878427,95.34517569223487,25.679550978297122,0.6868136429178141,14,10800.0,optimal,optimal,-36.95518092698386,0.0,67.38302453146427,0.510491972858503,1200.000000041198,1200.0,10800.0,2915.822062519094,30.89908116331525,234.16277238939654,61772.118479258774,5,38701.550408097784,0,1.0000803740695119e-07,optimal,optimal,optimal,58261.9412925084,2721.256995487051,91.62858194918265,-38.84767111163899
2025-07-30,Q4-3 SEARCH,0.85,0.25,1200.000000041198,14,1200.000000041198,optimal,optimal,55164.00499045163,0.0,0.0,14,9720.030992648202,optimal,optimal,5295.679749384075,5589.95168071588,0.0,0.654204473306902,14,5777.722759942979,optimal,optimal,1003.2145700666867,1030.1814736143656,13.767287775856062,0.652497963327409,14,10759.389559129175,optimal,optimal,-2.6488654202390816,0.0,3.635508198647135,0.5000731589747589,1221.107246770804,1200.000000041198,10800.0,6296.2454540305225,130.27571949398364,377.96347842800685,61838.21392291016,4,37538.222972187155,0,1.0000803740695119e-07,optimal,optimal,optimal,54501.172743119525,5325.454192997952,1067.4814364188283,-2.568038317659409
2025-07-31,Q4-3 SEARCH,0.85,0.25,1221.107246770804,14,1221.107246770804,optimal,optimal,57011.31866208014,0.0,0.0,14,9876.058752765679,optimal,optimal,792.5669336278238,973.357536187671,136.58767401111493,0.6613648342625045,14,6507.364220413734,optimal,optimal,264.19519529474,265.9757053062293,55.45354767546756,0.6200909042655893,14,10754.661824975528,optimal,optimal,-15.281259670575997,0.0,29.568118997425472,0.5071376805535281,1200.0000000514046,1200.0,10758.066808397441,1041.4808692519878,946.4912690708438,4757.893042561691,62810.69257389382,23,40291.82404736265,0,1.0001508599088993e-07,optimal,optimal,optimal,57148.254967399094,763.9747473839301,246.92217511026908,-16.46840547416261
2025-08-01,Q4-3 SEARCH,0.85,0.25,1200.0000000514046,14,1200.0000000514046,optimal,optimal,23220.61977161777,0.0,0.0,14,2229.8584074601545,optimal,optimal,-300.71259679920513,24.14888671463007,1030.9819120957663,0.6423474842960483,14,10218.766628561636,optimal,optimal,-244.0969773641624,0.0,710.893131056662,0.615474445307042,14,10684.177541983106,optimal,optimal,81.47444245995628,41.28319143672888,0.0,0.5045150786150058,1218.1084186667038,1200.0,10784.383512031194,-463.33513170341126,328.37099115432454,732.468511735566,23489.753151649926,11,24035.29218880032,0,1.00000761449337e-07,optimal,optimal,optimal,23169.55331661898,-321.40787940243314,-243.30310214812465,77.66290319276071
2025-08-02,Q4-3 SEARCH,0.85,0.25,1218.1084186667038,14,1218.1084186667038,optimal,optimal,24329.324037879764,0.0,0.0,14,3307.869696732559,optimal,optimal,-542.8140824970312,2.427485963723143,1895.4713723054585,0.6637971135427935,14,9978.292898656728,optimal,optimal,-166.41670232522307,0.0,541.5902421937742,0.5888508494191401,14,10800.0,optimal,optimal,-13.52716645221824,0.0,24.722375638828225,0.5079195232936229,1200.000000037242,1200.000000037242,10800.0,-722.7579512744725,22.938333545506644,68.43651800540016,23675.00260461069,1,26517.2693695151,0,1.0000053407566156e-07,optimal,optimal,optimal,24667.77917891166,-557.9079815022775,-163.95666966895664,-12.748488976390584
2025-08-03,Q4-3 SEARCH,0.85,0.25,1200.000000037242,14,1200.000000037242,optimal,optimal,50174.237427248634,0.0,0.0,14,7639.747664643001,optimal,optimal,83.00955235135014,146.21527575663185,431.7283509602196,0.6943276497015121,14,5946.345164643001,optimal,optimal,-405.30060881615185,0.0,1016.5166030643618,0.5710653724186749,14,10780.580156935315,optimal,optimal,2.966833556499963,1.2028267140040043,0.0,0.49877163418668213,1214.8518212086133,1200.0,10797.604775731612,-319.32422290830175,640.5116835055067,3337.641603213222,53192.55480755355,17,34171.69698594957,0,1.0000803740695119e-07,optimal,optimal,optimal,51039.375744560704,81.51364331132842,-422.9331589448001,2.72110027622719
2025-08-04,Q4-3 SEARCH,0.85,0.25,1214.8518212086133,14,1214.8518212086133,optimal,optimal,54675.11334564396,0.0,0.0,14,9942.263987382757,optimal,optimal,-39.014008149888774,0.0,69.1186301751646,0.6781838080750646,14,7815.147309296339,optimal,optimal,-1118.5787939951251,0.0,2602.948936850038,0.5356602184347384,14,10399.607657074386,optimal,optimal,172.08115147883817,75.06921083082909,0.0,0.4980777765779526,1200.0000000382088,1200.0000000000002,10750.425255901275,-985.5116506661757,113.64621224880733,411.32076546077417,54100.92246043856,5,33712.91587966096,0,1.0000093197959359e-07,optimal,optimal,optimal,55484.24729166142,-40.73131410356295,-1109.6061909360396,172.94320665669787
2025-08-05,Q4-3 SEARCH,0.85,0.25,1200.0000000382088,14,1200.0000000382088,optimal,optimal,53626.53254548383,0.0,0.0,14,9436.61717444075,optimal,optimal,-22.32974258210541,0.0,43.45076485996675,0.6514070044717825,14,6344.437193657394,optimal,optimal,-542.0075895052898,0.0,1302.184813783911,0.5443884935415514,14,10734.755952675461,optimal,optimal,2.798576052498447e-07,3.458234232311952e-07,0.0,0.48534017238128213,1250.8209047254188,1200.0000000382088,10800.000000000002,-564.3373318075376,7.873684427137982e-08,1.999971802273709e-07,53062.195213876286,0,35622.20742762155,0,1.0000053407566156e-07,optimal,optimal,optimal,54107.7242532612,-22.951967927012912,-535.7756535029612,2.739514407440895e-07
2025-08-06,Q4-3 SEARCH,0.85,0.25,1250.8209047254188,14,1250.8209047254188,optimal,optimal,60781.64526824403,0.0,0.0,14,9199.53134378871,optimal,optimal,-1849.89285857284,0.0,4148.918586762813,0.6525128315425098,14,6984.907287677601,optimal,optimal,-652.9665375176783,1.1368683772161603e-13,1748.9760467794245,0.5641193725018402,14,10715.643905746141,optimal,optimal,-87.31390837461001,0.0,114.20453764955154,0.4982502357568159,1200.0000000383275,1200.0000000383275,10800.000000000002,-2590.1733044651282,66.7918027131961,190.3089702337271,58381.780934012626,2,35986.77950806824,0,1.0001531336456537e-07,optimal,optimal,optimal,60688.00824432254,-1796.947855999102,-611.1647813765549,-85.69309085275158
2025-08-07,Q4-3 SEARCH,0.85,0.25,1200.0000000383275,14,1200.0000000383275,optimal,optimal,57693.753047703256,0.0,0.0,14,9822.205071342229,optimal,optimal,-1599.8453915681232,45.34859051608407,6966.7714786351335,0.6429302233506177,14,8718.726463650028,optimal,optimal,-400.68263116079913,146.6620437669685,2207.363105110881,0.5904319249953356,14,10779.688214907408,optimal,optimal,-166.10065174978348,0.0,196.79499523006376,0.49365180016289073,1200.0000000501398,1200.0,10800.000000000002,-2166.6286744787058,61.50261074366418,204.73686638241506,55731.861239606966,6,35283.37480904781,0,1.0000803740695119e-07,optimal,optimal,optimal,59313.8221167724,-1909.9373470903988,-458.15091528597947,-150.22433495789852
2025-08-08,Q4-3 SEARCH,0.85,0.25,1200.0000000501398,14,1200.0000000501398,optimal,optimal,22342.717147046096,0.0,0.0,14,3621.6073245357406,optimal,optimal,-9.409136971976327,0.0,27.543596361196514,0.6613503777986639,14,10391.014713607598,optimal,optimal,-59.59014132407731,0.0,192.44504379412274,0.6143149845224394,14,10617.561128351808,optimal,optimal,3.2360819636778614e-07,4.6696709432580974e-07,0.0,0.48978286400541393,1200.0000000999999,1200.0000000501398,10650.669658259216,-68.99927797244544,1.9823997351007074e-07,3.9999503817634827e-07,22273.717869473647,0,24734.620246147344,0,1.0000053407566156e-07,optimal,optimal,optimal,22782.022028403604,-9.07178616370087,-60.416268626840164,2.7391457184274845e-07
2025-08-09,Q4-3 SEARCH,0.85,0.25,1200.0000000999999,14,1200.0000000999999,optimal,optimal,22642.54093259822,0.0,0.0,14,3105.519592382853,optimal,optimal,-78.33288639825358,0.0,206.62277858432662,0.6663683445946732,14,10331.057978682895,optimal,optimal,-20.987317540446806,0.0,65.08713722613368,0.6094412019941925,14,10695.094097851974,optimal,optimal,3.374411158688417e-07,4.1156374663842143e-07,0.0,0.48784474955739615,1199.9999999999998,1199.9999999999998,10709.755912489338,-99.32020360125927,0.7210166321808078,1.7257532421073623,22544.946482239066,1,25697.754647793234,1,1.0000007932831068e-07,optimal,optimal,optimal,22721.445785883363,-76.79004665220971,-20.78982497465163,2.739050839543402e-07
2025-08-10,Q4-3 SEARCH,0.85,0.25,1199.9999999999998,14,1199.9999999999998,optimal,optimal,56194.683122212096,0.0,0.0,14,7787.856814626094,optimal,optimal,-1207.8999862310443,0.0,3785.0340898099134,0.6211170180936489,14,6977.909891636,optimal,optimal,-425.66470642751244,0.0,1109.2982484806603,0.5994622316985663,14,10800.0,optimal,optimal,-27.230464724051803,0.0,38.524649754212064,0.48912844105552206,1247.0752668605178,1199.9999999999998,10800.0,-1660.7951573826087,2.4085968216433674e-07,5.999880022842714e-07,54533.88796542948,0,33604.10758448746,0,1.0002986527979374e-07,optimal,optimal,optimal,55563.01053202009,-1189.9967912284199,-409.21039179753427,-26.689997751098392
2025-08-11,Q4-3 SEARCH,0.85,0.25,1247.0752668605178,14,1247.0752668605178,optimal,optimal,52709.43220006355,0.0,0.0,14,9881.08193410841,optimal,optimal,-263.75745848210966,30.603942735532996,1298.9359542992372,0.6385870856108259,14,7874.6821292736195,optimal,optimal,-225.90896614658294,78.489571373241,1613.3502728882427,0.6294949192170012,14,10745.14220861111,optimal,optimal,2.7431308322434233e-07,3.3147614431072725e-07,0.0,0.48150932555188575,1291.6682959166794,1200.0,10800.0,-489.6664243543795,22.798839038839553,96.77825290872363,52316.5440286179,2,36024.8214646561,0,1.0001531336456537e-07,optimal,optimal,optimal,53744.165397355944,-289.7473000461185,-278.84132393543666,2.739053439090109e-07
2025-08-12,Q4-3 SEARCH,0.85,0.25,1291.6682959166794,14,1291.6682959166794,optimal,optimal,57412.0754443858,0.0,0.0,14,9617.80731158653,optimal,optimal,-648.1273058256762,188.3502975631593,3332.314786919038,0.6579314646080543,14,7778.602744224344,optimal,optimal,-592.4113069182413,8.695282443742371,2215.2846337643073,0.6305485638247644,14,10669.726580909926,optimal,optimal,58.28857775472656,74.08422384685718,0.0,0.4938825578324993,1216.3467262199129,1200.0,10800.0,-1182.250034989191,82.23148627271172,210.09131213574918,56439.91672153236,5,33849.87400249667,0,1.0002258932217956e-07,optimal,optimal,optimal,57267.96074930772,-676.8520276593148,-576.921509431678,61.10317784709241
2025-08-13,Q4-3 SEARCH,0.85,0.25,1216.3467262199129,14,1216.3467262199129,optimal,optimal,52008.33348785532,0.0,0.0,14,8720.456400889156,optimal,optimal,-110.8965302334519,0.0,390.96144847713333,0.6636250719910565,14,5940.724661074341,optimal,optimal,73.6968011750709,71.05169229050821,77.31746078611646,0.6375764052198012,14,10558.33485436118,optimal,optimal,165.22478028073346,169.6009492475357,0.0,0.48636710448639064,1211.2319069301238,1211.2319069301238,10800.0,128.02505122235246,7.2299917818231245,62.63703310416648,52198.99557218184,1,34496.59876456231,0,1.0001531336456537e-07,optimal,optimal,optimal,52978.746325459564,-115.32009216690923,71.27165148500137,164.7889179685357
2025-08-14,Q4-3 SEARCH,0.85,0.25,1211.2319069301238,14,1211.2319069301238,optimal,optimal,53054.70420206042,0.0,0.0,14,9105.494948672838,optimal,optimal,1334.6404372820598,1697.2600996861256,0.0,0.6482080247719977,14,6251.093041099141,optimal,optimal,-469.3620250203662,0.0,1115.04315059193,0.6253723534546054,14,10725.207134309814,optimal,optimal,2.7887657940368627e-07,4.3206534883211134e-07,0.0,0.49129040229744053,1222.0135451415354,1211.2319069301238,10800.0,865.2784125405701,33.18655004647941,282.63790085000176,54202.62051545099,2,37638.761149844795,0,1.0001531336456537e-07,optimal,optimal,optimal,53200.89379336205,1280.290129865522,-480.09002235418643,2.7393184756466996e-07
2025-08-15,Q4-3 SEARCH,0.85,0.25,1222.0135451415354,14,1222.0135451415354,optimal,optimal,23135.8087940118,0.0,0.0,14,2912.852226107113,optimal,optimal,-227.90812662239364,30.953707134712,696.1750422167439,0.5942642764271766,14,10513.32128881815,optimal,optimal,-158.04566996902602,0.0,458.57909107763754,0.6003820666342511,14,10685.880461616372,optimal,optimal,3.089933464934802e-07,4.264918516128091e-07,0.0,0.49087435448079364,1200.0000000460088,1200.0000000460088,10766.231304667735,-385.9537962824263,198.83761667198337,471.22564245022346,23221.080640179596,3,26656.478153015218,0,1.0000030670198612e-07,optimal,optimal,optimal,22964.21675587754,-222.00456558958646,-154.6140737324945,2.739220638702181e-07
2025-08-16,Q4-3 SEARCH,0.85,0.25,1200.0000000460088,14,1200.0000000460088,optimal,optimal,24074.749767296074,0.0,0.0,14,2183.8584907407408,optimal,optimal,-485.8380878975932,259.83991647092716,2290.2894792767984,0.6479028246009881,14,10327.854896271208,optimal,optimal,-181.25344091001875,0.0,529.6318153386135,0.650273640697687,14,10649.647716194424,optimal,optimal,1.965318437067918e-07,3.5041783668858307e-07,0.0,0.48962799250387584,1200.0,1200.0,10656.79868595498,-667.0915286110801,291.66918276471887,712.8871993215735,24120.545438006568,10,25407.419883521736,1,1.000043994281441e-07,optimal,optimal,optimal,23824.110573793936,-497.03773757200895,-172.62837442306144,2.2713272773700055e-07
2025-08-17,Q4-3 SEARCH,0.85,0.25,1200.0,14,1200.0,optimal,optimal,54042.84557463095,0.0,0.0,14,9667.808325901535,optimal,optimal,-858.1335044774472,18.734677127232658,3299.1393516986054,0.6915579962073286,14,9033.906613550755,optimal,optimal,38.08341211438767,386.3652991084532,1916.5225792499173,0.687609971666008,14,10592.518593108021,optimal,optimal,84.70440347200491,39.95300787522433,0.0,0.4890451458000555,1200.0000000374296,1200.0,10732.185418694778,-735.3456888910546,27.35171940173584,81.19357897937854,53388.693464719276,1,35372.73978124433,0,1.00000761449337e-07,optimal,optimal,optimal,54338.38586361999,-838.6288156523817,18.31256074547354,81.27999238254085
2025-08-18,Q4-3 SEARCH,0.85,0.25,1200.0000000374296,14,1200.0000000374296,optimal,optimal,53229.78976496637,0.0,0.0,14,9457.434842491119,optimal,optimal,-13.899734457424065,0.0,22.127615592399025,0.6781507460751997,14,7659.281672367661,optimal,optimal,-776.5980143470131,3.886906098719237,2040.0681360365732,0.7021593032559368,14,10665.379775800922,optimal,optimal,20.82633901154238,34.76195626501374,10.187537095803918,0.4956374248803409,1212.7505373634867,1200.0000000374296,10800.0,-769.6714097928948,64.04346674638636,420.17783667090316,52880.29619184438,5,36643.39137649865,0,1.0001531336456537e-07,optimal,optimal,optimal,52382.76372260297,-14.22987574295934,-786.9771077324192,21.30553603521064
2025-08-19,Q4-3 SEARCH,0.85,0.25,1212.7505373634867,14,1212.7505373634867,optimal,optimal,51598.32257647242,0.0,0.0,14,7682.609495613784,optimal,optimal,-446.91343244288635,0.0,957.917239958021,0.6762293729044987,14,6151.00644399198,optimal,optimal,-224.41906163160562,8.17238271437418,704.6796496955673,0.7092207232563178,14,10733.880297377058,optimal,optimal,10.420425668244512,17.274476367262537,7.175391666666769,0.48853685624552856,1209.058333418292,1199.9999999999998,10800.0,-660.9120684062474,577.3491593703047,1953.8224778978788,52891.232985964045,13,34168.794922914865,0,1.0000032801826819e-07,optimal,optimal,optimal,51638.34239650159,-460.1723826532169,-227.52239876644563,10.018995230834712
2025-08-20,Q4-3 SEARCH,0.85,0.25,1209.058333418292,14,1209.058333418292,optimal,optimal,56841.259658967654,0.0,0.0,14,9768.672835358717,optimal,optimal,-140.97714803068035,641.0738091765691,3130.654045494106,0.6574229186077033,14,6846.7770111772,optimal,optimal,-549.4751001750922,34.109023363302754,1908.3199001977832,0.7019358162136711,14,10471.828548890853,optimal,optimal,566.4561279750586,268.45727117347326,19.804139429292036,0.4949869553886707,1200.0000000405514,1200.0000000405514,10737.860363666907,-123.99612023071393,889.1807659959326,2817.860324466151,59535.12386320309,12,39706.39061602017,0,1.0003714123740792e-07,optimal,optimal,optimal,56281.84177949494,-161.63334576332588,-569.9527637795206,562.7106522884272
2025-08-21,Q4-3 SEARCH,0.85,0.25,1200.0000000405514,14,1200.0000000405514,optimal,optimal,53995.96610217779,0.0,0.0,14,9336.412897714516,optimal,optimal,-470.54370479014085,294.80792290988484,3018.4398055225492,0.6557292115046435,14,8397.751223289262,optimal,optimal,-524.5959118116912,1.0603137921522148,1646.8884927650067,0.701031780265046,14,10754.492346135166,optimal,optimal,41.436972705225415,32.959393176285175,26.765748943106153,0.4890039359765646,1200.0000000474527,1200.0000000405514,10800.0,-953.7026438966066,1.126331197631191,2.6373044992537165,53044.90076278043,1,34875.068949464876,0,1.0000803740695119e-07,optimal,optimal,optimal,53627.09317849865,-390.41695190006396,-475.72926703482113,42.89289286684572
2025-08-22,Q4-3 SEARCH,0.85,0.25,1200.0000000474527,14,1200.0000000474527,optimal,optimal,22731.479852851204,0.0,0.0,14,2477.8975617769556,optimal,optimal,-157.860153725931,172.7248926618511,962.1118940705684,0.6583197393672393,14,10753.335257904546,optimal,optimal,-79.40202309217509,0.8372568398941667,226.49649463697972,0.6948573172098758,14,10697.838530629795,optimal,optimal,64.62724544546161,56.06150689716878,55.91903900066035,0.4915124480488121,1200.0000000999999,1200.0,10800.0,-172.63493137264447,769.6078966490402,2493.5571337206734,25052.402055199233,21,25519.858067942925,0,1.0001531336456537e-07,optimal,optimal,optimal,22291.48453018198,-149.826657755071,-77.59919432317552,65.0826653873638
2025-08-23,Q4-3 SEARCH,0.85,0.25,1200.0000000999999,14,1200.0000000999999,optimal,optimal,21762.442565956706,0.0,0.0,14,3538.7404468977784,optimal,optimal,482.77216822702314,432.6377713556032,-1.1368683772161603e-13,0.6058134901014761,14,10376.750419249856,optimal,optimal,162.3369097140398,159.13145209352496,0.0,0.6601162024122131,14,10417.021369210903,optimal,optimal,369.7474667283201,235.8349542367962,0.0,0.5029916316476155,1200.0000001,1200.0000000999999,10509.365881995864,1014.856544669383,22.743533794612677,46.544641863113355,22823.843752489203,1,24777.175117407136,0,1.0000002248489182e-07,optimal,optimal,optimal,22000.358323948567,468.6353782793565,160.7696264621282,387.10095317785647
2025-08-24,Q4-3 SEARCH,0.85,0.25,1200.0000001,14,1200.0000001,optimal,optimal,53105.861409181234,0.0,0.0,14,8344.391323290052,optimal,optimal,-417.3778040037773,226.4080962719172,1349.389580492964,0.5308569644877952,14,6756.781176404672,optimal,optimal,611.4730674331682,479.3989976688835,180.75888808175466,0.6662297406499984,14,10446.073031507722,optimal,optimal,181.57390019708305,100.44529233213251,0.0,0.5073888090741119,1200.0000000999999,1200.0000000999999,10568.952260851342,375.66916362647396,123.70659595355548,431.91812713151626,53913.448699939225,3,35955.96132629609,0,1.0000030670198612e-07,optimal,optimal,optimal,52908.46889197885,-419.63224074373693,609.3964500557112,176.56340364691286
2025-08-25,Q4-3 SEARCH,0.85,0.25,1200.0000000999999,14,1200.0000000999999,optimal,optimal,67201.69109093124,0.0,0.0,14,9720.622470237644,optimal,optimal,-2131.8791151173796,2.3460294166659423,5484.4863463315505,0.499913215657138,14,7940.523535943635,optimal,optimal,-1886.0575241376466,0.0,4864.411187343154,0.6300758947746071,14,10729.111540123457,optimal,optimal,-6.678713112564391,0.0,15.144474178150546,0.5027275256935653,1229.3302018360123,1200.0000000999999,10800.000000000002,-4024.6153523675907,7.814822843509568e-08,1.9999980104803398e-07,63177.075738763655,0,36089.64509482478,0,1.0000030670198612e-07,optimal,optimal,optimal,65455.57153333607,-2049.343903793553,-1777.9595047781543,-7.125001981700446
2025-08-26,Q4-3 SEARCH,0.85,0.25,1229.3302018360123,14,1229.3302018360123,optimal,optimal,53587.18715690369,0.0,0.0,14,9422.81188918328,optimal,optimal,882.3472390419603,1563.2283831064933,-1.1368683772161603e-13,0.5979866448858352,14,7203.88671922355,optimal,optimal,-544.9446447162804,0.0,1469.9421251669605,0.6922316638062922,14,10726.52467460055,optimal,optimal,-6.923298209295759,0.0,15.144478200362594,0.5063891595728066,1237.2602592938483,1229.3302018360123,10780.612131550251,330.4792961163841,8.019900063343031e-08,1.999973105422214e-07,53917.66645322007,0,35830.03004937005,0,1.0000803740695119e-07,optimal,optimal,optimal,53829.69427935465,1016.9983459998869,-547.4263443739478,-7.002124354892576
2025-08-27,Q4-3 SEARCH,0.85,0.25,1237.2602592938483,14,1237.2602592938483,optimal,optimal,53425.08260251006,0.0,0.0,14,9942.651916944444,optimal,optimal,3909.320885890299,4824.226767213988,0.0,0.6062777887328278,14,8343.08347963914,optimal,optimal,-322.2398538442291,0.0,1706.415326336668,0.6933488819564549,14,10713.7044198517,optimal,optimal,-4.0815163260173675e-08,0.0,8.846897856328964e-08,0.4985681945747256,1266.582501795387,1231.2022222568114,10780.286921402301,3587.081032005255,8.067822472624307e-08,1.9999732839105493e-07,57012.16363471531,0,35453.68157505995,0,1.0000030670198612e-07,optimal,optimal,optimal,53924.00451653078,3914.4968181898303,-373.13454314730166,-3.909674879687446e-08
2025-08-28,Q4-3 SEARCH,0.85,0.25,1266.582501795387,14,1266.582501795387,optimal,optimal,51930.47483438425,0.0,0.0,14,9868.585546517603,optimal,optimal,4753.503212860478,4842.268596791186,-1.1368683772161603e-13,0.5940174345430578,14,6501.494937924534,optimal,optimal,743.3178300811882,624.7973660645257,0.0,0.7006368353842833,14,10679.62656062133,optimal,optimal,-15.64013192462234,0.0,33.30167555546112,0.5019018731063353,1234.1360988372949,1234.1360988372949,10738.000679317223,5481.180911017043,9.907500048768766,83.31712135000146,57494.9728667513,1,37430.37154167761,0,1.0000030670198612e-07,optimal,optimal,optimal,51809.053226901575,4410.467941861365,760.1590669157727,-15.213959063818383
2025-08-29,Q4-3 SEARCH,0.85,0.25,1234.1360988372949,14,1234.1360988372949,optimal,optimal,24134.16011803298,0.0,0.0,14,4709.77781465485,optimal,optimal,-531.8142722145228,0.0,1571.853728403383,0.6068280399524457,14,10385.689040519308,optimal,optimal,189.6940739086528,187.4321824795024,28.38192024341905,0.699339001927485,14,10796.074380134729,optimal,optimal,2.1532743903662775e-07,3.801685011239897e-07,0.0,0.5021990957497002,1241.5358083354702,1234.1360988372949,10800.0,-342.1201980905426,5.6695646766344865,11.735998887129966,23803.775918829568,1,26607.35591948429,0,1.0003850547946058e-07,optimal,optimal,optimal,24343.791652468277,-506.8901805074087,196.6251665369236,2.739142627516788e-07
2025-08-30,Q4-3 SEARCH,0.85,0.25,1241.5358083354702,14,1241.5358083354702,optimal,optimal,23902.181060855433,0.0,0.0,14,3587.038350181752,optimal,optimal,-307.6652540359934,0.0,1019.3526299000623,0.630167851511901,14,10332.967172226252,optimal,optimal,-93.12606655600152,0.0,295.27465777242446,0.7088846325347387,14,10585.56122789963,optimal,optimal,39.95495165332174,26.707642927037284,0.0,0.49209123444232894,1200.0000000411749,1200.0,10690.781960927987,-360.83636893867316,191.7012684265046,493.4208402927236,24034.765532209487,3,26058.95876834818,0,1.00000761449337e-07,optimal,optimal,optimal,23524.311770047687,-270.6444222239613,-85.70751301908328,40.228197489133734
2025-08-31,Q4-3 SEARCH,0.85,0.25,1200.0000000411749,14,1200.0000000411749,optimal,optimal,52411.70167954538,0.0,0.0,14,8317.373079614426,optimal,optimal,1333.1030185767959,1984.7144435601665,92.77789731958092,0.663126539336752,14,5680.416302620859,optimal,optimal,-420.5389412168123,-1.1368683772161603e-13,894.1105368764993,0.7116215683822784,14,10417.783893021053,optimal,optimal,235.335051238758,126.52860579915728,1.1368683772161603e-13,0.4881845379014907,1200.0,1200.0,10594.597925454958,1147.8991285987415,518.0969276154674,2297.045935398216,55856.64674354234,13,37045.078143888924,1,1.0002986527979374e-07,optimal,optimal,optimal,52920.19772910874,1092.9368313200157,-411.05724285992267,245.56412046988586
2025-09-01,Q4-3 SEARCH,0.85,0.25,1200.0,14,1200.0,optimal,optimal,52621.560453952305,0.0,0.0,14,10021.038576012099,optimal,optimal,-2222.7286323692547,4.015095453702656,6376.698919817045,0.6857825686932912,14,8340.47359703301,optimal,optimal,13.156362674978823,349.42222240718087,2159.2648627385124,0.7027734359632896,14,10800.0,optimal,optimal,2.3342644544754875e-07,3.844309048872674e-07,0.0,0.4926448635117142,1254.7063188592588,1200.0,10800.0,-2209.5722694608494,4.940711462450593e-08,1e-07,50411.98818459146,0,32432.623566153597,0,1.0000803740695119e-07,optimal,optimal,optimal,58660.055368079295,-2094.8071054130287,25.58713685611447,2.739294698766796e-07
2025-09-02,Q4-3 SEARCH,0.85,0.25,1254.7063188592588,14,1254.7063188592588,optimal,optimal,46963.03171039777,0.0,0.0,14,9914.522499074075,optimal,optimal,2308.9796320667774,3103.1939301883745,0.0,0.6467821852969481,14,8637.852963806461,optimal,optimal,-482.2083433277417,0.0,1992.9792462642347,0.6591325437812325,14,10800.0,optimal,optimal,-19.754981432304735,3.700466777445399e-07,30.69450227891673,0.4946689038145473,1410.5920096047212,1254.7063188592588,10800.0,1807.016307306731,9.450596956160718e-08,1.9999724431963842e-07,48770.0480179045,0,33076.08404180164,0,1.0001531336456537e-07,optimal,optimal,optimal,52241.74819647349,2237.186083016386,-492.49221897701955,-19.820464986075624
2025-09-03,Q4-3 SEARCH,0.85,0.25,1410.5920096047212,14,1410.5920096047212,optimal,optimal,50853.083521525085,0.0,0.0,14,9959.53073935185,optimal,optimal,-512.2123612788293,87.17495192345928,1768.7874227378966,0.6330887283931688,14,8094.238673029874,optimal,optimal,-514.8177112226724,0.0,2306.1887663956304,0.6585883797181437,14,10746.332383062963,optimal,optimal,-40.50668474594639,0.0,83.70036111977915,0.5006507811115972,1547.8780721719193,1410.5920096047212,10800.0,-1067.5367572474481,4.81811611659841e-08,1e-07,49785.546764377636,0,31814.248181077994,0,1.0000803740695119e-07,optimal,optimal,optimal,55478.423394817415,-460.69614180210283,-465.6768449491182,-40.240144330058946
2025-09-04,Q4-3 SEARCH,0.85,0.25,1547.8780721719193,14,1547.8780721719193,optimal,optimal,49934.95175073514,0.0,0.0,14,9981.570833333333,optimal,optimal,-533.6851298665666,4.157264700666246,1459.7313522404795,0.6470932374180206,14,9073.033241944448,optimal,optimal,-636.6799910874448,0.0,2046.1018448247924,0.6595582772279038,14,10800.0,optimal,optimal,-5.099934900463424e-09,0.0,1.2643944218330045e-08,0.49963566447790875,1725.4564947741205,1547.8780721719193,10800.0,-1170.3651209591114,5.2798310454065465e-08,1e-07,48764.58662987603,0,34069.1188605614,0,1.0002258932217956e-07,optimal,optimal,optimal,54866.1115385125,-488.9454678633449,-599.1546518407993,-5.163017779694709e-09
2025-09-05,Q4-3 SEARCH,0.85,0.25,1725.4564947741205,14,1725.4564947741205,optimal,optimal,20279.069936367687,0.0,0.0,14,6286.125814629631,optimal,optimal,-315.88327122852496,0.0,1019.7816434591239,0.643060192890471,14,10773.143281448116,optimal,optimal,-49.13512728480029,0.0,149.928913598036,0.6614877220633096,14,10800.0,optimal,optimal,-1.948533677044637,0.0,3.585818491002517,0.49731762989364126,1940.7115677514387,1725.4564947741205,10800.0,-366.96693219036985,1.4168114787214484e-07,6.000090249342319e-07,19912.103004777324,0,23178.400159696666,0,1.0000568545365241e-07,optimal,optimal,optimal,23236.439219643817,-297.0628617940299,-46.85543534230875,-1.93601835489579
2025-09-06,Q4-3 SEARCH,0.85,0.25,1940.7115677514387,14,1940.7115677514387,optimal,optimal,20064.448910214458,0.0,0.0,14,6020.154774812619,optimal,optimal,-191.29216898859582,0.0,598.822228032227,0.629681704470789,14,10417.010886391283,optimal,optimal,-164.1705610762055,1.474868238271938,549.5119497803572,0.6401143806251246,14,10800.0,optimal,optimal,-7.896258219918774,5.91285788686946e-06,13.405823930679844,0.5015551084953167,1491.2335569376162,1491.2335569376162,10800.0,-363.3589882847201,1.0406105910204539e-07,2e-07,19701.08992212974,0,23911.11609753317,0,1.0001167538575828e-07,optimal,optimal,optimal,22575.294927269613,-179.85388090609453,-174.1294025265339,-7.053848158352593
2025-09-07,Q4-3 SEARCH,0.85,0.25,1491.2335569376162,14,1491.2335569376162,optimal,optimal,46766.67262363335,0.0,0.0,14,9954.887634907402,optimal,optimal,1653.4957197164838,2599.305558780221,0.0,0.6191595196935172,14,8186.374724913667,optimal,optimal,-628.6119396618469,0.0,2366.0309969919113,0.5952285741769116,14,10800.0,optimal,optimal,-33.42480971402493,0.0,53.88227103761153,0.5047063537616997,1980.896014101968,1491.2335569376162,10800.0,991.4589703406119,9.735118420939625e-08,1.9999999999999996e-07,47758.13159417396,0,34396.245643156864,0,1.0002258932217956e-07,optimal,optimal,optimal,51742.43599312696,1486.3312195676867,-591.8253177667514,-35.5174371000022
2025-09-08,Q4-3 SEARCH,0.85,0.25,1980.896014101968,14,1980.896014101968,optimal,optimal,47696.05664102798,0.0,0.0,14,9954.129166666668,optimal,optimal,-988.7991361674776,0.0,2548.3338612950834,0.5890050815376172,14,8649.468899904254,optimal,optimal,-429.9226026420484,44.31579466259291,2292.620617514784,0.6161005294772953,14,10794.095988894906,optimal,optimal,-120.82125969993074,0.0,182.7486452477507,0.5044000864482837,2181.205791977685,1980.896014101968,10800.0,-1539.5429985094568,20.08739035863293,80.37969246442981,46236.893334982946,1,32616.837813084385,0,1.0000053407566156e-07,optimal,optimal,optimal,49106.08874173788,-886.2309364778782,-454.41424022702404,-118.62711208481528
2025-09-09,Q4-3 SEARCH,0.85,0.25,2181.205791977685,14,2181.205791977685,optimal,optimal,41988.06133754464,0.0,0.0,14,9981.140277777778,optimal,optimal,241.8280540398736,225.69971848650803,66.04436795678669,0.5832907549539084,14,8715.552184615055,optimal,optimal,-60.008587253088294,15.194152571150227,161.64762178823287,0.605951522756062,14,10780.87195741093,optimal,optimal,-49.72791547971428,0.0,73.18547372460111,0.5041177237320598,2258.025290943411,2181.205791977685,10800.0,132.09155130707103,4.516831760879537e-08,1.0000256613573e-07,42120.152888951714,0,33734.35101091399,0,1.0001167538575828e-07,optimal,optimal,optimal,43587.911648660665,226.12873497631603,-61.99679015979017,-47.7395624103757
2025-09-10,Q4-3 SEARCH,0.85,0.25,2258.025290943411,14,2258.025290943411,optimal,optimal,48844.933511808544,0.0,0.0,14,9910.323185185183,optimal,optimal,-1699.3271512030972,0.0,4438.120989967877,0.5988800152636744,14,7878.268520095768,optimal,optimal,120.55844843518479,266.2887048553536,1130.6478787188591,0.5945906680289522,14,10800.0,optimal,optimal,-152.32188397657094,0.0,247.68953002413673,0.49891275148838615,2335.795666802579,2222.3840908508187,10800.0,-1731.0905867444833,479.86797201357126,1614.722310543226,48728.56523560729,3,36003.95938075564,0,1.00000761449337e-07,optimal,optimal,optimal,50172.76770274164,-1616.3668229155164,150.85308554498053,-155.91663115365026
2025-09-11,Q4-3 SEARCH,0.85,0.25,2335.795666802579,14,2335.795666802579,optimal,optimal,47280.29763255822,0.0,0.0,14,9944.235312438272,optimal,optimal,-2010.5453381807583,0.0,7032.883362159276,0.5880415537816107,14,7315.99755115321,optimal,optimal,-415.8864991630603,0.0,1891.4774748239406,0.6259278212838969,14,10800.0,optimal,optimal,-18.026500132852654,4.9556962267161e-07,27.65436894890729,0.49993537315028147,2346.9027776507023,2106.2337383641975,10800.0,-2444.458337476671,1.1077838226288083e-07,2e-07,44835.83929528155,0,35057.54466645001,0,1.0001531336456537e-07,optimal,optimal,optimal,49735.37517372516,-2135.73667206714,-480.78182785497796,-17.822529974838794
2025-09-12,Q4-3 SEARCH,0.85,0.25,2346.9027776507023,14,2346.9027776507023,optimal,optimal,15924.848018633871,0.0,0.0,14,4199.124241982849,optimal,optimal,-20.001438912187112,28.856226479429665,142.93367674157525,0.6520319708155243,14,10799.999999999998,optimal,optimal,262.58293986214795,268.84480449164914,0.0,0.6564116385705948,14,10743.254182359307,optimal,optimal,30.961837539691714,38.08857247133163,0.0,0.5015770938912641,2548.409408208559,1813.8059456865528,10800.0,273.54333848965257,3.406518996778883e-07,5.000094643823559e-07,16198.391357623534,0,24884.39589184832,0,1.00000761449337e-07,optimal,optimal,optimal,16847.39324498782,-20.692180374439523,265.3926357778845,31.901046823783464
2025-09-13,Q4-3 SEARCH,0.85,0.25,2548.409408208559,14,2548.409408208559,optimal,optimal,15851.191634680587,0.0,0.0,14,4351.000775154317,optimal,optimal,-0.3205353343960883,0.0,0.5567265903536054,0.6284207535701016,14,10799.999999999998,optimal,optimal,156.6065561876636,164.94737463662852,0.0,0.6742835971285835,14,10800.0,optimal,optimal,0.0,0.0,0.0,0.4962766172060653,1740.530598035224,1740.530598035224,10800.0,156.28602085326753,24.166575904537904,89.83924573931895,16097.316901273172,1,26240.336267597762,0,1.0000167094403878e-07,optimal,optimal,optimal,16931.63545367906,-0.29585471051497514,136.3343307154923,0.0
2025-09-14,Q4-3 SEARCH,0.85,0.25,1740.530598035224,14,1740.530598035224,optimal,optimal,48648.23330638555,0.0,0.0,14,9957.916203703704,optimal,optimal,-1284.5405442668448,0.0,3586.6093884739867,0.5997059312486834,14,8450.278637433452,optimal,optimal,-485.36060019401566,3.5720393043447984e-07,2105.006023160625,0.6705761840013984,14,10800.0,optimal,optimal,2.6352073946327435e-07,3.588245363062015e-07,0.0,0.4999769143926499,1751.4901707505778,1652.28127396115,10800.0,-1769.9011441973398,16.97903077915228,108.80047636222432,46987.13263855043,2,34376.69309104734,0,1.0000348993344232e-07,optimal,optimal,optimal,50011.17535468891,-1292.0993567058213,-489.37259787521015,2.739093950645334e-07
2025-09-15,Q4-3 SEARCH,0.85,0.25,1751.4901707505778,14,1751.4901707505778,optimal,optimal,35431.90513686435,0.0,0.0,14,8622.042111147128,optimal,optimal,617.6564544102006,560.6964877322639,84.68853455454013,0.6397064326178523,14,7090.78443,optimal,optimal,-110.8496850643446,25.612251939762018,393.9782581272043,0.6536509014215771,14,10663.888444382143,optimal,optimal,140.30851855352606,68.7433032519694,0.0,0.5046865898593866,1200.0000000486903,1200.0,10800.0,647.115287899382,4310.539154706684,18295.77851736392,54374.79894212765,65,37059.1161842566,0,1.0000803740695119e-07,optimal,optimal,optimal,34740.87467934351,590.6443420959712,-101.42901684262733,134.0538969705349
2025-09-16,Q4-3 SEARCH,0.85,0.25,1200.0000000486903,14,1200.0000000486903,optimal,optimal,43972.46579867293,0.0,0.0,14,8853.811696286582,optimal,optimal,-119.9631071557084,352.6451979991517,1581.8785238088944,0.6305962899285288,14,7164.061863568503,optimal,optimal,-1026.9939065416734,0.0,3202.1614435051047,0.6633295134036267,14,10799.999999646414,optimal,optimal,2.773323533901708e-07,3.998448001588391e-07,0.0,0.5020586530000306,1200.0,1200.0,10800.0,-1146.9570134200494,3131.7440115788954,12904.801977915133,55730.31076316802,47,36074.75692882086,0,1.0000621841754764e-07,optimal,optimal,optimal,42279.291246584326,-71.29608829502345,-972.4795756387671,2.7392546542159835e-07
2025-09-17,Q4-3 SEARCH,0.85,0.25,1200.0,14,1200.0,optimal,optimal,43036.83658544945,0.0,0.0,14,9626.969300168454,optimal,optimal,-39.99359456905241,0.0,146.29352337488194,0.6569124032531548,14,5033.927656186975,optimal,optimal,-435.938716745427,0.0,1043.992056040536,0.7042296545107055,14,10694.022240185186,optimal,optimal,-89.0511730547466,0.0,131.64487449999925,0.5065692278951262,1202.7204161562033,1200.0,10800.0,-564.983484369226,754.8130856183147,1595.5528153999312,44067.40591648016,20,38016.82606069287,0,1.0000121619668789e-07,optimal,optimal,optimal,42860.0763707141,-40.18936736048421,-458.48474176010967,-87.62697432643374
2025-09-18,Q4-3 SEARCH,0.85,0.25,1202.7204161562033,14,1202.7204161562033,optimal,optimal,38614.870664034286,0.0,0.0,14,8968.894934780397,optimal,optimal,4160.981057127203,5283.833464316587,0.0,0.6625954661139571,14,6579.06640584486,optimal,optimal,-40.0346197589487,0.144036124363339,177.8751478540423,0.7085562913375641,14,10800.0,optimal,optimal,2.569740384672059e-07,4.82580219340889e-07,-1.1368683772161603e-13,0.504025400438964,1222.5876318626347,1200.0,10800.0,4120.946437625228,329.9199419909844,1241.6211306864357,43977.43823234595,9,37382.126907911894,0,1.000112206384074e-07,optimal,optimal,optimal,38269.5377265462,3927.978385750638,-40.2654007021957,2.7390660691351245e-07
2025-09-19,Q4-3 SEARCH,0.85,0.25,1222.5876318626347,14,1222.5876318626347,optimal,optimal,14993.475013060524,0.0,0.0,14,3304.1970370370364,optimal,optimal,154.480554747339,176.13246228448733,13.984733333333452,0.6040508381564603,14,10800.0,optimal,optimal,-51.8805628380709,0.0,143.9815185984374,0.6796524299449376,14,10228.636690176932,optimal,optimal,1.6995487085813617e-07,3.16048109452601e-07,0.0,0.507404420116446,1823.4981770223797,1200.0,10800.0,102.59999207922297,191.75809498454763,585.1776756525215,15681.25268079227,7,27696.29313740865,0,1.0000030670198612e-07,optimal,optimal,optimal,14653.128222586833,146.13455673809284,-51.46009838230632,2.0630944835792707e-07
2025-09-20,Q4-3 SEARCH,0.85,0.25,1823.4981770223797,14,1823.4981770223797,optimal,optimal,14296.859621444191,0.0,0.0,14,3752.3702029629635,optimal,optimal,21.274667321504946,112.2447069718111,229.12988258337026,0.618494856602712,14,10771.033640321344,optimal,optimal,-65.81368906509809,0.0,189.822761854336,0.6813228947568293,14,10679.451157217973,optimal,optimal,9.475017538306929e-07,7.66866378398845e-07,0.0,0.5136720437185134,1571.698095512983,1200.0,10774.587292695402,-44.539020796091386,235.6155482760161,696.5800344099374,14948.900635058037,8,28606.4914035462,0,1.000043994281441e-07,optimal,optimal,optimal,14455.083485487545,17.959779998191998,-64.52429367642728,1.0595162004271203e-06
2025-09-21,Q4-3 SEARCH,0.85,0.25,1571.698095512983,14,1571.698095512983,optimal,optimal,45238.47863333126,0.0,0.0,14,9740.369573572409,optimal,optimal,-305.5967237879952,0.0,797.0484431115511,0.6346557534713684,14,8960.584810902923,optimal,optimal,-400.6629699174754,95.38416425058944,2154.4703306164956,0.671496083884096,14,9969.735185185185,optimal,optimal,2.0660341886901265e-07,2.999468915055352e-07,0.0,0.5098321209063945,1402.958003618513,1237.3485092592575,10800.0,-706.2596934988671,36.37401742855737,69.6848233628493,44601.90376319524,2,34998.63442837409,0,1.0000007932831068e-07,optimal,optimal,optimal,43969.939973982066,-290.8321907008742,-402.9260582870993,2.2007856670322e-07
2025-09-22,Q4-3 SEARCH,0.85,0.25,1402.958003618513,14,1402.958003618513,optimal,optimal,49046.833137300084,0.0,0.0,14,9726.814977192045,optimal,optimal,-1640.725492552852,0.0,4826.17722149513,0.5961856585986904,14,7414.712577229904,optimal,optimal,-970.8198395093154,0.0,3134.6865865389245,0.6889689027780561,14,9904.806788049755,optimal,optimal,1.1151604720021232e-06,7.377595238722387e-07,0.0,0.5062345508562796,1307.7200609884178,1303.3616188949452,10713.040121383088,-2611.5453309470067,20.956666902590232,94.1146954999975,46529.40250185308,2,38128.93281206431,0,1.00000761449337e-07,optimal,optimal,optimal,47668.68745458212,-1580.5928085874673,-999.6164534864075,1.1661436092570784e-06
2025-09-23,Q4-3 SEARCH,0.85,0.25,1307.7200609884178,14,1307.7200609884178,optimal,optimal,47704.81638734495,0.0,0.0,14,9855.230694444443,optimal,optimal,-804.7292722227319,0.0,2068.13780805938,0.6007918642121185,14,7611.458936987951,optimal,optimal,-690.0768705600748,0.0,2707.265670810092,0.7102688362697962,14,10006.216284407692,optimal,optimal,-9.382496023933504,0.0,14.790705966921996,0.5065599454064115,1430.0184959105911,1199.9999999999998,10800.0,-1504.18863880674,43.18326027135729,216.16116814160986,46416.78891667982,4,37283.29044836777,0,1.0000030670198612e-07,optimal,optimal,optimal,46838.23595576089,-762.2103414756824,-669.5717468235455,-10.067191643151903
2025-09-24,Q4-3 SEARCH,0.85,0.25,1430.0184959105911,14,1430.0184959105911,optimal,optimal,41717.137647489,0.0,0.0,14,9587.2117787963,optimal,optimal,55.07803917418182,39.61039005171961,0.0,0.5845800036227553,14,5716.816471544273,optimal,optimal,1322.8270368805138,1389.6243079288538,0.0,0.6814649911595012,14,9651.595207213848,optimal,optimal,515.3581894841258,318.93903334053215,0.0,0.48410891445068943,1571.8328990332768,1315.8007185930476,10524.179788453599,1893.2632655388215,881.5928000965943,2618.769003794412,46229.16991682223,13,36323.291954016226,0,1.0000474048865726e-07,optimal,optimal,optimal,41260.914098774694,53.52050974546338,1259.4777623633636,512.044152662667
2025-09-25,Q4-3 SEARCH,0.85,0.25,1571.8328990332768,14,1571.8328990332768,optimal,optimal,45640.29385614159,0.0,0.0,14,9758.38208342592,optimal,optimal,-40.782615183934894,5.066474386694608e-07,181.35165925820354,0.6106822775604211,14,8502.738516299663,optimal,optimal,-454.4263325561089,65.54857540309655,2363.521570135468,0.6951975924865397,14,10669.63692493559,optimal,optimal,141.0377241106634,108.11320847761533,0.0,0.4935107371796599,1378.9250357420926,1378.9250357420926,10783.32410132448,-354.1712236293804,31.886366727903912,217.3592901833348,45503.48192269554,2,35165.511260212115,0,1.0000803740695119e-07,optimal,optimal,optimal,44512.654747981025,-34.929012453229056,-358.2403513481208,144.76874930832736
2025-09-26,Q4-3 SEARCH,0.85,0.25,1378.9250357420926,14,1378.9250357420926,optimal,optimal,15307.939080255306,0.0,0.0,14,4695.22074644145,optimal,optimal,-261.2522860907181,0.0,856.2830395049392,0.5936470483673373,14,10645.490262535006,optimal,optimal,-62.92700076175159,2.2737367544323206e-13,185.9348116596355,0.6908282922012393,14,10272.257461453099,optimal,optimal,-3.3504588704009555,0.0,6.020048641121008,0.4917545984170671,1434.4108922716841,1378.9250357420926,10764.264868860506,-327.5297457228706,2.389253469340859e-07,3.999998860346526e-07,14980.409334932436,0,28440.65420931937,0,1.0000030670198612e-07,optimal,optimal,optimal,15330.754300308443,-254.98914865024574,-63.36831824737264,-3.476715741997664
2025-09-27,Q4-3 SEARCH,0.85,0.25,1434.4108922716841,14,1434.4108922716841,optimal,optimal,15093.692026632316,0.0,0.0,14,4033.8004458799537,optimal,optimal,535.6422347410094,563.5386904924908,0.0,0.6131489689521806,14,10800.0,optimal,optimal,-4.803386618886716,0.9946530490061605,19.799471787381748,0.6867856362317303,14,10176.700036849461,optimal,optimal,67.9951854211939,63.737519142476465,0.0,0.49981201675419523,1200.0000000477185,1200.0,10800.0,598.8340335433165,298.95044383537834,745.0666268046848,16437.59268698032,6,30404.515636156677,0,1.0000258043874055e-07,optimal,optimal,optimal,14525.580070510536,534.3838001649293,-5.094461885082726,65.22176209889146
2025-09-28,Q4-3 SEARCH,0.85,0.25,1200.0000000477185,14,1200.0000000477185,optimal,optimal,48111.252260733,0.0,0.0,14,9797.834587697756,optimal,optimal,512.9459526443497,623.0100161502462,110.83520317326295,0.6321563900124563,14,7460.83287156905,optimal,optimal,-473.58752234283173,0.0,1367.6920057141106,0.7126581472204747,14,9772.791878973141,optimal,optimal,320.5570656395509,186.8535495747568,0.0,0.5,1229.5879824575197,1200.0000000477185,10690.284587697757,359.9154959410689,148.65702813120095,629.0579194820182,49100.225676156086,7,36012.74315314235,0,1.0001531336456537e-07,optimal,optimal,optimal,47132.20070863917,490.81531867929664,-424.3608031056611,322.4703866295401
2025-09-29,Q4-3 SEARCH,0.85,0.25,1229.5879824575197,14,1229.5879824575197,optimal,optimal,50608.58168609527,0.0,0.0,14,9714.628143024693,optimal,optimal,-2236.1998401923383,0.0,6547.539975588791,0.6144343877010789,14,6865.556603533061,optimal,optimal,-619.1256889612785,0.0,1887.0039376242812,0.719233625917075,14,9954.937312207347,optimal,optimal,32.64529799237955,33.11106652735663,0.0,0.5,1200.000000045933,1200.000000045933,10741.92064554068,-2822.6802311612373,98.669296838712,350.92591722313983,48136.827372157175,5,37507.63515678952,0,1.00000661973354e-07,optimal,optimal,optimal,49832.49509744589,-2108.6286530515154,-598.8194852492638,34.207111878429814
2025-09-30,Q4-3 SEARCH,0.85,0.25,1200.000000045933,14,1200.000000045933,optimal,optimal,50460.00177866212,0.0,0.0,14,9809.286633428157,optimal,optimal,-918.0251986889743,0.0,2055.4517270487895,0.5785224911004776,14,6138.045793614665,optimal,optimal,-355.89941172959885,0.0,875.2210469783424,0.7006620415934224,14,10697.55883806296,optimal,optimal,114.07935693493462,68.71849038016944,0.0,0.5,1255.349627233931,1200.000000045933,10800.0,-1159.8452534836385,2.0720705021524558e-07,5.000036574483425e-07,49300.15652567848,0,39249.34744585176,0,1.0000053407566156e-07,optimal,optimal,optimal,50000.92154871293,-852.4708917788454,-355.1442869057743,114.38663962414859
2025-10-01,Q4-3 SEARCH,0.85,0.25,1255.349627233931,14,1255.349627233931,optimal,optimal,43979.52005306686,0.0,0.0,14,9875.158010977226,optimal,optimal,-849.9663306658123,21.214504664394667,3237.745574773973,0.6042615832452569,14,7786.903669760435,optimal,optimal,-764.2029633222256,31.3052798618902,3739.7951303554782,0.6756748356135558,14,10776.617592592593,optimal,optimal,-6.740513475308784,0.0,10.26111319522414,0.5,1249.230874276288,1249.230874276288,10800.0,-1620.9098074633466,1.7275225818531042e-07,4.999942843625913e-07,42358.61024610351,0,36069.794677688384,0,1.0001531336456537e-07,optimal,optimal,optimal,45447.54077146278,-949.871225753329,-886.6104959030711,-6.42974955822253
2025-10-02,Q4-3 SEARCH,0.85,0.25,1249.230874276288,14,1249.230874276288,optimal,optimal,49099.34431482972,0.0,0.0,14,9658.480786975302,optimal,optimal,-2485.1952814160068,0.0,6749.464392707393,0.5675653477939547,14,7596.646213454091,optimal,optimal,-1045.5709766640612,0.0,4259.434003632337,0.674236325977098,14,10248.953583501372,optimal,optimal,-14.862019167347675,0.0,23.384718312751943,0.5,1309.1087305558235,1249.230874276288,10800.0,-3545.6282772474156,1.2007894335971867e-07,3.0000078478537453e-07,45553.71603788231,0,36196.109763916225,0,1.0000030670198612e-07,optimal,optimal,optimal,50524.123133414425,-2574.094012816542,-1152.2972595036997,-14.649584657347814
2025-10-03,Q4-3 SEARCH,0.85,0.25,1309.1087305558235,14,1309.1087305558235,optimal,optimal,13720.484940261313,0.0,0.0,14,4650.105018321145,optimal,optimal,-11.471023743816211,2.3304436940670143,50.3514229284697,0.6140312385817182,14,10571.551965510991,optimal,optimal,26.272247738337448,37.975357218052395,55.45072566835876,0.721302899256523,14,10311.195742870417,optimal,optimal,2.1007064023024216e-07,5.462055128191423e-07,0.0,0.5,1477.7409196378082,1309.1087305558235,10800.0,14.801224204591877,4.5253471763840593e-07,1.4000019736244022e-06,13735.286165865906,0,27148.90551264332,0,1.0000250222219619e-07,optimal,optimal,optimal,14131.426981705992,-13.461328792887125,23.055122602346064,2.739149735705094e-07
2025-10-04,Q4-3 SEARCH,0.85,0.25,1477.7409196378082,14,1477.7409196378082,optimal,optimal,15567.71418014565,0.0,0.0,14,5671.877592962962,optimal,optimal,-197.4654150563807,0.0,1087.056294544756,0.5931058327415998,14,10614.859442325198,optimal,optimal,-84.1138070945032,0.0,277.63991940564443,0.7237860924086845,14,10327.12777777778,optimal,optimal,-23.004248020718094,0.0,40.95833333333397,0.5,1390.8700464115382,1390.8700464115382,10800.0,-304.58347017160196,1.0239023642341982e-07,2e-07,15263.130710174048,0,27978.25702032106,0,1.0000053407566156e-07,optimal,optimal,optimal,15795.185056889673,-211.03182708986563,-93.31949015537023,-23.60524126587802
2025-10-05,Q4-3 SEARCH,0.85,0.25,1390.8700464115382,14,1390.8700464115382,optimal,optimal,48366.105728919676,0.0,0.0,14,9426.960499734874,optimal,optimal,-2274.5833701443325,30.521354851838055,7707.1456581403445,0.615012849808885,14,8096.825555929687,optimal,optimal,-495.4580313459423,89.49868207433212,2814.2831542930176,0.7160787742827459,14,10795.361111111111,optimal,optimal,-4.181732669899869,0.0,6.936533333333216,0.5,1568.2848038639318,1360.210796411538,10800.0,-2774.2231341601746,1.8668932264639656e-07,4.0000238884122295e-07,45591.882595159506,0,35633.41417135975,0,1.0000026229330805e-07,optimal,optimal,optimal,50087.69321635012,-2518.4258847074384,-606.6792246533854,-4.396938180470857
2025-10-06,Q4-3 SEARCH,0.85,0.25,1568.2848038639318,14,1568.2848038639318,optimal,optimal,42941.159149086154,0.0,0.0,14,9925.167647314815,optimal,optimal,-16.424461327258953,31.47553047839665,153.62474739310278,0.6664023081337624,14,6405.321223364199,optimal,optimal,-248.0554677163349,61.52215968493351,864.0484300397354,0.703363351169106,14,10785.926851851851,optimal,optimal,-8.95497262444141,0.0,13.545560952861365,0.5,1679.8235336594162,1555.161377938007,10800.0,-273.4349016680353,44.75371108459243,163.1286869903122,42830.85293440843,3,37051.06667567422,0,1.0000803740695119e-07,optimal,optimal,optimal,43311.44243687144,-16.984904204726035,-254.0359852418211,-8.558752976129592
2025-10-07,Q4-3 SEARCH,0.85,0.25,1679.8235336594162,14,1679.8235336594162,optimal,optimal,44610.262081138535,0.0,0.0,14,9922.263888888889,optimal,optimal,-578.9279657622328,16.947637788066004,2181.3867400530103,0.7054307139853566,14,7599.153587877506,optimal,optimal,-233.9811265015145,155.10927557408635,2252.1233014285363,0.6870807020300234,14,10800.0,optimal,optimal,-11.629219519854352,0.0,18.26545087140005,0.5,1746.1971704970033,1679.8235336594162,10800.0,-824.5383117836017,2.0158294340929886e-07,5.000148872729369e-07,43785.72376985495,0,37911.19534920292,0,1.0000803740695119e-07,optimal,optimal,optimal,45416.33644028287,-624.7568665377514,-206.43458213710807,-11.558171070598892
2025-10-08,Q4-3 SEARCH,0.85,0.25,1746.1971704970033,14,1746.1971704970033,optimal,optimal,41913.54308188413,0.0,0.0,14,9916.324935555553,optimal,optimal,-777.5510971916345,25.46069349604329,2887.9431403970316,0.6856846870882619,14,6441.995845188491,optimal,optimal,-422.0171231217117,0.0,1587.042793262075,0.7039747817089401,14,10625.709363369639,optimal,optimal,94.26785627901282,112.73447089810452,0.0,0.5,1817.6579539749825,1495.394153095854,10800.0,-1105.3003640343334,5.094243504839531e-08,1e-07,40808.2427179498,0,37872.60004661532,0,1.0000030670198612e-07,optimal,optimal,optimal,41446.846617166775,-719.8828929312427,-397.14385354399303,94.1379663160792
2025-10-09,Q4-3 SEARCH,0.85,0.25,1817.6579539749825,14,1817.6579539749825,optimal,optimal,46611.788724822705,0.0,0.0,14,9924.6030425,optimal,optimal,-3210.372172430616,19.606266196491106,10506.452029114345,0.7076360083793053,14,6849.6770394059,optimal,optimal,-106.83349116083122,81.56096908043605,1123.6491659336234,0.6817761195095178,14,10566.361520553382,optimal,optimal,324.6821843904638,175.22595593401365,0.0,0.5,1845.4747333075286,1817.6579539749825,10800.0,-2992.5234792009833,40.4467873040346,152.42664695169066,43771.691892573406,3,37054.77680468896,0,1.0000296413181786e-07,optimal,optimal,optimal,46388.17070126494,-3267.1121660461013,-120.80086747628755,339.7802169345834
2025-10-10,Q4-3 SEARCH,0.85,0.25,1845.4747333075286,14,1845.4747333075286,optimal,optimal,12931.75229423134,0.0,0.0,14,4842.214001374327,optimal,optimal,92.95852337132173,183.6673340502719,370.8763712858612,0.7229791324986041,14,10799.999999999998,optimal,optimal,54.60049062415121,64.76152844439082,80.50359795163524,0.6251893437062719,14,10187.95346769204,optimal,optimal,257.98266626379086,164.28354624108775,-5.684341886080802e-14,0.5,2080.6052250278935,1392.4785384113648,10800.0,405.5416802592638,136.17269972468114,500.89886499985624,13838.19283949046,3,28242.54925836535,0,1.0000803740695119e-07,optimal,optimal,optimal,12755.65662612115,88.34709744406089,54.201537719305655,244.80660717246548
2025-10-11,Q4-3 SEARCH,0.85,0.25,2080.6052250278935,14,2080.6052250278935,optimal,optimal,13567.38275921534,0.0,0.0,14,5820.044789320439,optimal,optimal,273.8344712875662,254.31324833820378,0.2519296644785527,0.7294486736746663,14,10747.151585355456,optimal,optimal,75.14469944006422,83.60569739193394,47.98977513682394,0.6691803681742314,14,10216.578802993172,optimal,optimal,117.20213853947621,74.64824397281211,5.684341886080802e-14,0.5,1360.0292981709117,1360.0292981709117,10800.0,466.1813092671066,73.1880247662864,275.2235660462946,14308.78763452874,1,30037.69248067681,0,1.00000761449337e-07,optimal,optimal,optimal,13577.954895709936,273.7213670334782,72.7934125252704,113.25698102236153
2025-10-12,Q4-3 SEARCH,0.85,0.25,1360.0292981709117,14,1360.0292981709117,optimal,optimal,41059.386487962285,0.0,0.0,14,9948.960203703704,optimal,optimal,43.63715454885204,185.85203506419145,486.12730375412383,0.6990063100453638,14,8075.55622983751,optimal,optimal,-592.266379199099,3.992201231991487,2465.934480925736,0.6616851296961284,14,10337.278212176412,optimal,optimal,9.323456112551265e-08,2.0953935861342196e-07,2.095392402025906e-07,0.5,1690.28563670752,1360.0292981709117,10800.0,-548.6292245570123,746.9233732712008,3174.5922004760264,43685.3494638813,14,34371.06784423077,0,1.00000761449337e-07,optimal,optimal,optimal,41524.569328586644,50.68363612570611,-559.3591450508707,9.99933718048851e-08
2025-10-13,Q4-3 SEARCH,0.85,0.25,1690.28563670752,14,1690.28563670752,optimal,optimal,42800.54826979463,0.0,0.0,14,9625.96324579276,optimal,optimal,-1062.8470945045399,6.821675774042591,3436.124832237845,0.6560808539672203,14,6723.875574661757,optimal,optimal,-428.3393263606651,62.36013333333335,2138.596589566269,0.6592464914403803,14,10305.312697844642,optimal,optimal,53.51814243482093,40.41786223720321,0.0,0.5,1538.0076530830675,1538.0076530830675,10791.539699534256,-1437.6682784303841,623.1761460159204,2083.474340640009,43446.35433200425,6,37782.265129454245,0,1.0000121619668789e-07,optimal,optimal,optimal,43362.60490643418,-1076.2119200224,-443.00983621735986,54.482791676761565
2025-10-14,Q4-3 SEARCH,0.85,0.25,1538.0076530830675,14,1538.0076530830675,optimal,optimal,45109.8104634548,0.0,0.0,14,9800.627798572585,optimal,optimal,-1821.9858003652193,0.0,5996.666511137221,0.6356180682518217,14,5157.05825661637,optimal,optimal,565.918429884543,728.9257181045355,45.19732060967283,0.6289051318304175,14,10559.161803799112,optimal,optimal,-10.910825587147315,0.0,28.33244764255329,0.5,1652.5349030516772,1257.5996446982083,10800.0,-1266.9781960678238,410.79767294398096,1057.219966703889,44900.052234090865,7,39246.447360479026,0,1.0001667760661803e-07,optimal,optimal,optimal,45024.0650041798,-1875.9544806319163,549.7630212945254,-11.172153435088928
2025-10-15,Q4-3 SEARCH,0.85,0.25,1652.5349030516772,14,1652.5349030516772,optimal,optimal,44709.86902169662,0.0,0.0,14,9563.43389003087,optimal,optimal,-1515.9296602487148,11.688806904561034,4257.998736729693,0.6241099840039948,14,6781.006057532529,optimal,optimal,-159.19667241202268,0.0,489.5217081103425,0.612734340928349,14,10112.068831296292,optimal,optimal,-102.942355257415,0.0,166.39196365455717,0.5,1270.2792496706036,1200.0,10773.208835449934,-1778.0686879181526,1182.4856421320137,5741.655216559409,48673.45555033788,24,40419.075272756585,0,1.0000803740695119e-07,optimal,optimal,optimal,43564.152829155166,-1472.1094479211179,-165.01001378297798,-105.21814596518094
2025-10-16,Q4-3 SEARCH,0.85,0.25,1270.2792496706036,14,1270.2792496706036,optimal,optimal,43254.9505903581,0.0,0.0,14,9515.119905771595,optimal,optimal,201.53095669935496,307.84428718726747,300.8354948603635,0.6240783348975945,14,5665.7448189041515,optimal,optimal,-112.85318986283119,6.457531667725675,335.4312466775168,0.6058262606377399,14,9948.55103663381,optimal,optimal,2.2403555651267997e-07,3.381413576525243e-07,0.0,0.5,1269.3258070836364,1200.0,10637.632282893408,88.67776706055933,1005.3058715782079,3937.749655687453,47281.378013106114,16,40167.156012636435,0,1.0000121619668789e-07,optimal,optimal,optimal,41887.51512144183,219.31762977216968,-100.32529346230507,2.396889944328168e-07
2025-10-17,Q4-3 SEARCH,0.85,0.25,1269.3258070836364,14,1269.3258070836364,optimal,optimal,12056.176249505144,0.0,0.0,14,4910.808806296297,optimal,optimal,524.8897813357238,521.0136941035934,0.0,0.595429986245888,14,10799.999999931399,optimal,optimal,284.5258437014428,275.04822964266293,1.1368683772161603e-13,0.5953783339604475,14,9721.39773148148,optimal,optimal,156.21046042507456,102.26905833333385,-5.684341886080802e-14,0.5,1220.552250023079,1200.0,10799.999999931399,965.6260854622411,299.81614187155867,690.3914416855209,13712.193776652906,9,30271.621227446212,0,1.00000761449337e-07,optimal,optimal,optimal,11666.65798130777,527.4432020891331,285.4049797913642,161.72836531514636
2025-10-18,Q4-3 SEARCH,0.85,0.25,1220.552250023079,14,1220.552250023079,optimal,optimal,13581.475942564914,0.0,0.0,14,5066.184464986345,optimal,optimal,3.704437457035104,8.998332582164949,26.041946793582568,0.6162718245639713,14,10511.842154801161,optimal,optimal,-107.65482735135987,10.920873579080478,387.1115528889669,0.5800187525540095,14,9950.117715042878,optimal,optimal,81.38058108780947,55.46188058830151,0.0,0.5,1245.8739678059405,1220.552250023079,10771.482645217293,-22.569808806515297,2.912732760686009e-07,4.999982564768743e-07,13558.906134258397,0,31510.038439257005,0,1.0000258043874055e-07,optimal,optimal,optimal,13462.916835063357,3.849063881457408,-99.87343866759973,82.30546370744345
2025-10-19,Q4-3 SEARCH,0.85,0.25,1245.8739678059405,14,1245.8739678059405,optimal,optimal,46744.91837845332,0.0,0.0,14,9572.786253264916,optimal,optimal,-24.179109341661093,43.61267471103645,348.3454514118714,0.5959382686137891,14,7753.222066016487,optimal,optimal,-774.3948190586234,8.59242746521943,2566.8041356445106,0.641273597980538,14,10594.147076682983,optimal,optimal,260.1869941159111,135.1988107353184,0.0,0.5,1223.8798458219499,1199.9999999999998,10639.710576562033,-538.3869342843734,96.49310289850445,457.6352595265853,46664.16670369553,6,41022.43576136431,0,1.0001531336456537e-07,optimal,optimal,optimal,45076.83666480229,-22.191138272750077,-694.1363984055536,268.5767770430582
2025-10-20,Q4-3 SEARCH,0.85,0.25,1223.8798458219499,14,1223.8798458219499,optimal,optimal,50207.26111277305,0.0,0.0,14,9825.295136481489,optimal,optimal,-289.5695080850512,0.0,669.5208116625151,0.6081069385819874,14,8036.972720466406,optimal,optimal,-1206.8720602629191,0.0,3722.0224203177254,0.6499756723256045,14,10192.81497952812,optimal,optimal,229.70743850636666,126.25488175391436,0.0,0.5,1200.0000000521527,1200.0000000521527,10716.919460555562,-1266.7341298416036,30.207651679700305,64.35740186870376,49004.88438480015,1,39727.34136945433,0,1.0000030670198612e-07,optimal,optimal,optimal,49075.33727640593,-259.92292385195174,-1181.2212659658558,246.38829897378997
2025-10-21,Q4-3 SEARCH,0.85,0.25,1200.0000000521527,14,1200.0000000521527,optimal,optimal,47035.73956438176,0.0,0.0,14,9696.063095555557,optimal,optimal,397.6453339333429,436.0335485225208,0.0,0.6039133043197872,14,6109.720010185324,optimal,optimal,-113.89346566862194,9.286500219668085,320.11429849969954,0.6976568241940679,14,10660.452774583055,optimal,optimal,214.24455424422945,112.93410687524783,0.0,0.5,1411.5771349619163,1200.0000000521527,10789.985996805275,497.9964225089504,3.060938683301826e-07,5.99999812000351e-07,47533.735987490705,0,40026.62747431488,0,1.0000007932831068e-07,optimal,optimal,optimal,45606.16960546639,327.3687289596161,-110.43842388435512,222.28287878234838
2025-10-22,Q4-3 SEARCH,0.85,0.25,1411.5771349619163,14,1411.5771349619163,optimal,optimal,45362.1477929979,0.0,0.0,14,9847.219491018519,optimal,optimal,-32.68592231023999,15.020571410582534,103.07881988035138,0.6333220614856504,14,5445.6719847821,optimal,optimal,419.48272628441305,459.3663680822231,3.3351116028464958,0.7184096883531815,14,9969.773116666667,optimal,optimal,272.36907368411266,142.13114366666412,3.6849576948302456,0.5,1200.0000000516316,1200.0000000516316,10787.071972500002,659.1658776582857,528.6898631223271,2429.7761791669104,48451.089849823096,23,40009.89387990214,0,1.0001531336456537e-07,optimal,optimal,optimal,44302.96282211295,-31.328719602877445,403.87835247825,278.0962416567488
2025-10-23,Q4-3 SEARCH,0.85,0.25,1200.0000000516316,14,1200.0000000516316,optimal,optimal,52003.761856025434,0.0,0.0,14,10008.076618518517,optimal,optimal,-1503.6954840512276,421.5558585475692,5819.276732489868,0.6232857971048535,14,7967.499024087625,optimal,optimal,-856.7683893511531,99.02759538550538,3180.7318674616536,0.7293140175437892,14,9803.22470194444,optimal,optimal,321.38549218994535,173.47146874600662,45.41518146501848,0.5,1200.0000000598177,1200.0000000516316,10725.143665462962,-2039.0783812124353,247.41527177805546,1356.085743551597,51320.76921836459,7,38565.00302854852,0,1.0000030670198612e-07,optimal,optimal,optimal,51334.77007680635,-1342.6646003431874,-806.1064245722797,318.24137336699
2025-10-24,Q4-3 SEARCH,0.85,0.25,1200.0000000598177,14,1200.0000000598177,optimal,optimal,13702.557180005031,0.0,0.0,14,5817.939144309793,optimal,optimal,329.8389882136226,333.747646984763,-2.8421709430404007e-13,0.6597195528603261,14,10173.360318383868,optimal,optimal,7.316878338367774,21.123146203816674,54.54748873394783,0.7400301973414284,14,9863.280144597114,optimal,optimal,112.72023094901208,84.54466546219152,28.85698036986972,0.5,1321.9146708470294,1200.0,10739.325426352436,449.87609750100245,44.814193131122806,207.049901567386,14359.48317907342,5,30642.54055515471,0,1.0079634193971287e-07,optimal,optimal,optimal,13401.659443127435,315.948918184425,6.48389180297243,127.73898844291828
2025-10-25,Q4-3 SEARCH,0.85,0.25,1321.9146708470294,14,1321.9146708470294,optimal,optimal,13868.126617140042,0.0,0.0,14,5655.936786982103,optimal,optimal,16.482799394035354,19.172248689387906,6.344863793961181,0.6527394262979661,14,10187.819668857019,optimal,optimal,7.709743602370537,45.98364938039299,160.9651659438996,0.7205918945388222,14,9750.496824074073,optimal,optimal,309.40752003939497,224.20120833333402,8.583674849681532,0.5,1200.0000000999999,1200.0000000999999,10444.370899111693,333.6000630358009,257.58694632466694,953.8241336888975,15155.55081386474,11,31934.31232921815,0,1.0000258043874055e-07,optimal,optimal,optimal,13431.980272615701,16.95989668944387,11.867914638234414,334.1464640639539
2025-10-26,Q4-3 SEARCH,0.85,0.25,1200.0000000999999,14,1200.0000000999999,optimal,optimal,49489.68141760802,0.0,0.0,14,9733.306060351375,optimal,optimal,-565.6485520258269,103.83506950247522,1969.6580382033503,0.6914850993062307,14,6915.898320456823,optimal,optimal,-576.8906884917118,28.60372709967487,1698.2091618190013,0.6585080158449913,14,10506.058305669789,optimal,optimal,420.38837944029035,230.55427173052453,44.56475343396971,0.5,1200.460109226984,1200.0,10605.815319610634,-722.1508610772484,313.73521987847744,1543.1178832808982,50310.64843981167,9,36028.533507066546,0,1.0000803740695119e-07,optimal,optimal,optimal,48500.66743550716,-554.6471951484614,-581.3954755278785,433.7489296331464
2025-10-27,Q4-3 SEARCH,0.85,0.25,1200.460109226984,14,1200.460109226984,optimal,optimal,45306.312633289046,0.0,0.0,14,9667.084181388887,optimal,optimal,3216.53955349419,4466.8503061456,4.193810728090966,0.6855013025672245,14,7459.357283314539,optimal,optimal,-453.43581709838236,4.915562634456478,1504.4472354893085,0.6656010325838919,14,9827.935913930252,optimal,optimal,239.9173972287043,132.41957696277632,35.551411644605615,0.5,1200.0000000523862,1200.0000000523862,10666.948516087874,3003.021133624512,60.52150447140793,188.17668458838003,48497.51045150194,4,39754.66805983045,0,1.00000761449337e-07,optimal,optimal,optimal,44474.86187429991,3246.3013564710805,-422.7499880471528,237.9677978104325
2025-10-28,Q4-3 SEARCH,0.85,0.25,1200.0000000523862,14,1200.0000000523862,optimal,optimal,45375.51414171359,0.0,0.0,14,9738.66811824074,optimal,optimal,2820.2205011105716,3320.3905061956343,0.9825820689918601,0.6581267460430973,14,7768.681789148463,optimal,optimal,-216.27714092681987,8.054401289900397,663.3174192485355,0.6537784065972004,14,9796.145721759256,optimal,optimal,304.0982023187836,165.74281325000163,25.45496158333583,0.5,1200.0000000496252,1200.0000000496252,10635.677377499998,2908.0415625025353,333.5753552714751,1684.183357294049,49967.739061510176,12,38000.78080072331,0,1.0000030670198612e-07,optimal,optimal,optimal,44570.35462751007,2923.4243466812613,-201.12461107633658,305.10755815750036
2025-10-29,Q4-3 SEARCH,0.85,0.25,1200.0000000496252,14,1200.0000000496252,optimal,optimal,52229.7593365045,0.0,0.0,14,9791.188948703702,optimal,optimal,-134.05204863862144,47.943114535680365,613.9649932750131,0.6626436549441066,14,5890.556781882716,optimal,optimal,-722.2839495189156,0.0,1795.0111876536278,0.6250178719797282,14,10538.299696623846,optimal,optimal,365.3516087900755,197.81718087187318,40.42454135242599,0.5,1201.4711090719195,1200.0000000496252,10659.939670925925,-490.9843893674615,69.20769706897123,411.4335394997794,52150.20848663682,3,39700.37610043284,0,1.000444171950221e-07,optimal,optimal,optimal,50825.333724287484,-116.25665542817619,-688.2733132081896,369.70627405675
2025-10-30,Q4-3 SEARCH,0.85,0.25,1201.4711090719195,14,1201.4711090719195,optimal,optimal,46325.85392634773,0.0,0.0,14,9918.75160185185,optimal,optimal,538.7056496287754,401.7941580007081,14.595656184262452,0.6859141030998875,14,7409.720121655869,optimal,optimal,-113.62084605628992,40.39861025945493,448.0907096365484,0.6005136020708411,14,9654.145704085497,optimal,optimal,532.6261112966893,282.49697398972194,28.24509031377761,0.5,1203.9751552886812,1201.4711090719195,10800.0,957.7109148691748,297.0911703774591,1449.3409595632068,48732.90580078011,11,37589.442306019395,0,1.0000121619668789e-07,optimal,optimal,optimal,44931.244043750135,528.2678702574275,-121.90711412361553,526.3968103989499
2025-10-31,Q4-3 SEARCH,0.85,0.25,1203.9751552886812,14,1203.9751552886812,optimal,optimal,15203.537527731605,0.0,0.0,14,5860.560534339072,optimal,optimal,-328.87031309094834,6.732113052464172,1103.4849572109424,0.6507488524084334,14,8952.44835810107,optimal,optimal,-150.1533240220526,1.4140955705605052,493.81033823703825,0.6198523595818243,14,9973.834070492278,optimal,optimal,140.70317595348055,117.64010511218919,40.54737978116401,0.5,1244.2735835676935,1203.9751552886812,10758.714389314484,-338.3204611595204,3.209699094548439e-07,4.999983213986979e-07,14865.217067072083,0,31233.418278268382,0,1.00000761449337e-07,optimal,optimal,optimal,15097.111185210179,-301.5161793297939,-149.32612658792462,153.33248088258026
2025-11-01,Q4-3 SEARCH,0.85,0.25,1244.2735835676935,14,1244.2735835676935,optimal,optimal,14280.420933804222,0.0,0.0,14,5699.661326481486,optimal,optimal,-118.20366092190514,19.286756185697897,492.93249633167653,0.6410246185903478,14,9480.01949029899,optimal,optimal,-38.778804169961916,22.80530986431785,161.87615652031576,0.6317449824394097,14,9691.592333333336,optimal,optimal,328.736089463955,234.41832646304866,0.0,0.5,1200.000000050678,1200.000000050678,10365.302635734286,171.75362437208796,178.45108672424874,678.0865056394344,15130.261063815744,9,32654.65570308489,0,1.00000761449337e-07,optimal,optimal,optimal,14248.65370966212,-109.29401673731039,-36.33434797131707,331.18235072959504
2025-11-02,Q4-3 SEARCH,0.85,0.25,1200.000000050678,14,1200.000000050678,optimal,optimal,50621.61439487671,0.0,0.0,14,9751.575290302926,optimal,optimal,1618.9407246902003,2065.078935566572,130.2706022791599,0.5994814303277578,14,6618.762145302919,optimal,optimal,-804.5199586714161,0.0,1832.2283123939728,0.6503119814650782,14,10643.439756794325,optimal,optimal,30.29220981565313,23.153827090406253,0.0,0.5,1200.0000000999996,1200.0,10696.385341894158,844.7129758344373,26.85536925079475,114.08196786340064,51580.40933857455,4,42975.35460306416,0,1.00000761449337e-07,optimal,optimal,optimal,49679.11809636766,1599.3106967524045,-817.8384696301955,30.699176075113083
2025-11-03,Q4-3 SEARCH,0.85,0.25,1200.0000000999996,14,1200.0000000999996,optimal,optimal,54144.99926374186,0.0,0.0,14,10483.806239351854,optimal,optimal,-900.8548043226256,0.0,2393.5919915159293,0.5896482199902451,14,7008.821793887596,optimal,optimal,-664.8755636691264,0.1693116666666583,1634.5745132535048,0.6739523527996194,14,10188.490667546015,optimal,optimal,328.0515798408827,174.35778408579841,0.0,0.5,1200.0000000999999,1200.0000000999996,10669.495384243544,-1237.6787881508694,68.52936679354521,132.1588838431048,53039.479359434095,1,37900.93190882432,0,1.0000042038882384e-07,optimal,optimal,optimal,52196.81690202269,-829.6690402505026,-664.8340536640696,325.71435828731364
2025-11-04,Q4-3 SEARCH,0.85,0.25,1200.0000000999999,14,1200.0000000999999,optimal,optimal,49233.748320132334,0.0,0.0,14,10024.607962685179,optimal,optimal,479.5768054963679,600.8467912595456,63.02426525110047,0.6281012898687836,14,7265.928276899752,optimal,optimal,-615.3801289846567,0.0,1621.157082202507,0.673179015848715,14,9620.691068111531,optimal,optimal,546.4133752421444,291.9709612963042,0.0,0.5,1252.1843154745727,1200.0000000999999,10735.512338117273,410.6100517538556,230.76765857278068,1329.2561584143357,50973.614530300525,11,37573.22169169753,0,1.00000761449337e-07,optimal,optimal,optimal,48698.017588901865,437.7274620903436,-601.3637413575497,540.0744425957994
2025-11-05,Q4-3 SEARCH,0.85,0.25,1252.1843154745727,14,1252.1843154745727,optimal,optimal,56371.94521176757,0.0,0.0,14,9866.710108611107,optimal,optimal,-2080.458382656027,50.95637733207161,5196.845617678085,0.5920785111541341,14,5525.019826126751,optimal,optimal,-298.4952663553826,0.0,752.3531773433057,0.6676410491382238,14,10062.267513064522,optimal,optimal,599.6992058891097,337.8537813845204,0.0,0.5,1200.0000000999999,1200.0000000999999,10572.670475648145,-1779.2544431223,144.04191490286772,528.1370683365377,55120.82783698181,9,38926.367731046375,0,1.0001531336456537e-07,optimal,optimal,optimal,55021.43101526952,-2009.5490134138638,-281.54230906238365,622.0613397419567
2025-11-06,Q4-3 SEARCH,0.85,0.25,1200.0000000999999,14,1200.0000000999999,optimal,optimal,52223.55679322289,0.0,0.0,14,9659.01922037037,optimal,optimal,150.02843373031993,253.04150845371348,181.72403395804997,0.6056448768441841,14,6346.205512440511,optimal,optimal,7.650101813168064,28.23016723560181,132.36804532668725,0.6730696154480342,14,9784.249516285108,optimal,optimal,10.313164456294691,6.51472970062548,1.4868336350000562,0.5,1200.0000000999999,1200.0,10687.786500427315,167.9916999997827,400.8317306920267,1735.3674538076884,54126.91594703036,10,41615.9020927182,0,1.00000761449337e-07,optimal,optimal,optimal,50519.33522205807,142.20107371442558,10.36079747362223,10.557780691113011
2025-11-07,Q4-3 SEARCH,0.85,0.25,1200.0000000999999,14,1200.0000000999999,optimal,optimal,14561.384396034746,0.0,0.0,14,7137.042242721393,optimal,optimal,-16.047397423528203,9.575440230946697e-06,51.713397902066376,0.5944304297866826,14,8359.891977721392,optimal,optimal,12.09944033426766,18.057884620306886,7.920550744697465,0.644245306882481,14,9985.609066690608,optimal,optimal,225.3956542811136,190.74052261518085,26.111950136728353,0.5,1228.0870123782518,1200.0000000999999,10745.624517916278,221.44769719185305,3.4320928561274656e-07,9.99999472150148e-07,14782.8320942266,0,32802.54040120339,0,1.0000380052588298e-07,optimal,optimal,optimal,14498.367844390888,-15.668042408768818,12.35942002500163,230.4331517442867
2025-11-08,Q4-3 SEARCH,0.85,0.25,1228.0870123782518,14,1228.0870123782518,optimal,optimal,14896.676014255263,0.0,0.0,14,6974.828367621514,optimal,optimal,-80.78481202650389,0.0,265.1924176269768,0.5360200940336662,14,9343.234174843737,optimal,optimal,9.714022806314582e-08,3.51302733469881e-07,4.337068636813581e-07,0.6511079275741689,14,9698.655953703701,optimal,optimal,312.8556037131541,199.6688683458874,7.320023200918513e-06,0.5,1200.0000000489154,1200.0000000489154,10397.425366153846,232.07079178379044,9.24111993085487,35.72084189276986,15164.467647931822,2,32811.79681838176,0,1.0000030670198612e-07,optimal,optimal,optimal,14632.711795625437,-76.49833927811856,9.999868488819175e-08,308.24561332726154
2025-11-09,Q4-3 SEARCH,0.85,0.25,1200.0000000489154,14,1200.0000000489154,optimal,optimal,54168.4676168607,0.0,0.0,14,9730.21963311303,optimal,optimal,-748.4720466343239,7.575519979334672,1764.7505085606695,0.5716560774920459,14,6895.76192135382,optimal,optimal,-318.8052888564881,7.441744881479735,773.7771915395443,0.6369604007475251,14,9558.387592228992,optimal,optimal,410.7592479597068,216.77677766666486,-3.410605131648481e-13,0.5,1232.6448523720976,1200.0000000489154,10653.829012742663,-656.5180875311053,453.11778322656164,2375.264639350533,55887.214168680126,12,38138.53014112755,0,1.0000803740695119e-07,optimal,optimal,optimal,52941.19941906717,-700.6705801647475,-306.72939782696164,417.5296628724537
2025-11-10,Q4-3 SEARCH,0.85,0.25,1232.6448523720976,14,1232.6448523720976,optimal,optimal,55825.51292376428,0.0,0.0,14,9787.541252485426,optimal,optimal,265.9010364635212,277.5062159554821,300.18713469316845,0.5784313471023356,14,5395.185435980076,optimal,optimal,-466.9000197074352,0.0,985.8533497808867,0.603119091167064,14,9621.269962006745,optimal,optimal,236.5449567131184,134.93699811059423,16.05692396475422,0.5,1245.2732473519814,1200.0,10711.68769692987,35.54597346920443,152.1473441622122,556.9384242176143,56417.997321451105,6,40145.0100138288,0,1.0000070460591814e-07,optimal,optimal,optimal,53559.52379622019,242.18749164432543,-477.8033352195888,250.8935650343751
2025-11-11,Q4-3 SEARCH,0.85,0.25,1245.2732473519814,14,1245.2732473519814,optimal,optimal,56639.10242644784,0.0,0.0,14,10730.785496351698,optimal,optimal,-1106.6425808832767,0.0,2460.856373227337,0.56544249425727,14,7414.535826123314,optimal,optimal,-717.6159587455122,0.0,1853.4317529483833,0.6095260124372635,14,10445.985875379962,optimal,optimal,319.8676112431762,194.37523207776883,32.3843341209763,0.5,1200.0000000467246,1200.0000000467246,10730.785496351698,-1504.3909283856126,47.304530207038624,103.75936779883651,55238.47086586106,2,37346.51609297782,0,1.0002941053244285e-07,optimal,optimal,optimal,55374.70311940285,-1075.294355891487,-742.9581509963692,330.0062348181827
2025-11-12,Q4-3 SEARCH,0.85,0.25,1200.0000000467246,14,1200.0000000467246,optimal,optimal,53031.56646031495,0.0,0.0,14,10621.419112592594,optimal,optimal,1604.974506607441,1752.7806298862333,0.0,0.5890809995151818,14,6769.647842719035,optimal,optimal,-648.9159388390545,0.0,1620.1603416061812,0.6583960570675689,14,9639.66426033303,optimal,optimal,354.71348121026216,190.8783134283616,84.53078037688238,0.5,1213.3973384644953,1200.0000000467246,10621.419112592594,1310.7720489786486,9.51916685974236,48.98087268332436,54391.31938197692,1,40163.57211305958,0,1.0000098882301245e-07,optimal,optimal,optimal,52357.669911417775,1615.0164078352236,-658.5031569519424,346.17180302665497
2025-11-13,Q4-3 SEARCH,0.85,0.25,1213.3973384644953,14,1213.3973384644953,optimal,optimal,51900.071219781224,0.0,0.0,14,9767.531603691728,optimal,optimal,429.00460245239583,488.4406706772652,42.34503543453252,0.5225003258566686,14,7737.5242312877335,optimal,optimal,512.7396847827827,402.41287721620745,0.0,0.6788667019721996,14,9540.585280864198,optimal,optimal,510.7370710680223,274.0783999999976,59.94685822113877,0.5,1200.0000000999999,1200.0000000999999,10386.589029629633,1452.4813583032008,1240.358759511326,5587.212692026068,58939.765270110496,16,37972.87765402257,0,1.0001031114370562e-07,optimal,optimal,optimal,50779.29764846746,383.15372448088556,483.42522440822006,516.0855560687046
2025-11-14,Q4-3 SEARCH,0.85,0.25,1200.0000000999999,14,1200.0000000999999,optimal,optimal,15108.625983781823,0.0,0.0,14,6882.523496166349,optimal,optimal,-33.975314741848095,18.814590708758658,117.84101217104373,0.5631412446455989,14,8109.495419499683,optimal,optimal,-11.146289627889166,0.0,32.94592225216364,0.713943163078806,14,9861.583225887385,optimal,optimal,465.6713234609136,347.5672266536804,0.0,0.5,1200.0000000999999,1200.0000000999999,10374.264142554051,420.5497190911763,167.0964009767682,573.1800671497932,16102.355770022792,7,32671.377968975514,0,1.0000258043874055e-07,optimal,optimal,optimal,14891.134220589789,-33.15789423966276,-11.104633814049459,472.24233833252276
2025-11-15,Q4-3 SEARCH,0.85,0.25,1200.0000000999999,14,1200.0000000999999,optimal,optimal,16107.946740480316,0.0,0.0,14,8007.832331391671,optimal,optimal,-57.52323613196008,0.0,453.2787936762949,0.5644223062205483,14,8626.153047873151,optimal,optimal,-167.56558563353656,0.0,504.35702657889397,0.7219302716104341,14,9790.897071045558,optimal,optimal,248.8246371430469,207.23320320553307,0.0,0.5,1200.0000000999999,1200.0000000999999,10501.507648617573,23.735815377550267,31.686466832392355,58.37849343333346,16190.061049291198,2,34781.93193441081,0,1.0000258043874055e-07,optimal,optimal,optimal,15501.938508017964,-56.037729787286096,-168.54253144660913,264.34699560719423
2025-11-16,Q4-3 SEARCH,0.85,0.25,1200.0000000999999,14,1200.0000000999999,optimal,optimal,54160.421764250554,0.0,0.0,14,10678.854951666664,optimal,optimal,2351.1196079610186,2335.7910306100557,5.769251200047506,0.5754778662058917,14,6428.285872714998,optimal,optimal,-8.322921700025532,3.9417148779502744e-07,32.56763283428802,0.7299085137389502,14,10085.386550855794,optimal,optimal,767.1221445671636,449.3086129254004,0.0,0.5,1200.0000000534444,1200.0000000534444,10731.912562777776,3109.9188308281564,120.38674905688082,240.88733405510158,57511.22792913381,4,38319.04926446983,0,1.0002736416936386e-07,optimal,optimal,optimal,53067.8893865914,2199.943276052966,-8.080125095504032,779.0190777788921
2025-11-17,Q4-3 SEARCH,0.85,0.25,1200.0000000534444,14,1200.0000000534444,optimal,optimal,52274.807574938895,0.0,0.0,14,9959.757407407407,optimal,optimal,3630.1000092857757,3895.584200531061,1.1368683772161603e-13,0.5762013447116232,14,6355.819004390949,optimal,optimal,-39.468844154054814,2.1234884570731082e-07,159.85240023289384,0.7187183987348076,14,9811.712937602098,optimal,optimal,95.05558739313872,84.01273699392846,0.0,0.5,1200.0000000999999,1200.0000000534444,10800.0,3685.68675252486,2.5125000494195824,4.7373188500005,55965.231646313754,1,40805.20768908182,0,1.00000761449337e-07,optimal,optimal,optimal,51720.35035706096,3749.1938248732827,-45.69716200149526,96.34757686400516
2025-11-18,Q4-3 SEARCH,0.85,0.25,1200.0000000999999,14,1200.0000000999999,optimal,optimal,55937.61761083359,0.0,0.0,14,9730.730767182791,optimal,optimal,-281.5794965711712,0.0,590.3531064688882,0.5795089002903506,14,4633.885388260715,optimal,optimal,321.4635788955787,330.64687333227766,10.187449472684307,0.6973608707522304,14,9511.591653302492,optimal,optimal,644.7190030741986,383.96217979701566,0.0,0.5,1218.4754154629813,1200.0000000999999,10635.66965607168,684.603085398606,265.87960972457677,1176.346514821473,57798.567211053676,9,39616.2479333574,0,1.0000277143262792e-07,optimal,optimal,optimal,54239.465070063176,-255.74291317994906,278.69453350872107,665.2411170957402
2025-11-19,Q4-3 SEARCH,0.85,0.25,1218.4754154629813,14,1218.4754154629813,optimal,optimal,55770.251402675596,0.0,0.0,14,10342.42093709174,optimal,optimal,3768.953461312635,3673.8713382198607,51.541365972084236,0.5547178464017956,14,7139.70224319243,optimal,optimal,-373.76967394936133,16.091161320537935,968.1169424689141,0.6938958369563653,14,9789.44039006337,optimal,optimal,36.708807301581686,26.755244457408708,0.0,0.5,1200.0000000503635,1200.0000000495147,10678.16959082257,3431.8925946648556,149.25429232787894,322.83082602322935,59524.97482336368,4,40194.32707626333,0,1.0000007932831068e-07,optimal,optimal,optimal,53914.641704155445,3628.789462887472,-364.9936957887765,37.590577326665326
2025-11-20,Q4-3 SEARCH,0.85,0.25,1200.0000000503635,14,1200.0000000503635,optimal,optimal,54924.22278265276,0.0,0.0,14,10573.98874682099,optimal,optimal,500.9851228537174,597.67173281656,53.261320970298904,0.5666547547120749,14,6539.153995403117,optimal,optimal,2.3656621489128176,10.476352154351844,43.19618684193699,0.689654782987584,14,9660.674529080034,optimal,optimal,317.64258176914245,195.977791008554,18.875059503200134,0.5,1204.6925927183004,1200.0000000503635,10641.272006080251,820.9933667717727,75.13338385988241,137.95147320507544,55883.167622629604,2,40018.61326041937,0,1.0005169315263629e-07,optimal,optimal,optimal,54604.03879868565,485.2642490885519,2.937038052329699,324.71395513582405
2025-11-21,Q4-3 SEARCH,0.85,0.25,1204.6925927183004,14,1204.6925927183004,optimal,optimal,15792.480710787542,0.0,0.0,14,6970.384587431876,optimal,optimal,138.80322498241608,137.18639134413735,18.480442130490808,0.5454508869813367,14,7665.3937787401765,optimal,optimal,-14.941979878536264,8.120831552105301e-05,42.558034496907275,0.6931012819685736,14,9970.248449455446,optimal,optimal,190.23042776237853,151.35274143198933,0.0,0.5,1200.0000000999999,1200.0000000999999,10552.29698954804,314.09167286625836,28.616050251299672,48.31820083513968,16154.89058448894,1,34844.15019364013,0,1.00000761449337e-07,optimal,optimal,optimal,15206.372237574607,136.63371695308064,-13.84481479521932,194.6969448787381
2025-11-22,Q4-3 SEARCH,0.85,0.25,1200.0000000999999,14,1200.0000000999999,optimal,optimal,17170.878107056662,0.0,0.0,14,8158.731050426548,optimal,optimal,-392.40985974587875,8.410546436893128,1964.4675222108262,0.5756722183957265,14,8322.522303945068,optimal,optimal,-68.57921013770617,10.983463749980046,313.09724209809394,0.6672304762239792,14,9737.338342592595,optimal,optimal,423.3896263278216,291.50016574999376,0.0,0.5,1200.0000000999999,1200.0000000999999,10359.391615613784,-37.599443555763344,226.8787249322608,804.4570423577784,17937.73570585868,11,36007.38717460444,0,1.00000761449337e-07,optimal,optimal,optimal,16838.40198048413,-351.78044540774926,-67.64934937076708,447.13915757145696
2025-11-23,Q4-3 SEARCH,0.85,0.25,1200.0000000999999,14,1200.0000000999999,optimal,optimal,56188.60519044459,0.0,0.0,14,10466.085769499381,optimal,optimal,2143.476243466908,2021.1810974990708,5.726863762807625,0.5628043563649002,14,5896.13903016712,optimal,optimal,-201.72748738974357,0.0,462.1709557526381,0.6811739361076712,14,9831.376430312015,optimal,optimal,1.0807002654303233e-06,7.761142342133098e-07,0.0,0.5,1234.0261652498532,1200.0000000999999,10702.384262316336,1941.7487571578645,2.8481027526625386e-07,6.999982744882997e-07,58130.35394830246,0,38927.52481321938,0,1.0002258932217956e-07,optimal,optimal,optimal,55185.76015448036,2199.647533608006,-206.47112194912262,1.1764078541257234e-06
2025-11-24,Q4-3 SEARCH,0.85,0.25,1234.0261652498532,14,1234.0261652498532,optimal,optimal,55172.94800971454,0.0,0.0,14,9956.992922240726,optimal,optimal,448.1112857156892,559.3545894434142,47.02913155164174,0.5704536516586654,14,6264.233176934681,optimal,optimal,-6.996841872107647,4.785740927497671e-07,26.07981425767798,0.6944796938643858,14,9694.640304167347,optimal,optimal,256.8581849573003,146.85153972380752,0.0,0.5,1200.0000000523246,1200.0000000523246,10764.767825277775,697.9726288008818,315.7429969343986,915.6177734036561,56786.53841191908,10,38413.71037504081,0,1.0000553629652131e-07,optimal,optimal,optimal,54451.85541122096,427.22026538165005,-6.682041751120136,251.44808135218364
2025-11-25,Q4-3 SEARCH,0.85,0.25,1200.0000000523246,14,1200.0000000523246,optimal,optimal,64279.72429946618,0.0,0.0,14,9609.697793075624,optimal,optimal,-1189.0204580059353,0.44263424011546704,2550.481375499511,0.5763086702412551,14,7651.198278097571,optimal,optimal,-1660.0092877064042,0.0,3656.9273924639383,0.717740743423785,14,9822.669248336997,optimal,optimal,71.95734802696768,111.67653841336835,0.0,0.5,1225.2131140598954,1200.0000000523246,10800.0,-2777.072397685372,2.0231569138221103e-07,5.999979802946377e-07,61502.65190238081,0,38383.49995829884,0,1.0000053407566156e-07,optimal,optimal,optimal,63546.24085754032,-1165.7351072627225,-1672.5368475563237,79.97616161815623
2025-11-26,Q4-3 SEARCH,0.85,0.25,1225.2131140598954,14,1225.2131140598954,optimal,optimal,60365.69919950378,0.0,0.0,14,10060.373668666161,optimal,optimal,1305.6889690421726,893.0205597437623,122.6666540804535,0.6340134390522131,14,6633.676963255522,optimal,optimal,-881.1483277938164,0.0,1856.566944614593,0.7410057820406697,14,9949.480024237178,optimal,optimal,20.574481002290955,37.954731037258234,4.833333333333371,0.5,1200.0000000518482,1200.0000000518482,10766.087019744382,445.1151222506472,20.121160704365828,43.11964772355818,60853.933969477985,1,38204.014313019485,0,1.000864813249791e-07,optimal,optimal,optimal,59476.088137639985,1171.3980738504097,-838.5359190334125,20.372483926942397
2025-11-27,Q4-3 SEARCH,0.85,0.25,1200.0000000518482,14,1200.0000000518482,optimal,optimal,58988.88885283104,0.0,0.0,14,10591.671180555557,optimal,optimal,1153.5749282369745,1294.0871199383687,39.83505289827849,0.6554728666658158,14,7696.285879587337,optimal,optimal,-656.0264467114065,0.0,1368.1518935934394,0.740533622654681,14,10595.308106950699,optimal,optimal,136.0597642356212,96.90659304430282,0.0,0.5,1222.5247689944438,1200.0000000518482,10738.411532407408,633.6082457611892,1.688544943167256e-07,6.000029227259131e-07,59622.49709919224,0,38939.695679774624,0,1.0001531336456537e-07,optimal,optimal,optimal,57707.82647858513,1116.2944276309217,-640.4976501594728,138.67506422837755
2025-11-28,Q4-3 SEARCH,0.85,0.25,1222.5247689944438,14,1222.5247689944438,optimal,optimal,15534.308052880537,0.0,0.0,14,8046.604618055556,optimal,optimal,356.3744417074816,797.3372904632726,31.347143453703662,0.6224258006104395,14,7114.937318425925,optimal,optimal,-134.95325411444603,0.0,568.5305435281019,0.7137057759730643,14,9685.849311300875,optimal,optimal,321.50027832490895,233.14440316254735,5.851666666666574,0.5,1200.0,1200.0,10487.616005745316,542.9214659179445,210.89753278122535,792.2982497679204,16869.527768566404,13,35115.29095522725,0,1.0000258043874055e-07,optimal,optimal,optimal,15704.54352518298,350.5606936772833,-136.62787821280278,329.35277164484256
2025-11-29,Q4-3 SEARCH,0.85,0.25,1200.0,14,1200.0,optimal,optimal,20149.589220337995,0.0,0.0,14,9810.192518518517,optimal,optimal,-995.5183616571136,0.0,4401.523272221913,0.6261367661118301,14,8991.231404655498,optimal,optimal,-168.51819220162648,137.95576027496185,1453.734349375015,0.7046256168568605,14,9985.41095782242,optimal,optimal,91.04284013102925,75.7522112046073,0.0,0.5,1200.0000000509917,1200.0,10800.0,-1072.9937137277109,243.1565085293011,527.3028954591775,19603.898402069462,8,35530.838542539816,0,1.00000761449337e-07,optimal,optimal,optimal,19497.66643009874,-795.1832738907389,-78.22233924396575,98.75382237584735
2025-11-30,Q4-3 SEARCH,0.85,0.25,1200.0000000509917,14,1200.0000000509917,optimal,optimal,60967.56823285606,0.0,0.0,14,10600.1495212037,optimal,optimal,1366.662839547505,990.6848791936604,259.53294110712943,0.647150766950558,14,7251.716070882681,optimal,optimal,-471.534141467833,0.0,1021.950600702074,0.6826902121732598,14,9916.14010616313,optimal,optimal,-6.6159531804708696,0.0,14.039157942643754,0.5,1229.248805827954,1200.0000000509917,10800.0,888.512744899201,1.7383598711267815e-07,7.000248845339228e-07,61856.080978455284,0,41667.89839650321,0,1.0002258932217956e-07,optimal,optimal,optimal,59762.2065919213,1245.7015060731485,-422.18161384293364,-6.681224772834601
2025-12-01,Q4-3 SEARCH,0.85,0.25,1229.248805827954,14,1229.248805827954,optimal,optimal,68017.8690693499,0.0,0.0,14,9180.25208700617,optimal,optimal,-160.6453551276641,10.133957416666703,374.2844048344855,0.6480937728237002,14,6346.758732371086,optimal,optimal,-710.1647897042801,17.713500823562526,1453.7219424414616,0.6837976880765383,14,10497.3156622085,optimal,optimal,421.7280756085041,194.59862368772275,0.0,0.5,1200.0000000482776,1200.0,10575.117788192898,-449.08206922344004,4562.838589339917,19192.92650165473,86761.71350178118,52,39698.00120860829,0,1.0000567999668419e-07,optimal,optimal,optimal,62468.276052786096,-151.51481115476025,-695.7970742768237,409.47589424066285
2025-12-02,Q4-3 SEARCH,0.85,0.25,1200.0000000482776,14,1200.0000000482776,optimal,optimal,71899.21658729772,0.0,0.0,14,8401.989831262677,optimal,optimal,2082.316798320629,1458.8121073281698,379.66298753133185,0.6373469217235631,14,6338.8152070950555,optimal,optimal,-440.05449556755786,0.0,955.9152547406005,0.698151824277246,14,9807.211676933848,optimal,optimal,277.2581268047666,125.13294992870368,0.0,0.5,1212.376348793255,1200.0,10710.101002687712,1919.5204295578378,2090.0796265767844,11117.921804568441,84936.658821424,29,39945.19341964749,0,1.0000212569138967e-07,optimal,optimal,optimal,65359.22631058581,2060.2459783935547,-446.5477390758899,256.7929216406721
2025-12-03,Q4-3 SEARCH,0.85,0.25,1212.376348793255,14,1212.376348793255,optimal,optimal,64038.6342117835,0.0,0.0,14,9257.14007193934,optimal,optimal,6693.04300381131,5027.278878569666,0.0,0.6011636494476029,14,5710.806325875118,optimal,optimal,3505.312748635313,2463.0576674443055,0.0,0.6828126305031081,14,9455.278135987648,optimal,optimal,418.49257724832944,188.2672750000033,0.0,0.5,1200.0,1200.0,10260.908763238767,10616.848329694953,1212.4717957715777,5014.632217622843,79670.1147591013,20,41465.86669372555,0,1.0000394468079321e-07,optimal,optimal,optimal,59151.83684616498,6646.853285484684,3420.1418661154703,390.3061179276424
2025-12-04,Q4-3 SEARCH,0.85,0.25,1200.0,14,1200.0,optimal,optimal,70673.87541164433,0.0,0.0,14,7936.606935786807,optimal,optimal,5841.014936188837,3527.7703572926275,101.51281514064294,0.6469914132980007,14,5265.918162963031,optimal,optimal,-918.63750572084,0.0,1669.6503006885096,0.6829347665238384,14,9496.402595025727,optimal,optimal,432.65882015157183,207.32845000000134,32.367450000000076,0.5,1201.0030213560663,1200.0,10373.337980690112,5355.036250619569,1120.2829531560665,6003.905910969954,82032.81757323386,21,36446.7587524868,0,1.0001531336456537e-07,optimal,optimal,optimal,65456.083953343645,5649.30282465466,-919.1547142659882,414.9227885450749
2025-12-05,Q4-3 SEARCH,0.85,0.25,1201.0030213560663,14,1201.0030213560663,optimal,optimal,20026.851913546376,0.0,0.0,14,9045.119200833327,optimal,optimal,2483.688925311676,3519.0648717729805,0.0,0.7050248310853137,14,7221.190263410554,optimal,optimal,74.33232393354753,191.18655760649807,632.775172755365,0.7083751452770298,14,9703.002435185186,optimal,optimal,369.6632577448628,210.40645025017426,10.246918308858369,0.5,1200.000000063747,1200.000000063747,10340.195553379635,2927.6845069900864,608.0400718882131,1882.3886267574403,24836.925047293902,21,35966.38979842681,0,1.00000761449337e-07,optimal,optimal,optimal,18552.858901008734,2306.9479260130465,104.74257378980248,353.39496090991247
2025-12-06,Q4-3 SEARCH,0.85,0.25,1200.000000063747,14,1200.000000063747,optimal,optimal,22940.107266968917,0.0,0.0,14,9416.090876426593,optimal,optimal,-0.9189437500639398,0.0,2.1425598847883975,0.7033072971369774,14,5948.114808926595,optimal,optimal,-113.4298612050869,0.0,345.94671791828506,0.7163603649450242,14,9720.15684014399,optimal,optimal,381.7669859485113,228.0155355370752,31.860481896873864,0.5,1200.0000000488508,1200.0000000488508,10359.762837366214,267.41818099336047,588.0053803539383,2094.8503372818805,25302.37578524416,15,35997.61851142574,0,1.0000803740695119e-07,optimal,optimal,optimal,20762.003149928052,-0.9517164013485659,-122.49873910166966,377.54547629352686
2025-12-07,Q4-3 SEARCH,0.85,0.25,1200.0000000488508,14,1200.0000000488508,optimal,optimal,74191.98148765296,0.0,0.0,14,8398.420232839504,optimal,optimal,1207.0185869234244,1013.0839570428209,778.3767059535742,0.66595392826543,14,6034.500759108181,optimal,optimal,-418.82208624919883,0.0,997.4877593076335,0.7134224198127438,14,9498.885332374259,optimal,optimal,435.197353494483,210.4530253333287,0.0,0.5,1204.538990395717,1200.0,10424.13764575751,1223.3938541687087,243.69323666291334,1363.786986923302,76779.16232874496,8,37498.01243597134,0,1.0000775364460424e-07,optimal,optimal,optimal,68791.73656388422,1275.0104422106795,-387.12929255163095,434.9402491920865
2025-12-08,Q4-3 SEARCH,0.85,0.25,1204.538990395717,14,1204.538990395717,optimal,optimal,76594.66462274999,0.0,0.0,14,8493.195299583587,optimal,optimal,4323.356729059527,3076.6972200157334,-1.1368683772161603e-13,0.6748298045951765,14,8153.233849828945,optimal,optimal,-826.9473014808488,0.0,1929.0252972592436,0.7129415335056082,14,10572.291664824146,optimal,optimal,330.3386397219428,179.90881237843493,0.0,0.5,1236.3549611094431,1204.538990395717,10723.644492777916,3826.7480673006216,1.8803291590574865e-07,7.000007461148925e-07,80421.41269075061,0,37112.41098921315,0,1.0000090287576313e-07,optimal,optimal,optimal,73205.41965396696,4315.928228075375,-812.8008763754499,349.96798002501305
2025-12-09,Q4-3 SEARCH,0.85,0.25,1236.3549611094431,14,1236.3549611094431,optimal,optimal,74843.5594338844,0.0,0.0,14,9310.741297283954,optimal,optimal,676.8010114885674,489.1317189391649,100.92993851875212,0.6535076837597821,14,8008.334003765171,optimal,optimal,-442.510661204061,0.960528706653804,1181.2170496488138,0.7266800834160356,14,10671.873577554532,optimal,optimal,114.99612902869913,65.8090066686915,0.0,0.5,1200.0000000999999,1200.0000000999999,10767.226188665643,349.2864793132055,1.9434167743766875e-07,4e-07,75192.8459135976,0,39538.98840403889,0,1.0002986527979374e-07,optimal,optimal,optimal,72813.44020365758,654.6403299884962,-454.52017212112384,121.34733526136598
2025-12-10,Q4-3 SEARCH,0.85,0.25,1200.0000000999999,14,1200.0000000999999,optimal,optimal,71800.16127239347,0.0,0.0,14,7989.839280622943,optimal,optimal,7565.37865224833,5316.498806418105,1.1368683772161603e-13,0.6664523456234175,14,7382.4224626653595,optimal,optimal,-274.46359165194065,0.0,589.6919923297673,0.7000657071234228,14,10724.680237897548,optimal,optimal,-31.63472439884602,0.0,45.86737079066135,0.5,1200.0000000460946,1200.0000000460946,10800.000000000002,7259.280336197543,114.25319568017409,244.784753088316,79304.22636167932,5,39972.72065438547,0,1.0000030670198612e-07,optimal,optimal,optimal,69272.95378087075,7512.041087686834,-273.0744536027203,-31.343195471425894
2025-12-11,Q4-3 SEARCH,0.85,0.25,1200.0000000460946,14,1200.0000000460946,optimal,optimal,73284.78704148324,0.0,0.0,14,8133.56263076892,optimal,optimal,2794.2008122619345,1984.7425736238727,35.555963563245314,0.6359059092224846,14,6879.275075832517,optimal,optimal,-740.9789592128134,0.0,1664.0319835784496,0.7090983830792559,14,10466.108566570432,optimal,optimal,436.3950932777067,229.49304833661154,4.547473508864641e-13,0.5,1216.4822349911512,1200.0,10476.57353879304,2489.6169463268275,12.54397634955859,27.86644382496178,75802.27043163504,1,37620.05524466347,0,1.0000509246310685e-07,optimal,optimal,optimal,72240.66812559463,2768.8902028296598,-748.9534849965564,433.7048743904561
2025-12-12,Q4-3 SEARCH,0.85,0.25,1216.4822349911512,14,1216.4822349911512,optimal,optimal,23656.32130826972,0.0,0.0,14,10207.983757499998,optimal,optimal,1806.2029624355614,2310.316505283134,-4.547473508864641e-13,0.5997985749225176,14,7411.8810997390665,optimal,optimal,91.7873000866656,275.4185564726645,830.7240619081541,0.6801044106827698,14,9986.332848431624,optimal,optimal,294.49798893014207,162.3180534045278,1.2294419929910987,0.5,1200.0000000597531,1200.0000000597531,10473.20877435755,2192.4882514523692,378.43493300509357,1305.4823902341577,27154.29194995625,13,33021.15779276674,0,1.0000366046369891e-07,optimal,optimal,optimal,22320.10417092544,1460.3126942542062,134.27635681512834,281.9607654989744
2025-12-13,Q4-3 SEARCH,0.85,0.25,1200.0000000597531,14,1200.0000000597531,optimal,optimal,24848.70283234252,0.0,0.0,14,10327.085797407408,optimal,optimal,1126.2460477496754,1252.5551477941513,0.0,0.5924307501719098,14,7407.455348825552,optimal,optimal,-155.96487106767552,45.547859157220955,788.4776517233512,0.6719426003764143,14,9832.95311068815,optimal,optimal,414.9272656661524,240.9146305380452,0.0,0.5,1200.0000000527093,1200.0000000527093,10383.22839,1385.2084423481524,134.5300279231334,461.15276603939657,26695.064040730067,6,32451.58535682909,0,1.0000030670198612e-07,optimal,optimal,optimal,23578.52337103039,1167.2942764951383,-150.0932691638326,407.3045378879483
2025-12-14,Q4-3 SEARCH,0.85,0.25,1200.0000000527093,14,1200.0000000527093,optimal,optimal,71138.52612148527,0.0,0.0,14,9282.708072335065,optimal,optimal,5288.5225313883775,4109.902081056675,0.0,0.6050975231865059,14,6733.376887459999,optimal,optimal,1586.9240384647146,1269.7627954341447,6.895069341562817,0.6781637259127381,14,10515.983166692073,optimal,optimal,376.6505628786044,190.7555153765502,1.1368683772161603e-13,0.5,1210.3506458536197,1200.0000000527093,10714.673987346066,7252.097132731697,1.0705717762279185e-07,3.0000161091738846e-07,78390.62325451696,0,39650.71051635346,0,1.0000258043874055e-07,optimal,optimal,optimal,68527.2918016502,5214.81792692437,1649.5143757130827,387.81245249750503
2025-12-15,Q4-3 SEARCH,0.85,0.25,1210.3506458536197,14,1210.3506458536197,optimal,optimal,75103.65187510743,0.0,0.0,14,9609.298694999998,optimal,optimal,4075.315716854492,2822.7951023011497,0.0,0.6068051861111756,14,8056.556034003557,optimal,optimal,-129.41758591964503,0.0,346.3156124290621,0.6642991777460127,14,10568.876579760677,optimal,optimal,324.00079352320665,169.98957154872255,0.0,0.5,1212.5929481589014,1200.0000000486048,10800.0,4269.898924458054,3.751948249160474,8.576953639624255,79382.12775320512,1,39387.0315566835,0,1.0002986527979374e-07,optimal,optimal,optimal,74438.88985484435,3885.9678294214673,-125.11162935978138,327.43581203030783
2025-12-16,Q4-3 SEARCH,0.85,0.25,1212.5929481589014,14,1212.5929481589014,optimal,optimal,80217.49977625722,0.0,0.0,14,9315.557699763101,optimal,optimal,973.9212045072063,767.3676867829483,216.187893171376,0.6599077346479698,14,9589.01903083508,optimal,optimal,-1493.2393928457702,0.0,3685.305549473298,0.6049856786354371,14,10768.628670462962,optimal,optimal,9.019661589983597e-08,2.5641521048809713e-07,3.165626245876287e-07,0.5,1200.0,1200.0,10800.0,-519.3181882483673,36.153733423499496,82.41299888069322,79780.59458688955,3,39509.45714837559,0,1.00000761449337e-07,optimal,optimal,optimal,79908.34806998109,991.6622570772774,-1450.017077105397,9.999901706692075e-08
2025-12-17,Q4-3 SEARCH,0.85,0.25,1200.0,14,1200.0,optimal,optimal,80153.13491091038,0.0,0.0,14,7965.9280782274145,optimal,optimal,1516.6101495997573,1253.339493505202,752.8148948871528,0.6447440358894859,14,8954.345085897661,optimal,optimal,-964.6022953525169,14.68002073388925,2648.4971909863584,0.6016560314471937,14,10579.489001121225,optimal,optimal,212.37997520827392,115.73865666956169,0.0,0.5,1217.2169860778515,1200.0,10782.643222556462,764.3878294555143,2.0319478827152615,9.388615575277035,80926.91135594116,1,35866.79270410829,0,1.4992360775067937e-07,optimal,optimal,optimal,79964.20136517161,1492.3156123610343,-1017.115055836732,210.51509581949756
2025-12-18,Q4-3 SEARCH,0.85,0.25,1217.2169860778515,14,1217.2169860778515,optimal,optimal,75192.93026765858,0.0,0.0,14,7932.032063094963,optimal,optimal,4692.773776003244,3734.4533543432212,0.0,0.64919780053371,14,9489.361800120121,optimal,optimal,-784.882856194555,0.0,2407.8702565009603,0.5752075999806714,14,10480.973542733076,optimal,optimal,197.31846580164492,128.99941365020504,0.0,0.5,1223.6210666897096,1202.1314814814816,10800.0,4105.209385610335,5.71999023683909,12.838518836477697,79310.97817210539,1,34726.557974079755,0,1.0001531336456537e-07,optimal,optimal,optimal,74511.4346347081,4690.941382059442,-874.4256727244604,203.56817235370886
2025-12-19,Q4-3 SEARCH,0.85,0.25,1223.6210666897096,14,1223.6210666897096,optimal,optimal,24333.83800417526,0.0,0.0,14,10748.138690740741,optimal,optimal,854.4863121718084,1201.9346224609235,0.0,0.6377550056766438,14,8613.387984659988,optimal,optimal,-360.26360649647836,0.0,1360.4603851556615,0.5658187992682979,14,9840.873990740738,optimal,optimal,327.457272952636,225.11017602256226,0.0,0.5,1200.0000001,1200.0000001,10764.54795,821.6799786279661,125.42340605924969,467.9166242679622,25623.43460707119,6,32864.385030235346,0,1.0000042038882384e-07,optimal,optimal,optimal,23960.12226545772,809.7741765282667,-330.12336788099265,313.5167363714288
2025-12-20,Q4-3 SEARCH,0.85,0.25,1200.0000001,14,1200.0000001,optimal,optimal,25838.124156444283,0.0,0.0,14,10793.550742500003,optimal,optimal,-474.816878390075,0.0,1211.3303600632548,0.6727523463040284,14,7248.143414812355,optimal,optimal,-378.9305465053112,14.851642144629182,1360.6373160001813,0.5324825227496145,14,9898.70056445017,optimal,optimal,321.9248291952222,262.5616643210866,0.0,0.5,1200.0000000999999,1200.0000000999999,10793.550742500003,-531.822595700164,224.43891067119606,771.9406364274896,26078.24219717161,6,34799.506409534144,0,1.0000958639011515e-07,optimal,optimal,optimal,25909.330799005664,-486.76260169835143,-379.4643272049645,301.39861922689914
2025-12-21,Q4-3 SEARCH,0.85,0.25,1200.0000000999999,14,1200.0000000999999,optimal,optimal,76283.90757602495,0.0,0.0,14,9249.02563708306,optimal,optimal,486.52138684815026,611.2947062048852,894.110495408784,0.6735423800968104,14,7892.080567376385,optimal,optimal,-485.41667310618175,0.0,1155.4999375818056,0.5161612824884895,14,10519.788243112282,optimal,optimal,174.19922266568057,113.82378877697882,0.0,0.5,1233.0282428113255,1200.0000000999999,10799.999999999998,175.30393640764908,7.550944189752223e-08,3.000014776513126e-07,76459.21151273261,0,41036.40501722905,0,1.0001531336456537e-07,optimal,optimal,optimal,76341.94294556062,510.1535033110828,-489.4741743240226,182.59248598399154
2025-12-22,Q4-3 SEARCH,0.85,0.25,1233.0282428113255,14,1233.0282428113255,optimal,optimal,75011.36490852357,0.0,0.0,14,8535.705566307788,optimal,optimal,1926.4857649156277,1416.5034357672262,300.7541794717337,0.6370181998310713,14,7196.603874608777,optimal,optimal,-198.66929169094067,0.0,431.8778090675787,0.5162576220476149,14,10713.316415478099,optimal,optimal,14.899438023935469,30.309151333335308,7.085379337804625,0.5,1200.0000000504022,1200.0,10800.0,1742.7159112486224,163.94247844621333,728.2157132548376,77482.29653302702,7,41948.37657644003,0,1.0002986527979374e-07,optimal,optimal,optimal,74392.54837415542,1945.1179958538855,-200.19167498124105,13.485291879013852
2025-12-23,Q4-3 SEARCH,0.85,0.25,1200.0000000504022,14,1200.0000000504022,optimal,optimal,76535.7949268629,0.0,0.0,14,8798.788899794454,optimal,optimal,-150.24780557755008,234.22016264377942,1293.09027441111,0.5966270834504038,14,7423.78318522643,optimal,optimal,-424.98834512991164,0.0,969.6646581989125,0.5658864161025032,14,10635.424123672488,optimal,optimal,59.21785893358877,35.54821054979607,0.0,0.5,1200.0000000486689,1200.0000000486689,10729.628574191021,-516.018291773873,13.112889198356909,29.44117962376523,76049.2178147128,2,39385.032136255715,0,1.0001531336456537e-07,optimal,optimal,optimal,76098.97576899044,-128.70444315812205,-431.1667083788133,58.751294797066535
2025-12-24,Q4-3 SEARCH,0.85,0.25,1200.0000000486689,14,1200.0000000486689,optimal,optimal,75453.76872846446,0.0,0.0,14,9437.30644675556,optimal,optimal,369.76288147781156,421.0583831970753,567.2162322797112,0.5970461351492158,14,7518.4292584080085,optimal,optimal,-775.4772340097572,0.0,1481.8524702755326,0.5788801508142505,14,10588.182372806235,optimal,optimal,96.45721635661374,72.70903039105826,0.0,0.5,1212.8560269976606,1200.0,10695.162410863704,-309.25713617533194,104.50931877587689,565.0075028685706,75709.5190951577,3,39547.07774827598,0,1.0003509487432893e-07,optimal,optimal,optimal,75839.7392736805,353.5208467884721,-758.4202969660699,93.4364904524774
2025-12-25,Q4-3 SEARCH,0.85,0.25,1212.8560269976606,14,1212.8560269976606,optimal,optimal,70868.11279836099,0.0,0.0,14,9282.82001989626,optimal,optimal,622.8062798576354,577.6947189370406,519.7162989511905,0.5742701733120054,14,6102.822465484754,optimal,optimal,1194.749907561019,808.2206185459306,1.2755504686779204,0.5564793848446332,14,10535.14180160726,optimal,optimal,249.80212231984456,133.96357428026045,3.508686288945978,0.5,1200.0000000811413,1200.0,10630.094940331766,2067.358309738499,112.96906206927935,437.34445836777627,73372.81556646727,5,40832.19194510679,0,1.0000098882301245e-07,optimal,optimal,optimal,69769.71143044776,596.0071083331023,1181.8403221071092,254.11745878819067
2025-12-26,Q4-3 SEARCH,0.85,0.25,1200.0000000811413,14,1200.0000000811413,optimal,optimal,23353.21874017708,0.0,0.0,14,10205.548518518517,optimal,optimal,-101.0270863713194,0.0,425.7867585707399,0.5819003276456636,14,7317.585114346804,optimal,optimal,-413.9977108231577,0.0,1556.9307007844577,0.6129184612127577,14,9931.2506853812,optimal,optimal,192.79843514280827,118.23410040139748,0.0,0.5,1200.0000000999999,1200.0000000811413,10800.0,-322.2263620516688,327.341256310272,983.3202075301563,24014.312585655567,5,36943.02335947534,0,1.00000761449337e-07,optimal,optimal,optimal,22848.999526670552,-111.05643863666383,-426.9815049229371,195.82279891951174
2025-12-27,Q4-3 SEARCH,0.85,0.25,1200.0000000999999,14,1200.0000000999999,optimal,optimal,23166.698033987035,0.0,0.0,14,10084.459535555556,optimal,optimal,-219.95394423942207,0.0,795.9700160987081,0.5667241990353776,14,7658.185130452655,optimal,optimal,-418.26970539685317,-1.7053025658242404e-13,1549.570487139948,0.6464055111115669,14,9781.036666666667,optimal,optimal,362.75669712254074,228.84282580083186,0.0,0.5,1200.0000000999999,1200.0000000999999,10655.78546148148,-275.4669525137345,92.49649961735652,220.44654780257073,23111.67762927587,6,37243.85315895388,0,1.0000030670198612e-07,optimal,optimal,optimal,23598.400124261843,-196.69137421271964,-396.6547328264011,370.62728514548166
2025-12-28,Q4-3 SEARCH,0.85,0.25,1200.0000000999999,14,1200.0000000999999,optimal,optimal,72923.35164955593,0.0,0.0,14,9286.942173196292,optimal,optimal,272.98490227490913,432.8482044805395,804.9974534111064,0.581553872172904,14,6617.202412204125,optimal,optimal,-609.480354158265,18.381839999998988,1315.938121694471,0.6439108888432244,14,10471.581046812838,optimal,optimal,357.04841114586577,184.9701973100274,0.0,0.5,1234.1003895499784,1200.0000000999999,10711.28521432054,20.552959262509944,116.28660610285505,271.94131324603313,73215.84592206447,6,40284.603632639424,0,1.0000430665968452e-07,optimal,optimal,optimal,73612.5909083856,251.7600023337575,-620.1416390254368,356.6409357334446
2025-12-29,Q4-3 SEARCH,0.85,0.25,1234.1003895499784,14,1234.1003895499784,optimal,optimal,70712.21022035817,0.0,0.0,14,10370.41218444445,optimal,optimal,100.07889212655115,85.86709843432243,47.133167646385346,0.6005516501070849,14,6874.0842086673065,optimal,optimal,-88.43263719395142,13.835217331577383,235.40483676490499,0.6641562355769401,14,10492.13940573723,optimal,optimal,27.382494971369596,31.583166323787054,0.0,0.5,1200.0000000527718,1200.0000000527718,10800.0,39.02874990396933,5.627304525348145,11.84829017478086,70763.08726043692,1,42692.60691449565,0,1.000010179268429e-07,optimal,optimal,optimal,71503.9188065992,99.69853620580787,-87.04581593701268,27.926785005396546
2025-12-30,Q4-3 SEARCH,0.85,0.25,1200.0000000527718,14,1200.0000000527718,optimal,optimal,70264.6289459827,0.0,0.0,14,10136.799128686107,optimal,optimal,1089.9275419856274,841.1284721961548,285.03499672457167,0.6007256872824439,14,6446.060322499998,optimal,optimal,-615.3400801024977,0.0,1392.5077427519864,0.6126122709541754,14,10626.829621065452,optimal,optimal,40.35891307574807,72.2737056404942,0.0,0.5,1254.8302964550496,1200.0,10687.79472604664,514.9463749588778,156.98061234050644,1072.485012963616,71852.06033390519,2,42880.438630615216,0,1.0000329848480759e-07,optimal,optimal,optimal,71142.61089233123,1039.3780935787647,-622.7969946859168,48.38817781134959
2025-12-31,Q4-3 SEARCH,0.85,0.25,1254.8302964550496,14,1254.8302964550496,optimal,optimal,72665.74387244393,0.0,0.0,14,10261.240837116064,optimal,optimal,248.22859667173446,277.3785009076828,524.9823381408103,0.5666711450276865,14,6797.405441004611,optimal,optimal,-84.35038552118445,80.60412288283635,387.75295833216364,0.6313463178122489,14,10704.17401833333,optimal,optimal,-1.7625300639973738,0.0,2.8030058269678335,0.5,1200.0000000481,1200.0000000481,10799.999999999998,162.11568108655266,100.94920828662285,233.1926711420988,73061.05222467257,1,44311.49474970271,0,1.0002986527979374e-07,optimal,optimal,optimal,72767.56322958451,252.73318427586534,-82.44948555910128,-1.7555386650287041
