date,run_label,alpha,lambda,soc_start_kwh,scenario_count_00,soc_00_kwh,plan_primary_status_00,plan_secondary_status_00,plan_cost_00_yuan,increase_00_kwh,decrease_00_kwh,scenario_count_06,soc_06_kwh,plan_primary_status_06,plan_secondary_status_06,adjustment_cost_06_yuan,increase_06_kwh,decrease_06_kwh,rho_06,scenario_count_12,soc_12_kwh,plan_primary_status_12,plan_secondary_status_12,adjustment_cost_12_yuan,increase_12_kwh,decrease_12_kwh,rho_12,scenario_count_18,soc_18_kwh,plan_primary_status_18,plan_secondary_status_18,adjustment_cost_18_yuan,increase_18_kwh,decrease_18_kwh,rho_18,soc_end_kwh,soc_min_kwh,soc_max_kwh,adjustment_cost_total_yuan,actual_emergency_purchase_kwh,actual_emergency_cost_yuan,total_actual_cost_yuan,emergency_slot_count,actual_throughput_kwh,simultaneous_slots,max_constraint_violation,actual_primary_status,actual_secondary_status,actual_tertiary_status
2025-02-01,ANNUAL REFERENCE ONLY,0.95,2.0,6000.0,2,6000.0,optimal,optimal,21719.94543355953,0.0,0.0,2,9642.039444444446,optimal,optimal,-984.1827128643608,0.0,3016.4040319831397,0.6203361283146992,2,7124.128017037038,optimal,optimal,-75.30368939828153,0.0,195.5807070192596,0.5219275667876406,2,10197.944476851852,optimal,optimal,-30.973470065879933,0.0,62.756499171064675,0.5,1200.0000001,1200.0000001,10800.000000000002,-1090.4598723285221,31.88885432864964,115.43195186615007,20744.917513097156,2,30842.755403720614,0,1.0000030670198612e-07,optimal,optimal,optimal
2025-02-02,ANNUAL REFERENCE ONLY,0.95,2.0,1200.0000001,3,1200.0000001,optimal,optimal,57517.54812983773,0.0,0.0,3,10771.232306534266,optimal,optimal,-1230.9051505970353,9.157730099887885,3718.264355537847,0.630420805544078,3,7656.592467969518,optimal,optimal,-331.9317058289897,29.538682462032057,1163.9228574942722,0.5328440473078151,3,10800.0,optimal,optimal,1e-07,1.5797806037958534e-07,2.2737367544323206e-13,0.5,1225.0407358327268,1200.0000001,10800.0,-1562.8368563260249,12.212987546772625,26.459437518749873,55981.170711030456,1,40766.17092579348,0,1.0000849215430208e-07,optimal,optimal,optimal
2025-02-03,ANNUAL REFERENCE ONLY,0.95,2.0,1225.0407358327268,4,1225.0407358327268,optimal,optimal,59093.48325071163,0.0,0.0,4,10794.161419753087,optimal,optimal,-1626.7411086855072,0.0,4624.542503463229,0.6081206271476367,4,7638.409423039329,optimal,optimal,-515.3194351759676,-5.684341886080801e-13,1537.8957574895712,0.5188848576958215,4,10786.822222222223,optimal,optimal,22.27663809999937,11.859999999998818,0.0,0.5,1277.7602025961023,1225.0407358327268,10800.0,-2119.7839057614756,104.40272012886243,391.4275183615578,57365.126863311714,6,41442.299920969606,0,1.0002258932217956e-07,optimal,optimal,optimal
2025-02-04,ANNUAL REFERENCE ONLY,0.95,2.0,1277.7602025961023,5,1277.7602025961023,optimal,optimal,60971.52230515418,0.0,0.0,5,10799.999999999998,optimal,optimal,-1334.8143194555312,159.7802744378369,4231.8018766668265,0.604213286359979,5,7942.732885092671,optimal,optimal,-848.0840445519432,0.0,2483.7646664509866,0.5361436228440177,5,10792.654320987655,optimal,optimal,12.417650100003051,6.611111111110802,0.0,0.5,1274.1064432698436,1274.1064432698436,10800.000000000002,-2170.4807139074715,83.70572715419613,223.29167144809873,59024.33326269481,6,42191.695914882795,0,1.0000644579122309e-07,optimal,optimal,optimal
2025-02-05,ANNUAL REFERENCE ONLY,0.95,2.0,1274.1064432698436,6,1274.1064432698436,optimal,optimal,57353.28572830621,0.0,0.0,6,10800.0,optimal,optimal,-267.18698224364255,336.8706296869674,1899.7964132282123,0.6073189178332172,6,7057.38118332164,optimal,optimal,-408.1269078834019,0.0,1094.7274017603506,0.5500793609993078,6,10800.000000000002,optimal,optimal,9.999999999999997e-08,2.162790833295915e-07,1.7518848703585688e-07,0.5,1277.087736885722,1274.1064432698436,10800.000000000002,-675.3138900270445,134.3824440413823,426.80301909660506,57104.77485737577,7,42260.0071287095,0,1.0000542260968359e-07,optimal,optimal,optimal
2025-02-06,ANNUAL REFERENCE ONLY,0.95,2.0,1277.087736885722,7,1277.087736885722,optimal,optimal,61391.93015291433,0.0,0.0,7,10797.222530864196,optimal,optimal,-1815.589376272765,0.0,4965.72317454638,0.6235349872124988,7,7765.633397533626,optimal,optimal,-1117.347604301002,0.0,3153.4712019728204,0.5707119684648804,7,10796.047530864198,optimal,optimal,6.681530599990913,3.5572222222222867,0.0,0.5,1278.704378157239,1277.087736885722,10800.0,-2926.255449973776,106.1639473700991,232.25368047291937,58697.92838341347,4,41791.39170870985,0,1.000091742753284e-07,optimal,optimal,optimal
2025-02-07,ANNUAL REFERENCE ONLY,0.95,2.0,1278.704378157239,8,1278.704378157239,optimal,optimal,23851.720728373562,0.0,0.0,8,10018.20918856481,optimal,optimal,-910.8759252884274,0.0,3046.168995338801,0.6423505795163891,8,7397.719001932886,optimal,optimal,-478.1107802929026,0.0,1639.8628938071854,0.6644873138638798,8,9857.922070987655,optimal,optimal,-9.330032625282763,2.1627485732035147e-07,18.90392627240131,0.5,1320.8816027725677,1210.2488996913573,10800.0,-1398.3167382066126,107.51145435483437,426.83224206877065,22880.23623223572,4,35506.6975767482,0,1.0000530892284587e-07,optimal,optimal,optimal
2025-02-08,ANNUAL REFERENCE ONLY,0.95,2.0,1320.8816027725677,9,1320.8816027725677,optimal,optimal,19424.548034831714,0.0,0.0,9,8242.78749697415,optimal,optimal,-104.9411849743,7.326614365056514,294.7452128425027,0.6251944679866634,9,7403.960153640817,optimal,optimal,-22.441887260246258,0.9439153216314935,56.568413892304356,0.7212701175370082,9,9849.687000841885,optimal,optimal,180.92621674656235,125.93790892067346,35.08105583333475,0.5,1340.9964118698044,1268.093527777773,10800.0,53.543144512016084,247.85580418129382,880.1652819295795,20358.256461273308,15,34607.40362036868,0,1.0000803740695119e-07,optimal,optimal,optimal
2025-02-09,ANNUAL REFERENCE ONLY,0.95,2.0,1340.9964118698044,10,1340.9964118698044,optimal,optimal,56985.85712554543,0.0,0.0,10,10798.01286111111,optimal,optimal,-768.4629026791162,0.36215565518421045,1818.4737788712837,0.6518986649382474,10,8071.035553913798,optimal,optimal,-699.8100620893391,1.316063368296227,2184.3392496449305,0.7139956059165149,10,10767.603727927324,optimal,optimal,21.80114135740147,18.44831153207531,15.39874690612413,0.5,1294.772563116267,1290.434279907404,10800.0,-1446.4718234110537,125.97083898409292,472.0152935238912,56011.40059565827,6,41305.68219981952,0,1.0002258932217956e-07,optimal,optimal,optimal
2025-02-10,ANNUAL REFERENCE ONLY,0.95,2.0,1294.772563116267,11,1294.772563116267,optimal,optimal,54050.670767942516,0.0,0.0,11,10166.12341455247,optimal,optimal,-2221.2853855399667,0.302668587834205,6211.445603563927,0.632296215923355,11,7605.153757887789,optimal,optimal,334.8105051345548,486.38974544596584,791.7726682287673,0.7122470447481396,11,10800.0,optimal,optimal,-11.562962377342808,0.0,28.820693294278087,0.5,1204.7374252454226,1204.7374252454226,10800.000000000002,-1898.0378427827548,186.58314016865074,433.0707666470826,52585.70369180685,5,40904.57599266741,0,1.0002258932217956e-07,optimal,optimal,optimal
2025-02-11,ANNUAL REFERENCE ONLY,0.95,2.0,1204.7374252454226,12,1204.7374252454226,optimal,optimal,54941.78268913885,0.0,0.0,12,9885.878620370371,optimal,optimal,-1713.5635435201339,0.05186519627159214,4468.022090392037,0.6087291375097827,12,6734.128055947902,optimal,optimal,-696.6548579704767,0.0,1839.0598780524856,0.7061748899852236,12,10800.0,optimal,optimal,-11.182430956393397,0.0,27.040845675193225,0.5,1268.9469032395025,1200.0,10800.0,-2421.400832447004,680.1319924304923,2116.581048798989,54636.96290549083,18,42618.471869581794,0,1.0001531336456537e-07,optimal,optimal,optimal
2025-02-12,ANNUAL REFERENCE ONLY,0.95,2.0,1268.9469032395025,13,1268.9469032395025,optimal,optimal,54505.41480022283,0.0,0.0,13,10559.814568395064,optimal,optimal,-1894.4912999621158,0.6889335652032287,5187.313764245167,0.6160564084196161,13,7380.463001757222,optimal,optimal,-506.80962986017465,2.878439202735649,1506.501647726853,0.7216505498964687,13,10618.715140541535,optimal,optimal,225.3417796966343,163.15637351262046,9.985632402389683,0.5,1269.2048637080843,1199.9999999999998,10800.0,-2175.9591501256564,702.5471452955358,2420.6978357609514,54750.15348585813,27,41847.08411636766,0,1.0000167094403878e-07,optimal,optimal,optimal
2025-02-13,ANNUAL REFERENCE ONLY,0.95,2.0,1269.2048637080843,14,1269.2048637080843,optimal,optimal,50956.88937579142,0.0,0.0,14,9794.124149598758,optimal,optimal,-1496.1226828871886,55.45330379012921,4482.683215077735,0.6239763911438716,14,7441.310768644275,optimal,optimal,688.6393673360282,742.9213822201326,498.4319038765202,0.7152704096105844,14,10800.0,optimal,optimal,-31.900032551672517,0.0,49.53036666666437,0.5,1406.9839886141779,1269.2048637080843,10800.0,-839.383348102833,147.44205033078637,483.910900452083,50601.416928140665,4,40502.30616223971,0,1.0000110250985017e-07,optimal,optimal,optimal
2025-02-14,ANNUAL REFERENCE ONLY,0.95,2.0,1406.9839886141779,14,1406.9839886141779,optimal,optimal,19000.86169863848,0.0,0.0,14,8092.513494257846,optimal,optimal,178.05722758266998,235.8562284855781,375.7658069444444,0.6139351606603018,14,6890.333610368955,optimal,optimal,332.439476003835,265.6132466541489,1.1368683772161603e-13,0.6610797178699424,14,9972.387262513794,optimal,optimal,157.9196837322217,112.6432147990052,-1.1368683772161603e-13,0.5,1337.076487477912,1337.076487477912,10800.0,668.4163873187267,75.7976517209746,162.69173392697692,19831.969819884187,5,33620.68349922784,0,1.0000803740695119e-07,optimal,optimal,optimal
2025-02-15,ANNUAL REFERENCE ONLY,0.95,2.0,1337.076487477912,14,1337.076487477912,optimal,optimal,18896.53775414832,0.0,0.0,14,6541.912112499999,optimal,optimal,-374.66312671601264,49.625856906726426,1332.1563562049605,0.6534422560226923,14,6527.794023086344,optimal,optimal,164.69891488195677,134.95952784833506,1.1368683772161603e-13,0.5906384331605111,14,9899.536931063354,optimal,optimal,238.7306780581277,172.29616732247092,-5.684341886080802e-14,0.5,1209.9411180555553,1200.0,10729.11458880255,28.76646622407182,516.6292859416602,1399.3480998521973,20324.652320224588,18,33429.17670944727,0,1.000043994281441e-07,optimal,optimal,optimal
2025-02-16,ANNUAL REFERENCE ONLY,0.95,2.0,1209.9411180555553,14,1209.9411180555553,optimal,optimal,53747.738373925444,0.0,0.0,14,9948.145042438273,optimal,optimal,-1637.980502849234,134.79757949999953,4897.667326987435,0.6479058734291734,14,6475.792831944064,optimal,optimal,-142.70342665855497,0.0,362.9901350026847,0.5846020608283324,14,10469.605299182458,optimal,optimal,405.5359364418175,297.3552307357867,0.0,0.5,1313.1402056737586,1209.9411180555553,10737.728129453375,-1375.1479930659714,66.5417870430765,148.86699772884302,52521.45737858832,2,41009.65042294897,0,1.00000761449337e-07,optimal,optimal,optimal
2025-02-17,ANNUAL REFERENCE ONLY,0.95,2.0,1313.1402056737586,14,1313.1402056737586,optimal,optimal,53475.63346225208,0.0,0.0,14,10144.973198703867,optimal,optimal,-1839.180682914042,83.95443802641938,5686.90128519342,0.6703462412443004,14,8167.793452487444,optimal,optimal,-824.0760839226502,20.939399458832668,2880.750239399962,0.5739117568211114,14,10486.48164454216,optimal,optimal,261.7346315663373,210.01321050347048,0.0,0.5,1270.59654116638,1243.5945167592592,10512.27259954216,-2401.522135270355,1.4133579833425733e-07,2.999998672388756e-07,51074.11132728173,0,36978.29155437098,0,1.0000030670198612e-07,optimal,optimal,optimal
2025-02-18,ANNUAL REFERENCE ONLY,0.95,2.0,1270.59654116638,14,1270.59654116638,optimal,optimal,47537.98254777531,0.0,0.0,14,9070.314163888894,optimal,optimal,338.4628639755467,481.5507252991156,68.85946342492389,0.7300710487666738,14,7500.167656466506,optimal,optimal,-108.4842035621703,3.530926905541662,279.9125888327649,0.5798435495271779,14,10340.502285904022,optimal,optimal,583.1161569043426,378.34563523605647,0.0,0.5,1286.475293956252,1245.0126468518483,10340.502285904022,813.0948173177189,817.7485078655752,2951.9302888459097,51303.00765393894,11,37666.33717084953,0,1.0000803740695119e-07,optimal,optimal,optimal
2025-02-19,ANNUAL REFERENCE ONLY,0.95,2.0,1286.475293956252,14,1286.475293956252,optimal,optimal,48071.9624460308,0.0,0.0,14,9200.315771733684,optimal,optimal,-61.84823841483089,215.4333680108449,943.9106475523777,0.7097006428897662,14,5855.855879559622,optimal,optimal,1951.2092469032282,1950.929077789306,41.636470196585606,0.5568894837691477,14,10529.199255937829,optimal,optimal,177.6526613856651,221.19907120989131,0.0,0.5,1200.0000000519697,1200.0,10539.977640937828,2067.0136698740625,322.33855106237,810.046957385581,50949.02307329044,12,40852.3048391101,0,1.00000761449337e-07,optimal,optimal,optimal
2025-02-20,ANNUAL REFERENCE ONLY,0.95,2.0,1200.0000000519697,14,1200.0000000519697,optimal,optimal,49736.83480751015,0.0,0.0,14,9595.043561265431,optimal,optimal,569.111759730774,1052.6893527262341,1929.3932589795077,0.6941123663921002,14,6772.0588978934975,optimal,optimal,-311.9077517277263,0.0,928.8031887547645,0.5773763433242316,14,10591.712744110646,optimal,optimal,235.26250985259608,184.53494304922827,0.0,0.5,1297.4461045959442,1200.0000000519697,10688.280709107257,492.4665178556438,1.5582830896570546e-07,4.000012787495507e-07,50229.3013257658,0,39468.15025362326,0,1.000011716314475e-07,optimal,optimal,optimal
2025-02-21,ANNUAL REFERENCE ONLY,0.95,2.0,1297.4461045959442,14,1297.4461045959442,optimal,optimal,18026.39946412265,0.0,0.0,14,7049.579923529221,optimal,optimal,29.311250690539268,37.834274767921386,50.33745998784398,0.6807243089816691,14,8207.083151677369,optimal,optimal,121.68022221301648,99.1461497015577,55.07696246618318,0.6081860077554624,14,9770.923712962964,optimal,optimal,399.4107738915847,268.4177882391787,0.0,0.5,1268.563291424898,1240.0399864374656,10405.408567069886,550.4022467951404,261.8699710924256,1348.5410388589694,19925.34274977676,5,31920.694989807424,0,1.0000712245528121e-07,optimal,optimal,optimal
2025-02-22,ANNUAL REFERENCE ONLY,0.95,2.0,1268.563291424898,14,1268.563291424898,optimal,optimal,18302.375933176772,0.0,0.0,14,6073.594481296294,optimal,optimal,405.7325049320708,401.3023267335906,64.55231899375673,0.6548405726401891,14,7078.572937246088,optimal,optimal,-126.36747542128145,0.0,364.77977856690296,0.6266667170020838,14,9850.860556068474,optimal,optimal,563.3620459294344,392.12433785677194,0.0,0.5,1278.6337876049993,1225.23477724609,10617.882046882129,842.7270754402238,75.96768478453744,190.83290794352325,19335.93591656052,4,31508.310492788027,0,1.0000245765695582e-07,optimal,optimal,optimal
2025-02-23,ANNUAL REFERENCE ONLY,0.95,2.0,1278.6337876049993,14,1278.6337876049993,optimal,optimal,49145.93332774185,0.0,0.0,14,9706.434043703703,optimal,optimal,776.2026347159762,759.4108883842637,137.68192966084416,0.642413030745127,14,6424.836044544404,optimal,optimal,-586.0268367413598,0.0,1623.4099334335842,0.644139191617846,14,10691.01968751134,optimal,optimal,159.20175294746855,94.78478123979505,1.1368683772161603e-13,0.5,1266.0254158827079,1200.7739159827079,10715.05127772512,349.3775509220849,1.9802130020387255e-07,8.999970735501847e-07,49495.310879563935,0,41440.112782193944,0,1.0000245765695582e-07,optimal,optimal,optimal
2025-02-24,ANNUAL REFERENCE ONLY,0.95,2.0,1266.0254158827079,14,1266.0254158827079,optimal,optimal,47332.372201561106,0.0,0.0,14,9959.559259259258,optimal,optimal,671.7267992536208,1015.2214087188324,30.057949435991645,0.6201905997217892,14,6951.247466071705,optimal,optimal,-519.3565315548703,0.0,1414.3183062181524,0.6697042553529229,14,10589.161833969698,optimal,optimal,334.5537264729093,186.4568494272727,0.0,0.5,1250.3110678773066,1228.8141513261276,10800.0,486.9239941716598,264.70953647836365,1299.277126514914,49118.57332224768,6,37142.927119596345,0,1.0000245765695582e-07,optimal,optimal,optimal
2025-02-25,ANNUAL REFERENCE ONLY,0.95,2.0,1250.3110678773066,14,1250.3110678773066,optimal,optimal,48760.635663572946,0.0,0.0,14,9790.613740185185,optimal,optimal,7.489784241536739,555.4231426843309,1538.31712413765,0.5659958479968336,14,7886.708540871266,optimal,optimal,-1011.7637921911746,0.0,3287.382427788227,0.6663253470070647,14,10650.923894361476,optimal,optimal,228.92573100852655,130.8709950746739,0.0,0.5,1240.9519433376333,1200.0000000526593,10799.600805,-775.3482769411113,19.605926266455967,41.368504551831506,48026.65589118366,1,37704.62081917738,0,1.0001531336456537e-07,optimal,optimal,optimal
2025-02-26,ANNUAL REFERENCE ONLY,0.95,2.0,1240.9519433376333,14,1240.9519433376333,optimal,optimal,44268.92478590214,0.0,0.0,14,9781.313034150155,optimal,optimal,1179.402130776739,1434.4036884634152,0.8259715350003869,0.5725853594492636,14,6512.430960479332,optimal,optimal,1509.834887285716,1534.0017773764464,27.471671008473777,0.6948286788827562,14,10570.369490919295,optimal,optimal,349.38746138989444,197.37912483930066,-1.1368683772161603e-13,0.5,1237.7515350038461,1222.7305629342834,10677.81296007608,3038.624479452349,291.9336097467682,1427.262639637072,48734.81190499156,9,40011.27236341986,0,1.0001096484302252e-07,optimal,optimal,optimal
2025-02-27,ANNUAL REFERENCE ONLY,0.95,2.0,1237.7515350038461,14,1237.7515350038461,optimal,optimal,45675.51388435137,0.0,0.0,14,9914.93780259259,optimal,optimal,221.77170187327937,645.7538210198127,1525.6345913393207,0.5833796644757399,14,6827.52946935362,optimal,optimal,90.88711721984798,130.8535029763912,189.66197515540188,0.694164167752262,14,10484.25616767275,optimal,optimal,446.40201923510824,284.16944925681673,0.0,0.5,1247.3875738542476,1199.9999999999998,10797.495209999997,759.0608383282356,223.20703131956884,1063.3598632286787,47497.93458590829,9,40870.18195439191,0,1.0000189831771422e-07,optimal,optimal,optimal
2025-02-28,ANNUAL REFERENCE ONLY,0.95,2.0,1247.3875738542476,14,1247.3875738542476,optimal,optimal,17571.987943546876,0.0,0.0,14,6008.2636790898105,optimal,optimal,-85.00638650239206,33.505603924741706,267.5011804835778,0.5840047976994293,14,9034.266978635822,optimal,optimal,85.97084296937571,77.82279269734653,50.97755316679472,0.6861676199693404,14,9661.910368426576,optimal,optimal,389.1369940756387,248.98421837044575,0.0,0.5,1252.1361915121001,1202.7995426148857,10521.809325836444,390.1014505426224,1.9291126961044237e-07,6.000040289326989e-07,17962.0893946895,0,31457.72579095078,0,1.000049660433433e-07,optimal,optimal,optimal
2025-03-01,ANNUAL REFERENCE ONLY,0.95,2.0,1252.1361915121001,14,1252.1361915121001,optimal,optimal,20187.285845772516,0.0,0.0,14,9751.567759259258,optimal,optimal,-274.6592474901762,10.125808099325695,999.8277818013905,0.5715688806782705,14,10286.876731060995,optimal,optimal,-112.62866150123124,0.0,280.0172333324531,0.6753199760646394,14,9817.88500925926,optimal,optimal,396.4360736699902,298.644087935492,0.0,0.5,1244.3491478935166,1226.968184081481,10800.0,9.14816467858276,47.11180715208616,246.30838167940198,20442.7423921305,2,29125.342312125496,0,1.0000007932831068e-07,optimal,optimal,optimal
2025-03-02,ANNUAL REFERENCE ONLY,0.95,2.0,1244.3491478935166,14,1244.3491478935166,optimal,optimal,51932.148915888116,0.0,0.0,14,9732.686291209262,optimal,optimal,668.1696436623239,903.3439632427104,967.9580983258277,0.5859467581707153,14,8072.867524980775,optimal,optimal,-880.0840792329045,0.0,2698.843368638062,0.6744831662607093,14,10465.438080494592,optimal,optimal,387.89023906349473,290.5770842844022,0.0,0.5,1229.8503848412704,1200.000000052411,10800.0,175.9758034929141,15.69501217646814,33.19776775666216,52141.32248713769,2,40312.86384174375,0,1.0000519523600815e-07,optimal,optimal,optimal
2025-03-03,ANNUAL REFERENCE ONLY,0.95,2.0,1229.8503848412704,14,1229.8503848412704,optimal,optimal,53263.621099039636,0.0,0.0,14,9890.436572623456,optimal,optimal,-969.7788152630899,351.51907317660454,3938.629162877338,0.5977997556604822,14,8277.464924696476,optimal,optimal,-525.0436760874226,116.48003328813138,2349.2953262048177,0.6631549236624823,14,10255.575101593144,optimal,optimal,392.0131163640609,289.16660089574077,0.0,0.5,1229.1785893295328,1200.0,10576.751598252551,-1102.8093749864515,23.231891675602267,109.92004904102053,52270.73177309421,2,38961.04867132732,0,1.0001531336456537e-07,optimal,optimal,optimal
2025-03-04,ANNUAL REFERENCE ONLY,0.95,2.0,1229.1785893295328,14,1229.1785893295328,optimal,optimal,47474.43161805736,0.0,0.0,14,10005.065740740742,optimal,optimal,287.98538936120787,516.8870167026556,315.76361251838705,0.6143047116896048,14,7829.610363280989,optimal,optimal,-425.1007513834273,0.0,1517.5128814602986,0.6618508705692833,14,10286.893041970125,optimal,optimal,514.171524169643,461.796262226888,0.0,0.5,1206.7188339932698,1200.000000052411,10800.0,377.0561621474236,243.24853937699112,810.9389246927642,48662.42670489755,6,38173.94336319789,0,1.0001531336456537e-07,optimal,optimal,optimal
2025-03-05,ANNUAL REFERENCE ONLY,0.95,2.0,1206.7188339932698,14,1206.7188339932698,optimal,optimal,49916.360412903276,0.0,0.0,14,9671.621606916056,optimal,optimal,-796.4069604940458,42.69894304425065,2478.4399033388327,0.615307660510601,14,8785.544087151451,optimal,optimal,-1285.364252592081,12.675845992183099,4279.1120445150245,0.6095466662302056,14,10310.008535736517,optimal,optimal,485.2129513954925,417.52542676049984,0.0,0.5,1227.7405085325374,1200.073647421423,10539.168829138278,-1596.5582616906345,127.69928458571889,544.1933219364699,48863.995473149116,3,35824.171667267496,0,1.0000658789977024e-07,optimal,optimal,optimal
2025-03-06,ANNUAL REFERENCE ONLY,0.95,2.0,1227.7405085325374,14,1227.7405085325374,optimal,optimal,46288.070522186536,0.0,0.0,14,9985.96574074074,optimal,optimal,-453.90406303069284,72.85661938540613,1557.9365246151283,0.6267243695810517,14,7253.229031469502,optimal,optimal,-302.5621489080594,58.61820121815549,1195.3905740890034,0.592395757172064,14,10482.404661319777,optimal,optimal,406.16009581899095,241.86308256431641,0.0,0.5,1200.0000000519694,1200.0000000519694,10799.999999999998,-350.3061161197612,285.7828004518735,1023.4696834324922,46961.23408949927,12,38187.69700025298,0,1.0000797601605882e-07,optimal,optimal,optimal
2025-03-07,ANNUAL REFERENCE ONLY,0.95,2.0,1200.0000000519694,14,1200.0000000519694,optimal,optimal,18443.828050189328,0.0,0.0,14,6873.968109629627,optimal,optimal,-532.8976118861309,0.0,1314.1282089230103,0.6247225147424333,14,10742.266244268665,optimal,optimal,-81.30456401256042,0.0,191.18832658380788,0.5933547259654912,14,9874.254978729328,optimal,optimal,29.986175039919697,48.436791194512296,3.370187459082424,0.5,1220.2925156918814,1200.0000000519694,10742.266244268665,-584.2160008587716,22.44572675227839,47.11358106922194,17906.72563039978,1,28694.205762669997,0,1.0000245765695582e-07,optimal,optimal,optimal
2025-03-08,ANNUAL REFERENCE ONLY,0.95,2.0,1220.2925156918814,14,1220.2925156918814,optimal,optimal,17042.942009609225,0.0,0.0,14,5536.635467878495,optimal,optimal,-228.36720103221964,0.0,533.7677953245048,0.6466203253419684,14,10586.000276300967,optimal,optimal,35.2733049621066,46.04094905152152,3.868546411864145,0.5788451861355582,14,9897.640682062656,optimal,optimal,9.927101990138146,15.764811640685545,0.0,0.5,1202.8580173791233,1202.8580173791233,10800.0,-183.1667940799749,13.580600314112818,28.42419659518576,16888.199412124435,1,28999.41572599565,0,1.0000007932831068e-07,optimal,optimal,optimal
2025-03-09,ANNUAL REFERENCE ONLY,0.95,2.0,1202.8580173791233,14,1202.8580173791233,optimal,optimal,47915.99114943256,0.0,0.0,14,9402.268516449309,optimal,optimal,-1994.8437992089757,1.4843769295407583,6184.619085208813,0.6451156423535155,14,7192.644339339537,optimal,optimal,-230.53715096718298,243.43227977840277,1631.6879275147755,0.561685315085434,14,10444.24998686681,optimal,optimal,309.82179863928394,199.14023241029048,88.34162085813472,0.5,1205.4768738451241,1202.8580173791233,10542.369167322879,-1915.5591515368749,102.46112766623179,495.4706335981085,46495.902631493795,4,38362.45486837397,0,1.00000761449337e-07,optimal,optimal,optimal
2025-03-10,ANNUAL REFERENCE ONLY,0.95,2.0,1205.4768738451241,14,1205.4768738451241,optimal,optimal,45599.47217044953,0.0,0.0,14,9932.570538888882,optimal,optimal,67.40593222793453,597.7043247161107,1659.1702292322339,0.6591773041260458,14,6855.659655782734,optimal,optimal,-155.8084905410149,98.66665865828247,824.1607536497522,0.5694817941234427,14,10476.262309702792,optimal,optimal,352.3091079136204,214.9111400229578,0.0,0.5,1200.0000000519697,1200.0000000519697,10789.195538888882,263.90654960054,164.78168428255032,770.1738741101957,46633.55259416027,8,39555.42627277566,0,1.0000007932831068e-07,optimal,optimal,optimal
2025-03-11,ANNUAL REFERENCE ONLY,0.95,2.0,1200.0000000519697,14,1200.0000000519697,optimal,optimal,40722.18759506309,0.0,0.0,14,9982.150925925926,optimal,optimal,3418.4767682434685,4124.452779486268,2.2737367544323206e-13,0.636085468987753,14,6913.539222282551,optimal,optimal,-295.6711096996886,0.0,734.0224497210797,0.5680371344828185,14,10492.511950676524,optimal,optimal,413.5341013080353,276.73924439112636,0.0,0.5,1205.9293635647518,1200.0000000519697,10800.0,3536.339759851815,32.76902187196855,136.9038915326608,44395.431246447566,3,38909.610384718726,0,1.0000186193792614e-07,optimal,optimal,optimal
2025-03-12,ANNUAL REFERENCE ONLY,0.95,2.0,1205.9293635647518,14,1205.9293635647518,optimal,optimal,47856.58173210458,0.0,0.0,14,9204.35365348766,optimal,optimal,-2640.0921118297283,1.1160701563434259,8324.183892861136,0.6560580958531174,14,7781.433730119439,optimal,optimal,-307.5970966140821,165.55818857316333,1752.9197581969315,0.5399984401412427,14,10420.461922685186,optimal,optimal,315.22791481432,180.90330701016833,0.0,0.5,1200.7225880363287,1200.7225880363287,10468.374980846982,-2632.4612936294907,368.516562778739,1486.032975717173,46710.15341419226,16,36973.514277586466,0,1.0000803740695119e-07,optimal,optimal,optimal
2025-03-13,ANNUAL REFERENCE ONLY,0.95,2.0,1200.7225880363287,14,1200.7225880363287,optimal,optimal,47574.27013415908,0.0,0.0,14,9423.612628981482,optimal,optimal,-1103.3884806530484,177.10218567097513,4108.938198391904,0.6387062446289143,14,7951.288008226342,optimal,optimal,-283.4528635198082,24.93672963899695,1184.8220382744184,0.5458782883609149,14,10525.455937981866,optimal,optimal,105.08048911432249,65.68040006734827,20.74945588667299,0.5,1208.8042499941262,1200.0000000520304,10565.31528904292,-1281.7608550585342,220.88226684418677,1230.4712415557124,47522.98052065626,4,37754.15489213681,0,1.0001531336456537e-07,optimal,optimal,optimal
2025-03-14,ANNUAL REFERENCE ONLY,0.95,2.0,1208.8042499941262,14,1208.8042499941262,optimal,optimal,16264.942461816552,0.0,0.0,14,5089.461374492039,optimal,optimal,184.7410975710183,258.7814475787097,155.9762343842009,0.6539428791476438,14,10381.184623296233,optimal,optimal,-40.7346468379772,27.323397156201906,186.35351049015415,0.533223195554687,14,9630.140240740744,optimal,optimal,392.84652541520177,218.42709999999695,16.491160761480238,0.5,1272.9516111754092,1208.8042499941262,10649.096786990674,536.8529761482429,64.14684022569622,253.98401544297687,17055.779453407773,2,28430.17202441357,0,1.000049660433433e-07,optimal,optimal,optimal
2025-03-15,ANNUAL REFERENCE ONLY,0.95,2.0,1272.9516111754092,14,1272.9516111754092,optimal,optimal,15451.628038639443,0.0,0.0,14,4471.333836111112,optimal,optimal,257.15255909465225,291.9784505978892,91.41734110523706,0.6218591920046695,14,8274.461166915118,optimal,optimal,-9.199832161429281,31.33086708349316,122.92501277861871,0.5614954490340502,14,9804.828385756526,optimal,optimal,259.2297492621703,144.28201115245992,11.458822090120321,0.5,1200.0000000519697,1200.0000000519697,10643.016684521956,507.1824761953933,785.8729047684241,1809.6571805917324,17768.46769542657,21,27902.079480694018,0,1.0000423708333984e-07,optimal,optimal,optimal
2025-03-16,ANNUAL REFERENCE ONLY,0.95,2.0,1200.0000000519697,14,1200.0000000519697,optimal,optimal,45027.513777558706,0.0,0.0,14,9347.288110061727,optimal,optimal,-755.33272811633,13.880730965063435,2424.2780926595724,0.5813955069181171,14,7270.585125313926,optimal,optimal,-518.7760502532917,23.9438416666668,1560.0177406759553,0.5981624245819492,14,10484.815434040998,optimal,optimal,398.99346769321266,267.37277602976724,0.0,0.5,1246.9815651005174,1200.0000000519697,10562.68760675859,-875.115310676409,400.9225007454164,1440.8587626711828,45593.25722955348,12,38007.84720285094,0,1.0001108967117034e-07,optimal,optimal,optimal
2025-03-17,ANNUAL REFERENCE ONLY,0.95,2.0,1246.9815651005174,14,1246.9815651005174,optimal,optimal,41471.72951255878,0.0,0.0,14,9328.344283425922,optimal,optimal,-1902.7781875748049,3.4348184476714323,6970.327069942303,0.5486254321164702,14,6137.003084386377,optimal,optimal,418.1931228953974,574.970235604369,376.68734403918506,0.6121487272201767,14,10237.874768558971,optimal,optimal,525.2899295343951,316.68715199772936,0.0,0.5,1230.9203706041808,1200.0,10372.412210669934,-959.2951351450123,912.5622515343805,3898.4511603431783,44410.88553775694,19,38019.60681046467,0,1.0001108967117034e-07,optimal,optimal,optimal
2025-03-18,ANNUAL REFERENCE ONLY,0.95,2.0,1230.9203706041808,14,1230.9203706041808,optimal,optimal,47800.40390729163,0.0,0.0,14,9402.357591296297,optimal,optimal,-1720.4118436912768,192.210292315068,6318.550607977546,0.5534793120615912,14,6872.219567263181,optimal,optimal,-909.7418790917372,0.0,2748.120805892816,0.6320757713266153,14,10541.291048214018,optimal,optimal,370.95110109461814,216.54472327405034,0.0,0.5,1257.8584915640874,1230.9203706041808,10635.352728994629,-2259.202621688396,2.005049351581574e-07,6.999983048856848e-07,45541.20128630323,0,37375.490765354785,0,1.0000067300097725e-07,optimal,optimal,optimal
2025-03-19,ANNUAL REFERENCE ONLY,0.95,2.0,1257.8584915640874,14,1257.8584915640874,optimal,optimal,39361.379059470266,0.0,0.0,14,9417.682676018514,optimal,optimal,1121.8878675519077,1314.0672655767005,1726.7687510247188,0.555083801606982,14,4973.2712834631675,optimal,optimal,1115.0550343908901,1298.910671174267,22.203780421739715,0.683135864879147,14,10616.03856565305,optimal,optimal,253.02588835723373,149.27195757891985,0.0,0.5,1280.0827805329404,1257.8584915640874,10644.847294048112,2489.9687903000317,94.32629735824341,209.02707541311838,42060.374925183416,1,37693.791261773906,0,1.000011716314475e-07,optimal,optimal,optimal
2025-03-20,ANNUAL REFERENCE ONLY,0.95,2.0,1280.0827805329404,14,1280.0827805329404,optimal,optimal,44584.48620691853,0.0,0.0,14,9265.726026944449,optimal,optimal,-1853.9947422328848,316.8766735592443,7467.778309908798,0.5534805697044803,14,5408.885437615376,optimal,optimal,326.0571362682087,409.5710893623374,0.0,0.6529613453245442,14,10456.840434627358,optimal,optimal,353.2835854924953,261.28976450167056,0.0,0.5,1324.9795157297317,1200.0,10456.840434627358,-1174.6540204721807,620.0461961397997,2143.4109256655533,45553.2431121119,8,37812.62823122647,0,1.0000252359532169e-07,optimal,optimal,optimal
2025-03-21,ANNUAL REFERENCE ONLY,0.95,2.0,1324.9795157297317,14,1324.9795157297317,optimal,optimal,15285.424150015377,0.0,0.0,14,3722.834212962963,optimal,optimal,153.8488521668144,343.91335201071195,576.9407360971118,0.5401286105414042,14,10272.675705686992,optimal,optimal,75.99650199545356,71.00730616576377,88.20300802902388,0.6582630896959252,14,9658.310601851847,optimal,optimal,421.2850427607711,256.9064571519607,0.0,0.5,1351.2650173205113,1200.0,10459.806652515426,651.130396923039,127.97371440361533,489.2143709476051,16425.76891788602,7,26494.98150842781,0,1.0000712245528121e-07,optimal,optimal,optimal
2025-03-22,ANNUAL REFERENCE ONLY,0.95,2.0,1351.2650173205113,14,1351.2650173205113,optimal,optimal,16442.774960644223,0.0,0.0,14,4774.712308090802,optimal,optimal,-106.55428367536737,0.0,248.82376508333147,0.5894160965675708,14,10167.468439022696,optimal,optimal,-143.44442165908083,12.966269817195325,357.5223614468516,0.6778761296245728,14,9846.086278901417,optimal,optimal,325.2036392296951,181.037216185193,0.0,0.5,1320.674143120074,1278.760987532663,10558.198417563353,75.20493389524691,3.416054664986328e-07,1.4000072180422651e-06,16517.979895939476,0,26586.286331463016,0,1.0000712245528121e-07,optimal,optimal,optimal
2025-03-23,ANNUAL REFERENCE ONLY,0.95,2.0,1320.674143120074,14,1320.674143120074,optimal,optimal,45573.804416608444,0.0,0.0,14,9243.426532993828,optimal,optimal,-1503.1597123351826,0.0,4480.328477211818,0.604680337046331,14,7653.573116304285,optimal,optimal,-916.0703833510205,0.0,3081.6062448388807,0.6606491051688281,14,10472.669523026017,optimal,optimal,507.2068754311541,278.3736705831322,0.0,0.5,1299.4111522977905,1200.0,10630.879269453486,-1912.0232202550492,15.212571910541103,98.38352438096642,43760.16472073436,2,34795.15513746645,0,1.0000803740695119e-07,optimal,optimal,optimal
2025-03-24,ANNUAL REFERENCE ONLY,0.95,2.0,1299.4111522977905,14,1299.4111522977905,optimal,optimal,42639.026740307585,0.0,0.0,14,9443.262749722224,optimal,optimal,-744.3056079117024,504.3149612135689,4406.630464661653,0.625847212400099,14,7713.291381845207,optimal,optimal,-556.9535849785107,0.7919058238492198,2220.8755575560263,0.6680930884731737,14,10612.703613406127,optimal,optimal,264.5324232244302,152.10278487657345,0.0,0.4968047411243277,1245.0004184122445,1245.0004184122445,10637.330933778934,-1036.7267696657827,3.2099813553032086e-07,1.3000105457947937e-06,41602.299971941815,0,36678.30442701618,0,1.0000529982789886e-07,optimal,optimal,optimal
2025-03-25,ANNUAL REFERENCE ONLY,0.95,2.0,1245.0004184122445,14,1245.0004184122445,optimal,optimal,47395.04185154964,0.0,0.0,14,8483.56682145272,optimal,optimal,-2758.749886189167,1.0295290954164784,8768.4104497583,0.6367138138872621,14,7335.478295113849,optimal,optimal,-564.6359262614286,13.256597371547228,2322.1188507221705,0.6452323882228014,14,10341.81648636104,optimal,optimal,573.1940374141369,385.97431332236937,0.0,0.5037799605761082,1256.2025108899295,1200.0,10344.749467842521,-2750.1917750364587,422.0243083768664,1719.3927064003701,46364.242782913556,15,34029.877151375884,0,1.0000803740695119e-07,optimal,optimal,optimal
2025-03-26,ANNUAL REFERENCE ONLY,0.95,2.0,1256.2025108899295,14,1256.2025108899295,optimal,optimal,40476.17367315924,0.0,0.0,14,9687.677346635803,optimal,optimal,-651.7405241026722,0.6269573070817387,2192.22502435781,0.6371733192991729,14,7182.051527672133,optimal,optimal,-783.9224145286723,15.306161773196095,2700.530260346657,0.6186870025368991,14,10575.08193424348,optimal,optimal,380.1572961060512,199.1428083476933,0.0,0.4989177013686874,1337.6137420452762,1256.2025108899295,10585.972071944445,-1055.5056425252933,2.4046226053013464e-07,5.000002732846951e-07,39420.66803113395,0,36313.63574667389,0,1.0000803740695119e-07,optimal,optimal,optimal
2025-03-27,ANNUAL REFERENCE ONLY,0.95,2.0,1337.6137420452762,14,1337.6137420452762,optimal,optimal,43328.97843294295,0.0,0.0,14,9608.715734783946,optimal,optimal,-664.2777805603772,519.3098677027267,4013.2492235889786,0.6494599042311157,14,7705.384619306053,optimal,optimal,-861.7456271826459,0.0,2770.9524153017715,0.6550543943706506,14,10562.984638967084,optimal,optimal,384.1095764259873,209.83051382513,0.0,0.49442850001477917,1337.5527998881405,1274.6047244804956,10564.497924015976,-1141.9138313170358,3.3919405496817867e-07,1.2000106843473076e-06,42187.06460282593,0,35603.0527069111,0,1.0000803740695119e-07,optimal,optimal,optimal
2025-03-28,ANNUAL REFERENCE ONLY,0.95,2.0,1337.5527998881405,14,1337.5527998881405,optimal,optimal,15633.294394352812,0.0,0.0,14,5027.274648673888,optimal,optimal,-55.41146805002869,51.89767036753818,221.8323983053913,0.6557618751627033,14,10551.688100375799,optimal,optimal,-46.75207210282391,0.0,101.47415453682476,0.6722824725269285,14,9802.661341344427,optimal,optimal,359.30522963467973,206.05972975693615,0.0,0.4932652057912807,1334.126435954743,1262.449283932098,10597.35039702479,257.14168948182714,1.2051201406142393e-07,5.999960619898048e-07,15890.436084434634,0,26856.659909542694,0,1.0000258043874055e-07,optimal,optimal,optimal
2025-03-29,ANNUAL REFERENCE ONLY,0.95,2.0,1334.126435954743,14,1334.126435954743,optimal,optimal,14920.566281505695,0.0,0.0,14,4255.768323830596,optimal,optimal,412.7498811576581,312.7862292324271,57.65136127735593,0.6491035754663508,14,10311.885590428616,optimal,optimal,-11.861404157730092,11.20945091537589,48.94081214345769,0.6576525656718423,14,9759.882247866486,optimal,optimal,377.4995648972482,211.08808260692078,0.0,0.4892728972851948,1363.8372524408096,1334.126435954743,10593.11922888094,778.3880418971762,11.512974111110283,61.83618368404705,15760.790507086918,1,25993.07121956068,0,1.0000007932831068e-07,optimal,optimal,optimal
2025-03-30,ANNUAL REFERENCE ONLY,0.95,2.0,1363.8372524408096,14,1363.8372524408096,optimal,optimal,41893.92045188258,0.0,0.0,14,9480.078075493824,optimal,optimal,-1864.889886997117,1.9665026559998957,6540.875427066528,0.6774188755970981,14,6985.291226063105,optimal,optimal,-711.4606856264153,97.71248000803999,2694.459844243075,0.6638361125423499,14,10449.957082152989,optimal,optimal,410.17172605809463,298.8927552829073,0.0,0.49386075930982226,1294.4625047885013,1294.4625047885013,10449.957082152989,-2166.1788465654377,320.0694332611881,1175.725359096824,40903.466964413965,7,35480.56098256287,0,1.0000067618420871e-07,optimal,optimal,optimal
2025-03-31,ANNUAL REFERENCE ONLY,0.95,2.0,1294.4625047885013,14,1294.4625047885013,optimal,optimal,36491.55548482216,0.0,0.0,14,9559.534256697529,optimal,optimal,3872.656189732281,4198.670338549107,55.64269431104242,0.7007541112959871,14,7436.669734475313,optimal,optimal,-733.901558651233,80.32588805785275,2248.884090943324,0.6196350307683708,14,10468.890870483328,optimal,optimal,359.4560417891183,270.0230052141125,0.0,0.5001585889713717,1286.5296219971156,1286.5296219971156,10519.15146657407,3498.210672870166,1.0793457245678683e-07,2.999975841546984e-07,39989.76615799232,0,36058.520954125546,0,1.00000761449337e-07,optimal,optimal,optimal
2025-04-01,ANNUAL REFERENCE ONLY,0.95,2.0,1286.5296219971156,14,1286.5296219971156,optimal,optimal,44259.48687108612,0.0,0.0,14,9428.528601882716,optimal,optimal,-1003.8496197453798,239.86274597087794,3801.424913459205,0.6913151977904117,14,8985.551855139998,optimal,optimal,-874.2028579825571,0.0,3329.330864704931,0.6313767006042824,14,10413.677731772019,optimal,optimal,454.6755885934317,242.9127444907877,31.10505586359915,0.4972912453923081,1252.1867728303785,1239.1922258550078,10486.84184576748,-1423.3768891345053,124.38536740565239,638.5937576132615,43474.70373956488,6,32936.01767348503,0,1.00000761449337e-07,optimal,optimal,optimal
2025-04-02,ANNUAL REFERENCE ONLY,0.95,2.0,1252.1867728303785,14,1252.1867728303785,optimal,optimal,42231.959512712645,0.0,0.0,14,9516.204534629627,optimal,optimal,296.0328258107905,835.4633710378761,1563.2857352654291,0.6858448122388939,14,8197.45614238612,optimal,optimal,-691.8212007852064,0.0,2511.387913834422,0.6469556504080453,14,10419.613088643217,optimal,optimal,349.5316769939447,191.7440972674824,59.69479203070883,0.4982120151269431,1257.5318226613488,1200.0,10550.243384984245,-46.256697980471245,45.42640150756534,307.4763216836613,42493.179136415834,3,34835.1563452064,0,1.00000761449337e-07,optimal,optimal,optimal
2025-04-03,ANNUAL REFERENCE ONLY,0.95,2.0,1257.5318226613488,14,1257.5318226613488,optimal,optimal,43840.673970459786,0.0,0.0,14,9739.363097129628,optimal,optimal,-2087.780269436889,0.0,6341.504891762614,0.6716607669290972,14,8328.689343237758,optimal,optimal,-519.9987195830843,83.91517339314066,2177.124309069556,0.6263611627275693,14,10543.440483220144,optimal,optimal,331.635396427958,214.00317943583542,0.0,0.5010187762420668,1235.6215869404223,1231.1149313483272,10643.266653133662,-2276.143592592015,30.46679607576364,65.0353726982397,41629.56575056601,2,34925.32433880246,0,1.0000020870393201e-07,optimal,optimal,optimal
2025-04-04,ANNUAL REFERENCE ONLY,0.95,2.0,1235.6215869404223,14,1235.6215869404223,optimal,optimal,14349.446895041592,0.0,0.0,14,4009.8284021604914,optimal,optimal,-69.92341650550846,3.0670918030877443,170.146511899284,0.7094430859168679,14,10434.522729336157,optimal,optimal,55.940148923799974,88.57528452379913,0.0,0.6192805849579917,14,9739.784626115388,optimal,optimal,456.86005565025164,300.53888940594777,0.0,0.4998240333546893,1306.7790231858696,1235.6215869404223,10479.598003851585,442.87678806854314,1.8832053137356062e-07,3.999999383031081e-07,14792.323683510134,0,25329.26522290855,0,1.0000053407566156e-07,optimal,optimal,optimal
2025-04-05,ANNUAL REFERENCE ONLY,0.95,2.0,1306.7790231858696,14,1306.7790231858696,optimal,optimal,13924.897438335183,0.0,0.0,14,3270.5727376512586,optimal,optimal,104.64507868067008,232.09991160800593,100.83300505855618,0.6762029553813047,14,10438.346534626557,optimal,optimal,-29.847720121359853,0.0,58.88470163589352,0.599186518018132,14,9568.585455463393,optimal,optimal,611.821444486699,357.8994123749614,95.16377795561003,0.504379573288567,1254.516273015574,1217.567293359669,10463.639201427111,686.6188030460091,220.36296858004556,1033.1932031823117,15644.709444563505,6,24827.197842903188,0,1.0000053407566156e-07,optimal,optimal,optimal
2025-04-06,ANNUAL REFERENCE ONLY,0.95,2.0,1254.516273015574,14,1254.516273015574,optimal,optimal,40676.91727797542,0.0,0.0,14,9847.834467870367,optimal,optimal,-1362.7091943355924,179.26000870236766,5325.866821029885,0.6695448291013596,14,7097.563632353887,optimal,optimal,79.7122589946587,219.8747402733582,968.5706975926395,0.5999473299642929,14,10613.028200792969,optimal,optimal,271.4143947252407,146.05199033342484,0.0,0.5095663463864637,1257.4784548471587,1254.516273015574,10668.502523425923,-1011.582540615693,77.6660556849829,278.4464332237305,39943.78117058346,4,37428.86206573176,0,1.0000030670198612e-07,optimal,optimal,optimal
2025-04-07,ANNUAL REFERENCE ONLY,0.95,2.0,1257.4784548471587,14,1257.4784548471587,optimal,optimal,35547.639301335,0.0,0.0,14,9595.862438796294,optimal,optimal,1258.0802895056545,1123.8523962708653,363.8650659554721,0.6489355204906598,14,7161.245643570939,optimal,optimal,-82.0893334960277,0.0,184.08515804494505,0.6085036587709575,14,10583.788776620551,optimal,optimal,320.14569322104506,175.99463449181468,0.0,0.504914426033732,1250.531451824195,1222.0711951605126,10603.872951168125,1496.136649230672,6.438234736549198,13.584675295777306,37057.36062586145,1,36959.875509311976,0,1.0001531336456537e-07,optimal,optimal,optimal
2025-04-08,ANNUAL REFERENCE ONLY,0.95,2.0,1250.531451824195,14,1250.531451824195,optimal,optimal,42149.419618665765,0.0,0.0,14,9923.065841296295,optimal,optimal,-1416.2441220907647,203.12554819431685,5081.783994763356,0.6734807836550142,14,7025.637959298839,optimal,optimal,-664.8925974166496,0.0,2271.1223158268317,0.5998208452657893,14,10580.86164227006,optimal,optimal,310.3035441447311,166.65479712683674,0.0,0.5042844884466241,1200.0000000519697,1200.0000000519697,10751.256582037036,-1770.8331753626833,63.81317572227567,153.74714142095374,40532.33358472403,5,37224.21375777488,0,1.0000803740695119e-07,optimal,optimal,optimal
2025-04-09,ANNUAL REFERENCE ONLY,0.95,2.0,1200.0000000519697,14,1200.0000000519697,optimal,optimal,40782.48356345981,0.0,0.0,14,9937.9347625,optimal,optimal,-54.567082144153424,50.52864753968599,422.0676040566986,0.6834713667078797,14,4991.977779659335,optimal,optimal,487.27390450917966,655.2210734209707,199.86907216927696,0.5804985346684775,14,10569.705110910674,optimal,optimal,311.43458570576263,170.5300209463713,2.4093249374195347e-06,0.503154632052482,1200.0000000519697,1200.0000000519697,10742.631984722222,744.1414080707889,71.54222728084936,150.97361014491463,41677.59858167552,3,37555.16361505033,0,1.0001531336456537e-07,optimal,optimal,optimal
2025-04-10,ANNUAL REFERENCE ONLY,0.95,2.0,1200.0000000519697,14,1200.0000000519697,optimal,optimal,39941.597838263726,0.0,0.0,14,9836.987321574077,optimal,optimal,-164.04957817492763,0.0,484.9993395464885,0.6968524037986352,14,6358.467703024441,optimal,optimal,-773.6412185948731,0.0,1996.8630343930952,0.5851150357648676,14,10573.54844703486,optimal,optimal,342.55083246551953,191.91611136821322,0.0,0.5018979100426225,1212.7777168898012,1200.0000000519697,10667.22389564815,-595.1399643042812,16.185876128807973,33.97415406672567,39380.43202802617,1,37424.06618560514,0,1.00000761449337e-07,optimal,optimal,optimal
2025-04-11,ANNUAL REFERENCE ONLY,0.95,2.0,1212.7777168898012,14,1212.7777168898012,optimal,optimal,13114.021900859794,0.0,0.0,14,2890.4950479055574,optimal,optimal,540.9543502540556,398.3963686124077,0.0,0.6406059088795468,14,9598.085063289393,optimal,optimal,-72.38794140312787,5.115325559733321,164.02282629733588,0.5893266957832822,14,9661.977893828682,optimal,optimal,490.0681799720871,314.73140429618354,0.0,0.5043051561119479,1206.3722223262223,1200.0,10598.02611021334,958.6345888230148,145.66869394799463,465.29722162640417,14537.953711309214,5,24640.8853143722,0,1.0000030670198612e-07,optimal,optimal,optimal
2025-04-12,ANNUAL REFERENCE ONLY,0.95,2.0,1206.3722223262223,14,1206.3722223262223,optimal,optimal,15096.491040779045,0.0,0.0,14,3411.4997993227353,optimal,optimal,-568.4290918063789,0.0,1354.0432314122977,0.6672594618968734,14,10612.820427972996,optimal,optimal,48.14670688413313,35.64083971327953,0.0,0.5893240458451492,14,9702.143698753374,optimal,optimal,458.1697833558029,259.8094119398255,2.915250528029958,0.5037448283990364,1219.2818355750294,1206.3722223262223,10612.820427972996,-62.11260156644289,1.2085648517972043e-07,5.999982090794219e-07,15034.3784398126,0,24228.596631642456,0,1.0000245765695582e-07,optimal,optimal,optimal
2025-04-13,ANNUAL REFERENCE ONLY,0.95,2.0,1219.2818355750294,14,1219.2818355750294,optimal,optimal,38298.85278596462,0.0,0.0,14,9967.8,optimal,optimal,-1219.7533178554595,0.0,3672.6441044962185,0.6936873228154161,14,6434.519881291273,optimal,optimal,238.87492024525923,224.14983388171538,250.67782525696975,0.590654658396544,14,10478.442594763685,optimal,optimal,523.7672279773351,283.39060080639723,49.93403581467103,0.4988526446594867,1201.7844539490732,1201.3347955733725,10800.0,-457.1111696328652,587.3918231192935,2623.9127954360392,40465.65441176779,17,36523.376249098445,0,1.0000360362028005e-07,optimal,optimal,optimal
2025-04-14,ANNUAL REFERENCE ONLY,0.95,2.0,1201.7844539490732,14,1201.7844539490732,optimal,optimal,40799.3954465398,0.0,0.0,14,9597.057275807045,optimal,optimal,-2837.1465144111794,0.0,8380.243200411802,0.6787565671771497,14,5999.720507244107,optimal,optimal,-430.69719692580185,0.0,1216.0742247067426,0.6081907264652692,14,10465.806784748444,optimal,optimal,552.5743684437796,302.18047636172514,0.0,0.5022004431023772,1201.7310464461755,1200.0,10465.806784748444,-2715.2693428932016,369.11652357593925,1913.7586713892283,39997.884775035825,18,35862.68061462045,0,1.0000030670198612e-07,optimal,optimal,optimal
2025-04-15,ANNUAL REFERENCE ONLY,0.95,2.0,1201.7310464461755,14,1201.7310464461755,optimal,optimal,35301.90781115488,0.0,0.0,14,10007.58888888889,optimal,optimal,1014.8267639107833,1156.8492412616565,1843.9191231576074,0.6631824258594174,14,8289.422071952597,optimal,optimal,-331.08977019873856,15.238454893434664,1181.3029392136914,0.6042793466045485,14,10411.705815123585,optimal,optimal,685.5950034392074,365.1490559773876,54.148921782460995,0.5028888103214648,1206.7952866103224,1201.7310464461755,10800.0,1369.3319971512522,130.52149628283985,629.1401740167996,37300.379982322935,4,33775.956636646646,0,1.0001531336456537e-07,optimal,optimal,optimal
2025-04-16,ANNUAL REFERENCE ONLY,0.95,2.0,1206.7952866103224,14,1206.7952866103224,optimal,optimal,38989.60396800059,0.0,0.0,14,9832.712260744163,optimal,optimal,523.275694466952,988.8442768061593,2558.511368131193,0.6460894092234675,14,6479.182188953655,optimal,optimal,-144.16659808562767,32.16403578121492,596.8389147856619,0.5905654569337081,14,10650.905471340411,optimal,optimal,237.2238990013713,132.83861576580892,54.148977258756176,0.5115926708380105,1200.0000000519697,1200.0000000519697,10673.677114422686,616.3329953826956,117.82467416269229,287.24195625690106,39893.17891964019,6,36443.26658359246,0,1.0000121619668789e-07,optimal,optimal,optimal
2025-04-17,ANNUAL REFERENCE ONLY,0.95,2.0,1200.0000000519697,14,1200.0000000519697,optimal,optimal,36161.63100138478,0.0,0.0,14,9299.453479074076,optimal,optimal,145.45779823115203,224.56766526210748,58.3700647580225,0.6195968484936182,14,5840.760829625624,optimal,optimal,-8.418234293844614,16.64811856483641,154.71579096356282,0.6027059062547465,14,10497.96689530554,optimal,optimal,506.0890787957462,271.4652276943352,54.142675287226055,0.510166951221623,1200.3024034584805,1200.0000000519697,10770.345145740741,643.1286427330537,6.156293815551913e-08,2.000040636223275e-07,36804.75964431784,0,37000.302191959665,0,1.5196951608231757e-07,optimal,optimal,optimal
2025-04-18,ANNUAL REFERENCE ONLY,0.95,2.0,1200.3024034584805,14,1200.3024034584805,optimal,optimal,13469.00726411444,0.0,0.0,14,2971.317213337151,optimal,optimal,85.53845121220836,137.6215997937347,289.5306605760694,0.645089905047508,14,9855.26468577669,optimal,optimal,15.233594711992883,35.41925926340042,15.216573272893221,0.571131874574879,14,9843.712734107568,optimal,optimal,273.94600136665775,178.85702224785933,0.0,0.5112610386975741,1225.1013845215166,1200.3024034584805,10594.209044705733,374.718047290859,9.360012563246065e-08,2e-07,13843.725311605298,0,24745.907972572466,0,1.00000761449337e-07,optimal,optimal,optimal
2025-04-19,ANNUAL REFERENCE ONLY,0.95,2.0,1225.1013845215166,14,1225.1013845215166,optimal,optimal,13036.752242997383,0.0,0.0,14,3380.058793697101,optimal,optimal,33.21537043727327,71.21756836220673,247.1620626543209,0.6319473992529635,14,10535.921952593468,optimal,optimal,376.49067911462873,363.6058797732377,0.0,0.5826997005768462,14,9734.401932670688,optimal,optimal,402.3161691908291,264.2673136727014,124.0303765976626,0.5080215898416776,1208.1552836159317,1208.1552836159317,10535.921952593468,812.0222187427312,1.4542694224854577e-07,2.9999983095099195e-07,13848.774462040115,0,24371.29657609991,0,1.0000258043874055e-07,optimal,optimal,optimal
2025-04-20,ANNUAL REFERENCE ONLY,0.95,2.0,1208.1552836159317,14,1208.1552836159317,optimal,optimal,36088.673653502505,0.0,0.0,14,9789.343758611116,optimal,optimal,-433.3938279657091,62.931175616510586,2143.7235243439973,0.6073341468644926,14,6339.245908796299,optimal,optimal,-164.9761882348839,51.530209838817655,880.9977194405026,0.6111158833352179,14,10719.346504066478,optimal,optimal,142.09345747239345,75.740247138196,0.0,0.5132304054344883,1200.0000000519697,1200.0000000519697,10744.580853445817,-456.2765587281996,54.09735561661725,115.66014685572044,35748.05724163003,1,36764.16093262638,0,1.0000529982789886e-07,optimal,optimal,optimal
2025-04-21,ANNUAL REFERENCE ONLY,0.95,2.0,1200.0000000519697,14,1200.0000000519697,optimal,optimal,38101.101184752,0.0,0.0,14,9727.854453307873,optimal,optimal,-2388.9226252577655,0.0,8850.743462719112,0.6253216562577153,14,7023.225754604172,optimal,optimal,-264.5159832390315,22.24178800230675,798.2101726778369,0.6007158765197587,14,10405.96464393706,optimal,optimal,671.4860400138634,350.29779355288423,0.0,0.5134253152998147,1211.6563311742307,1200.0000000519697,10492.441027381947,-1981.9525684829334,164.10165941502993,617.1817004955223,36736.330316764586,9,33981.40243584162,0,1.0000803740695119e-07,optimal,optimal,optimal
2025-04-22,ANNUAL REFERENCE ONLY,0.95,2.0,1211.6563311742307,14,1211.6563311742307,optimal,optimal,34232.0390444985,0.0,0.0,14,9604.317892841817,optimal,optimal,1453.016891895469,1159.1433987966175,0.0,0.6435025635047428,14,7582.987781267741,optimal,optimal,-336.0635476785581,56.08231162414518,1398.860061656514,0.6296844276844874,14,10655.960983146488,optimal,optimal,224.68044870803266,120.72353979663205,13.131528589576634,0.5113693121866998,1200.0000000519694,1200.0000000519694,10660.961802914655,1341.6337929249435,275.56524988531464,895.1688171644679,36468.841654587915,7,33589.81058225965,0,1.0000529982789886e-07,optimal,optimal,optimal
2025-04-23,ANNUAL REFERENCE ONLY,0.95,2.0,1200.0000000519694,14,1200.0000000519694,optimal,optimal,32951.82181302921,0.0,0.0,14,8963.023607876012,optimal,optimal,1127.720996039184,1157.6707309548672,0.0,0.6652018081171397,14,6566.550073748062,optimal,optimal,-2.1056569724613254,12.716306338486902,95.18800566761455,0.634829254027098,14,10419.531295014423,optimal,optimal,636.3001025541298,333.0193998397117,6.3943711280763935,0.5036252860087479,1200.0000000519697,1200.0000000519694,10429.769830098234,1761.9154416208526,108.77841655629253,362.3781899893689,35076.11544463943,4,35204.51644660912,0,1.0001108967117034e-07,optimal,optimal,optimal
2025-04-24,ANNUAL REFERENCE ONLY,0.95,2.0,1200.0000000519697,14,1200.0000000519697,optimal,optimal,34013.587213554594,0.0,0.0,14,9922.433526747747,optimal,optimal,-274.4848599580699,83.50168848738824,1812.1726204530328,0.6912673015858386,14,7563.881325451452,optimal,optimal,195.2544416651027,197.24548061516901,227.75943795515516,0.6520926938239926,14,10686.214904424929,optimal,optimal,141.4260386220149,86.82199885579064,60.32854712006474,0.5028857172901148,1200.0000000519694,1200.0000000519694,10699.1277129661,62.1956203290477,19.529506176636787,41.75408420420537,34117.53691808785,1,33447.34756703984,0,1.0001531336456537e-07,optimal,optimal,optimal
2025-04-25,ANNUAL REFERENCE ONLY,0.95,2.0,1200.0000000519694,14,1200.0000000519694,optimal,optimal,13162.117599521469,0.0,0.0,14,2867.5690835493815,optimal,optimal,53.36509141624009,105.20665586565201,306.9530385377398,0.6817311944384786,14,10573.542808229575,optimal,optimal,-176.96380004217724,0.0,376.40518952770384,0.6363749218033539,14,9845.894234691841,optimal,optimal,277.35557749896014,222.63257015248837,0.0,0.49178572554188016,1228.2599297985014,1200.0,10573.542808229575,153.756868873023,143.15183877587822,517.8727397785484,13833.74720817304,7,23268.246739491296,0,1.00000761449337e-07,optimal,optimal,optimal
2025-04-26,ANNUAL REFERENCE ONLY,0.95,2.0,1228.2599297985014,14,1228.2599297985014,optimal,optimal,12643.42834142712,0.0,0.0,14,2314.8801187654303,optimal,optimal,104.25392294052577,82.71787913438345,26.316017030363696,0.68235784829596,14,10161.287082838098,optimal,optimal,45.60534300583747,80.62453578556114,37.60628900994992,0.6546457848793954,14,9853.84389009469,optimal,optimal,265.6983471890755,180.21403471601104,7.614158335438798e-07,0.48895997035494543,1200.0000000519697,1199.9999999999998,10594.498019812887,415.5576131354387,218.88089504031814,870.4322382169328,13929.41819277949,9,23465.33117418927,0,1.00000761449337e-07,optimal,optimal,optimal
2025-04-27,ANNUAL REFERENCE ONLY,0.95,2.0,1200.0000000519697,14,1200.0000000519697,optimal,optimal,33121.955749776076,0.0,0.0,14,9265.05965027777,optimal,optimal,161.009318215659,369.51054453077313,1247.0052363684913,0.6685449852451066,14,7311.9127560185125,optimal,optimal,-25.320113427544833,112.48515586002645,497.52269816233036,0.6363660385418936,14,10303.520255262574,optimal,optimal,730.0675272385917,411.578840573359,0.0,0.48601436749670646,1200.0000000519697,1200.0000000519697,10678.056316944438,865.7567320267058,810.0835310742308,3313.013856337489,37300.726338140266,20,35940.65445897291,0,1.0000053407566156e-07,optimal,optimal,optimal
2025-04-28,ANNUAL REFERENCE ONLY,0.95,2.0,1200.0000000519697,14,1200.0000000519697,optimal,optimal,40095.91926981935,0.0,0.0,14,10010.672139074073,optimal,optimal,-583.1303733065076,71.64043845709989,2340.4992606935116,0.6360380262969082,14,6168.971731525031,optimal,optimal,-154.6673474543575,67.16745224448891,804.9207598609528,0.6472560070857856,14,10532.792556042104,optimal,optimal,386.0941725448457,241.49596550843012,0.0,0.49128042178914716,1213.5933106285274,1200.0000000519697,10786.048064999999,-351.7035482160194,2.494690096324689e-07,1.0000066753448664e-06,39744.21572260334,0,36127.862513795604,0,1.0001531336456537e-07,optimal,optimal,optimal
2025-04-29,ANNUAL REFERENCE ONLY,0.95,2.0,1213.5933106285274,14,1213.5933106285274,optimal,optimal,34138.50086753549,0.0,0.0,14,9316.042428703704,optimal,optimal,10.099431307618088,341.9531558853705,1807.741327509147,0.5976011825390406,14,9219.669547777778,optimal,optimal,93.08616166351128,126.23535488860188,165.00555386015324,0.6543095372023991,14,10471.417821698022,optimal,optimal,510.3997435258745,293.0812421513214,0.0,0.4937930323404398,1218.1521943076416,1213.5933106285274,10680.973484259259,613.5853364970038,335.9854745463188,1354.8282063212955,36106.91441035379,6,32648.473833930046,0,1.0000803740695119e-07,optimal,optimal,optimal
2025-04-30,ANNUAL REFERENCE ONLY,0.95,2.0,1218.1521943076416,14,1218.1521943076416,optimal,optimal,32791.58347019662,0.0,0.0,14,8120.271669430345,optimal,optimal,-159.48001353434015,0.0,670.3381947937173,0.5740318658404769,14,6185.030997022938,optimal,optimal,-71.31908656602614,0.0,145.78847227113775,0.67107790681695,14,10310.569337960822,optimal,optimal,707.6033815419787,440.9093441262496,0.0,0.4975611829940708,1200.0000000519694,1199.9999999999998,10394.343093637817,476.80428144161243,139.39674216251757,536.3481552220862,33804.73590686032,8,33225.340993100974,0,1.0000292149925372e-07,optimal,optimal,optimal
2025-05-01,ANNUAL REFERENCE ONLY,0.95,2.0,1200.0000000519694,14,1200.0000000519694,optimal,optimal,34317.95511068404,0.0,0.0,14,9208.606455092595,optimal,optimal,-286.3957952056888,35.75118382566641,1331.9611157591405,0.5620565283427029,14,7269.762892685191,optimal,optimal,-154.20220779723678,0.0,333.6572996556147,0.6419027216171779,14,10302.125823643957,optimal,optimal,749.4453921867708,436.5879854781356,0.0,0.50271368485792,1200.000000050103,1200.0,10533.953695833336,308.8473891838453,2427.525210655881,11271.154900283054,45897.95740015093,29,36080.44134978493,0,1.0000087513617473e-07,optimal,optimal,optimal
2025-05-02,ANNUAL REFERENCE ONLY,0.95,2.0,1200.000000050103,14,1200.000000050103,optimal,optimal,15992.471749514894,0.0,0.0,14,3221.6671999197965,optimal,optimal,-51.53249410207977,0.0,99.52934295108203,0.5564958485916337,14,8952.73036650868,optimal,optimal,-41.80955228370007,0.0,84.72090420344941,0.6609513899290419,14,9009.251658012106,optimal,optimal,2327.695492478311,1241.814808399637,0.0,0.5059890836015601,1440.6387334246565,1200.000000050103,9270.348809925437,2234.353446092531,485.6181697051559,2387.3794732053047,20614.20466881273,8,21913.855369501493,0,1.0000258043874055e-07,optimal,optimal,optimal
2025-05-03,ANNUAL REFERENCE ONLY,0.95,2.0,1440.6387334246565,14,1440.6387334246565,optimal,optimal,15039.799344395773,0.0,0.0,14,3026.699997917801,optimal,optimal,-90.1671340121746,0.0,188.42888622240565,0.5394404610795432,14,9197.430273163549,optimal,optimal,198.81837423984652,134.2936973746307,0.0,0.6475721298297373,14,8869.051031427622,optimal,optimal,2488.445003904343,1328.7312349550193,0.0,0.503318333021994,1619.8370244732018,1200.0000000159278,9198.02835146899,2597.0962441320153,426.3992899429793,2490.895221385297,20127.790809913087,7,21404.77100761522,0,1.0000258043874055e-07,optimal,optimal,optimal
2025-05-04,ANNUAL REFERENCE ONLY,0.95,2.0,1619.8370244732018,14,1619.8370244732018,optimal,optimal,37022.58645536433,0.0,0.0,14,9981.624971912815,optimal,optimal,-748.3864425670697,131.85372082267963,4037.296569757489,0.5430646147471601,14,8282.646757722869,optimal,optimal,-399.18024471757315,0.0,962.6095143473724,0.6401290513762119,14,8701.033192190896,optimal,optimal,3357.7522402825157,1837.6054538068927,0.0,0.5013300733504729,1451.205436243542,1200.0000000000002,10662.984694135037,2210.185552997873,1218.2647431450412,5797.798916349875,45030.57092471208,21,27334.320460174404,0,1.0000195516113308e-07,optimal,optimal,optimal
2025-05-05,ANNUAL REFERENCE ONLY,0.95,2.0,1451.205436243542,14,1451.205436243542,optimal,optimal,39125.05618681741,0.0,0.0,14,10015.800491574082,optimal,optimal,-1026.8003833606058,0.0,2609.3398492870683,0.5324815600799475,14,6497.596846777232,optimal,optimal,-364.7012550988519,9.236303761805061,1389.609066287705,0.6431997159404194,14,8748.980572176457,optimal,optimal,3413.2626731139644,1831.4612864509581,1.817204218479972,0.500828878493704,1532.9286510199688,1200.0,10739.244473055564,2021.7610346545066,940.3560815135432,4561.0601036825565,45707.87732515447,16,32391.848904339615,0,1.0000803740695119e-07,optimal,optimal,optimal
2025-05-06,ANNUAL REFERENCE ONLY,0.95,2.0,1532.9286510199688,14,1532.9286510199688,optimal,optimal,33372.43841770785,0.0,0.0,14,7036.774313024705,optimal,optimal,1136.0242164994336,1053.7317538173193,380.01147138164424,0.5646785068807457,14,5121.018105000001,optimal,optimal,1291.582686220736,1409.92733954694,92.81843298382601,0.6044219334885613,14,8723.903595893793,optimal,optimal,3278.413778551275,1772.5843479907155,0.0,0.5055075724842293,1200.00000005197,1200.0,8723.903595893793,5706.020681271444,1499.8516203793945,7587.219456669687,46665.67855564898,24,30719.901777527157,0,1.0000121619668789e-07,optimal,optimal,optimal
2025-05-07,ANNUAL REFERENCE ONLY,0.95,2.0,1200.00000005197,14,1200.00000005197,optimal,optimal,36998.31785250691,0.0,0.0,14,9440.473511413928,optimal,optimal,365.39765606020154,322.22822557707457,332.54083271493613,0.566875293551075,14,6141.102882710225,optimal,optimal,-103.10815300431645,1.062837478942697,253.6997276841133,0.5889126347063195,14,9184.929664631913,optimal,optimal,2814.6367342621447,1437.7497231677148,20.719578521353696,0.5070298171669906,1454.3673016041232,1200.0000000159275,10570.906585449071,3076.92623731803,1065.8523442307323,5979.545463980809,46054.78955380575,20,33287.03926549374,0,1.0000803740695119e-07,optimal,optimal,optimal
2025-05-08,ANNUAL REFERENCE ONLY,0.95,2.0,1454.3673016041232,14,1454.3673016041232,optimal,optimal,40943.735189620056,0.0,0.0,14,9832.532684310543,optimal,optimal,-817.5579192749145,260.4210388547574,4548.420947717051,0.5851807619954906,14,6258.748317111436,optimal,optimal,272.74249324099867,283.50585314012835,203.04184664533864,0.5887850983901098,14,9195.08199872238,optimal,optimal,2822.5594996036884,1429.9203603123424,60.64611785671821,0.4990362085800908,1589.320153276121,1208.1689722546244,10555.055832458691,2277.744073569773,956.4758884559411,4148.64774878645,47370.12701197628,16,31563.838771111965,0,1.0002258932217956e-07,optimal,optimal,optimal
2025-05-09,ANNUAL REFERENCE ONLY,0.95,2.0,1589.320153276121,14,1589.320153276121,optimal,optimal,16201.2405045695,0.0,0.0,14,3178.562086138845,optimal,optimal,506.1309366854378,329.6375819898638,6.360040653972305,0.5828378273268697,14,8348.511141342693,optimal,optimal,54.2169327489528,107.45632691241298,278.6924171794036,0.6106769077868192,14,9181.86126538766,optimal,optimal,2672.933244711364,1450.2284136272722,63.277268215578715,0.5084599939648704,1753.72257033534,1280.6254115857128,9181.861265387663,3233.2811141457546,5.297110264718655e-07,1.7000083837354398e-06,19434.521620415264,0,20855.348922084646,0,1.0000258043874055e-07,optimal,optimal,optimal
2025-05-10,ANNUAL REFERENCE ONLY,0.95,2.0,1753.72257033534,14,1753.72257033534,optimal,optimal,16240.149017685493,0.0,0.0,14,3840.3303396567617,optimal,optimal,894.9577850902269,621.4734771772868,0.0,0.6124674265745421,14,8358.207873686953,optimal,optimal,-117.26109455705122,5.890700932848517,277.14816444604855,0.6135156098982888,14,9155.063245849424,optimal,optimal,2683.140940196346,1457.6579516649476,57.377358931619526,0.5174193229173041,1720.5943957242562,1372.9403318907698,9155.063245849424,3460.8376307295216,257.0784212207242,1156.6450314341955,20857.63167984921,5,19656.942263503668,0,1.0000621841754764e-07,optimal,optimal,optimal
2025-05-11,ANNUAL REFERENCE ONLY,0.95,2.0,1720.5943957242562,14,1720.5943957242562,optimal,optimal,39546.252254938416,0.0,0.0,14,9682.49889929647,optimal,optimal,126.82041759451319,637.4445543799751,2571.7427033821336,0.6128798386458739,14,6628.243233864958,optimal,optimal,17.294144578612027,166.95734802437585,1043.3235384767254,0.6064088480203318,14,9221.653755490723,optimal,optimal,2753.0639594757617,1401.206804452781,60.21281765763847,0.5179237835685995,1434.0793337567031,1200.000000015928,10351.615103000173,2897.178521648887,519.1035985961508,2917.125668596702,45360.556445184004,10,30715.091538301018,0,1.0000420058986493e-07,optimal,optimal,optimal
2025-05-12,ANNUAL REFERENCE ONLY,0.95,2.0,1434.0793337567031,14,1434.0793337567031,optimal,optimal,35565.04376891213,0.0,0.0,14,9264.42976931708,optimal,optimal,2103.414344383091,1792.9668238436961,0.0,0.6222051305743269,14,7267.466639415333,optimal,optimal,68.72999037957848,85.6430882893161,289.2789227188691,0.6042043258947416,14,9196.770415463418,optimal,optimal,2817.3129387162294,1423.8477147804667,37.47504244404509,0.5147239641943456,1520.7585809917884,1200.000000015928,10578.598602611482,4989.457273478898,411.46235194343836,1997.4848132642796,42551.98585565531,9,28231.358121366615,0,1.0000420058986493e-07,optimal,optimal,optimal
2025-05-13,ANNUAL REFERENCE ONLY,0.95,2.0,1520.7585809917884,14,1520.7585809917884,optimal,optimal,41109.733030162344,0.0,0.0,14,9958.63257176732,optimal,optimal,-929.5429758623732,701.181001857177,6066.764793298187,0.6096449450743807,14,6464.4309588685965,optimal,optimal,107.15748821383673,247.08920916818238,837.641338138062,0.6109347968771492,14,9178.303874978816,optimal,optimal,2815.044723875674,1430.5974184113413,59.947920619448,0.5129126391594787,1491.81998080634,1200.000000015928,10727.189778518514,1992.6592362271376,512.7859980931589,2732.0896044052784,45834.48187079476,13,30359.644444049474,0,1.0000343513638653e-07,optimal,optimal,optimal
2025-05-14,ANNUAL REFERENCE ONLY,0.95,2.0,1491.81998080634,14,1491.81998080634,optimal,optimal,40357.98264935269,0.0,0.0,14,9823.683350800433,optimal,optimal,-229.01864325416034,43.75656948844181,837.8371729202861,0.6287185154858466,14,5976.513928134449,optimal,optimal,-625.9097967431162,0.0,1846.4011080380217,0.5923866460924188,14,9229.097970968809,optimal,optimal,2692.738912363867,1376.5358952090512,5.675818206433711,0.5051761010413914,1439.1097029777093,1221.1001146392573,10549.163443393025,1837.8104723665901,6.875882080434348e-07,1.999998795741885e-06,42195.79312371928,0,30325.312018329958,0,1.0000420058986493e-07,optimal,optimal,optimal
2025-05-15,ANNUAL REFERENCE ONLY,0.95,2.0,1439.1097029777093,14,1439.1097029777093,optimal,optimal,41287.92468798664,0.0,0.0,14,9825.399502537713,optimal,optimal,382.14032264603077,376.1947385066439,249.88825376339238,0.5880965951884245,14,6956.976016787839,optimal,optimal,-831.6093416574232,0.0,2335.5054035970616,0.6413907975808933,14,9573.51272837848,optimal,optimal,2069.9533043364963,1070.0433612305483,5.441433407301028,0.5023496857229169,1432.1251491030055,1432.1251491030055,10658.17439798194,1620.4842853251039,3.6246006291640017e-07,9.000081083257555e-07,42908.40897421175,0,30905.97458261447,0,1.0000339045745932e-07,optimal,optimal,optimal
2025-05-16,ANNUAL REFERENCE ONLY,0.95,2.0,1432.1251491030055,14,1432.1251491030055,optimal,optimal,17292.986273227536,0.0,0.0,14,2494.2775622501063,optimal,optimal,-88.96419819999447,0.0,170.3623860518681,0.5807333829636694,14,8350.241883688746,optimal,optimal,-238.87036640921448,0.0,508.19529254554584,0.6697991599322327,14,9206.784334736838,optimal,optimal,2546.5349216896698,1400.8519790214953,161.93213093636786,0.49022271234302023,1442.6634466571302,1432.1251491030055,9206.784334736838,2218.700357080461,6.718769698513304e-07,1.699995096671546e-06,19511.68663200799,0,18593.178478107315,0,1.000043994281441e-07,optimal,optimal,optimal
2025-05-17,ANNUAL REFERENCE ONLY,0.95,2.0,1442.6634466571302,14,1442.6634466571302,optimal,optimal,17223.480433645458,0.0,0.0,14,2191.4009985581342,optimal,optimal,-27.598449495245372,14.149494059004523,107.71263400064657,0.5642788474441499,14,8339.421007749048,optimal,optimal,-31.452413543282855,71.0080751487061,308.3034703786873,0.6626488208544578,14,9175.877283004966,optimal,optimal,2665.8509807598048,1440.0883002934568,116.7821805744777,0.47940430771132864,1614.760813849413,1423.252159677676,9175.877283004966,2606.8001177212764,283.5014627222528,1317.8043029604848,21148.08485432722,6,19230.127174903664,0,1.0000099996432255e-07,optimal,optimal,optimal
2025-05-18,ANNUAL REFERENCE ONLY,0.95,2.0,1614.760813849413,14,1614.760813849413,optimal,optimal,42987.07313327883,0.0,0.0,14,9677.182590334487,optimal,optimal,-715.8775211260081,290.9198312549415,4039.712237839291,0.5552544511539624,14,6413.96071819923,optimal,optimal,-136.9535926100587,43.331627597150714,603.2171263756545,0.6579382952051857,14,9761.883435603228,optimal,optimal,1773.684185634352,898.6603927917846,2.0353284117503563,0.4951790349470917,1561.475826429207,1561.475826429207,10372.567364986915,920.8530718982852,4.969242196987515e-07,1.1000181079575667e-06,43907.92620627713,0,31764.216820594727,0,1.0000099996432255e-07,optimal,optimal,optimal
2025-05-19,ANNUAL REFERENCE ONLY,0.95,2.0,1561.475826429207,14,1561.475826429207,optimal,optimal,38955.44311086286,0.0,0.0,14,10071.468341944443,optimal,optimal,-374.469493703088,526.7611598038474,4354.717600985628,0.57627531086384,14,7948.693469608387,optimal,optimal,-103.26078954006584,13.171213204820942,465.0222471131508,0.6551490172527845,14,9588.47852200306,optimal,optimal,2104.9949492420847,1068.236767948164,94.21086239676633,0.4869027646502461,1675.4815799046016,1441.772280183635,10755.473897499998,1627.264665998931,8.23250053517597,55.524098050000475,40638.2318749118,1,28984.6170073989,0,1.0000803740695119e-07,optimal,optimal,optimal
2025-05-20,ANNUAL REFERENCE ONLY,0.95,2.0,1675.4815799046016,14,1675.4815799046016,optimal,optimal,38878.82212109078,0.0,0.0,14,10128.53287037037,optimal,optimal,528.293523734864,651.4073846054813,1179.9130323153802,0.5737972755335464,14,6519.470889329871,optimal,optimal,74.91357650483326,126.83056077104396,22.89652370972169,0.6409757704854452,14,9375.873051057548,optimal,optimal,2444.6203033933693,1229.8013525544684,72.6553175778352,0.4864471924874341,1688.9940181075556,1573.198300838621,10800.0,3047.8274036330668,119.66933698653139,462.0745609510602,42388.72408567491,2,29360.08429080238,0,1.0000803740695119e-07,optimal,optimal,optimal
2025-05-21,ANNUAL REFERENCE ONLY,0.95,2.0,1688.9940181075556,14,1688.9940181075556,optimal,optimal,36506.68728267199,0.0,0.0,14,8451.070934457128,optimal,optimal,1259.5702475997598,1489.158148007853,0.0,0.5685082670468646,14,6876.197349956984,optimal,optimal,228.7952395744207,329.2754201671587,870.4316697673174,0.6532667259997932,14,9322.759767210486,optimal,optimal,2557.507346259938,1319.1807814299632,0.0,0.49013871318365915,1575.2274385046603,1556.3844385625646,9695.319934418198,4045.8728334341185,140.4900793342655,526.657626221314,41079.217742327426,3,28186.97179854955,0,1.0000420058986493e-07,optimal,optimal,optimal
2025-05-22,ANNUAL REFERENCE ONLY,0.95,2.0,1575.2274385046603,14,1575.2274385046603,optimal,optimal,36944.83080526542,0.0,0.0,14,9381.812150246915,optimal,optimal,-267.4571299364841,37.573273010974276,900.033810797371,0.591923604047443,14,7601.856583580248,optimal,optimal,-347.35980678767436,0.0,716.7639370746896,0.6250893073790399,14,9774.569430417694,optimal,optimal,1828.6029993456132,927.2335481395974,-1.1368683772161603e-13,0.4967499063622417,1357.728322446602,1357.728322446602,10641.365279876543,1213.7860626214547,106.15458770015215,387.5147473199387,38546.13161520681,4,30723.784897554957,0,1.0000803740695119e-07,optimal,optimal,optimal
2025-05-23,ANNUAL REFERENCE ONLY,0.95,2.0,1357.728322446602,14,1357.728322446602,optimal,optimal,15283.095912472072,0.0,0.0,14,2133.463310987655,optimal,optimal,-32.60878892875265,0.0,65.31160947633842,0.6286188202783171,14,9401.546623559218,optimal,optimal,125.1934207311853,196.58557538229306,0.0,0.5954141752638227,14,9373.425168403759,optimal,optimal,1960.817435319093,1048.8131477248644,-1.1368683772161603e-13,0.5052994604995769,1616.456656171707,1357.728322446602,9420.809405107659,2053.4020671215258,1.4575819035663602e-07,2.9999984266073625e-07,17336.497979893596,0,20062.903296583918,0,1.0000621841754764e-07,optimal,optimal,optimal
2025-05-24,ANNUAL REFERENCE ONLY,0.95,2.0,1616.456656171707,14,1616.456656171707,optimal,optimal,16050.940523495592,0.0,0.0,14,1874.9894271296291,optimal,optimal,-208.49472901481462,52.58750261240726,561.1823133455549,0.6142470598441125,14,9048.979801578085,optimal,optimal,-142.81609544454372,0.0,263.98400356254297,0.5634376313290766,14,9594.983822638487,optimal,optimal,1770.1526756772776,1070.290848264422,0.0,0.5062499574038256,1657.3868935189828,1325.6106075632229,9642.369573681792,1418.8418512179192,1.0845217411241257e-07,2.999988424155162e-07,17469.78237501351,0,19136.51962779014,0,1.0000030670198612e-07,optimal,optimal,optimal
2025-05-25,ANNUAL REFERENCE ONLY,0.95,2.0,1657.3868935189828,14,1657.3868935189828,optimal,optimal,37390.50544239006,0.0,0.0,14,9862.812304876546,optimal,optimal,-862.6614178959435,29.207720583335107,3589.8504831895866,0.6349394761297966,14,9237.028047299851,optimal,optimal,-86.53948240467511,0.0,146.43442483515796,0.5513013261352812,14,9667.191333904155,optimal,optimal,2029.4952827511581,1023.780087201834,0.0,0.4863585004275528,1505.6620421435662,1446.8802206692478,10800.0,1080.2943824505396,103.25815345262669,520.9841128469902,38991.78393768759,5,28687.26701981743,0,1.00000761449337e-07,optimal,optimal,optimal
2025-05-26,ANNUAL REFERENCE ONLY,0.95,2.0,1505.6620421435662,14,1505.6620421435662,optimal,optimal,36474.59573602004,0.0,0.0,14,9366.26546697141,optimal,optimal,-387.7282505910852,21.113230870459915,886.0941768597389,0.6219222320018284,14,4507.971293638078,optimal,optimal,1256.976933000463,1786.9982706390997,0.0,0.5518940192800226,14,10049.18594664146,optimal,optimal,1264.6027368257378,679.7414556300623,0.0,0.4973434985470992,1440.086479620269,1409.8141456805904,10603.826948452892,2133.851419235116,110.1041226734449,426.7521603866693,39035.199315641825,5,33287.74051410518,0,1.0000030670198612e-07,optimal,optimal,optimal
2025-05-27,ANNUAL REFERENCE ONLY,0.95,2.0,1440.086479620269,14,1440.086479620269,optimal,optimal,34431.91798045753,0.0,0.0,14,6813.430310000002,optimal,optimal,1735.420672162399,2225.3966176574936,0.0,0.6357303952212594,14,5861.698040000001,optimal,optimal,-364.452281178005,8.609488567719502,1163.925239638735,0.5838652431269783,14,10163.607483078504,optimal,optimal,901.7993647399081,582.3981558443863,0.0,0.4886651889197987,1352.5205937435937,1352.5205937435937,10197.610483135466,2272.767755724302,1.412418960981018e-07,3.000000771933628e-07,36704.685736481835,0,31602.837682419344,0,1.00000761449337e-07,optimal,optimal,optimal
2025-05-28,ANNUAL REFERENCE ONLY,0.95,2.0,1352.5205937435937,14,1352.5205937435937,optimal,optimal,38090.78068616299,0.0,0.0,14,9972.60030635802,optimal,optimal,-399.6290332172874,356.50245018876643,3112.711668801986,0.5908321569580908,14,6342.713792046499,optimal,optimal,-460.1282741911862,193.52929724843068,2701.3512198347207,0.5951818170057571,14,10065.748962129908,optimal,optimal,923.1016938086898,498.91667242374024,0.0,0.4837875310871463,1332.2466475194415,1332.2466475194415,10669.667898950613,63.344386400216194,1.0900081776163296e-07,3.000085890154879e-07,38154.125072863215,0,31789.838848911775,0,1.0000858901548782e-07,optimal,optimal,optimal
2025-05-29,ANNUAL REFERENCE ONLY,0.95,2.0,1332.2466475194415,14,1332.2466475194415,optimal,optimal,37018.75755868071,0.0,0.0,14,9658.287763086415,optimal,optimal,411.59389471202223,385.13048357488776,207.22485659236486,0.5763922328316364,14,7280.500142822845,optimal,optimal,-793.127116003279,14.945965820254287,3036.9399362935674,0.5866434162268607,14,10297.314898679948,optimal,optimal,764.753549361259,478.0857307806701,0.0,0.48108784470784305,1220.0114937267276,1202.241641975309,10326.502114938266,383.2203280700023,517.3926784289431,2426.760605781742,39828.73849253245,16,33073.20040052759,0,1.0000803740695119e-07,optimal,optimal,optimal
2025-05-30,ANNUAL REFERENCE ONLY,0.95,2.0,1220.0114937267276,14,1220.0114937267276,optimal,optimal,14350.273155452647,0.0,0.0,14,2349.2937016666665,optimal,optimal,289.969931723642,274.93501440372944,72.65652991819084,0.5411803619026859,14,10149.750696644252,optimal,optimal,167.5922578925649,136.87387078603697,126.24838509548496,0.5706245179616362,14,9935.83223904717,optimal,optimal,802.2494463382911,539.9396144180179,0.0,0.4741642960742968,1308.5852126371806,1220.0114937267276,10309.84302876048,1259.811635954498,2.9759451487302333e-07,6.999980708329076e-07,15610.084792107144,0,22095.900055814258,0,1.0000007932831068e-07,optimal,optimal,optimal
2025-05-31,ANNUAL REFERENCE ONLY,0.95,2.0,1308.5852126371806,14,1308.5852126371806,optimal,optimal,16047.450057255985,0.0,0.0,14,2847.6741039506805,optimal,optimal,-430.2725350156695,0.0,978.6036867863362,0.5552075506942729,14,10509.943452839569,optimal,optimal,-116.3605333423282,12.11839360209296,273.9008788090308,0.605237812413648,14,10300.484580576895,optimal,optimal,370.3544152550177,249.58111521594134,0.0,0.48422532798077766,1200.0000000519697,1200.0000000519697,10538.77231524415,-176.27865310297994,58.58257101074265,125.24953682085071,15996.420940973856,1,22643.654366426243,0,1.0000144357036334e-07,optimal,optimal,optimal
2025-06-01,ANNUAL REFERENCE ONLY,0.95,2.0,1200.0000000519697,14,1200.0000000519697,optimal,optimal,47589.73526164364,0.0,0.0,14,8062.08953231482,optimal,optimal,608.4085182286207,1822.7045058314156,4404.651860623473,0.5666485845600128,14,7132.530454745857,optimal,optimal,-1236.7706985276027,0.0,3398.3122135411895,0.6415188020531732,14,10341.911905204024,optimal,optimal,790.1730170549664,427.164814454628,0.0,0.4818533196753399,1200.000000050103,1199.9999999999998,10385.304547320526,161.81083675598438,4499.1697659402325,20158.755898886764,67910.30199728638,49,35809.8410371365,0,1.000059910438722e-07,optimal,optimal,optimal
2025-06-02,ANNUAL REFERENCE ONLY,0.95,2.0,1200.000000050103,14,1200.000000050103,optimal,optimal,50049.42792455293,0.0,0.0,14,8388.005502082413,optimal,optimal,-2222.6222677573037,51.851214870247645,7536.329747273026,0.5870249423054743,14,5622.610907695989,optimal,optimal,3283.2736788866882,3160.199528954401,592.7006525016261,0.6439861693109434,14,8378.927166494279,optimal,optimal,3664.4813009960335,1922.6872950873203,0.0,0.48757590409122953,1277.9061143674262,1200.000000050103,9147.394390971302,4725.132712125418,808.055022581053,3877.9357104369296,58652.49634711527,14,32680.54502580157,0,1.0002258932217956e-07,optimal,optimal,optimal
2025-06-03,ANNUAL REFERENCE ONLY,0.95,2.0,1277.9061143674262,14,1277.9061143674262,optimal,optimal,46150.48237008837,0.0,0.0,14,8350.692538790297,optimal,optimal,2229.914683597205,2195.8178486427114,2116.2315825318537,0.600796204059773,14,7258.503225612294,optimal,optimal,192.0179427682298,337.4127001560379,736.583018317098,0.623137584468961,14,8656.986408366065,optimal,optimal,3418.9325002008295,1813.4738489117562,68.08355637285456,0.49230641353782917,1379.5124417351703,1277.9061143674262,9126.417075827334,5840.865126566265,116.92072868283348,790.5243047555721,52781.871801410205,4,30209.402984591776,0,1.0000111672070489e-07,optimal,optimal,optimal
2025-06-04,ANNUAL REFERENCE ONLY,0.95,2.0,1379.5124417351703,14,1379.5124417351703,optimal,optimal,53289.941688518724,0.0,0.0,14,7860.475843932621,optimal,optimal,-3530.1041612205745,129.92312898488348,10816.469478134135,0.5954185206083834,14,7542.665926065885,optimal,optimal,1696.944575046021,1568.8849574451165,0.0,0.6221504156147986,14,8749.704560474382,optimal,optimal,3193.8165689272264,1693.2135201459405,64.73943227551324,0.50561548891682,1328.0967124414221,1200.0000000159275,9442.803462227323,1360.656982752673,116.44365657308396,805.2391168986771,55455.83778817008,4,30209.709820688215,0,1.0000803740695119e-07,optimal,optimal,optimal
2025-06-05,ANNUAL REFERENCE ONLY,0.95,2.0,1328.0967124414221,14,1328.0967124414221,optimal,optimal,45331.64034173976,0.0,0.0,14,8024.817365177124,optimal,optimal,1358.7825152695073,1757.6165211753032,1883.0341703194194,0.6271448997395878,14,5141.729776778782,optimal,optimal,2835.926879876926,2715.412481034654,19.745527708725515,0.6119180322598419,14,8622.747966740362,optimal,optimal,3383.29160583113,1812.0157738846565,64.9410711499265,0.5039157795352526,1200.0000000519697,1200.0000000159275,8845.847582193253,7578.001000977563,596.8990899536032,3676.3145596675486,56585.95590238487,7,33362.06581727507,0,1.00000761449337e-07,optimal,optimal,optimal
2025-06-06,ANNUAL REFERENCE ONLY,0.95,2.0,1200.0000000519697,14,1200.0000000519697,optimal,optimal,22351.308199566178,0.0,0.0,14,2879.159543279905,optimal,optimal,-472.14348554105595,49.35699987834865,1179.1431390899131,0.6491237145562508,14,6919.181587932789,optimal,optimal,-281.9185429767174,0.0,639.3468988760543,0.6193737432473572,14,8639.809562494072,optimal,optimal,3700.9497525924207,1947.4378311578819,12.44126133898362,0.5068166741019111,1538.548536883919,1200.0000000159275,8639.809562494072,2946.8877240746474,2242.966746097423,10775.096307948508,36073.29223158934,20,20666.979070563902,0,1.0000871952797752e-07,optimal,optimal,optimal
2025-06-07,ANNUAL REFERENCE ONLY,0.95,2.0,1538.548536883919,14,1538.548536883919,optimal,optimal,22699.932310846507,0.0,0.0,14,5844.735038756838,optimal,optimal,-714.6821595354493,0.0,2025.7267281153308,0.630734207783951,14,7243.443361791994,optimal,optimal,661.4180470155035,511.72273657366645,130.69117010665752,0.619506135247758,14,8663.133231467586,optimal,optimal,3689.1615920919767,1920.279874610206,-2.2737367544323206e-13,0.5075122047091997,1640.4006655807948,1200.0000000159275,8663.133231467586,3635.897479572031,1695.573421476262,8635.100716885656,34970.93050730419,16,20196.74968866109,0,1.0001167538575828e-07,optimal,optimal,optimal
2025-06-08,ANNUAL REFERENCE ONLY,0.95,2.0,1640.4006655807948,14,1640.4006655807948,optimal,optimal,47365.01790495064,0.0,0.0,14,9879.346319455251,optimal,optimal,567.7915642078434,897.4704061253841,892.7719741751516,0.6311028432083742,14,8201.754495888425,optimal,optimal,277.87149023931045,383.1808048087366,515.5137098548704,0.5873036668672389,14,9337.269421897,optimal,optimal,2578.050391889471,1305.5474661643677,0.0,0.5185860629251362,1780.560300035662,1201.003314847217,10568.398171307103,3423.7134463366247,121.01960683282132,816.2167372139305,51604.948088501194,1,29140.49604037961,0,1.0000803740695119e-07,optimal,optimal,optimal
2025-06-09,ANNUAL REFERENCE ONLY,0.95,2.0,1780.560300035662,14,1780.560300035662,optimal,optimal,53623.73698880434,0.0,0.0,14,9280.661095035088,optimal,optimal,-1004.471884274492,0.0,2467.283142953651,0.6421747253364459,14,8177.013559857244,optimal,optimal,-217.10266855854024,0.0,661.157270613697,0.5550189168663944,14,9337.269421896997,optimal,optimal,2586.912338391906,1310.1877116011788,0.0,0.5076792954802422,1697.6574727585607,1200.000000015928,10262.388719623294,1365.3377855588737,230.24947531490355,1568.3925009724223,56557.467275335635,2,32916.39913208394,0,1.0000420058986493e-07,optimal,optimal,optimal
2025-06-10,ANNUAL REFERENCE ONLY,0.95,2.0,1697.6574727585607,14,1697.6574727585607,optimal,optimal,50392.031325123244,0.0,0.0,14,10100.721406944444,optimal,optimal,711.2762836002504,1041.6668408504456,121.02229060524915,0.6359704973850039,14,5874.562223885971,optimal,optimal,2032.225967987149,2034.6685934777047,80.22293570329407,0.5514512131454722,14,9317.300739890212,optimal,optimal,2654.621520278578,1334.3924459557177,0.0,0.5001111296016376,1660.604660993237,1348.147331811311,10782.4269625,5398.123771865978,5.443223039324316e-07,1.8000506676670736e-06,55790.15509878927,0,35448.78281885385,0,1.0000420058986493e-07,optimal,optimal,optimal
2025-06-11,ANNUAL REFERENCE ONLY,0.95,2.0,1660.604660993237,14,1660.604660993237,optimal,optimal,54689.81417289063,0.0,0.0,14,9982.638395925584,optimal,optimal,1485.121182097718,2090.003649703134,480.18864674575036,0.6599042917744563,14,5074.487363610157,optimal,optimal,366.7978256253766,488.21159391636934,308.23115628900007,0.5395194116416968,14,9337.269421897,optimal,optimal,2486.9249896226925,1265.2712656992728,0.0,0.48826100731901323,1623.7837173254295,1200.0,10706.72682185151,4338.843997345787,448.67507693329645,2107.338688318912,61135.99685855532,9,39122.22253006075,0,1.0000339045745932e-07,optimal,optimal,optimal
2025-06-12,ANNUAL REFERENCE ONLY,0.95,2.0,1623.7837173254295,14,1623.7837173254295,optimal,optimal,53434.01413924617,0.0,0.0,14,10039.324085989441,optimal,optimal,993.9127763233473,1451.028330459652,62.25315884154783,0.6301193606221761,14,7570.564958100729,optimal,optimal,-308.8305129830049,2.65349650110511,762.7364469032914,0.5744243290526387,14,9337.145217533582,optimal,optimal,2603.7096515892654,1319.7509063006246,0.0,0.5018332704546623,1608.156162306418,1454.8932946231143,10791.006956359812,3288.7919149296076,5.81813040378157e-07,2.0000288519653622e-06,56722.8060561758,0,34681.552498792866,0,1.0000420058986493e-07,optimal,optimal,optimal
2025-06-13,ANNUAL REFERENCE ONLY,0.95,2.0,1608.156162306418,14,1608.156162306418,optimal,optimal,23663.225559856273,0.0,0.0,14,4125.747516313271,optimal,optimal,-713.5325524214102,0.0,1681.0387533882013,0.6242399681456574,14,7073.131250124399,optimal,optimal,424.40796915155374,345.390168579891,77.45297584703732,0.5669753230324613,14,8715.08256462825,optimal,optimal,3664.739329988156,1881.7023675545147,0.0,0.5099189288390025,1604.0118786628616,1200.0000000159275,8715.08256462825,3375.6147467182996,1132.407620413041,5362.030845750396,32400.87115232497,15,20015.402352328223,0,1.0000405836763093e-07,optimal,optimal,optimal
2025-06-14,ANNUAL REFERENCE ONLY,0.95,2.0,1604.0118786628616,14,1604.0118786628616,optimal,optimal,23765.096562842933,0.0,0.0,14,3591.144465551844,optimal,optimal,-402.1752896833648,0.0,918.3187959303987,0.6235149057632725,14,6921.300460935406,optimal,optimal,-248.10104977916566,0.0,564.312261690946,0.5762993327995513,14,8735.293532048676,optimal,optimal,3612.955489516971,1863.574390209932,1.584541840667108,0.5132157683447175,1542.1965348701106,1200.0000000159275,8735.293532048676,2962.6791500544405,1064.1698388685097,4968.454650407181,31696.230363304556,14,19201.31362961402,0,1.0001258488046005e-07,optimal,optimal,optimal
2025-06-15,ANNUAL REFERENCE ONLY,0.95,2.0,1542.1965348701106,14,1542.1965348701106,optimal,optimal,52412.853967874355,0.0,0.0,14,10108.6604475,optimal,optimal,2807.585183152877,4024.688078971291,292.44975413227945,0.6146972657557176,14,6148.872301896792,optimal,optimal,1024.1483584151056,1103.550232378819,119.23804579046111,0.5517131793820905,14,9336.91873601934,optimal,optimal,2463.380402701913,1248.5318642431453,0.0,0.5184838190839023,1487.8402053990408,1370.4549105488272,10793.7604475,6295.113944269896,4.3510969192073516e-07,1.5999770272168914e-06,58707.96791374423,0,37846.442796528005,0,1.0000415471722592e-07,optimal,optimal,optimal
2025-06-16,ANNUAL REFERENCE ONLY,0.95,2.0,1487.8402053990408,14,1487.8402053990408,optimal,optimal,54583.34434339807,0.0,0.0,14,9955.228417106831,optimal,optimal,2159.7980580932476,3027.1492910405477,153.04352442790267,0.6193389243829498,14,5710.64511384421,optimal,optimal,382.1806045671468,529.8493148118191,379.2993163436672,0.5741348667196463,14,9398.562077897499,optimal,optimal,2503.140259165352,1243.0515661445231,0.0,0.513763216558851,1624.527379224332,1200.0,10765.8699325,5045.118921825746,216.35909603611793,1056.4996038523554,60684.962869076175,5,38506.620513896836,0,1.0002258932217956e-07,optimal,optimal,optimal
2025-06-17,ANNUAL REFERENCE ONLY,0.95,2.0,1624.527379224332,14,1624.527379224332,optimal,optimal,55470.52862309588,0.0,0.0,14,10088.136221759258,optimal,optimal,2927.5724825336506,3857.3697358461277,106.33768485023313,0.5949626481298967,14,6701.612425724264,optimal,optimal,238.37374835925505,381.30906231062204,352.56710144854463,0.5631299982467897,14,9398.334601576751,optimal,optimal,2424.7797176535155,1204.078198910692,0.0,0.5658927919111729,1687.6314100721042,1620.6578636917363,10782.426962499998,5590.725948546421,3.212099048966836e-07,1.2999807325001713e-06,61061.254572942285,0,37817.843593499696,0,1.0000803740695119e-07,optimal,optimal,optimal
2025-06-18,ANNUAL REFERENCE ONLY,0.95,2.0,1687.6314100721042,14,1687.6314100721042,optimal,optimal,55816.44827167425,0.0,0.0,14,10128.018166203703,optimal,optimal,2955.0793428224047,3904.783310252087,63.61638199896936,0.6020235205475214,14,7919.448219661304,optimal,optimal,-816.2121437481701,0.3050514107219442,2279.124415888735,0.5498425464571668,14,9398.613395145145,optimal,optimal,2536.7312216463893,1259.1695042263723,-1.9326762412674725e-12,0.5630220884129864,1763.3507366683803,1687.6314100721042,10800.0,4675.598420720624,2.914647189456076e-07,8.999946530048759e-07,60492.04669329486,0,34523.41742787153,0,1.0000420058986493e-07,optimal,optimal,optimal
2025-06-19,ANNUAL REFERENCE ONLY,0.95,2.0,1763.3507366683803,14,1763.3507366683803,optimal,optimal,52875.051096762545,0.0,0.0,14,10014.486109577756,optimal,optimal,16.190411006616326,137.0943572236281,340.3370923709509,0.5577903607428186,14,7740.763341069011,optimal,optimal,1770.140356298259,1777.1992150127255,53.81561276303535,0.5989886677092385,14,9398.613395145145,optimal,optimal,2578.2940136502575,1281.0185121982847,1.1368683772161603e-13,0.5464077990122872,1853.180105373452,1763.3507366683803,10729.875979909195,4364.624780955133,2.935516950809704e-07,9.000216274493538e-07,57239.6758786177,0,30285.53656481342,0,1.0001531336456537e-07,optimal,optimal,optimal
2025-06-20,ANNUAL REFERENCE ONLY,0.95,2.0,1853.180105373452,14,1853.180105373452,optimal,optimal,24663.743995737357,0.0,0.0,14,4245.16601090164,optimal,optimal,144.90135578252298,130.43000995268966,1.1368683772161603e-13,0.578479287725168,14,7028.625958908413,optimal,optimal,-10.34151747102154,57.427967718107,87.47566890730127,0.5815499330392405,14,9175.69014521105,optimal,optimal,2700.1826240405708,1406.910103487321,-1.1368683772161603e-13,0.5757366746932912,1852.6591592339894,1852.6591592339894,9175.69014521105,2834.7424623520724,2.9302650061998553e-07,9.999869121069425e-07,27498.486459089414,0,18025.275234841756,0,1.0000415471722592e-07,optimal,optimal,optimal
2025-06-21,ANNUAL REFERENCE ONLY,0.95,2.0,1852.6591592339894,14,1852.6591592339894,optimal,optimal,24050.884511158318,0.0,0.0,14,3719.04148597321,optimal,optimal,440.29604973275775,352.43706546375034,0.0,0.5927749342757916,14,7122.680389272783,optimal,optimal,-224.9230536107978,0.0,466.6733380032706,0.5738372418743976,14,9445.598095111643,optimal,optimal,2367.4688500441025,1205.919090579982,0.0,0.559413731876346,1963.7069488353945,1852.6591592339894,9445.598095111643,2582.8418461660626,4.5708945763186637e-07,1.399989760000608e-06,26633.72635872437,0,19209.116439269645,0,1.0000258043874055e-07,optimal,optimal,optimal
2025-06-22,ANNUAL REFERENCE ONLY,0.95,2.0,1963.7069488353945,14,1963.7069488353945,optimal,optimal,47896.186701058876,0.0,0.0,14,10063.049748359219,optimal,optimal,1105.5022556903853,914.8051911883072,61.52800384819168,0.5728972797433772,14,6077.219612113793,optimal,optimal,1492.16604404262,1580.6903083110335,35.59991407396592,0.570835193695159,14,9715.238147094198,optimal,optimal,1954.963617813354,999.4149624558505,81.872867472715,0.555524516666299,1731.3409385393568,1719.8977039750025,10716.250291530165,4552.63191754636,3.6128963148361644e-07,9.999926473037702e-07,52448.81861960523,0,34492.71574959799,0,1.0000258043874055e-07,optimal,optimal,optimal
2025-06-23,ANNUAL REFERENCE ONLY,0.95,2.0,1731.3409385393568,14,1731.3409385393568,optimal,optimal,49082.875021441105,0.0,0.0,14,10108.193055555555,optimal,optimal,1590.508951353331,1271.9211205073707,39.454378074595695,0.5478457584488032,14,7454.605415887501,optimal,optimal,-180.60018413681328,0.0,457.45513410512183,0.5619297357762374,14,9702.105826844432,optimal,optimal,1887.9977832016477,986.8407623377809,0.0,0.5720722180019336,1785.9789667739642,1731.3409385393568,10800.0,3297.9065504181654,3.4392274972165576e-07,1.0000150767320518e-06,52380.78157285928,0,33478.67165507027,0,1.0000315205616061e-07,optimal,optimal,optimal
2025-06-24,ANNUAL REFERENCE ONLY,0.95,2.0,1785.9789667739642,14,1785.9789667739642,optimal,optimal,56252.14640174371,0.0,0.0,14,9784.163720502642,optimal,optimal,2.2531135408344856,439.1441400400638,1429.5523814359256,0.5532714297404863,14,7055.1058968592315,optimal,optimal,-308.10602148365507,0.0,893.2511625407576,0.571298303327644,14,10042.245949005135,optimal,optimal,1197.6464108367977,610.7844498131942,0.0,0.5349504933453456,1565.3048649635398,1565.3048649635398,10527.536081613755,891.7935028939771,4.677096127890276e-08,9.999297253525578e-08,57143.93990473768,0,38718.0708256989,0,1.0001531336456537e-07,optimal,optimal,optimal
2025-06-25,ANNUAL REFERENCE ONLY,0.95,2.0,1565.3048649635398,14,1565.3048649635398,optimal,optimal,49243.71550644505,0.0,0.0,14,10098.926867191352,optimal,optimal,2151.475213626974,2217.555669123358,1389.379325507694,0.5550212135591391,14,8951.315144569899,optimal,optimal,337.40843547890773,610.1185701569051,1361.5994746889382,0.571904353746946,14,10027.949556018408,optimal,optimal,1257.822692391367,661.150508033421,71.09991554760006,0.4999812136413801,1640.1241876694635,1565.3048649635398,10770.143070895056,3746.706341497249,9.397509005840307e-08,1.9999877831978665e-07,52990.4218481423,0,34314.364171231406,0,1.0000099996432255e-07,optimal,optimal,optimal
2025-06-26,ANNUAL REFERENCE ONLY,0.95,2.0,1640.1241876694635,14,1640.1241876694635,optimal,optimal,47457.85192946391,0.0,0.0,14,10096.770582716048,optimal,optimal,1825.1348660358485,1984.787782752075,62.94838606932524,0.6154476994763852,14,7769.601114860747,optimal,optimal,71.16332812701799,194.79159031032003,235.63473197651422,0.5203880635663166,14,9867.506315739665,optimal,optimal,1330.2973074612703,689.8394549887304,81.81755840841694,0.5057891811807994,1689.3718636031365,1640.1241876694635,10790.595582716049,3226.595501624137,1.4068091467760033e-07,2.99999594624478e-07,50684.44743138805,0,31321.599674522982,0,1.0002986527979374e-07,optimal,optimal,optimal
2025-06-27,ANNUAL REFERENCE ONLY,0.95,2.0,1689.3718636031365,14,1689.3718636031365,optimal,optimal,22135.474718205056,0.0,0.0,14,3996.9264196604936,optimal,optimal,53.71424939134454,58.19872650444102,80.53420780797791,0.6066326695946632,14,8370.845884567436,optimal,optimal,-382.29497197561136,40.640624611787686,947.9971471932023,0.5512498505646977,14,9892.805260039622,optimal,optimal,1424.9351344730271,804.9440292760314,0.0,0.4697623913490641,1919.2988869325447,1689.3718636031365,9892.805260039622,1096.3544118887603,2.1701124905266582e-07,5.999983015252837e-07,23231.82913069381,0,20535.98505693631,0,1.0001167538575828e-07,optimal,optimal,optimal
2025-06-28,ANNUAL REFERENCE ONLY,0.95,2.0,1919.2988869325447,14,1919.2988869325447,optimal,optimal,20706.321051404208,0.0,0.0,14,3183.104475308647,optimal,optimal,30.77640446663569,28.33940960511154,0.0,0.6263606816706172,14,9416.665956186469,optimal,optimal,461.85543960321877,374.6048412215488,0.0,0.5493182795582746,14,10186.916358762419,optimal,optimal,967.1940544893088,513.714906145965,0.0,0.4702148716167222,1735.4713401749898,1735.4713401749898,10186.916358762419,1459.8258985591633,1.6778413501840261e-07,7.000208748479054e-07,22166.14695066339,0,21516.681571322413,0,1.0000245765695582e-07,optimal,optimal,optimal
2025-06-29,ANNUAL REFERENCE ONLY,0.95,2.0,1735.4713401749898,14,1735.4713401749898,optimal,optimal,44304.70387507217,0.0,0.0,14,9456.545434135804,optimal,optimal,1010.2241233841914,1036.510858339384,980.1983581456532,0.6246779494178623,14,6671.516653497231,optimal,optimal,1296.4601424249406,1510.178709233003,0.0,0.5793197463728676,14,10718.812924517435,optimal,optimal,27.589093509071184,32.570296972856454,54.85642910176872,0.4645075981095681,1282.0522248629045,1277.944365220381,10775.236192525012,2334.273359318203,653.2402186509719,2479.718158801881,49118.695393192254,10,35535.19078513946,0,1.0001531336456537e-07,optimal,optimal,optimal
2025-06-30,ANNUAL REFERENCE ONLY,0.95,2.0,1282.0522248629045,14,1282.0522248629045,optimal,optimal,50371.23625052867,0.0,0.0,14,10039.720411111106,optimal,optimal,-683.1087569269156,271.87309033477084,3031.1639985686347,0.6433867460932854,14,6079.992080361415,optimal,optimal,-281.217088696926,41.9174190189849,883.3428996043683,0.6233322134458623,14,10666.9567018719,optimal,optimal,39.28034524802857,262.35127806082306,190.3880733816145,0.456541570106709,1200.0000000519697,1200.0000000519697,10800.0,-925.045500375813,235.61074193332962,733.5572688569924,50179.74801900986,4,37363.289770548974,0,1.0002258932217956e-07,optimal,optimal,optimal
2025-07-01,ANNUAL REFERENCE ONLY,0.95,2.0,1200.0000000519697,14,1200.0000000519697,optimal,optimal,43808.932812806335,0.0,0.0,14,7812.49116570805,optimal,optimal,1875.0880798397263,1889.485577378317,35.38308724951867,0.6223888745227221,14,3147.9807011732173,optimal,optimal,1175.6643671292181,1296.8153048658073,77.88289609555989,0.6339064583071483,14,10261.3271074311,optimal,optimal,474.8835970439387,336.0257250764683,0.0,0.4503187111115669,1200.000000050103,1200.0,10284.624630222186,3525.636044012883,9833.588086997439,38910.10120264147,86244.67005946068,71,38480.091428330874,0,1.0000530892284587e-07,optimal,optimal,optimal
2025-07-02,ANNUAL REFERENCE ONLY,0.95,2.0,1200.000000050103,14,1200.000000050103,optimal,optimal,49313.152183013364,0.0,0.0,14,8623.998415949387,optimal,optimal,168.3089522916263,264.50747199587323,95.39447875156543,0.6318581878861456,14,3939.979995951541,optimal,optimal,2022.7868383790255,2113.0717210856164,111.32003572359577,0.6565159889571802,14,9531.395915956758,optimal,optimal,2167.642323789615,1075.96085901902,0.0,0.4807376963185259,1287.9253200368992,1200.000000015928,9539.272441134302,4358.738114460267,564.0602677187916,3190.6169694239497,56862.507266897584,15,34906.5089986545,0,1.00000761449337e-07,optimal,optimal,optimal
2025-07-03,ANNUAL REFERENCE ONLY,0.95,2.0,1287.9253200368992,14,1287.9253200368992,optimal,optimal,54929.13990522474,0.0,0.0,14,8455.041909447853,optimal,optimal,2684.62901760164,2499.5625277253207,1095.262414074581,0.6293130427185609,14,8125.83613822046,optimal,optimal,-655.4663129998307,55.73444568638183,2383.4348428103494,0.6484613479486222,14,9005.23316065166,optimal,optimal,3213.753506835247,1604.821754136405,5.684341886080801e-13,0.48495836823884836,1240.5236325366322,1200.0000000225127,9813.272316043289,5242.9162114370565,1370.209011364101,3574.2572308805966,63746.3133475424,18,35010.07648658291,0,1.0000803740695119e-07,optimal,optimal,optimal
2025-07-04,ANNUAL REFERENCE ONLY,0.95,2.0,1240.5236325366322,14,1240.5236325366322,optimal,optimal,23518.804479066086,0.0,0.0,14,2491.4866430413704,optimal,optimal,814.128169400904,631.2962111291263,0.0,0.6117813098637833,14,8776.374886366,optimal,optimal,-53.943508740955465,5.124453896055684,158.17467100901126,0.6291220723833791,14,8709.113698007117,optimal,optimal,3645.77238174312,1873.7620178209531,71.92872328208459,0.4768004473645112,1200.0000000519697,1200.0000000159275,8805.362932175543,4405.957042403069,803.8663179891163,4238.855488871495,32163.617010340648,13,20984.93413186038,0,1.0000803740695119e-07,optimal,optimal,optimal
2025-07-05,ANNUAL REFERENCE ONLY,0.95,2.0,1200.0000000519697,14,1200.0000000519697,optimal,optimal,24808.55806504773,0.0,0.0,14,3318.4982990009103,optimal,optimal,-310.00704386270877,0.0,699.6716751020437,0.5799769342284965,14,7363.02187011028,optimal,optimal,415.01793221707635,317.5967465536054,0.0,0.62099626206334,14,8390.708175173122,optimal,optimal,4316.401787953044,2173.307814125789,0.0,0.47722337628354167,1235.7025198733434,1200.0000000159275,8390.708175173122,4421.412676307411,1800.3233320149934,8810.06097591252,38040.031717267666,15,20830.931859675446,0,1.000043994281441e-07,optimal,optimal,optimal
2025-07-06,ANNUAL REFERENCE ONLY,0.95,2.0,1235.7025198733434,14,1235.7025198733434,optimal,optimal,52527.20804716266,0.0,0.0,14,8997.914805075956,optimal,optimal,3410.947190324288,4068.4416304776723,79.76386153957705,0.602757847203642,14,4416.988195161506,optimal,optimal,2505.680105744518,2282.6700921207407,29.93208234377471,0.6149385538492571,14,9127.844571059204,optimal,optimal,3024.749633442395,1506.3138385787363,1.1368683772161603e-13,0.4995744855278361,1284.35788714751,1200.0,9804.754187753075,8941.3769295112,1167.7169680712982,6601.52918195756,68070.11415863142,15,37378.91362594145,0,1.0000803740695119e-07,optimal,optimal,optimal
2025-07-07,ANNUAL REFERENCE ONLY,0.95,2.0,1284.35788714751,14,1284.35788714751,optimal,optimal,53949.62472161349,0.0,0.0,14,8978.615319967783,optimal,optimal,-1860.2667536193117,0.0,5379.9449180604315,0.5892678260807079,14,5169.2676254969565,optimal,optimal,3405.484804554238,3289.6067681358254,68.80331608652716,0.5702832642182791,14,8998.30665739082,optimal,optimal,3065.092292487526,1575.1939122637996,0.0,0.4902076745875216,1356.7250478266333,1200.0000000159275,9690.813051410329,4610.310343422452,408.56822915153987,2781.2111806633984,61341.14624569934,3,33553.46948827167,0,1.0000343513638653e-07,optimal,optimal,optimal
2025-07-08,ANNUAL REFERENCE ONLY,0.95,2.0,1356.7250478266333,14,1356.7250478266333,optimal,optimal,62542.99499308972,0.0,0.0,14,9997.345935000001,optimal,optimal,-2314.8650607362074,136.87212896227766,6980.887026737362,0.6014441198810454,14,7432.9320222284105,optimal,optimal,408.6620734973979,359.47169297583605,154.18581989270723,0.5318654791787983,14,8998.30665739082,optimal,optimal,3174.428937295916,1595.3415489137765,0.0,0.4955390161746349,1866.6039225542586,1255.2364220325505,10752.158435000001,1268.2259500571065,3.9908849977510605e-07,1.4000071570729231e-06,63811.22094454684,0,32891.8688604512,0,1.0000420058986493e-07,optimal,optimal,optimal
2025-07-09,ANNUAL REFERENCE ONLY,0.95,2.0,1866.6039225542586,14,1866.6039225542586,optimal,optimal,61723.63754732751,0.0,0.0,14,9638.997428148148,optimal,optimal,-1850.8309609586581,50.456550730075605,5192.6743792790585,0.604398050773774,14,8547.896222297737,optimal,optimal,-264.1088050352999,193.96193006895362,1827.546555642406,0.520608619646706,14,8998.30665739082,optimal,optimal,3170.401584578609,1599.4961904383672,0.0,0.5072446008422778,1793.8737900770273,1393.3472552110964,10361.87428,1055.4618185846507,2.6850004378977763,18.100928999982976,62797.200294912145,1,30436.05920632505,0,1.000009651761502e-07,optimal,optimal,optimal
2025-07-10,ANNUAL REFERENCE ONLY,0.95,2.0,1793.8737900770273,14,1793.8737900770273,optimal,optimal,57482.63486543826,0.0,0.0,14,10009.159191759256,optimal,optimal,-497.3704514351274,576.3763210412583,3950.041713705526,0.5934121845975558,14,5242.554772353317,optimal,optimal,1954.1846357847892,1997.66046027445,17.760854525898026,0.5607540624811105,14,8998.306657390822,optimal,optimal,3152.5911163514534,1589.7525080211772,0.0,0.5070689334858468,1741.8113949064343,1202.137709573191,10741.649932499997,4609.405300701115,5.221840912617529e-07,1.800004716609237e-06,62092.04016793938,0,32948.593224141754,0,1.0002986527979374e-07,optimal,optimal,optimal
2025-07-11,ANNUAL REFERENCE ONLY,0.95,2.0,1741.8113949064343,14,1741.8113949064343,optimal,optimal,30281.13811289289,0.0,0.0,14,5791.165779317476,optimal,optimal,-273.5546243261677,1.8413593599923834,786.2664858259678,0.5926042405347488,14,6301.709387519272,optimal,optimal,-327.2597418717743,0.0,744.3983426090261,0.5693215717201286,14,8396.431887861787,optimal,optimal,4218.633486253783,2162.6781998597207,0.0,0.508539228862091,1694.1283961096276,1409.5546027955218,8396.431887861787,3617.8191200558413,559.9940386911264,2630.087009360059,36529.044242308795,11,20089.562366391125,0,1.0001167538575828e-07,optimal,optimal,optimal
2025-07-12,ANNUAL REFERENCE ONLY,0.95,2.0,1694.1283961096276,14,1694.1283961096276,optimal,optimal,28664.550843420897,0.0,0.0,14,5378.132945563623,optimal,optimal,717.0191596670297,567.9379744556558,14.487504079781479,0.606576767075662,14,6365.399384379717,optimal,optimal,368.43598823307116,313.0969692639941,0.0,0.5806300519809174,14,8502.879733650105,optimal,optimal,4084.69869885974,2065.4245977134187,0.0,0.5085334659069823,1671.9430409433653,1200.0000000159275,8502.879733650105,5170.153846759841,569.9819309047152,2925.329067354951,36760.03375753569,10,19599.571737032973,0,1.0000803740695119e-07,optimal,optimal,optimal
2025-07-13,ANNUAL REFERENCE ONLY,0.95,2.0,1671.9430409433653,14,1671.9430409433653,optimal,optimal,61886.47045642321,0.0,0.0,14,10064.354166666664,optimal,optimal,-3000.278631076858,0.0,7981.2799395330485,0.6267020258670438,14,6791.558545100267,optimal,optimal,-576.4417770313821,0.0,1374.767755318368,0.5668323577579993,14,8998.306657390822,optimal,optimal,3133.16249386697,1617.482339840969,0.0,0.4905380460918264,1606.0417389028557,1200.000000015928,10799.999999999998,-443.5579142412698,91.23744957198934,632.787127404538,62075.69966958648,2,31170.075534132346,0,1.0002986527979374e-07,optimal,optimal,optimal
2025-07-14,ANNUAL REFERENCE ONLY,0.95,2.0,1606.0417389028557,14,1606.0417389028557,optimal,optimal,57580.471814471435,0.0,0.0,14,10029.172685185187,optimal,optimal,-1733.4581974232722,147.37056712899283,5647.614968910868,0.6450013501404055,14,7411.886947248905,optimal,optimal,629.3597625252582,590.7250914999613,99.84643713846935,0.5834369520900139,14,8926.608898149609,optimal,optimal,3306.2200878079193,1674.7341366543874,0.0,0.48453850799441545,1558.5623259748595,1200.000000015928,10800.000000000002,2202.1216529099056,230.90084497994332,1566.3491560330635,61348.942623414405,2,30315.013377051164,0,1.0000803740695119e-07,optimal,optimal,optimal
2025-07-15,ANNUAL REFERENCE ONLY,0.95,2.0,1558.5623259748595,14,1558.5623259748595,optimal,optimal,65591.53647634745,0.0,0.0,14,10036.193055555555,optimal,optimal,-2424.7392188283857,224.73190473905356,7735.866472475917,0.6506489292797772,14,8433.351803348925,optimal,optimal,-367.014844584003,3.883737342045636,1183.1219633882224,0.6088113474966974,14,8998.306657390824,optimal,optimal,3145.581108564881,1600.1669938630398,0.0,0.5101322637149865,1504.5147768538181,1504.5147768538181,10800.000000000002,353.82704515249225,2.1415199653844575e-07,7.999782936508153e-07,65945.36352229991,0,30134.847627920804,0,1.0000343513638653e-07,optimal,optimal,optimal
2025-07-16,ANNUAL REFERENCE ONLY,0.95,2.0,1504.5147768538181,14,1504.5147768538181,optimal,optimal,63998.08319264531,0.0,0.0,14,9935.46574074074,optimal,optimal,-2357.832213915463,0.0,6188.876544584547,0.6311860433981887,14,7917.011403304658,optimal,optimal,793.0428728709079,882.2025450439319,43.066495265840345,0.5807522912369402,14,8998.306657490819,optimal,optimal,3013.1226766180393,1565.8218812914818,0.0,0.5069650481154939,1582.5881070792466,1504.5147768538181,10799.999999999998,1448.3333355734844,1.3931923553360022e-07,5.999839167865502e-07,65446.41652881878,0,29022.571966058043,0,1.0000343513638653e-07,optimal,optimal,optimal
2025-07-17,ANNUAL REFERENCE ONLY,0.95,2.0,1582.5881070792466,14,1582.5881070792466,optimal,optimal,62452.045520697575,0.0,0.0,14,10019.576851851849,optimal,optimal,-368.7449415987073,488.24234420691147,2729.331695649513,0.6472194924808269,14,8173.369418637551,optimal,optimal,298.41572514617224,287.2769605723575,297.81967457259344,0.5804425848915047,14,8998.30665739082,optimal,optimal,3158.4872702559287,1594.6403165606728,0.0,0.4855623145837197,1700.8766483252239,1582.5881070792466,10799.999999999996,3088.1580538033936,1.3025259435501044e-07,4.999769752254906e-07,65540.20357500094,0,29846.119567810096,0,1.0002258932217956e-07,optimal,optimal,optimal
2025-07-18,ANNUAL REFERENCE ONLY,0.95,2.0,1700.8766483252239,14,1700.8766483252239,optimal,optimal,36636.38582801138,0.0,0.0,14,8993.966633417893,optimal,optimal,-925.9402885587197,33.92761390636588,2955.905319876846,0.6665750117721818,14,7596.342540914459,optimal,optimal,-522.0608753269778,2.3098968380821816,1344.3638536995777,0.5893982797533883,14,8998.306657390822,optimal,optimal,3181.3709673450717,1638.9672849706355,0.0,0.48855617495764103,1802.5416490038237,1700.8766483252239,9792.989725971556,1733.3698034593742,1.7693426931653466e-07,5.999984134566147e-07,38369.75563207075,0,18886.48938756679,0,1.0000343513638653e-07,optimal,optimal,optimal
2025-07-19,ANNUAL REFERENCE ONLY,0.95,2.0,1802.5416490038237,14,1802.5416490038237,optimal,optimal,35876.85233530271,0.0,0.0,14,7137.875280848609,optimal,optimal,-1359.3597453373955,41.47357646686385,4003.6527698872574,0.6808718762423347,14,6134.917198691423,optimal,optimal,52.89208368598263,86.78009744521808,174.3244689758954,0.5993598314486152,14,8916.930537120192,optimal,optimal,3308.4833145674484,1643.0389217690129,0.0,0.5057960428083532,1949.306837563448,1802.5416490038237,8916.930537120192,2002.0156529160356,1.3625920212900973e-07,4.999937747427792e-07,37878.867988718746,0,17618.100975930312,0,1.0000420058986493e-07,optimal,optimal,optimal
2025-07-20,ANNUAL REFERENCE ONLY,0.95,2.0,1949.306837563448,14,1949.306837563448,optimal,optimal,65078.80519493974,0.0,0.0,14,10059.50925925926,optimal,optimal,-1797.9910711747223,19.260238721726296,5332.125795696702,0.6443010835617982,14,10108.397897016743,optimal,optimal,-1299.234444829505,47.42570818239861,5023.783112323908,0.6141895715509814,14,9304.803901764473,optimal,optimal,2713.8730914586185,1348.428692249288,0.0,0.5064420781720695,2014.746197325796,1949.306837563448,10800.0,-383.35242454560876,2.519886279462161e-07,8.000133745374115e-07,64695.45277119415,0,28472.163345597313,0,1.0001525652114651e-07,optimal,optimal,optimal
2025-07-21,ANNUAL REFERENCE ONLY,0.95,2.0,2014.746197325796,14,2014.746197325796,optimal,optimal,62103.87501354886,0.0,0.0,14,9932.35059722222,optimal,optimal,-1123.3439049624003,188.7252044844115,4236.281848235561,0.6194333230147602,14,8948.03250604825,optimal,optimal,-463.0274449806538,27.478100265333296,1829.692756000235,0.629078853246667,14,8799.355487229139,optimal,optimal,3369.313106256071,1739.5899119986248,0.0,0.5134354369374285,2026.1976058695184,2001.5048837632248,10705.090874999996,1782.9417563130169,2.0766542786268057e-07,8.000126191385789e-07,63886.81677066189,0,28044.318401738856,0,1.0000413749366999e-07,optimal,optimal,optimal
2025-07-22,ANNUAL REFERENCE ONLY,0.95,2.0,2026.1976058695184,14,2026.1976058695184,optimal,optimal,58287.391299840965,0.0,0.0,14,9880.413398382465,optimal,optimal,1529.70277954013,1418.1178734661594,576.1775478176871,0.5993431724678634,14,8880.249667887982,optimal,optimal,-1541.3704841243389,0.0,4839.697714865328,0.6384158458164514,14,9733.146797309666,optimal,optimal,1780.6041104636636,986.8358762483834,0.0,0.5052835955299944,1641.3734245413884,1641.3734245413884,10679.455528012095,1768.9364058794547,3.268194705670458e-07,8.000155906031978e-07,60056.32770652043,0,31627.736788141367,0,1.0001531336456537e-07,optimal,optimal,optimal
2025-07-23,ANNUAL REFERENCE ONLY,0.95,2.0,1641.3734245413884,14,1641.3734245413884,optimal,optimal,65647.4481888458,0.0,0.0,14,9667.720218706692,optimal,optimal,-3591.4134528996087,6.989054363012315,10325.537226785724,0.5532181002391109,14,7755.0391369400995,optimal,optimal,-1054.3772368494617,0.0,3513.932173897829,0.6827085152670207,14,9678.644151194629,optimal,optimal,1812.71085688782,1004.4697660054487,0.0,0.5064264684426584,1633.7858592062018,1633.7858592062018,10422.652163151137,-2833.07983286125,2.3313622541556066e-07,6.000044952727875e-07,62814.36835658455,0,33665.54595645983,0,1.0001531336456537e-07,optimal,optimal,optimal
2025-07-24,ANNUAL REFERENCE ONLY,0.95,2.0,1633.7858592062018,14,1633.7858592062018,optimal,optimal,64912.158132272365,0.0,0.0,14,9965.501851851852,optimal,optimal,-3030.6787212976783,0.0,8723.23546697041,0.5681151815794115,14,8473.332313943898,optimal,optimal,-1259.9845702005919,0.0,3942.5634394568233,0.6722880502106728,14,9699.724258632608,optimal,optimal,1854.0771646078485,1023.5483138457283,0.0,0.5175804121251129,1733.6725219993443,1633.7858592062018,10800.0,-2436.586126890422,3.4804589236469493e-07,8.000203213583517e-07,62475.57200618197,0,32899.88306992572,0,1.0000803740695119e-07,optimal,optimal,optimal
2025-07-25,ANNUAL REFERENCE ONLY,0.95,2.0,1733.6725219993443,14,1733.6725219993443,optimal,optimal,28389.209020645547,0.0,0.0,14,4595.708406006412,optimal,optimal,34.70894707297628,110.69913895331057,344.3913041777814,0.5879387658426031,14,7905.392661355672,optimal,optimal,-295.49935975505724,9.514838143948035,682.6572239625386,0.6771507577489974,14,9592.488133807046,optimal,optimal,1996.8381295811412,1096.3780165101984,0.0,0.520445022069929,1821.8207555037864,1733.6725219993443,9592.488133807046,1736.04771689906,1.9689803274939996e-07,9.000028331276551e-07,30125.256738444612,0,20109.82180768994,0,1.000049660433433e-07,optimal,optimal,optimal
2025-07-26,ANNUAL REFERENCE ONLY,0.95,2.0,1821.8207555037864,14,1821.8207555037864,optimal,optimal,29393.30370305495,0.0,0.0,14,6073.2342255834765,optimal,optimal,102.3390829280535,250.35247710057388,1174.3173221125348,0.5524001479890683,14,7909.235285002927,optimal,optimal,-168.10015219074637,29.581174157906737,424.6278089055936,0.6929331862144068,14,9602.811554576012,optimal,optimal,2103.132969931,1106.6837975561982,0.0,0.4997036655370702,1885.1366269276893,1821.8207555037864,9602.811554576012,2037.371900668307,3.5675269441275343e-07,9.999911414662166e-07,31430.675604723245,0,20710.460295523262,0,1.000043994281441e-07,optimal,optimal,optimal
2025-07-27,ANNUAL REFERENCE ONLY,0.95,2.0,1885.1366269276893,14,1885.1366269276893,optimal,optimal,53889.015525957526,0.0,0.0,14,9981.995018796297,optimal,optimal,805.2102319934778,687.2901415966412,0.0,0.5572692996239261,14,7150.123119213758,optimal,optimal,873.2448657946578,963.1701945828188,0.0,0.7022875778576999,14,9842.066939076072,optimal,optimal,1689.5760030849883,877.5417516611408,0.0,0.5079411092011257,2006.327016253341,1885.1366269276893,10774.5612225,3368.031100873124,9.441463202823835e-08,2.000004473326044e-07,57257.04662703065,0,33293.72143527842,0,1.0000803740695119e-07,optimal,optimal,optimal
2025-07-28,ANNUAL REFERENCE ONLY,0.95,2.0,2006.327016253341,14,2006.327016253341,optimal,optimal,56107.20559254075,0.0,0.0,14,10048.331481481482,optimal,optimal,2119.7992913431804,2196.4808464937464,110.95496095157432,0.5669349841822207,14,6171.702436994459,optimal,optimal,-50.88447872665787,1.3451594913161453e-07,84.5884044941677,0.6987673547957276,14,9992.500101799822,optimal,optimal,1452.9495686348375,721.4674940051256,0.0,0.5089455842339056,1985.5722090051454,1590.7650976354996,10800.0,3521.86438125136,9.416599891414117e-08,1.999998928818968e-07,59629.06997399211,0,36724.196206192304,0,1.00000761449337e-07,optimal,optimal,optimal
2025-07-29,ANNUAL REFERENCE ONLY,0.95,2.0,1985.5722090051454,14,1985.5722090051454,optimal,optimal,50052.65846432651,0.0,0.0,14,9790.622399393165,optimal,optimal,2760.149826968539,3248.6005416863145,324.1859654763371,0.5914602178437613,14,6609.310022499288,optimal,optimal,33.003004760990116,33.4718645533805,55.214081084201666,0.6868136429178141,14,10800.0,optimal,optimal,-35.88606734512436,1.1368683772161603e-13,55.08553102002007,0.510491972858503,1208.8493013092504,1208.8493013092504,10800.0,2757.2667643844047,20.763517281528696,131.50057615204705,52941.425804862956,3,37159.34767797102,0,1.0001531336456537e-07,optimal,optimal,optimal
2025-07-30,ANNUAL REFERENCE ONLY,0.95,2.0,1208.8493013092504,14,1208.8493013092504,optimal,optimal,47061.11491884659,0.0,0.0,14,9842.349835034387,optimal,optimal,4527.681601522846,5262.279601968307,33.20188674819576,0.654204473306902,14,5949.571460735206,optimal,optimal,1014.3142406793913,1304.5510114568547,45.16919251215768,0.652497963327409,14,10767.521444444445,optimal,optimal,7.112828410880996,12.823209711966797,50.5624678472467,0.5000731589747589,1231.296511669283,1208.8493013092504,10800.0,5549.108670613118,9.360012563246065e-08,2e-07,52610.22358965971,0,37796.912740997504,0,1.0001531336456537e-07,optimal,optimal,optimal
2025-07-31,ANNUAL REFERENCE ONLY,0.95,2.0,1231.296511669283,14,1231.296511669283,optimal,optimal,51612.999628944504,0.0,0.0,14,9743.74491503086,optimal,optimal,-655.4697386655179,285.7374295749985,3223.198590891873,0.6613648342625045,14,7014.720941105721,optimal,optimal,299.95013529162594,363.15494334498715,49.183074483982864,0.6200909042655893,14,10767.274101233039,optimal,optimal,39.65168409511822,30.521979890210446,35.127560086453215,0.5071376805535281,1200.0000000519697,1200.0000000000005,10800.0,-315.8679192787737,920.4201847487661,3921.716021567415,55218.847731233145,18,39944.95131254193,0,1.0001531336456537e-07,optimal,optimal,optimal
2025-08-01,ANNUAL REFERENCE ONLY,0.95,2.0,1200.0000000519697,14,1200.0000000519697,optimal,optimal,24782.968181521577,0.0,0.0,14,2246.514187515738,optimal,optimal,-318.4751415701728,196.73832221477483,1329.5009498131694,0.6423474842960483,14,10311.178871497523,optimal,optimal,-332.3449662680035,0.0,747.4672894547494,0.615474445307042,14,10585.778150584769,optimal,optimal,101.05414020669664,142.60602722591625,0.0,0.5045150786150058,1233.8197195626262,1200.0000000519697,10796.960285962175,-549.7659676314796,329.8892151852812,792.6367404016196,25025.838954291718,7,23734.87684712012,0,1.00000761449337e-07,optimal,optimal,optimal
2025-08-02,ANNUAL REFERENCE ONLY,0.95,2.0,1233.8197195626262,14,1233.8197195626262,optimal,optimal,26147.351147666355,0.0,0.0,14,3319.8870579629624,optimal,optimal,-768.2321513152099,0.0,1924.9684389730794,0.6637971135427935,14,10163.529619071733,optimal,optimal,-210.4286803512121,0.0,515.3178825604447,0.5888508494191401,14,10761.904345367619,optimal,optimal,-11.195508410831117,155.2146197458295,171.45860145755103,0.5079195232936229,1211.3151369296174,1211.3151369296174,10800.0,-989.8563400772531,9.416604968101472e-08,2e-07,25157.494807789102,0,23511.055065412387,0,1.00000761449337e-07,optimal,optimal,optimal
2025-08-03,ANNUAL REFERENCE ONLY,0.95,2.0,1211.3151369296174,14,1211.3151369296174,optimal,optimal,45346.82644677532,0.0,0.0,14,9115.367020277783,optimal,optimal,352.4665098378457,582.4477578209853,1513.0138065867775,0.6943276497015121,14,7421.964520277783,optimal,optimal,-579.5529597731008,0.0,1456.2656100537072,0.5710653724186749,14,10692.773520813727,optimal,optimal,28.79934011165384,73.3427148151547,28.427758901154675,0.49877163418668213,1218.3976932608741,1200.0,10765.797767618998,-198.2871098236013,663.7590046540406,2856.4479880081813,48004.9873249599,18,35305.64831502343,0,1.0000053407566156e-07,optimal,optimal,optimal
2025-08-04,ANNUAL REFERENCE ONLY,0.95,2.0,1218.3976932608741,14,1218.3976932608741,optimal,optimal,49079.8432262446,0.0,0.0,14,9883.699775907418,optimal,optimal,-749.8656906795813,0.0,2776.823303370863,0.6781838080750646,14,7604.113729883029,optimal,optimal,-1035.1582332660628,0.0,3119.5089797583846,0.5356602184347384,14,10217.821582023074,optimal,optimal,802.0436469599726,499.3703410164656,0.0,0.4980777765779526,1262.8584868365253,1218.3976932608741,10799.999999999998,-982.9802769856715,49.44041652533127,218.1306820755154,48314.993631334444,2,33578.83192795848,0,1.0001531336456537e-07,optimal,optimal,optimal
2025-08-05,ANNUAL REFERENCE ONLY,0.95,2.0,1262.8584868365253,14,1262.8584868365253,optimal,optimal,48173.39724344735,0.0,0.0,14,9933.66062046845,optimal,optimal,-583.9111145240029,0.0,2369.658730544287,0.6514070044717825,14,6626.184740792075,optimal,optimal,-594.6529544797168,6.662596888535177,1838.2766311242472,0.5443884935415514,14,10525.053174297604,optimal,optimal,330.87254535227044,250.26133027768597,0.0,0.48534017238128213,1329.1264859172675,1262.8584868365253,10772.67325627092,-847.6915236514492,1.8844516904002418e-07,4.0000020870393197e-07,47325.7057201959,0,34328.75733206037,0,1.0000030670198612e-07,optimal,optimal,optimal
2025-08-06,ANNUAL REFERENCE ONLY,0.95,2.0,1329.1264859172675,14,1329.1264859172675,optimal,optimal,53825.02256295549,0.0,0.0,14,9864.282576665299,optimal,optimal,-2270.853523705061,0.0,6808.718761331456,0.6525128315425098,14,7745.021040439844,optimal,optimal,-459.6652126394191,143.5303346351935,1657.2587491721133,0.5641193725018402,14,10417.74559025589,optimal,optimal,117.31787453825306,227.34413599967954,50.00073947709852,0.4982502357568159,1303.3647678796042,1303.3647678796042,10800.0,-2613.2008618062273,2.365373416263126e-07,4.999998952442184e-07,51211.82170164926,0,35253.74488741194,0,1.00000761449337e-07,optimal,optimal,optimal
2025-08-07,ANNUAL REFERENCE ONLY,0.95,2.0,1303.3647678796042,14,1303.3647678796042,optimal,optimal,52982.54073246621,0.0,0.0,14,9906.359890123456,optimal,optimal,-2115.7208627093064,431.17745767505176,9909.295541030384,0.6429302233506177,14,7589.12711709882,optimal,optimal,-607.1406059017835,320.83639454869547,3221.1370319863513,0.5904319249953356,14,10438.413034856987,optimal,optimal,132.91768324786895,87.49669668260147,0.0,0.49365180016289073,1352.336595525886,1303.3647678796042,10710.78191144272,-2589.943785363221,8.555416902629434,57.804673208336006,50450.40162031133,1,34782.589649801426,0,1.0001531336456537e-07,optimal,optimal,optimal
2025-08-08,ANNUAL REFERENCE ONLY,0.95,2.0,1352.336595525886,14,1352.336595525886,optimal,optimal,24060.06632817699,0.0,0.0,14,3780.6090831213905,optimal,optimal,-95.80422814044219,13.980826043954664,262.79845126055113,0.6613503777986639,14,10285.351126959087,optimal,optimal,-1.6854213580780595,50.23910156502632,151.29505623713453,0.6143149845224394,14,10471.702038386977,optimal,optimal,236.79402996788411,160.20253591057502,0.0,0.48978286400541393,1363.857616399283,1352.336595525886,10701.080009276408,139.30438046936388,2.77308733069899e-07,9.999986652293955e-07,24199.37070964635,0,24512.683816336958,0,1.0000803740695119e-07,optimal,optimal,optimal
2025-08-09,ANNUAL REFERENCE ONLY,0.95,2.0,1363.857616399283,14,1363.857616399283,optimal,optimal,24203.47686774465,0.0,0.0,14,3301.8366821299637,optimal,optimal,-241.60040292247214,0.0,549.6712148007109,0.6663683445946732,14,10772.192790326062,optimal,optimal,151.76454644926994,174.88600791219432,152.09613546610478,0.6094412019941925,14,10606.087786526436,optimal,optimal,2.842800735495223,2.0224101234958254,0.0,0.48784474955739615,1444.7576704884978,1363.857616399283,10800.0,-86.99305573770698,3.097285612581986e-07,1.000000736230777e-06,24116.48381300694,0,24500.554950906888,0,1.000043994281441e-07,optimal,optimal,optimal
2025-08-10,ANNUAL REFERENCE ONLY,0.95,2.0,1444.7576704884978,14,1444.7576704884978,optimal,optimal,50288.75088933395,0.0,0.0,14,9529.18927450617,optimal,optimal,-1833.7416111274658,11.00299411781573,6334.387411718899,0.6211170180936489,14,7998.3063691358,optimal,optimal,-350.5660921211463,131.5387093763029,1130.3398850637125,0.5994622316985663,14,10533.015592602207,optimal,optimal,92.24597803207067,228.3327662494511,85.95319311036657,0.48912844105552206,1355.5109892636417,1355.5109892636417,10799.999999999996,-2092.0617252165416,1.8797314677148302e-07,4e-07,48196.68916451741,0,33767.88733835673,0,1.00000761449337e-07,optimal,optimal,optimal
2025-08-11,ANNUAL REFERENCE ONLY,0.95,2.0,1355.5109892636417,14,1355.5109892636417,optimal,optimal,48141.43245206807,0.0,0.0,14,10057.579629629627,optimal,optimal,-539.4230669758698,346.7180668196183,4274.491573730666,0.6385870856108259,14,7565.504982037034,optimal,optimal,-351.3165494455105,234.31142642651832,2320.3856016070013,0.6294949192170012,14,10522.782210990708,optimal,optimal,234.96676322183987,149.22299147132384,0.0,0.48150932555188575,1361.065511394144,1355.5109892636417,10799.999999999996,-655.7728531995405,136.33751464427624,631.3434342824085,48117.00303315094,5,35185.92023667977,0,1.0000803740695119e-07,optimal,optimal,optimal
2025-08-12,ANNUAL REFERENCE ONLY,0.95,2.0,1361.065511394144,14,1361.065511394144,optimal,optimal,51985.440426356654,0.0,0.0,14,9669.841582535777,optimal,optimal,-1030.1947413009118,563.8472232379919,6187.3513010730985,0.6579314646080543,14,7530.978089022061,optimal,optimal,-568.0968824454765,131.24834524424287,2263.1769584423428,0.6305485638247644,14,10402.22688025771,optimal,optimal,155.26697496777268,224.11950857984283,0.0,0.4938825578324993,1381.8744824154196,1361.065511394144,10558.297411023748,-1443.0246487786155,1.4111735844761362e-07,3.000000164594894e-07,50542.41577787804,0,33239.97310232795,0,1.0000098882301245e-07,optimal,optimal,optimal
2025-08-13,ANNUAL REFERENCE ONLY,0.95,2.0,1381.8744824154196,14,1381.8744824154196,optimal,optimal,46940.954055702794,0.0,0.0,14,9793.394099104247,optimal,optimal,-790.0623931321834,1.2766334466185754,3171.0793575963517,0.6636250719910565,14,6571.133199289431,optimal,optimal,175.73936175022317,259.1174720218179,282.9549671827514,0.6375764052198012,14,10234.730063586438,optimal,optimal,792.3736249282875,421.99886287748143,0.0,0.48636710448639064,1325.4387137407593,1325.4387137407593,10641.335346017828,178.05059354632738,72.06168896986047,411.66413828967404,47530.668787538794,3,33382.275878867345,0,1.0000007932831068e-07,optimal,optimal,optimal
2025-08-14,ANNUAL REFERENCE ONLY,0.95,2.0,1325.4387137407593,14,1325.4387137407593,optimal,optimal,47230.07752061521,0.0,0.0,14,9135.610966882712,optimal,optimal,958.8355782131683,1203.7596452871303,66.92512883558878,0.6482080247719977,14,5965.884835364202,optimal,optimal,-792.1214197640518,0.0,2141.032117502873,0.6253723534546054,14,10520.797024216288,optimal,optimal,220.32409894269145,194.87038654796635,0.0,0.49129040229744053,1317.1901486074219,1317.1901486074219,10756.57170550207,387.038257391808,35.28488352130488,242.11117342082298,47859.226951427845,3,37852.070742489115,0,1.0000030670198612e-07,optimal,optimal,optimal
2025-08-15,ANNUAL REFERENCE ONLY,0.95,2.0,1317.1901486074219,14,1317.1901486074219,optimal,optimal,24706.002116798685,0.0,0.0,14,3066.5270458296227,optimal,optimal,-341.4303752854144,0.0,744.6831708387574,0.5942642764271766,14,10722.31834858834,optimal,optimal,-187.35596386062466,9.194654794805274,417.38095216899814,0.6003820666342511,14,10651.384831704287,optimal,optimal,150.80616119097718,115.1767417709128,0.0,0.49087435448079364,1254.107172074217,1254.107172074217,10764.673862997573,-377.9801779550619,2.3264942171162359e-07,6.999995211008354e-07,24328.02193954362,0,25390.877450009735,0,1.000043994281441e-07,optimal,optimal,optimal
2025-08-16,ANNUAL REFERENCE ONLY,0.95,2.0,1254.107172074217,14,1254.107172074217,optimal,optimal,25682.489187114024,0.0,0.0,14,2183.8584907407408,optimal,optimal,-649.6339466678774,284.79851474476226,2323.4708630250116,0.6479028246009881,14,10767.619701329484,optimal,optimal,-209.62720872939903,14.604036111110304,493.84318271529196,0.650273640697687,14,10716.308098764403,optimal,optimal,57.6504314897858,47.05572251256393,0.0,0.48962799250387584,1415.3403788613755,1200.0,10800.0,-801.6107239074906,327.1388474842807,910.2754362385718,25791.153899445104,6,23784.974357886742,0,1.0001167538575828e-07,optimal,optimal,optimal
2025-08-17,ANNUAL REFERENCE ONLY,0.95,2.0,1415.3403788613755,14,1415.3403788613755,optimal,optimal,47638.49233625512,0.0,0.0,14,9925.273771122873,optimal,optimal,-812.2539234757795,47.51356780687638,3275.376204751202,0.6915579962073286,14,8256.905726139476,optimal,optimal,-74.8096350431522,415.98294799276493,2580.2219892278504,0.687609971666008,14,10489.960267729304,optimal,optimal,426.5745874132437,226.59762516651352,0.0,0.4890451458000555,1252.0808807756182,1252.0808807756182,10702.170530382133,-460.488971105688,57.32341150814515,189.16725781222812,47367.17062296166,1,35006.512677197315,0,1.0002258932217956e-07,optimal,optimal,optimal
2025-08-18,ANNUAL REFERENCE ONLY,0.95,2.0,1252.0808807756182,14,1252.0808807756182,optimal,optimal,46851.249686037765,0.0,0.0,14,9347.821910184548,optimal,optimal,-183.07435590375175,1.3085666393765223,381.06188798160576,0.6781507460751997,14,7638.482161264795,optimal,optimal,-858.8229439608631,0.0,2667.865238349097,0.7021593032559368,14,10705.957785245857,optimal,optimal,35.77034021637806,107.63924961722586,81.3807597907279,0.4956374248803409,1218.6874267345568,1218.6874267345568,10800.0,-1006.1269596482367,49.657583426934316,337.0190717833391,46182.14179817287,4,36802.75662302503,0,1.0001531336456537e-07,optimal,optimal,optimal
2025-08-19,ANNUAL REFERENCE ONLY,0.95,2.0,1218.6874267345568,14,1218.6874267345568,optimal,optimal,45520.79254844351,0.0,0.0,14,8792.210994660496,optimal,optimal,-673.6069034351536,3.5977837921416267,1722.0332540848653,0.6762293729044987,14,7246.420394290128,optimal,optimal,-44.65655447018147,144.14161102943183,928.0423043549459,0.7092207232563178,14,10718.688898059565,optimal,optimal,41.68673047814006,91.99564243451381,60.98510750882974,0.48853685624552856,1216.567733663256,1200.0,10799.999999947588,-676.5767274271951,358.642419309146,1137.82387565821,45982.039696674525,6,36242.20739730491,0,1.000001930151484e-07,optimal,optimal,optimal
2025-08-20,ANNUAL REFERENCE ONLY,0.95,2.0,1216.567733663256,14,1216.567733663256,optimal,optimal,50327.136145037526,0.0,0.0,14,9903.163108703704,optimal,optimal,-453.48003724768273,805.6787712552309,4708.609102303081,0.6574229186077033,14,6912.6580500890095,optimal,optimal,-616.209460829604,0.0,2012.9447450093328,0.7019358162136711,14,10399.03594350488,optimal,optimal,614.5660381217195,371.0726141845656,39.12007763452141,0.4949869553886707,1205.7245591493838,1205.7245591493838,10765.758871601558,-455.1234599555672,865.5968597264097,2497.622454670225,52369.63513975218,16,39038.358907045294,0,1.0000030670198612e-07,optimal,optimal,optimal
2025-08-21,ANNUAL REFERENCE ONLY,0.95,2.0,1205.7245591493838,14,1205.7245591493838,optimal,optimal,48130.37453791063,0.0,0.0,14,9560.866470185185,optimal,optimal,-997.468621963294,102.01985698730527,4021.342446582609,0.6557292115046435,14,8061.449215842723,optimal,optimal,-489.8736996057786,0.0,1696.9549127500702,0.701031780265046,14,10764.223825614477,optimal,optimal,35.33779443833115,28.382592545858756,12.151238080434329,0.4890039359765646,1200.00000005197,1200.00000005197,10799.157651415331,-1452.0045271307415,18.236304125377988,38.90886492222241,46717.27887570212,3,35328.59371862876,0,1.00000761449337e-07,optimal,optimal,optimal
2025-08-22,ANNUAL REFERENCE ONLY,0.95,2.0,1200.00000005197,14,1200.00000005197,optimal,optimal,24248.89390618946,0.0,0.0,14,2571.4857565740745,optimal,optimal,-195.0448236501623,201.34623650012387,1071.4080819279236,0.6583197393672393,14,10485.02044524127,optimal,optimal,-108.38593488262347,0.0,236.35057156792263,0.6948573172098758,14,10697.488793497714,optimal,optimal,128.4230076526194,100.9926142345621,22.48204906301731,0.4915124480488121,1217.8629612432699,1200.0,10800.0,-175.00775088016638,447.9936644576385,1643.9360854209876,25717.822240730282,9,25905.715753245153,0,1.00000761449337e-07,optimal,optimal,optimal
2025-08-23,ANNUAL REFERENCE ONLY,0.95,2.0,1217.8629612432699,14,1217.8629612432699,optimal,optimal,23325.787146658706,0.0,0.0,14,3574.7137800925925,optimal,optimal,522.2635728317173,381.641016453536,5.884555246914465,0.6058134901014761,14,10800.0,optimal,optimal,516.5337792470701,377.1464683414604,0.0,0.6601162024122131,14,10636.282780718348,optimal,optimal,-6.935733297691364,0.0,10.781236471978707,0.5029916316476155,1212.1064815854816,1212.1064815854816,10800.0,1031.861618781096,3.140376209455563,6.706273393970774,24364.35503883377,1,25130.235155119284,0,1.000043994281441e-07,optimal,optimal,optimal
2025-08-24,ANNUAL REFERENCE ONLY,0.95,2.0,1212.1064815854816,14,1212.1064815854816,optimal,optimal,46606.880048617604,0.0,0.0,14,8518.790363086418,optimal,optimal,-726.9581731218066,111.72015273746896,1987.0362471996807,0.5308569644877952,14,6756.781176404672,optimal,optimal,902.3647320418672,896.2731384225713,673.0485793982655,0.6662297406499984,14,10310.840568565347,optimal,optimal,577.448801342809,297.17757037068293,-1.1368683772161603e-13,0.5073888090741119,1214.090517405918,1212.1064815854816,10409.717693823224,752.8553602628697,18.484185935308624,57.18960591964117,47416.925014800116,3,36833.976162426596,0,1.0000104566643131e-07,optimal,optimal,optimal
2025-08-25,ANNUAL REFERENCE ONLY,0.95,2.0,1214.090517405918,14,1214.090517405918,optimal,optimal,59837.67995700658,0.0,0.0,14,9505.626055246914,optimal,optimal,-2174.0491932047316,136.06465094073576,5950.321164025261,0.499913215657138,14,7953.91768855117,optimal,optimal,-1697.6382321778738,5.811199453779977,4934.544681830586,0.6300758947746071,14,10477.31667045839,optimal,optimal,360.7947031057803,266.5717284418237,0.0,0.5027275256935653,1231.5410169256584,1214.090517405918,10534.547014266076,-3510.892722276825,50.07922652751739,106.06215190584547,56432.8493866356,2,35571.96866999367,0,1.0000053407566156e-07,optimal,optimal,optimal
2025-08-26,ANNUAL REFERENCE ONLY,0.95,2.0,1231.5410169256584,14,1231.5410169256584,optimal,optimal,46929.94475587345,0.0,0.0,14,9342.140458024685,optimal,optimal,1575.210958051007,2366.345029893909,0.0,0.5979866448858352,14,6970.027170997405,optimal,optimal,-653.3517977405871,3.7910033420286027,2109.550525215742,0.6922316638062922,14,10605.883440865298,optimal,optimal,184.52665329393417,162.1722382723783,20.7917063213503,0.5063891595728066,1251.8512215553758,1231.5410169256584,10755.677435030862,1106.385813604354,9.360012563246065e-08,2e-07,48036.330569677804,0,36921.94028411541,0,1.0001531336456537e-07,optimal,optimal,optimal
2025-08-27,ANNUAL REFERENCE ONLY,0.95,2.0,1251.8512215553758,14,1251.8512215553758,optimal,optimal,47334.1548180689,0.0,0.0,14,9861.4719027598,optimal,optimal,4200.273061757995,5164.514152910709,0.0,0.6062777887328278,14,7561.362283938917,optimal,optimal,-286.9652938138104,163.97739250924275,1978.6734531591214,0.6933488819564549,14,10553.326742896705,optimal,optimal,285.3715225707667,171.1257050782015,0.0,0.4985681945747256,1267.0901834329272,1251.8512215553758,10698.052458315356,4198.6792905149505,9.360012563246065e-08,2e-07,51532.83410878385,0,35702.87234653454,0,1.0001531336456537e-07,optimal,optimal,optimal
2025-08-28,ANNUAL REFERENCE ONLY,0.95,2.0,1267.0901834329272,14,1267.0901834329272,optimal,optimal,45462.03341625279,0.0,0.0,14,9768.460657964091,optimal,optimal,4927.814191627787,5606.069928858909,1.1368683772161603e-13,0.5940174345430578,14,5713.799421862,optimal,optimal,519.2199290372879,417.97575635175605,163.2899090702764,0.7006368353842833,14,10570.611391617398,optimal,optimal,261.7833190446974,152.37971989120632,0.0,0.5019018731063353,1245.8884275976468,1245.8884275976468,10635.99491722335,5708.817439709773,25.554630287985677,99.80190240843586,51270.652758371,2,37598.83704025985,0,1.0001531336456537e-07,optimal,optimal,optimal
2025-08-29,ANNUAL REFERENCE ONLY,0.95,2.0,1245.8884275976468,14,1245.8884275976468,optimal,optimal,26278.380347194965,0.0,0.0,14,4760.066535246912,optimal,optimal,-733.3849387843046,0.0,1740.9554205217264,0.6068280399524457,14,10730.733045187528,optimal,optimal,472.5975754270687,383.3333546027618,11.677084573372055,0.699339001927485,14,10643.571880045118,optimal,optimal,4.8410006020850815,3.4439586682928818,0.0,0.5021990957497002,1282.2482784423678,1245.8884275976468,10752.66754536015,-255.94636275515083,2.653045961234261e-07,6.999989950467353e-07,26022.43398513981,0,26482.129457687493,0,1.000043994281441e-07,optimal,optimal,optimal
2025-08-30,ANNUAL REFERENCE ONLY,0.95,2.0,1282.2482784423678,14,1282.2482784423678,optimal,optimal,25699.639160796098,0.0,0.0,14,3554.940681995256,optimal,optimal,-391.35574137538856,127.65767615752618,1441.2592677621424,0.630167851511901,14,10763.128395711736,optimal,optimal,-64.43168043454793,24.420765188066824,251.52457245242874,0.7088846325347387,14,10638.731398148147,optimal,optimal,4.512195728140092,3.210042064625215,0.0,0.49209123444232894,1200.0000000519697,1200.0000000519697,10800.0,-451.2752260817964,79.91422612381893,169.61724330781016,25417.98117802211,4,25232.20757678681,0,1.0000095358009275e-07,optimal,optimal,optimal
2025-08-31,ANNUAL REFERENCE ONLY,0.95,2.0,1200.0000000519697,14,1200.0000000519697,optimal,optimal,47876.28578535536,0.0,0.0,14,9133.32824074074,optimal,optimal,-158.20861981839056,62.67276802754577,564.7840220255001,0.663126539336752,14,5428.853922222222,optimal,optimal,-441.5258045383824,54.07718193800463,1453.016031375948,0.7116215683822784,14,10348.74522851636,optimal,optimal,568.7944564335113,311.290566143542,0.0,0.4881845379014907,1226.8883140252724,1200.0000000519697,10800.0,-30.939967923261634,344.46584129958785,1389.1483323772077,49234.4941498093,9,37857.310719985915,0,1.0000343309002346e-07,optimal,optimal,optimal
2025-09-01,ANNUAL REFERENCE ONLY,0.95,2.0,1226.8883140252724,14,1226.8883140252724,optimal,optimal,53456.267545467526,0.0,0.0,14,10023.510370370366,optimal,optimal,-3004.400734909585,0.0,8767.39916749797,0.6857825686932912,14,7748.97956779798,optimal,optimal,217.3992963851262,672.4307178952578,2795.078366021321,0.7027734359632896,14,10626.632791128806,optimal,optimal,64.91848644645073,45.26678818775035,7.649578049005285e-07,0.4926448635117142,1263.6529423581599,1226.8883140252724,10800.0,-2722.0829520780085,4.677268475210477e-08,1e-07,50734.18459348952,0,32379.46867118656,0,1.0002986527979374e-07,optimal,optimal,optimal
2025-09-02,ANNUAL REFERENCE ONLY,0.95,2.0,1263.6529423581599,14,1263.6529423581599,optimal,optimal,47373.88139559952,0.0,0.0,14,9958.661574074073,optimal,optimal,1205.7372280999984,1260.844937585492,0.0,0.6467821852969481,14,7627.187423015241,optimal,optimal,-686.6661571512603,50.11867827139713,3024.0263945437446,0.6591325437812325,14,10637.907088140311,optimal,optimal,75.95041284795585,52.25085747717543,0.0,0.4946689038145473,1421.350678411626,1263.6529423581599,10800.0,595.0214837966939,9.360012563246065e-08,2e-07,47968.902879596215,0,32958.97132174122,0,1.00000761449337e-07,optimal,optimal,optimal
2025-09-03,ANNUAL REFERENCE ONLY,0.95,2.0,1421.350678411626,14,1421.350678411626,optimal,optimal,50211.955092886754,0.0,0.0,14,9973.114351851851,optimal,optimal,-1106.8561034328748,121.70779625373939,4277.975432175297,0.6330887283931688,14,7830.4320157841885,optimal,optimal,-373.0512128038614,164.7491390076143,2502.375408262992,0.6585883797181437,14,10671.363351543385,optimal,optimal,20.046632726850625,14.724348869336017,0.0,0.5006507811115972,1553.4496196356138,1421.350678411626,10800.0,-1459.8606835098856,9.360012563246065e-08,2e-07,48752.09440957687,0,32201.45890402868,0,1.00000761449337e-07,optimal,optimal,optimal
2025-09-04,ANNUAL REFERENCE ONLY,0.95,2.0,1553.4496196356138,14,1553.4496196356138,optimal,optimal,49924.711086624724,0.0,0.0,14,9967.729413333333,optimal,optimal,-971.5656639598612,112.90785692797931,3695.294621181356,0.6470932374180206,14,8639.691097460527,optimal,optimal,-659.1882386313091,11.69764880805269,2350.873858573636,0.6595582772279038,14,10696.603146671312,optimal,optimal,15.874500806573598,11.293352949553727,7.614515429124444e-07,0.49963566447790875,1693.8630206235741,1553.4496196356138,10800.0,-1614.8794017845967,4.677268475210477e-08,1e-07,48309.83168494013,0,34196.65661557078,0,1.00000761449337e-07,optimal,optimal,optimal
2025-09-05,ANNUAL REFERENCE ONLY,0.95,2.0,1693.8630206235741,14,1693.8630206235741,optimal,optimal,24997.398676500758,0.0,0.0,14,6285.144829938268,optimal,optimal,-461.0053819336433,0.0,1039.2174262261744,0.643060192890471,14,10753.312135659558,optimal,optimal,-54.30209181257018,0.0,117.57327603183282,0.6614877220633096,14,10800.0,optimal,optimal,-2.252073203272482,0.0,3.5858184910040998,0.49731762989364126,2008.5284793561605,1693.8630206235741,10800.0,-517.559546949486,1.822008257424249e-07,8.000066189244535e-07,24479.839130351276,0,23196.261296316563,0,1.0000245765695582e-07,optimal,optimal,optimal
2025-09-06,ANNUAL REFERENCE ONLY,0.95,2.0,2008.5284793561605,14,2008.5284793561605,optimal,optimal,24457.905534330668,0.0,0.0,14,5970.086744799625,optimal,optimal,-327.49091017485694,0.0,726.6372478395718,0.629681704470789,14,10798.729765283944,optimal,optimal,-248.3569082780058,16.105546249158266,585.0619172496307,0.6401143806251246,14,10800.0,optimal,optimal,-2.3832466974043562,9.319020728260497,13.111471718301285,0.5015551084953167,2010.357875476238,2008.5284793561605,10800.0,-578.2310651502671,1.9707879482137736e-07,9.00023772651548e-07,23879.674470080427,0,23715.991101566757,0,1.0000803740695119e-07,optimal,optimal,optimal
2025-09-07,ANNUAL REFERENCE ONLY,0.95,2.0,2010.357875476238,14,2010.357875476238,optimal,optimal,46821.967287645486,0.0,0.0,14,9984.83587037037,optimal,optimal,508.02893620707533,805.8341616383885,482.23520427688845,0.6191595196935172,14,8067.1279837976645,optimal,optimal,-708.524218421299,10.474732872794105,2447.9444386802506,0.5952285741769116,14,10800.0,optimal,optimal,-24.437849878050507,156.2238573960564,191.24742488031586,0.5047063537616997,2016.3825261163202,2010.357875476238,10800.0,-224.93313209227418,9.360012563246065e-08,2e-07,46597.034155753216,0,33852.50494408645,0,1.0002258932217956e-07,optimal,optimal,optimal
2025-09-08,ANNUAL REFERENCE ONLY,0.95,2.0,2016.3825261163202,14,2016.3825261163202,optimal,optimal,47311.686266181525,0.0,0.0,14,9888.266311666668,optimal,optimal,-1695.3562681452104,0.0,4836.84384656709,0.5890050815376172,14,8655.089780221935,optimal,optimal,396.3176499132892,839.4608825492414,2383.2335774729445,0.6161005294772953,14,10789.198746075383,optimal,optimal,-17.451222083110068,153.8981762357536,177.82391991463004,0.5044000864482837,2135.5518898068303,2016.3825261163202,10800.0,-1316.4898403150312,9.360012563246065e-08,2e-07,45995.1964260665,0,33942.32733754532,0,1.0002986527979374e-07,optimal,optimal,optimal
2025-09-09,ANNUAL REFERENCE ONLY,0.95,2.0,2135.5518898068303,14,2135.5518898068303,optimal,optimal,41004.82402011496,0.0,0.0,14,9981.140277777778,optimal,optimal,270.1314469373091,329.7290627360736,474.5619554029214,0.5832907549539084,14,8779.686509259262,optimal,optimal,125.68705899682314,108.78915367436205,0.0,0.605951522756062,14,10800.0,optimal,optimal,-23.055610297059367,148.06732400633462,181.56506510665469,0.5041177237320598,2229.5323781298785,2135.5518898068303,10800.0,372.7628956370728,9.360012563246065e-08,2e-07,41377.58691595204,0,33605.666033178444,0,1.00000761449337e-07,optimal,optimal,optimal
2025-09-10,ANNUAL REFERENCE ONLY,0.95,2.0,2229.5323781298785,14,2229.5323781298785,optimal,optimal,48321.84054237212,0.0,0.0,14,9910.323185185185,optimal,optimal,-2384.5059641712596,0.0,6824.955601509925,0.5988800152636744,14,7804.6050036431125,optimal,optimal,1048.0617796175206,1141.6613226282657,1163.504174964054,0.5945906680289522,14,10800.0,optimal,optimal,-25.443162456170143,151.5916633919772,188.1003015583462,0.49891275148838615,2275.536831846124,2229.5323781298785,10800.0,-1361.887347009909,9.360012563246065e-08,2e-07,46959.953195562215,0,35905.85799448437,0,1.0000030670198612e-07,optimal,optimal,optimal
2025-09-11,ANNUAL REFERENCE ONLY,0.95,2.0,2275.536831846124,14,2275.536831846124,optimal,optimal,48343.94379436414,0.0,0.0,14,9977.201879814815,optimal,optimal,-3076.5001413627565,0.0,9807.996157285093,0.5880415537816107,14,6890.503450113786,optimal,optimal,-500.2545020555124,60.40632218325322,2262.6397293655336,0.6259278212838969,14,10800.0,optimal,optimal,-57.35157160334059,100.51579120872324,188.15220763395894,0.49993537315028147,2354.6758235867014,2139.2003057407405,10800.0,-3634.1062150216094,9.360012563246065e-08,2e-07,44709.83757954253,0,34942.49389452399,0,1.0000098882301245e-07,optimal,optimal,optimal
2025-09-12,ANNUAL REFERENCE ONLY,0.95,2.0,2354.6758235867014,14,2354.6758235867014,optimal,optimal,19911.908774666506,0.0,0.0,14,4776.944911944445,optimal,optimal,-94.21227530910332,4.0042527777779355,220.7865277808399,0.6520319708155243,14,10800.0,optimal,optimal,622.171370564417,486.0701309949697,23.5853166666667,0.6564116385705948,14,10800.0,optimal,optimal,-6.044737513572579,0.0,12.24746427653429,0.5015770938912641,2553.6307954576246,2354.6758235867014,10800.0,521.914357741741,15.595933447926033,96.0163640838635,20529.83949649211,1,24859.802772236053,0,1.00000761449337e-07,optimal,optimal,optimal
2025-09-13,ANNUAL REFERENCE ONLY,0.95,2.0,2553.6307954576246,14,2553.6307954576246,optimal,optimal,19972.486030518063,0.0,0.0,14,5091.101735185183,optimal,optimal,131.63148877167907,109.5167669554888,3.7950683456015833e-06,0.6284207535701016,14,10727.242583914329,optimal,optimal,232.34283684748078,189.05268903032405,23.58531380709485,0.6742835971285835,14,10800.0,optimal,optimal,1.0000000000000002e-07,7.962118700233226e-08,7.962155627296648e-08,0.4962766172060653,2611.8050738608786,2527.171261334028,10800.0,363.9743257191599,32.45626563029997,147.92970935588696,20484.390065593107,2,24102.97961782053,0,1.000043994281441e-07,optimal,optimal,optimal
2025-09-14,ANNUAL REFERENCE ONLY,0.95,2.0,2611.8050738608786,14,2611.8050738608786,optimal,optimal,48556.15206908152,0.0,0.0,14,9986.40375925926,optimal,optimal,-1620.5639436312563,319.1581695817255,5493.051303202974,0.5997059312486834,14,8187.598462759649,optimal,optimal,-401.9627190634427,2.6013453378199363,1813.1391624119556,0.6705761840013984,14,10800.0,optimal,optimal,9.999636202119292e-08,1.5590327723915328e-07,0.0,0.4999769143926499,2312.436521338512,2116.8701714814797,10800.0,-2022.5266625947027,1.4542688540512691e-07,2.9999970956187093e-07,46533.62540678682,0,32579.97321569952,0,1.0000167094403878e-07,optimal,optimal,optimal
2025-09-15,ANNUAL REFERENCE ONLY,0.95,2.0,2312.436521338512,14,2312.436521338512,optimal,optimal,34771.50065061933,0.0,0.0,14,8854.220444102537,optimal,optimal,624.1162002425472,813.5736156100556,636.1375875388535,0.6397064326178523,14,7090.78443,optimal,optimal,-160.1521816600733,65.59445964085569,543.8171052252842,0.6536509014215771,14,10799.999999957698,optimal,optimal,-152.46280748921785,0.0,236.74368689727842,0.5046865898593866,1271.741064861352,1200.0,10800.0,311.50121109325596,3468.424973265539,15652.763688876144,50735.76555058874,47,36875.62646975988,0,1.0000621841754764e-07,optimal,optimal,optimal
2025-09-16,ANNUAL REFERENCE ONLY,0.95,2.0,1271.741064861352,14,1271.741064861352,optimal,optimal,45536.96248369037,0.0,0.0,14,9268.52442135551,optimal,optimal,-956.1538747761379,233.39547546175277,3813.763933726512,0.6305962899285288,14,7952.406674326028,optimal,optimal,-821.7791037950673,31.413391102519064,3203.6445523999887,0.6633295134036267,14,10692.641908047264,optimal,optimal,195.39742517232582,97.25219027587616,0.0,0.5020586530000306,1200.0000000519697,1200.0,10800.0,-1582.5355533988795,743.997707094567,2493.906723596583,46448.333653888076,23,36487.30723561341,0,1.0000030670198612e-07,optimal,optimal,optimal
2025-09-17,ANNUAL REFERENCE ONLY,0.95,2.0,1200.0000000519697,14,1200.0000000519697,optimal,optimal,43961.642469728264,0.0,0.0,14,9669.85494981481,optimal,optimal,-569.8652928046367,247.3856935194493,2857.4946317694044,0.6569124032531548,14,6659.793598023254,optimal,optimal,-741.2458784849957,0.0,2261.784110821158,0.7042296545107055,14,10800.0,optimal,optimal,9.99963620211929e-08,7.320650154534672e-08,7.320659278775564e-08,0.5065692278951262,1466.0638182230305,1200.0000000519697,10800.0,-1311.111171189636,2.3570685927675616e-07,4.999998416977177e-07,42650.53129903862,0,37132.91556280582,0,1.0000030670198612e-07,optimal,optimal,optimal
2025-09-18,ANNUAL REFERENCE ONLY,0.95,2.0,1466.0638182230305,14,1466.0638182230305,optimal,optimal,38673.54392297098,0.0,0.0,14,9665.46805755836,optimal,optimal,3983.3433743793576,4966.846646958553,0.0,0.6625954661139571,14,7655.07750835277,optimal,optimal,-480.6234954672553,0.0,1819.9048382896447,0.7085562913375641,14,10800.0,optimal,optimal,1.0000727595761417e-07,7.321465421512977e-08,7.3215090466263e-08,0.504025400438964,1431.566647651784,1200.0,10800.0,3502.7198790121092,213.6272297215806,925.3456202271894,43101.609422210284,5,37605.40632327444,0,1.00000761449337e-07,optimal,optimal,optimal
2025-09-19,ANNUAL REFERENCE ONLY,0.95,2.0,1431.566647651784,14,1431.566647651784,optimal,optimal,18074.16951322763,0.0,0.0,14,3304.1970370370364,optimal,optimal,635.902514286786,591.1222170288753,0.0,0.6040508381564603,14,10459.442078279568,optimal,optimal,-137.9197357322781,0.0,313.4370915879015,0.6796524299449376,14,10796.957520850281,optimal,optimal,-13.563680848984255,0.0,46.46811865827739,0.507404420116446,1846.1803039890667,1200.0,10800.0,484.4190977055236,83.45405345959847,198.05627510560345,18756.644886038754,6,26616.438030037694,0,1.00000761449337e-07,optimal,optimal,optimal
2025-09-20,ANNUAL REFERENCE ONLY,0.95,2.0,1846.1803039890667,14,1846.1803039890667,optimal,optimal,18163.64917091941,0.0,0.0,14,3926.5789067607207,optimal,optimal,14.431178764222885,71.88973352985191,137.44518292695983,0.618494856602712,14,10730.328557591745,optimal,optimal,-124.86986233663345,3.3223826723134483e-06,266.649645866639,0.6813228947568293,14,10715.144451538881,optimal,optimal,53.2442607225649,47.95867440239022,0.0,0.5136720437185134,1760.297311554838,1200.0,10800.0,-57.19442284984565,57.82205390094237,217.76210824481404,18324.216856314375,3,27897.340510814975,0,1.00000761449337e-07,optimal,optimal,optimal
2025-09-21,ANNUAL REFERENCE ONLY,0.95,2.0,1760.297311554838,14,1760.297311554838,optimal,optimal,43833.9490605986,0.0,0.0,14,9681.519879999996,optimal,optimal,-685.4134858852931,2.863892288077958,1888.1287338799007,0.6346557534713684,14,8125.677658829305,optimal,optimal,-506.43559180684747,191.10424271402144,2934.7239323594567,0.671496083884096,14,10779.953018518518,optimal,optimal,-9.525488630032521,35.493526713810994,49.339727213809226,0.5098321209063945,1426.0019453209309,1200.0,10800.0,-1201.374566322173,16.738510736059325,106.4952373518941,42739.069731628326,2,34285.99109435856,0,1.0000053407566156e-07,optimal,optimal,optimal
2025-09-22,ANNUAL REFERENCE ONLY,0.95,2.0,1426.0019453209309,14,1426.0019453209309,optimal,optimal,47083.118210500936,0.0,0.0,14,9687.83292657406,optimal,optimal,-1862.8833115772873,0.0,6031.0894174044015,0.5961856585986904,14,7401.418647922203,optimal,optimal,-955.5355387514437,0.0,3121.543150108981,0.6889689027780561,14,10800.0,optimal,optimal,-21.150561980092636,18.75501616666412,50.643499999996266,0.5062345508562796,1378.5898049495024,1349.6409758333332,10800.0,-2839.5694123088238,10.906666902051212,73.52184049999443,44317.07063869211,1,36671.9123622478,0,1.0000124461839732e-07,optimal,optimal,optimal
2025-09-23,ANNUAL REFERENCE ONLY,0.95,2.0,1378.5898049495024,14,1378.5898049495024,optimal,optimal,46419.04246525398,0.0,0.0,14,9851.377266111103,optimal,optimal,-1142.3213963761086,0.0,3408.632553124494,0.6007918642121185,14,7519.94992175687,optimal,optimal,-662.1392882635053,0.0,2589.02257082361,0.7102688362697962,14,10800.0,optimal,optimal,-21.150561980107195,18.755016166663406,50.64349999999541,0.5065599454064115,1510.7285231128715,1199.9999999999998,10800.0,-1825.611246619721,63.14258791535867,188.94920806280768,44782.38042669706,3,37567.67302801387,0,1.0000803740695119e-07,optimal,optimal,optimal
2025-09-24,ANNUAL REFERENCE ONLY,0.95,2.0,1510.7285231128715,14,1510.7285231128715,optimal,optimal,40034.7555744858,0.0,0.0,14,9569.610170092588,optimal,optimal,259.1486352835556,273.57988733393546,0.0,0.5845800036227553,14,5769.953019720671,optimal,optimal,1271.532632717426,1415.7510965611718,0.0,0.6814649911595012,14,10500.43032722222,optimal,optimal,435.10139294175974,274.94304465083445,12.065807197973735,0.48410891445068943,1563.9959846322865,1324.1543822222227,10518.889218373757,1965.7826609427414,470.2543411247406,1695.102054138517,43695.640289567054,13,35545.131460329634,0,1.0000098882301245e-07,optimal,optimal,optimal
2025-09-25,ANNUAL REFERENCE ONLY,0.95,2.0,1563.9959846322865,14,1563.9959846322865,optimal,optimal,44808.95342203456,0.0,0.0,14,9664.068998703693,optimal,optimal,254.66603891264754,621.713568500067,886.6529634197508,0.6106822775604211,14,7609.598567617337,optimal,optimal,-574.6242920366574,0.0,2399.949554038554,0.6951975924865397,14,10671.707032265855,optimal,optimal,139.6032803510999,115.46367096073061,13.65499999999928,0.4935107371796599,1381.5589786635555,1381.5589786635555,10794.542730000001,-180.35497277290995,15.371666996657035,103.49743236666197,44732.09588162831,1,34568.02527415574,0,1.0000098882301245e-07,optimal,optimal,optimal
2025-09-26,ANNUAL REFERENCE ONLY,0.95,2.0,1381.5589786635555,14,1381.5589786635555,optimal,optimal,19483.580748637934,0.0,0.0,14,4825.198301309093,optimal,optimal,-489.75170480868906,3.883430709357907e-06,1198.4463801756078,0.5936470483673373,14,10549.759125677621,optimal,optimal,-81.54240228420062,3.8834861407841165e-06,178.37554036975132,0.6908282922012393,14,10800.0,optimal,optimal,-8.498193983744457,0.0,13.655007766917132,0.4917545984170671,1564.8093292418532,1381.5589786635555,10800.0,-579.7923010766342,1.4076993147153636e-07,2.999999883788405e-07,18903.788447861298,0,26882.78109653621,0,1.00000761449337e-07,optimal,optimal,optimal
2025-09-27,ANNUAL REFERENCE ONLY,0.95,2.0,1564.8093292418532,14,1564.8093292418532,optimal,optimal,18260.88365541757,0.0,0.0,14,4102.89234251678,optimal,optimal,905.0918198274567,749.7026001853451,0.0,0.6131489689521806,14,10496.052016873839,optimal,optimal,-89.65786991103127,2.568643013357531e-06,218.78628109318282,0.6867856362317303,14,10775.94892728366,optimal,optimal,5.1254036887104695,7.990966198430256,3.3223665895316915e-06,0.49981201675419523,1200.00000005197,1200.0,10800.0,820.5593536051358,194.8882755129328,485.9949801618646,19567.437989184567,6,28166.44550454566,0,1.0000803740695119e-07,optimal,optimal,optimal
2025-09-28,ANNUAL REFERENCE ONLY,0.95,2.0,1200.00000005197,14,1200.00000005197,optimal,optimal,45976.586318787166,0.0,0.0,14,9841.093271005537,optimal,optimal,1526.838665664392,1861.9859354205478,92.52226305919977,0.6321563900124563,14,7690.308654218392,optimal,optimal,-926.2346824283018,2.2688182391503444,3024.453981679942,0.7126581472204747,14,10579.262391124863,optimal,optimal,316.9218418089215,206.2089950075407,0.0,0.5,1200.0000000519694,1200.0000000519694,10792.259206533736,917.5258250450117,189.01789610294304,790.4213139391229,47684.5334577713,8,36387.572231083286,0,1.0000053407566156e-07,optimal,optimal,optimal
2025-09-29,ANNUAL REFERENCE ONLY,0.95,2.0,1200.0000000519694,14,1200.0000000519694,optimal,optimal,48619.73980337668,0.0,0.0,14,9695.118990370362,optimal,optimal,-2276.2008443732566,0.0,6983.508363960396,0.6144343877010789,14,6862.246010476507,optimal,optimal,-583.9948914447023,0.0,1884.719982019418,0.719233625917075,14,10720.060193121637,optimal,optimal,74.88499388367852,78.82852683982375,0.0,0.5,1200.0000000519697,1200.0000000519694,10730.943278121636,-2785.3107419342805,150.42023732604017,415.16181698298027,46249.590878425384,5,37520.30649458715,0,1.00000761449337e-07,optimal,optimal,optimal
2025-09-30,ANNUAL REFERENCE ONLY,0.95,2.0,1200.0000000519697,14,1200.0000000519697,optimal,optimal,48456.666519767925,0.0,0.0,14,9764.664970370372,optimal,optimal,-956.1834627260403,0.9291908393122412,2450.420128083384,0.5785224911004776,14,6094.151415070062,optimal,optimal,-327.6439815981292,0.2159905529073285,910.8396039123026,0.7006620415934224,14,10729.298148148147,optimal,optimal,74.46737111491454,70.94129305500101,0.0,0.5,1222.0234077026498,1200.0000000519697,10800.0,-1209.3600732092548,16.926450145427054,114.36355972500036,47361.670006283675,1,39644.16291083331,0,1.00000761449337e-07,optimal,optimal,optimal
2025-10-01,ANNUAL REFERENCE ONLY,0.95,2.0,1222.0234077026498,14,1222.0234077026498,optimal,optimal,44612.09487393277,0.0,0.0,14,9828.959433966023,optimal,optimal,-1037.9339157680158,93.78037072321365,3708.8848590726016,0.6042615832452569,14,7517.752163014279,optimal,optimal,-1023.4966964711066,19.43563084389791,3929.6051114232782,0.6756748356135558,14,10776.61759259259,optimal,optimal,10.913681330227666,17.27399397547198,0.0,0.5,1202.981314746879,1202.981314746879,10800.0,-2050.516930908895,9.12592538472749e-08,4.00002576523184e-07,42561.57794342388,0,36423.79160163808,0,1.0000245765695582e-07,optimal,optimal,optimal
2025-10-02,ANNUAL REFERENCE ONLY,0.95,2.0,1202.981314746879,14,1202.981314746879,optimal,optimal,49858.22635153061,0.0,0.0,14,9488.698416167697,optimal,optimal,-2632.8533150427256,0.35555054459166513,7236.064624592057,0.5675653477939547,14,7529.8896425809635,optimal,optimal,-1184.9832440737744,0.2159905529073285,4268.331718779483,0.674236325977098,14,10800.0,optimal,optimal,-0.006177829764817233,0.21599055290741098,0.2159905529073285,0.5,1275.0947180373234,1202.981314746879,10800.0,-3817.842736946265,1.2330967956057512e-07,4.000043195948819e-07,46040.38361498435,0,34346.42666761248,0,1.0000803740695119e-07,optimal,optimal,optimal
2025-10-03,ANNUAL REFERENCE ONLY,0.95,2.0,1275.0947180373234,14,1275.0947180373234,optimal,optimal,17667.534762023723,0.0,0.0,14,4622.2123636728375,optimal,optimal,-24.678495816343307,5.259222946587272,100.84699403396903,0.6140312385817182,14,10482.441218137526,optimal,optimal,129.5808302677462,120.23182867529906,83.75415456372633,0.721302899256523,14,10723.734840617251,optimal,optimal,-7.228588986129432,0.0,11.824946005082916,0.5,1470.0461669863412,1275.0947180373234,10800.0,97.67374546527344,2.4155626896952976e-07,1.2000163395034178e-06,17765.20850868901,0,26864.15754040194,0,1.0000803740695119e-07,optimal,optimal,optimal
2025-10-04,ANNUAL REFERENCE ONLY,0.95,2.0,1470.0461669863412,14,1470.0461669863412,optimal,optimal,19945.83174316743,0.0,0.0,14,5876.257053641452,optimal,optimal,-321.7672829782376,0.0,1053.3684148087432,0.5931058327415998,14,10800.0,optimal,optimal,-125.02303990621735,0.0,295.0672580338919,0.7237860924086845,14,10800.0,optimal,optimal,-7.086976291989083,0.0,34.34065621537955,0.5,1609.3221358846206,1470.0461669863412,10800.0,-453.87729917644396,1.65048832738867e-07,9.000029145023291e-07,19491.954444890987,0,28125.822216652617,0,1.51969743455993e-07,optimal,optimal,optimal
2025-10-05,ANNUAL REFERENCE ONLY,0.95,2.0,1609.3221358846206,14,1609.3221358846206,optimal,optimal,48460.65123458684,0.0,0.0,14,9806.25924212962,optimal,optimal,-2724.0842471520746,0.0,8693.468730727855,0.615012849808885,14,7932.339585815142,optimal,optimal,-683.7472776171279,8.201175637529179,2811.8055270767145,0.7160787742827459,14,10795.361111111111,optimal,optimal,4.441730205059834,4.174999999999727,5.866443342111843,0.5,1505.457998261593,1505.457998261593,10800.0,-3403.389794564143,6.159972212775793e-08,2.0000095358009274e-07,45057.2614402227,0,34622.04797590253,0,1.51969743455993e-07,optimal,optimal,optimal
2025-10-06,ANNUAL REFERENCE ONLY,0.95,2.0,1505.457998261593,14,1505.457998261593,optimal,optimal,41731.02025545266,0.0,0.0,14,9946.739594814813,optimal,optimal,245.3704852309085,351.1750792529376,67.4575409781412,0.6664023081337624,14,6208.96756900841,optimal,optimal,-499.7132604576988,19.47907483302083,1564.7521246904766,0.703363351169106,14,10785.926851851851,optimal,optimal,8.194233819015755,7.910400283383183,6.472356459359013,0.5,1595.5760843460384,1505.457998261593,10800.0,-246.14854140777456,116.74168425817174,415.934704970678,41900.806419015564,3,37011.41007226778,0,1.0000803740695119e-07,optimal,optimal,optimal
2025-10-07,ANNUAL REFERENCE ONLY,0.95,2.0,1595.5760843460384,14,1595.5760843460384,optimal,optimal,44438.97840890294,0.0,0.0,14,9837.995570728166,optimal,optimal,-678.9023578447895,22.79820413952251,2500.4973513994332,0.7054307139853566,14,7605.948993128341,optimal,optimal,-314.9483179511083,164.3897078678027,2259.673763113233,0.6870807020300234,14,10800.0,optimal,optimal,-1.492400956253584,0.0,6.9803604127908025,0.5,1623.9870227748802,1595.5760843460384,10800.0,-995.3430767521514,44.60160524703343,169.92616444729705,43613.561496598086,3,36514.32822294792,0,1.000004772322427e-07,optimal,optimal,optimal
2025-10-08,ANNUAL REFERENCE ONLY,0.95,2.0,1623.9870227748802,14,1623.9870227748802,optimal,optimal,41264.28636971903,0.0,0.0,14,9921.03224575902,optimal,optimal,-834.0290456625451,0.0,3020.672626840616,0.6856846870882619,14,6115.250839740573,optimal,optimal,-480.3866602696296,0.9887234648091408,1815.2743820788176,0.7039747817089401,14,10653.378955331695,optimal,optimal,236.47218124039782,131.95894020147296,0.0,0.5,1785.3498118678351,1495.394049488364,10800.0,-1077.943524691777,4.6827440880355886e-08,9.999999999999998e-08,40186.342845127256,0,38112.28474243123,0,1.00000761449337e-07,optimal,optimal,optimal
2025-10-09,ANNUAL REFERENCE ONLY,0.95,2.0,1785.3498118678351,14,1785.3498118678351,optimal,optimal,48230.59200340088,0.0,0.0,14,9673.469538148149,optimal,optimal,-4312.180731348417,0.0,13649.36163439775,0.7076360083793053,14,6181.736280773913,optimal,optimal,-397.76060397475595,46.02233487655451,1987.6595883831064,0.6817761195095178,14,10643.366377690472,optimal,optimal,252.68696349139574,134.81359341190932,9.607157745393145,0.5,1830.4580626164575,1785.3498118678351,10800.0,-4457.2543718317775,104.97655092580709,427.48224439748157,44200.81987596659,4,36814.30961254496,0,1.00000761449337e-07,optimal,optimal,optimal
2025-10-10,ANNUAL REFERENCE ONLY,0.95,2.0,1830.4580626164575,14,1830.4580626164575,optimal,optimal,17242.501259947705,0.0,0.0,14,4839.006920067017,optimal,optimal,-276.66564861629814,0.0,651.7054889923277,0.7229791324986041,14,10799.999999999998,optimal,optimal,-9.202051845461792,50.22362448868245,183.29829439983862,0.6251893437062719,14,10199.994558209983,optimal,optimal,277.8410763189051,153.44656427768075,7.222323999458364,0.5,2097.118222147732,1389.2714571040542,10800.0,-8.026624142854814,170.62093686959201,852.3511743308084,18086.82581013566,3,28277.223958127135,0,1.00000761449337e-07,optimal,optimal,optimal
2025-10-11,ANNUAL REFERENCE ONLY,0.95,2.0,2097.118222147732,14,2097.118222147732,optimal,optimal,17791.601690471223,0.0,0.0,14,5798.210845005946,optimal,optimal,-86.92445604175994,15.90018127764688,254.9580053602222,0.7294486736746663,14,10800.0,optimal,optimal,11.851751462895805,63.61026497086851,178.86226693827703,0.6691803681742314,14,10196.165948152211,optimal,optimal,245.0908951099002,135.41731332967788,9.471356754175007,0.5,2153.097426983558,1919.87725925926,10800.000000000002,170.01819053103605,8.031332321579196,39.19290160078856,18000.812782603047,1,28155.951789889194,0,1.0000098882301245e-07,optimal,optimal,optimal
2025-10-12,ANNUAL REFERENCE ONLY,0.95,2.0,2153.097426983558,14,2153.097426983558,optimal,optimal,40720.07004505429,0.0,0.0,14,9946.876133703705,optimal,optimal,-281.8696313342888,177.17357178340288,1499.976639360582,0.6990063100453638,14,7708.26508686927,optimal,optimal,-296.70913276282306,228.02148269497718,2461.452618648095,0.6616851296961284,14,10525.409462610869,optimal,optimal,161.97759514794518,109.39627556817878,3.1023994252169506e-07,0.5,1948.4485817936522,1847.2888369094128,10797.915930000001,-416.60116894916666,656.6217537467941,2627.436569816641,42930.90544592177,16,34305.09150381893,0,1.00000761449337e-07,optimal,optimal,optimal
2025-10-13,ANNUAL REFERENCE ONLY,0.95,2.0,1948.4485817936522,14,1948.4485817936522,optimal,optimal,42619.19980735404,0.0,0.0,14,9870.466342945861,optimal,optimal,-1484.4280208735731,42.26356562632327,5140.7949473652225,0.6560808539672203,14,6883.683406709258,optimal,optimal,-320.05793000921466,209.49050589872826,2296.462910458932,0.6592464914403803,14,10434.369410949319,optimal,optimal,292.7563625260765,207.16827331227879,-1.1368683772161603e-13,0.5,2233.8879687854997,1686.490730575208,10800.0,-1511.7295883567112,396.1948094514097,1406.1024956574188,42513.57271465474,5,36574.076505559045,0,1.0000394468079321e-07,optimal,optimal,optimal
2025-10-14,ANNUAL REFERENCE ONLY,0.95,2.0,2233.8879687854997,14,2233.8879687854997,optimal,optimal,44263.71203479066,0.0,0.0,14,9750.355791280572,optimal,optimal,-2093.9401320493726,19.567457144630247,7491.782969704162,0.6356180682518217,14,5157.0582566114435,optimal,optimal,636.8955583771743,814.8860284640213,154.54185333929442,0.6289051318304175,14,10722.227799137752,optimal,optimal,-23.967636968260955,0.0,41.52329943228543,0.5,1685.4920341365448,1258.0747799620042,10800.0,-1481.012210640459,404.27908610784834,1060.6725755249704,43843.37239967517,10,37334.201735236165,0,1.0000167094403878e-07,optimal,optimal,optimal
2025-10-15,ANNUAL REFERENCE ONLY,0.95,2.0,1685.4920341365448,14,1685.4920341365448,optimal,optimal,44614.59014870721,0.0,0.0,14,9532.820373425928,optimal,optimal,-2147.102601817118,0.0,7084.435523297682,0.6241099840039948,14,6797.306390663495,optimal,optimal,-163.41875900495586,8.754204505147868,531.47891125666,0.612734340928349,14,10799.99999944117,optimal,optimal,-18.930578539186936,0.0,35.28670400220273,0.5,1254.7866245934483,1200.0,10800.0,-2329.451939361261,995.5090861005225,4679.329234357477,46964.467443703434,17,37716.91145905773,0,1.0000803740695119e-07,optimal,optimal,optimal
2025-10-16,ANNUAL REFERENCE ONLY,0.95,2.0,1254.7866245934483,14,1254.7866245934483,optimal,optimal,43002.2886486664,0.0,0.0,14,9485.900000740741,optimal,optimal,-183.76195099297257,578.4855522260461,3079.008678548225,0.6240783348975945,14,6943.562817301231,optimal,optimal,-33.09135384178886,44.48711021639667,338.639672678716,0.6058262606377399,14,10351.276986099349,optimal,optimal,363.1643896742564,261.21640417725223,1.1368683772161603e-13,0.5,1234.0635423841688,1200.0,10796.368043085575,146.31108483949498,369.7458796710098,1565.5641166443875,44714.16385015028,12,39022.68186963653,0,1.0000030670198612e-07,optimal,optimal,optimal
2025-10-17,ANNUAL REFERENCE ONLY,0.95,2.0,1234.0635423841688,14,1234.0635423841688,optimal,optimal,15382.567861093114,0.0,0.0,14,4907.653792037036,optimal,optimal,928.1772173871242,713.2318117463515,1.7053025658242404e-13,0.595429986245888,14,9849.53699289386,optimal,optimal,350.2003566920004,264.5682127113358,-1.1368683772161603e-13,0.5953783339604475,14,9901.090536200401,optimal,optimal,-9.577111067955082,0.0,19.404540913693385,0.5,1231.687435179311,1211.1351852372154,10800.0,1268.8004630111695,203.58009005743654,431.35975886341697,17082.7280829677,7,28585.450547605367,0,1.0000258043874055e-07,optimal,optimal,optimal
2025-10-18,ANNUAL REFERENCE ONLY,0.95,2.0,1231.687435179311,14,1231.687435179311,optimal,optimal,18573.953385989334,0.0,0.0,14,5066.76108212963,optimal,optimal,-430.28429780283926,146.53838480242243,1505.574569568705,0.6162718245639713,14,10382.358397476899,optimal,optimal,-218.67395323040444,0.0,577.5959500304975,0.5800187525540095,14,10004.453435185183,optimal,optimal,92.15522388094374,60.28603802571508,0.0,0.5,1661.5635273329735,1231.687435179311,10800.0,-556.8030271522999,1.8958602746447317e-07,3.9999986295715645e-07,18017.150359237035,0,28717.336262399036,0,1.0000098882301245e-07,optimal,optimal,optimal
2025-10-19,ANNUAL REFERENCE ONLY,0.95,2.0,1661.5635273329735,14,1661.5635273329735,optimal,optimal,48157.31312354979,0.0,0.0,14,9359.27739697531,optimal,optimal,-1305.528635307361,17.17370748751523,3675.5932278362448,0.5959382686137891,14,6717.189664160935,optimal,optimal,-845.933625417144,14.895554651925977,2729.140155480769,0.641273597980538,14,10645.148562650073,optimal,optimal,250.32663590878943,137.18962694826973,46.68117253666517,0.5,1303.8341925596658,1199.9999999999998,10645.148562650073,-1901.1356248157151,139.2465724116687,587.4966891044506,46843.67418783853,6,38618.3427847017,0,1.0000803740695119e-07,optimal,optimal,optimal
2025-10-20,ANNUAL REFERENCE ONLY,0.95,2.0,1303.8341925596658,14,1303.8341925596658,optimal,optimal,51678.28299543421,0.0,0.0,14,8631.0198132732,optimal,optimal,-1598.7473086638865,0.0,4153.948815401716,0.6081069385819874,14,7662.1201186633825,optimal,optimal,-1209.5723529298707,0.0,3928.0119550361314,0.6499756723256045,14,10769.563055476994,optimal,optimal,36.22349665591097,27.39325007070522,57.800805048465826,0.5,1247.0775339776424,1247.0775339776424,10800.0,-2772.0961649378464,2.8824038052598384e-07,5.999998967723514e-07,48906.18683109636,0,35476.183064883495,0,1.00000761449337e-07,optimal,optimal,optimal
2025-10-21,ANNUAL REFERENCE ONLY,0.95,2.0,1247.0775339776424,14,1247.0775339776424,optimal,optimal,50320.46545989487,0.0,0.0,14,8702.930050617284,optimal,optimal,-764.2311316694546,326.9352731079161,3028.6592560589884,0.6039133043197872,14,6518.758853107336,optimal,optimal,-1077.1719796053374,3.883942305115397,3077.433234557635,0.6976568241940679,14,10678.048744166668,optimal,optimal,193.80349208762632,109.75613024999632,54.77667990616132,0.5,1417.8892476262827,1247.0775339776424,10799.78035787037,-1647.5996191871657,2.4094110570320656e-07,5.000000652628842e-07,48672.8658412077,0,39448.80559310492,0,1.0002258932217956e-07,optimal,optimal,optimal
2025-10-22,ANNUAL REFERENCE ONLY,0.95,2.0,1417.8892476262827,14,1417.8892476262827,optimal,optimal,48292.50118011814,0.0,0.0,14,9860.147518518514,optimal,optimal,-1844.2747647428475,3.2979358424527163,4858.519928640145,0.6333220614856504,14,6973.90476109708,optimal,optimal,12.786624828709307,404.19424006702894,1783.0693414276475,0.7184096883531815,14,10622.730544074075,optimal,optimal,290.55704471332064,159.5425103333323,49.465245789386884,0.5,1200.0550884614856,1200.0550884614856,10799.999999999996,-1540.9310952008175,406.2836473066766,1851.0512066350273,48602.62129155235,14,39117.68688655942,0,1.0000803740695119e-07,optimal,optimal,optimal
2025-10-23,ANNUAL REFERENCE ONLY,0.95,2.0,1200.0550884614856,14,1200.0550884614856,optimal,optimal,55791.33667124476,0.0,0.0,14,9611.327534413584,optimal,optimal,-4129.632325401618,36.04210690417665,12086.452458000651,0.6232857971048535,14,7700.351787910791,optimal,optimal,-936.9937158428813,7.229241299133378,3380.3841295881734,0.7293140175437892,14,10609.761022361028,optimal,optimal,315.02545711620695,170.8159048750747,39.69567522166375,0.5,1351.8223824337738,1200.0550884614856,10736.697728379548,-4751.600584128292,223.13619072528957,1111.6513189110774,52151.38740602755,5,36546.29129799763,0,1.00000761449337e-07,optimal,optimal,optimal
2025-10-24,ANNUAL REFERENCE ONLY,0.95,2.0,1351.8223824337738,14,1351.8223824337738,optimal,optimal,17771.83110698845,0.0,0.0,14,5781.103819816562,optimal,optimal,-79.01837243888333,36.31428922798523,318.67184816259294,0.6597195528603261,14,10136.524993890638,optimal,optimal,-85.90517418948625,0.0,210.44968729265062,0.7400301973414284,14,9731.763611111111,optimal,optimal,321.9618727948966,177.19965549999853,11.874913018414029,0.5,1318.6336369067571,1200.0,10414.13455375722,157.03832616652699,253.96475853322528,1225.8321202473528,19154.70155340233,10,29769.24587011095,0,1.00000761449337e-07,optimal,optimal,optimal
2025-10-25,ANNUAL REFERENCE ONLY,0.95,2.0,1318.6336369067571,14,1318.6336369067571,optimal,optimal,18622.81745802732,0.0,0.0,14,6932.759314629627,optimal,optimal,-307.1966649684499,19.885468742926008,1045.4922388165812,0.6527394262979661,14,10675.362867477304,optimal,optimal,-49.37023644474978,34.193823264228854,261.3786192823302,0.7205918945388222,14,9855.89033573785,optimal,optimal,175.32044880546997,104.4077895026017,8.739078874413078,0.5,1257.3997242575713,1208.1405000575853,10800.0,-181.2464526077297,22.705802009029277,47.100641157053325,18488.67164657664,3,29785.822322279528,0,1.0000030670198612e-07,optimal,optimal,optimal
2025-10-26,ANNUAL REFERENCE ONLY,0.95,2.0,1257.3997242575713,14,1257.3997242575713,optimal,optimal,51979.230037561705,0.0,0.0,14,9644.183478869809,optimal,optimal,-3166.549278568338,52.10373194498413,9227.239574041809,0.6914850993062307,14,7124.6065093435955,optimal,optimal,-521.1704701494825,0.0,1735.5003890277849,0.6585080158449913,14,10586.764854979778,optimal,optimal,323.96773709342534,173.55579718486706,33.286689196497285,0.5,1271.816521198827,1257.3997242575713,10675.31877090083,-3363.7520116243954,343.67498994793374,1691.321672928716,50306.79969886602,7,37704.14591625192,0,1.0000803740695119e-07,optimal,optimal,optimal
2025-10-27,ANNUAL REFERENCE ONLY,0.95,2.0,1271.816521198827,14,1271.816521198827,optimal,optimal,47504.60191973683,0.0,0.0,14,9710.207624537037,optimal,optimal,-173.43703933677241,52.856914900375045,637.889254056266,0.6855013025672245,14,7033.277451322443,optimal,optimal,-692.571572681948,3.488962271136643,2211.1559546442645,0.6656010325838919,14,10633.451321307542,optimal,optimal,233.76033760192777,131.53797748987915,53.474109606547636,0.5,1268.9913412748604,1268.9913412748604,10673.502473149634,-632.2482744167927,19.744933475527436,92.48526803333928,46964.83891335338,1,38099.096651823405,0,1.0000098882301245e-07,optimal,optimal,optimal
2025-10-28,ANNUAL REFERENCE ONLY,0.95,2.0,1268.9913412748604,14,1268.9913412748604,optimal,optimal,47398.448152443394,0.0,0.0,14,9770.709757222223,optimal,optimal,-457.5567966994287,91.80932788142638,1421.6658206496159,0.6581267460430973,14,6476.899630513463,optimal,optimal,-279.5582045080965,0.0,789.9227116380694,0.6537784065972004,14,10627.070671640662,optimal,optimal,248.06142068226757,137.28056219006896,47.346054422837355,0.5,1214.366727494308,1214.366727494308,10689.74756256171,-489.05358052525764,372.1436940650458,1669.7199291511251,48579.11450106926,14,38911.369676039896,0,1.0000030670198612e-07,optimal,optimal,optimal
2025-10-29,ANNUAL REFERENCE ONLY,0.95,2.0,1214.366727494308,14,1214.366727494308,optimal,optimal,52814.17403050432,0.0,0.0,14,7341.344522530864,optimal,optimal,630.3057379945669,1331.4265696670286,3225.038349418366,0.6626436549441066,14,7047.001590523006,optimal,optimal,-1031.6843910648322,1.3963182911980994,3052.7503338144047,0.6250178719797282,14,10593.431804019292,optimal,optimal,308.4183370858911,167.55554304930564,44.027145887558454,0.5,1205.8345253702712,1205.8345253702712,10654.708499019293,-92.96031598437418,173.6810680296597,684.224541599847,53405.43825611979,6,35874.380528879534,0,1.0000030670198612e-07,optimal,optimal,optimal
2025-10-30,ANNUAL REFERENCE ONLY,0.95,2.0,1205.8345253702712,14,1205.8345253702712,optimal,optimal,46835.96928755623,0.0,0.0,14,9918.751601851847,optimal,optimal,-928.1438753798949,119.22521168668811,3094.9430887243598,0.6859141030998875,14,7291.179112845882,optimal,optimal,-435.5440334776147,0.0,1590.6065746991526,0.6005136020708411,14,10591.002424859245,optimal,optimal,311.96681586515035,169.7419842933462,41.762378770041195,0.5,1215.243086656192,1205.8345253702712,10799.999999999996,-1051.7210929923594,461.3599769213769,1958.9993539841003,47743.24754854797,14,39464.160831305824,0,1.0000181009672815e-07,optimal,optimal,optimal
2025-10-31,ANNUAL REFERENCE ONLY,0.95,2.0,1215.243086656192,14,1215.243086656192,optimal,optimal,20426.00128709861,0.0,0.0,14,6908.731244166669,optimal,optimal,-771.0806275878176,0.0,2267.772694182855,0.6507488524084334,14,9993.13894231482,optimal,optimal,-198.43103654695588,0.0,509.91758858008797,0.6198523595818243,14,10004.809667950578,optimal,optimal,98.69428458203424,71.93527939466207,32.8124398017188,0.5,1234.7073864984677,1215.243086656192,10800.0,-870.8173795527392,1.4219271929254358e-07,2.999999826125532e-07,19555.18390784587,0,31151.230753449363,0,1.000043994281441e-07,optimal,optimal,optimal
2025-11-01,ANNUAL REFERENCE ONLY,0.95,2.0,1234.7073864984677,14,1234.7073864984677,optimal,optimal,18207.149917787334,0.0,0.0,14,5621.911563796294,optimal,optimal,-29.60255113102432,156.87899723319092,512.9683221607982,0.6410246185903478,14,9874.380135166504,optimal,optimal,-83.24895409628428,0.0,215.5338086908782,0.6317449824394097,14,9786.479326891535,optimal,optimal,199.81023497075165,129.1312641309524,30.351936268242017,0.5,1266.951126063052,1234.7073864984677,10695.839863497775,86.95872974344306,2.4149214959305476e-07,1.200006130652764e-06,18294.108648730784,0,30359.090046324793,0,1.0000858901548782e-07,optimal,optimal,optimal
2025-11-02,ANNUAL REFERENCE ONLY,0.95,2.0,1266.951126063052,14,1266.951126063052,optimal,optimal,47583.10916262162,0.0,0.0,14,9737.187424907406,optimal,optimal,1567.0392734626075,2083.4569417008993,130.2706022791599,0.5994814303277578,14,6413.61035296325,optimal,optimal,-702.7384715513116,0.0,1822.6238408879137,0.6503119814650782,14,10683.595461251993,optimal,optimal,81.11437411562216,64.57035191317891,0.0,0.5,1249.0343186870484,1200.0,10745.51140593825,945.4151760269181,24.922414073544633,164.02124643032903,48692.545585078864,3,42188.708249094794,0,1.0000120198583318e-07,optimal,optimal,optimal
2025-11-03,ANNUAL REFERENCE ONLY,0.95,2.0,1249.0343186870484,14,1249.0343186870484,optimal,optimal,50467.39840922238,0.0,0.0,14,9517.618360992337,optimal,optimal,-730.0197158873353,57.469669660783566,2339.522263846583,0.5896482199902451,14,7051.866485038856,optimal,optimal,-634.4276846332585,0.0,1804.5852408447467,0.6739523527996194,14,10591.0679547365,optimal,optimal,253.49742833449545,140.7154795615853,1.0345641378972283,0.5,1200.8527778817784,1200.8527778817784,10754.525254361677,-1110.9499721860984,11.92505796094285,25.46596202744318,49381.914399063724,1,37191.515994496214,0,1.0000374550145351e-07,optimal,optimal,optimal
2025-11-04,ANNUAL REFERENCE ONLY,0.95,2.0,1200.8527778817784,14,1200.8527778817784,optimal,optimal,46609.186710934315,0.0,0.0,14,9849.855806759258,optimal,optimal,704.7038869611924,1052.4978007114769,384.79516735854384,0.6281012898687836,14,7226.723680010797,optimal,optimal,-531.7265286460903,0.0,1608.40385895385,0.673179015848715,14,10493.36404363367,optimal,optimal,420.5453600651483,229.18824024999913,10.863124017663768,0.5,1224.8721164943427,1200.8527778817784,10751.130593796295,593.5227183802505,321.7360687275734,1759.6967079145554,48962.40613722912,10,37480.833261103806,0,1.00000761449337e-07,optimal,optimal,optimal
2025-11-05,ANNUAL REFERENCE ONLY,0.95,2.0,1224.8721164943427,14,1224.8721164943427,optimal,optimal,52353.688348070194,0.0,0.0,14,9567.020197006166,optimal,optimal,-1798.4887958590484,0.0,5178.232564328167,0.5920785111541341,14,6151.628219653352,optimal,optimal,-288.15485548841457,1.4042873372874283,851.0504139140809,0.6676410491382238,14,10438.88044157638,optimal,optimal,530.4818029551052,289.71683000599205,5.053072480612603,0.5,1295.8590653293077,1224.8721164943427,10485.22858972453,-1556.1618483923576,206.9847736656945,891.6207898169909,51689.147289494824,8,38663.191855479716,0,1.0000803740695119e-07,optimal,optimal,optimal
2025-11-06,ANNUAL REFERENCE ONLY,0.95,2.0,1295.8590653293077,14,1295.8590653293077,optimal,optimal,48429.35525496947,0.0,0.0,14,9663.462192631197,optimal,optimal,495.3729256246072,751.4276198165968,194.7798028894665,0.6056448768441841,14,5703.610712142625,optimal,optimal,58.59517767993307,117.45280439494829,248.14146065619258,0.6730696154480342,14,10720.630246275343,optimal,optimal,13.302250723262807,11.299458482235082,13.53556694762843,0.5,1250.1101852891852,1204.7402831370462,10792.170568373063,567.270354027803,178.86998738595105,687.6334766236644,49684.259085620935,5,40798.23989812925,0,1.0001531336456537e-07,optimal,optimal,optimal
2025-11-07,ANNUAL REFERENCE ONLY,0.95,2.0,1250.1101852891852,14,1250.1101852891852,optimal,optimal,18491.26669159552,0.0,0.0,14,7142.9819102195415,optimal,optimal,-71.0314087162213,0.0,224.4228841528573,0.5944304297866826,14,8365.83164521954,optimal,optimal,96.12422369878293,75.19155541864478,0.0,0.644245306882481,14,9937.829419876429,optimal,optimal,333.22206075828865,187.62210495964075,3.4329005982357645,0.5,1206.6607612747428,1206.6607612747428,10720.045748253688,358.31487574085025,4.0193004305791603e-07,1.3999981520001254e-06,18849.58156873637,0,32799.5730825867,0,1.0000374550145351e-07,optimal,optimal,optimal
2025-11-08,ANNUAL REFERENCE ONLY,0.95,2.0,1206.6607612747428,14,1206.6607612747428,optimal,optimal,18752.850986330188,0.0,0.0,14,7020.073040003498,optimal,optimal,-153.49831423161672,0.0,434.1722463577855,0.5360200940336662,14,9388.47884722572,optimal,optimal,37.79660876209267,38.22528042614533,14.501272985770527,0.6511079275741689,14,9946.978609390155,optimal,optimal,19.818930936961955,16.15877667443774,0.0,0.5,1275.7266774284858,1206.6607612747428,10728.491649709033,-95.88277453256211,1.7389578441648287e-07,5.000030951558983e-07,18656.96821229763,0,31419.28504593635,0,1.000043994281441e-07,optimal,optimal,optimal
2025-11-09,ANNUAL REFERENCE ONLY,0.95,2.0,1275.7266774284858,14,1275.7266774284858,optimal,optimal,50308.94013628384,0.0,0.0,14,9806.420278425921,optimal,optimal,-638.6616056384598,0.0,1746.972849664035,0.5716560774920459,14,6501.151473698471,optimal,optimal,-243.54371194295604,35.768439798166355,872.0657162390515,0.6369604007475251,14,10438.113746770206,optimal,optimal,535.440317143056,292.11025932681144,0.0,0.5,1247.8385879111943,1247.8385879111943,10730.029658055553,-346.76500043835995,488.4581454345438,2084.3830907150605,52046.55822656054,15,39130.98616524591,0,1.00000761449337e-07,optimal,optimal,optimal
2025-11-10,ANNUAL REFERENCE ONLY,0.95,2.0,1247.8385879111943,14,1247.8385879111943,optimal,optimal,50980.91579583482,0.0,0.0,14,9761.378378981482,optimal,optimal,909.8576472422274,1337.8554298061208,440.69573882374993,0.5784313471023356,14,5735.628572529602,optimal,optimal,-621.6744758263893,0.0,1649.537392379894,0.603119091167064,14,10575.233821870663,optimal,optimal,258.07093000941603,151.12716864973612,95.24637896582985,0.5,1246.0876197982552,1200.0,10685.524823425927,546.254101425254,100.01501534693587,317.82040816344926,51844.990305423526,2,41300.92796655929,0,1.00000761449337e-07,optimal,optimal,optimal
2025-11-11,ANNUAL REFERENCE ONLY,0.95,2.0,1246.0876197982552,14,1246.0876197982552,optimal,optimal,52591.503149438024,0.0,0.0,14,10783.494757222225,optimal,optimal,-918.5370103928076,0.924868307924612,2504.5236971193694,0.56544249425727,14,7863.918843901172,optimal,optimal,-623.4819839926939,0.0,1985.1221274274503,0.6095260124372635,14,10570.520019589017,optimal,optimal,315.7409874971411,179.7186899587283,8.952189413472904e-06,0.5,1201.395344996973,1201.395344996973,10783.494757222225,-1226.2780068883606,50.992358460622135,107.70026388387308,51472.92540643354,2,36119.22280212403,0,1.0000858901548782e-07,optimal,optimal,optimal
2025-11-12,ANNUAL REFERENCE ONLY,0.95,2.0,1201.395344996973,14,1201.395344996973,optimal,optimal,49707.26475133553,0.0,0.0,14,9727.073788796297,optimal,optimal,1405.0311968427477,1828.5706966128705,197.36453796267483,0.5890809995151818,14,7162.918276133916,optimal,optimal,-797.0241203440683,0.0,2414.4760655530226,0.6583960570675689,14,10618.908965960198,optimal,optimal,266.8015911579925,162.98193063582073,139.216878360122,0.5,1214.9070762275758,1201.395344996973,10668.167647238468,874.808667656672,2.0269174137336896e-07,4.999986279519362e-07,50582.073419492204,0,40701.15662101353,0,1.0001531336456537e-07,optimal,optimal,optimal
2025-11-13,ANNUAL REFERENCE ONLY,0.95,2.0,1214.9070762275758,14,1214.9070762275758,optimal,optimal,48280.61252803874,0.0,0.0,14,9784.001975555551,optimal,optimal,286.5940120252264,411.10878483587067,40.04649168741139,0.5225003258566686,14,7823.445087003243,optimal,optimal,92.12614970412612,206.54381646408945,479.2086767571916,0.6788667019721996,14,10546.884661284903,optimal,optimal,390.4183575660638,227.80380484358614,147.59213661742984,0.5,1232.4165621752823,1200.0,10585.490702621095,769.1385192954162,1368.8599055311138,5311.072944603083,54360.82399193724,18,37196.934074766876,0,1.0000809425037005e-07,optimal,optimal,optimal
2025-11-14,ANNUAL REFERENCE ONLY,0.95,2.0,1232.4165621752823,14,1232.4165621752823,optimal,optimal,19330.19256776684,0.0,0.0,14,6871.594861573064,optimal,optimal,-254.97049556856908,0.0,666.6346229388355,0.5631412446455989,14,8098.566784906398,optimal,optimal,52.16515277661999,93.35790904599533,58.07619663977577,0.713943163078806,14,9950.546940914963,optimal,optimal,348.7089966065497,224.44034041046925,1.851752216452951e-05,0.5,1256.1545826960544,1232.4165621752823,10707.25422652696,145.9036538146006,1.55280692064648e-07,5.9999686828196e-07,19476.096222181437,0,31876.21979283909,0,1.0000512520491611e-07,optimal,optimal,optimal
2025-11-15,ANNUAL REFERENCE ONLY,0.95,2.0,1256.1545826960544,14,1256.1545826960544,optimal,optimal,20517.309116472952,0.0,0.0,14,8233.703699352718,optimal,optimal,-368.4628702659637,0.0,1263.106278475423,0.5644223062205483,14,8852.024415834197,optimal,optimal,-193.6059441666447,0.0,520.7236783083911,0.7219302716104341,14,9879.000400200252,optimal,optimal,239.4492014455165,219.451538167459,9.32902649999869,0.5,1277.0143528369838,1246.5823055555552,10683.724064181504,-322.6196129870919,1.4114571137280612e-07,3.0000001162115946e-07,20194.68950378586,0,33013.21128642993,0,1.000043994281441e-07,optimal,optimal,optimal
2025-11-16,ANNUAL REFERENCE ONLY,0.95,2.0,1277.0143528369838,14,1277.0143528369838,optimal,optimal,50430.81764654066,0.0,0.0,14,9791.082775740739,optimal,optimal,2087.062861481128,2669.323570402059,282.55281269080615,0.5754778662058917,14,7021.19440781627,optimal,optimal,-250.2698743695881,0.8511531198117837,670.3859984995961,0.7299085137389502,14,10481.877808998774,optimal,optimal,338.71032507233684,259.71277929629207,0.0,0.5,1200.0000000519697,1200.0000000519697,10733.213534999997,2175.503312183877,95.48709526138211,203.3418351746659,52809.6627938992,5,41000.00920343254,0,1.0000858901548782e-07,optimal,optimal,optimal
2025-11-17,ANNUAL REFERENCE ONLY,0.95,2.0,1200.0000000519697,14,1200.0000000519697,optimal,optimal,48601.49973729677,0.0,0.0,14,9956.720142407403,optimal,optimal,3800.8792951599016,4729.299612349347,13.567199974417235,0.5762013447116232,14,6806.581610244046,optimal,optimal,-190.18367093048514,0.0,545.0839814522367,0.7187183987348076,14,10597.070649485324,optimal,optimal,183.52304483594634,157.12138497853914,0.0,0.5,1250.4035643009292,1200.0000000519697,10796.962734999996,3794.2186690653625,1.3871901188941427e-07,5.000008928211173e-07,52395.718406862135,0,40593.48597414674,0,1.0001531336456537e-07,optimal,optimal,optimal
2025-11-18,ANNUAL REFERENCE ONLY,0.95,2.0,1250.4035643009292,14,1250.4035643009292,optimal,optimal,51231.461664328206,0.0,0.0,14,9502.427778775227,optimal,optimal,-7.037035593341747,185.3034668841501,763.4877469010065,0.5795089002903506,14,4626.179409599435,optimal,optimal,921.9281454163495,1135.5790765990832,8.392922515163946,0.6973608707522304,14,10572.286126567662,optimal,optimal,221.50003491459861,170.94858197328,0.0,0.5,1231.7739686744326,1231.7739686744326,10690.759477479396,1136.3911447376063,59.76095948831323,126.60359329458649,52494.4564023604,1,42821.97363521557,0,1.0000803740695119e-07,optimal,optimal,optimal
2025-11-19,ANNUAL REFERENCE ONLY,0.95,2.0,1231.7739686744326,14,1231.7739686744326,optimal,optimal,50532.51784622064,0.0,0.0,14,9480.324837510123,optimal,optimal,3297.403185720263,3743.1256946065478,152.41962279265272,0.5547178464017956,14,7097.955988147518,optimal,optimal,-373.11889732984196,49.90404835563709,1191.9187436005095,0.6938958369563653,14,10584.333457528057,optimal,optimal,164.91504319931045,133.37273687940896,0.0,0.5,1200.0000000519697,1200.0000000519697,10682.199568826767,3089.1993315897316,58.56237417679272,128.50447963634102,53750.22165744672,3,41926.79362776162,0,1.0000100303386716e-07,optimal,optimal,optimal
2025-11-20,ANNUAL REFERENCE ONLY,0.95,2.0,1200.0000000519697,14,1200.0000000519697,optimal,optimal,50637.16822857331,0.0,0.0,14,9775.056792962958,optimal,optimal,709.6179161651445,1039.063026645828,77.14260454133046,0.5666547547120749,14,6872.13088204482,optimal,optimal,318.62949161865174,396.63357950537517,43.19618684193665,0.689654782987584,14,10611.188764443632,optimal,optimal,184.44113628980557,138.71500678515025,0.0,0.5,1204.692592696593,1200.0000000519697,10707.44773778157,1212.6885440736019,68.61178710341343,145.92017089957,51995.77694354648,2,41957.03132286099,0,1.0000803740695119e-07,optimal,optimal,optimal
2025-11-21,ANNUAL REFERENCE ONLY,0.95,2.0,1204.692592696593,14,1204.692592696593,optimal,optimal,19508.22029064796,0.0,0.0,14,7012.551783734565,optimal,optimal,161.34797190610078,216.0860103820728,155.2903302478598,0.5454508869813367,14,7792.880265421126,optimal,optimal,-26.299185340400825,4.7288394943290655,88.84431859399578,0.6931012819685736,14,10060.076074787747,optimal,optimal,238.96279249904018,198.8483788576939,0.0,0.5,1226.0343108240118,1204.692592696593,10634.323308445228,374.01157906474015,23.363886717055493,49.53219765254662,19931.76406736525,2,33283.34531492898,0,1.0000858901548782e-07,optimal,optimal,optimal
2025-11-22,ANNUAL REFERENCE ONLY,0.95,2.0,1226.0343108240118,14,1226.0343108240118,optimal,optimal,21389.626279290515,0.0,0.0,14,9421.359481358024,optimal,optimal,-505.4324496104644,12.615819655340886,2027.901639975904,0.5756722183957265,14,8701.564574876542,optimal,optimal,-73.67768287067233,11.751063359211287,251.08204930020975,0.6672304762239792,14,9797.447137393174,optimal,optimal,547.3963865903644,357.21735276976415,0.0,0.5,1237.5410090406829,1226.0343108240118,10611.532069137716,-31.713745890772316,3.2471285001011915e-07,1.3000087856132267e-06,21357.912534699753,0,33520.33701740935,0,1.000043994281441e-07,optimal,optimal,optimal
2025-11-23,ANNUAL REFERENCE ONLY,0.95,2.0,1237.5410090406829,14,1237.5410090406829,optimal,optimal,51319.421756665804,0.0,0.0,14,9814.484149074082,optimal,optimal,2044.9429622434325,2395.55145837317,29.775470346771158,0.5628043563649002,14,6614.367560814189,optimal,optimal,-292.3914597747433,0.0,786.057791675206,0.6811739361076712,14,10676.277099711931,optimal,optimal,97.06159857308299,80.33755892592815,0.0,0.5,1237.6162281533577,1237.5410090406829,10754.304428129852,1849.6131010417723,2.1813939140873292e-07,6.000003026727427e-07,53169.034858307576,0,41749.83283079461,0,1.0000095358009275e-07,optimal,optimal,optimal
2025-11-24,ANNUAL REFERENCE ONLY,0.95,2.0,1237.6162281533577,14,1237.6162281533577,optimal,optimal,50447.76212174768,0.0,0.0,14,9786.205442239821,optimal,optimal,689.2258188926636,1009.0972202067605,99.5723798859248,0.5704536516586654,14,6535.679699155224,optimal,optimal,196.58187869605823,252.60975679427366,25.758211819738563,0.6944796938643858,14,10635.291239564553,optimal,optimal,146.93191441969898,114.69638686515327,0.0,0.5,1200.0000000519694,1200.0000000519694,10717.420769691307,1032.7396120084209,131.3336065720743,327.8418440049225,51808.34357776102,5,40985.02154210425,0,1.0002258932217956e-07,optimal,optimal,optimal
2025-11-25,ANNUAL REFERENCE ONLY,0.95,2.0,1200.0000000519694,14,1200.0000000519694,optimal,optimal,58570.198794517055,0.0,0.0,14,10017.99624534907,optimal,optimal,-1035.4380778749335,6.439166666666779,2589.0519641348865,0.5763086702412551,14,7099.667071206296,optimal,optimal,-1267.398550874707,0.0,3255.0457861136615,0.717740743423785,14,10650.997387112633,optimal,optimal,164.61284719679236,125.19068493196586,0.0,0.5,1221.6945448500942,1200.0000000519694,10716.180400753323,-2138.2237815528483,2.1556835698942912e-07,8.000039016569645e-07,56431.97501376421,0,39246.119299415106,0,1.0000230759033003e-07,optimal,optimal,optimal
2025-11-26,ANNUAL REFERENCE ONLY,0.95,2.0,1221.6945448500942,14,1221.6945448500942,optimal,optimal,54652.72586661092,0.0,0.0,14,9266.912659646008,optimal,optimal,1372.442964709517,1282.209192903677,150.44608177976863,0.6340134390522131,14,6612.274215587256,optimal,optimal,-828.7806170651318,0.0,2048.80024578078,0.7410057820406697,14,10668.875878578854,optimal,optimal,134.33428101187707,109.10004261236556,0.0,0.5,1200.0000000519697,1200.0000000519697,10716.214399189972,677.9966286562621,0.35488461956627615,0.7587437242497996,55331.48123899143,1,41473.3654850371,0,1.0000181009672815e-07,optimal,optimal,optimal
2025-11-27,ANNUAL REFERENCE ONLY,0.95,2.0,1200.0000000519697,14,1200.0000000519697,optimal,optimal,53172.98862184792,0.0,0.0,14,9777.075810185188,optimal,optimal,1139.2385713379404,1625.3432446535521,53.7040852533533,0.6554728666658158,14,7412.225142162758,optimal,optimal,-604.4442990830073,0.0,1588.1887644924752,0.740533622654681,14,10654.911089615416,optimal,optimal,158.49513368958944,121.6683526794579,0.0,0.5,1257.665028817068,1200.0000000519697,10738.41153240741,693.2894059445225,2.5690959844741044e-07,1.3000015896845068e-06,53866.27802909245,0,41063.129236619454,0,1.0000245765695582e-07,optimal,optimal,optimal
2025-11-28,ANNUAL REFERENCE ONLY,0.95,2.0,1257.665028817068,14,1257.665028817068,optimal,optimal,19742.007926239123,0.0,0.0,14,8083.461452145454,optimal,optimal,694.0467840333159,1105.2474195126936,69.28825327069595,0.6224258006104395,14,6893.544546500884,optimal,optimal,-318.9636167807538,5.209969132660717,1263.9496074742021,0.7137057759730643,14,9670.25725925926,optimal,optimal,416.15807530621095,243.7447202274263,0.6416975340059139,0.5,1313.4426250168503,1200.0,10508.239160673875,791.2412425587731,263.4909421740005,1237.225076597866,21770.47424539576,13,33815.84749686631,0,1.0000512520491611e-07,optimal,optimal,optimal
2025-11-29,ANNUAL REFERENCE ONLY,0.95,2.0,1313.4426250168503,14,1313.4426250168503,optimal,optimal,24830.35962394379,0.0,0.0,14,10262.986097962963,optimal,optimal,-1144.132702846721,0.0,4385.387758883887,0.6261367661118301,14,7757.649900547124,optimal,optimal,-418.57795198462264,175.09710389278837,2749.1649063333466,0.7046256168568605,14,9941.618974832243,optimal,optimal,211.99069262119443,157.74288923335956,0.0,0.5,1200.0000000519697,1200.0000000519697,10794.531885,-1350.719962210149,134.46479858312122,374.1419478798033,23853.78160961344,5,32838.768754860226,0,1.000043994281441e-07,optimal,optimal,optimal
2025-11-30,ANNUAL REFERENCE ONLY,0.95,2.0,1200.0000000519697,14,1200.0000000519697,optimal,optimal,54826.12310903351,0.0,0.0,14,9208.528295462966,optimal,optimal,3185.0057657698185,2991.8874552986763,306.94281822170296,0.647150766950558,14,6932.320712597429,optimal,optimal,-406.4467009623994,0.0,1261.033043211977,0.6826902121732598,14,10686.50429984352,optimal,optimal,138.0355152672447,93.2344634741675,0.0,0.5,1240.0634106480245,1200.0000000519697,10800.0,2916.5945800746636,2.356642619334392e-07,4.999997462509782e-07,57742.71768960817,0,41344.547018195255,0,1.0001531336456537e-07,optimal,optimal,optimal
2025-12-01,ANNUAL REFERENCE ONLY,0.95,2.0,1240.0634106480245,14,1240.0634106480245,optimal,optimal,57533.83850170002,0.0,0.0,14,8897.647848188162,optimal,optimal,252.97525497584073,437.10068522783865,292.8285449935571,0.6480937728237002,14,6346.758732371087,optimal,optimal,-657.1613051998727,0.0,1871.9081773729608,0.6837976880765383,14,10530.083045819614,optimal,optimal,409.2352884994827,232.92831209568254,0.0,0.5,1200.0000000519697,1200.0,10579.888768119059,5.049238275450705,4458.688171238713,16103.89588765367,73642.78362762913,51,41989.825913307715,0,1.0002986527979374e-07,optimal,optimal,optimal
2025-12-02,ANNUAL REFERENCE ONLY,0.95,2.0,1200.0000000519697,14,1200.0000000519697,optimal,optimal,60498.62250594425,0.0,0.0,14,7735.550911616595,optimal,optimal,3433.7488781117127,2863.871350540738,867.3726423775112,0.6373469217235631,14,6402.8742357799265,optimal,optimal,-148.88802488020232,1.5363501141855522,450.09433401951367,0.698151824277246,14,10580.761836508811,optimal,optimal,366.22012266518084,197.3143471420679,22.768149398328266,0.5,1243.0689450366513,1200.0,10698.20373267108,3651.080975896691,1099.6812655620133,4985.731846504428,69135.43532834537,23,40876.20031685382,0,1.000017846308765e-07,optimal,optimal,optimal
2025-12-03,ANNUAL REFERENCE ONLY,0.95,2.0,1243.0689450366513,14,1243.0689450366513,optimal,optimal,54065.6020147822,0.0,0.0,14,8904.633829043207,optimal,optimal,5740.290904345281,5657.6801302709055,0.0,0.6011636494476029,14,6392.6120112682775,optimal,optimal,2586.659783787042,2590.8909891896783,53.88005946250007,0.6828126305031081,14,10365.195733462962,optimal,optimal,630.6891474096367,347.26656488333276,-1.1368683772161603e-13,0.5,1207.2991476208963,1200.0000000524478,10388.67646991294,8957.63983554196,747.9723539950323,2417.530483106928,65440.77233343109,17,42081.80812885886,0,1.0000348993344232e-07,optimal,optimal,optimal
2025-12-04,ANNUAL REFERENCE ONLY,0.95,2.0,1207.2991476208963,14,1207.2991476208963,optimal,optimal,63737.26534898528,0.0,0.0,14,7711.2005906644445,optimal,optimal,2465.497604132657,3476.2031358542763,6012.689861930936,0.6469914132980007,14,6425.715566773519,optimal,optimal,-634.2992025382708,0.0,1766.8809595448483,0.6829347665238384,14,10466.91630218584,optimal,optimal,568.4410211341301,299.77532803274363,10.974670899532873,0.5,1201.003021207985,1200.0,10591.446890560834,2399.6394227285164,2574.761040507726,9982.626234906882,76119.53100662069,28,38997.68552389831,0,1.0001531336456537e-07,optimal,optimal,optimal
2025-12-05,ANNUAL REFERENCE ONLY,0.95,2.0,1201.003021207985,14,1201.003021207985,optimal,optimal,26711.848544412947,0.0,0.0,14,9581.564781851848,optimal,optimal,-508.16384236481895,46.38026957803385,2089.6749805195905,0.7050248310853137,14,7493.210018885966,optimal,optimal,-291.7894500117442,205.96010120701905,2433.208093985559,0.7083751452770298,14,9683.079287037035,optimal,optimal,625.6465841312502,350.7162923313762,8.20628421522567e-07,0.5,1210.0657231950713,1201.003021207985,10261.299584703174,-174.30670824531296,384.39937115880116,1644.1448301817563,28181.686666349393,14,35237.704466416115,0,1.0000471206694783e-07,optimal,optimal,optimal
2025-12-06,ANNUAL REFERENCE ONLY,0.95,2.0,1210.0657231950713,14,1210.0657231950713,optimal,optimal,28440.47767523917,0.0,0.0,14,9977.660041759254,optimal,optimal,-1193.6887724608248,0.0,4079.603045689014,0.7033072971369774,14,6783.873622055979,optimal,optimal,-365.2272334159941,68.11614700096757,1973.3810767316154,0.7163603649450242,14,9707.28563964177,optimal,optimal,639.0253542838092,361.9808799441491,34.15402181132551,0.5,1323.2546113704288,1210.0657231950713,10607.41534731481,-919.8906515930097,464.95603911477826,1969.1197651802008,29489.70678882636,11,34784.0716662522,0,1.0000712245528121e-07,optimal,optimal,optimal
2025-12-07,ANNUAL REFERENCE ONLY,0.95,2.0,1323.2546113704288,14,1323.2546113704288,optimal,optimal,65520.893226138825,0.0,0.0,14,6656.795534194383,optimal,optimal,1498.5113386480366,2728.768626987121,6116.697452356019,0.66595392826543,14,7384.705687158235,optimal,optimal,-301.6891052198487,18.636432022271606,1018.3601429881089,0.7134224198127438,14,10551.340627160955,optimal,optimal,423.97624855411703,223.7934355551432,-2.2737367544323206e-13,0.5,1200.0000000519697,1200.0000000519697,10650.461595568775,1620.798481982305,261.4781291188153,1115.6874178795415,68257.37912600067,8,40254.98138884406,0,1.0002986527979374e-07,optimal,optimal,optimal
2025-12-08,ANNUAL REFERENCE ONLY,0.95,2.0,1200.0000000519697,14,1200.0000000519697,optimal,optimal,67862.4081339376,0.0,0.0,14,7318.0815674999985,optimal,optimal,2329.1046578427913,2212.9452069858107,1556.8138066202382,0.6748298045951765,14,7986.296910509477,optimal,optimal,-884.8198329944142,0.04074393453004177,2804.692726388277,0.7129415335056082,14,10550.98442553543,optimal,optimal,413.0744018416725,224.11401701811582,0.0,0.5,1252.1283497206555,1200.0000000519697,10735.5093381962,1857.3592266900496,6.854481260765507,14.387556446272933,69734.15491707393,1,37732.748337014345,0,1.000444171950221e-07,optimal,optimal,optimal
2025-12-09,ANNUAL REFERENCE ONLY,0.95,2.0,1252.1283497206555,14,1252.1283497206555,optimal,optimal,67175.33338070125,0.0,0.0,14,7066.99464422524,optimal,optimal,1947.617020087972,2605.151058083069,4191.946323843195,0.6535076837597821,14,6792.6563353310175,optimal,optimal,71.31242207351823,327.96632151261883,868.590500754465,0.7266800834160356,14,10488.6950093461,optimal,optimal,522.0060869163349,280.17449158850826,1.1368683772161603e-13,0.5,1245.6753097402313,1199.9999999999998,10563.81044861678,2540.935529077825,49.1889523901387,152.49310496493143,69868.762014744,3,39245.93569827991,0,1.0001108967117034e-07,optimal,optimal,optimal
2025-12-10,ANNUAL REFERENCE ONLY,0.95,2.0,1245.6753097402313,14,1245.6753097402313,optimal,optimal,64112.360895029786,0.0,0.0,14,6777.2469528054935,optimal,optimal,4736.7967258636045,3904.4242569781463,1207.4632731632282,0.6664523456234175,14,6874.854554583215,optimal,optimal,-333.58366407883364,0.0,1059.843269535697,0.7000657071234228,14,10549.721260817527,optimal,optimal,414.90954140540333,225.2508652642253,0.0,0.5,1219.7922553718563,1200.0000000523119,10549.721260817527,4818.122603190174,861.2887071351404,1894.4198032193144,70824.90330143926,8,37976.93337263753,0,1.0003714123740792e-07,optimal,optimal,optimal
2025-12-11,ANNUAL REFERENCE ONLY,0.95,2.0,1219.7922553718563,14,1219.7922553718563,optimal,optimal,66584.37070204825,0.0,0.0,14,8523.054541790121,optimal,optimal,368.5862877256286,1522.1064946634615,4610.064412289603,0.6359059092224846,14,8050.235119774404,optimal,optimal,-663.9675275888815,10.395655188512478,2300.2376068817266,0.7090983830792559,14,10549.721260817529,optimal,optimal,414.90954140539463,225.2508652642233,-1.1368683772161603e-13,0.5,1222.2119632571257,1200.000000052935,10799.999999999998,119.52830154214178,61.098182714776485,128.24508586641477,66832.14408945681,1,38862.146525992444,0,1.0000797601605882e-07,optimal,optimal,optimal
2025-12-12,ANNUAL REFERENCE ONLY,0.95,2.0,1222.2119632571257,14,1222.2119632571257,optimal,optimal,29596.76966770985,0.0,0.0,14,9828.547406666667,optimal,optimal,-474.209322346779,16.099735830092413,1764.627789136408,0.5997985749225176,14,8088.81102790652,optimal,optimal,-123.33256544012029,298.3037134061421,2107.8548723717777,0.6801044106827698,14,9937.039738145724,optimal,optimal,476.67394255992457,272.9900073891943,1.1368683772161603e-13,0.5,1304.1143479016748,1202.5459230105982,10441.184169689643,-120.86794522697477,273.0290771617839,1147.8931420670142,30623.79486454989,9,32620.382060421565,0,1.000086058411398e-07,optimal,optimal,optimal
2025-12-13,ANNUAL REFERENCE ONLY,0.95,2.0,1304.1143479016748,14,1304.1143479016748,optimal,optimal,30452.230375214072,0.0,0.0,14,9697.315416018519,optimal,optimal,-473.66282141211605,307.7436402905836,2709.527419293239,0.5924307501719098,14,7785.992303874081,optimal,optimal,-352.43648101728905,36.96022483103462,1592.100709529049,0.6719426003764143,14,9825.729421453765,optimal,optimal,558.9020337976318,317.83991966496666,8.206403068532739e-07,0.5,1298.8653644575238,1283.773533464812,10365.646897500003,-267.1972686317732,115.63328535324592,472.69654387929097,30657.729650461588,5,32503.50213821676,0,1.0000712245528121e-07,optimal,optimal,optimal
2025-12-14,ANNUAL REFERENCE ONLY,0.95,2.0,1298.8653644575238,14,1298.8653644575238,optimal,optimal,63549.38475108689,0.0,0.0,14,8580.86341233673,optimal,optimal,2196.8889493547745,1958.4003708386297,983.92903918569,0.6050975231865059,14,6357.676721904435,optimal,optimal,1146.5743630148493,1243.1285050747663,513.7293206317369,0.6781637259127381,14,10585.431074362881,optimal,optimal,362.7648074629485,193.11203307340298,0.0,0.5,1200.0000000519697,1200.0,10585.431074362881,3706.2281198325727,236.08008025393585,1185.4889507661994,68441.10182168566,5,39996.21658845359,0,1.0000030670198612e-07,optimal,optimal,optimal
2025-12-15,ANNUAL REFERENCE ONLY,0.95,2.0,1200.0000000519697,14,1200.0000000519697,optimal,optimal,65777.12141015619,0.0,0.0,14,9922.645006671839,optimal,optimal,1308.7898775842764,1078.4914709901411,489.4568080619661,0.6068051861111756,14,6924.96262056874,optimal,optimal,6.391884623975045,165.81773451587833,545.8123565147844,0.6642991777460127,14,10555.093928284186,optimal,optimal,416.3289802803965,220.41546454423124,0.0,0.5,1219.9215067823072,1200.0000000519697,10770.667085828522,1731.510742488648,6.064843547655724,12.79681988592815,67521.42897253078,1,39300.29636050717,0,1.0000161410061992e-07,optimal,optimal,optimal
2025-12-16,ANNUAL REFERENCE ONLY,0.95,2.0,1219.9215067823072,14,1219.9215067823072,optimal,optimal,70117.22342975339,0.0,0.0,14,8622.58886028465,optimal,optimal,648.9031877916121,1425.255911858252,3485.32344674447,0.6599077346479698,14,8050.235119774408,optimal,optimal,-606.5517007766764,0.0,1919.2531217337605,0.6049856786354371,14,10547.917983780495,optimal,optimal,418.04532295978197,226.87381459755323,1.5916157281026244e-12,0.5,1200.0000000519697,1200.0000000519697,10793.33293079257,460.3968099747177,18.326571950462892,39.182211375734234,70616.80245110384,1,37855.245309083315,0,1.0001108967117034e-07,optimal,optimal,optimal
2025-12-17,ANNUAL REFERENCE ONLY,0.95,2.0,1200.0000000519697,14,1200.0000000519697,optimal,optimal,69587.92165140688,0.0,0.0,14,8415.06044999999,optimal,optimal,-97.96664692384442,991.6819048345076,4400.699736774419,0.6447440358894859,14,8150.659818607724,optimal,optimal,-529.6305847038757,51.14797176989384,2002.1491675921461,0.6016560314471937,14,10603.959460076856,optimal,optimal,333.5315924825038,176.43648593082884,0.0,0.5,1224.1135323135645,1200.0000000519697,10773.281867334208,-294.0656391452163,2.09571058573551e-07,1.2000018715776604e-06,69293.85601346167,0,37845.072547326345,0,1.000444171950221e-07,optimal,optimal,optimal
2025-12-18,ANNUAL REFERENCE ONLY,0.95,2.0,1224.1135323135645,14,1224.1135323135645,optimal,optimal,64386.95301153623,0.0,0.0,14,8526.579667474365,optimal,optimal,2722.3397699668258,2745.0314640695615,100.12086753091637,0.64919780053371,14,8166.93207548086,optimal,optimal,-301.6988623506484,0.0,1008.9627828020438,0.5752075999806714,14,10576.36544743432,optimal,optimal,368.6274960768416,196.51526397577848,1.1368683772161603e-13,0.5,1232.8794354623242,1216.683481552744,10800.0,2789.2684036930186,3.515352711667292e-07,1.5000091958270784e-06,67176.22141672925,0,36845.71082859461,0,1.0001108967117034e-07,optimal,optimal,optimal
2025-12-19,ANNUAL REFERENCE ONLY,0.95,2.0,1232.8794354623242,14,1232.8794354623242,optimal,optimal,27727.547235214875,0.0,0.0,14,10164.65294064815,optimal,optimal,786.9397397704587,1088.1123621565962,0.9166189182913058,0.6377550056766438,14,7619.921369963146,optimal,optimal,-370.5363547909845,12.111672896712662,1448.4318472769517,0.5658187992682979,14,9849.875877870369,optimal,optimal,508.65523511824557,282.94354598527804,0.0,0.5,1332.6781858474512,1212.296656622157,10785.0047925,925.0586200977198,66.28711608816829,303.0173881487962,28955.623243461392,3,32358.900958984304,0,1.0000712245528121e-07,optimal,optimal,optimal
2025-12-20,ANNUAL REFERENCE ONLY,0.95,2.0,1332.6781858474512,14,1332.6781858474512,optimal,optimal,29409.852921463837,0.0,0.0,14,10194.885730185184,optimal,optimal,-642.178151463934,0.0,1831.0429301006213,0.6727523463040284,14,7255.033218624509,optimal,optimal,-324.8122310611368,24.46794166666666,1218.940000482723,0.5324825227496145,14,9871.127379721598,optimal,optimal,507.0594034251382,339.6123582505616,0.0,0.5,1293.6239509179154,1293.6239509179154,10738.450545,-459.9309790999326,220.6119194349969,929.833890781366,29879.75583314527,9,33668.95913053426,0,1.0000712245528121e-07,optimal,optimal,optimal
2025-12-21,ANNUAL REFERENCE ONLY,0.95,2.0,1293.6239509179154,14,1293.6239509179154,optimal,optimal,65181.21777728846,0.0,0.0,14,10042.710824769827,optimal,optimal,-291.63722295985,163.5018117355965,1462.7836184982475,0.6735423800968104,14,8633.673131336702,optimal,optimal,-407.44117104844963,79.41230686557215,1804.890293997229,0.5161612824884895,14,10502.625914531598,optimal,optimal,398.6900077945494,211.64436663602942,1.1368683772161603e-13,0.5,1256.1433425197713,1246.4338520837905,10800.000000000002,-300.3883862137503,1.7027323330438714e-07,4.999987887051248e-07,64880.829391574705,0,39668.02743556631,0,1.0000095358009275e-07,optimal,optimal,optimal
2025-12-22,ANNUAL REFERENCE ONLY,0.95,2.0,1256.1433425197713,14,1256.1433425197713,optimal,optimal,63579.16106908466,0.0,0.0,14,8563.394723858022,optimal,optimal,1554.4674598929262,1581.7674255575307,1301.8093866104623,0.6370181998310713,14,8340.469714847757,optimal,optimal,-426.3400931788645,31.88647508180486,1739.5949681517682,0.5162576220476149,14,10681.596642229635,optimal,optimal,122.64631810628195,106.56302199332809,0.0,0.5,1200.00000005197,1200.0,10729.072378558029,1250.7736848203438,149.98661934831324,725.4551947055887,65555.3899486106,7,41234.705201163364,0,1.0000053407566156e-07,optimal,optimal,optimal
2025-12-23,ANNUAL REFERENCE ONLY,0.95,2.0,1200.00000005197,14,1200.00000005197,optimal,optimal,65389.87062008692,0.0,0.0,14,10335.533984180938,optimal,optimal,-1147.4836239800507,0.0,3334.3946281405356,0.5966270834504038,14,8353.02366955229,optimal,optimal,-594.4995166377493,0.0,2140.9560411811194,0.5658864161025032,14,10591.811416735283,optimal,optimal,250.84430074322074,151.66472493824642,1.1368683772161603e-12,0.5,1200.0000000519697,1200.0000000519697,10776.851052912005,-1491.1388398745794,50.99659389881011,107.94868015255147,64006.68046036489,5,42120.2492902191,0,1.0000245765695582e-07,optimal,optimal,optimal
2025-12-24,ANNUAL REFERENCE ONLY,0.95,2.0,1200.0000000519697,14,1200.0000000519697,optimal,optimal,64643.23302889489,0.0,0.0,14,8577.06404574074,optimal,optimal,1485.900935317564,1560.6245925391468,1541.662345439439,0.5970461351492158,14,8375.51402831881,optimal,optimal,-774.7855101475734,0.0,2579.928115303207,0.5788801508142505,14,10565.76132342562,optimal,optimal,273.1669307679469,159.75569141095227,-1.1368683772161603e-13,0.5,1211.657581443084,1200.0000000519697,10761.766964055652,984.2823559379376,144.54883253124396,843.2793082290098,66470.79469306183,3,40533.98895933632,0,1.0000803740695119e-07,optimal,optimal,optimal
2025-12-25,ANNUAL REFERENCE ONLY,0.95,2.0,1211.657581443084,14,1211.657581443084,optimal,optimal,61617.037351866435,0.0,0.0,14,9150.22218926674,optimal,optimal,1050.977673716959,1184.907763032772,1415.879873070035,0.5742701733120054,14,7462.9339915697365,optimal,optimal,217.9369145674202,297.71969852450206,406.7455125587151,0.5564793848446332,14,10556.819369729626,optimal,optimal,309.85176282115503,183.15756724333835,76.6180117550934,0.5,1214.5403670367184,1200.0,10697.549236169854,1578.7663511055343,116.79138520864943,272.0635771128855,63467.86728008486,4,42034.91223269905,0,1.0000030670198612e-07,optimal,optimal,optimal
2025-12-26,ANNUAL REFERENCE ONLY,0.95,2.0,1214.5403670367184,14,1214.5403670367184,optimal,optimal,27417.096213822748,0.0,0.0,14,10218.741230740734,optimal,optimal,-364.3471551209231,161.0308183395788,2019.0338676533063,0.5819003276456636,14,7960.03551204193,optimal,optimal,-441.51505555295154,31.417799458239305,1851.247419182841,0.6129184612127577,14,9933.318166633653,optimal,optimal,341.3794777343457,215.41576309555865,75.96539662768907,0.5,1222.4279820098993,1214.5403670367184,10799.457897407401,-464.48273293952894,329.4168447530012,1149.7847788383328,28102.39825972155,9,36204.733762722055,0,1.000043994281441e-07,optimal,optimal,optimal
2025-12-27,ANNUAL REFERENCE ONLY,0.95,2.0,1222.4279820098993,14,1222.4279820098993,optimal,optimal,28316.398710856884,0.0,0.0,14,10096.426503981484,optimal,optimal,-515.4052032449297,88.198768847113,2218.2677127071147,0.5667241990353776,14,7876.404254062051,optimal,optimal,-378.2235564225454,35.661125721230306,1618.0594327426165,0.6464055111115669,14,9781.036666666667,optimal,optimal,509.6958705406543,298.9130630658427,16.728213392197922,0.5,1273.6133559161576,1222.4279820098993,10667.752429907408,-383.93288912682084,96.41031685058225,490.4497368506884,28422.915558580753,6,35314.80298309128,0,1.0001167538575828e-07,optimal,optimal,optimal
2025-12-28,ANNUAL REFERENCE ONLY,0.95,2.0,1273.6133559161576,14,1273.6133559161576,optimal,optimal,63979.062828821385,0.0,0.0,14,8635.17194830247,optimal,optimal,1509.563526237805,1793.0262236441513,2295.2153292075864,0.581553872172904,14,8190.90853972137,optimal,optimal,-691.3202315612881,39.73856987198951,2299.89934798589,0.6439108888432244,14,10509.289919259258,optimal,optimal,404.6924351156878,225.93407266667066,20.439987393397992,0.5,1237.7301722504556,1237.7301722504556,10776.357452485683,1222.9357297922047,201.85770203965842,519.8133819247194,65721.8119405383,5,39606.42235726911,0,1.0000245765695582e-07,optimal,optimal,optimal
2025-12-29,ANNUAL REFERENCE ONLY,0.95,2.0,1237.7301722504556,14,1237.7301722504556,optimal,optimal,60924.83425690762,0.0,0.0,14,10142.544905740744,optimal,optimal,987.9537387453885,963.2319264372776,308.4063580520758,0.6005516501070849,14,6834.444069550646,optimal,optimal,-235.76508030028424,61.212950032100736,838.3635192825037,0.6641562355769401,14,10562.584657982892,optimal,optimal,189.8808699696266,146.48797448206219,2.2737367544323206e-13,0.5,1204.9279260950623,1204.9279260950623,10800.0,942.0695284147308,2.919378216215715e-07,1.1000014350386665e-06,61866.90378642235,0,44474.50842319144,0,1.0000793690778663e-07,optimal,optimal,optimal
2025-12-30,ANNUAL REFERENCE ONLY,0.95,2.0,1204.9279260950623,14,1204.9279260950623,optimal,optimal,61082.21201218127,0.0,0.0,14,10016.639634845675,optimal,optimal,1675.115338439689,1465.066394462226,724.6687201793119,0.6007256872824439,14,6465.458682899031,optimal,optimal,-722.5818361134743,3.1056010288067455,2026.5876048301434,0.6126122709541754,14,10616.798563771692,optimal,optimal,184.32132545488565,160.22485824333634,0.0,0.5,1246.1268593982159,1200.0,10757.913954277155,1136.8548277811003,224.38626867884486,1056.2101617408882,63275.27700170326,5,42207.65081098966,0,1.0000230759033003e-07,optimal,optimal,optimal
2025-12-31,ANNUAL REFERENCE ONLY,0.95,2.0,1246.1268593982159,14,1246.1268593982159,optimal,optimal,62240.999010918036,0.0,0.0,14,10117.958147592599,optimal,optimal,648.916173687612,679.3453297634238,892.1598124908988,0.5666711450276865,14,6730.681349964624,optimal,optimal,-198.6287843481412,27.680108363638283,722.9101808919157,0.6313463178122489,14,10616.798563618608,optimal,optimal,171.55403355485325,140.3195074398991,0.0,0.5,1200.00000005197,1200.00000005197,10756.01396245052,621.841422894324,61.43322054955592,129.29107818582213,62992.13151199818,3,43717.26656938948,0,1.0000098882301245e-07,optimal,optimal,optimal
