date,run_label,alpha,lambda,soc_start_kwh,scenario_count_00,soc_00_kwh,plan_primary_status_00,plan_secondary_status_00,plan_cost_00_yuan,increase_00_kwh,decrease_00_kwh,scenario_count_06,soc_06_kwh,plan_primary_status_06,plan_secondary_status_06,adjustment_cost_06_yuan,increase_06_kwh,decrease_06_kwh,rho_06,scenario_count_12,soc_12_kwh,plan_primary_status_12,plan_secondary_status_12,adjustment_cost_12_yuan,increase_12_kwh,decrease_12_kwh,rho_12,scenario_count_18,soc_18_kwh,plan_primary_status_18,plan_secondary_status_18,adjustment_cost_18_yuan,increase_18_kwh,decrease_18_kwh,rho_18,soc_end_kwh,soc_min_kwh,soc_max_kwh,adjustment_cost_total_yuan,actual_emergency_purchase_kwh,actual_emergency_cost_yuan,total_actual_cost_yuan,emergency_slot_count,actual_throughput_kwh,simultaneous_slots,max_constraint_violation,actual_primary_status,actual_secondary_status,actual_tertiary_status,predicted_plan_cost_00_yuan,predicted_adjustment_cost_06_yuan,predicted_adjustment_cost_12_yuan,predicted_adjustment_cost_18_yuan
2025-02-01,Q4-3 SEARCH,0.85,0.5,6000.0,2,6000.0,optimal,optimal,17704.99813457663,0.0,0.0,2,9412.028295154325,optimal,optimal,-835.8328280117912,0.0,3016.2460072980684,0.6203361283146992,2,6894.116867746915,optimal,optimal,-63.70172974716036,2.685043227756978e-07,193.76778693317812,0.5219275667876406,2,10197.944476851852,optimal,optimal,-26.66209790811439,0.0,62.75649917106425,0.5,1200.0000001,1200.0000001,10800.0,-926.1966556670659,1.0520875733979311e-07,2e-07,16778.801479109563,0,33067.368391786935,0,1.000001930151484e-07,optimal,optimal,optimal,18731.396471957138,-814.2297012583119,-60.6359802309588,-23.401662907508435
2025-02-02,Q4-3 SEARCH,0.85,0.5,1200.0000001,3,1200.0000001,optimal,optimal,64060.00456670094,0.0,0.0,3,10800.0,optimal,optimal,-1488.9033273389214,9.157730099887885,3722.5193211853475,0.630420805544078,3,7521.59145235318,optimal,optimal,-383.05821249248305,20.076424518136292,1032.6462124800057,0.5328440473078151,3,10800.0,optimal,optimal,-4.779311254985292e-07,2.1649047994287684e-07,1.1651609152254434e-06,0.5,1200.0000000999999,1200.0000000999999,10800.0,-1871.9615403093355,14.533405615991875,34.2028571221853,62222.24588351379,3,42170.61486876501,0,1.0002986527979374e-07,optimal,optimal,optimal,67597.33438475637,-1538.0791806543862,-382.83466074991253,-4.4221538422104075e-07
2025-02-03,Q4-3 SEARCH,0.85,0.5,1200.0000000999999,4,1200.0000000999999,optimal,optimal,66972.86227921116,0.0,0.0,4,10794.161419753087,optimal,optimal,-1993.051487424154,0.0,4652.188913573818,0.6081206271476367,4,7630.736388465353,optimal,optimal,-619.765449022276,0.0,1490.9125915648178,0.5188848576958215,4,10786.822222222223,optimal,optimal,23.11825388036104,11.859999999998081,1.0231815394945443e-12,0.5,1283.9915780940125,1200.0000000999999,10800.0,-2589.6986825660692,168.16601619708217,805.4645644066369,65188.628161051725,7,41082.58804222573,0,1.000075826596003e-07,optimal,optimal,optimal,68977.70785854544,-2004.309118680919,-612.1668249230213,21.39402150733728
2025-02-04,Q4-3 SEARCH,0.85,0.5,1283.9915780940125,5,1283.9915780940125,optimal,optimal,69114.38781601965,0.0,0.0,5,10800.0,optimal,optimal,-1596.6041143339542,159.7802744378373,4296.463035780331,0.604213286359979,5,7944.716762260734,optimal,optimal,-1007.5933282785478,0.0,2526.5208754180007,0.5361436228440177,5,10792.654320987655,optimal,optimal,12.824233278065497,6.61111111110934,2.2737367544323206e-13,0.5,1200.0000001,1200.0000001,10800.0,-2591.3732093344365,29.371520544730082,147.5463018748714,66670.56090856009,3,42726.23183723168,0,1.0000121619668789e-07,optimal,optimal,optimal,70643.73772415875,-1626.7211588180512,-1026.7057890049773,12.366274995306558
2025-02-05,Q4-3 SEARCH,0.85,0.5,1200.0000001,6,1200.0000001,optimal,optimal,64893.080383486566,0.0,0.0,6,10800.0,optimal,optimal,-315.15503382370343,335.3777599359818,1957.0098108799666,0.6073189178332172,6,7073.663197573376,optimal,optimal,-479.1963485477646,0.0,1103.2700994747152,0.5500793609993078,6,10800.0,optimal,optimal,1.0457847468094707e-07,2.1197313344600842e-07,2.6169578179345516e-07,0.5,1200.0000000999999,1200.0000000999999,10800.0,-794.3513822668896,151.68095828633102,387.3729262033107,64486.101927422984,7,43162.9685480351,0,1.0001531336456537e-07,optimal,optimal,optimal,66107.53444789513,-311.7522741740255,-481.38771878331386,1.0000362565973124e-07
2025-02-06,Q4-3 SEARCH,0.85,0.5,1200.0000000999999,7,1200.0000000999999,optimal,optimal,69900.42837507263,0.0,0.0,7,10797.222530864197,optimal,optimal,-2264.1367245538895,0.0,5075.7927957384045,0.6235349872124988,7,7774.48044438556,optimal,optimal,-1335.7115186088477,0.0,3170.5321260271758,0.5707119684648804,7,10796.047530864198,optimal,optimal,7.064109827773594,3.5572224477445675,2.7842296485050026e-07,0.5,1200.0000001,1200.0000000999999,10800.0,-3592.7841333349634,69.54772372669801,150.8644240187001,66458.50866575637,5,43310.10671134533,0,1.0000121619668789e-07,optimal,optimal,optimal,72123.62018843419,-2202.4073463528343,-1304.6293071773405,6.503323485444674
2025-02-07,Q4-3 SEARCH,0.85,0.5,1200.0000001,8,1200.0000001,optimal,optimal,19303.121975249713,0.0,0.0,8,9683.11007407407,optimal,optimal,-726.0279800411959,0.0,3048.087118658116,0.6423505795163891,8,7505.256504074071,optimal,optimal,-328.8363005056122,0.0,1424.6243272057043,0.6644873138638798,8,10290.618518518519,optimal,optimal,13.608128725759732,10.70833364577359,3.8572922268587263e-07,0.5,1200.0,1200.0,10800.0,-1041.2561518210482,92.70863841884005,251.4156316779166,18513.28145510658,3,39116.99555989631,0,1.00000761449337e-07,optimal,optimal,optimal,20499.615480342676,-734.5836814427156,-346.3225985769849,12.642775989895348
2025-02-08,Q4-3 SEARCH,0.85,0.5,1200.0,9,1200.0,optimal,optimal,15715.003714839138,0.0,0.0,9,8246.956446077975,optimal,optimal,-90.3966173288273,7.3266143650549225,294.74512193319515,0.6251944679866634,9,7408.129102744642,optimal,optimal,-18.690594360953742,0.9439153216314935,56.56802693146735,0.7212701175370082,9,9922.138074195494,optimal,optimal,53.87894103401902,60.73194290242604,32.61064943743215,0.5,1200.0000000999994,1200.0,10800.0,-55.20827065576202,278.4751156300148,893.6173325450904,16553.412776728466,9,36219.23474317121,0,1.0000155725720106e-07,optimal,optimal,optimal,16048.099593682797,-86.5666394252138,-17.935064507960163,56.08821052428549
2025-02-09,Q4-3 SEARCH,0.85,0.5,1200.0000000999994,10,1200.0000000999994,optimal,optimal,64125.824731828056,0.0,0.0,10,10793.536111111112,optimal,optimal,-916.1972410681831,0.0,1810.2997390068606,0.6518986649382474,10,8090.770466730489,optimal,optimal,-868.4197366266583,0.0,2165.964989264594,0.7139956059165149,10,10777.467592592593,optimal,optimal,6.374275203743895,9.570833333333855,20.381313002053716,0.5,1200.0000001,1200.0000000999994,10800.000000000002,-1778.2427024910974,200.87551321134006,332.2300751604376,62679.812104497396,2,42957.02139918202,0,1.0002258932217956e-07,optimal,optimal,optimal,65362.63289217499,-926.8126691482184,-842.927036062888,6.454978462435247
2025-02-10,Q4-3 SEARCH,0.85,0.5,1200.0000001,11,1200.0000001,optimal,optimal,59136.75472964255,0.0,0.0,11,10741.27487037037,optimal,optimal,-2567.013691775402,2.118680114839208,6124.433918120019,0.632296215923355,11,7611.218320637861,optimal,optimal,338.2559344541146,456.93765257763494,808.2677726672885,0.7122470447481396,11,9998.13888888889,optimal,optimal,-12.601780479611772,1.4000001513004008,22.33332899741694,0.5,1205.9361873396672,1200.0000001,10800.0,-2241.3595378008995,203.32081769290272,576.7327383800928,57472.127930221744,4,39763.7176665127,0,1.0000212569138967e-07,optimal,optimal,optimal,60445.92148887136,-2707.4722996370338,324.4526789869193,-12.497388035838373
2025-02-11,Q4-3 SEARCH,0.85,0.5,1205.9361873396672,12,1205.9361873396672,optimal,optimal,60371.9956098042,0.0,0.0,12,10776.236749999998,optimal,optimal,-1913.2690279739356,0.2593259813581881,4499.635018734337,0.6087291375097827,12,6621.154715407464,optimal,optimal,-773.7572709546505,0.0,1863.1161007373294,0.7061748899852236,12,10800.0,optimal,optimal,-6.159733357725671,0.0,9.957537341860442,0.5,1257.4330279593564,1200.0,10800.0,-2693.1860322863117,656.8695496714149,2403.6024847267545,60082.41206224464,17,42173.75195911061,0,1.0001167538575828e-07,optimal,optimal,optimal,61400.20353087335,-2044.913291005462,-797.5352029157665,-6.173122970639121
2025-02-12,Q4-3 SEARCH,0.85,0.5,1257.4330279593564,13,1257.4330279593564,optimal,optimal,59839.694842078665,0.0,0.0,13,10800.0,optimal,optimal,-2191.026255183653,0.0,5152.120984247365,0.6160564084196161,13,7339.72096210231,optimal,optimal,-625.5932652306744,0.0,1475.9578708961726,0.7216505498964687,13,10488.71875113976,optimal,optimal,416.7851644306324,280.15312397421457,18.66883386993345,0.5,1200.0000000999999,1199.9999999999998,10800.0,-2399.8343559836953,478.92787070921446,1715.0604591980073,59154.92094529298,21,45655.223507730974,0,1.00002807812416e-07,optimal,optimal,optimal,61152.86395667642,-2239.084663726863,-609.8097714794065,399.1802108521922
2025-02-13,Q4-3 SEARCH,0.85,0.5,1200.0000000999999,14,1200.0000000999999,optimal,optimal,55470.02438013314,0.0,0.0,14,9805.440168834019,optimal,optimal,-1673.054996871396,51.97911019734897,4476.426295727924,0.6239763911438716,14,7394.767716242583,optimal,optimal,838.6650886591781,729.2485505430137,498.362380984878,0.7152704096105844,14,10008.087563152829,optimal,optimal,-149.48893890595957,0.0,233.10297733754697,0.5,1200.0000000999996,1200.0000000999996,10800.0,-983.8788471181775,130.71819696807862,306.5094144904344,54792.6549475054,4,41486.323811647075,0,1.0003714123740792e-07,optimal,optimal,optimal,56726.3979186959,-1857.1419561792577,838.0010229921965,-138.12141394582872
2025-02-14,Q4-3 SEARCH,0.85,0.5,1200.0000000999996,14,1200.0000000999996,optimal,optimal,15509.308204519348,0.0,0.0,14,8007.293059027779,optimal,optimal,129.4099138867068,250.45388575141152,567.1732815670415,0.6139351606603018,14,6804.021748227084,optimal,optimal,254.54731542822856,260.03621056549355,1.1368683772161603e-13,0.6610797178699424,14,9938.719884529564,optimal,optimal,137.56258595879507,116.0509224581189,-1.1368683772161603e-13,0.5,1200.0000000697278,1200.0000000697278,10800.0,521.5198152737305,119.10269159927611,204.387881244445,16235.215901037524,7,38470.733626607354,0,1.0000059091908042e-07,optimal,optimal,optimal,15307.847602528305,150.15736264843613,270.8893100083761,139.59673492622838
2025-02-15,Q4-3 SEARCH,0.85,0.5,1200.0000000697278,14,1200.0000000697278,optimal,optimal,15802.220806692021,0.0,0.0,14,6482.319765648148,optimal,optimal,-358.152838745079,103.2589690733924,1895.7657110022153,0.6534422560226923,14,6536.327893325104,optimal,optimal,137.87754453499662,135.71532713273007,0.0,0.5906384331605111,14,10125.458911226284,optimal,optimal,193.898117086083,157.06404472871168,0.0,0.5,1200.0000000999999,1200.0,10740.307983684144,-26.377177123999388,979.6869870427396,1924.5205575362797,17700.3641871043,18,35470.82446359405,0,1.0000030670198612e-07,optimal,optimal,optimal,15033.262262463577,-339.7337300365806,137.33076289789747,190.05787799759597
2025-02-16,Q4-3 SEARCH,0.85,0.5,1200.0000000999999,14,1200.0000000999999,optimal,optimal,59295.759449855876,0.0,0.0,14,9942.212424722224,optimal,optimal,-1822.377414825434,102.89798333333334,4421.521729518237,0.6479058734291734,14,6065.5822550012745,optimal,optimal,-133.2580206794738,0.0,289.5042350236594,0.5846020608283324,14,10408.404009445134,optimal,optimal,267.6794349701436,311.6079042421545,0.0,0.5,1200.0000000514403,1200.0000000514403,10726.33910215786,-1687.9560005347641,18.364575147119396,39.667482312617246,57647.470931633725,1,41563.26053210562,0,1.0000803740695119e-07,optimal,optimal,optimal,59735.0818082921,-1871.2865945859671,-133.1694692184691,267.2663465908146
2025-02-17,Q4-3 SEARCH,0.85,0.5,1200.0000000514403,14,1200.0000000514403,optimal,optimal,58751.131088848175,0.0,0.0,14,10158.254457556053,optimal,optimal,-2064.649467532262,138.888399397986,5481.020420154522,0.6703462412443004,14,8076.843591359626,optimal,optimal,-999.6860026398791,20.412967045058053,2848.961924520558,0.5739117568211114,14,10395.285549740614,optimal,optimal,199.47749072033696,211.91626434989922,0.0,0.5,1200.0000000999999,1200.0000000514403,10468.377847363252,-2864.857979451804,31.40754175120309,65.01781544999032,55951.29092484636,2,38796.15712288933,0,1.0000030670198612e-07,optimal,optimal,optimal,57917.78335265802,-2124.4201654378867,-1004.6162875589005,190.6219969972873
2025-02-18,Q4-3 SEARCH,0.85,0.5,1200.0000000999999,14,1200.0000000999999,optimal,optimal,51041.234108665936,0.0,0.0,14,9947.264111111112,optimal,optimal,489.3072130983726,617.805876784774,68.85946342492389,0.7300710487666738,14,7495.0278414799,optimal,optimal,-122.34956952116215,0.0,211.21807785162363,0.5798435495271779,14,9308.593505351078,optimal,optimal,894.8790573156393,534.8290105416868,1.1368683772161603e-13,0.5,1290.8402775508093,1200.0000000999999,10159.558733058066,1261.8367008928499,623.1015349469676,2788.8370829566657,55091.907892515446,11,36466.373726172584,0,1.0000212569138967e-07,optimal,optimal,optimal,51569.08831475053,502.93301301415994,-116.15619237416907,854.6380865221793
2025-02-19,Q4-3 SEARCH,0.85,0.5,1290.8402775508093,14,1290.8402775508093,optimal,optimal,51780.40326704659,0.0,0.0,14,9341.610256737917,optimal,optimal,-162.6084193910844,182.63311815496536,1152.7902024823456,0.7097006428897662,14,5769.225388771338,optimal,optimal,2294.429331126229,2090.2043116877157,50.935945766693976,0.5568894837691477,14,9542.2417353922,optimal,optimal,156.69717315173557,211.256614535914,0.0,0.5,1200.0000000505995,1200.0,10495.747798335513,2288.5180848868804,292.1595538257271,780.104678463262,54849.02603039674,11,39779.82059368392,0,1.0000547945310245e-07,optimal,optimal,optimal,51672.51166206653,-187.0998404297214,2303.2644668794155,158.8010123599844
2025-02-20,Q4-3 SEARCH,0.85,0.5,1200.0000000505995,14,1200.0000000505995,optimal,optimal,54598.61092676352,0.0,0.0,14,10514.42163347037,optimal,optimal,497.92242179758523,1034.2560108160922,1931.8897831312638,0.6941123663921002,14,6743.136553515921,optimal,optimal,-324.01771114017276,8.835107228890706,946.4803950118685,0.5773763433242316,14,10649.186194704935,optimal,optimal,47.98619520971015,80.30899852360446,0.0,0.5,1200.0000001,1200.0000000505995,10799.999999999998,221.89090586712263,36.14763358793292,75.27458948863708,54895.77642211928,2,40822.23218783774,0,1.0000803740695119e-07,optimal,optimal,optimal,53321.061660837986,510.1029389020472,-321.97372905543386,56.62913744640097
2025-02-21,Q4-3 SEARCH,0.85,0.5,1200.0000001,14,1200.0000001,optimal,optimal,14906.52940245935,0.0,0.0,14,6922.227298717621,optimal,optimal,16.702135475014824,29.44267965742074,38.87806284934618,0.6807243089816691,14,8079.730526865769,optimal,optimal,86.59936380301906,89.45614194333851,32.62756906687919,0.6081860077554624,14,9770.923712962964,optimal,optimal,321.09046238380245,249.5752743168788,0.0,0.5,1200.0,1200.0,10437.564118771526,424.3919616618363,350.9967614769322,1243.5862484847999,16574.507612605987,11,36386.21103361643,0,1.00000761449337e-07,optimal,optimal,optimal,14319.404215563944,18.011403430608905,86.52217071992995,319.0521267537744
2025-02-22,Q4-3 SEARCH,0.85,0.5,1200.0,14,1200.0,optimal,optimal,15100.109110173089,0.0,0.0,14,6095.7005838686155,optimal,optimal,337.8491401863177,386.27263960949205,59.88692213271815,0.6548405726401891,14,7078.572937246088,optimal,optimal,-94.94943417327275,0.0,352.0797309520917,0.6266667170020838,14,9803.548083996291,optimal,optimal,557.177151435528,440.1887597979427,0.0,0.5,1200.0000000553068,1200.0,10537.801057179582,800.0768574485729,138.38278093611848,327.6779652139149,16227.863932835578,4,34187.1930330067,0,1.00000761449337e-07,optimal,optimal,optimal,14913.943261386314,332.72205170205876,-98.50449130892854,537.94913615489
2025-02-23,Q4-3 SEARCH,0.85,0.5,1200.0000000553068,14,1200.0000000553068,optimal,optimal,53260.69562657139,0.0,0.0,14,9773.632538425925,optimal,optimal,744.3048607253444,772.7858710258131,218.2791352899062,0.642413030745127,14,6093.368286505958,optimal,optimal,-673.1206110016351,0.0,1692.2072915593633,0.644139191617846,14,10714.350517347482,optimal,optimal,78.53418883688956,68.67628090545739,0.0,0.5,1200.0000001,1200.0,10799.999999999998,149.71843856059883,68.69943338385566,147.27113243958433,53557.685197571576,3,44699.63610466167,0,1.0001531336456537e-07,optimal,optimal,optimal,53319.2167540028,833.8310536213623,-653.7694576598232,75.04742082396402
2025-02-24,Q4-3 SEARCH,0.85,0.5,1200.0000001,14,1200.0000001,optimal,optimal,50984.73087434987,0.0,0.0,14,9954.412277777777,optimal,optimal,819.5054431697939,1016.9626179234888,15.054577156821779,0.6201905997217892,14,7119.899612442567,optimal,optimal,-617.1817334684907,0.0,1480.4509872416688,0.6697042553529229,14,10431.193292004884,optimal,optimal,569.0287676096203,322.6377038622708,0.0,0.5,1200.0000000999999,1200.0000000999999,10800.0,771.3524773109235,100.75288138823394,557.5891367640806,52313.672488424876,4,37969.38614963315,0,1.0001531336456537e-07,optimal,optimal,optimal,50895.46747054357,843.8506913713709,-618.4713701431331,558.6146794661498
2025-02-25,Q4-3 SEARCH,0.85,0.5,1200.0000000999999,14,1200.0000000999999,optimal,optimal,51733.090698859574,0.0,0.0,14,10188.91719398149,optimal,optimal,20.238034827493976,508.0544679197882,1457.2881520628057,0.5659958479968336,14,7909.400593114891,optimal,optimal,-1096.1368818171898,0.0,3269.2954190324494,0.6663253470070647,14,10638.403488998922,optimal,optimal,232.01533642048528,136.14852656763696,0.0,0.5,1200.0,1200.0,10740.763453357806,-843.8835105692106,62.31720834136268,130.21773055379958,51019.42491884416,2,38489.71888902549,0,1.0000030670198612e-07,optimal,optimal,optimal,51972.060967543664,23.939503461332595,-1162.1185786193244,220.25347062928898
2025-02-26,Q4-3 SEARCH,0.85,0.5,1200.0,14,1200.0,optimal,optimal,47364.70848552626,0.0,0.0,14,9816.849829444442,optimal,optimal,1304.3757700329274,1397.1401383630773,0.0,0.5725853594492636,14,6560.413460990802,optimal,optimal,1669.2919515192189,1456.9584475491374,41.01301448650497,0.6948286788827562,14,9612.884634457725,optimal,optimal,622.0963348392825,363.47049565471417,0.0,0.5,1229.4261104528614,1200.0,10713.349755370367,3595.7640563914288,141.3444412731115,793.849287406209,51754.3218293239,5,43085.7441079335,0,1.0000007932831068e-07,optimal,optimal,optimal,46732.13315174385,1329.553924960942,1579.485416709714,613.788227777418
2025-02-27,Q4-3 SEARCH,0.85,0.5,1229.4261104528614,14,1229.4261104528614,optimal,optimal,47741.35509863724,0.0,0.0,14,9917.442592592593,optimal,optimal,4.495930673947127,295.51342036453684,1015.5271814874131,0.5833796644757399,14,6823.927503349485,optimal,optimal,79.36315077785346,122.17704596722133,220.036351098603,0.694164167752262,14,9488.456255640966,optimal,optimal,638.644364422869,473.4537080229571,0.0,0.5,1200.0000001,1200.0000001,10800.0,722.5034458746695,67.73438853759048,374.534500179135,48838.393044691045,3,41744.00581053758,0,1.0000803740695119e-07,optimal,optimal,optimal,49134.85264610649,-47.62610154523356,77.66209714847221,636.5664464002757
2025-02-28,Q4-3 SEARCH,0.85,0.5,1200.0000001,14,1200.0000001,optimal,optimal,14266.79273332096,0.0,0.0,14,5914.172738456291,optimal,optimal,30.82010600044812,118.18745049490926,265.7472151900575,0.5840047976994293,14,9034.26697863582,optimal,optimal,66.50096997864685,81.59776360570046,75.533174856679,0.6861676199693404,14,9648.412324074074,optimal,optimal,365.9370486659618,280.5972440349547,0.0,0.5,1200.0,1200.0,10429.114897418012,463.2581246450568,117.12602774744349,375.66960995966224,15105.720467925681,5,35453.4589924909,0,1.0000030670198612e-07,optimal,optimal,optimal,14170.466839807064,26.968545615148415,67.07295180058024,348.7260531930907
2025-03-01,Q4-3 SEARCH,0.85,0.5,1200.0,14,1200.0,optimal,optimal,16164.078182113391,0.0,0.0,14,7900.4240637037,optimal,optimal,-627.5842403895848,0.0,3794.872554681315,0.5715688806782705,14,9504.634033148144,optimal,optimal,-67.2031750821871,0.0,232.55476120009274,0.6753199760646394,14,9817.88500925926,optimal,optimal,299.38559452858556,244.61912732590397,0.0,0.5,1200.0000000999999,1200.0,10438.262714438206,-395.4018209431864,53.750494791436196,217.5517137921372,15986.228074962342,4,32662.36238800971,0,1.0000258043874055e-07,optimal,optimal,optimal,16188.576629600735,-582.2663902967643,-68.73510095497008,279.08676961893815
2025-03-02,Q4-3 SEARCH,0.85,0.5,1200.0000000999999,14,1200.0000000999999,optimal,optimal,56219.29249266628,0.0,0.0,14,10799.999999999998,optimal,optimal,538.5153282109501,682.349133274514,789.1389868423,0.5859467581707153,14,8130.358646711104,optimal,optimal,-1211.6491688192855,0.0,2922.0656855742604,0.6744831662607093,14,9570.668606949868,optimal,optimal,363.8753199130139,365.3680823913205,0.0,0.5,1225.0837390870097,1200.0,10800.0,-309.25852069532147,26.516381504747244,77.70971798105812,55987.74368995202,3,37875.23649529749,0,1.0000803740695119e-07,optimal,optimal,optimal,55647.741355819984,560.035986749309,-1086.4811595287763,371.8889903893607
2025-03-03,Q4-3 SEARCH,0.85,0.5,1225.0837390870097,14,1225.0837390870097,optimal,optimal,57672.14951832956,0.0,0.0,14,10749.295282499997,optimal,optimal,-1260.7240894627444,410.7372408589251,4188.304139553804,0.5977997556604822,14,8020.380881242632,optimal,optimal,-568.4351422084476,149.89770919199748,2151.6212237521345,0.6631549236624823,14,10344.7048287966,optimal,optimal,21.376961546988678,37.04525103053189,9.47049441886247e-07,0.5,1200.0000000577652,1200.0000000577652,10785.888673000904,-1807.7822701242033,7.656666813294246,14.727598633335855,55879.09484683869,1,41548.349192966256,0,1.0000053407566156e-07,optimal,optimal,optimal,56966.03336119803,-1104.2490897426983,-506.92583515284855,26.452659684785576
2025-03-04,Q4-3 SEARCH,0.85,0.5,1200.0000000577652,14,1200.0000000577652,optimal,optimal,50450.72161868736,0.0,0.0,14,10005.065740740742,optimal,optimal,327.1654626879711,517.9638268808458,302.98004309282,0.6143047116896048,14,7881.579912477911,optimal,optimal,-511.01267316175984,0.0,1567.5535811121786,0.6618508705692833,14,9470.389627376766,optimal,optimal,527.0945341189641,480.79766869424327,0.0,0.5,1206.7188339854392,1200.0000000457908,10800.0,343.2473236451754,220.1187263344815,863.4113684140913,51657.38031074663,8,36750.08641285835,0,1.0000295878853649e-07,optimal,optimal,optimal,49815.682988984896,297.4520037622781,-468.9335704456179,548.0588334595623
2025-03-05,Q4-3 SEARCH,0.85,0.5,1206.7188339854392,14,1206.7188339854392,optimal,optimal,52204.867609532725,0.0,0.0,14,9932.45277777778,optimal,optimal,-976.8768563840031,44.44168849925347,2589.449913026555,0.615307660510601,14,8483.729170342656,optimal,optimal,-1521.8954729822353,62.00002578717954,4354.673985672272,0.6095466662302056,14,10182.870296296293,optimal,optimal,466.7236411827318,417.1736079166719,0.0,0.5,1200.0,1200.0,10800.000000000002,-2032.0486881835066,135.53932094317707,597.0203882269602,50769.83930957618,5,38445.83591286247,0,1.0000030670198612e-07,optimal,optimal,optimal,53238.5918138165,-948.0064659747884,-1514.4801448887815,456.4156934831982
2025-03-06,Q4-3 SEARCH,0.85,0.5,1200.0,14,1200.0,optimal,optimal,48472.15643925045,0.0,0.0,14,9984.690018674917,optimal,optimal,-537.7321632150566,32.056577390141015,1520.9646175080798,0.6267243695810517,14,7183.858206428322,optimal,optimal,-310.95137614030733,74.54508589808745,1128.653302264704,0.592395757172064,14,9591.90086841978,optimal,optimal,567.3626665957535,323.36788539702394,1.7053025658242404e-13,0.5,1200.0000000658838,1200.0,10798.724277934176,-281.32087275961055,177.71110678234402,498.52862022828765,48689.364186719125,8,39022.7003467895,0,1.0004487194237299e-07,optimal,optimal,optimal,48060.36654292671,-506.8185289243274,-280.46313485973985,550.7082538131162
2025-03-07,Q4-3 SEARCH,0.85,0.5,1200.0000000658838,14,1200.0000000658838,optimal,optimal,14715.53613012495,0.0,0.0,14,6966.087060696562,optimal,optimal,-401.921337665657,0.0,1314.6590697657866,0.6247225147424333,14,10393.37385558686,optimal,optimal,-62.04077185250317,5.666985791605384,204.19794719281788,0.5933547259654912,14,9673.590798528772,optimal,optimal,250.35876287144987,235.95920423751352,0.0,0.5,1200.0000000999996,1199.9999999999998,10522.436717236764,-213.6033466467103,16.8257547095886,39.066589773122466,14540.999373251363,4,30868.8586994774,0,1.0000258043874055e-07,optimal,optimal,optimal,14408.426591835301,-381.05668141624005,-57.560450963207444,252.1632356480787
2025-03-08,Q4-3 SEARCH,0.85,0.5,1200.0000000999996,14,1200.0000000999996,optimal,optimal,13678.846078355757,0.0,0.0,14,5497.414609382078,optimal,optimal,-177.1886002912837,1.5238456140309609,541.4194164418225,0.6466203253419684,14,10377.089648588293,optimal,optimal,42.99200531486181,51.095877842229854,10.561875331009162,0.5788451861355582,14,9763.524470717695,optimal,optimal,212.924662509967,201.89208847196954,21.558343733665424,0.5,1200.0000000999999,1200.0000000999996,10590.799547878192,78.7280675335451,72.18674405827835,254.35239189857145,14011.926537787875,5,33170.08671503374,0,1.00000761449337e-07,optimal,optimal,optimal,13365.170206050629,-178.66917637060118,41.183827704924,211.91266471280056
2025-03-09,Q4-3 SEARCH,0.85,0.5,1200.0000000999999,14,1200.0000000999999,optimal,optimal,49695.44365635705,0.0,0.0,14,9325.436336235187,optimal,optimal,-2103.4415784062526,1.4843769295407583,6262.062829451877,0.6451156423535155,14,7454.429850304901,optimal,optimal,-187.0736541808799,257.28947906889675,1630.2015844395996,0.561685315085434,14,9573.172719930639,optimal,optimal,418.1149566622951,245.6407674072825,80.81816023958676,0.5,1200.0000000999999,1200.0000000999999,10509.924763023511,-1872.4002759248376,25.898897926033044,130.21965819651317,47953.26303862872,1,41441.21567946356,0,1.0000030670198612e-07,optimal,optimal,optimal,50986.75238695662,-2338.4450535528676,-356.30112967493994,383.9316161854577
2025-03-10,Q4-3 SEARCH,0.85,0.5,1200.0000000999999,14,1200.0000000999999,optimal,optimal,48958.91688132293,0.0,0.0,14,9550.904343461192,optimal,optimal,67.22721788702657,510.350276235905,1108.7885436894821,0.6591773041260458,14,6824.991574749882,optimal,optimal,-199.4256288885024,38.41944413636952,616.7286514779021,0.5694817941234427,14,10514.140056691735,optimal,optimal,254.18861440335198,220.51208859107044,0.0,0.5,1200.8087547216421,1200.0000000999999,10604.057597887084,121.99020340187616,85.1336831101148,426.46383109593114,49507.37091582074,4,41027.19453763416,0,1.00000761449337e-07,optimal,optimal,optimal,48227.744034237054,116.20859837768435,-200.78828815629166,248.94232275899336
2025-03-11,Q4-3 SEARCH,0.85,0.5,1200.8087547216421,14,1200.8087547216421,optimal,optimal,42418.557202312244,0.0,0.0,14,9982.150925925926,optimal,optimal,3891.0235809343153,4129.3946070487245,0.0,0.636085468987753,14,6913.539222282552,optimal,optimal,-298.0030854119637,35.65557618403068,697.2162018840528,0.5680371344828185,14,9689.064521355838,optimal,optimal,401.26511711771633,301.02574188775054,23.79311666666672,0.5,1200.0000000999999,1200.0000000999999,10800.0,3994.285612640068,10.9108058685806,61.56422121931347,46474.40703617162,1,40367.94415410946,0,1.0000803740695119e-07,optimal,optimal,optimal,42355.68933577536,4091.2533108010452,-288.04497237914677,394.17745438576765
2025-03-12,Q4-3 SEARCH,0.85,0.5,1200.0000000999999,14,1200.0000000999999,optimal,optimal,49759.87998210201,0.0,0.0,14,9369.771398946756,optimal,optimal,-2846.8895096444694,19.585804554331503,8453.248571225526,0.6560580958531174,14,7760.888934770895,optimal,optimal,-335.0723120905695,126.51170796104998,1711.644860385069,0.5399984401412427,14,9517.569706744369,optimal,optimal,592.2440265840235,375.1192531543609,0.0,0.5,1200.000000055224,1200.000000055224,10424.2473608912,-2589.7177951510157,129.99981774571987,439.2596305432267,47609.421817494214,5,38302.651016870936,0,1.0000053407566156e-07,optimal,optimal,optimal,49608.682848771496,-2973.259539556079,-384.3132054433671,579.1071195580072
2025-03-13,Q4-3 SEARCH,0.85,0.5,1200.000000055224,14,1200.000000055224,optimal,optimal,50906.09309449814,0.0,0.0,14,10118.302614638053,optimal,optimal,-1372.0261088768034,297.044479805431,4393.826399251346,0.6387062446289143,14,7961.864460453247,optimal,optimal,-371.02256922678373,24.93672963899726,1189.4669998173404,0.5458782883609149,14,10564.888387964449,optimal,optimal,-59.40959752054037,0.0,106.44987666676424,0.5,1200.0,1200.0,10631.919294044696,-1802.4582756241273,164.02214385096715,732.4848076241981,49836.119626498206,6,39390.03226795428,0,1.0000030670198612e-07,optimal,optimal,optimal,49567.24637508375,-1216.5009882206223,-335.20366709206496,-58.91769009885058
2025-03-14,Q4-3 SEARCH,0.85,0.5,1200.0,14,1200.0,optimal,optimal,12809.570846472772,0.0,0.0,14,5058.046371333227,optimal,optimal,123.61745147718509,272.6213332393497,186.3439716893602,0.6539428791476438,14,10453.875882259154,optimal,optimal,-25.983014548019668,37.72454980217921,192.3708680715316,0.533223195554687,14,9630.140240740744,optimal,optimal,335.7306763465701,233.16459999999714,35.9048414204927,0.5,1200.0000000999999,1200.0,10538.775653797755,433.3651132757355,87.18817420150513,359.99521705410183,13602.93117680261,2,31480.38992232945,0,1.00000761449337e-07,optimal,optimal,optimal,12651.59455396341,118.68030172804458,-15.555355928051451,305.1630358862705
2025-03-15,Q4-3 SEARCH,0.85,0.5,1200.0000000999999,14,1200.0000000999999,optimal,optimal,12498.308510650899,0.0,0.0,14,4485.034596111113,optimal,optimal,132.2342614450405,291.0785448946374,92.47048668847495,0.6218591920046695,14,8274.461166915118,optimal,optimal,-21.39624111938056,0.0,86.30712738182795,0.5614954490340502,14,9920.547416633322,optimal,optimal,233.59842915850732,191.9734465519394,41.867749970094366,0.5,1200.000000045819,1200.0,10459.283561077764,344.43644948416727,937.8427545891484,1909.1494051444915,14751.894365279557,19,34705.70555351898,0,1.0000098882301245e-07,optimal,optimal,optimal,12060.170867565299,128.34587168853722,-22.893562900445282,242.35858008526986
2025-03-16,Q4-3 SEARCH,0.85,0.5,1200.000000045819,14,1200.000000045819,optimal,optimal,46843.254297554304,0.0,0.0,14,9291.47754530864,optimal,optimal,-783.8076565636848,0.0,2339.6524576470306,0.5813955069181171,14,6816.086359339939,optimal,optimal,-554.8668715277591,34.63270833333331,1532.325476562378,0.5981624245819492,14,10354.294882986289,optimal,optimal,340.03629060812983,263.326009229009,0.0,0.5,1266.5199553848759,1200.000000045819,10589.861638918119,-998.638237483314,392.97921609322475,1536.4834623254885,47381.09952239648,8,39890.00554433089,0,1.0000686870625942e-07,optimal,optimal,optimal,46024.056278584496,-794.9814286637711,-515.8146680221699,332.08457737179856
2025-03-17,Q4-3 SEARCH,0.85,0.5,1266.5199553848759,14,1266.5199553848759,optimal,optimal,41823.98631467426,0.0,0.0,14,9334.625233704632,optimal,optimal,-1925.8395182360782,3.4348184476714323,6846.758537904224,0.5486254321164702,14,6051.171384180727,optimal,optimal,464.29162599813264,666.493668290318,367.8331844978597,0.6121487272201767,14,10041.19005235828,optimal,optimal,644.36968546141,390.1195718356515,0.0,0.5,1200.0000001,1200.0,10296.87040892367,-817.1782067765357,851.2846784725425,3757.1475890437114,44763.95569694143,25,37978.90642349137,0,1.0000030670198612e-07,optimal,optimal,optimal,43894.93746142137,-2302.300280327036,435.46321253631254,594.1537212664946
2025-03-18,Q4-3 SEARCH,0.85,0.5,1200.0000001,14,1200.0000001,optimal,optimal,49125.9697822794,0.0,0.0,14,9410.342039066973,optimal,optimal,-1927.456901015664,56.43711740508479,6163.739233292677,0.5534793120615912,14,7316.224556177791,optimal,optimal,-818.6859459175507,151.2691784166667,2627.4487080761132,0.6320757713266153,14,9638.811916735996,optimal,optimal,303.36204252046616,310.75943692451295,0.0,0.5,1200.0000001,1200.0000001,10675.254866211255,-2442.7808044127487,22.407750243931087,45.95829574389509,46729.14727361055,1,37244.18919334271,0,1.00000761449337e-07,optimal,optimal,optimal,50452.88226502747,-2034.6524464824106,-846.7992632929098,295.619722063838
2025-03-19,Q4-3 SEARCH,0.85,0.5,1200.0000001,14,1200.0000001,optimal,optimal,39918.90198622943,0.0,0.0,14,9424.098950025544,optimal,optimal,1131.9194625721464,1353.7147655065241,1770.1545299254742,0.555083801606982,14,5035.006311400699,optimal,optimal,1030.886496392542,1291.0298345769615,55.81523224124327,0.683135864879147,14,9850.128677846753,optimal,optimal,185.6787358387973,142.19752327125642,0.0,0.5,1270.711586505216,1200.0000001,10652.707776612186,2348.4846948034856,131.76658854981474,303.1949213922163,42570.58160242513,1,38258.45002860306,0,1.0001531336456537e-07,optimal,optimal,optimal,40285.437892843795,1217.5210535662695,1171.0442687012683,177.7623277575723
2025-03-20,Q4-3 SEARCH,0.85,0.5,1270.711586505216,14,1270.711586505216,optimal,optimal,46091.352285535075,0.0,0.0,14,9235.395733240739,optimal,optimal,-2038.2587857577657,307.63482820386076,7519.880193354863,0.5534805697044803,14,5594.51589144686,optimal,optimal,241.15905572368058,331.8326462554596,76.54636047794696,0.6529613453245442,14,10432.732329395109,optimal,optimal,337.857828444388,271.35609632412326,0.0,0.5,1326.9723888210576,1200.0,10432.732329395109,-1459.2419015896971,826.3022570141767,2879.5042196668696,47511.61460361225,9,38008.83358720777,0,1.0000030670198612e-07,optimal,optimal,optimal,46754.01417364816,-2214.1094836549905,247.5946210762915,328.0293057546906
2025-03-21,Q4-3 SEARCH,0.85,0.5,1326.9723888210576,14,1326.9723888210576,optimal,optimal,11936.236205605588,0.0,0.0,14,3722.834212962963,optimal,optimal,143.52357347819802,333.45966384873515,573.8764847144794,0.5401286105414042,14,10277.42280955595,optimal,optimal,53.55095368729506,89.5299721434472,153.08380634560547,0.6582630896959252,14,9658.310601851847,optimal,optimal,381.8606920113551,266.1025215424283,0.0,0.5,1200.0000000737543,1200.0,10459.485916020127,578.9352191768482,144.68059508676728,361.3027497564293,12876.474174538866,9,29109.062424668195,0,1.00000761449337e-07,optimal,optimal,optimal,11850.562739136836,144.8679412849607,51.36966060902265,364.23838469337
2025-03-22,Q4-3 SEARCH,0.85,0.5,1200.0000000737543,14,1200.0000000737543,optimal,optimal,13025.607957524293,0.0,0.0,14,4782.677173016399,optimal,optimal,-80.74388479941491,0.0,248.8195696945629,0.5894160965675708,14,10465.936988201585,optimal,optimal,-104.94398049872692,45.39584705555808,417.09276943707084,0.6778761296245728,14,9845.838240718096,optimal,optimal,266.1138087492305,181.26045374463874,0.0,0.5,1200.0000000618486,1200.0000000618486,10554.611253775172,80.42594345108864,24.11916697091142,43.33008335497781,13149.363984330359,1,28557.516693626356,0,1.00000761449337e-07,optimal,optimal,optimal,12988.145304274982,-75.73948688904133,-101.1861748198142,263.8578053844714
2025-03-23,Q4-3 SEARCH,0.85,0.5,1200.0000000618486,14,1200.0000000618486,optimal,optimal,46389.13150150439,0.0,0.0,14,9578.206134154982,optimal,optimal,-1584.88930550107,0.0,4524.438768303612,0.604680337046331,14,7614.554156002679,optimal,optimal,-930.3921792743806,0.0,3062.345256734938,0.6606491051688281,14,10427.307213540984,optimal,optimal,541.8462353068566,319.19346139327854,0.0,0.5,1332.6437190661873,1200.0000000618486,10619.485950498758,-1973.435249468594,2.473785120292266,13.996676051351983,44429.69292808714,1,34965.95148642086,0,1.0000544989452464e-07,optimal,optimal,optimal,46951.96509828164,-1638.4808987901495,-958.6071072461136,554.4557800703221
2025-03-24,Q4-3 SEARCH,0.85,0.5,1332.6437190661873,14,1332.6437190661873,optimal,optimal,43348.27332356486,0.0,0.0,14,9501.454711664508,optimal,optimal,-796.8131435581051,470.04893229494473,4400.479095529072,0.625847212400099,14,7713.29138184521,optimal,optimal,-570.8407567722894,0.791905823848424,2219.15780987201,0.6680930884731737,14,9812.298372619354,optimal,optimal,298.2138023322967,175.47895158467003,0.0,0.4968047411243277,1242.712510089385,1241.5452627924858,10606.492796906276,-1069.4400979980978,1.370245727171089e-07,7.000047262743217e-07,42278.83322626677,0,36746.55731810368,0,1.0000277688959615e-07,optimal,optimal,optimal,43950.74202959555,-845.7266387168211,-614.7476712493091,290.48644476036424
2025-03-25,Q4-3 SEARCH,0.85,0.5,1242.712510089385,14,1242.712510089385,optimal,optimal,48430.2479342748,0.0,0.0,14,8767.12749289013,optimal,optimal,-2960.511915144886,1.0295290954196048,9196.009180393508,0.6367138138872621,14,7287.61189488175,optimal,optimal,-560.3803075335463,22.83700740041604,2229.3191635198064,0.6452323882228014,14,9512.990824317318,optimal,optimal,627.2756367249843,438.89546361690503,0.0,0.5037799605761082,1311.821934448123,1200.0,10308.63793696009,-2893.616585953448,438.0190262369622,1743.673011986586,47280.30436030794,19,33051.62741688586,0,1.0000519614550287e-07,optimal,optimal,optimal,49030.479296176374,-3069.0681318752922,-561.5654387774639,603.9808738342314
2025-03-26,Q4-3 SEARCH,0.85,0.5,1311.821934448123,14,1311.821934448123,optimal,optimal,40866.05303149085,0.0,0.0,14,9723.26944745197,optimal,optimal,-631.5331713194121,0.6269573070831029,2236.3723119584997,0.6371733192991729,14,7182.0515276721335,optimal,optimal,-778.7029288437213,58.28672191666607,2789.996713231164,0.6186870025368991,14,9991.470971863004,optimal,optimal,2.733443154467755,2.1949578234559146,0.0,0.4989177013686874,1200.0000000560176,1200.0000000560176,10788.908471863004,-1407.5026570086657,14.565003483922764,28.12315419513144,39486.67352867732,2,37750.89703642728,0,1.0000803740695119e-07,optimal,optimal,optimal,41060.18099868997,-704.5129804704202,-793.8623182777526,2.613656985685553
2025-03-27,Q4-3 SEARCH,0.85,0.5,1200.0000000560176,14,1200.0000000560176,optimal,optimal,43841.4995932719,0.0,0.0,14,9597.213851179216,optimal,optimal,-660.8122573510313,507.2410152860573,3895.873018212006,0.6494599042311157,14,7685.008801720168,optimal,optimal,-799.863615594415,47.042700781070494,2808.1287046894713,0.6550543943706506,14,10546.615679708531,optimal,optimal,391.8654088741672,224.56257715782746,0.0,0.49442850001477917,1328.353350045817,1200.0000000560176,10571.914757061535,-1068.810464071279,2.0099283122352612e-07,7.999970397639998e-07,42772.689130000625,0,36736.8241475807,0,1.0001531336456537e-07,optimal,optimal,optimal,44845.492258030295,-720.0269181514602,-890.0362178280999,372.8973135502522
2025-03-28,Q4-3 SEARCH,0.85,0.5,1328.353350045817,14,1328.353350045817,optimal,optimal,12296.284798297896,0.0,0.0,14,5044.153257006172,optimal,optimal,-60.254674534949714,9.562115500000118,214.6355903459421,0.6557618751627033,14,10315.240934712892,optimal,optimal,-32.98631444202508,0.0,101.33947390662222,0.6722824725269285,14,9855.935596625257,optimal,optimal,221.63739295665627,158.112900004189,0.0,0.4932652057912807,1200.000000071454,1200.000000071454,10620.650144403035,128.39640397968148,37.065000034419576,57.63607505352244,12482.3172773311,1,27921.65905047557,0,1.0000030670198612e-07,optimal,optimal,optimal,12027.629431790476,-66.2605377914941,-34.90488060212632,222.54466257046548
2025-03-29,Q4-3 SEARCH,0.85,0.5,1200.000000071454,14,1200.000000071454,optimal,optimal,11917.407860618001,0.0,0.0,14,4228.7689110399915,optimal,optimal,275.69106801430166,290.10699817828345,60.45549658474589,0.6491035754663508,14,10251.781743068803,optimal,optimal,-8.368486656666626,2.272639999258729,33.02271616795949,0.6576525656718423,14,9759.882247866486,optimal,optimal,344.6418841715641,232.26239696352803,0.0,0.4892728972851948,1200.0000000999999,1200.000000071454,10395.623950055835,611.9644655291991,215.7972744598434,764.1513322105749,13293.523658357775,8,26790.00903028583,0,1.00000761449337e-07,optimal,optimal,optimal,11770.70504742517,293.09015210940765,-8.269904223420632,315.96468634776215
2025-03-30,Q4-3 SEARCH,0.85,0.5,1200.0000000999999,14,1200.0000000999999,optimal,optimal,41538.32965158502,0.0,0.0,14,9430.708579556305,optimal,optimal,-1745.2535154757977,1.9665026560019214,6424.211718409439,0.6774188755970981,14,7252.7888471576925,optimal,optimal,-561.2328828420164,70.95673289755253,2083.201871110484,0.6638361125423499,14,9675.211557399654,optimal,optimal,386.96124701129975,301.2063832149768,0.0,0.49386075930982226,1200.0000000533803,1200.0000000533803,10419.967509495342,-1919.525151306514,319.76375559508426,1177.3942410244981,40796.19874130301,8,37629.81219662678,0,1.0000803740695119e-07,optimal,optimal,optimal,42668.11456979718,-1923.9134334970595,-599.6505929089734,381.2947572994482
2025-03-31,Q4-3 SEARCH,0.85,0.5,1200.0000000533803,14,1200.0000000533803,optimal,optimal,36861.19705356733,0.0,0.0,14,9509.003446861221,optimal,optimal,4039.1536850242965,4239.188822272897,55.64269431104242,0.7007541112959871,14,7426.477515175018,optimal,optimal,-778.3381644522738,58.31885582739072,2240.8988129155596,0.6196350307683708,14,9757.768771182837,optimal,optimal,327.36949345682905,256.2442141077889,0.0,0.5001585889713717,1224.7549451518125,1200.0000000533803,10506.91563639474,3588.1850140288516,1.6052917384520866e-07,4.000033346655038e-07,40449.38206799619,0,36102.86164193721,0,1.0000073120863818e-07,optimal,optimal,optimal,36693.177289080675,3941.5313043505657,-737.6582265758634,319.76007876477104
2025-04-01,Q4-3 SEARCH,0.85,0.5,1224.7549451518125,14,1224.7549451518125,optimal,optimal,46266.91987024284,0.0,0.0,14,9379.59433568341,optimal,optimal,-1053.0040492738196,265.9027653818261,3653.9040183828274,0.6913151977904117,14,8985.551855139998,optimal,optimal,-1008.2692780550153,0.0,3327.9602587940853,0.6313767006042824,14,10347.3985143287,optimal,optimal,536.0620056777942,319.8762793714434,75.71202401367563,0.4972912453923081,1254.4653746994402,1224.7549451518125,10485.340584005986,-1525.2113216510406,73.68598646466405,379.7179183854997,45121.4264669773,4,33492.68876101902,0,1.0000803740695119e-07,optimal,optimal,optimal,44977.51876040842,-1057.92635630459,-900.6009755615385,530.9259916028377
2025-04-02,Q4-3 SEARCH,0.85,0.5,1254.4653746994402,14,1254.4653746994402,optimal,optimal,43336.18652225875,0.0,0.0,14,9497.31500657408,optimal,optimal,239.30053625589653,843.1471317844464,1548.3124489285838,0.6858448122388939,14,7514.302095141504,optimal,optimal,-760.341307571767,0.0,2455.3793944208455,0.6469556504080453,14,9650.896009011474,optimal,optimal,357.65700037335307,199.79663020152384,51.871911030844394,0.4982120151269431,1239.7393969774485,1200.0,10533.287362316,-163.38377094251734,61.39152339331236,385.55726063048957,43558.36001194672,5,35770.539553893526,0,1.0000053407566156e-07,optimal,optimal,optimal,42409.884709730286,300.88992940754486,-730.0467685145203,359.62194173908154
2025-04-03,Q4-3 SEARCH,0.85,0.5,1239.7393969774485,14,1239.7393969774485,optimal,optimal,44656.68110007036,0.0,0.0,14,9724.420992314817,optimal,optimal,-2069.5953773007004,0.0,6271.8459652571455,0.6716607669290972,14,8334.734514945903,optimal,optimal,-482.9467990278693,38.75018130699732,2132.1695401274724,0.6263611627275693,14,10385.376844852348,optimal,optimal,45.831949923824524,70.48878994159517,0.2322406615728596,0.5010187762420668,1199.9999999999998,1199.9999999999998,10792.178933774529,-2506.7102264047453,110.70711413915095,245.4426328959686,42395.413506561585,5,36703.48421632294,0,1.0002258932217956e-07,optimal,optimal,optimal,44409.80462811014,-2177.408189080948,-503.1305891510281,40.692686878253255
2025-04-04,Q4-3 SEARCH,0.85,0.5,1199.9999999999998,14,1199.9999999999998,optimal,optimal,11210.001209558894,0.0,0.0,14,3993.4112950308618,optimal,optimal,-42.08566816740092,5.698710801756791,169.56148333333317,0.7094430859168679,14,10179.424195511318,optimal,optimal,37.26570929675655,84.98173048007975,0.0,0.6192805849579917,14,9686.567783771909,optimal,optimal,444.2190720511362,327.7153612267969,0.0,0.4998240333546893,1200.0,1199.9999999999998,10336.266598611704,439.39911318049184,31.785160722128456,107.94386424862898,11757.344186988015,3,27484.946942584636,1,1.0000258043874055e-07,optimal,optimal,optimal,11144.342495935964,-43.60261755387804,39.245968377850815,417.55561366712953
2025-04-05,Q4-3 SEARCH,0.85,0.5,1200.0,14,1200.0,optimal,optimal,11103.125638950309,0.0,0.0,14,3283.8752073767373,optimal,optimal,67.3241530762442,154.14316699447969,34.185860155653586,0.6762029553813047,14,10215.319921303322,optimal,optimal,-22.344887472227065,0.0,64.96302940296476,0.599186518018132,14,9568.585455463393,optimal,optimal,518.5435789887454,357.8994108623512,29.150956492250405,0.504379573288567,1200.0000000999999,1200.0,10398.401087219429,563.5228445927625,269.01719924192685,853.4577745412338,12520.106258084304,9,27505.98765672233,0,1.00000761449337e-07,optimal,optimal,optimal,10884.469408889196,65.50083598427514,-22.875053836871153,518.0307662134311
2025-04-06,Q4-3 SEARCH,0.85,0.5,1200.0000000999999,14,1200.0000000999999,optimal,optimal,41351.097224491634,0.0,0.0,14,9811.824592014924,optimal,optimal,-1344.0659421202292,223.31663992309763,5307.341889560331,0.6695448291013596,14,7096.389227599764,optimal,optimal,126.3787500908328,257.9529704463522,1009.6665820924563,0.5999473299642929,14,10008.483380145104,optimal,optimal,72.28726167167505,39.37310740377029,0.0,0.5095663463864637,1200.0000000999999,1200.0000000999999,10725.986620885846,-1145.3999303577216,71.43595251443489,259.5458143598088,40465.24310849372,3,38659.833737428766,0,1.0000030670198612e-07,optimal,optimal,optimal,40524.73364719373,-1342.9387704666087,126.13584183765414,69.40359252469997
2025-04-07,Q4-3 SEARCH,0.85,0.5,1200.0000000999999,14,1200.0000000999999,optimal,optimal,35882.676984101374,0.0,0.0,14,9622.117212115703,optimal,optimal,1249.0818670940707,1150.757222169861,467.4942991822751,0.6489355204906598,14,8083.618982207305,optimal,optimal,-40.889503169068426,0.0,86.04508778244787,0.6085036587709575,14,10559.513396311877,optimal,optimal,348.3443528111082,195.56307307735136,4.675750000000107,0.504914426033732,1200.0000000525592,1200.0000000525592,10586.109785200766,1556.5367167361105,63.66082227053081,202.21917775908875,37641.43287859657,2,38671.36683307568,0,1.0000803740695119e-07,optimal,optimal,optimal,35663.80761559018,1313.3574376401948,-41.954716289220265,333.5236953904018
2025-04-08,Q4-3 SEARCH,0.85,0.5,1200.0000000525592,14,1200.0000000525592,optimal,optimal,42123.301039204984,0.0,0.0,14,9942.045062960624,optimal,optimal,-1331.5494516544595,207.10740966668845,4952.888911852175,0.6734807836550142,14,7025.637959298839,optimal,optimal,-637.6017588945074,0.0,2272.674773844029,0.5998208452657893,14,10567.331818376957,optimal,optimal,326.4997947234386,183.6026515746745,0.0,0.5042844884466241,1200.0000000485838,1200.0000000485838,10770.235803701366,-1642.6514158255284,75.3342188638401,152.13053301809344,40632.780156397544,4,37157.22291545982,0,1.00000761449337e-07,optimal,optimal,optimal,42877.82249777756,-1445.3685510310831,-700.49440494831,313.048599558758
2025-04-09,Q4-3 SEARCH,0.85,0.5,1200.0000000485838,14,1200.0000000485838,optimal,optimal,41168.06500971682,0.0,0.0,14,9870.773265028181,optimal,optimal,-53.26725299944944,54.07779398239586,402.919883547971,0.6834713667078797,14,5223.617188474913,optimal,optimal,463.7420760236837,624.0362648964956,141.84924880171548,0.5804985346684775,14,10570.304354806844,optimal,optimal,306.7484478292868,185.74141783850476,21.715614578881503,0.503154632052482,1200.0000000548698,1200.0,10675.470487250404,717.2232708535211,42.28961059340112,96.18129357001854,41981.46957414036,2,37344.86836494549,0,1.00000761449337e-07,optimal,optimal,optimal,40825.25760654545,-47.6367463128998,443.5126942479393,305.6667016270833
2025-04-10,Q4-3 SEARCH,0.85,0.5,1200.0000000548698,14,1200.0000000548698,optimal,optimal,40064.31500451642,0.0,0.0,14,9825.73245305556,optimal,optimal,-156.44389204421918,0.0,485.6693362593295,0.6968524037986352,14,6356.612310782941,optimal,optimal,-784.6524042601941,0.0,1993.4165521402656,0.5851150357648676,14,10596.968040948843,optimal,optimal,290.0129062630547,183.60677194493059,18.033799035559063,0.5018979100426225,1213.2919599943498,1200.0000000548698,10655.969027129633,-651.0833900413586,1.1760364967654845e-07,1.99999928465877e-07,39413.23161467507,0,37378.20880141237,0,1.00000761449337e-07,optimal,optimal,optimal,40182.23168308246,-160.78298676120983,-760.2500916453582,289.87448091308374
2025-04-11,Q4-3 SEARCH,0.85,0.5,1213.2919599943498,14,1213.2919599943498,optimal,optimal,10475.901975926237,0.0,0.0,14,2889.8560783333355,optimal,optimal,369.67093337231796,398.9714412274075,-2.2737367544323206e-13,0.6406059088795468,14,10282.920693910048,optimal,optimal,-48.68204041421767,0.0,159.87941259395026,0.5893266957832822,14,9583.374930777502,optimal,optimal,495.44242096323416,379.36097831506464,0.0,0.5043051561119479,1200.0000000999999,1200.0,10410.999634481204,816.4313139213344,356.0739001633347,1012.1093755683643,12304.442665415936,13,26526.179373045823,0,1.0000080408190115e-07,optimal,optimal,optimal,10204.66855986364,409.7742025228564,-52.05332835406428,497.5587686802484
2025-04-12,Q4-3 SEARCH,0.85,0.5,1200.0000000999999,14,1200.0000000999999,optimal,optimal,11386.659611300222,0.0,0.0,14,3406.7726798804506,optimal,optimal,-369.76521759997496,0.0,1379.4032467491966,0.6672594618968734,14,10241.03341165871,optimal,optimal,29.728599217085183,32.365295101339825,19.94758620789314,0.5893240458451492,14,9618.867895308482,optimal,optimal,470.9505063994055,334.7576366813121,6.13503839502353,0.5037448283990364,1200.0000000477894,1200.0000000477894,10513.812376789963,130.91388801651573,96.88941665418271,279.4967478581526,11797.07024717489,5,24717.379198909788,0,1.0000030670198612e-07,optimal,optimal,optimal,11729.245554531659,-369.435357539375,31.383543299793303,491.9248600165312
2025-04-13,Q4-3 SEARCH,0.85,0.5,1200.0000000477894,14,1200.0000000477894,optimal,optimal,38738.09821364242,0.0,0.0,14,9967.8,optimal,optimal,-1212.947435634652,0.0,3673.199145420679,0.6936873228154161,14,6443.0604355308005,optimal,optimal,242.3296992012796,223.78663259871297,258.5499500102336,0.590654658396544,14,10472.060631588432,optimal,optimal,519.9211400427979,289.1343676641259,36.40429879346111,0.4988526446594867,1208.4704355156136,1200.0,10800.0,-450.69659639057454,588.8970937287249,2665.637106529894,40953.03872378174,18,36424.03528538594,0,1.0000576730817558e-07,optimal,optimal,optimal,38242.69303465057,-1243.7682486381752,248.17515690825093,535.2613283873861
2025-04-14,Q4-3 SEARCH,0.85,0.5,1208.4704355156136,14,1208.4704355156136,optimal,optimal,40747.15728334566,0.0,0.0,14,9580.29990953704,optimal,optimal,-2757.4946566814465,0.0,8523.636850900133,0.6787565671771497,14,6790.057401458529,optimal,optimal,-419.0634961146181,0.0,1211.9094460425454,0.6081907264652692,14,10423.147299359725,optimal,optimal,599.9331374505407,340.57401321157334,0.0,0.5022004431023772,1200.0,1200.0,10444.254466622477,-2576.625015345524,283.1435220250507,1339.580443551065,39510.1127115512,15,37384.51607263151,0,1.0000030670198612e-07,optimal,optimal,optimal,40834.85250114877,-2913.756384754969,-440.0620815474659,603.4249463215957
2025-04-15,Q4-3 SEARCH,0.85,0.5,1200.0,14,1200.0,optimal,optimal,35209.07083922348,0.0,0.0,14,9980.176337685187,optimal,optimal,1063.3683458423761,1180.3411118305496,1813.8119233024645,0.6631824258594174,14,8436.551689922206,optimal,optimal,-258.0364895204671,23.24111378490727,971.0742971180885,0.6042793466045485,14,10357.58720353081,optimal,optimal,796.5244149904723,411.3563142023274,57.55984768946221,0.5028888103214648,1200.0000000999999,1200.0,10772.587448796297,1601.8562713123815,24.421132031944108,103.75591937044962,36914.683029906315,3,34677.71477618563,0,1.0000803740695119e-07,optimal,optimal,optimal,35599.51606080255,1014.1063390490006,-255.27432592435878,734.4544406692323
2025-04-16,Q4-3 SEARCH,0.85,0.5,1200.0000000999999,14,1200.0000000999999,optimal,optimal,39603.31246422633,0.0,0.0,14,9827.073479814808,optimal,optimal,496.0001206786355,1002.8618779234785,2588.804105935027,0.6460894092234675,14,6461.133946569542,optimal,optimal,-125.4083778680295,46.70419600211348,577.8379544048556,0.5905654569337081,14,10641.332094828827,optimal,optimal,248.93701523967556,141.45465462623417,70.49751748971246,0.5115926708380105,1200.0000000498032,1200.0000000498032,10644.863981571989,619.5287580502816,47.86563333582042,106.34740166939855,40329.188623946015,2,36874.21881619442,0,1.00000761449337e-07,optimal,optimal,optimal,39201.88396870947,476.63925660135243,-117.14478250222653,241.28162031564636
2025-04-17,Q4-3 SEARCH,0.85,0.5,1200.0000000498032,14,1200.0000000498032,optimal,optimal,35994.42936203452,0.0,0.0,14,9236.058003002614,optimal,optimal,64.46761385212253,113.93581491829832,54.1128541610569,0.6195968484936182,14,5784.691606832061,optimal,optimal,-12.125969462948548,18.869986903004246,146.57294384746422,0.6027059062547465,14,10492.105370150679,optimal,optimal,509.8090982876422,273.7375397591924,63.48003654942089,0.510166951221623,1200.0000000730272,1200.0000000498032,10706.94966966928,562.1507426768162,3.4092789500539924,5.187217922507643,36561.767322633845,1,37017.8864067063,0,1.00000761449337e-07,optimal,optimal,optimal,36463.63317169424,66.05656031356844,-12.53936231118208,495.67529725618004
2025-04-18,Q4-3 SEARCH,0.85,0.5,1200.0000000730272,14,1200.0000000730272,optimal,optimal,10613.578795599356,0.0,0.0,14,2954.4578964676057,optimal,optimal,86.12859757465377,154.53042149576225,290.6142973888125,0.645089905047508,14,10121.735305839698,optimal,optimal,28.106150668259588,41.22064761457219,17.473834603608253,0.571131874574879,14,9724.72152794612,optimal,optimal,395.77060845795745,285.949107793163,5.684341886080802e-14,0.5112610386975741,1200.0000000999999,1200.0,10429.30376868686,510.00535670087083,2.0866085388384468,3.627568887499626,11127.211721187727,1,26183.95050905658,0,1.00000761449337e-07,optimal,optimal,optimal,10513.695313208507,89.88755943100308,28.164581810937474,396.11078812374143
2025-04-19,Q4-3 SEARCH,0.85,0.5,1200.0000000999999,14,1200.0000000999999,optimal,optimal,10419.363681041432,0.0,0.0,14,3408.3788961036194,optimal,optimal,30.181891309224994,79.58768539578345,243.3474050195164,0.6319473992529635,14,10175.806692174123,optimal,optimal,258.1829901770622,332.4982942097207,0.0,0.5826997005768462,14,9683.630747976134,optimal,optimal,431.7311870317517,336.5190382926059,121.29013809251165,0.5080215898416776,1200.0000000582345,1200.0000000582345,10402.896416124282,720.0960685180389,43.75022610952264,92.79856911783774,11232.25831867731,5,25561.730399508873,0,1.00000761449337e-07,optimal,optimal,optimal,10099.674416193722,31.4190594615458,275.84665524025354,420.0322880564638
2025-04-20,Q4-3 SEARCH,0.85,0.5,1200.0000000582345,14,1200.0000000582345,optimal,optimal,36110.94546547084,0.0,0.0,14,9812.077498611114,optimal,optimal,-423.6823082606268,69.9831141933377,2171.3308945291933,0.6073341468644926,14,6240.622221167753,optimal,optimal,-189.38789180422378,38.58145483038868,996.4001820846171,0.6111158833352179,14,10682.677988636497,optimal,optimal,203.81372601540633,108.74191102517665,1.1368683772161603e-13,0.5132304054344883,1200.0000000484144,1200.0000000484144,10707.912338015836,-409.25647404944425,60.78249190731085,139.49581928882873,35841.18481071023,1,36632.639432085954,0,1.0000196084547497e-07,optimal,optimal,optimal,36339.708026589025,-450.2033671438993,-189.4566472182567,198.05259100352777
2025-04-21,Q4-3 SEARCH,0.85,0.5,1200.0000000484144,14,1200.0000000484144,optimal,optimal,37451.82685755621,0.0,0.0,14,9031.40826551509,optimal,optimal,-2142.2819733833985,0.0,8883.131322233381,0.6253216562577153,14,6512.357139579685,optimal,optimal,-322.6332621345936,31.991207797248876,1350.0127042136112,0.6007158765197587,14,10399.952770284148,optimal,optimal,677.7279149776128,355.70847984050636,1.1368683772161603e-13,0.5134253152998147,1200.0000000999999,1200.0,10463.30089514472,-1787.1873205403795,235.71276750353454,952.7261893634395,36617.36572637927,10,36473.98869960751,0,1.0000803740695119e-07,optimal,optimal,optimal,37899.33043328175,-2410.085330330033,-358.30236701217007,646.9734773314295
2025-04-22,Q4-3 SEARCH,0.85,0.5,1200.0000000999999,14,1200.0000000999999,optimal,optimal,34323.67751222024,0.0,0.0,14,9635.447958044795,optimal,optimal,1409.3879618235878,1161.375889668429,35.63998983480545,0.6435025635047428,14,7794.508408065611,optimal,optimal,-306.228064617462,62.23598723182562,1287.0430086198508,0.6296844276844874,14,10694.733467220545,optimal,optimal,155.30387923117817,86.70513625428654,28.482946088871838,0.5113693121866998,1200.0000000520668,1200.0000000520668,10714.260090514868,1258.463776437304,310.0648507272616,1009.1117414578866,36591.253030115426,5,35241.78935555555,0,1.0000803740695119e-07,optimal,optimal,optimal,33987.373995529124,1444.1166088657587,-284.49027854635347,159.30113661757716
2025-04-23,Q4-3 SEARCH,0.85,0.5,1200.0000000520668,14,1200.0000000520668,optimal,optimal,33602.741768952284,0.0,0.0,14,8962.709741366547,optimal,optimal,1098.7831501676892,1159.9359623400212,1.1368683772161603e-13,0.6652018081171397,14,6268.254632292473,optimal,optimal,0.6403965077896032,18.085913689582526,89.12517053378423,0.634829254027098,14,10420.696981522626,optimal,optimal,639.3656829431947,336.1677988125873,31.64435148245593,0.5036252860087479,1201.8832509973358,1200.0000000520668,10429.455963588769,1738.7892296186733,105.96394702322397,341.37827646746496,35682.90927503842,4,35403.154079492655,0,1.00000761449337e-07,optimal,optimal,optimal,32877.823434800244,1205.1677915643954,-0.17849809008552642,599.4134094813917
2025-04-24,Q4-3 SEARCH,0.85,0.5,1201.8832509973358,14,1201.8832509973358,optimal,optimal,34225.090039514165,0.0,0.0,14,9893.554425185193,optimal,optimal,-221.7682995509332,94.74084044876795,1798.0456077497925,0.6912673015858386,14,7535.002223888898,optimal,optimal,208.06311527179128,202.57263181505434,224.08223842075597,0.6520926938239926,14,10621.205269616124,optimal,optimal,243.4855582464852,145.33067018371315,98.69656135694193,0.5028857172901148,1200.0000000730033,1200.0000000730033,10657.859054814822,229.78037396734328,18.721940223836498,28.49479302068088,34483.36520650219,1,33430.51434370113,0,1.00000761449337e-07,optimal,optimal,optimal,33846.50047586043,-208.69693846093668,195.66374400489718,232.92600260689431
2025-04-25,Q4-3 SEARCH,0.85,0.5,1200.0000000730033,14,1200.0000000730033,optimal,optimal,10261.838609955128,0.0,0.0,14,2899.1532242387366,optimal,optimal,59.28520684664415,94.65580039082758,222.30830108859013,0.6817311944384786,14,10581.934058125218,optimal,optimal,-142.78182385294463,0.0,459.4659781214098,0.6363749218033539,14,9866.848244398567,optimal,optimal,257.3551657129424,209.9681749582127,25.62742856212988,0.49178572554188016,1212.079500036045,1200.0,10581.934058125218,173.8585487066419,128.99657831408385,385.8414731115844,10821.538631773354,6,26190.458976749433,0,1.0000080747819913e-07,optimal,optimal,optimal,10316.645265543008,51.99263827024256,-136.95486377499662,236.0337066928661
2025-04-26,Q4-3 SEARCH,0.85,0.5,1212.079500036045,14,1212.079500036045,optimal,optimal,9889.0421118259,0.0,0.0,14,2312.7947438462083,optimal,optimal,82.89769789394967,86.64101289333595,10.388118827160213,0.68235784829596,14,10133.53877151908,optimal,optimal,33.633844853943636,67.90777948566245,56.21170185798785,0.6546457848793954,14,9754.714284102154,optimal,optimal,355.12429074595065,283.9917821569648,0.0,0.48895997035494543,1200.0000000520913,1200.0000000520913,10412.102413731784,471.65583349384394,81.91392179807623,145.5127828337296,10506.210728153474,5,25921.53645425475,0,1.00000761449337e-07,optimal,optimal,optimal,9775.28314148464,81.80685794792694,30.840287971226772,307.1796421044439
2025-04-27,Q4-3 SEARCH,0.85,0.5,1200.0000000520913,14,1200.0000000520913,optimal,optimal,32767.173010010425,0.0,0.0,14,9063.807598066382,optimal,optimal,179.97948065048615,374.52428343599007,1583.2852368367435,0.6685449852451066,14,7110.660703807124,optimal,optimal,-28.46300980191883,125.84579960112626,614.7091920770581,0.6363660385418936,14,9661.549461186236,optimal,optimal,832.4722265642297,467.8590741738229,0.0,0.48601436749670646,1200.0000000494706,1200.0000000494706,10476.80426473305,983.988697412797,765.5720567812423,3048.238244534234,36799.39995195746,17,35694.90720485166,0,1.0001531336456537e-07,optimal,optimal,optimal,33102.78136377647,112.17774586314688,-33.44063186124265,789.455590472847
2025-04-28,Q4-3 SEARCH,0.85,0.5,1200.0000000494706,14,1200.0000000494706,optimal,optimal,41136.211221800484,0.0,0.0,14,9360.092728441528,optimal,optimal,-695.4063550864925,82.97427372030506,2405.767195157772,0.6360380262969082,14,6161.945534213846,optimal,optimal,-158.74129294030826,66.30697720592605,807.1925651548404,0.6472560070857856,14,10556.643321219017,optimal,optimal,324.4881148579471,218.0699319515943,0.0,0.49128042178914716,1200.0000000500838,1200.0000000494706,10786.711739999997,-529.6595331688536,25.123333535206633,55.73611540034413,40662.28780403198,1,38255.82209155074,0,1.0000030670198612e-07,optimal,optimal,optimal,39332.34078287898,-571.4952633397123,-145.88559498497537,333.9905838365418
2025-04-29,Q4-3 SEARCH,0.85,0.5,1200.0000000500838,14,1200.0000000500838,optimal,optimal,33645.107436919534,0.0,0.0,14,6642.590041004316,optimal,optimal,-395.2532863390683,442.447400701147,4329.218436258991,0.5976011825390406,14,7013.983879287374,optimal,optimal,79.45404605907737,125.61787362673812,224.46612601149053,0.6543095372023991,14,10430.657531981431,optimal,optimal,564.1204847298721,334.38291311641655,0.0,0.4937930323404398,1219.5491900752004,1200.0000000000002,10462.660994666614,248.3212444498812,256.51342014353133,1163.558390514099,35056.98707188351,6,32280.97039164631,0,1.0001531336456537e-07,optimal,optimal,optimal,33815.01678535534,-431.34329726338984,74.27805539772376,546.5038959657132
2025-04-30,Q4-3 SEARCH,0.85,0.5,1219.5491900752004,14,1219.5491900752004,optimal,optimal,32330.57118270811,0.0,0.0,14,8365.278593411833,optimal,optimal,-167.08461287109978,0.0,675.7693528882285,0.5740318658404769,14,6430.037921004426,optimal,optimal,-197.6903043146731,4.874958313630077,420.5211911171215,0.67107790681695,14,10325.175782444634,optimal,optimal,679.8804463457277,425.79480954471023,0.0,0.4975611829940708,1200.0000000496698,1200.0,10429.836171157775,315.1055291599548,174.93904236208374,665.128429539068,33310.80514140713,10,32762.66342443769,0,1.0000103101148738e-07,optimal,optimal,optimal,32913.07629188296,-158.39433995874137,-196.13167878151282,620.4904700123542
2025-05-01,Q4-3 SEARCH,0.85,0.5,1200.0000000496698,14,1200.0000000496698,optimal,optimal,34836.296819692536,0.0,0.0,14,8276.2644937037,optimal,optimal,149.3296762761335,657.0570534483121,2627.829701715249,0.5620565283427029,14,6964.654160377121,optimal,optimal,-156.8220938015928,2.730583649615255,334.8835433743209,0.6419027216171779,14,10209.266608483144,optimal,optimal,929.0452649736047,525.4112775305774,37.01872675518698,0.50271368485792,1200.0000000616228,1200.0,10474.095367916552,921.5528474481455,2440.4159990097173,11275.789936165193,47033.63960330588,27,34808.13834873717,0,1.00000761449337e-07,optimal,optimal,optimal,34031.54721306235,90.87739480370513,-148.9655215441861,885.2567898333026
2025-05-02,Q4-3 SEARCH,0.85,0.5,1200.0000000616228,14,1200.0000000616228,optimal,optimal,13152.407360340836,0.0,0.0,14,3208.1442062556457,optimal,optimal,-40.39655195069951,0.0,99.5293429510815,0.5564958485916337,14,8952.730386281512,optimal,optimal,-30.524927336331626,0.0,84.7209042034487,0.6609513899290419,14,9009.251657994058,optimal,optimal,2091.3323968259047,1241.814772832004,0.0,0.5059890836015601,1200.000000065304,1200.0000000585255,9288.248178082407,2020.4109175388735,645.386408716334,2047.0860853623458,17219.904363242054,13,24038.818395388713,0,1.00000761449337e-07,optimal,optimal,optimal,12377.728493541981,-39.19023482796805,-29.56807259075944,2185.118460144247
2025-05-03,Q4-3 SEARCH,0.85,0.5,1200.000000065304,14,1200.000000065304,optimal,optimal,12146.494770080466,0.0,0.0,14,3070.676250928735,optimal,optimal,-62.388889269891024,2.671246962647656e-07,188.42888677969762,0.5394404610795432,14,8834.03486701904,optimal,optimal,140.74274733811325,134.29369760213854,-2.2737367544323206e-13,0.6475721298297373,14,8869.051031409574,optimal,optimal,2277.1292642407698,1328.7312302782266,0.0,0.503318333021994,1533.5060477539105,1200.0,9202.721110812043,2355.483122308992,809.024871218736,3426.50929378856,17928.48718617802,15,22679.67338893335,0,1.00000761449337e-07,optimal,optimal,optimal,11895.916367463515,-60.36624851815836,138.42228248916481,2242.377419093477
2025-05-04,Q4-3 SEARCH,0.85,0.5,1533.5060477539105,14,1533.5060477539105,optimal,optimal,37792.31865258771,0.0,0.0,14,9317.993250118683,optimal,optimal,-950.6847869347819,100.01491993254768,4681.243720809001,0.5430646147471601,14,8130.902193266831,optimal,optimal,-379.958217521033,0.0,962.5703796965079,0.6401290513762119,14,8546.01865871967,optimal,optimal,3534.582306846817,1965.421118042727,0.0,0.5013300733504729,1307.6624687708902,1200.0,10633.59339826683,2203.9393023910025,1019.4502578594532,5115.835755342835,45112.09371032155,18,28999.46310608874,0,1.0000269412557827e-07,optimal,optimal,optimal,36353.2771078777,-820.647791248849,-389.9731400531644,3394.651752687425
2025-05-05,Q4-3 SEARCH,0.85,0.5,1307.6624687708902,14,1307.6624687708902,optimal,optimal,39810.91788563447,0.0,0.0,14,9970.619686111115,optimal,optimal,-983.752095386423,0.0,2511.5351643236545,0.5324815600799475,14,6494.087353393812,optimal,optimal,-334.1525494547343,17.167506894748158,1387.8673565698393,0.6431997159404194,14,8461.826099250979,optimal,optimal,3781.5136137882123,2052.100929140563,5.8791096060177095,0.500828878493704,1538.4371384918556,1200.0,10694.063667592596,2463.608968947055,695.8112250038615,3427.3851380616325,45701.91199264316,11,31810.82442223369,0,1.00002807812416e-07,optimal,optimal,optimal,38775.98178802923,-956.1044958372231,-336.28494766836303,3635.4604835652854
2025-05-06,Q4-3 SEARCH,0.85,0.5,1538.4371384918556,14,1538.4371384918556,optimal,optimal,34322.55252209904,0.0,0.0,14,7059.924787215159,optimal,optimal,1098.4333122367293,1032.8963270459099,378.7516490469558,0.5646785068807457,14,5121.018105000001,optimal,optimal,1231.8978501965248,1458.144530829882,65.47736263009745,0.6044219334885613,14,8649.414828948326,optimal,optimal,3385.22812067928,1807.725321550908,0.0,0.5055075724842293,1307.700799028693,1200.0,8649.414828948326,5715.559283112534,1676.0836407357838,8426.6992610253,48464.81106623687,27,30448.23574699495,0,1.0000098882301245e-07,optimal,optimal,optimal,32953.80563787381,1029.7257737684192,1267.4990268867473,3269.27951092787
2025-05-07,Q4-3 SEARCH,0.85,0.5,1307.700799028693,14,1307.700799028693,optimal,optimal,37976.161801178736,0.0,0.0,14,9458.575281399766,optimal,optimal,360.4813166220089,322.22822557707536,352.6539104769795,0.566875293551075,14,6149.834950141673,optimal,optimal,-101.02170807162457,1.1476349502678431,252.03075193045248,0.5889126347063195,14,8840.1577262446,optimal,optimal,3358.929556948752,1744.1375191444033,10.207674781278001,0.5070298171669906,1450.8295305952454,1200.0,10589.00835547384,3618.3891654991367,669.6789324184818,3963.632879951917,45558.18384662979,12,32356.425960998913,0,1.0000803740695119e-07,optimal,optimal,optimal,36637.51109345371,345.4863396859587,-103.88174220513689,3350.592703317655
2025-05-08,Q4-3 SEARCH,0.85,0.5,1450.8295305952454,14,1450.8295305952454,optimal,optimal,42123.965122015536,0.0,0.0,14,9794.397021801944,optimal,optimal,-831.3662754338229,260.786253902163,4506.047988901095,0.5851807619954906,14,6348.298971746417,optimal,optimal,276.2675951667864,278.67691842543564,152.14398579216174,0.5887850983901098,14,9139.111513862259,optimal,optimal,2864.3441785504374,1460.9336111121656,41.41822955602959,0.4990362085800908,1603.2779824226516,1259.0615996446413,10516.920169950092,2309.2454982834006,824.340344231527,3301.6056167591955,47734.816237058134,14,31434.741184755283,0,1.0000326255976688e-07,optimal,optimal,optimal,40797.246490425714,-737.5233557094484,265.44719302649116,2840.2192984040735
2025-05-09,Q4-3 SEARCH,0.85,0.5,1603.2779824226516,14,1603.2779824226516,optimal,optimal,13269.84814373699,0.0,0.0,14,3204.323032277289,optimal,optimal,376.1552458253832,329.6375819898659,6.360040653972192,0.5828378273268697,14,8349.561071141548,optimal,optimal,72.31861567900523,129.06644489804862,319.4105723469536,0.6106769077868192,14,10505.968478855635,optimal,optimal,405.09207652513237,258.53206472691363,47.203250062096814,0.5084599939648704,1209.2931305634904,1209.2931305634904,10505.968478855635,853.5659380295208,6.59246005166506e-07,1.0999913261620354e-06,14123.414082866502,0,25159.289760244515,0,1.0000007932831068e-07,optimal,optimal,optimal,12828.625239991634,376.96278651179006,66.89021098545267,397.1833441434202
2025-05-10,Q4-3 SEARCH,0.85,0.5,1209.2931305634904,14,1209.2931305634904,optimal,optimal,13711.91769756904,0.0,0.0,14,3829.5474137455803,optimal,optimal,584.2189948172995,621.473477177291,-4.547473508864641e-13,0.6124674265745421,14,8359.257802762217,optimal,optimal,-70.86503064567606,5.890700932848745,279.8857555197137,0.6135156098982888,14,9172.925615880242,optimal,optimal,2367.452096221566,1440.1348574555464,56.98842264444686,0.5174193229173041,1200.0000000514162,1200.0000000514162,9182.085455982464,2880.8060603931895,300.736829370026,828.5453209656255,17421.269078927857,7,22955.414244516935,0,1.0000030670198612e-07,optimal,optimal,optimal,13070.869149817314,617.7071682731959,-83.57859075762356,2453.074852048655
2025-05-11,Q4-3 SEARCH,0.85,0.5,1200.0000000514162,14,1200.0000000514162,optimal,optimal,40500.18487107351,0.0,0.0,14,9899.812665654266,optimal,optimal,17.701174000712157,637.444554379977,2813.20245889735,0.6128798386458739,14,6595.2228182531835,optimal,optimal,27.200790571077818,154.4538025402885,964.8523938120885,0.6064088480203318,14,9155.618714633867,optimal,optimal,2869.6118680285254,1473.4784016249134,70.8844075486723,0.5179237835685995,1484.2556593914844,1200.0,10568.92886935797,2914.5138326003153,564.6279693355735,3294.8643949868974,46709.56309866072,13,30911.535128653668,0,1.0001406280935043e-07,optimal,optimal,optimal,39584.09986076095,66.3647135060376,43.168219345511716,2847.3602058161073
2025-05-12,Q4-3 SEARCH,0.85,0.5,1484.2556593914844,14,1484.2556593914844,optimal,optimal,36457.79054017672,0.0,0.0,14,9393.730013424776,optimal,optimal,1993.3251366309323,1649.2998859462534,1.1368683772161603e-13,0.6222051305743269,14,7306.921015661866,optimal,optimal,50.614285852911564,77.25923098808414,205.2214282124018,0.6042043258947416,14,9145.614954724308,optimal,optimal,2824.2076728688435,1476.1727126883243,57.86900415476973,0.5147239641943456,1563.4953258179874,1201.2622287304741,10707.898846713595,4868.147095352688,364.60122908632985,1816.7658313349484,43142.703466864354,4,28008.122628871053,0,1.00002807812416e-07,optimal,optimal,optimal,35741.55118433496,1967.7441250189886,64.10893495249833,2700.0987250959647
2025-05-13,Q4-3 SEARCH,0.85,0.5,1563.4953258179874,14,1563.4953258179874,optimal,optimal,41668.72796192922,0.0,0.0,14,9980.477988249999,optimal,optimal,-886.8021074555932,785.2740182804621,6175.1304942291235,0.6096449450743807,14,6289.811750740467,optimal,optimal,114.24466661329222,247.6946889807631,772.0246278685737,0.6109347968771492,14,8971.925258263307,optimal,optimal,3059.0897268289395,1591.6105630529041,44.66758068162821,0.5129126391594787,1495.3144957609427,1200.0000000164719,10749.035194999997,2286.5322859866387,385.0346800347829,1992.8373644353428,45948.097612351194,14,29819.18099481878,0,1.00000761449337e-07,optimal,optimal,optimal,40591.18156645704,-730.4433732528491,148.06683809068556,3049.8803794830333
2025-05-14,Q4-3 SEARCH,0.85,0.5,1495.3144957609427,14,1495.3144957609427,optimal,optimal,40364.649853565315,0.0,0.0,14,9869.358590654012,optimal,optimal,-234.1172112460185,43.7349022485073,884.3206587986712,0.6287185154858466,14,6010.444183305825,optimal,optimal,-583.9820691258697,0.0,1811.4283744076827,0.5923866460924188,14,9219.619366291921,optimal,optimal,2591.660149472768,1386.8658383072827,12.866849527416932,0.5051761010413914,1454.9091650856153,1222.9501237030463,10594.838683246604,1773.5608691008797,6.995624527007667e-07,2.2999820546256354e-06,42138.21072496618,0,29992.989367835755,0,1.0000803740695119e-07,optimal,optimal,optimal,40243.509353921865,-223.16304182845568,-590.4255815093281,2632.0459664032705
2025-05-15,Q4-3 SEARCH,0.85,0.5,1454.9091650856153,14,1454.9091650856153,optimal,optimal,41794.77852106036,0.0,0.0,14,9913.76596904622,optimal,optimal,428.66862972468056,414.59849867997707,256.9238212488459,0.5880965951884245,14,6981.050632892249,optimal,optimal,-825.0061078363758,0.0,2294.01876255443,0.6413907975808933,14,9277.576038546118,optimal,optimal,2498.5985475086686,1345.974508901374,4.175951699873009,0.5023496857229169,1476.0806981886315,1454.9091650856153,10645.552543120295,2102.261069396973,3.921369821983645e-07,1.0000108833921584e-06,43897.039591457346,0,30173.82667690714,0,1.0000394468079321e-07,optimal,optimal,optimal,41694.32724287418,395.4572283790541,-809.0196201302033,2554.501868551055
2025-05-16,Q4-3 SEARCH,0.85,0.5,1476.0806981886315,14,1476.0806981886315,optimal,optimal,13880.591280133427,0.0,0.0,14,2500.2359451039665,optimal,optimal,-65.60353808680925,0.0,168.22871192410247,0.5807333829636694,14,8376.657322238456,optimal,optimal,-156.09691169791785,0.0,511.93821862829606,0.6697991599322327,14,10053.08139732268,optimal,optimal,1042.7213987394794,639.1846277610425,169.85541397960966,0.49022271234302023,1200.000000053035,1200.0,10053.08139732268,821.0209489547523,97.94668624010595,165.96867493676856,14867.580904024948,3,21072.947676573967,0,1.000012680378859e-07,optimal,optimal,optimal,14045.725995410903,-63.84412791900361,-151.47227210627213,907.9875730608464
2025-05-17,Q4-3 SEARCH,0.85,0.5,1200.000000053035,14,1200.000000053035,optimal,optimal,14005.583301546067,0.0,0.0,14,2163.2330507540205,optimal,optimal,-18.336653056508766,14.599995683066322,107.71263400064657,0.5642788474441499,14,8365.56100575773,optimal,optimal,-10.01364967888853,71.00807514870758,327.2111322847224,0.6626488208544578,14,9219.563903036187,optimal,optimal,2338.9964555699903,1394.822892814977,113.40329947339865,0.47940430771132864,1200.0000000495365,1200.0000000495365,9219.563903036187,2310.646152834593,298.5243680019377,934.7309148900608,17250.96036927072,5,21098.03347622774,0,1.0002986527979374e-07,optimal,optimal,optimal,14039.610939242772,-18.01244684471226,3.1587160805385466,2298.7015529316805
2025-05-18,Q4-3 SEARCH,0.85,0.5,1200.0000000495365,14,1200.0000000495365,optimal,optimal,43843.228166578876,0.0,0.0,14,9717.730876425672,optimal,optimal,-731.5402032684558,290.919831254939,4134.909826080426,0.5552544511539624,14,5833.499605865684,optimal,optimal,-134.35699449453634,46.088499317834135,612.5220296705555,0.6579382952051857,14,9454.0416976252,optimal,optimal,2301.271590140786,1183.358531931984,6.732060839989458,0.4951790349470917,1607.8225986725613,1200.0000000495365,10413.115651077742,1435.3743923777938,2.726044001497402e-07,5.999953253998312e-07,45278.60255955667,0,30547.92157017516,0,1.0001531336456537e-07,optimal,optimal,optimal,43783.1337338566,-691.8078339551439,-132.80274527614603,2283.992387537781
2025-05-19,Q4-3 SEARCH,0.85,0.5,1607.8225986725613,14,1607.8225986725613,optimal,optimal,38931.5405996369,0.0,0.0,14,10044.258296944443,optimal,optimal,-168.2834667861863,528.3271525065237,4326.050210802153,0.57627531086384,14,8208.941527395482,optimal,optimal,-40.94983917291735,7.601002878388535,137.15926921982063,0.6551490172527845,14,9492.388193118635,optimal,optimal,2232.372036917945,1156.8658168208794,90.37481642352941,0.4869027646502461,1672.8242532790869,1406.1931886318512,10728.263852499998,2023.1387309588413,8.232500322417723,57.450502149987415,41012.129832745726,1,28757.21306395527,0,1.0000282801173732e-07,optimal,optimal,optimal,39492.158663630085,-384.14049463844356,-42.29158103421734,2108.830024769459
2025-05-20,Q4-3 SEARCH,0.85,0.5,1672.8242532790869,14,1672.8242532790869,optimal,optimal,39039.40679742352,0.0,0.0,14,10128.53287037037,optimal,optimal,482.53204779963266,669.1062729699829,1194.7059026059796,0.5737972755335464,14,6379.464314543868,optimal,optimal,144.48967243834593,169.7825726852176,0.0,0.6409757704854452,14,9348.826961135483,optimal,optimal,2489.715626917854,1250.7354401931875,56.84886682213755,0.4864471924874341,1651.7432268393663,1625.1609768952812,10800.0,3116.7373471558326,77.71804165751651,283.3283822566374,42439.47252683599,2,29045.68404948803,0,1.0000085762840171e-07,optimal,optimal,optimal,39251.83592479002,510.870299255824,106.17253672469808,2438.789718268984
2025-05-21,Q4-3 SEARCH,0.85,0.5,1651.7432268393663,14,1651.7432268393663,optimal,optimal,37108.05675040345,0.0,0.0,14,7181.221397320827,optimal,optimal,1098.1265364068327,1320.426727371972,0.024130482852115165,0.5685082670468646,14,6296.764284155975,optimal,optimal,143.8124396735338,350.7595374646682,1534.1320580236647,0.6532667259997932,14,9252.931931071655,optimal,optimal,2454.3199612698027,1343.7245652220336,0.0,0.49013871318365915,1515.6448454474817,1496.8018455050087,9252.931931071655,3696.258937350169,115.16341836253999,439.9816835571339,41244.29737131075,3,27229.150757540447,0,1.0000803740695119e-07,optimal,optimal,optimal,36841.56951023647,1138.7657066563397,119.40567400272919,2498.4076609098106
2025-05-22,Q4-3 SEARCH,0.85,0.5,1515.6448454474817,14,1515.6448454474817,optimal,optimal,37193.60095536751,0.0,0.0,14,9447.712185100121,optimal,optimal,-191.02171085588282,51.531707151757985,596.9455518058226,0.591923604047443,14,7667.756618433455,optimal,optimal,-346.3955847893984,4.840856267662502,733.9407409847299,0.6250893073790399,14,9694.1025060587,optimal,optimal,1853.7582245774577,999.6537800626925,0.0,0.4967499063622417,1484.6364674462516,1484.6364674462516,10707.26531472975,1316.3409289321764,109.76946517061764,363.06451672225876,38873.00640102195,6,30591.114538228718,0,1.0000576367019676e-07,optimal,optimal,optimal,37400.28197097953,-183.42002491191755,-349.41130818457975,1813.7652002469179
2025-05-23,Q4-3 SEARCH,0.85,0.5,1484.6364674462516,14,1484.6364674462516,optimal,optimal,12256.253886856135,0.0,0.0,14,2164.164814158845,optimal,optimal,-78.3131234448234,0.0,260.88828096576,0.6286188202783171,14,9609.624592466194,optimal,optimal,175.35981776862636,213.92536811686787,19.371782819401652,0.5954141752638227,14,9592.615032793397,optimal,optimal,1731.3149336614933,1047.561243639918,0.0,0.5052994604995769,1655.8682480808332,1425.4842028703704,9639.999262107624,1828.3616279852963,2.556967372183408e-07,4.000021329589738e-07,14084.615515241432,0,21921.97764379844,0,1.0000258043874055e-07,optimal,optimal,optimal,12272.256124860007,-79.95866016622206,171.03621845237757,1758.5454467294976
2025-05-24,Q4-3 SEARCH,0.85,0.5,1655.8682480808332,14,1655.8682480808332,optimal,optimal,13037.611986166397,0.0,0.0,14,1870.854022845598,optimal,optimal,-179.68488327852143,56.30936646803531,728.5468398624092,0.6142470598441125,14,9128.970809036213,optimal,optimal,-108.95277934236755,0.0,266.7041187805528,0.5634376313290766,14,10319.965860136646,optimal,optimal,716.2359799376347,417.47021032138247,-1.1368683772161603e-13,0.5062499574038256,1324.8483008505818,1324.8483008505818,10334.769767649657,427.59831731674575,2.751091718662217e-07,4.999995994538256e-07,13465.210303983144,0,21860.78559658085,0,1.0002781891671475e-07,optimal,optimal,optimal,12953.39991368123,-201.55462088638598,-108.00387354638484,652.8305219510886
2025-05-25,Q4-3 SEARCH,0.85,0.5,1324.8483008505818,14,1324.8483008505818,optimal,optimal,37711.58949838268,0.0,0.0,14,10025.677745943018,optimal,optimal,-761.3519689240849,29.457305280207493,3325.5133003050696,0.6349394761297966,14,9193.208776715319,optimal,optimal,-86.72634452651924,0.0,145.31859360506994,0.5513013261352812,14,9603.033040078995,optimal,optimal,2118.4577359601776,1081.5225516444839,0.0,0.4863585004275528,1507.8323596454593,1306.1290415913224,10740.185270634376,1270.3794225095735,74.8516278959921,340.6161435701607,39322.58506446241,6,28550.171441036142,0,1.000012403185922e-07,optimal,optimal,optimal,37914.520882519944,-827.3809816378642,-82.46211620485776,2043.2183144722653
2025-05-26,Q4-3 SEARCH,0.85,0.5,1507.8323596454593,14,1507.8323596454593,optimal,optimal,36620.367586685825,0.0,0.0,14,9092.969435458223,optimal,optimal,-496.290418112156,21.113154882235904,1233.7015617218171,0.6219222320018284,14,4565.4137821248905,optimal,optimal,1367.9564557170308,1786.721858213312,0.0,0.5518940192800226,14,10047.356014370096,optimal,optimal,1275.00947765633,680.7615172470821,0.0,0.4973434985470992,1443.6092430635986,1416.8177430120354,10330.530916939704,2146.675515261205,92.31662785674153,352.72007873998507,39119.76318068701,7,33221.68089300549,0,1.0000053407566156e-07,optimal,optimal,optimal,36660.91332315488,-510.8966124341898,1360.9090843666922,1264.9869507686335
2025-05-27,Q4-3 SEARCH,0.85,0.5,1443.6092430635986,14,1443.6092430635986,optimal,optimal,34668.974836860165,0.0,0.0,14,7446.917365153908,optimal,optimal,1445.8423624463562,2112.8915109674817,0.0,0.6357303952212594,14,6225.757720153907,optimal,optimal,-390.07577392733026,8.609488567719316,1276.0403025261603,0.5838652431269783,14,10052.056839981142,optimal,optimal,1096.8966950943877,676.5708729632073,0.0,0.4886651889197987,1451.7113032595576,1417.7967060456353,10097.465999979702,2152.6632836134136,4.9165380574585686e-08,1.0000232372461268e-07,36821.63812057358,0,30954.582021031274,0,1.0001531336456537e-07,optimal,optimal,optimal,34345.970903334106,1654.1089903237726,-414.8816140032656,1055.9991511528524
2025-05-28,Q4-3 SEARCH,0.85,0.5,1451.7113032595576,14,1451.7113032595576,optimal,optimal,38901.4162028135,0.0,0.0,14,9808.296763703695,optimal,optimal,-387.0424152175046,375.8428744141785,2919.76166743089,0.5908321569580908,14,6339.517610722756,optimal,optimal,-497.3986330555357,197.474977581558,2694.5228377630456,0.5951818170057571,14,10043.751560307503,optimal,optimal,924.2536052788963,504.21576846145103,0.0,0.4837875310871463,1207.3674573766482,1207.3674573766482,10505.364356296288,39.81255700585609,8.879349120754388e-08,1.99999948339114e-07,38941.22876001936,0,32354.62071457179,0,1.0002986527979374e-07,optimal,optimal,optimal,37911.717919992225,-298.9732543883445,-406.27538465264007,931.9459893303201
2025-05-29,Q4-3 SEARCH,0.85,0.5,1207.3674573766482,14,1207.3674573766482,optimal,optimal,37785.282963921476,0.0,0.0,14,9600.838179242352,optimal,optimal,436.30108247905895,504.655936499995,211.42428975270786,0.5763922328316364,14,7688.369872851045,optimal,optimal,-707.6368310948617,14.213333736919708,2922.9130859416955,0.5866434162268607,14,10236.904626909825,optimal,optimal,851.0556738911858,520.1811777381852,0.0,0.48108784470784305,1263.8234515423508,1199.9999999999998,10272.91519185053,579.719925275383,450.17259647834396,2128.8052168709282,40493.80810606779,17,33894.27960280361,0,1.0000115935326903e-07,optimal,optimal,optimal,37079.04748746085,459.1794584446755,-778.7605906519029,828.0436668575995
2025-05-30,Q4-3 SEARCH,0.85,0.5,1263.8234515423508,14,1263.8234515423508,optimal,optimal,11596.55921113785,0.0,0.0,14,2351.415677648606,optimal,optimal,207.87870892929433,239.6655267500662,91.01315033626778,0.5411803619026859,14,10625.795035698009,optimal,optimal,135.96871868394265,133.8693291098593,6.828849131666175,0.5706245179616362,14,10258.523260300271,optimal,optimal,327.5364883532055,268.61083973352754,0.0,0.4741642960742968,1299.0391268539854,1263.8234515423508,10625.795035698009,671.3839159664425,1.4112470269372516e-07,2.999988692205079e-07,12267.94312740429,0,23611.295859042715,0,1.0033152600407001e-07,optimal,optimal,optimal,11344.387992690909,193.1850557769168,131.1157349522465,333.6381333199071
2025-05-31,Q4-3 SEARCH,0.85,0.5,1299.0391268539854,14,1299.0391268539854,optimal,optimal,12313.497717275412,0.0,0.0,14,2888.725964399805,optimal,optimal,-285.55399966427854,0.0,1053.597974174837,0.5552075506942729,14,10166.71216147471,optimal,optimal,-55.95326541456396,12.118393602093306,216.76615733566928,0.605237812413648,14,10357.093708682642,optimal,optimal,185.5582354277467,143.05017093626915,27.008774555626758,0.48422532798077766,1200.0000000419445,1200.0000000419445,10678.318857486162,-155.94902965109577,133.48052526913895,342.34748598654073,12499.896173610856,2,24662.871721235562,0,1.00000761449337e-07,optimal,optimal,optimal,12673.408780814614,-281.5468945261463,-60.1634929100572,191.57212130071187
2025-06-01,Q4-3 SEARCH,0.85,0.5,1200.0000000419445,14,1200.0000000419445,optimal,optimal,53289.87401023279,0.0,0.0,14,8608.642810886085,optimal,optimal,-404.4598604847822,1110.366283769372,4192.419218707034,0.5666485845600128,14,7853.30101722744,optimal,optimal,-1356.1133677233324,0.0,3427.174164965223,0.6415188020531732,14,10261.44697245891,optimal,optimal,842.374501131635,470.2129535525271,0.0,0.4818533196753399,1200.0,1199.9999999999998,10476.221504460109,-918.1987270764796,4624.467884217094,21832.09698909006,74203.77227224637,46,38916.05027324336,0,1.00000761449337e-07,optimal,optimal,optimal,47088.253214640485,-219.8716989560496,-1255.7334865758758,888.6515391941351
2025-06-02,Q4-3 SEARCH,0.85,0.5,1200.0,14,1200.0,optimal,optimal,54326.70604767078,0.0,0.0,14,8315.459987049591,optimal,optimal,-2347.3257638616037,166.04677526339418,7762.980157100439,0.5870249423054743,14,5601.086941151021,optimal,optimal,3867.652926891069,3121.173879494682,599.2210017617023,0.6439861693109434,14,8353.00202775571,optimal,optimal,3864.6875364404423,1997.0825306404695,0.0,0.48757590409122953,1277.9061143522513,1200.0,9074.84887593848,5385.014699469908,781.5650372752748,3824.8335141906236,63536.55426133131,13,33323.17767790178,0,1.0000098882301245e-07,optimal,optimal,optimal,49069.48684875514,-2044.1524427002519,3208.544131639027,4095.413345138829
2025-06-03,Q4-3 SEARCH,0.85,0.5,1277.9061143522513,14,1277.9061143522513,optimal,optimal,49850.048517409115,0.0,0.0,14,8302.971464363243,optimal,optimal,2237.261835398827,2199.023641250032,2004.9549137232216,0.600796204059773,14,7260.021461383434,optimal,optimal,175.9182891956483,337.41270015603675,738.2699471725183,0.623137584468961,14,8656.986489637155,optimal,optimal,3518.337948564408,1813.4737757677754,74.22895715699129,0.49230641353782917,1310.155721158368,1207.607766841446,9078.69600140028,5931.518073158883,24.515184528093585,174.7961624222536,55956.36275299025,2,30585.559164331866,0,1.00000761449337e-07,optimal,optimal,optimal,45496.00592711661,2302.001085584539,197.0584807868432,3672.1830448080127
2025-06-04,Q4-3 SEARCH,0.85,0.5,1310.155721158368,14,1310.155721158368,optimal,optimal,58277.34193962299,0.0,0.0,14,7747.450711338707,optimal,optimal,-3874.310922503988,0.0,10459.676009132847,0.5954185206083834,14,7507.635345970926,optimal,optimal,1684.3511281876458,1555.4538142278398,0.0,0.6221504156147986,14,8363.79523885943,optimal,optimal,3700.697138418621,1924.0589528510372,66.87184401339704,0.50561548891682,1316.409087424786,1200.000000015818,9180.21091636273,1510.7373441022787,109.38263907726557,766.038730152717,60554.11801387798,2,30616.756963595464,0,1.0000110250985017e-07,optimal,optimal,optimal,52730.36939016112,-3533.5240604827786,1570.741652181997,3874.8766008362536
2025-06-05,Q4-3 SEARCH,0.85,0.5,1316.409087424786,14,1316.409087424786,optimal,optimal,49796.0151351555,0.0,0.0,14,8044.8961460318305,optimal,optimal,1381.7739387486356,1594.980036687004,1728.1081965396434,0.6271448997395878,14,5192.860723092186,optimal,optimal,3333.0116744300476,2681.20867343511,13.312057659886477,0.6119180322598419,14,8245.157344108604,optimal,optimal,3860.2802930680496,2011.453891704526,76.99588977417747,0.5039157795352526,1200.0000000510138,1200.0000000160592,8738.842442328127,8575.065906246733,694.4562184299928,4367.139032084975,62738.22007348721,11,32511.93381050358,0,1.0000098882301245e-07,optimal,optimal,optimal,45090.625461469055,1361.5967887519655,2803.7344775998713,4126.22219824474
2025-06-06,Q4-3 SEARCH,0.85,0.5,1200.0000000510138,14,1200.0000000510138,optimal,optimal,19814.077238919912,0.0,0.0,14,2837.1369081256084,optimal,optimal,-362.49214204114327,87.17737151721549,1179.1431390899115,0.6491237145562508,14,6935.298732799482,optimal,optimal,-220.91100457611861,19.739533693231124,662.857428289569,0.6193737432473572,14,8769.144410761046,optimal,optimal,3302.5032502752024,1828.8821155581136,-1.1368683772161603e-13,0.5068166741019111,1558.2251858720238,1199.9999999999998,8769.144410761046,2719.1001036579405,2177.75851490129,8440.806681488777,30973.98402406663,18,23184.20544373378,0,1.0000167094403878e-07,optimal,optimal,optimal,17458.559604581664,-309.6298939660744,-200.14524351131047,3668.5752290231567
2025-06-07,Q4-3 SEARCH,0.85,0.5,1558.2251858720238,14,1558.2251858720238,optimal,optimal,20126.408014393437,0.0,0.0,14,3491.7220115506907,optimal,optimal,-1049.1697592592996,0.0,4450.7424913824925,0.630734207783951,14,7229.995496861781,optimal,optimal,522.9920630443755,497.3488385720008,104.51839663766634,0.619506135247758,14,8770.042800864172,optimal,optimal,3293.416133465161,1822.4336229716866,-2.2737367544323206e-13,0.5075122047091997,1477.5010118183422,1200.0,8770.042800864172,2767.2384372502365,1535.8888581453164,5816.553993028269,28710.200444671944,13,24090.074700419842,0,1.0000121619668789e-07,optimal,optimal,optimal,17176.726337720083,-679.7129357297644,500.10354591785614,3666.9678582568386
2025-06-08,Q4-3 SEARCH,0.85,0.5,1477.5010118183422,14,1477.5010118183422,optimal,optimal,51151.527345231836,0.0,0.0,14,10091.580026956626,optimal,optimal,610.1866169207391,884.4134319046775,987.1094045935149,0.6311028432083742,14,8201.081257650665,optimal,optimal,290.56438672129184,373.03659333744963,524.3492249377643,0.5873036668672389,14,8886.333254030009,optimal,optimal,3400.8033367801954,1707.158165969889,0.0,0.5185860629251362,1738.2229802059642,1229.5264997586205,10780.631878808477,4301.554340422226,3.080282477012834e-07,1.4000147243697356e-06,55453.08168705408,0,28960.977449308222,0,1.0000119459618873e-07,optimal,optimal,optimal,49231.06243207524,532.9576102331549,256.2840329705061,3380.0195565299464
2025-06-09,Q4-3 SEARCH,0.85,0.5,1738.2229802059642,14,1738.2229802059642,optimal,optimal,58986.78479336393,0.0,0.0,14,9516.465842429157,optimal,optimal,-1194.7056805612326,0.0,2641.6255330956237,0.6421747253364459,14,8656.271157526779,optimal,optimal,-244.88691758606203,13.745445317724716,695.2000318811583,0.5550189168663944,14,9034.529642715921,optimal,optimal,3176.8089538379613,1577.6626373201102,0.0,0.5076792954802422,1754.2259073609716,1200.0000000156833,10229.888462759633,1737.2163556906667,204.776191744991,1445.4163542155015,62169.417503270095,2,30835.394658975896,0,1.0000114485819723e-07,optimal,optimal,optimal,55434.796500126744,-1150.0008073912913,-241.8134456611959,3196.4290836860077
2025-06-10,Q4-3 SEARCH,0.85,0.5,1754.2259073609716,14,1754.2259073609716,optimal,optimal,55094.291031555505,0.0,0.0,14,9973.523299092,optimal,optimal,1026.4653402802824,1221.2114733332428,166.86147353527406,0.6359704973850039,14,5880.169322698448,optimal,optimal,2402.152633877004,2063.1171602775494,78.35341205974005,0.5514512131454722,14,9270.077697090544,optimal,optimal,2766.861612926579,1376.8905476254579,0.0,0.5001111296016376,1679.9364684293776,1443.470815947515,10655.228854647556,6195.479587083865,4.089926807533919e-07,1.7000352180003933e-06,61289.770620339405,0,35109.704079967625,0,1.0000424324176518e-07,optimal,optimal,optimal,51762.65854650116,877.1312416057034,2058.379367528723,2879.7424629203006
2025-06-11,Q4-3 SEARCH,0.85,0.5,1679.9364684293776,14,1679.9364684293776,optimal,optimal,59899.97990409595,0.0,0.0,14,10060.270095468477,optimal,optimal,1755.3886806645562,2023.4530956287126,523.2295839176527,0.6599042917744563,14,5084.745487567925,optimal,optimal,473.6875879668338,436.57204905638594,197.34392789680152,0.5395194116416968,14,9305.829818787988,optimal,optimal,2623.359707738451,1289.9594065352126,0.0,0.48826100731901323,1625.397720534584,1200.0,10784.358521394402,4852.435976369841,439.3478917512151,2260.469098072021,67012.88497853781,6,38834.42191345812,0,1.000040200170811e-07,optimal,optimal,optimal,56687.93005367514,1598.9333683864022,379.9689877155098,2745.5590816071517
2025-06-12,Q4-3 SEARCH,0.85,0.5,1625.397720534584,14,1625.397720534584,optimal,optimal,58389.17138249985,0.0,0.0,14,10048.31712962963,optimal,optimal,1242.4753075484264,1470.3883168498055,134.23793467280294,0.6301193606221761,14,6988.49242197998,optimal,optimal,-344.8417119094049,24.0548220216491,795.0399554584967,0.5744243290526387,14,9294.908663223143,optimal,optimal,2806.1662637165896,1354.9510682946534,0.0,0.5018332704546623,1572.762437920924,1426.2571807858178,10800.0,3703.7998593556113,4.042352512583486e-07,1.5999851372805199e-06,62092.971243455446,0,35671.67476242047,0,1.0000359589273314e-07,optimal,optimal,optimal,55954.54218002396,1122.4036150878303,-321.4326150494242,2774.522476032331
2025-06-13,Q4-3 SEARCH,0.85,0.5,1572.762437920924,14,1572.762437920924,optimal,optimal,20523.91638753366,0.0,0.0,14,4208.075388486624,optimal,optimal,-563.407628454723,0.0,1680.5870142075983,0.6242399681456574,14,7074.036612152328,optimal,optimal,356.7100643889307,349.35373791590604,43.58269791456098,0.5669753230324613,14,8799.729747523652,optimal,optimal,3188.1006683542755,1805.448624476563,-2.2737367544323206e-13,0.5099189288390025,1639.8136621140413,1200.000000017252,8799.729747523652,2981.403104288483,1206.4355855876308,4506.793253749876,28012.11274557202,10,20436.234325644946,0,1.00002807812416e-07,optimal,optimal,optimal,19873.828443226652,-549.5596504174982,379.36237839890873,3319.9821276992
2025-06-14,Q4-3 SEARCH,0.85,0.5,1639.8136621140413,14,1639.8136621140413,optimal,optimal,21293.915173716352,0.0,0.0,14,3582.6887400465325,optimal,optimal,-318.2215506360237,0.030836990431225786,917.6563318226349,0.6235149057632725,14,6948.64628678225,optimal,optimal,-185.07114868516075,9.674364723246072,581.9853018690599,0.5762993327995513,14,8806.706040848338,optimal,optimal,3111.417710362093,1787.9318052617973,0.0,0.5132157683447175,1200.0000000999999,1200.0000000999999,8891.073257430995,2608.1250110409087,1055.127674442337,3694.8206270523865,27596.86081180965,6,20354.188415404416,0,1.0000849215430208e-07,optimal,optimal,optimal,19539.039233990497,-292.7468185683836,-167.20054298116602,3226.349505747367
2025-06-15,Q4-3 SEARCH,0.85,0.5,1200.0000000999999,14,1200.0000000999999,optimal,optimal,57280.31339568514,0.0,0.0,14,10091.526327499992,optimal,optimal,3314.6058721320796,3845.5210666083385,182.80497265738381,0.6146972657557176,14,6032.1429079228765,optimal,optimal,1278.797038185874,1112.447621260624,122.99327355786748,0.5517131793820905,14,9314.652044058197,optimal,optimal,2584.6497599165828,1268.6386995790087,0.0,0.5184838190839023,1503.9879526600835,1200.0000000999999,10776.626327499993,7178.052670234536,4.291296485911354e-07,1.6999822755153476e-06,64458.36606761966,0,35880.609870318156,0,1.0001531336456537e-07,optimal,optimal,optimal,56703.19401648569,3416.7887167207296,1251.188531454368,2553.4737258301825
2025-06-16,Q4-3 SEARCH,0.85,0.5,1503.9879526600835,14,1503.9879526600835,optimal,optimal,59869.758625133894,0.0,0.0,14,9959.865917108978,optimal,optimal,2711.4539091953366,2963.6154877797826,116.25789179710932,0.6193389243829498,14,5608.897024227099,optimal,optimal,574.4614782829226,554.8498275743777,326.73298499407025,0.5741348667196463,14,9414.338488752472,optimal,optimal,2505.3720151381617,1236.033986040396,0.0,0.513763216558851,1632.4361355571623,1200.0000000219914,10770.507432500002,5791.287402616421,216.35909611355044,1074.8353870336152,66735.88141478393,3,36353.91668000006,0,1.000038668812013e-07,optimal,optimal,optimal,59507.179157696475,2385.9466920360783,497.9645069614118,2522.128713013418
2025-06-17,Q4-3 SEARCH,0.85,0.5,1632.4361355571623,14,1632.4361355571623,optimal,optimal,60907.75239454802,0.0,0.0,14,10096.342574259255,optimal,optimal,3741.9907178250296,3861.6491357678956,116.26483341078946,0.5949626481298967,14,6675.25124838945,optimal,optimal,433.9558433038709,409.9181717049587,332.3273159940633,0.5631299982467897,14,10042.327713942854,optimal,optimal,1304.3806957915988,635.046837694101,0.0,0.5658927919111729,1317.2433802607104,1277.3180653477252,10790.633314999995,5480.327256920499,1.1907294223225822e-07,3.0001818305159874e-07,66388.07965176854,0,37680.082010549566,0,1.0001531336456537e-07,optimal,optimal,optimal,60007.04855921517,3425.3782073228203,300.6080475120754,1296.824400320241
2025-06-18,Q4-3 SEARCH,0.85,0.5,1317.2433802607104,14,1317.2433802607104,optimal,optimal,61465.28847235891,0.0,0.0,14,10125.206376203701,optimal,optimal,3761.3769287516893,3911.707863888113,67.91478329727583,0.6020235205475214,14,7974.114162627035,optimal,optimal,-976.6874311011674,0.6766522472966017,2250.3516690846404,0.5498425464571668,14,9989.192580741059,optimal,optimal,1509.4486518857984,727.6158430822845,0.0,0.5630220884129864,1442.4998016631155,1317.2433802607104,10800.0,4294.13814953632,8.08954097190376e-08,2.0002458120298232e-07,65759.42662209526,0,35503.559578675515,0,1.0001690498029348e-07,optimal,optimal,optimal,60960.762722263535,3443.8166618482055,-949.2783933185137,1461.3528603514999
2025-06-19,Q4-3 SEARCH,0.85,0.5,1442.4998016631155,14,1442.4998016631155,optimal,optimal,56847.538136100324,0.0,0.0,14,10030.866413925694,optimal,optimal,22.799572945878133,113.75501787703274,386.718854680555,0.5577903607428186,14,7754.1451970678145,optimal,optimal,2040.7902303081344,1746.6259025993747,46.831048557686586,0.5989886677092385,14,9333.361305511069,optimal,optimal,2680.5837208863195,1340.3332798908916,0.0,0.5464077990122872,1899.9339573952184,1442.4998016631155,10746.256284256377,4744.173524140332,1.6951607698043802e-07,4.999972717407124e-07,61591.71166074065,0,30451.271748852396,0,1.0002258932217956e-07,optimal,optimal,optimal,57330.013951871195,23.59893076273074,2133.9489196160644,2650.6758977983877
2025-06-20,Q4-3 SEARCH,0.85,0.5,1899.9339573952184,14,1899.9339573952184,optimal,optimal,21585.12671631309,0.0,0.0,14,4259.177597247622,optimal,optimal,107.98590205048436,134.37047926044212,20.376956822099146,0.578479287725168,14,7040.620085935583,optimal,optimal,-27.34093902110204,20.376956822099114,84.1555182944112,0.5815499330392405,14,9245.16277020491,optimal,optimal,2375.8159233291326,1395.570953203263,-1.1368683772161603e-13,0.5757366746932912,1874.6926541635369,1437.3430976729978,9245.16277020491,2456.460886358515,3.192858126152262e-07,8.000036318629936e-07,24041.58760347161,0,20146.26430587832,0,1.0000129092998973e-07,optimal,optimal,optimal,21655.618989161856,120.2908524414917,-26.121839171167117,2317.585678927763
2025-06-21,Q4-3 SEARCH,0.85,0.5,1874.6926541635369,14,1874.6926541635369,optimal,optimal,20992.690251854663,0.0,0.0,14,3730.457469908544,optimal,optimal,325.6461302031842,352.4370654637519,0.0,0.5927749342757916,14,7114.084306006596,optimal,optimal,-166.4374774062233,0.0,466.6733380032731,0.5738372418743976,14,9633.406219236178,optimal,optimal,1801.0120796158128,1036.4989138001029,0.0,0.559413731876346,1438.1867856961333,1438.1867856961333,9633.406219236178,1960.2207324127737,2.4391005459151694e-07,6.000066903324567e-07,22952.910984867445,0,21086.166071914275,0,1.0007261153077707e-07,optimal,optimal,optimal,21342.590407077285,363.2014745998597,-169.963970217971,1723.1419385239906
2025-06-22,Q4-3 SEARCH,0.85,0.5,1438.1867856961333,14,1438.1867856961333,optimal,optimal,52389.115942726385,0.0,0.0,14,10105.957679158091,optimal,optimal,1279.3476252153946,1033.7388456124172,3.814865220573882,0.5728972797433772,14,6011.710537243493,optimal,optimal,1757.0323212445446,1625.1607216545362,35.59991407396592,0.570835193695159,14,9556.89128460256,optimal,optimal,2211.5212704242426,1093.078861319434,82.0832086290701,0.555524516666299,1775.7395236675388,1438.1867856961333,10753.889160639572,5247.901216884182,2.927555157349552e-07,8.000252475831985e-07,57637.01716041059,0,34149.080710411006,0,1.0001417649618816e-07,optimal,optimal,optimal,51978.89492944047,1264.5511376090064,1776.4991142727372,2168.7159544742926
2025-06-23,Q4-3 SEARCH,0.85,0.5,1775.7395236675388,14,1775.7395236675388,optimal,optimal,52680.10262528928,0.0,0.0,14,10108.193055555555,optimal,optimal,1713.75914529372,1255.5884617170464,40.62803360934524,0.5478457584488032,14,7443.622233771346,optimal,optimal,-186.2624308031967,0.0,456.0282667016927,0.5619297357762374,14,9594.149045247863,optimal,optimal,2049.030186002834,1083.869166800769,0.0,0.5720722180019336,1825.642817349717,1775.7395236675388,10800.0,3576.526900493357,2.2989426610825461e-07,7.999989129391311e-07,56256.629526582634,0,32462.64870145399,0,1.0000314359219955e-07,optimal,optimal,optimal,53385.323271630274,1747.1884645740204,-188.03720056099047,1995.2036583829608
2025-06-24,Q4-3 SEARCH,0.85,0.5,1825.642817349717,14,1825.642817349717,optimal,optimal,62545.33698521593,0.0,0.0,14,9372.62242589506,optimal,optimal,-25.26877729702757,185.8530063848185,664.6519746709802,0.5532714297404863,14,6732.34330886326,optimal,optimal,-425.71832803657696,0.0,1055.878382542675,0.571298303327644,14,10436.571002316594,optimal,optimal,435.4060962135553,251.59990646342078,0.0,0.5349504933453456,1308.6046935927113,1308.6046935927113,10502.673947365894,-15.581009120049202,8.361211814302138e-08,1.999996662409712e-07,62529.755976295884,0,39140.76871272735,0,1.0001531336456537e-07,optimal,optimal,optimal,61255.40124631149,-25.251098810710374,-430.323211765987,443.4087955160241
2025-06-25,Q4-3 SEARCH,0.85,0.5,1308.6046935927113,14,1308.6046935927113,optimal,optimal,53172.80303785518,0.0,0.0,14,10072.460657059162,optimal,optimal,2259.550311208124,2216.888767191497,1348.764815396379,0.5550212135591391,14,8982.895823055756,optimal,optimal,313.58419788023195,632.5542480632298,1421.6018336420864,0.571904353746946,14,9936.422879155052,optimal,optimal,1467.4944858596552,743.524517210441,63.38685048140428,0.4999812136413801,1670.6336330767194,1308.6046935927113,10743.676860762866,4040.6289949480115,1.7951689396601118e-07,4.000129960678719e-07,57213.4320332032,0,33954.95769992269,0,1.0000143356660501e-07,optimal,optimal,optimal,53476.666269239315,2353.280418449029,322.1192595516976,1427.124176163615
2025-06-26,Q4-3 SEARCH,0.85,0.5,1670.6336330767194,14,1670.6336330767194,optimal,optimal,50133.345900171014,0.0,0.0,14,10098.600837499996,optimal,optimal,2108.762983920488,2129.0863306981755,62.94838606932524,0.6154476994763852,14,7774.209773039759,optimal,optimal,99.903710912198,229.2343892786169,231.07855526314393,0.5203880635663166,14,10328.173349472298,optimal,optimal,422.4406570074261,259.24826443591223,95.95631920918868,0.5057891811807994,1365.5356865401016,1364.0669087078165,10792.425837499997,2631.1073518401117,4.903281705984508e-08,1.0000273621318577e-07,52764.453252111125,0,32851.05865811917,0,1.0002304406953044e-07,optimal,optimal,optimal,50623.27035246615,2276.1550455155793,98.28306191620428,428.281350155775
2025-06-27,Q4-3 SEARCH,0.85,0.5,1365.5356865401016,14,1365.5356865401016,optimal,optimal,18884.112432140806,0.0,0.0,14,4056.9931986874763,optimal,optimal,40.465375802295775,58.96161193707715,80.53420780797791,0.6066326695946632,14,8339.303549691402,optimal,optimal,-266.8148872428419,40.640624611789825,948.5702372405428,0.5512498505646977,14,9863.115227359674,optimal,optimal,1364.0641735688157,831.6650586879862,0.0,0.4697623913490641,1940.0036532074225,1365.5356865401016,9863.115227359674,1137.7146621282695,1.6114281488240437e-07,4.00000979558644e-07,20021.827094669075,0,21518.247567893635,0,1.0006147022068035e-07,optimal,optimal,optimal,19302.867063095913,42.1584217937263,-279.06373645343854,1304.538736850759
2025-06-28,Q4-3 SEARCH,0.85,0.5,1940.0036532074225,14,1940.0036532074225,optimal,optimal,18061.940407745984,0.0,0.0,14,3182.2623003147396,optimal,optimal,23.763652446278726,28.339418067843837,2.498335771476469e-07,0.6263606816706172,14,9334.183411685992,optimal,optimal,356.90756276453163,374.6048414212015,2.4648726720089384e-07,0.5493182795582746,14,10765.656249864316,optimal,optimal,-4.9958128695464366,0.0,8.828379468063138,0.4702148716167222,1214.559446324758,1214.559446324758,10765.656249864316,375.6754023412639,1.9313927007788946e-07,4.999994454834666e-07,18437.61581058725,0,25149.97392956697,0,1.000212250801269e-07,optimal,optimal,optimal,18182.099650716373,21.881725815193118,348.05964310314374,-5.076867225051353
2025-06-29,Q4-3 SEARCH,0.85,0.5,1214.559446324758,14,1214.559446324758,optimal,optimal,48248.57719602233,0.0,0.0,14,9451.450615493915,optimal,optimal,1038.3603281507972,971.8552648626094,961.3268113641356,0.6246779494178623,14,6709.800055557382,optimal,optimal,1672.016563304551,1544.8538233180284,0.0,0.5793197463728676,14,10602.03463801494,optimal,optimal,132.38245458332116,82.90720326059834,34.34038057871658,0.4645075981095681,1312.7654629043607,1214.559446324758,10665.997624588486,2842.7593460386697,637.6361498829691,2701.2897765619186,53792.62631862292,13,35617.641175219294,0,1.0000371730711777e-07,optimal,optimal,optimal,47693.99474747505,1069.7732609895318,1532.2706685040894,129.13924427768066
2025-06-30,Q4-3 SEARCH,0.85,0.5,1312.7654629043607,14,1312.7654629043607,optimal,optimal,54107.90964980304,0.0,0.0,14,10022.674510910327,optimal,optimal,-891.8480322525186,245.79014144260884,2882.1277968862664,0.6433867460932854,14,7547.523192967403,optimal,optimal,-329.1500197803664,41.917419018981036,865.5181574331324,0.6233322134458623,14,10639.1291668719,optimal,optimal,70.09675546131949,97.00798617920809,0.0,0.456541570106709,1200.0000000384866,1200.0000000384866,10800.0,-1150.9012965715656,171.60096959934359,705.7250078188308,53662.733361050305,3,37207.49120803106,0,1.0002986527979374e-07,optimal,optimal,optimal,54304.82664318309,-867.3635325115838,-333.8550459269543,70.88662783623946
2025-07-01,Q4-3 SEARCH,0.85,0.5,1200.0000000384866,14,1200.0000000384866,optimal,optimal,51130.03278372237,0.0,0.0,14,7785.630817314814,optimal,optimal,2051.677245781158,1894.2570477150928,35.38308724951867,0.6223888745227221,14,3168.0893030223515,optimal,optimal,1409.2070204886631,1307.1385324444032,54.67849069814838,0.6339064583071483,14,10258.038478188755,optimal,optimal,585.3700576736577,380.56924254441645,62.53326426336389,0.4503187111115669,1200.000000040165,1199.9999999999998,10266.306503533786,4046.254323943479,9777.068315333185,45947.80770500982,101124.09481267567,70,38425.06740587462,0,1.0002258932217956e-07,optimal,optimal,optimal,47375.819040130125,2238.4986896542096,1539.4866626883156,535.0750670005393
2025-07-02,Q4-3 SEARCH,0.85,0.5,1200.000000040165,14,1200.000000040165,optimal,optimal,58514.85073510735,0.0,0.0,14,9107.78919692756,optimal,optimal,-182.54646987231175,0.0,353.4068338271484,0.6318581878861456,14,4170.584794566591,optimal,optimal,2244.2440121047066,2114.5502031931983,106.3887803871653,0.6565159889571802,14,9563.159304184279,optimal,optimal,2710.228456630819,1117.655446551963,0.0,0.4807376963185259,1287.9253200031364,1200.0000000148725,9871.534823432985,4771.925998863214,505.5785556956058,3342.438398999824,66629.21513297039,16,33374.202463958594,0,1.000006535188276e-07,optimal,optimal,optimal,53118.829839973856,-209.81897569643561,2431.9377306471642,2346.02172178309
2025-07-03,Q4-3 SEARCH,0.85,0.5,1287.9253200031364,14,1287.9253200031364,optimal,optimal,65750.15255396947,0.0,0.0,14,9519.217967169221,optimal,optimal,1405.7640993532752,1407.7252183257297,1071.994789723542,0.6293130427185609,14,8725.790809560664,optimal,optimal,-760.4305409828471,57.585647581064904,2328.8021389788664,0.6484613479486222,14,9456.963194310785,optimal,optimal,2925.33335027967,1197.8342051759555,-3.410605131648481e-13,0.48495836823884836,1240.5236325114822,1200.000000039968,10321.739087499996,3570.666908650098,340.00077213983457,1930.9096909363284,71251.72915355589,9,37793.573927907266,0,1.000244083115831e-07,optimal,optimal,optimal,58790.78820279542,1547.1156643400313,-756.4082614367007,2663.803770049503
2025-07-04,Q4-3 SEARCH,0.85,0.5,1240.5236325114822,14,1240.5236325114822,optimal,optimal,23329.054487658985,0.0,0.0,14,2640.1508352910914,optimal,optimal,532.2987344274655,486.0130422477116,-1.1368683772161603e-13,0.6117813098637833,14,8764.917657631628,optimal,optimal,-44.76027579994845,11.277651625863086,192.56844559865897,0.6291220723833791,14,8883.319829603963,optimal,optimal,3523.3532697565115,1716.9764993837905,81.30670902641165,0.4768004473645112,1200.000000045603,1200.0,8986.410703883168,4010.8917283840287,839.2527138984977,4494.87548708991,31834.821703132922,18,21621.26709751376,0,1.0000121619668789e-07,optimal,optimal,optimal,20427.838376502095,592.1584548019266,-48.191320944367206,3266.932014372025
2025-07-05,Q4-3 SEARCH,0.85,0.5,1200.000000045603,14,1200.000000045603,optimal,optimal,24074.817873150718,0.0,0.0,14,3335.764860841181,optimal,optimal,-253.27398463780756,0.0,699.6716751020447,0.5799769342284965,14,7363.021870127534,optimal,optimal,332.1614329732728,317.1906311499367,2.54994574788725e-07,0.62099626206334,14,8485.628448203252,optimal,optimal,4328.025723003433,2087.8795683986723,0.0,0.47722337628354167,1249.5583626779267,1200.0,8485.628448203252,4406.913171338898,1811.734567004878,7025.588814479088,35507.3198589687,15,23544.251923978052,0,2.8589101930265315e-07,optimal,optimal,optimal,21557.50960433471,-262.9444323560354,325.6560089611659,3979.2389972035803
2025-07-06,Q4-3 SEARCH,0.85,0.5,1249.5583626779267,14,1249.5583626779267,optimal,optimal,62867.74436373735,0.0,0.0,14,9715.413717926396,optimal,optimal,3377.538677265044,3181.039678636867,77.81053621523375,0.602757847203642,14,3936.2943497531596,optimal,optimal,4184.825617412922,3044.162894166053,24.57603935822931,0.6149385538492571,14,8963.267274289792,optimal,optimal,3923.695656619532,1654.4334056712078,5.684341886080801e-13,0.4995744855278361,1283.448721938133,1200.0000000125328,10522.253100605569,11486.059951297499,396.3579836542847,3433.041585701251,77786.84590073611,6,34880.67988513199,0,1.00000761449337e-07,optimal,optimal,optimal,56577.778959945346,3847.0827908871847,4096.850071462044,3680.631878915008
2025-07-07,Q4-3 SEARCH,0.85,0.5,1283.448721938133,14,1283.448721938133,optimal,optimal,63450.60178203553,0.0,0.0,14,9351.595177605024,optimal,optimal,-2220.6650830221342,0.0,5756.949771320843,0.5892678260807079,14,6087.4219893234595,optimal,optimal,3425.462035296777,3299.1838497844815,48.65722165454747,0.5702832642182791,14,8903.331397891492,optimal,optimal,3945.9541902794003,1654.0213819652633,0.0,0.4902076745875216,1355.3620470116682,1200.0000000130321,10063.792909021258,5150.751142554043,373.6475981322458,2879.3647709903275,71480.7176955799,3,33398.6461425805,0,1.00000761449337e-07,optimal,optimal,optimal,57708.4372079075,-2454.118193885705,3751.3765059378784,3439.8418280086107
2025-07-08,Q4-3 SEARCH,0.85,0.5,1355.3620470116682,14,1355.3620470116682,optimal,optimal,72637.7748479049,0.0,0.0,14,9760.534016798363,optimal,optimal,-2370.6418979394316,136.87212896227754,6911.961021961345,0.6014441198810454,14,7052.687415561604,optimal,optimal,568.6797246983701,451.9789033843511,207.9794754749559,0.5318654791787983,14,8998.306657392452,optimal,optimal,3817.8420639915707,1595.3415489123079,0.0,0.4955390161746349,1834.7124665027047,1310.3434416850373,10515.346516798363,2015.8798907505093,3.5564699695469993e-07,1.4000153897888614e-06,74653.65474005543,0,31398.807118664594,0,1.0002986527979374e-07,optimal,optimal,optimal,70594.08584873992,-2651.775682730252,540.8900201010321,3530.283308183672
2025-07-09,Q4-3 SEARCH,0.85,0.5,1834.7124665027047,14,1834.7124665027047,optimal,optimal,71502.11129556014,0.0,0.0,14,9994.882253148147,optimal,optimal,-2104.5042940997337,43.352789119440104,5601.683336051639,0.604398050773774,14,8717.516454829281,optimal,optimal,-327.0986695345309,190.23573585956444,1943.5949471423164,0.520608619646706,14,8994.517389014023,optimal,optimal,3848.142728107945,1602.906531977485,0.0,0.5072446008422778,1799.484201015393,1468.0364383411766,10717.759105,1416.5397644736804,2.685000392959514,23.380981499976766,72942.03204153379,1,31273.81911895256,0,1.000444171950221e-07,optimal,optimal,optimal,68802.54055591444,-2266.4472272058056,-364.0287718112167,3549.2626750959594
2025-07-10,Q4-3 SEARCH,0.85,0.5,1799.484201015393,14,1799.484201015393,optimal,optimal,67678.38738556961,0.0,0.0,14,9987.226004259255,optimal,optimal,-575.5797970416191,573.47075613535,3947.0046412891425,0.5934121845975558,14,5215.769795720899,optimal,optimal,2371.872253376719,2000.6498955912311,7.20935456172856,0.5607540624811105,14,8948.21151677293,optimal,optimal,3951.7134623240445,1632.6776808663426,0.0,0.5070689334858468,1751.067762310545,1263.5391571163743,10719.716744999996,5748.005918659144,5.146455612349145e-07,2.09993388846076e-06,73426.39330632868,0,32673.7591751698,0,1.0001531336456537e-07,optimal,optimal,optimal,64563.022806790126,-626.48409220377,2275.84505415926,3622.967774685042
2025-07-11,Q4-3 SEARCH,0.85,0.5,1751.067762310545,14,1751.067762310545,optimal,optimal,29539.270171943353,0.0,0.0,14,5931.05414387109,optimal,optimal,-227.82247751612695,0.526102674284205,857.393539183313,0.5926042405347488,14,6311.11084066198,optimal,optimal,-248.78739193367977,0.0,733.4436767029235,0.5693215717201286,14,8457.571291471311,optimal,optimal,4569.481976566594,2078.404524212023,0.0,0.508539228862091,1426.5054690591412,1368.9415801737682,8457.571291471311,4092.8721071167874,624.3614659157342,2437.66246128074,36069.804740340885,13,19361.747814027687,0,1.0006579032051377e-07,optimal,optimal,optimal,27507.206702983472,-216.07786769679373,-278.19137492064766,4384.111997817861
2025-07-12,Q4-3 SEARCH,0.85,0.5,1426.5054690591412,14,1426.5054690591412,optimal,optimal,27967.146912979195,0.0,0.0,14,5271.303529271212,optimal,optimal,604.477639348517,567.9379744556553,0.0,0.606576767075662,14,6332.633052584924,optimal,optimal,296.4626198344025,313.4882890839965,0.0,0.5806300519809174,14,8485.333860379764,optimal,optimal,4507.559743414047,2081.215883656725,0.0,0.5085334659069823,1283.726611616767,1283.726611616767,8485.333860379764,5408.500002596967,461.3595208209598,1850.6391690672274,35226.28608464338,6,20909.695428969768,0,1.0005192052631173e-07,optimal,optimal,optimal,26364.799471788727,606.3041227484638,309.12446894926245,4140.384840259982
2025-07-13,Q4-3 SEARCH,0.85,0.5,1283.726611616767,14,1283.726611616767,optimal,optimal,70384.9629585325,0.0,0.0,14,9967.539454166665,optimal,optimal,-3149.6715640350862,0.0,7792.818350439591,0.6267020258670438,14,6780.347885784208,optimal,optimal,-614.0602965641415,0.0,1364.5195138752742,0.5668323577579993,14,8969.801739675917,optimal,optimal,3866.646502781726,1643.1367657843834,0.0,0.4905380460918264,1688.1225602588627,1200.0000000129157,10703.185287499999,102.91464218249848,60.13737924357388,517.3618722517799,71005.23947296679,1,31011.953791263702,0,1.0000391912512987e-07,optimal,optimal,optimal,69776.24057957303,-3377.6968187266757,-638.1101959023736,3443.2172471652725
2025-07-14,Q4-3 SEARCH,0.85,0.5,1688.1225602588627,14,1688.1225602588627,optimal,optimal,66172.43360002055,0.0,0.0,14,9919.99884018518,optimal,optimal,-1719.4523846967209,147.37056712899596,5522.682230478739,0.6450013501404055,14,7517.177386087448,optimal,optimal,660.5077022095622,563.4147868707578,73.47399949775263,0.5834369520900139,14,8914.977699018655,optimal,optimal,4150.116304281145,1694.315059596524,0.0,0.48453850799441545,1649.594033285608,1200.000000012812,10690.826154999995,3091.1716217939866,206.93798091473596,1794.6696379389232,71058.27485975345,1,30383.056426194576,0,1.0000461708607279e-07,optimal,optimal,optimal,64143.72458275627,-1877.2425546651796,699.0202212226133,3699.460462729641
2025-07-15,Q4-3 SEARCH,0.85,0.5,1649.594033285608,14,1649.594033285608,optimal,optimal,76127.35472217065,0.0,0.0,14,10036.193055555554,optimal,optimal,-2686.830574853072,222.42237119742595,7724.579236187356,0.6506489292797772,14,8442.929576941902,optimal,optimal,-442.6196638293418,3.743183038239181,1204.3744980269453,0.6088113474966974,14,9078.657458268039,optimal,optimal,3662.714257662855,1683.5787636780447,0.0,0.5101322637149865,1209.0210978835978,1209.0210978835978,10800.000000000002,533.264018980441,1.7690371005353255e-07,7.000219669482662e-07,76660.61874185111,0,30150.207707316076,0,1.0000030670198612e-07,optimal,optimal,optimal,76354.89620264716,-2581.798785341395,-400.1761865101297,3539.7591744958836
2025-07-16,Q4-3 SEARCH,0.85,0.5,1209.0210978835978,14,1209.0210978835978,optimal,optimal,74745.45861833403,0.0,0.0,14,9935.46574074074,optimal,optimal,-2511.473904562916,0.0,6250.525479774846,0.6311860433981887,14,7900.828502769316,optimal,optimal,1001.5441555335369,904.4443725492644,44.64612262083111,0.5807522912369402,14,9093.918529087183,optimal,optimal,3555.1046644630605,1489.63502192246,0.0,0.5069650481154939,1586.3421126043643,1209.0210978835978,10799.999999999998,2045.1749154336817,1.4458604588474029e-07,5.999950862973998e-07,76790.6335343677,0,29271.388173441712,0,1.000187188399591e-07,optimal,optimal,optimal,74310.48325945297,-2383.6046274808336,880.3293289526475,3489.6873967166957
2025-07-17,Q4-3 SEARCH,0.85,0.5,1586.3421126043643,14,1586.3421126043643,optimal,optimal,72204.10672928893,0.0,0.0,14,9957.384249645815,optimal,optimal,-131.99340252047887,571.0260291803811,2840.7666882579456,0.6472194924808269,14,8173.369419538646,optimal,optimal,328.4370522235209,272.1445575973647,297.8196755738116,0.5804425848915047,14,9078.657458267935,optimal,optimal,3761.863579608555,1552.4805161324252,0.0,0.4855623145837197,1695.6304453751923,1586.3421126043643,10737.807397793962,3958.307229311597,1.537701885729568e-07,6.999669033458941e-07,76162.4139593005,0,29190.720698292826,0,1.00000761449337e-07,optimal,optimal,optimal,73107.58293220765,-188.0470796834422,331.53146324661714,3609.333180835041
2025-07-18,Q4-3 SEARCH,0.85,0.5,1695.6304453751923,14,1695.6304453751923,optimal,optimal,34344.04634573187,0.0,0.0,14,7711.020441499892,optimal,optimal,-1046.1309755377795,1.9207782755449898,4662.025245750768,0.6665750117721818,14,6313.396349067664,optimal,optimal,-391.44698291021297,0.6599705251669548,1256.0428022352457,0.5893982797533883,14,8954.197064935915,optimal,optimal,3449.524817293568,1941.016579590651,0.0,0.48855617495764103,1227.2852407598375,1225.5842501633738,8984.79514499773,2011.9468588455757,33.56172517742999,247.58484553427988,36603.578050111726,1,18587.27476991782,0,1.0000485417549498e-07,optimal,optimal,optimal,34847.478968472926,-862.0372788442701,-377.62370458973675,3451.1829526578285
2025-07-19,Q4-3 SEARCH,0.85,0.5,1227.2852407598375,14,1227.2852407598375,optimal,optimal,33979.89444697305,0.0,0.0,14,6811.52440890439,optimal,optimal,-1096.6009158210304,37.89400403905124,4665.586646820983,0.6808718762423347,14,6138.377671640105,optimal,optimal,61.75332981352095,86.28266858649681,174.47183892947157,0.5993598314486152,14,8920.391010068872,optimal,optimal,3714.225243557767,1916.3739145346262,6.088424972332632,0.5057960428083532,1200.0000000378377,1200.0000000378377,9570.013298352667,2679.3776575502575,43.5308334042769,127.82829229165847,36787.10039681496,1,19501.923966736802,0,1.0000179971420787e-07,optimal,optimal,optimal,34163.20141069345,-1148.836627980149,59.743915316920884,3492.4386704521007
2025-07-20,Q4-3 SEARCH,0.85,0.5,1200.0000000378377,14,1200.0000000378377,optimal,optimal,74950.74518041676,0.0,0.0,14,10058.167551764422,optimal,optimal,-1846.8048820393415,19.26023872172709,5312.647089409551,0.6443010835617982,14,10108.397897020977,optimal,optimal,-1414.071470359898,19.262135031654225,4967.913788763465,0.6141895715509814,14,9306.16423298455,optimal,optimal,3322.3567437121974,1347.2043941512156,0.0,0.5064420781720695,2111.663205854723,1200.0000000378377,10798.658292505163,61.48039131295809,1.910963736735519e-07,7.000182105698967e-07,75012.22557242974,0,29002.000607685397,0,1.0003782335843425e-07,optimal,optimal,optimal,75198.59964379435,-1836.3699005418753,-1444.8043912893488,3240.3594951678233
2025-07-21,Q4-3 SEARCH,0.85,0.5,2111.663205854723,14,2111.663205854723,optimal,optimal,72547.64142605467,0.0,0.0,14,9985.51609222222,optimal,optimal,-1258.8494802999865,188.72147784552396,4402.7827014677805,0.6194333230147602,14,9265.650434652924,optimal,optimal,259.9981601125642,589.4012929351849,1532.2702108055714,0.629078853246667,14,8991.717427852689,optimal,optimal,3737.280018397998,1854.1935285293716,1.1368683772161603e-13,0.5134354369374285,1265.6589515352669,1240.9662294258778,10758.256369999997,2738.428698210576,1.618685267053251e-07,6.999796006190719e-07,75286.07012496522,0,28618.085503851682,0,1.0000098882301245e-07,optimal,optimal,optimal,71501.13392781302,-1220.8406368567234,303.92671146138963,3712.688218593007
2025-07-22,Q4-3 SEARCH,0.85,0.5,1265.6589515352669,14,1265.6589515352669,optimal,optimal,67996.40735294922,0.0,0.0,14,9895.58389552235,optimal,optimal,1608.0950942357263,1302.2348217220265,547.365302845893,0.5993431724678634,14,8984.927645193598,optimal,optimal,-1561.7073926081143,0.0,4323.284490011069,0.6384158458164514,14,9919.947831999658,optimal,optimal,1947.4068222234873,782.420235945316,57.7085004145782,0.5052835955299944,1622.4332931480862,1265.6589515352669,10694.62602515198,1993.7945238510993,1.8607886049247901e-07,5.9998983936766e-07,69990.20187740031,0,32949.11504438696,0,1.0000032836030748e-07,optimal,optimal,optimal,68094.1395801754,1611.5355045381575,-1585.274362417826,1878.1329769724248
2025-07-23,Q4-3 SEARCH,0.85,0.5,1622.4332931480862,14,1622.4332931480862,optimal,optimal,75334.2787839261,0.0,0.0,14,9117.323738704506,optimal,optimal,-3616.2275871162437,6.989054363010837,9862.537290400633,0.5532181002391109,14,8465.389159371265,optimal,optimal,-1052.2252156938057,0.0,3327.057621550614,0.6827085152670207,14,9936.12744434867,optimal,optimal,1833.206199494477,760.341313674485,58.57401379052608,0.5064264684426584,1688.788488684927,1622.4332931480862,9936.12744434867,-2835.2466033155724,1.589202290128431e-07,5.000010525121931e-07,72499.03218111052,0,32798.26664225537,0,1.0001508599088993e-07,optimal,optimal,optimal,75872.51303069518,-3641.629884984288,-1140.1123456372447,1843.4520620296526
2025-07-24,Q4-3 SEARCH,0.85,0.5,1688.788488684927,14,1688.788488684927,optimal,optimal,75295.80609108027,0.0,0.0,14,9070.297022066632,optimal,optimal,-2985.5698465325722,0.0,7951.792298144566,0.5681151815794115,14,8409.578184833219,optimal,optimal,-1425.709937803335,0.0,3758.1512049888424,0.6722880502106728,14,9915.48605068923,optimal,optimal,1934.0403959367159,790.7884311398964,58.953146047062056,0.5175804121251129,1741.7745343527035,1688.788488684927,10263.338609208227,-2477.2393883991917,2.859486180203799e-07,9.000110743514905e-07,72818.56670358109,0,31713.700734901897,0,1.0010148798755836e-07,optimal,optimal,optimal,74793.74077828873,-2878.764360333197,-1355.1366401270068,1926.0526633795953
2025-07-25,Q4-3 SEARCH,0.85,0.5,1741.7745343527035,14,1741.7745343527035,optimal,optimal,27096.85187158289,0.0,0.0,14,4619.179430456157,optimal,optimal,42.52735729622947,110.69913895331256,344.3913041777813,0.5879387658426031,14,7907.70488684806,optimal,optimal,-229.14651635000308,9.514835574054334,684.342835947986,0.6771507577489974,14,9604.657739330345,optimal,optimal,2174.819335660919,1287.496605123163,0.0,0.520445022069929,1237.2239538457084,1237.2239538457084,9781.079081431233,1988.2001766071453,3.957388156038658e-07,1.1999773282629579e-06,29085.05204939001,0,21509.748884185447,0,1.0015605766966473e-07,optimal,optimal,optimal,27325.686473962352,37.84356681147906,-219.11436230515105,2037.1914452271003
2025-07-26,Q4-3 SEARCH,0.85,0.5,1237.2239538457084,14,1237.2239538457084,optimal,optimal,28338.91078489638,0.0,0.0,14,4966.936768713681,optimal,optimal,-130.951227394339,246.42614208040735,2723.815680831358,0.5524001479890683,14,7915.16048565108,optimal,optimal,-139.73193578592225,14.288682992704935,427.4891599345308,0.6929331862144068,14,9585.01645253107,optimal,optimal,2360.116606917339,1088.1527787761715,23.183392394723473,0.4997036655370702,1262.6921310451567,1237.2239538457084,9733.366214304804,2089.433443737078,37.83625016418866,122.64620477498661,30550.990433408446,1,20872.394528215293,0,1.0006692718889099e-07,optimal,optimal,optimal,28096.519829133853,-46.60231549140433,-142.59407320285464,2364.2039998171626
2025-07-27,Q4-3 SEARCH,0.85,0.5,1262.6921310451567,14,1262.6921310451567,optimal,optimal,62719.84521075402,0.0,0.0,14,9841.240556406692,optimal,optimal,1005.2566669483804,848.7129137961199,0.0,0.5572692996239261,14,7150.198466504119,optimal,optimal,1017.5235833164344,926.5836821842008,0.0,0.7022875778576999,14,9842.066940884884,optimal,optimal,1978.410246447652,849.7742925172574,0.0,0.5079411092011257,1895.230555212702,1200.0000000429166,10633.806760110396,4001.1904967124665,8.403457715816838,21.756552021177104,66742.79225948767,1,34066.49780430988,0,1.0006988304667175e-07,optimal,optimal,optimal,61832.04360671713,993.0098537549995,990.7518709241551,1989.348092249121
2025-07-28,Q4-3 SEARCH,0.85,0.5,1895.230555212702,14,1895.230555212702,optimal,optimal,65519.76470204623,0.0,0.0,14,10048.331481481482,optimal,optimal,2479.255728512175,2174.1207205511264,143.18602346951093,0.5669349841822207,14,6400.988304466677,optimal,optimal,-42.95886022599801,1.5572224808134684e-07,71.6032203056057,0.6987673547957276,14,10679.656583117885,optimal,optimal,203.4623995936559,100.49759121948067,2.2737367544323206e-13,0.5089455842339056,1329.1879493049607,1329.1879493049607,10800.0,2639.7592678798333,3.7320395596193315e-08,1e-07,68159.52397002607,0,38573.714748366736,0,1.000014944887024e-07,optimal,optimal,optimal,65180.9887314523,2261.1267368118124,-43.2194008013765,202.883961333827
2025-07-29,Q4-3 SEARCH,0.85,0.5,1329.1879493049607,14,1329.1879493049607,optimal,optimal,58682.97884489539,0.0,0.0,14,9794.413577526479,optimal,optimal,3016.9973231829445,3182.00136695718,172.20329257692777,0.5914602178437613,14,7041.977574530206,optimal,optimal,79.97208696364444,81.53674218348885,54.116501363654535,0.6868136429178141,14,10800.0,optimal,optimal,-35.33621930390535,0.0,47.46962806746599,0.510491972858503,1200.000000041198,1200.0,10800.0,3061.6331908426837,32.34809667442986,230.25213355065813,61974.86416928873,5,38470.35250216682,0,1.00000761449337e-07,optimal,optimal,optimal,58307.761522844405,2862.8955600146573,80.85642954987917,-35.96909857240902
2025-07-30,Q4-3 SEARCH,0.85,0.5,1200.000000041198,14,1200.000000041198,optimal,optimal,55446.13847859785,0.0,0.0,14,9749.070047924248,optimal,optimal,5185.737165455503,5391.477539112819,60.496627371309955,0.654204473306902,14,5949.242107766409,optimal,optimal,1135.5928548760958,1319.1165301240399,50.34447910782865,0.652497963327409,14,10798.02206447396,optimal,optimal,4.907941345915596,12.371491395092676,53.806117422551864,0.5000731589747589,1210.7232327924862,1200.000000041198,10800.0,6326.237961677514,2.250576012954179e-07,6.000000188852937e-07,61772.37644087536,0,37561.18005791728,0,1.0000098882301245e-07,optimal,optimal,optimal,54783.814087829436,5229.010026830072,1220.588022175768,4.739370248890829
2025-07-31,Q4-3 SEARCH,0.85,0.5,1210.7232327924862,14,1210.7232327924862,optimal,optimal,59809.73327208251,0.0,0.0,14,9891.980506790125,optimal,optimal,-1011.5980122711543,36.5718676056855,2974.281646911675,0.6613648342625045,14,7083.44808467542,optimal,optimal,273.4240540594524,258.09974920143566,37.04661810812168,0.6200909042655893,14,10747.014857650362,optimal,optimal,57.306412927895046,49.19995133445089,17.78185198969618,0.5071376805535281,1200.0000000495384,1200.0000000000005,10747.014857650362,-680.8675452838069,864.0339360851358,4391.66687436744,63520.53260116614,20,39773.2596969282,0,1.0000053407566156e-07,optimal,optimal,optimal,59903.77666373008,-990.0969517264107,264.1852622340861,57.0635654548889
2025-08-01,Q4-3 SEARCH,0.85,0.5,1200.0000000495384,14,1200.0000000495384,optimal,optimal,23456.637693084536,0.0,0.0,14,2229.858407460155,optimal,optimal,-226.3619062129261,211.7285242647991,1338.6294431650513,0.6423474842960483,14,10395.478825830556,optimal,optimal,-256.3845124770287,0.0,776.4247432307318,0.615474445307042,14,10687.39162081277,optimal,optimal,131.50374448844278,95.13595187804336,0.0,0.5045150786150058,1212.5920405515349,1200.0000000495384,10784.383512031194,-351.24267420151205,253.1538815421927,527.0366380164431,23632.431656899465,8,23846.13761626285,0,1.0000803740695119e-07,optimal,optimal,optimal,23411.424130087154,-245.64513692758993,-257.5787212435356,124.94662296436641
2025-08-02,Q4-3 SEARCH,0.85,0.5,1212.5920405515349,14,1212.5920405515349,optimal,optimal,24377.37997723219,0.0,0.0,14,3344.713360909058,optimal,optimal,-553.2079782940991,0.0,1915.5764144014368,0.6637971135427935,14,9979.702987957187,optimal,optimal,-123.79690520747252,39.37682398779663,551.5390961988702,0.5888508494191401,14,10800.0,optimal,optimal,-10.688830323573985,0.0,17.803892205898475,0.5079195232936229,1200.000000037242,1200.000000037242,10800.0,-687.6937138251456,22.938333312191304,68.43651743692274,23758.12278084397,1,26351.849501206034,0,1.0000030670198612e-07,optimal,optimal,optimal,24730.331205043185,-570.2543224053052,-124.14879867309796,-10.406453972635825
2025-08-03,Q4-3 SEARCH,0.85,0.5,1200.000000037242,14,1200.000000037242,optimal,optimal,51519.29867096778,0.0,0.0,14,7877.238739593636,optimal,optimal,33.229640577450354,575.0049122380103,3166.7990675708197,0.6943276497015121,14,6183.836239593636,optimal,optimal,-571.4484587951214,0.0,1430.1877398020229,0.5710653724186749,14,10728.725801983883,optimal,optimal,62.69140740697362,32.070807036183226,15.094464764135068,0.49877163418668213,1205.330588813369,1200.0,10781.373448715985,-475.5274108106974,647.9196611125748,3343.9682691350845,54387.739529292165,16,34084.96999552443,0,1.0002258932217956e-07,optimal,optimal,optimal,52531.700529792506,16.938320427666685,-596.4080020825502,58.88843711984316
2025-08-04,Q4-3 SEARCH,0.85,0.5,1205.330588813369,14,1205.330588813369,optimal,optimal,56290.508505417994,0.0,0.0,14,9949.116308333332,optimal,optimal,-746.3082956566911,0.0,2676.4317074287396,0.6781838080750646,14,8459.078795838637,optimal,optimal,-890.7805006118977,0.0,2085.7114288819057,0.5356602184347384,14,10275.494788582693,optimal,optimal,822.9483637606224,440.2666936333527,0.0,0.4980777765779526,1254.9088933794249,1205.330588813369,10757.27757685185,-814.1404325079664,79.19072940908403,429.06599784732043,55905.43407075735,4,32913.70428138561,0,1.0000007932831068e-07,optimal,optimal,optimal,57333.95837793083,-842.7546203326937,-882.6498601531066,828.3659374699411
2025-08-05,Q4-3 SEARCH,0.85,0.5,1254.9088933794249,14,1254.9088933794249,optimal,optimal,55069.26984380925,0.0,0.0,14,9960.987364197528,optimal,optimal,-533.8800325122684,0.0,2374.8793325673805,0.6514070044717825,14,6874.823824146488,optimal,optimal,-589.330586265814,6.662596888535177,1795.2116812485351,0.5443884935415514,14,10714.184110407004,optimal,optimal,141.05446035485028,80.0434877792251,0.0,0.48534017238128213,1295.6018353688607,1254.9088933794249,10800.000000000002,-982.156158423232,7.873684427137982e-08,1.999971802273709e-07,54087.11368558601,0,34445.673046312375,0,1.0002258932217956e-07,optimal,optimal,optimal,55862.305943795945,-675.637065050455,-622.5229192255,133.61279516337453
2025-08-06,Q4-3 SEARCH,0.85,0.5,1295.6018353688607,14,1295.6018353688607,optimal,optimal,62469.56807694542,0.0,0.0,14,9933.635212962963,optimal,optimal,-2496.8304375902567,23.33956950000004,6868.739471766406,0.6525128315425098,14,7719.011156851853,optimal,optimal,-583.9450176999621,76.8519881258743,1722.4304672247622,0.5641193725018402,14,10560.630819290818,optimal,optimal,97.90311497914269,150.2836294145692,34.2871299014207,0.4982502357568159,1260.623397919062,1260.623397919062,10800.0,-2982.872340311076,1.1579951781129534e-07,2.999967013513014e-07,59486.695736934336,0,35341.003647175225,0,1.0001531336456537e-07,optimal,optimal,optimal,62544.75760854915,-2537.8111784473294,-533.6948779238963,102.17484503854159
2025-08-07,Q4-3 SEARCH,0.85,0.5,1260.623397919062,14,1260.623397919062,optimal,optimal,59532.61795051865,0.0,0.0,14,9981.39659725309,optimal,optimal,-1932.3817900166005,412.19517590062634,9948.462078443288,0.6429302233506177,14,8394.035218536514,optimal,optimal,-361.30240006441784,308.79661832054796,2316.4991439264572,0.5904319249953356,14,10494.735730208276,optimal,optimal,42.63250215986207,29.872366387495344,0.0,0.49365180016289073,1357.3666882157834,1212.5087034746175,10794.17701821935,-2251.051687921156,8.555416751296201,74.52623478333967,57356.092497380836,1,34730.306342390664,0,1.0002258932217956e-07,optimal,optimal,optimal,61406.170984874625,-2366.3557996064274,-441.7974281570357,39.38351287219045
2025-08-08,Q4-3 SEARCH,0.85,0.5,1357.3666882157834,14,1357.3666882157834,optimal,optimal,22568.04840631144,0.0,0.0,14,3790.113690147231,optimal,optimal,-65.39136384326572,13.980826043955119,266.1682867164891,0.6613503777986639,14,10290.450415096413,optimal,optimal,-15.20981603219228,23.611657927967624,145.52666476508261,0.6143149845224394,14,10451.158232404316,optimal,optimal,461.5847999315974,285.425807384354,-2.2737367544323206e-13,0.48978286400541393,1200.0000000999999,1200.0000000999999,10451.158232404316,380.9836200561394,1.3746947021384494e-07,2.9999717500240876e-07,22949.03202666758,0,24200.383538803628,0,1.00000761449337e-07,optimal,optimal,optimal,23019.726367545267,-65.30084153994616,-16.201165784616784,444.7004647579116
2025-08-09,Q4-3 SEARCH,0.85,0.5,1200.0000000999999,14,1200.0000000999999,optimal,optimal,23038.43226159015,0.0,0.0,14,3292.281420159224,optimal,optimal,-183.35183264467938,0.0,531.026967883699,0.6663683445946732,14,10212.283476417993,optimal,optimal,114.41214451467539,162.2824741426576,162.3042666317582,0.6094412019941925,14,10491.118296608325,optimal,optimal,376.90876942137675,234.71039781934127,0.0,0.48784474955739615,1200.0,1200.0,10521.23855278054,307.96908129137273,1.520500243738244e-07,2.99999605772346e-07,23346.401343181522,0,25117.357800710393,1,1.0000030670198612e-07,optimal,optimal,optimal,23126.967349991704,-186.15810917174247,114.48467691472906,359.6320590706465
2025-08-10,Q4-3 SEARCH,0.85,0.5,1200.0,14,1200.0,optimal,optimal,58226.63064125084,0.0,0.0,14,8804.00200357886,optimal,optimal,-2076.737667369951,0.0,6872.513062874145,0.6211170180936489,14,7273.119098208489,optimal,optimal,-388.85065791574135,30.048059555303666,1139.0267554098539,0.5994622316985663,14,10768.00174186984,optimal,optimal,1.7670933284633439,1.304320563756289,1.636735170349718e-07,0.48912844105552206,1305.1787087209607,1200.0,10800.0,-2463.821231957229,1.5945608247116753e-07,3.999940572781613e-07,55762.80940969361,0,33011.23467230782,0,1.0002258932217956e-07,optimal,optimal,optimal,57528.38198330363,-2050.154451432028,-375.9940555716319,1.8084524126817658
2025-08-11,Q4-3 SEARCH,0.85,0.5,1305.1787087209607,14,1305.1787087209607,optimal,optimal,54229.76407639513,0.0,0.0,14,10001.219189312806,optimal,optimal,-469.01205495420055,346.23104234127493,4177.849296417726,0.6385870856108259,14,7874.682129273622,optimal,optimal,-274.63637234909606,189.1420302651204,1927.802274211005,0.6294949192170012,14,10607.333806267108,optimal,optimal,78.25434268012715,54.09261323702228,1.4596367907855703e-07,0.48150932555188575,1347.9860005849296,1200.0000000000002,10743.639559683175,-665.3940846231694,115.38924233912945,433.28213818397415,53997.65212995593,4,35539.839551766585,0,1.0001531336456537e-07,optimal,optimal,optimal,55450.22948894373,-566.1018107041463,-329.87043561882535,75.08534122000052
2025-08-12,Q4-3 SEARCH,0.85,0.5,1347.9860005849296,14,1347.9860005849296,optimal,optimal,59519.24938810148,0.0,0.0,14,8721.32006108025,optimal,optimal,-758.3030327955042,529.6653287270083,5171.023904967486,0.6579314646080543,14,7376.647086355424,optimal,optimal,-592.9732528011862,84.64998469832267,2134.702912585061,0.6305485638247644,14,10551.062137890203,optimal,optimal,228.27848513816798,136.2465461947771,0.0,0.4938825578324993,1324.7687678810732,1226.5554635478927,10681.335556980277,-1122.9978004585223,7.500044119974549e-08,1.9999999999999996e-07,58396.25158784296,0,33446.66734486061,0,1.0000803740695119e-07,optimal,optimal,optimal,59446.653668160085,-827.0972954224718,-566.3254421845274,221.35512925810974
2025-08-13,Q4-3 SEARCH,0.85,0.5,1324.7687678810732,14,1324.7687678810732,optimal,optimal,53710.1967642171,0.0,0.0,14,9846.397069180937,optimal,optimal,-807.8673369894732,1.276633446620167,3236.0594795513252,0.6636250719910565,14,6624.136169366121,optimal,optimal,146.0595472933428,181.63597066577907,232.92783453452046,0.6375764052198012,14,10273.306294101638,optimal,optimal,943.4549265524528,419.02371818849065,0.0,0.48636710448639064,1327.2191724340653,1324.7687678810732,10694.338316094518,281.6471368563224,54.85038916801843,341.85923331696125,54333.70313439038,2,33217.944993113124,0,1.0002258932217956e-07,optimal,optimal,optimal,54724.89661625569,-871.2562547620264,137.04647220256396,918.4666748490337
2025-08-14,Q4-3 SEARCH,0.85,0.5,1327.2191724340653,14,1327.2191724340653,optimal,optimal,54134.2226313887,0.0,0.0,14,9051.314314506173,optimal,optimal,1067.041437926484,1280.4648921310331,-5.684341886080801e-13,0.6482080247719977,14,6251.99145541511,optimal,optimal,-848.3884733668774,0.0,2128.16566066507,0.6253723534546054,14,10641.283751569023,optimal,optimal,209.67797437514182,136.49613175668907,0.0,0.49129040229744053,1326.9991831208606,1234.5652036669055,10785.458304520236,428.33093893474836,33.186550046478494,282.6379008499937,54845.19147117344,2,37517.19820841304,0,1.0002258932217956e-07,optimal,optimal,optimal,54343.32038055197,1017.1777943322951,-883.3293844721272,199.736930765189
2025-08-15,Q4-3 SEARCH,0.85,0.5,1326.9991831208606,14,1326.9991831208606,optimal,optimal,23350.464482470124,0.0,0.0,14,3124.1336586710086,optimal,optimal,-265.56295288663273,0.0,745.9426035857784,0.5942642764271766,14,10356.544762944473,optimal,optimal,-160.28345549576633,0.0,464.68825167479423,0.6003820666342511,14,10573.49656912454,optimal,optimal,316.35993388261943,194.4708330826581,0.0,0.49087435448079364,1200.0,1200.0,10573.49656912454,-109.48647449977966,169.28574167582366,402.4392879533295,23643.417295923675,5,26043.54082771491,0,1.0000030670198612e-07,optimal,optimal,optimal,23168.31674113388,-256.11542684163646,-156.6562428671067,299.5470035246173
2025-08-16,Q4-3 SEARCH,0.85,0.5,1200.0,14,1200.0,optimal,optimal,24104.214356831326,0.0,0.0,14,2183.8584907407408,optimal,optimal,-485.83059184624545,260.09851474476227,2291.5624131145123,0.6479028246009881,14,10314.213109234586,optimal,optimal,-166.36500386699117,10.619048566778247,529.6318153381454,0.650273640697687,14,10695.007777366583,optimal,optimal,115.58200369686269,83.1846038373939,0.0,0.48962799250387584,1200.0,1200.0,10695.007777366583,-536.6135920163739,291.6691828147959,712.887199414277,24280.48796422923,10,25230.643564477472,1,1.000043994281441e-07,optimal,optimal,optimal,23853.904948493982,-497.1544212933302,-158.37734278477438,112.80314390746858
2025-08-17,Q4-3 SEARCH,0.85,0.5,1200.0,14,1200.0,optimal,optimal,54217.294471327026,0.0,0.0,14,9669.158867670843,optimal,optimal,-753.3464009193683,91.6367751402098,3362.1914405842545,0.6915579962073286,14,8761.678766358049,optimal,optimal,98.60270188691103,387.3182029222397,2015.781408146341,0.687609971666008,14,10516.219077678488,optimal,optimal,495.71417307824,220.17600073372364,0.0,0.4890451458000555,1266.1155541856444,1200.0,10577.894292081533,-159.02952595421726,57.323411529584305,192.80729453405445,54251.07223990686,1,35007.175131308904,0,1.0002258932217956e-07,optimal,optimal,optimal,54524.72073047071,-743.8521317950153,88.65850935133417,485.9930950292975
2025-08-18,Q4-3 SEARCH,0.85,0.5,1266.1155541856444,14,1266.1155541856444,optimal,optimal,53907.83307881688,0.0,0.0,14,9524.906425824453,optimal,optimal,-275.53880282944954,3.1304249999969898,594.6269729812497,0.6781507460751997,14,7822.627337072124,optimal,optimal,-836.6983739326866,0.0,2546.5420622855295,0.7021593032559368,14,10675.271283227179,optimal,optimal,54.2448435845635,122.3474475554358,95.65307576775683,0.4956374248803409,1209.6307438483477,1209.6307438483477,10799.999999958642,-1057.9923331775726,65.52918924334588,424.1157441490946,53273.956489788405,5,36620.29386098491,0,1.00000761449337e-07,optimal,optimal,optimal,53076.36763531002,-291.4125668774003,-844.1583613819973,63.91264028861691
2025-08-19,Q4-3 SEARCH,0.85,0.5,1209.6307438483477,14,1209.6307438483477,optimal,optimal,52239.89889206886,0.0,0.0,14,7771.503301024139,optimal,optimal,-764.6122295757283,3.597783792141513,1896.9767176704945,0.6762293729044987,14,6884.6311946620035,optimal,optimal,-100.17835929529136,126.35034287859344,1104.6332180570403,0.7092207232563178,14,10751.69998582095,optimal,optimal,35.039590466307956,76.39041359910586,55.76241779292263,0.48853685624552856,1209.7344020400774,1200.0,10800.0,-829.7509984047117,507.6473721096326,1663.1590553198694,53073.30694898401,6,34271.16746680964,0,1.0000167094403878e-07,optimal,optimal,optimal,52271.91159799635,-785.1533608037214,-66.0865080019002,35.94391653028939
2025-08-20,Q4-3 SEARCH,0.85,0.5,1209.7344020400774,14,1209.7344020400774,optimal,optimal,57952.72757183343,0.0,0.0,14,9825.154723158967,optimal,optimal,-416.79333905266293,850.7726198233288,4749.289725051505,0.6574229186077033,14,6919.308939798938,optimal,optimal,-643.8987522140567,7.797683047789519,2033.2024432127123,0.7019358162136711,14,10435.471109002454,optimal,optimal,688.6314866782049,348.83593251540657,48.68429089665449,0.4949869553886707,1200.0000000405516,1200.0000000405516,10748.425249304171,-372.0606045885148,832.9088488820373,2589.3912334239803,60170.05820066889,11,39570.723923427824,0,1.0002258932217956e-07,optimal,optimal,optimal,57436.051424921636,-475.14039450172334,-664.5946691957445,678.1804214919752
2025-08-21,Q4-3 SEARCH,0.85,0.5,1200.0000000405516,14,1200.0000000405516,optimal,optimal,54897.72878865629,0.0,0.0,14,9600.463452283955,optimal,optimal,-1037.3479555431022,125.43942757110165,4187.94115378906,0.6557292115046435,14,8661.801777858698,optimal,optimal,-453.31807936254836,0.0,1355.362589096205,0.701031780265046,14,10775.709700252335,optimal,optimal,25.766470100576708,21.892842013927257,19.910874375758,0.4890039359765646,1203.2957295497831,1200.0000000405516,10800.0,-1464.8995648050739,4.271194298771997e-08,1.0001029762859956e-07,53432.82922395122,0,34946.10258058931,0,1.0000030670198612e-07,optimal,optimal,optimal,54541.37604668258,-967.4355865605255,-415.97175153887724,26.47801720112246
2025-08-22,Q4-3 SEARCH,0.85,0.5,1203.2957295497831,14,1203.2957295497831,optimal,optimal,22984.16069035635,0.0,0.0,14,2567.1247374450904,optimal,optimal,-165.99602712145153,205.27115371621022,1064.794898338118,0.6583197393672393,14,10799.999999999996,optimal,optimal,-88.61113642638817,0.8372568398944509,241.5459379626607,0.6948573172098758,14,10697.838529336463,optimal,optimal,125.80972747813709,96.69094517607391,45.81480731933915,0.4915124480488121,1209.9074261415908,1200.0,10800.0,-128.79743606970263,466.37897017809513,1717.569927072882,24572.933181359527,10,25931.272538716927,0,1.0001167538575828e-07,optimal,optimal,optimal,22516.873829353834,-152.55404995331702,-87.1421547420367,128.3587362714308
2025-08-23,Q4-3 SEARCH,0.85,0.5,1209.9074261415908,14,1209.9074261415908,optimal,optimal,21979.78286401894,0.0,0.0,14,3604.279778470478,optimal,optimal,437.906702468329,363.09767506170306,3.410605131648481e-13,0.6058134901014761,14,10242.358475547897,optimal,optimal,391.0200120075125,361.1862788678021,0.0,0.6601162024122131,14,10404.333659053409,optimal,optimal,515.154557203756,300.34354358683476,-1.1368683772161603e-13,0.5029916316476155,1200.0000000999999,1200.0000000999999,10509.458001264267,1344.0812716795974,22.743533804930177,46.54464186311098,23370.40877756165,1,24609.66836493784,0,1.0000030670198612e-07,optimal,optimal,optimal,22201.696776453657,424.25415214829553,406.9921888165765,542.0988733031692
2025-08-24,Q4-3 SEARCH,0.85,0.5,1200.0000000999999,14,1200.0000000999999,optimal,optimal,53756.082333397324,0.0,0.0,14,8406.14826579005,optimal,optimal,-719.6059244764921,170.84054376097703,1968.2973959417454,0.5308569644877952,14,6756.781176404672,optimal,optimal,1007.1112390825878,920.7894697633196,716.5968653698951,0.6662297406499984,14,10335.506157707818,optimal,optimal,692.9043205337355,302.4714328063517,-1.1368683772161603e-13,0.5073888090741119,1211.5011591102812,1200.0000000999999,10434.383282965695,980.4096351398312,17.061232174897203,45.0245916924898,54781.51656022965,1,35431.198296267634,0,1.00000761449337e-07,optimal,optimal,optimal,53515.28761764877,-701.9841777832415,1018.1558568533718,674.0861535673895
2025-08-25,Q4-3 SEARCH,0.85,0.5,1211.5011591102812,14,1211.5011591102812,optimal,optimal,67784.81657782025,0.0,0.0,14,9438.119673580242,optimal,optimal,-2293.3433386607157,58.82567751663862,6017.913785606139,0.499913215657138,14,7940.523535943635,optimal,optimal,-1881.037916692887,0.0,4864.435178126829,0.6300758947746071,14,10708.233664852454,optimal,optimal,68.80286782223524,42.64522149536187,0.0,0.5027275256935653,1235.7469999867603,1211.5011591102812,10800.0,-4105.578387531367,10.58083345302609,29.589300716661203,63708.82749100555,1,35451.97920539499,0,1.0000621841754764e-07,optimal,optimal,optimal,66014.14871670655,-2197.9100309993237,-1772.5859270160004,69.70439301882213
2025-08-26,Q4-3 SEARCH,0.85,0.5,1235.7469999867603,14,1235.7469999867603,optimal,optimal,53697.24924253543,0.0,0.0,14,9432.136646065983,optimal,optimal,1184.2281093414736,2097.819201331013,1.648291651546515,0.5979866448858352,14,7165.625933919163,optimal,optimal,-674.3162436552135,0.4517862617042283,2104.9289280112657,0.6922316638062922,14,10728.249385528105,optimal,optimal,66.85056046902923,53.3657804871177,0.0,0.5063891595728066,1257.595092282205,1235.7469999867603,10775.26520406055,576.7624261552893,8.019900063343031e-08,1.999973105422214e-07,54274.011668890715,0,35825.69077422503,0,1.0000849215430208e-07,optimal,optimal,optimal,53948.96749175106,1345.318358728116,-682.1559749463638,67.10425763066374
2025-08-27,Q4-3 SEARCH,0.85,0.5,1257.595092282205,14,1257.595092282205,optimal,optimal,53724.066058018376,0.0,0.0,14,9963.419444444444,optimal,optimal,4046.1937154961024,5044.33252680752,1.1368683772161603e-13,0.6062777887328278,14,7479.875277214257,optimal,optimal,-300.0604880575843,52.51464185265587,1856.3787699342424,0.6933488819564549,14,10652.62119897565,optimal,optimal,102.94014726873273,65.59047582791652,0.0,0.4985681945747256,1266.520904669641,1251.5370552451682,10800.0,3849.073374707251,8.067811103940534e-08,1.9999707447150287e-07,57573.13943292562,0,35320.03462997983,0,1.00000761449337e-07,optimal,optimal,optimal,54256.51589924156,4092.247611110308,-371.00573054558595,102.4244763794551
2025-08-28,Q4-3 SEARCH,0.85,0.5,1266.520904669641,14,1266.520904669641,optimal,optimal,52097.19688293033,0.0,0.0,14,9852.91080939186,optimal,optimal,5164.496980650203,5352.990292478327,-1.1368683772161603e-13,0.5940174345430578,14,6675.913886436622,optimal,optimal,613.7942748041717,429.1718149803413,101.64160907864698,0.7006368353842833,14,10640.435711400109,optimal,optimal,257.7282511174253,138.9724419494246,1.1368683772161603e-13,0.5019018731063353,1245.621147653714,1242.7515661941266,10720.445068651119,6036.0195065718,9.907500048768714,83.31712135000132,58216.53351085213,1,37303.904379503125,0,1.0000053407566156e-07,optimal,optimal,optimal,51928.40444588386,4818.485478375673,630.633508661543,265.04081965910075
2025-08-29,Q4-3 SEARCH,0.85,0.5,1245.621147653714,14,1245.621147653714,optimal,optimal,24312.561531664745,0.0,0.0,14,4778.984105483115,optimal,optimal,-569.4792896398233,0.0,1775.2662855772783,0.6068280399524457,14,10800.0,optimal,optimal,373.3940817139441,351.67786423528435,26.702663576266662,0.699339001927485,14,10800.0,optimal,optimal,-9.425675249089279,0.0,14.772628010184613,0.5021990957497002,1247.3280027195767,1245.621147653714,10800.0,-205.51088317496843,0.45658984944120184,0.9451410495329313,24107.99578953931,1,26679.026564330998,0,1.0003850547946058e-07,optimal,optimal,optimal,24520.895003102076,-546.7101521500306,380.1532227242526,-10.012632580227399
2025-08-30,Q4-3 SEARCH,0.85,0.5,1247.3280027195767,14,1247.3280027195767,optimal,optimal,24200.724029374684,0.0,0.0,14,3690.7572613993884,optimal,optimal,-300.1131641255646,101.10287996136168,1456.4127333257643,0.630167851511901,14,10229.777828596416,optimal,optimal,-47.9576918917961,23.808874211992077,245.1753879061109,0.7088846325347387,14,10513.313302197119,optimal,optimal,379.25861152036293,216.3444861728215,0.0,0.49209123444232894,1200.000000041175,1200.0,10616.081213509728,31.187755503002222,205.59659485827376,530.040536104609,24761.952320982295,4,25506.16754187402,0,1.00000761449337e-07,optimal,optimal,optimal,23748.857859488242,-230.36235848524015,-40.26347913265347,372.0357718905605
2025-08-31,Q4-3 SEARCH,0.85,0.5,1200.000000041175,14,1200.000000041175,optimal,optimal,54045.000074012,0.0,0.0,14,8294.183589614426,optimal,optimal,-259.7404137942995,55.501397375740765,769.8213371872756,0.663126539336752,14,5680.41630262086,optimal,optimal,-476.46911131684567,70.58255041950702,1586.7636691082623,0.7116215683822784,14,10398.124564384172,optimal,optimal,690.03046374684,313.9002054469362,0.0,0.4881845379014907,1212.1544971254843,1200.000000041175,10626.617531139149,-46.1790613643052,566.0724820558015,2510.543000822284,56509.36401346998,15,35994.00130849909,0,1.0002258932217956e-07,optimal,optimal,optimal,54309.292473979134,-247.96974412033282,-449.95966019187557,701.8236983175949
2025-09-01,Q4-3 SEARCH,0.85,0.5,1212.1544971254843,14,1212.1544971254843,optimal,optimal,53944.44617447279,0.0,0.0,14,9780.26196165678,optimal,optimal,-2818.120920805228,0.0,8704.258900462723,0.6857825686932912,14,8152.940540336529,optimal,optimal,340.04028747653007,648.456273546986,2379.628736677569,0.7027734359632896,14,10800.0,optimal,optimal,-48.91409069402947,0.0,75.25155798543706,0.4926448635117142,1253.9437323071365,1212.1544971254843,10800.0,-2526.994724022727,4.940711462450593e-08,1e-07,51417.45145055006,0,32416.288060223214,0,1.00000761449337e-07,optimal,optimal,optimal,60065.74943760084,-2649.6679543525615,365.17479393429585,-49.00777153517341
2025-09-02,Q4-3 SEARCH,0.85,0.5,1253.9437323071365,14,1253.9437323071365,optimal,optimal,48109.1563906805,0.0,0.0,14,9958.661574074074,optimal,optimal,1075.6332626182425,1043.938892877035,33.593215980528385,0.6467821852969481,14,8194.06471695827,optimal,optimal,-490.81612497767037,48.352411922434726,2412.9897708825215,0.6591325437812325,14,10800.0,optimal,optimal,-50.70679052635685,0.0,77.47392634196949,0.4946689038145473,1420.5432461773632,1253.9437323071365,10800.0,534.1103471142153,9.450596956160718e-08,1.9999724431963842e-07,48643.26673799471,0,33066.89539178111,0,1.0000803740695119e-07,optimal,optimal,optimal,53536.106959979326,1005.6306025787552,-509.4443888145331,-52.22800047328277
2025-09-03,Q4-3 SEARCH,0.85,0.5,1420.5432461773632,14,1420.5432461773632,optimal,optimal,52268.77748662766,0.0,0.0,14,9973.114351851851,optimal,optimal,-1111.868533295623,121.25529441141464,4267.637681933266,0.6330887283931688,14,7709.098721772938,optimal,optimal,-341.16430672554065,157.83508946718905,2490.75657330009,0.6585883797181437,14,10742.329999174075,optimal,optimal,-39.23109150276079,0.0,58.8903319966856,0.5006507811115972,1549.6643928230883,1420.5432461773632,10800.0,-1492.2639315239244,4.81811611659841e-08,1e-07,50776.51355520374,0,31829.000552803198,0,1.00000761449337e-07,optimal,optimal,optimal,57016.83796334021,-1033.7896011688651,-294.7297063946172,-38.296938382548284
2025-09-04,Q4-3 SEARCH,0.85,0.5,1549.6643928230883,14,1549.6643928230883,optimal,optimal,51343.79655273803,0.0,0.0,14,9966.774685370365,optimal,optimal,-974.8213372349636,116.9789018212208,3669.4250971754914,0.6470932374180206,14,9038.035867460525,optimal,optimal,-507.2800230721557,29.653741676773897,1836.0722452107525,0.6595582772279038,14,10800.0,optimal,optimal,-42.34782654782168,0.0,63.40375111942434,0.49963566447790875,1718.6144129036823,1549.6643928230883,10800.0,-1524.4491868549408,5.279837622236805e-08,1.0000014646600985e-07,49819.34736598309,0,33994.616964114175,0,1.0003691386373248e-07,optimal,optimal,optimal,56433.882347648,-905.6818751059918,-477.72080063767567,-40.80754418681758
2025-09-05,Q4-3 SEARCH,0.85,0.5,1718.6144129036823,14,1718.6144129036823,optimal,optimal,20408.550447761427,0.0,0.0,14,6451.292954475308,optimal,optimal,-333.2085220077836,0.0,1081.768587729071,0.643060192890471,14,10782.181941631901,optimal,optimal,-41.74769303624436,0.0,131.13836654083664,0.6614877220633096,14,10800.0,optimal,optimal,-1.9485336770455943,0.0,3.5858184910025748,0.49731762989364126,1962.4069259097687,1718.6144129036823,10800.0,-376.90474872107353,1.416797218306055e-07,6.000009914510882e-07,20031.645699640354,0,23163.546883408773,0,1.0000285647038255e-07,optimal,optimal,optimal,23387.345575505737,-312.7861347515652,-40.08781211726893,-1.936018354896839
2025-09-06,Q4-3 SEARCH,0.85,0.5,1962.4069259097687,14,1962.4069259097687,optimal,optimal,20216.423763830117,0.0,0.0,14,6097.711230833334,optimal,optimal,-240.31862375762068,0.0,755.9964029662301,0.629681704470789,14,10411.661795079743,optimal,optimal,-166.98087289370636,5.564015469206311,569.7281980103135,0.6401143806251246,14,10800.0,optimal,optimal,-8.995647249292052,29.50388121437525,41.106582968410635,0.5015551084953167,1475.2274697574665,1475.2274697574665,10800.0,-416.2951439006191,4.549590536851684e-08,1.0000000000000002e-07,19800.1286200295,0,23941.77525248092,0,1.00000761449337e-07,optimal,optimal,optimal,22782.276615905714,-226.63414851797353,-177.0311449591362,-3.516629613576548
2025-09-07,Q4-3 SEARCH,0.85,0.5,1475.2274697574665,14,1475.2274697574665,optimal,optimal,48144.42804545841,0.0,0.0,14,9917.991545370365,optimal,optimal,373.3111935849511,643.0759836620064,486.18111719355545,0.6191595196935172,14,7978.152343438972,optimal,optimal,-691.0746319558241,9.117362312873524,2363.7003480606627,0.5952285741769116,14,10800.0,optimal,optimal,-22.911349701072567,62.95929474751083,95.46497210584141,0.5047063537616997,2021.4177614169812,1475.2274697574665,10800.0,-340.6747880719455,-6.617444900424222e-24,-1.350951376421605e-23,47803.75325738646,0,34353.273058949024,0,1.00000761449337e-07,optimal,optimal,optimal,53147.93110727322,343.65820304806334,-666.3054413860381,-16.273376678113742
2025-09-08,Q4-3 SEARCH,0.85,0.5,2021.4177614169812,14,2021.4177614169812,optimal,optimal,49059.246174693595,0.0,0.0,14,9879.00467925926,optimal,optimal,-1717.5561946439075,0.0,4969.379542913966,0.5890050815376172,14,8677.062200213726,optimal,optimal,516.5485887612174,848.409807427415,2375.820718992405,0.6161005294772953,14,10789.198746075383,optimal,optimal,0.8818497500881008,161.14376765799568,180.6628323312113,0.5044000864482837,2153.1205330142784,2021.4177614169812,10800.0,-1200.125756132602,4.2043304603741857e-08,1e-07,47859.120418661,0,33579.30836306094,0,1.00000761449337e-07,optimal,optimal,optimal,50549.58741607895,-1569.400728507128,391.0764317720087,-15.606251942540283
2025-09-09,Q4-3 SEARCH,0.85,0.5,2153.1205330142784,14,2153.1205330142784,optimal,optimal,42455.6977952307,0.0,0.0,14,9981.140277777778,optimal,optimal,305.41231201747354,359.73606353058176,642.5600821791659,0.5832907549539084,14,8590.638147700789,optimal,optimal,130.05481127809222,107.09410319842338,0.0,0.605951522756062,14,10800.0,optimal,optimal,-23.80062360000985,76.41050004385806,109.90824114417804,0.5041177237320598,2297.2286350166446,2153.1205330142784,10800.0,411.66649969555596,4.391860678201446e-08,1.0000250303843441e-07,42867.36429502626,0,33289.61112217698,0,1.00000761449337e-07,optimal,optimal,optimal,44070.74232676616,270.0090912517182,122.87380637644597,-19.21966177753785
2025-09-10,Q4-3 SEARCH,0.85,0.5,2297.2286350166446,14,2297.2286350166446,optimal,optimal,50251.09759209098,0.0,0.0,14,9855.67338944445,optimal,optimal,-2404.093786694727,0.0,6701.281159975894,0.5988800152636744,14,7780.6075593785845,optimal,optimal,1118.2101095392525,1175.1214872517592,1136.8403480034679,0.5945906680289522,14,10800.0,optimal,optimal,-31.45090675512902,33.531830094600956,78.10538559866856,0.49891275148838615,2361.4703707114736,2214.2753600328037,10800.0,-1317.3345839106034,1.458048210973911e-07,2.999973166813106e-07,48933.76300848037,0,37305.10118185041,0,1.00000761449337e-07,optimal,optimal,optimal,51532.43407284034,-2263.432374734316,1154.0886917527891,-28.4031259797783
2025-09-11,Q4-3 SEARCH,0.85,0.5,2361.4703707114736,14,2361.4703707114736,optimal,optimal,49137.5806745371,0.0,0.0,14,9977.201879814815,optimal,optimal,-2875.725656916274,0.0,9754.177794930038,0.5880415537816107,14,7338.609344435152,optimal,optimal,-334.79670313768645,18.347932666723768,1754.7603869032218,0.6259278212838969,14,10800.0,optimal,optimal,-32.002482888664325,43.29683601328824,83.98889600145708,0.49993537315028147,2375.1013782012533,2139.2003057407405,10800.0,-3242.524842942625,5.0239123083883896e-08,9.997585493692897e-08,45895.05583169445,0,34668.398157250864,0,1.00000761449337e-07,optimal,optimal,optimal,51759.48644018,-3042.083994580455,-399.02957485139694,-26.521231617149926
2025-09-12,Q4-3 SEARCH,0.85,0.5,2375.1013782012533,14,2375.1013782012533,optimal,optimal,16416.72475587007,0.0,0.0,14,4868.4285261495215,optimal,optimal,-74.4846748472902,4.004252777778447,238.75999733193885,0.6520319708155243,14,10799.999999999998,optimal,optimal,453.178178866141,489.2232040519521,0.0,0.6564116385705948,14,10785.627956790127,optimal,optimal,10.477314551095873,8.005890073179156,0.0,0.5015770938912641,2584.320163155982,2375.1013782012533,10800.0,389.17081856994673,2.0123650057945826e-07,3.0001842610261065e-07,16805.895574740032,0,24319.543716877568,0,1.00000761449337e-07,optimal,optimal,optimal,17363.21708079775,-72.20621555252623,445.15630975001596,10.374966816029938
2025-09-13,Q4-3 SEARCH,0.85,0.5,2584.320163155982,14,2584.320163155982,optimal,optimal,16478.716152839723,0.0,0.0,14,4992.912736709212,optimal,optimal,83.27046407188192,88.74352470548911,1.1368683772161603e-12,0.6284207535701016,14,10799.999999999998,optimal,optimal,178.41702035822922,189.05268903032362,0.0,0.6742835971285835,14,10800.0,optimal,optimal,8.157457439423836e-08,2.449040570829826e-07,3.023501486241735e-07,0.4962766172060653,1751.4164614768033,1751.4164614768033,10800.0,261.6874845116857,24.16657597060956,89.83924583931841,16830.242883190727,1,25468.938433038955,0,1.000043994281441e-07,optimal,optimal,optimal,17589.973987393132,72.33902670233616,158.39162064718872,1.0000545696821066e-07
2025-09-14,Q4-3 SEARCH,0.85,0.5,1751.4164614768033,14,1751.4164614768033,optimal,optimal,50285.99585568764,0.0,0.0,14,9986.40375925926,optimal,optimal,-1538.4074627187229,319.1581695817257,5427.777743620028,0.5997059312486834,14,8307.762362868312,optimal,optimal,-418.5114379588566,2.6013453378186546,1813.1391624119537,0.6705761840013984,14,10800.0,optimal,optimal,1.0031552205241813e-07,1.6045349016701557e-07,0.0,0.4999769143926499,2331.3021108323464,1725.0906188842105,10800.0,-1956.9189005772641,16.97903073279681,108.80047626218217,48437.87743137255,2,33999.98342387258,0,1.0001531336456537e-07,optimal,optimal,optimal,51715.578576776796,-1561.4210261330015,-418.78056701702087,9.999272404238581e-08
2025-09-15,Q4-3 SEARCH,0.85,0.5,2331.3021108323464,14,2331.3021108323464,optimal,optimal,36380.964697404284,0.0,0.0,14,8625.560820481393,optimal,optimal,683.0096271685821,932.2279085409856,731.9791499820275,0.6397064326178523,14,7090.78443,optimal,optimal,-156.20341009442504,66.41947113358336,529.8951341483895,0.6536509014215771,14,10663.88844438214,optimal,optimal,-58.55483491039106,0.0,86.0657659192452,0.5046865898593866,1227.6642870336616,1200.0,10800.0,468.25138216376604,3308.5205696621942,15141.957202231446,51991.1732817995,48,37801.43560255661,0,1.0001167538575828e-07,optimal,optimal,optimal,35654.56614057133,616.7564059162096,-145.23124194247143,-55.94460742095248
2025-09-16,Q4-3 SEARCH,0.85,0.5,1227.6642870336616,14,1227.6642870336616,optimal,optimal,47550.78688970786,0.0,0.0,14,9317.42046542481,optimal,optimal,-1039.9660634124416,188.78442685356126,3762.65352414967,0.6305962899285288,14,7965.745156025529,optimal,optimal,-842.8360032806644,31.413391102520336,3147.563525334936,0.6633295134036267,14,10700.18872361321,optimal,optimal,176.03074658483405,90.46005633872444,7.219875897135353e-08,0.5020586530000306,1200.000000047486,1199.9999999999998,10800.0,-1706.771320108272,889.8405178978819,3086.2703145524,48930.285884151985,24,36205.51840800109,0,1.0000803740695119e-07,optimal,optimal,optimal,45743.54625734285,-935.8238098341251,-731.268622032302,187.22322481251388
2025-09-17,Q4-3 SEARCH,0.85,0.5,1200.000000047486,14,1200.000000047486,optimal,optimal,45665.915236684465,0.0,0.0,14,9836.299809519063,optimal,optimal,-726.1073751091866,116.40702100181517,2808.423113007511,0.6569124032531548,14,6663.125614256177,optimal,optimal,-701.527285599109,0.0,2276.617134858196,0.7042296545107055,14,10444.14943931034,optimal,optimal,33.36594020115716,50.03396983118145,0.0,0.5065692278951262,1489.2528890538863,1200.000000047486,10800.0,-1394.2687205071384,3.273046349353142e-07,6.999921145805274e-07,44271.646516877314,0,38102.125580198626,0,1.0000803740695119e-07,optimal,optimal,optimal,45445.23156806642,-794.7211597148788,-753.0903672050706,34.94991795732782
2025-09-18,Q4-3 SEARCH,0.85,0.5,1489.2528890538863,14,1489.2528890538863,optimal,optimal,39907.0484351426,0.0,0.0,14,9725.157065462963,optimal,optimal,3671.3198230878406,4914.822693136994,4.547473508864641e-13,0.6625954661139571,14,7754.606870271413,optimal,optimal,-459.54495546352894,0.0,1944.9284170477006,0.7085562913375641,14,10798.073342376108,optimal,optimal,2.1540892603927158,1.7339921261378897,0.0,0.504025400438964,1433.7417380942018,1200.0,10800.0,3213.9289568847043,204.16838357316243,951.6849615612978,44072.662353588596,4,37573.87222481324,0,1.00000761449337e-07,optimal,optimal,optimal,39496.03863634885,3543.8077591579263,-464.3133899160901,2.183254068159988
2025-09-19,Q4-3 SEARCH,0.85,0.5,1433.7417380942018,14,1433.7417380942018,optimal,optimal,14947.10486978882,0.0,0.0,14,3304.1970370370364,optimal,optimal,453.45696801515936,524.4056047040601,0.0,0.6040508381564603,14,10667.017530012523,optimal,optimal,-98.40804601447576,0.0,302.3717280786467,0.6796524299449376,14,10151.113842509854,optimal,optimal,88.75162935081505,70.4157037936518,36.48258082386721,0.507404420116446,1878.6237536158346,1200.0,10725.881906330324,443.80055135149865,21.248426736758326,54.63254881921952,15445.537969959538,3,27349.709075797182,0,1.00000761449337e-07,optimal,optimal,optimal,14614.748891428328,432.17456638022657,-97.72480033273932,93.9279044673853
2025-09-20,Q4-3 SEARCH,0.85,0.5,1878.6237536158346,14,1878.6237536158346,optimal,optimal,14458.719483498571,0.0,0.0,14,3869.5429625897073,optimal,optimal,35.83032021541699,122.61876358545368,200.46242578458788,0.618494856602712,14,10630.338439595555,optimal,optimal,-81.52074909991035,0.5459478362764685,232.66324678751906,0.6813228947568293,14,10586.366460664603,optimal,optimal,255.02183227828957,185.9053404266879,10.036156542355457,0.5136720437185134,1761.9597717870292,1200.0,10663.632612511634,209.33140339379622,67.63077132215241,227.90859038897466,14895.959477281343,4,28951.62104247073,0,1.0000258043874055e-07,optimal,optimal,optimal,14636.046650084852,29.289291958389846,-79.76538230853733,275.3717754690128
2025-09-21,Q4-3 SEARCH,0.85,0.5,1761.9597717870292,14,1761.9597717870292,optimal,optimal,45900.21994671019,0.0,0.0,14,9740.36957357299,optimal,optimal,-711.2341070373808,28.568129711349172,2077.7740548514957,0.6346557534713684,14,8766.483098973127,optimal,optimal,-251.67454018015877,264.602301857824,2344.6460627162496,0.671496083884096,14,9969.735185185185,optimal,optimal,21.596614241700827,17.55165800297914,26.64675525691746,0.5098321209063945,1432.1531785110442,1237.6536590119742,10800.0,-941.3120329758386,4.5037751995204385,9.881282746392039,44968.78919648074,1,36161.79331942949,0,1.0000098882301245e-07,optimal,optimal,optimal,44571.47797159909,-674.7786279145447,-257.37035397865174,21.170899572079115
2025-09-22,Q4-3 SEARCH,0.85,0.5,1432.1531785110442,14,1432.1531785110442,optimal,optimal,49710.76598078004,0.0,0.0,14,9730.137852777778,optimal,optimal,-1974.849930077369,0.0,6234.942389791795,0.5961856585986904,14,7414.712577229901,optimal,optimal,-970.9763918148786,-2.2737367544323206e-13,3132.3603632369495,0.6889689027780561,14,9904.806788049755,optimal,optimal,34.263010299777754,48.25805742188676,0.0,0.5062345508562796,1378.8834517789894,1341.4442812849488,10713.040121383088,-2911.5633115924697,10.906666857757275,71.60772039999758,46870.81038958756,1,38016.32310863444,0,1.00000761449337e-07,optimal,optimal,optimal,48256.66083312971,-1877.8360837395087,-998.9566936765773,40.3450419233624
2025-09-23,Q4-3 SEARCH,0.85,0.5,1378.8834517789894,14,1378.8834517789894,optimal,optimal,48435.69719098075,0.0,0.0,14,9855.230694444444,optimal,optimal,-1200.8594125437749,0.0,3536.1525804400308,0.6007918642121185,14,7642.939939013683,optimal,optimal,-652.2871862723036,0.0,2615.2872893266103,0.7102688362697962,14,9984.85071306296,optimal,optimal,-15.085790416307479,0.0,23.781475089997333,0.5065599454064115,1438.5056582310328,1201.7756093427088,10800.0,-1868.232389232386,12.777751603768682,62.39441975261904,46629.859221500985,2,37851.53710352381,0,1.00000761449337e-07,optimal,optimal,optimal,47547.143296800874,-1141.068729483458,-637.8365670683497,-16.186696478344707
2025-09-24,Q4-3 SEARCH,0.85,0.5,1438.5056582310328,14,1438.5056582310328,optimal,optimal,41932.94744935782,0.0,0.0,14,9602.569160185187,optimal,optimal,227.91048679458913,239.7191989813207,0.0,0.5845800036227553,14,5876.1855455467075,optimal,optimal,1359.4320685959615,1437.4667950664827,12.966858897500423,0.6814649911595012,14,9645.062214293777,optimal,optimal,504.0457817202007,320.5688538680164,49.15283928116528,0.48410891445068943,1574.8552356760024,1315.8007185927647,10478.860985898718,2091.3883371107513,469.0118692961047,1663.984248957929,45688.3200354265,12,36340.21407523936,0,1.0000030670198612e-07,optimal,optimal,optimal,41462.65018747518,212.05762013720235,1294.5492011403169,502.9471295690523
2025-09-25,Q4-3 SEARCH,0.85,0.5,1574.8552356760024,14,1574.8552356760024,optimal,optimal,46550.10357626971,0.0,0.0,14,9836.51499545917,optimal,optimal,68.54509718634885,454.85312552401507,929.5954267815259,0.6106822775604211,14,7646.800131788236,optimal,optimal,-600.5851593151475,0.2159905529073285,2445.1639030830916,0.6951975924865397,14,10600.709584579019,optimal,optimal,224.91185016081303,178.8707485485295,20.495019504825546,0.4935107371796599,1388.4502288924814,1388.4502288924814,10734.301171385097,-307.12821196798564,31.886366903756283,217.3592905833091,46460.334654885024,2,34845.75891608365,0,1.0000803740695119e-07,optimal,optimal,optimal,45304.61100106577,131.5653621158118,-507.229659380181,229.28169013977373
2025-09-26,Q4-3 SEARCH,0.85,0.5,1388.4502288924814,14,1388.4502288924814,optimal,optimal,15629.582089918793,0.0,0.0,14,4823.078069019436,optimal,optimal,-365.7087664595134,0.274634777448,1253.6284594846516,0.5936470483673373,14,10579.994696797216,optimal,optimal,-61.57809731197234,0.2159905529073285,179.042945061376,0.6908282922012393,14,10272.01546847041,optimal,optimal,-16.901251202484367,0.0,62.662880287057085,0.4917545984170671,1400.4878469996506,1381.7409384295192,10764.022875877818,-444.18811497397013,2.958554953309958e-07,4.999975591009713e-07,15185.393975444822,0,28384.126408261116,0,1.0000098882301245e-07,optimal,optimal,optimal,15657.369607294842,-358.7258176819458,-62.014348011115395,-18.123157710163333
2025-09-27,Q4-3 SEARCH,0.85,0.5,1400.4878469996506,14,1400.4878469996506,optimal,optimal,15280.469593696384,0.0,0.0,14,4129.411956654761,optimal,optimal,664.1192469273964,725.1119675347323,0.0,0.6131489689521806,14,10466.865849736902,optimal,optimal,-71.00444422071442,0.4906253303530548,247.64141082598744,0.6867856362317303,14,10170.675043060335,optimal,optimal,44.937992318011105,49.25298322951295,38.673227136831336,0.49981201675419523,1200.0000000477182,1200.0,10781.26172333311,638.0527950246931,186.92883640630328,446.5482671354502,16365.070655856525,4,30512.975561671723,0,1.000043994281441e-07,optimal,optimal,optimal,14710.431615451012,663.2922320377024,-73.03660969828603,44.06893185051667
2025-09-28,Q4-3 SEARCH,0.85,0.5,1200.0000000477182,14,1200.0000000477182,optimal,optimal,48459.38152980039,0.0,0.0,14,9841.353243240745,optimal,optimal,1601.5849689644315,1869.4744951350076,110.77175271146767,0.6321563900124563,14,7681.9677905614,optimal,optimal,-1009.0887724899685,7.55284401490951,2991.7906215848743,0.7126581472204747,14,9772.791878973143,optimal,optimal,350.11888055546376,229.3262509291066,0.0,0.5,1227.3282031873282,1200.0000000477182,10733.803243240745,942.6150770299267,157.30728178432716,658.6410083927458,50060.637615223066,6,36076.84638527699,0,1.0000803740695119e-07,optimal,optimal,optimal,47445.12621572416,1520.8837550326489,-938.1169161861122,364.6735838233607
2025-09-29,Q4-3 SEARCH,0.85,0.5,1227.3282031873282,14,1227.3282031873282,optimal,optimal,50958.74006170869,0.0,0.0,14,9619.525124146227,optimal,optimal,-2366.3028319320515,0.27463477744606735,6845.8013029358135,0.6144343877010789,14,6865.5566035330585,optimal,optimal,-621.0336717999702,0.2159905529073285,1884.628451037312,0.719233625917075,14,9954.934960457811,optimal,optimal,51.505495468740136,59.168761653076324,0.0,0.5,1200.0000000459327,1200.0000000459327,10741.918293791145,-2935.8310082632815,102.01162181838882,359.0110013488742,48381.92005479428,5,37495.428475959416,0,1.00000761449337e-07,optimal,optimal,optimal,50171.17897585848,-2233.0098756354505,-600.9464920881009,52.456379034453825
2025-09-30,Q4-3 SEARCH,0.85,0.5,1200.0000000459327,14,1200.0000000459327,optimal,optimal,50776.77148176076,0.0,0.0,14,9803.288095927548,optimal,optimal,-1053.0297983747075,0.929190839313037,2363.968871537941,0.5785224911004776,14,6132.774540627239,optimal,optimal,-355.6824427999734,0.21599055290744218,873.5530404179527,0.7006620415934224,14,10713.693311538258,optimal,optimal,129.00947608335355,89.74295590050377,0.0,0.5,1255.0559537339054,1200.0000000459327,10800.0,-1279.7027650913274,2.0720693652840786e-07,5.000034201270687e-07,49497.06871716944,0,39382.929841574965,0,1.00000761449337e-07,optimal,optimal,optimal,50312.76128690623,-980.3285976517436,-354.7864611834455,128.94464371357316
2025-10-01,Q4-3 SEARCH,0.85,0.5,1255.0559537339054,14,1255.0559537339054,optimal,optimal,44453.436411126626,0.0,0.0,14,9864.9186530137,optimal,optimal,-939.4496777824954,95.28237802317909,3733.93976709781,0.6042615832452569,14,7632.837605008783,optimal,optimal,-820.5513151999792,0.614494106669099,3769.3576082535087,0.6756748356135558,14,10775.167422237753,optimal,optimal,2.6359372173263003,21.858694655667364,49.74507110053949,0.5,1265.015752977235,1255.0559537339054,10800.0,-1757.3650557651483,1.7150655502998026e-07,4.999959731686431e-07,42696.07135586147,0,36074.63507430712,0,1.00000761449337e-07,optimal,optimal,optimal,45921.48994433413,-1039.9859314857104,-941.2010439607263,3.640457775672222
2025-10-02,Q4-3 SEARCH,0.85,0.5,1265.015752977235,14,1265.015752977235,optimal,optimal,49453.1280816482,0.0,0.0,14,8912.977277283953,optimal,optimal,-2330.949763119463,0.35555054459166513,6486.588470043026,0.5675653477939547,14,7534.979466952229,optimal,optimal,-1047.8644208425487,0.2159905529073285,4262.218843642437,0.674236325977098,14,10221.359494466164,optimal,optimal,-8.815299738070197,0.0,14.229700595730666,0.5,1297.639486446864,1265.015752977235,10800.0,-3387.6294837000823,6.818857697504136e-08,1.9999842925403027e-07,46065.49859814812,0,34845.766776751996,0,1.00000761449337e-07,optimal,optimal,optimal,50907.73564656585,-2441.255976127534,-1153.1471216131615,-8.973799879103206
2025-10-03,Q4-3 SEARCH,0.85,0.5,1297.639486446864,14,1297.639486446864,optimal,optimal,13791.174153148553,0.0,0.0,14,4650.347936848157,optimal,optimal,-11.113124227742238,3.1942018537059766,52.61687668894252,0.6140312385817182,14,10561.238925371397,optimal,optimal,97.10039329760964,124.20872103667773,134.00524708845546,0.721302899256523,14,10309.218405774385,optimal,optimal,12.115433780488166,16.545076571618097,27.80136087174579,0.5,1509.9968633796937,1297.639486446864,10800.0,98.10270285035557,3.8843241077853593e-07,1.3000077788497196e-06,13889.276857298917,0,27130.68720700669,0,1.0000669135479257e-07,optimal,optimal,optimal,14208.336097500967,-13.120868496728544,91.11700066427613,11.981844888945638
2025-10-04,Q4-3 SEARCH,0.85,0.5,1509.9968633796937,14,1509.9968633796937,optimal,optimal,15721.752971890644,0.0,0.0,14,5671.877592962962,optimal,optimal,-243.6376348104799,0.0,1468.9424576553608,0.5931058327415998,14,10449.424750679495,optimal,optimal,-84.19608351232786,0.0,279.1841859759454,0.7237860924086845,14,10327.12777777778,optimal,optimal,-30.339879481158423,0.0,82.60256808070156,0.5,1398.9670826440442,1398.9670826440442,10800.0,-358.17359780396623,1.0239023642341982e-07,2e-07,15363.579374286677,0,27930.486247386834,0,1.00000761449337e-07,optimal,optimal,optimal,15937.271484249353,-249.15180753416354,-93.54351480110819,-32.151078029330925
2025-10-05,Q4-3 SEARCH,0.85,0.5,1398.9670826440442,14,1398.9670826440442,optimal,optimal,48893.34362204466,0.0,0.0,14,9418.434514734878,optimal,optimal,-2512.9984333537004,0.0,8286.166523187003,0.615012849808885,14,8019.870977528111,optimal,optimal,-518.0685344291453,51.107003412122594,2827.7319358613377,0.7160787742827459,14,10795.361111111111,optimal,optimal,-7.79414714039527,0.0,22.910779552059545,0.5,1569.782751683009,1398.9670826440442,10800.0,-3038.8611149232406,1.8669541820073786e-07,4.000153179186782e-07,45854.48250752144,0,35576.26277462155,0,1.0000030670198612e-07,optimal,optimal,optimal,50604.09851506137,-2754.8384841719458,-633.9748840568144,-7.598872311337717
2025-10-06,Q4-3 SEARCH,0.85,0.5,1569.782751683009,14,1569.782751683009,optimal,optimal,43289.349351471494,0.0,0.0,14,9923.960957314814,optimal,optimal,147.99096984162475,142.16956757710284,21.00419388524083,0.6664023081337624,14,6427.9560613031135,optimal,optimal,-501.3243915535171,41.91077903618668,1578.1358745244909,0.703363351169106,14,10785.926851851851,optimal,optimal,-18.510578316670994,0.0,44.64883892913623,0.5,1680.8845282403465,1556.659325757083,10800.0,-371.84400002856336,50.71205394036154,184.52807528796282,43102.03342673089,3,37102.338622080104,0,1.0000053407566156e-07,optimal,optimal,optimal,43658.86189458125,148.491639429186,-509.9872403405032,-17.994809327746076
2025-10-07,Q4-3 SEARCH,0.85,0.5,1680.8845282403465,14,1680.8845282403465,optimal,optimal,45063.92480115603,0.0,0.0,14,9895.06403537037,optimal,optimal,-715.566404178113,35.54054729176198,2683.4202650111074,0.7054307139853566,14,7584.4944197951345,optimal,optimal,-209.35856525040396,166.59612463211988,2235.8353368925686,0.6870807020300234,14,10800.0,optimal,optimal,-21.358906716148542,0.0,58.923546616825284,0.5,1775.726079440355,1680.8845282403465,10800.0,-946.2838761446656,1.5050799469448564e-07,4.0001012524062387e-07,44117.640925411375,0,37941.34479750675,0,1.0002258932217956e-07,optimal,optimal,optimal,45878.60829971793,-767.7659759252302,-182.75186000859028,-22.42178431469513
2025-10-08,Q4-3 SEARCH,0.85,0.5,1775.726079440355,14,1775.726079440355,optimal,optimal,42146.120389433476,0.0,0.0,14,9913.318909457012,optimal,optimal,-865.0290280255963,0.0,3114.690905240127,0.6856846870882619,14,6441.995844159019,optimal,optimal,-419.3607125759662,1.9774469296183952,1591.8385675761338,0.7039747817089401,14,10611.143536995372,optimal,optimal,266.51129671522443,169.9708167041634,0.0,0.5,1895.3094094340988,1495.394153095854,10800.0,-1017.8784438863381,-8.73741235846926e-15,-1.868495632858651e-14,41128.24194554714,0,37806.208659470045,0,1.00000761449337e-07,optimal,optimal,optimal,41687.50446704311,-807.9676913805386,-394.44702435472647,277.10935220666147
2025-10-09,Q4-3 SEARCH,0.85,0.5,1895.3094094340988,14,1895.3094094340988,optimal,optimal,48820.00533031806,0.0,0.0,14,9863.829424351854,optimal,optimal,-4255.211475806317,0.0,13700.691875040056,0.7076360083793053,14,6833.777538896786,optimal,optimal,-144.8009391629684,72.52019068615652,1171.1388892691582,0.6817761195095178,14,10588.949672456087,optimal,optimal,259.27693520035956,146.9693544700852,14.125516841256625,0.5,1832.7456765348884,1832.7456765348884,10800.0,-4140.735479768926,72.44523398111188,330.19594139409764,45009.465791943236,4,37036.63990276204,0,1.0000053407566156e-07,optimal,optimal,optimal,48617.08909750958,-4354.045113347901,-160.8082740149992,273.7208513700125
2025-10-10,Q4-3 SEARCH,0.85,0.5,1832.7456765348884,14,1832.7456765348884,optimal,optimal,13507.754039604866,0.0,0.0,14,4921.1652027619775,optimal,optimal,-206.40477858455128,0.0,651.7054889923268,0.7229791324986041,14,10531.496791722335,optimal,optimal,-15.981915887317374,37.963369880913774,171.0380390842302,0.6251893437062719,14,10199.99455929155,optimal,optimal,238.0296582616624,153.44656330427,7.22232399945842,0.5,2097.1182221351523,1471.429739799015,10800.0,15.642963789793754,172.1521501641751,634.2075105848601,14157.60451397952,4,28188.61956971996,0,1.000043994281441e-07,optimal,optimal,optimal,13315.154026080443,-195.11571933376655,-16.86160412073953,225.73098382085132
2025-10-11,Q4-3 SEARCH,0.85,0.5,2097.1182221351523,14,2097.1182221351523,optimal,optimal,14202.182100804375,0.0,0.0,14,5835.239048599797,optimal,optimal,-32.22887125897766,51.37278046116654,283.690810698874,0.7294486736746663,14,10800.0,optimal,optimal,4.442258254697045,51.95856405678637,167.09494011455612,0.6691803681742314,14,10169.744876628283,optimal,optimal,199.40667014691115,130.4091311394772,18.242213434810285,0.5,1361.6846058326028,1361.6846058326028,10800.000000000002,171.62005714263054,21.23223024510794,79.8438007494182,14453.645958696425,1,29957.759001111925,0,1.0000098882301245e-07,optimal,optimal,optimal,14229.014210943576,-38.42333253094952,0.36056777191439693,190.9473183529928
2025-10-12,Q4-3 SEARCH,0.85,0.5,1361.6846058326028,14,1361.6846058326028,optimal,optimal,41592.84496536759,0.0,0.0,14,9948.960203703704,optimal,optimal,-268.57814684686196,181.60092329574593,1487.5122597209615,0.6990063100453638,14,7789.399351256064,optimal,optimal,-276.1696575008133,237.41380477842785,2474.1799105624677,0.6616851296961284,14,10268.735477518276,optimal,optimal,219.84614952670353,137.80584840525222,0.0,0.5,1939.0489972218706,1361.6846058326028,10800.0,-324.9016548209717,623.6744593901466,2590.5904585938406,43858.533769140464,16,34871.83037632685,0,1.0000803740695119e-07,optimal,optimal,optimal,42023.51104789732,-231.51334947923976,-241.20479420952404,227.84087584502333
2025-10-13,Q4-3 SEARCH,0.85,0.5,1939.0489972218706,14,1939.0489972218706,optimal,optimal,43365.17657658912,0.0,0.0,14,9752.559914623913,optimal,optimal,-1398.8129696148183,52.59971520313548,5044.4596350039365,0.6560808539672203,14,6542.5539561326095,optimal,optimal,-230.77488161169782,199.64906185587358,1960.5943186927657,0.6592464914403803,14,10281.213745572824,optimal,optimal,415.0970781827802,277.86642770667936,0.0,0.5,1605.7336908323641,1605.7336908323641,10800.0,-1214.4907730437358,613.8016191562841,1842.06946870461,43992.75527225,6,37394.13540875961,0,1.0003054740082007e-07,optimal,optimal,optimal,44000.67526272441,-1450.1135232879592,-247.31860768598648,418.79259748294425
2025-10-14,Q4-3 SEARCH,0.85,0.5,1605.7336908323641,14,1605.7336908323641,optimal,optimal,45780.86363292663,0.0,0.0,14,9800.627798572585,optimal,optimal,-2126.9689793222633,62.557759926548215,7493.0901952846825,0.6356180682518217,14,5157.05846555964,optimal,optimal,624.9873594402757,820.3716860939026,166.55076314565235,0.6289051318304175,14,10559.161803799112,optimal,optimal,23.262527851307556,20.736509868767623,0.0,0.5,1711.570724470019,1257.5996446982083,10800.0,-1478.71909203068,371.5028271088986,960.3734886354488,45262.5180295314,6,39146.010721618004,0,1.0000803740695119e-07,optimal,optimal,optimal,45684.03218505252,-2173.3514638193233,608.3453279437082,23.12463353673881
2025-10-15,Q4-3 SEARCH,0.85,0.5,1711.570724470019,14,1711.570724470019,optimal,optimal,45993.832730033406,0.0,0.0,14,9488.919270793202,optimal,optimal,-2146.2679794781716,0.0,6964.120850386407,0.6241099840039948,14,6786.135430166563,optimal,optimal,-156.59476232655328,8.754204505147072,507.82659904859725,0.612734340928349,14,10088.190471772705,optimal,optimal,-100.4324267331871,0.0,163.45736125514586,0.5,1270.2792496706024,1200.0,10786.196398677224,-2403.295168537912,1170.796835227454,5663.744186263746,49254.28174775925,24,40236.98588393042,0,1.0000121619668789e-07,optimal,optimal,optimal,44704.332958346626,-2039.1638506620739,-163.15203127599,-104.38182562669759
2025-10-16,Q4-3 SEARCH,0.85,0.5,1270.2792496706024,14,1270.2792496706024,optimal,optimal,44630.41571091044,0.0,0.0,14,9511.585113998732,optimal,optimal,-137.37369156971425,732.0308617963113,3203.393688042863,0.6240783348975945,14,6999.950193495614,optimal,optimal,-31.722654282048126,65.01235546047377,424.61618993579333,0.6058262606377399,14,9893.07739275496,optimal,optimal,372.4650143080444,261.2419316129034,0.0,0.5,1257.2426492400407,1200.0,10745.832905705078,203.368668456282,485.7256536635098,2152.1889488069046,46985.97332817363,10,40713.43047783931,0,1.0000803740695119e-07,optimal,optimal,optimal,43075.99630111811,6.143022620489526,-16.745650661549796,391.67743261149656
2025-10-17,Q4-3 SEARCH,0.85,0.5,1257.2426492400407,14,1257.2426492400407,optimal,optimal,12235.856854343343,0.0,0.0,14,4910.808728568317,optimal,optimal,714.8614545101792,710.7112852989142,0.0,0.595429986245888,14,10440.379603038145,optimal,optimal,269.80984954243337,268.44136631956303,0.0,0.5953783339604475,14,9721.39773148148,optimal,optimal,227.18379318101404,142.31898360510738,3.355207845936684e-07,0.5,1220.5522500230793,1200.0000000679995,10623.517306129177,1211.8550972336266,203.11007544105178,374.14811352655056,13821.860065103521,6,29558.68403546225,0,1.00000761449337e-07,optimal,optimal,optimal,11847.216772449976,667.1174393683516,262.6683302324447,235.51577663361618
2025-10-18,Q4-3 SEARCH,0.85,0.5,1220.5522500230793,14,1220.5522500230793,optimal,optimal,14560.253621437536,0.0,0.0,14,5066.184464986346,optimal,optimal,-311.027731110376,147.05734023137643,1505.5745678099065,0.6162718245639713,14,10232.496438879074,optimal,optimal,-159.09111989325527,0.0,554.5178853330015,0.5800187525540095,14,9878.456055555554,optimal,optimal,248.83670643199903,170.18680316666706,16.41688575000132,0.5,1249.5591027081682,1220.5522500230793,10567.641441649197,-221.28214457163224,94.97769440414491,376.96174070400815,14715.933217569911,2,30790.184915188554,0,1.0000258043874055e-07,optimal,optimal,optimal,14400.439173994047,-273.2289267559088,-151.13977066474112,251.9838574186644
2025-10-19,Q4-3 SEARCH,0.85,0.5,1249.5591027081682,14,1249.5591027081682,optimal,optimal,50695.67513350337,0.0,0.0,14,9658.381907499988,optimal,optimal,-1550.2696685513172,17.173707487515117,3885.1800259342326,0.5959382686137891,14,6771.395510756708,optimal,optimal,-953.4011296034058,14.895554651926204,2677.4777059568073,0.641273597980538,14,10594.597080520854,optimal,optimal,308.3038985485722,173.25636486456438,76.04210729560295,0.5,1305.0418646335443,1200.0,10620.643831396721,-2195.3668996061506,96.35098217869115,415.00004613816077,48915.30828003538,3,41616.80879501489,0,1.0000516681429872e-07,optimal,optimal,optimal,48710.549270978496,-1433.9593068185288,-865.275337529042,320.47541151062904
2025-10-20,Q4-3 SEARCH,0.85,0.5,1305.0418646335443,14,1305.0418646335443,optimal,optimal,54009.311819565584,0.0,0.0,14,8874.485385339513,optimal,optimal,-1697.0286853815046,109.6301376875067,4307.396492355808,0.6081069385819874,14,7100.515252274456,optimal,optimal,-1341.0841259763997,0.0,3872.7817583744527,0.6499756723256045,14,10126.879562861457,optimal,optimal,238.2760285948689,141.25775931617886,53.93653623090949,0.5,1200.0000000521525,1200.0000000521525,10684.21579017627,-2799.8367827630354,3.115274268263973,6.63709181932176,51216.11212862187,1,39531.87450918378,0,1.0000030670198612e-07,optimal,optimal,optimal,52731.85798445677,-1576.5641992154203,-1321.6001579259614,258.8522393178566
2025-10-21,Q4-3 SEARCH,0.85,0.5,1200.0000000521525,14,1200.0000000521525,optimal,optimal,53099.18379782118,0.0,0.0,14,9492.37134669753,optimal,optimal,-1479.2897119073803,5.630510679080544,3348.543455216082,0.6039133043197872,14,6853.5963645215525,optimal,optimal,-1142.8678691292687,3.883942305115511,2910.5282853802496,0.6976568241940679,14,10664.947923678617,optimal,optimal,201.03137688260196,114.5254210225786,62.0955104803339,0.5,1461.24479563964,1200.0000000521525,10794.481145900838,-2421.126204154047,3.0897519934316635e-07,5.999999306246785e-07,50678.05759426713,0,39950.31378781449,0,1.0000098882301245e-07,optimal,optimal,optimal,51164.657802406684,-1371.2896013617074,-1107.0240220181154,207.93450780209167
2025-10-22,Q4-3 SEARCH,0.85,0.5,1461.24479563964,14,1461.24479563964,optimal,optimal,50678.249464328896,0.0,0.0,14,9842.841366018518,optimal,optimal,-1970.354155831316,3.2979358424514658,4749.988186086504,0.6333220614856504,14,6999.827395114433,optimal,optimal,38.631734814727025,413.1344938175794,1825.7276215082206,0.7184096883531815,14,9965.05946786573,optimal,optimal,260.14159277390087,144.36958249999873,64.30703229310123,0.5,1200.0000000516316,1200.0000000516316,10782.6938475,-1671.580828242688,461.93806276352495,2280.0048887082457,51286.67352479445,19,40334.391602607866,0,1.0000388073194699e-07,optimal,optimal,optimal,49346.44514249309,-1832.5946866918316,35.08153198986004,265.8426211263497
2025-10-23,Q4-3 SEARCH,0.85,0.5,1200.0000000516316,14,1200.0000000516316,optimal,optimal,57678.37703504516,0.0,0.0,14,9562.119704382712,optimal,optimal,-4541.414063672917,55.04973875127189,12451.86682006416,0.6232857971048535,14,7478.547114445706,optimal,optimal,-900.2262540344956,13.540602439952067,2984.4556102914994,0.7293140175437892,14,9803.22470194444,optimal,optimal,313.47021592803225,165.71215391666897,35.115498900097535,0.5,1200.0000000598177,1200.0000000516316,10491.240620283923,-5128.17010177938,264.13205733439275,1442.938216820737,53993.145150086515,8,38731.840882286546,0,1.0000064776249928e-07,optimal,optimal,optimal,56833.67393278614,-4266.661843429503,-834.0336722384092,309.7465021552627
2025-10-24,Q4-3 SEARCH,0.85,0.5,1200.0000000598177,14,1200.0000000598177,optimal,optimal,14247.7086986096,0.0,0.0,14,5817.939144309428,optimal,optimal,-62.60319219428851,42.36102731131354,330.2582750165003,0.6597195528603261,14,10173.360318383504,optimal,optimal,-65.73132044220095,0.17852534641127704,194.93310306969957,0.7400301973414284,14,9891.64056280135,optimal,optimal,83.05359581404028,66.25365739545094,32.64078468488861,0.5,1328.7079776502637,1200.0,10733.090062533507,-45.2809168224492,55.80479345769921,225.6119857109061,14428.039767498058,7,30654.221308124004,0,1.0079452295030933e-07,optimal,optimal,optimal,13912.028680304964,-58.8792019583787,-63.587910094150025,93.4198386382142
2025-10-25,Q4-3 SEARCH,0.85,0.5,1328.7079776502637,14,1328.7079776502637,optimal,optimal,14684.397114886615,0.0,0.0,14,5668.027758646568,optimal,optimal,-348.8356877785254,15.71388921514762,2473.1088085090105,0.6527394262979661,14,10069.584299042464,optimal,optimal,-44.49543788113933,24.380644382199023,244.39893376542847,0.7205918945388222,14,9750.496824074073,optimal,optimal,309.0376931426327,224.20120833333402,10.943314337456107,0.5,1200.0000000999999,1200.0000000999999,10452.183703844888,-84.29343251703204,236.0160901564484,874.4627980147278,15474.56648038431,8,32014.528858387814,0,1.00000761449337e-07,optimal,optimal,optimal,14225.035298893778,-352.31026738230946,-42.35376961616097,333.7987689282683
2025-10-26,Q4-3 SEARCH,0.85,0.5,1200.0000000999999,14,1200.0000000999999,optimal,optimal,54490.18146751553,0.0,0.0,14,9536.081802562574,optimal,optimal,-3324.5789766656676,81.68807678995415,9147.243866591249,0.6914850993062307,14,7099.553524985119,optimal,optimal,-556.5389629715187,0.0,1702.6831415554989,0.6585080158449913,14,10499.783927832805,optimal,optimal,439.08451421911764,242.3456069129029,52.48004862042773,0.5,1200.6069820907408,1200.0,10499.783927832805,-3442.033425418069,302.5593083250583,1493.8709466059327,52542.01898870339,10,38131.90524100288,0,1.0000803740695119e-07,optimal,optimal,optimal,53444.48441086579,-3333.8408064339164,-562.9673374608473,452.44917805134827
2025-10-27,Q4-3 SEARCH,0.85,0.5,1200.6069820907408,14,1200.6069820907408,optimal,optimal,49464.38039714577,0.0,0.0,14,9656.366388518512,optimal,optimal,-153.42595258881704,68.29107124221548,563.9429872736425,0.6855013025672245,14,6689.107666330028,optimal,optimal,-794.7538179559398,4.915562634457615,2092.3174655192724,0.6656010325838919,14,9828.659304368806,optimal,optimal,236.02832318706382,132.24126073474088,48.48635929831704,0.5,1200.000000052386,1200.000000052386,10667.671906526422,-712.151447357693,63.34279864518043,194.00829964557943,48946.23724943366,4,39914.45754154943,0,1.00000761449337e-07,optimal,optimal,optimal,48717.52501975815,-138.18947857590757,-723.3153992858139,234.15359919409383
2025-10-28,Q4-3 SEARCH,0.85,0.5,1200.000000052386,14,1200.000000052386,optimal,optimal,49837.917106493755,0.0,0.0,14,9760.621603978629,optimal,optimal,-449.6257303262404,120.56167903502603,1604.2443533996798,0.6581267460430973,14,6524.742538437659,optimal,optimal,-336.13492272499764,9.888352119420915,849.6902332117548,0.6537784065972004,14,9796.14572175926,optimal,optimal,296.5870437199461,168.26662158333335,65.48683586705961,0.5,1200.0000000496252,1200.0000000496252,10657.630863237888,-489.1736093312919,248.40367395185373,1309.7735860924274,50658.51708325489,9,38431.96126176578,0,1.000004772322427e-07,optimal,optimal,optimal,49134.414633707274,-457.7043706123007,-307.3230147616276,298.16043376027955
2025-10-29,Q4-3 SEARCH,0.85,0.5,1200.0000000496252,14,1200.0000000496252,optimal,optimal,56301.29652424093,0.0,0.0,14,8636.874891666666,optimal,optimal,-433.988783834045,765.5041915548799,3723.964747695707,0.6626436549441066,14,7078.394646777307,optimal,optimal,-1151.1844814703886,3.5724842798948657,3037.7491612733493,0.6250178719797282,14,10538.299696623844,optimal,optimal,371.4119627012547,202.7139154092169,58.41261282539742,0.5,1223.9105209452052,1200.0000000496252,10596.124169666035,-1213.761302603179,65.2783854326285,388.88322001880806,55476.418441656555,3,38690.570088951645,0,1.0001531336456537e-07,optimal,optimal,optimal,54645.00928829123,-357.64341842072525,-1086.4371735061145,375.5238200101512
2025-10-30,Q4-3 SEARCH,0.85,0.5,1223.9105209452052,14,1223.9105209452052,optimal,optimal,49689.96234622809,0.0,0.0,14,9918.751601851847,optimal,optimal,-946.0055067411809,169.1536731900826,2923.602139197832,0.6859141030998875,14,7313.730984693234,optimal,optimal,-477.62162302930983,1.0057808256818817,1604.938682352449,0.6005136020708411,14,9636.710913923944,optimal,optimal,563.086672811469,302.54093149401194,53.36374235888485,0.5,1217.9304096517988,1217.9304096517988,10799.999999999996,-860.5404569590216,275.57463858075846,1337.9822845090928,50167.40417377815,10,39613.15084483939,0,1.0000212569138967e-07,optimal,optimal,optimal,48238.94477168884,-969.9132165261409,-486.0305486977671,556.6497599514071
2025-10-31,Q4-3 SEARCH,0.85,0.5,1217.9304096517988,14,1217.9304096517988,optimal,optimal,16037.115618642956,0.0,0.0,14,6108.821025463127,optimal,optimal,-704.3998938027041,0.0,3148.155698894794,0.6507488524084334,14,9193.228723611277,optimal,optimal,-154.43591022752327,1.8579410030791905,507.2327651920259,0.6198523595818243,14,9982.457333044676,optimal,optimal,141.1856575306514,117.51586944370337,35.62648801749012,0.5,1244.982977579304,1217.9304096517988,10752.928338802518,-717.650146499576,3.209712662794974e-07,5.000004384751916e-07,15319.46547264338,0,31131.439107293423,0,1.00000761449337e-07,optimal,optimal,optimal,15792.913746597918,-604.1677533266073,-153.8943670177585,153.64984612864177
2025-11-01,Q4-3 SEARCH,0.85,0.5,1244.982977579304,14,1244.982977579304,optimal,optimal,14336.44185350898,0.0,0.0,14,5699.661326481486,optimal,optimal,-64.82458539128461,87.48213872123983,518.2706020805613,0.6410246185903478,14,9759.845192850613,optimal,optimal,-66.72420643557415,0.0,217.88928022356984,0.6317449824394097,14,9691.592333333336,optimal,optimal,322.53941492692627,230.58161349082764,10.978613051096737,0.5,1200.000000050678,1200.000000050678,10384.383337320793,190.99062310006752,143.32858272285395,564.2361718346359,15091.668648443685,6,32552.412446349193,0,1.00000761449337e-07,optimal,optimal,optimal,14302.823925347115,-60.06128535348657,-64.00194903819542,324.6005707925044
2025-11-02,Q4-3 SEARCH,0.85,0.5,1200.000000050678,14,1200.000000050678,optimal,optimal,50621.61439487609,0.0,0.0,14,9751.575290302926,optimal,optimal,1701.4891934087987,2162.860802611429,130.2706022791599,0.5994814303277578,14,6546.2986896578695,optimal,optimal,-793.5735280985534,0.0,1831.5546574867612,0.6503119814650782,14,10638.619317549344,optimal,optimal,65.75781100511334,65.46532893566055,0.0,0.5,1200.0000000999999,1200.0,10703.42635287432,973.6734763153586,4.506012466320222,14.106368361298356,51609.39423955274,2,42967.07035294007,0,1.0000053407566156e-07,optimal,optimal,optimal,49679.11809636765,1680.0653336175235,-805.9135983457319,68.50047169842868
2025-11-03,Q4-3 SEARCH,0.85,0.5,1200.0000000999999,14,1200.0000000999999,optimal,optimal,54186.59976114692,0.0,0.0,14,10492.084211574076,optimal,optimal,-867.803983106746,88.07981045638951,2429.296742101689,0.5896482199902451,14,7083.5198860843275,optimal,optimal,-685.8299478053425,2.451789574069153,1681.561448038889,0.6739523527996194,14,10244.997619599742,optimal,optimal,269.4088314705725,152.5480421341049,26.431921492718043,0.5,1200.0,1200.0,10707.841907756412,-1284.225099441516,58.39400006199064,112.61282911404666,53014.987490819454,1,38047.8703679295,0,1.0002463568525854e-07,optimal,optimal,optimal,52226.79789431389,-792.0221634721611,-693.1334045883934,265.6009468563965
2025-11-04,Q4-3 SEARCH,0.85,0.5,1200.0,14,1200.0,optimal,optimal,49239.59813562143,0.0,0.0,14,10024.607962685177,optimal,optimal,796.9440299799379,1063.1996752927546,308.7500809601879,0.6281012898687836,14,7208.9599204186525,optimal,optimal,-595.8506047746512,0.0,1539.4151499975287,0.673179015848715,14,9626.298177660163,optimal,optimal,554.9860467900636,299.56108609186765,9.751030520995641,0.5,1246.4033535842857,1200.0,10735.512338117274,756.0794719953503,245.6425673269981,1415.52468559946,51411.20229321624,11,37537.8950529797,0,1.00000761449337e-07,optimal,optimal,optimal,48703.52516543899,745.5090843492791,-586.4828827854734,549.3745065481592
2025-11-05,Q4-3 SEARCH,0.85,0.5,1246.4033535842857,14,1246.4033535842857,optimal,optimal,56424.910370746984,0.0,0.0,14,9908.360856111105,optimal,optimal,-2071.7060596389438,15.904592197032912,5117.175296592186,0.5920785111541341,14,5510.669213024856,optimal,optimal,-338.1118981966925,1.4042873372889062,852.3936896223389,0.6676410491382238,14,10072.469425110316,optimal,optimal,696.7596880486549,418.32025556084017,0.0,0.5,1200.0000000999999,1200.0000000999999,10572.670475648143,-1713.0582697869813,145.4018687006553,562.3094245817981,55274.1615255418,8,38840.17875222193,0,1.0000803740695119e-07,optimal,optimal,optimal,55069.96879360576,-2001.7291671572882,-319.56852110975245,720.8315788887405
2025-11-06,Q4-3 SEARCH,0.85,0.5,1200.0000000999999,14,1200.0000000999999,optimal,optimal,52290.14711207013,0.0,0.0,14,9659.01922037037,optimal,optimal,529.8508311330561,742.7468393220354,228.8973141035408,0.6056448768441841,14,6303.1737845827,optimal,optimal,74.06478019101664,148.31434629623973,270.65105952450637,0.6730696154480342,14,9841.215715026321,optimal,optimal,-10.514069204952154,0.0,25.115468061112743,0.5,1200.0,1200.0,10687.866446507805,593.4015421191206,440.38096906528375,2030.1306831640716,54913.67933735332,9,41730.42132912288,0,1.0000007932831068e-07,optimal,optimal,optimal,50574.8121955322,495.75858530302435,76.34910547627001,-11.262407993145494
2025-11-07,Q4-3 SEARCH,0.85,0.5,1200.0,14,1200.0,optimal,optimal,14684.533939660952,0.0,0.0,14,7214.593712415803,optimal,optimal,-60.80470568888568,0.0,231.22388280974192,0.5944304297866826,14,8437.4434474158,optimal,optimal,75.95708365020751,75.19155541864572,-2.8421709430404007e-13,0.644245306882481,14,10047.449839409435,optimal,optimal,200.24864045075878,165.9582613403905,12.230447353414831,0.5,1254.3516357345882,1200.0,10753.04373332583,215.40101841208062,3.7859869079685183e-07,1.2000014283377824e-06,14899.934959273034,0,32789.208256584185,0,1.000021984509658e-07,optimal,optimal,optimal,14618.926904357093,-58.87745428374077,80.49941082020008,205.4132035122831
2025-11-08,Q4-3 SEARCH,0.85,0.5,1254.3516357345882,14,1254.3516357345882,optimal,optimal,15010.514069587514,0.0,0.0,14,7007.639694444445,optimal,optimal,-125.33990651838728,0.0,454.0185992187484,0.5360200940336662,14,9376.045501666667,optimal,optimal,25.65278627512015,26.038560156965776,0.0,0.6511079275741689,14,9698.655953703701,optimal,optimal,380.4659979808901,259.77230225393527,12.93385290830065,0.5,1200.0000000489154,1200.0000000489154,10380.137247512777,280.77887773762296,27.848283115788547,112.85477518166843,15404.147722506805,3,32672.742695719666,0,1.0000030670198612e-07,optimal,optimal,optimal,14742.988603065427,-118.61576283050894,26.109369650264092,374.9278382421145
2025-11-09,Q4-3 SEARCH,0.85,0.5,1200.0000000489154,14,1200.0000000489154,optimal,optimal,54182.42801547529,0.0,0.0,14,9730.219633113034,optimal,optimal,-680.9526075993845,1.618712479500232,1608.2447320156766,0.5716560774920459,14,6909.949362764331,optimal,optimal,-304.67204765215814,22.39733094553867,828.4651108209841,0.6369604007475251,14,9543.857627342873,optimal,optimal,543.2155059019902,334.5367743859008,36.3950522499934,0.5,1255.008112664494,1200.0000000489154,10653.829012742664,-442.4091493495524,440.47656702830943,2308.1558987322883,56048.17476485803,10,37891.91653148127,0,1.0000803740695119e-07,optimal,optimal,optimal,52956.47440199398,-637.3869551174946,-292.18982798823066,558.3027886195372
2025-11-10,Q4-3 SEARCH,0.85,0.5,1255.008112664494,14,1255.008112664494,optimal,optimal,55815.07040998855,0.0,0.0,14,9787.541252487215,optimal,optimal,1067.607375501169,1218.5305005374655,300.18713469316845,0.5784313471023356,14,5712.979378323239,optimal,optimal,-724.7252462226593,0.0,1669.8824273197629,0.603119091167064,14,9581.183950096454,optimal,optimal,423.93949283045197,252.33683657985875,122.92476665208403,0.5,1255.5890913216604,1200.0,10711.68769693166,766.8216221089616,67.79060987080737,234.74617956355505,56816.63821166106,3,40118.14524438405,0,1.0000098882301245e-07,optimal,optimal,optimal,53548.89619084458,909.849133210743,-729.622383009352,451.5714557922285
2025-11-11,Q4-3 SEARCH,0.85,0.5,1255.5890913216604,14,1255.5890913216604,optimal,optimal,56634.36172304153,0.0,0.0,14,10730.785496351698,optimal,optimal,-1045.694340729472,0.0,2316.693200491799,0.56544249425727,14,7464.529999461152,optimal,optimal,-768.7082920191269,0.0,2008.14925116633,0.6095260124372635,14,10445.985875385319,optimal,optimal,358.0403177594997,229.34960135207612,40.83459719253858,0.5,1201.3953449900064,1201.3953449900064,10730.785496351698,-1456.3623149890993,18.127417533314038,39.73529949096154,55217.73470754339,1,37237.15632279315,0,1.0000803740695119e-07,optimal,optimal,optimal,55369.879316142134,-1013.0072498764862,-797.9597146586539,369.73725961211227
2025-11-12,Q4-3 SEARCH,0.85,0.5,1201.3953449900064,14,1201.3953449900064,optimal,optimal,53567.9769377967,0.0,0.0,14,10621.419145074238,optimal,optimal,1540.6482963150386,1768.541564552344,178.97396275042775,0.5890809995151818,14,7175.609230526454,optimal,optimal,-892.2749174489838,0.0,2408.135329687181,0.6583960570675689,14,9648.988815333325,optimal,optimal,346.8208997410765,204.89863684476154,137.66916835846814,0.5,1216.4990594752664,1201.3953449900064,10621.419145074238,995.1942786071313,9.519166859744715,48.98087268332944,54612.15208908716,1,40240.108983684164,0,1.0000803740695119e-07,optimal,optimal,optimal,52893.22094475434,1570.385264826778,-901.241636467705,337.4415753869791
2025-11-13,Q4-3 SEARCH,0.85,0.5,1216.4990594752664,14,1216.4990594752664,optimal,optimal,52559.667092725314,0.0,0.0,14,9804.88689290123,optimal,optimal,330.41843838582065,406.85823991408506,87.00288852974631,0.5225003258566686,14,7828.365863358822,optimal,optimal,99.96280168042912,186.7113841420583,450.80479582935527,0.6788667019721996,14,9548.484273364196,optimal,optimal,542.1914965667421,318.28867233333114,131.45627999453814,0.5,1200.0000000999999,1200.0000000999999,10381.760677499997,972.5727366329919,1247.4433211791531,5586.827171496517,59119.06700085482,15,37960.71877887856,0,1.00000761449337e-07,optimal,optimal,optimal,51377.70056495507,306.4986759539963,103.3026159624634,547.8156736594711
2025-11-14,Q4-3 SEARCH,0.85,0.5,1200.0000000999999,14,1200.0000000999999,optimal,optimal,15457.228647108805,0.0,0.0,14,6897.7369153140835,optimal,optimal,-213.12077698586342,0.0,684.6904684889433,0.5631412446455989,14,8124.708838647415,optimal,optimal,30.935451120946563,70.08965842131319,69.6361741056566,0.713943163078806,14,9861.583225887383,optimal,optimal,472.9010073069043,349.6341628524762,0.0,0.5,1200.0000000999999,1200.0000000999999,10370.929097221438,290.7156814419875,204.27339365358813,690.8955009075662,16438.839829458357,8,32618.097958616327,0,1.000043994281441e-07,optimal,optimal,optimal,15209.820361595484,-198.19233592583336,31.685384698951715,480.17632906549915
2025-11-15,Q4-3 SEARCH,0.85,0.5,1200.0000000999999,14,1200.0000000999999,optimal,optimal,16630.55998988991,0.0,0.0,14,8008.540905925924,optimal,optimal,-323.7399848525914,0.0,1585.0499454301203,0.5644223062205483,14,8626.861622407403,optimal,optimal,-160.02304612233183,0.0,523.7118817297699,0.7219302716104341,14,9791.910790007383,optimal,optimal,300.69729514270443,275.79494366353987,0.0,0.5,1200.0000000999999,1200.0000000999999,10500.22535832014,-183.06573583221882,19.633313922906545,36.31346843605095,16483.80772249374,3,34883.2526922824,0,1.0000258043874055e-07,optimal,optimal,optimal,15965.08862345308,-309.70569735329707,-156.99458572073388,317.60139425302737
2025-11-16,Q4-3 SEARCH,0.85,0.5,1200.0000000999999,14,1200.0000000999999,optimal,optimal,54803.941170888684,0.0,0.0,14,10643.705674999996,optimal,optimal,2598.997514722156,2623.552834990928,235.58131708016788,0.5754778662058917,14,6981.598619315731,optimal,optimal,-285.4433656485789,0.8511531198117837,628.2341352524436,0.7299085137389502,14,10370.897281950958,optimal,optimal,321.8494993087082,245.5835179006573,1.1368683772161603e-13,0.5,1200.0000000534444,1200.0000000534444,10696.763286111107,2635.4036483822856,91.98904874599788,188.9998111588418,57628.34463042981,5,38769.703533835986,0,1.0003464012697805e-07,optimal,optimal,optimal,53686.748460594274,2346.630591553788,-287.7468363830277,324.211302193212
2025-11-17,Q4-3 SEARCH,0.85,0.5,1200.0000000534444,14,1200.0000000534444,optimal,optimal,52488.90300245934,0.0,0.0,14,9956.244945370374,optimal,optimal,4458.940988878228,4680.100571056206,44.36777771899301,0.5762013447116232,14,6806.750925699568,optimal,optimal,-205.13623902798358,1.6622477116669643,527.5144418531529,0.7187183987348076,14,9927.482826152731,optimal,optimal,14.897933779694554,78.9178042683906,59.16823323179426,0.5,1200.0000000999999,1200.0000000534444,10799.999999999996,4268.702683629939,4.941937637371761e-08,1.0000010992756346e-07,56757.60568618928,0,41035.43003986368,0,1.0000167094403878e-07,optimal,optimal,optimal,51960.850330319445,4559.1618383401665,-215.94884218669978,11.119864802104676
2025-11-18,Q4-3 SEARCH,0.85,0.5,1200.0000000999999,14,1200.0000000999999,optimal,optimal,56127.28021789914,0.0,0.0,14,9726.477068339374,optimal,optimal,-298.690355573899,6.439166666666779,712.1160451111695,0.5795089002903506,14,4730.701073103275,optimal,optimal,1116.6076230255503,1112.967402668411,8.392922515163946,0.6973608707522304,14,9784.35331732683,optimal,optimal,198.51357830555534,154.48620047418424,0.0,0.5,1233.1031181941319,1200.0000000999999,10669.405628541752,1016.4308457572066,41.420185007425644,90.21316344885966,57233.924227105206,1,40414.249915203785,0,1.0000277143262792e-07,optimal,optimal,optimal,54405.89468500197,-270.4432721604978,986.3696983311082,200.38131742587134
2025-11-19,Q4-3 SEARCH,0.85,0.5,1233.1031181941319,14,1233.1031181941319,optimal,optimal,55957.99588665992,0.0,0.0,14,10340.34336449915,optimal,optimal,3813.402901501773,3734.239483214136,92.78521517509944,0.5547178464017956,14,6996.157775654324,optimal,optimal,-391.75328426974005,54.03681149732972,1041.7652800822013,0.6938958369563653,14,9758.05982273631,optimal,optimal,169.9832948280762,139.59982240110259,0.0,0.5,1200.0000000505624,1200.0000000505624,10663.789770641786,3591.6329120601094,38.26542587743992,84.08827341821916,59633.71707213824,1,40247.04564707396,0,1.0000030670198612e-07,optimal,optimal,optimal,54073.32335721467,3719.276683034244,-382.94806613501066,173.1787584831865
2025-11-20,Q4-3 SEARCH,0.85,0.5,1200.0000000505624,14,1200.0000000505624,optimal,optimal,54954.56807739285,0.0,0.0,14,10576.289604722218,optimal,optimal,908.4783849614881,1077.9434131294347,96.08236705262446,0.5666547547120749,14,6903.830040275838,optimal,optimal,354.219085153367,344.44921291657806,47.31992824710858,0.689654782987584,14,9759.927090975232,optimal,optimal,244.7035358514965,193.4424542446389,22.576525518555773,0.5,1204.6925927183008,1200.0000000505624,10669.928848537566,1507.4010059663517,44.406756252810396,81.2199572510967,56543.18904061029,1,40090.943282030385,0,1.0005169315263629e-07,optimal,optimal,optimal,54633.315509238644,892.8506815255936,336.0910322291088,248.23913867599472
2025-11-21,Q4-3 SEARCH,0.85,0.5,1204.6925927183008,14,1204.6925927183008,optimal,optimal,15972.973473588583,0.0,0.0,14,7104.0239021605,optimal,optimal,86.88986579317925,131.64884610122814,154.72496316729666,0.5454508869813367,14,7792.880265421126,optimal,optimal,-23.82000809284132,0.0,82.87998263598787,0.6931012819685736,14,9909.856713288313,optimal,optimal,387.3731622777325,323.8052865294899,0.0,0.5,1200.0000000999999,1200.0000000999999,10486.89173030219,450.4430199780704,11.216091527475987,18.938370521273328,16442.354864087927,1,34671.39271823557,0,1.0000007932831068e-07,optimal,optimal,optimal,15379.918322246649,87.45883613418044,-23.742214658536646,398.6557598133715
2025-11-22,Q4-3 SEARCH,0.85,0.5,1200.0000000999999,14,1200.0000000999999,optimal,optimal,17204.27615640859,0.0,0.0,14,8132.310400237341,optimal,optimal,-402.20009405708953,12.615819655339635,2041.0745089359168,0.5756722183957265,14,8296.10165375586,optimal,optimal,-71.58874385085551,11.751063359211287,343.18235142092146,0.6672304762239792,14,9737.338342592595,optimal,optimal,540.4710933278134,414.18256098627455,0.0,0.5,1200.0000000999999,1200.0000000999999,10357.12310051672,66.68225541986834,223.14974519127773,788.4758660096359,18059.434277838096,10,35908.023299005494,0,1.00000761449337e-07,optimal,optimal,optimal,16868.186025303887,-359.50666458350213,-71.19971839162358,569.0074032686764
2025-11-23,Q4-3 SEARCH,0.85,0.5,1200.0000000999999,14,1200.0000000999999,optimal,optimal,56258.68846262542,0.0,0.0,14,10561.49535449938,optimal,optimal,2353.3760430238735,2298.189612767025,29.230628299309473,0.5628043563649002,14,6104.570046309536,optimal,optimal,-340.4562182248425,0.0,787.6431876524576,0.6811739361076712,14,9829.711726607407,optimal,optimal,104.73555786870806,101.8478447199989,0.0,0.5,1247.1617996239988,1200.0000000999999,10711.064401858745,2117.655382667739,3.006759555913317e-07,7.999996898643272e-07,58376.34384609316,0,39067.42290645766,0,1.0002986527979374e-07,optimal,optimal,optimal,55252.72689313475,2415.6931809080697,-351.02608996060087,113.64896139167028
2025-11-24,Q4-3 SEARCH,0.85,0.5,1247.1617996239988,14,1247.1617996239988,optimal,optimal,55178.94621234643,0.0,0.0,14,9956.993001127401,optimal,optimal,773.1683295496481,980.1425997332178,115.9745468281649,0.5704536516586654,14,6572.103647596921,optimal,optimal,205.67315184862358,225.88606986818453,28.005417159123226,0.6944796938643858,14,9978.58329884039,optimal,optimal,-3.8784313686369165,11.972720104691847,17.56856406104373,0.5,1200.0000000000002,1200.0000000000002,10764.767825277775,974.9630500296347,218.68334810337868,526.3877433219586,56680.29700569803,6,38673.287912015134,0,1.0000414363275922e-07,optimal,optimal,optimal,54456.6394570778,791.7663546844261,204.67572551113622,-4.094130461632556
2025-11-25,Q4-3 SEARCH,0.85,0.5,1200.0000000000002,14,1200.0000000000002,optimal,optimal,64279.623414343194,0.0,0.0,14,9611.073558076003,optimal,optimal,-1186.219078174108,6.439166666666779,2556.865358703385,0.5763086702412551,14,7651.459673447643,optimal,optimal,-1659.951037669708,0.0,3656.9825759267296,0.717740743423785,14,9822.669218389305,optimal,optimal,95.31611499210103,151.36477369962395,0.0,0.5,1228.284827730978,1200.0000000000002,10800.0,-2750.854000851715,2.492418169810557e-07,6.999966272902025e-07,61528.769414191476,0,38382.60163368353,0,1.0000053407566156e-07,optimal,optimal,optimal,63546.388306125766,-1163.2339328888197,-1672.4974546728997,106.840462408126
2025-11-26,Q4-3 SEARCH,0.85,0.5,1228.284827730978,14,1228.284827730978,optimal,optimal,60365.75542670302,0.0,0.0,14,10060.663562425594,optimal,optimal,1644.1834088818307,1255.798063484776,109.57572130376786,0.6340134390522131,14,6664.812137910356,optimal,optimal,-1000.9621882002848,0.0,2186.2053512576763,0.7410057820406697,14,9930.464700210041,optimal,optimal,36.75595891966943,70.97577167078191,10.989431609817188,0.5,1200.0000000518482,1200.0000000518482,10762.549647113086,679.9771796012153,15.963698639431055,34.21020651839727,61079.942812822635,1,38158.965078205045,0,1.0008625395130366e-07,optimal,optimal,optimal,59475.88778633518,1470.2811674828545,-950.5380649378139,36.97169798135572
2025-11-27,Q4-3 SEARCH,0.85,0.5,1200.0000000518482,14,1200.0000000518482,optimal,optimal,58990.75377899753,0.0,0.0,14,10591.671180555557,optimal,optimal,1489.7519435516992,1664.610888044947,63.7508949673703,0.6554728666658158,14,7606.714999395139,optimal,optimal,-769.2377825288738,0.0,1588.385693810952,0.740533622654681,14,10589.512880591046,optimal,optimal,189.86073320794694,158.8026569742081,5.851666666666574,0.5,1231.2988339985618,1200.0000000518482,10738.411532407408,910.3748942307724,2.1610281738489202e-07,7.000058413064834e-07,59901.12867392831,0,39249.91075414812,0,1.0001531336456537e-07,optimal,optimal,optimal,57709.9231307518,1441.88531992158,-755.2444690987986,195.02675508159442
2025-11-28,Q4-3 SEARCH,0.85,0.5,1231.2988339985618,14,1231.2988339985618,optimal,optimal,15589.694663263803,0.0,0.0,14,8087.48226465731,optimal,optimal,497.3007046050565,1107.7575276678162,70.31620663477375,0.6224258006104395,14,7247.565669751394,optimal,optimal,-163.0594192689683,13.077950937710682,787.6219023736401,0.7137057759730643,14,9688.191964952235,optimal,optimal,371.7070929724478,283.3115939846091,0.0,0.5,1200.0,1200.0,10489.958659396676,705.9483783085361,178.68979246177085,638.1770868454781,16933.820128417818,13,35090.71275856463,0,1.00000761449337e-07,optimal,optimal,optimal,15760.42876741724,487.3282292036922,-166.8323165618502,378.5917690410708
2025-11-29,Q4-3 SEARCH,0.85,0.5,1200.0,14,1200.0,optimal,optimal,20149.589220338028,0.0,0.0,14,9810.192518518517,optimal,optimal,-995.5183616571392,0.0,4401.523272222251,0.6261367661118301,14,8991.231404655397,optimal,optimal,-110.47430964378674,206.17399912727277,1483.8910940494388,0.7046256168568605,14,10025.572734478019,optimal,optimal,98.06109920328036,108.52437988180651,0.0,0.5,1200.0000000509917,1200.0,10800.0,-1007.9315720976455,221.3778917332884,474.4326506049531,19616.090298845338,7,35586.88486259907,0,1.0000803740695119e-07,optimal,optimal,optimal,19497.666430098747,-795.1832738907603,-22.16015905466213,102.44759275413539
2025-11-30,Q4-3 SEARCH,0.85,0.5,1200.0000000509917,14,1200.0000000509917,optimal,optimal,60981.752668647685,0.0,0.0,14,9899.151309680443,optimal,optimal,2819.4903767999513,2297.7376033515125,277.05787211462905,0.647150766950558,14,7091.215628618562,optimal,optimal,-562.6450378212052,0.0,1320.2664798899448,0.6826902121732598,14,9912.31015830109,optimal,optimal,51.075707864049676,53.018586157671734,5.91071694363915e-06,0.5,1242.5669845694558,1200.0000000509917,10800.0,2307.9210468427955,1.7132327078334775e-07,7.000023068507019e-07,63289.67371619049,0,41057.89618379669,0,1.0002258932217956e-07,optimal,optimal,optimal,59773.6863123839,2567.1450903533687,-507.70923014461806,51.104904559200044
2025-12-01,Q4-3 SEARCH,0.85,0.5,1242.5669845694558,14,1242.5669845694558,optimal,optimal,68048.28355395334,0.0,0.0,14,9180.378132006172,optimal,optimal,41.163092402183054,143.87986949463834,273.43464748887953,0.6480937728237002,14,6346.758732371086,optimal,optimal,-773.2156508720761,0.174328079303109,1613.274685310677,0.6837976880765383,14,10497.3156622085,optimal,optimal,461.5277515420336,234.18575426234858,0.0,0.5,1200.0000000482778,1200.0,10575.117788192898,-270.5248069278594,4428.554455810125,18437.461257159197,86215.22000418468,50,39661.0529031794,0,1.0000567999668419e-07,optimal,optimal,optimal,62492.33965015749,33.623286647357546,-757.0631281231042,450.7628970251382
2025-12-02,Q4-3 SEARCH,0.85,0.5,1200.0000000482778,14,1200.0000000482778,optimal,optimal,72768.43019720868,0.0,0.0,14,8401.989819812903,optimal,optimal,3757.8666024575755,2584.5976545428916,860.9786367231131,0.6373469217235631,14,6584.681600037718,optimal,optimal,-296.7094699935929,5.979219998391841,608.3172529628586,0.698151824277246,14,9807.211676933848,optimal,optimal,384.5004290606764,187.94931984287163,36.17547831316324,0.5,1222.8292499860631,1199.9999999999998,10708.424331692913,3845.6575615246593,885.5563362953,4668.232292968265,81282.32005170161,20,38876.793744742215,0,1.00000761449337e-07,optimal,optimal,optimal,66141.65794216012,3667.6020013422813,-293.4983588059265,354.3616407717671
2025-12-03,Q4-3 SEARCH,0.85,0.5,1222.8292499860631,14,1222.8292499860631,optimal,optimal,64033.58429907399,0.0,0.0,14,9257.14007194088,optimal,optimal,7463.589145329029,5525.476759448706,0.0,0.6011636494476029,14,5725.444025071358,optimal,optimal,3714.4127094686555,2649.4625222727764,0.0,0.6828126305031081,14,9453.22023373556,optimal,optimal,637.7269795607561,286.9986666666664,-1.1368683772161603e-13,0.5,1200.0,1200.0,10257.247765862756,11815.728834358439,914.061404655734,3767.3677263191894,79616.68085975162,19,41086.1982878533,0,1.0000167094403878e-07,optimal,optimal,optimal,59146.79970922351,7329.827610029546,3696.439259881023,595.2472149547822
2025-12-04,Q4-3 SEARCH,0.85,0.5,1200.0,14,1200.0,optimal,optimal,76194.16986945225,0.0,0.0,14,8557.248598549377,optimal,optimal,906.5504118693271,2138.703638006765,5420.816343465934,0.6469914132980007,14,6378.589607481915,optimal,optimal,-781.4632432144454,0.0,1710.260073796136,0.6829347665238384,14,9496.1250401998,optimal,optimal,609.6332141953451,317.3851826131685,40.39022759323859,0.5,1201.0030213547532,1200.0,10409.966668661662,734.7203828502269,847.7281257981829,5223.801058240948,82152.69131054342,16,38610.2739042726,0,1.0000218253480853e-07,optimal,optimal,optimal,70380.20385235656,990.774913256419,-821.0649457407425,632.1845611389317
2025-12-05,Q4-3 SEARCH,0.85,0.5,1201.0030213547532,14,1201.0030213547532,optimal,optimal,23066.531003120777,0.0,0.0,14,8993.828110833327,optimal,optimal,240.221539511706,581.3888155074576,2105.573484053082,0.7050248310853137,14,8185.190061829697,optimal,optimal,-89.6592866034841,176.8048974131002,1445.0920060397307,0.7083751452770298,14,9703.002435185186,optimal,optimal,578.6324973935997,347.77196028276546,2.4067086421331874e-06,0.5,1200.000000063747,1200.000000063747,10340.195524670888,729.1947503018216,609.5042520625911,1883.253868716422,25678.97962213902,20,35609.88369266024,0,1.000043994281441e-07,optimal,optimal,optimal,21154.5533329195,251.75619216824919,-59.79591112814415,568.6967657598918
2025-12-06,Q4-3 SEARCH,0.85,0.5,1200.000000063747,14,1200.000000063747,optimal,optimal,25606.21800099431,0.0,0.0,14,9298.443882314814,optimal,optimal,-796.9755859729572,105.13601082003956,3589.7679955442372,0.7033072971369774,14,7623.429120630305,optimal,optimal,-286.42714133654744,66.3874657058264,1660.5642209199839,0.7163603649450242,14,9720.15684014399,optimal,optimal,598.3158042770356,365.3810438704076,0.0,0.5,1200.0000000488508,1200.0000000488508,10359.762837366214,-485.08692303246903,594.5678185647886,2115.315021401747,27236.44609936359,15,35547.052922018695,0,1.0000448469327239e-07,optimal,optimal,optimal,22909.185173737547,-753.800363309846,-259.49926595491416,603.0616789709549
2025-12-07,Q4-3 SEARCH,0.85,0.5,1200.0000000488508,14,1200.0000000488508,optimal,optimal,78589.327114513,0.0,0.0,14,7242.427848860714,optimal,optimal,999.1468456541041,2537.612502928613,6335.608400944598,0.66595392826543,14,6794.316835576435,optimal,optimal,-309.9569098027716,2.479699056739043,821.7262649001065,0.7134224198127438,14,9505.802789886366,optimal,optimal,631.4056914764346,309.364676522486,2.2737367544323206e-13,0.5,1200.0000000568632,1200.0000000000002,10645.58509923153,1320.5956273277673,614.5944407664911,2240.5323754979236,82150.45511733869,10,37958.87016697439,0,1.0000181282521226e-07,optimal,optimal,optimal,72823.94857242769,1092.226889558397,-288.26334852925424,624.256302936744
2025-12-08,Q4-3 SEARCH,0.85,0.5,1200.0000000568632,14,1200.0000000568632,optimal,optimal,81029.28164334016,0.0,0.0,14,8283.106872746914,optimal,optimal,957.9528548014449,949.7960307390871,1347.0271477333522,0.6748298045951765,14,8035.894135389631,optimal,optimal,-1207.9594767482095,0.0,2819.7848138301024,0.7129415335056082,14,10482.002019267498,optimal,optimal,477.11315073538645,253.07431791046562,3.410605131648481e-13,0.5,1255.7163488283509,1200.0000000509801,10723.644492777916,227.10652878862192,10.982361539801625,23.93605726232568,81280.3242293911,1,37091.455763936916,0,1.0001531336456537e-07,optimal,optimal,optimal,77264.14964156577,1111.8223458185962,-1183.1579818311739,501.6856206364857
2025-12-09,Q4-3 SEARCH,0.85,0.5,1255.7163488283509,14,1255.7163488283509,optimal,optimal,79165.48138853807,0.0,0.0,14,8225.812056506056,optimal,optimal,331.2661100714338,1420.3310998297156,4089.99620929697,0.6535076837597821,14,6760.014831393068,optimal,optimal,143.14569769509427,365.68898266977,883.0298810599935,0.7266800834160356,14,10683.94306069055,optimal,optimal,175.82143522844552,104.45124537850677,0.0,0.5,1200.0000000999999,1200.0000000999999,10771.284056894252,650.2332429949736,1.9434167743766875e-07,4e-07,79815.71463193305,0,39206.98152860877,0,1.0002986527979374e-07,optimal,optimal,optimal,77023.32303860757,267.6318169132276,136.22631091767767,185.76674419355476
2025-12-10,Q4-3 SEARCH,0.85,0.5,1200.0000000999999,14,1200.0000000999999,optimal,optimal,76281.7994825766,0.0,0.0,14,7881.891296450616,optimal,optimal,4047.249954602961,2758.557357796671,1178.4220655459258,0.6664523456234175,14,6899.52959251466,optimal,optimal,-474.8542993128498,0.0,1094.8029330468798,0.7000657071234228,14,10724.680237897548,optimal,optimal,-31.634724398888583,0.0,45.86737079066165,0.5,1200.0000000460946,1200.0000000460946,10800.0,3540.760930891223,99.0053670126656,215.07077509111124,80037.63118855894,5,39949.722519204915,0,1.0000030670198612e-07,optimal,optimal,optimal,73528.91625249272,4043.272866478786,-469.3123724573677,-31.34319547142953
2025-12-11,Q4-3 SEARCH,0.85,0.5,1200.0000000460946,14,1200.0000000460946,optimal,optimal,77501.11240745755,0.0,0.0,14,9446.041477500004,optimal,optimal,-1222.515239382075,547.5317949807295,4554.692888706846,0.6359059092224846,14,8678.40897095795,optimal,optimal,-1078.2798981017668,0.0,2946.5730344644267,0.7090983830792559,14,10424.614465966373,optimal,optimal,534.0109389360796,278.70698405001957,4.547473508864641e-13,0.5,1219.197515347876,1200.0,10800.0,-1766.7841985477621,94.49945620951749,210.8949278195196,75945.22313672931,2,37835.621830138276,0,1.0000969268730842e-07,optimal,optimal,optimal,76344.52927397085,-1184.7637218020254,-1121.0984602793258,531.6862725346938
2025-12-12,Q4-3 SEARCH,0.85,0.5,1219.197515347876,14,1219.197515347876,optimal,optimal,26485.850727141224,0.0,0.0,14,10186.446210000004,optimal,optimal,-226.19723385208744,179.92534226968792,1697.5643677127086,0.5997985749225176,14,8126.406487154526,optimal,optimal,-232.76994336423905,289.9180823541393,2124.05973262635,0.6801044106827698,14,9926.129098157293,optimal,optimal,481.0787417918882,283.1083340807612,2.980363590475662e-06,0.5,1200.0000000597531,1200.0000000597531,10413.00502408322,22.111564575561715,392.5923698110995,1325.0026456868486,27832.964937403634,13,32745.826381242725,0,1.0000974270951701e-07,optimal,optimal,optimal,24557.823461835516,-164.0101413098717,-117.6324497492649,470.04326842667365
2025-12-13,Q4-3 SEARCH,0.85,0.5,1200.0000000597531,14,1200.0000000597531,optimal,optimal,27494.42342168594,0.0,0.0,14,10110.399079999997,optimal,optimal,-420.1677146040562,311.17784412479557,2522.4821131827134,0.5924307501719098,14,7470.1321232062655,optimal,optimal,-275.3007589861153,50.233729377858424,1284.1993676305133,0.6719426003764143,14,9832.95311068815,optimal,optimal,504.31790517810686,307.8773624849885,5.684341886080802e-14,0.5,1200.0000000527093,1200.0000000527093,10345.830343905514,-191.15056841206462,134.53002792313396,462.9836267564118,27766.25648003029,7,34003.06255367382,0,1.0000030670198612e-07,optimal,optimal,optimal,26247.76524987232,-418.6349637381544,-265.16483957813296,498.1082138038529
2025-12-14,Q4-3 SEARCH,0.85,0.5,1200.0000000527093,14,1200.0000000527093,optimal,optimal,75663.73482660315,0.0,0.0,14,7001.308540123456,optimal,optimal,5358.960720429739,3835.275886434422,924.210670549928,0.6050975231865059,14,6357.676721904435,optimal,optimal,1504.7141216630687,1300.1320483998293,593.0782357542848,0.6781637259127381,14,10487.69082481394,optimal,optimal,452.3152233973143,266.5516516967452,19.026847772483393,0.5,1202.5239396077357,1200.0,10514.478249270587,7315.990065490122,1375.3429791451508,6868.157212506774,89847.88210460005,11,37224.94957065981,0,1.0002986527979374e-07,optimal,optimal,optimal,72757.01430157924,5358.890273357117,1571.3963078645675,473.2193520178073
2025-12-15,Q4-3 SEARCH,0.85,0.5,1202.5239396077357,14,1202.5239396077357,optimal,optimal,78167.05506278825,0.0,0.0,14,9646.667884056951,optimal,optimal,2030.9603092146376,1499.543362131961,435.186056480704,0.6068051861111756,14,6996.458223797925,optimal,optimal,-122.02640393843757,84.5332111434758,605.327080558397,0.6642991777460127,14,10555.995330131049,optimal,optimal,402.8530062557837,219.60420288205535,9.126067275558722,0.5,1214.6142382485796,1200.0,10748.96209944831,2311.7869115319836,28.150421620024137,60.203934805065,80539.04590912529,4,39160.41102052962,0,1.0002986527979374e-07,optimal,optimal,optimal,77408.75802682186,1956.090530127754,-107.80110500371741,409.383310401746
2025-12-16,Q4-3 SEARCH,0.85,0.5,1214.6142382485796,14,1214.6142382485796,optimal,optimal,83259.26630913894,0.0,0.0,14,9402.341775000004,optimal,optimal,-636.923006882096,666.5483861954161,3358.140165264247,0.6599077346479698,14,8800.235119774406,optimal,optimal,-1110.2312903181196,0.0,2802.0828789023813,0.6049856786354371,14,10768.628670462962,optimal,optimal,38.6159107577596,28.234197280450328,8.606375483366644e-07,0.5,1200.0,1200.0,10800.0,-1708.5383864424562,36.153733423499006,82.4129988806921,81633.14092157719,3,39505.256321901106,0,1.0002986527979374e-07,optimal,optimal,optimal,82901.5884032899,-585.490641729558,-1086.7540984094603,41.632639059552424
2025-12-17,Q4-3 SEARCH,0.85,0.5,1200.0,14,1200.0,optimal,optimal,83113.8205416913,0.0,0.0,14,8328.318240223538,optimal,optimal,-535.241263857368,887.492851505383,4172.837063711399,0.6447440358894859,14,9108.533384938264,optimal,optimal,-1039.129357316847,41.22945424180557,2983.5996610287493,0.6016560314471937,14,10579.619156090444,optimal,optimal,372.8480841153859,198.34276955161766,0.781430189776229,0.5,1223.0142563089657,1200.0,10790.76946861966,-1201.5225370588291,1.4727430955156123e-07,1.1000070903223936e-06,81912.29800573247,0,35746.50256430211,0,1.0000627662520856e-07,optimal,optimal,optimal,82982.31185987091,-584.2428138200639,-1091.5331912508198,370.8229017307014
2025-12-18,Q4-3 SEARCH,0.85,0.5,1223.0142563089657,14,1223.0142563089657,optimal,optimal,75473.35371873477,0.0,0.0,14,7162.605498598141,optimal,optimal,5675.277349463603,4383.937202239569,95.09822937375293,0.64919780053371,14,8868.92881869744,optimal,optimal,-620.2311454706474,0.2202835833336394,1804.0218527073894,0.5752075999806714,14,10478.05002919682,optimal,optimal,365.9959096889535,202.01013543983504,0.0,0.5,1225.6827606718143,1202.1314814814816,10725.008319590306,5421.042113681909,0.6923218179022421,1.5539170701667147,80895.94974948684,1,34460.979671829955,0,1.0000196471082745e-07,optimal,optimal,optimal,74777.4820622185,5662.141085829716,-675.8130046373196,379.3881685971494
2025-12-19,Q4-3 SEARCH,0.85,0.5,1225.6827606718143,14,1225.6827606718143,optimal,optimal,24476.168933864465,0.0,0.0,14,10783.590740740741,optimal,optimal,789.7688303490747,1127.2772338311577,0.0,0.6377550056766438,14,8611.616159233914,optimal,optimal,-366.1010378991506,16.11572191666596,1378.351431393432,0.5658187992682979,14,9840.873990740738,optimal,optimal,486.92720930701194,288.39004167083823,0.0,0.5,1200.0000000999999,1200.0000000999999,10800.0,910.5950017569361,127.72495402256195,485.12383467129564,25871.8877702927,6,32444.29816575526,0,1.0000007932831068e-07,optimal,optimal,optimal,24101.606341387174,749.660046836386,-331.58691339323457,466.95289004442304
2025-12-20,Q4-3 SEARCH,0.85,0.5,1200.0000000999999,14,1200.0000000999999,optimal,optimal,26109.109745106405,0.0,0.0,14,10757.328268679363,optimal,optimal,-582.8076531315644,0.0,1656.7256090965848,0.6727523463040284,14,7087.798821466946,optimal,optimal,-347.44715770307886,12.783883333333392,1248.9279406129049,0.5324825227496145,14,9897.553502876084,optimal,optimal,478.3370770031497,370.4072943611097,0.0,0.5,1200.0000000999999,1200.0000000999999,10757.328268679363,-451.9177338314935,224.3360049905784,771.0675782057647,26428.259589480676,7,34682.48161091794,0,1.0000593420045334e-07,optimal,optimal,optimal,26209.32234322298,-604.9814075073673,-345.790005920472,447.37850354760684
2025-12-21,Q4-3 SEARCH,0.85,0.5,1200.0000000999999,14,1200.0000000999999,optimal,optimal,77099.73883298086,0.0,0.0,14,8782.708998210537,optimal,optimal,1230.9681246200125,1186.1609016633577,1288.1008825466752,0.6735423800968104,14,7917.176784785945,optimal,optimal,-481.86818992018027,0.0,1118.204372655726,0.5161612824884895,14,10507.867639901959,optimal,optimal,382.12791956777556,206.36994157666632,0.0,0.5,1252.6270598969174,1200.0000000999999,10800.0,1131.2278542676079,7.550910083700906e-08,2.9999824144179e-07,78230.96668754847,0,40117.33288177899,0,1.0000079782912507e-07,optimal,optimal,optimal,77161.47257670743,1256.5971256975604,-489.2731745021599,401.55279996214733
2025-12-22,Q4-3 SEARCH,0.85,0.5,1252.6270598969174,14,1252.6270598969174,optimal,optimal,75785.88638553255,0.0,0.0,14,8141.341975648147,optimal,optimal,2596.6176963207495,2177.988705915824,1311.7641255893502,0.6370181998310713,14,8239.643359831867,optimal,optimal,-525.007358018175,64.41475009666692,1694.7489715926667,0.5162576220476149,14,10741.526431785058,optimal,optimal,-17.789509477420435,95.74696666666648,122.59161486577163,0.5,1200.0000000504022,1200.0,10797.14942759919,2053.8208288251544,297.35071722677435,1064.3829967926295,78904.09021115032,15,41982.40238850068,0,1.0002986527979374e-07,optimal,optimal,optimal,75153.50440452223,2604.0170748539517,-525.9552782711406,-21.494699527775847
2025-12-23,Q4-3 SEARCH,0.85,0.5,1200.0000000504022,14,1200.0000000504022,optimal,optimal,77358.89382285555,0.0,0.0,14,10614.707497500003,optimal,optimal,-1719.4368822605286,0.0,3585.85106100876,0.5966270834504038,14,8714.357244155253,optimal,optimal,-957.0023372696684,0.0,2526.4505041721677,0.5658864161025032,14,10592.194911143499,optimal,optimal,226.7250505355001,139.17965497085316,1.3642420526593924e-12,0.5,1200.0000000486693,1200.0000000486693,10776.51972572465,-2449.714168994697,49.46509676793305,104.6899648293096,75013.86961869015,3,41105.349029945515,0,1.0001531336456537e-07,optimal,optimal,optimal,76905.24319562754,-1753.8125976304004,-955.3235538666061,225.47579147591676
2025-12-24,Q4-3 SEARCH,0.85,0.5,1200.0000000486693,14,1200.0000000486693,optimal,optimal,76157.93179544341,0.0,0.0,14,10353.985022500001,optimal,optimal,-802.8895828084788,0.0,1678.8285766050496,0.5970461351492158,14,8911.826157559288,optimal,optimal,-1246.7661829067092,0.0,3104.9877182583546,0.5788801508142505,14,10586.244015675895,optimal,optimal,235.16241529547412,144.5354608916956,3.410605131648481e-13,0.5,1218.4680295979417,1200.0,10800.0,-1814.4933504197138,78.67312487783497,418.920581504598,74762.3590265283,3,39860.20361370301,0,1.0003554962167982e-07,optimal,optimal,optimal,76548.07953436174,-803.6885170533069,-1263.090134045852,228.07039326827282
2025-12-25,Q4-3 SEARCH,0.85,0.5,1218.4680295979417,14,1218.4680295979417,optimal,optimal,72559.4866980968,0.0,0.0,14,8403.035122870368,optimal,optimal,2646.6625958110917,2160.6337313340086,1450.3921269387743,0.5742701733120054,14,7464.2481645011685,optimal,optimal,305.52652810508545,340.25399235149166,436.0921809219075,0.5564793848446332,14,10552.290602870915,optimal,optimal,223.58781711925351,131.39009629154566,69.54912111662145,0.5,1211.468306799499,1200.0,10711.911578714955,3175.776941035431,290.8631587007482,719.8917617340485,76455.1554008663,11,41034.36797202089,0,1.0001531336456537e-07,optimal,optimal,optimal,71402.19457418741,2465.234952896469,310.70375746288397,225.40946139374427
2025-12-26,Q4-3 SEARCH,0.85,0.5,1211.468306799499,14,1211.468306799499,optimal,optimal,24204.839158237904,0.0,0.0,14,10219.283333333333,optimal,optimal,-266.94706151686603,160.54292600623944,2030.3376029567341,0.5819003276456636,14,7855.078584707408,optimal,optimal,-433.4285756768204,0.0,1760.8936333000192,0.6129184612127577,14,9930.552140284053,optimal,optimal,313.34296129776317,217.90518681019614,10.779656886076411,0.5,1200.0000000999999,1200.0000000999999,10800.0,-387.03267589592326,327.34125631025074,983.3202075305003,24801.126689872483,5,36599.38391816948,0,1.0000803740695119e-07,optimal,optimal,optimal,23822.805533597573,-352.8309887557669,-439.6773778254417,322.5286645699454
2025-12-27,Q4-3 SEARCH,0.85,0.5,1200.0000000999999,14,1200.0000000999999,optimal,optimal,24536.504819839836,0.0,0.0,14,10107.411753981482,optimal,optimal,-532.4894176130933,78.3120438471135,2208.7326488165404,0.5667241990353776,14,7866.054479532579,optimal,optimal,-389.0003200028734,15.393056297137823,1556.6899767616108,0.6464055111115669,14,9781.036666666667,optimal,optimal,451.6213584995077,306.2227750000012,57.40140614248797,0.5,1200.0000000999999,1200.0000000999999,10678.737679907406,-469.86837911645904,144.33847094508073,454.2822778784282,24520.918718601806,6,36452.83633084461,0,1.0000030670198612e-07,optimal,optimal,optimal,24916.476539818457,-459.19728431348346,-367.9866141739337,460.7309907135451
2025-12-28,Q4-3 SEARCH,0.85,0.5,1200.0000000999999,14,1200.0000000999999,optimal,optimal,74934.11595455307,0.0,0.0,14,10132.516558611109,optimal,optimal,-600.8112855885888,324.2029616576267,2268.642271806252,0.581553872172904,14,8096.820825611405,optimal,optimal,-894.3972787158842,0.0,2167.910663569012,0.6439108888432244,14,10467.86718931282,optimal,optimal,457.748102873521,251.07460461846222,3.410605131648481e-13,0.5,1238.6828244075791,1200.0000000999999,10776.357452485683,-1037.460461430952,9.188528797678256,18.514886244436735,73915.17037936655,1,39707.22001157585,0,1.0000856309488882e-07,optimal,optimal,optimal,75641.73886420703,-652.7293064399571,-905.034665706932,451.73001179910625
2025-12-29,Q4-3 SEARCH,0.85,0.5,1238.6828244075791,14,1238.6828244075791,optimal,optimal,71287.39616720873,0.0,0.0,14,9533.239112592593,optimal,optimal,2122.4758979265616,1633.291021705304,267.8708609643005,0.6005516501070849,14,6792.818319471393,optimal,optimal,-212.74220535840158,84.7739685833343,664.568362115455,0.6641562355769401,14,10484.66163947525,optimal,optimal,199.73470771674405,136.2930333056088,0.0,0.5,1210.324003335933,1210.324003335933,10800.0,2109.468400284904,49.40780607239127,121.54207469417432,73518.40664218781,4,42463.594779338106,0,1.0001464761444368e-07,optimal,optimal,optimal,72097.63826491608,2169.2278820411884,-210.92095235586802,193.3418791028809
2025-12-30,Q4-3 SEARCH,0.85,0.5,1210.324003335933,14,1210.324003335933,optimal,optimal,70774.11573314667,0.0,0.0,14,10000.626506032126,optimal,optimal,2054.922380326375,1627.8281185190012,724.6687201793117,0.6007256872824439,14,6447.669142899031,optimal,optimal,-832.9585135430383,32.67986666666661,1893.110893902795,0.6126122709541754,14,10617.691119791354,optimal,optimal,140.31889234290708,132.11778293778215,0.0,0.5,1267.9277098516745,1200.0,10679.92726207802,1362.2827591262435,194.42417959989186,1324.4802206192796,73460.8787128922,2,42777.36667606681,0,1.0000329848480759e-07,optimal,optimal,optimal,71678.42686468133,1968.3179039445524,-841.6992384357518,142.15095309321543
2025-12-31,Q4-3 SEARCH,0.85,0.5,1267.9277098516745,14,1267.9277098516745,optimal,optimal,73180.59143644395,0.0,0.0,14,10130.569284960502,optimal,optimal,646.86942187304,654.1886748158596,889.0306771508276,0.5666711450276865,14,6685.887592349535,optimal,optimal,69.16629054944792,242.24915358273398,570.9400369321093,0.6313463178122489,14,10691.419047195124,optimal,optimal,-88.85278996317047,0.0,131.95551539489867,0.5,1200.0000000481,1200.0000000481,10799.999999999998,627.1829224593174,100.94920828662319,233.1926711420996,74040.96703004537,1,44272.299034661395,0,1.0005896911025047e-07,optimal,optimal,optimal,73271.00473776019,653.2159753336151,74.44480921405844,-88.69141604085311
