date,run_label,alpha,lambda,soc_start_kwh,scenario_count_00,soc_00_kwh,plan_primary_status_00,plan_secondary_status_00,plan_cost_00_yuan,increase_00_kwh,decrease_00_kwh,scenario_count_06,soc_06_kwh,plan_primary_status_06,plan_secondary_status_06,adjustment_cost_06_yuan,increase_06_kwh,decrease_06_kwh,rho_06,scenario_count_12,soc_12_kwh,plan_primary_status_12,plan_secondary_status_12,adjustment_cost_12_yuan,increase_12_kwh,decrease_12_kwh,rho_12,scenario_count_18,soc_18_kwh,plan_primary_status_18,plan_secondary_status_18,adjustment_cost_18_yuan,increase_18_kwh,decrease_18_kwh,rho_18,soc_end_kwh,soc_min_kwh,soc_max_kwh,adjustment_cost_total_yuan,actual_emergency_purchase_kwh,actual_emergency_cost_yuan,total_actual_cost_yuan,emergency_slot_count,actual_throughput_kwh,simultaneous_slots,max_constraint_violation,actual_primary_status,actual_secondary_status,actual_tertiary_status
2025-02-01,ANNUAL REFERENCE ONLY,0.9,1.0,6000.0,2,6000.0,optimal,optimal,21719.94543355953,0.0,0.0,2,9642.039444444446,optimal,optimal,-984.1827128643608,0.0,3016.4040319831397,0.6203361283146992,2,7124.128017037038,optimal,optimal,-75.30368939828156,0.0,195.58070701927647,0.5219275667876406,2,10197.944476851852,optimal,optimal,-30.973470065879933,0.0,62.756499171064675,0.5,1200.0000001,1200.0000001,10800.000000000002,-1090.4598723285224,31.888854328660436,115.43195186618786,20744.917513097193,2,30842.755403720676,0,1.0000030670198612e-07,optimal,optimal,optimal
2025-02-02,ANNUAL REFERENCE ONLY,0.9,1.0,1200.0000001,3,1200.0000001,optimal,optimal,57517.54812983773,0.0,0.0,3,10771.232306534266,optimal,optimal,-1230.9051505970351,9.157730099887885,3718.264355537367,0.630420805544078,3,7656.592467969517,optimal,optimal,-331.9317058290043,29.538682460785367,1163.9228574921895,0.5328440473078151,3,10800.0,optimal,optimal,9.999636202119289e-08,1.5797204725285015e-07,-1.1368683772161603e-13,0.5,1225.0407358316916,1200.0000001,10800.0,-1562.836856326043,12.212987546772625,26.459437518749873,55981.170711030434,1,40766.1709257895,0,1.0000417205446865e-07,optimal,optimal,optimal
2025-02-03,ANNUAL REFERENCE ONLY,0.9,1.0,1225.0407358316916,4,1225.0407358316916,optimal,optimal,59093.48325071213,0.0,0.0,4,10794.161419753087,optimal,optimal,-1626.7411086854781,0.0,4624.5425034548325,0.6081206271476367,4,7638.409423039329,optimal,optimal,-515.31943517596,0.0,1537.8957574980273,0.5188848576958215,4,10786.822222222223,optimal,optimal,22.27663809999573,11.859999999998896,0.0,0.5,1277.7602025957517,1225.0407358316916,10800.0,-2119.783905761443,104.40272012886243,391.4275183615578,57365.12686331225,6,41442.29992096982,0,1.0002986527979374e-07,optimal,optimal,optimal
2025-02-04,ANNUAL REFERENCE ONLY,0.9,1.0,1277.7602025957517,5,1277.7602025957517,optimal,optimal,60971.522305154365,0.0,0.0,5,10799.999999999998,optimal,optimal,-1334.8143194555164,159.7802744378369,4231.801876667065,0.604213286359979,5,7942.732885092671,optimal,optimal,-848.0840445519359,0.0,2483.7646664550175,0.5361436228440177,5,10792.654320987655,optimal,optimal,12.417650100003051,6.611111111110802,0.0,0.5,1274.1064432698436,1274.1064432698436,10800.0,-2170.480713907449,83.70572715419613,223.29167144809873,59024.333262695014,6,42191.69591484495,0,1.0000712791224942e-07,optimal,optimal,optimal
2025-02-05,ANNUAL REFERENCE ONLY,0.9,1.0,1274.1064432698436,6,1274.1064432698436,optimal,optimal,57353.285728306204,0.0,0.0,6,10800.0,optimal,optimal,-267.1869822436352,336.8706296869674,1899.796413236064,0.6073189178332172,6,7057.38118332164,optimal,optimal,-408.1269078834091,0.0,1094.7274017541095,0.5500793609993078,6,10800.000000000002,optimal,optimal,9.999999999999997e-08,2.162790833295915e-07,1.7518848703585688e-07,0.5,1277.087736885722,1274.1064432698436,10800.000000000002,-675.3138900270443,134.38244404139488,426.8030190966561,57104.774857375814,7,42260.007128709796,0,1.000112206384074e-07,optimal,optimal,optimal
2025-02-06,ANNUAL REFERENCE ONLY,0.9,1.0,1277.087736885722,7,1277.087736885722,optimal,optimal,61391.93015291433,0.0,0.0,7,10797.222530864196,optimal,optimal,-1815.589376273536,0.0,4965.723174536202,0.6235349872124988,7,7765.633397533627,optimal,optimal,-1117.3476043009948,0.0,3153.471201979621,0.5707119684648804,7,10796.047530864198,optimal,optimal,6.681530599990914,3.5572222222231424,1.2505552149377763e-12,0.5,1278.7043781571924,1277.087736885722,10800.0,-2926.25544997454,106.16394737009904,232.25368047291903,58697.928383412705,4,41791.39170864604,0,1.0001144801208284e-07,optimal,optimal,optimal
2025-02-07,ANNUAL REFERENCE ONLY,0.9,1.0,1278.7043781571924,8,1278.7043781571924,optimal,optimal,23851.72072837358,0.0,0.0,8,10018.20918856481,optimal,optimal,-910.8759252884274,0.0,3046.1689953386604,0.6423505795163891,8,7397.719001932886,optimal,optimal,-478.110780292888,0.0,1639.8628938072798,0.6644873138638798,8,9857.922070987655,optimal,optimal,-9.330032625282763,2.1627485732035147e-07,18.90392627240131,0.5,1320.8816027725677,1210.2488996913573,10800.0,-1398.316738206598,107.51145435483437,426.83224206877065,22880.23623223575,4,35506.69757674761,0,1.0000258043874055e-07,optimal,optimal,optimal
2025-02-08,ANNUAL REFERENCE ONLY,0.9,1.0,1320.8816027725677,9,1320.8816027725677,optimal,optimal,19424.54803483171,0.0,0.0,9,8242.787496861583,optimal,optimal,-104.94118497429994,7.326614365056685,294.7452128424536,0.6251944679866634,9,7403.960153528251,optimal,optimal,-22.44188726022443,0.9439153216314935,56.56841389208738,0.7212701175370082,9,9849.687000841885,optimal,optimal,180.92621674656235,125.93790892067346,35.08105583333514,0.5,1340.9964118699256,1268.093527777773,10800.0,53.54314451203797,247.85580415725897,880.1652818777602,20358.256461221506,15,34607.403620368554,0,1.000043994281441e-07,optimal,optimal,optimal
2025-02-09,ANNUAL REFERENCE ONLY,0.9,1.0,1340.9964118699256,10,1340.9964118699256,optimal,optimal,56985.85712554537,0.0,0.0,10,10798.01286111111,optimal,optimal,-768.4629026791162,0.36215565518421045,1818.4737788712841,0.6518986649382474,10,8071.035553913798,optimal,optimal,-699.8100620893463,1.3160633682961134,2184.339249642928,0.7139956059165149,10,10767.603727927324,optimal,optimal,21.801141357405108,18.44831153207531,15.398746906124034,0.5,1294.7725631162673,1290.434279907404,10800.0,-1446.4718234110571,125.97083898409304,472.01529352389144,56011.40059565821,6,41305.68219981941,0,1.0002258932217956e-07,optimal,optimal,optimal
2025-02-10,ANNUAL REFERENCE ONLY,0.9,1.0,1294.7725631162673,11,1294.7725631162673,optimal,optimal,54050.6707679425,0.0,0.0,11,10166.12341455247,optimal,optimal,-2221.285385539967,0.302668587834205,6211.445603563926,0.632296215923355,11,7605.153757887789,optimal,optimal,334.81050513454716,486.38974544604446,791.7726682287674,0.7122470447481396,11,10800.0,optimal,optimal,-11.56296237733917,0.0,28.820693294277582,0.5,1204.7374252454229,1204.7374252454229,10800.000000000002,-1898.037842782759,202.711682477926,482.7860116731455,52635.41893683289,4,40904.57599266818,0,1.0000803740695119e-07,optimal,optimal,optimal
2025-02-11,ANNUAL REFERENCE ONLY,0.9,1.0,1204.7374252454229,12,1204.7374252454229,optimal,optimal,54941.78268913883,0.0,0.0,12,9885.878620370371,optimal,optimal,-1713.5635435201334,0.05186519627159214,4468.022090392037,0.6087291375097827,12,6734.128055948089,optimal,optimal,-696.6548579705568,0.0,1839.0598780526961,0.7061748899852236,12,10800.0,optimal,optimal,-11.18243095638976,0.0,27.040845675193125,0.5,1268.9469032395023,1200.0,10800.0,-2421.40083244708,680.1319924307095,2116.5810487996996,54636.962905491455,18,42618.47186958189,0,1.0000508154917043e-07,optimal,optimal,optimal
2025-02-12,ANNUAL REFERENCE ONLY,0.9,1.0,1268.9469032395023,13,1268.9469032395023,optimal,optimal,54505.41480022283,0.0,0.0,13,10559.814568395064,optimal,optimal,-1894.4912999621015,0.6889335652032287,5187.313764245164,0.6160564084196161,13,7380.463001757222,optimal,optimal,-506.8096298601601,2.878439202735649,1506.5016477447284,0.7216505498964687,13,10618.715140456861,optimal,optimal,225.34177980375458,163.1563735888268,9.985632402387637,0.5,1269.2048637080843,1199.9999999999998,10800.0,-2175.959150018507,702.547145237084,2420.69783559589,54750.15348580022,27,41847.0841163671,0,1.0000417205446865e-07,optimal,optimal,optimal
2025-02-13,ANNUAL REFERENCE ONLY,0.9,1.0,1269.2048637080843,14,1269.2048637080843,optimal,optimal,50956.889375791405,0.0,0.0,14,9794.124149598754,optimal,optimal,-1496.1226828871809,55.453303790129894,4482.68321507484,0.6239763911438716,14,7441.310768630562,optimal,optimal,688.6393673403718,742.9213822172404,498.43190386128316,0.7152704096105844,14,10800.0,optimal,optimal,-31.900032551672517,-1.1368683772161603e-13,49.530366666666204,0.5,1406.9839886142208,1269.2048637080843,10800.0,-839.3833480984816,147.44205033078643,483.91090045208307,50601.416928145,4,40502.306162240006,0,1.0000246675190283e-07,optimal,optimal,optimal
2025-02-14,ANNUAL REFERENCE ONLY,0.9,1.0,1406.9839886142208,14,1406.9839886142208,optimal,optimal,19000.86169863846,0.0,0.0,14,8092.513494257862,optimal,optimal,178.05722758266998,235.85622848557884,375.7658069444444,0.6139351606603018,14,6890.333610368972,optimal,optimal,332.4394760038351,265.61324665414935,1.1368683772161603e-13,0.6610797178699424,14,9972.38726251376,optimal,optimal,157.919683732259,112.64321479903198,-1.1368683772161603e-13,0.5,1337.0764874779088,1337.0764874779088,10800.0,668.416387318764,75.79765172099106,162.69173392701208,19831.969819884234,5,33620.68349922785,0,1.0000803740695119e-07,optimal,optimal,optimal
2025-02-15,ANNUAL REFERENCE ONLY,0.9,1.0,1337.0764874779088,14,1337.0764874779088,optimal,optimal,18896.537754148318,0.0,0.0,14,6541.9121125,optimal,optimal,-374.66312671601264,49.625856906726426,1332.1563562049623,0.6534422560226923,14,6527.794023086344,optimal,optimal,164.69891488195134,134.959527848329,1.1368683772161603e-13,0.5906384331605111,14,9899.536931063354,optimal,optimal,238.73067805716727,172.29616732176433,-5.684341886080802e-14,0.5,1209.9411180555553,1200.0,10729.114588802537,28.766466223105965,516.629285942503,1399.3480998539894,20324.652320225414,18,33429.17670945526,0,1.00000761449337e-07,optimal,optimal,optimal
2025-02-16,ANNUAL REFERENCE ONLY,0.9,1.0,1209.9411180555553,14,1209.9411180555553,optimal,optimal,53747.738373925444,0.0,0.0,14,9949.512344938272,optimal,optimal,-1638.5194319661243,134.79757949999953,4898.8978992248885,0.6479058734291734,14,6475.792831944055,optimal,optimal,-142.70342665855497,0.0,362.99013500267336,0.5846020608283324,14,10469.605299182465,optimal,optimal,405.53593644180296,297.3552307357807,1.1368683772161603e-13,0.5,1313.140205673735,1209.9411180555553,10737.728129453455,-1375.6869221828763,66.54178704306482,148.86699772881616,52520.918449471385,2,41012.38502794906,0,1.0000053407566156e-07,optimal,optimal,optimal
2025-02-17,ANNUAL REFERENCE ONLY,0.9,1.0,1313.140205673735,14,1313.140205673735,optimal,optimal,53475.63346225208,0.0,0.0,14,10144.973198678183,optimal,optimal,-1839.180682903914,83.95443802642018,5686.901285170311,0.6703462412443004,14,8167.793452487444,optimal,optimal,-824.0760839226502,20.939399458832668,2880.750239399962,0.5739117568211114,14,10486.48164454216,optimal,optimal,261.7346315663337,210.01321050346968,0.0,0.5,1270.59654116746,1243.5945167592592,10512.27259954216,-2401.5221352602307,1.4133579833425733e-07,2.999998672388756e-07,51074.11132729185,0,36978.29155457971,0,1.0000007932831068e-07,optimal,optimal,optimal
2025-02-18,ANNUAL REFERENCE ONLY,0.9,1.0,1270.59654116746,14,1270.59654116746,optimal,optimal,47537.98254777479,0.0,0.0,14,9070.314163888894,optimal,optimal,338.4628639755531,481.5507252991192,68.859463424924,0.7300710487666738,14,7500.167656466511,optimal,optimal,-108.48420356217758,3.530926905542856,279.91258883276384,0.5798435495271779,14,10340.502285904022,optimal,optimal,583.116156904379,378.34563523608864,0.0,0.5,1286.4752939562375,1245.0126468518483,10340.502285904022,813.0948173177544,817.7485078653363,2951.9302888456127,51303.007653938155,11,37666.337170848536,0,1.00000761449337e-07,optimal,optimal,optimal
2025-02-19,ANNUAL REFERENCE ONLY,0.9,1.0,1286.4752939562375,14,1286.4752939562375,optimal,optimal,48071.962446030804,0.0,0.0,14,9189.930688405628,optimal,optimal,-57.75490589566547,215.4333680108449,934.5640725571297,0.7097006428897662,14,5855.855879559632,optimal,optimal,1951.2092469032134,1950.9290777904544,41.636470196585606,0.5568894837691477,14,10529.199255937825,optimal,optimal,177.65266138566872,221.19907120989453,0.0,0.5,1200.0000000519697,1199.9999999999998,10539.977640937825,2071.1070023932166,322.33855106237615,810.0469573855946,50953.11640580962,12,40940.85133907612,0,1.0000098882301245e-07,optimal,optimal,optimal
2025-02-20,ANNUAL REFERENCE ONLY,0.9,1.0,1200.0000000519697,14,1200.0000000519697,optimal,optimal,49736.83480751015,0.0,0.0,14,9617.01481126543,optimal,optimal,560.4526703932709,1052.6893527262341,1949.1673839794335,0.6941123663921002,14,6772.058897893499,optimal,optimal,-311.90775172772624,0.0,928.8031887547613,0.5773763433242316,14,10591.712744117176,optimal,optimal,235.26250984390128,184.5349430433516,0.0,0.5,1297.446104698929,1200.0000000519697,10688.280709113786,483.8074285094459,1.5582819573501033e-07,4.000010388703231e-07,50220.642236419604,0,39512.092753734774,0,1.000011716314475e-07,optimal,optimal,optimal
2025-02-21,ANNUAL REFERENCE ONLY,0.9,1.0,1297.446104698929,14,1297.446104698929,optimal,optimal,18026.399464073435,0.0,0.0,14,7049.579923533168,optimal,optimal,29.31125069053927,37.834274767921556,50.337459987843665,0.6807243089816691,14,8207.083151681316,optimal,optimal,121.6802222130165,99.14614970155773,55.07696246618484,0.6081860077554624,14,9770.923712962964,optimal,optimal,399.41077389158465,268.417788239179,0.0,0.5,1268.5632914249002,1240.039986437462,10405.408567073831,550.4022467951404,261.86997108887357,1348.5410388398923,19925.342749708467,5,31920.694989670777,0,1.0000712245528121e-07,optimal,optimal,optimal
2025-02-22,ANNUAL REFERENCE ONLY,0.9,1.0,1268.5632914249002,14,1268.5632914249002,optimal,optimal,18302.375933176772,0.0,0.0,14,6073.594481296294,optimal,optimal,405.73250493207627,401.30232673359467,64.55231899375673,0.6548405726401891,14,7078.572937246088,optimal,optimal,-126.36747542128327,0.0,364.7797785669031,0.6266667170020838,14,9850.860556068474,optimal,optimal,563.3620459294317,392.1243378567655,0.0,0.5,1278.6337876049988,1225.23477724609,10617.882046882127,842.7270754402247,75.96768478320163,190.83290794063157,19335.935916557628,4,31508.310492775294,0,1.0000245765695582e-07,optimal,optimal,optimal
2025-02-23,ANNUAL REFERENCE ONLY,0.9,1.0,1278.6337876049988,14,1278.6337876049988,optimal,optimal,49145.933327741855,0.0,0.0,14,9703.5187937037,optimal,optimal,779.5876335247219,762.0346133853216,137.68192966084416,0.642413030745127,14,6424.836044544404,optimal,optimal,-586.0268367413598,0.0,1623.409933431693,0.644139191617846,14,10691.01968751134,optimal,optimal,159.2017529474688,94.7847812397947,1.1368683772161603e-13,0.5,1266.0254158827172,1200.7739159827174,10715.05127772512,352.76254973083087,1.9802261367905167e-07,9.000061586950324e-07,49498.695878372695,0,41434.28228219485,0,1.0000793690778663e-07,optimal,optimal,optimal
2025-02-24,ANNUAL REFERENCE ONLY,0.9,1.0,1266.0254158827172,14,1266.0254158827172,optimal,optimal,47332.372201561106,0.0,0.0,14,9959.559259259258,optimal,optimal,671.726799253621,1015.2214087188318,30.057949435991645,0.6201905997217892,14,6951.2474660717035,optimal,optimal,-519.3565315548701,0.0,1414.3183062181492,0.6697042553529229,14,10589.161833969698,optimal,optimal,334.5537264729089,186.4568494272726,0.0,0.5,1250.311067877305,1228.8141513261266,10800.0,486.92399417165984,264.7095364783603,1299.2771265148976,49118.57332224766,6,37142.927119540516,0,1.0000245765695582e-07,optimal,optimal,optimal
2025-02-25,ANNUAL REFERENCE ONLY,0.9,1.0,1250.311067877305,14,1250.311067877305,optimal,optimal,48760.63566357293,0.0,0.0,14,9780.410247222218,optimal,optimal,11.438995175077281,555.4231426843305,1529.1339804700474,0.5659958479968336,14,7886.708540866837,optimal,optimal,-1011.7637921914728,0.0,3287.3824277895283,0.6663253470070647,14,10650.923894361476,optimal,optimal,228.92573100852462,130.87099507467028,0.0,0.5,1240.9519433376736,1200.0000000526593,10789.397312037034,-771.3990660078709,19.605926266420205,41.36850455175606,48030.60510211682,1,37684.21383326034,0,1.00000761449337e-07,optimal,optimal,optimal
2025-02-26,ANNUAL REFERENCE ONLY,0.9,1.0,1240.9519433376736,14,1240.9519433376736,optimal,optimal,44268.924785902134,0.0,0.0,14,9781.313034183788,optimal,optimal,1179.402130748581,1434.4036884260452,0.8259715349989093,0.5725853594492636,14,6512.430960479332,optimal,optimal,1509.8348872857161,1534.0017773764966,27.47167100847423,0.6948286788827562,14,10570.369490919293,optimal,optimal,349.38746138989814,197.37912483930154,-1.1368683772161603e-13,0.5,1237.7515350098668,1222.730562940304,10677.812960109713,3038.6244794241948,291.9336097467168,1427.26263963687,48734.8119049632,9,40011.27236305977,0,1.0000628947182122e-07,optimal,optimal,optimal
2025-02-27,ANNUAL REFERENCE ONLY,0.9,1.0,1237.7515350098668,14,1237.7515350098668,optimal,optimal,45675.5138843485,0.0,0.0,14,9914.93780259259,optimal,optimal,221.77170187325748,645.7538210198087,1525.6345913393184,0.5833796644757399,14,6827.529469353627,optimal,optimal,90.8871172198407,130.85350297638513,189.66197515540222,0.694164167752262,14,10484.256167672624,optimal,optimal,446.40201923533016,284.16944925693,0.0,0.5,1247.38757385425,1199.9999999999998,10797.495209999997,759.0608383284284,223.20703131943748,1063.3598632280837,47497.93458590501,9,40870.18195438561,0,1.00000761449337e-07,optimal,optimal,optimal
2025-02-28,ANNUAL REFERENCE ONLY,0.9,1.0,1247.38757385425,14,1247.38757385425,optimal,optimal,17571.987943546872,0.0,0.0,14,6008.263679089407,optimal,optimal,-85.00638650201371,33.50560392510516,267.5011804835791,0.5840047976994293,14,9034.266978635822,optimal,optimal,85.97084296932661,77.82279269730346,50.97755316679536,0.6861676199693404,14,9661.910368426565,optimal,optimal,389.13699407563865,248.98421837045743,0.0,0.5,1252.1361915121065,1202.7995426148798,10521.809325836435,390.10145054295157,1.9291207149485173e-07,6.000095169407358e-07,17962.089394689832,0,31457.725790954286,0,1.0000524071074323e-07,optimal,optimal,optimal
2025-03-01,ANNUAL REFERENCE ONLY,0.9,1.0,1252.1361915121065,14,1252.1361915121065,optimal,optimal,20187.285845772516,0.0,0.0,14,9751.567759259256,optimal,optimal,-274.65924749017614,10.125808099325695,999.8277818013933,0.5715688806782705,14,10286.876731060996,optimal,optimal,-112.62866150123303,0.0,280.0172333324524,0.6753199760646394,14,9817.88500925926,optimal,optimal,396.4360736699912,298.64408793549353,0.0,0.5,1244.3491478935205,1226.968184081475,10799.999999999998,9.14816467858202,47.111807152086264,246.30838167940223,20442.7423921305,2,29125.342312125493,0,1.00000761449337e-07,optimal,optimal,optimal
2025-03-02,ANNUAL REFERENCE ONLY,0.9,1.0,1244.3491478935205,14,1244.3491478935205,optimal,optimal,51932.14891588812,0.0,0.0,14,9689.144438325933,optimal,optimal,719.0937603772974,945.2891093928968,967.958060588566,0.5859467581707153,14,7960.433131313639,optimal,optimal,-851.656933727777,0.0,2573.9163023147057,0.6744831662607093,14,10465.438038564303,optimal,optimal,387.8902632681664,290.57712202166323,0.0,0.5,1229.8503848412338,1200.000000052411,10800.0,255.3270899176868,15.695012176500583,33.197767756726755,52220.673773562536,2,40312.86375788312,0,1.0000803740695119e-07,optimal,optimal,optimal
2025-03-03,ANNUAL REFERENCE ONLY,0.9,1.0,1229.8503848412338,14,1229.8503848412338,optimal,optimal,53263.62109903965,0.0,0.0,14,9890.436572623457,optimal,optimal,-969.7788152614969,351.51907317660283,3938.6291628888403,0.5977997556604822,14,8277.464924651193,optimal,optimal,-525.0436760756719,116.48003328813456,2349.2953261568473,0.6631549236624823,14,10255.575101591041,optimal,optimal,392.01311637339245,289.16660089763263,0.0,0.5,1229.1785893293782,1200.0,10576.751598245288,-1102.8093749637762,23.23189167572873,109.92004904161307,52270.731773117484,2,38961.048671767174,0,1.0001531336456537e-07,optimal,optimal,optimal
2025-03-04,ANNUAL REFERENCE ONLY,0.9,1.0,1229.1785893293782,14,1229.1785893293782,optimal,optimal,47474.43161805741,0.0,0.0,14,10005.065740740742,optimal,optimal,287.9853893594777,516.8870166978536,315.76361251838705,0.6143047116896048,14,7829.6103632809945,optimal,optimal,-425.1007513823359,0.0,1517.512881455223,0.6618508705692833,14,10286.89304197652,optimal,optimal,514.1715241666452,461.7962622211313,0.0,0.5,1206.7188339932698,1200.000000052411,10800.0,377.05616214378705,243.24853937753798,810.938924694352,48662.42670489555,6,38173.94336321082,0,1.0000858901548782e-07,optimal,optimal,optimal
2025-03-05,ANNUAL REFERENCE ONLY,0.9,1.0,1206.7188339932698,14,1206.7188339932698,optimal,optimal,49916.360412903276,0.0,0.0,14,9671.621606916055,optimal,optimal,-796.4069604940529,42.69894304425131,2478.4399033388286,0.615307660510601,14,8785.544087136439,optimal,optimal,-1285.3642525883413,12.675845992183213,4279.112044500811,0.6095466662302056,14,10310.008535736517,optimal,optimal,485.2129513954925,417.52542676049984,0.0,0.5,1227.7405085325374,1200.073647421423,10539.168829138276,-1596.558261686902,127.69928458818913,544.1933219447504,48863.99547316113,3,35824.17166726749,0,1.0000499628404214e-07,optimal,optimal,optimal
2025-03-06,ANNUAL REFERENCE ONLY,0.9,1.0,1227.7405085325374,14,1227.7405085325374,optimal,optimal,46288.07052218655,0.0,0.0,14,9985.96574074074,optimal,optimal,-453.90406303072166,72.8566193854092,1557.936524615078,0.6267243695810517,14,7253.229031469502,optimal,optimal,-302.5621489091362,58.61820121523908,1195.390574085065,0.592395757172064,14,10482.404661320026,optimal,optimal,406.16009582041005,241.86308256674482,0.0,0.5,1200.0000000519697,1200.0000000519697,10799.999999999998,-350.30611611944784,285.7828004526815,1023.4696834401444,46961.23408950725,12,38187.6970002552,0,1.0001531336456537e-07,optimal,optimal,optimal
2025-03-07,ANNUAL REFERENCE ONLY,0.9,1.0,1200.0000000519697,14,1200.0000000519697,optimal,optimal,18443.828050189328,0.0,0.0,14,6873.96810962963,optimal,optimal,-532.8976118860925,0.0,1314.1282089226877,0.6247225147424333,14,10742.266244270932,optimal,optimal,-81.30456401246633,0.0,191.18832658360316,0.5933547259654912,14,9874.254978731655,optimal,optimal,29.986175038419937,48.43679119227397,3.370187459447376,0.5,1220.29251569269,1200.0000000519697,10742.266244270932,-584.2160008601389,22.445726754058157,47.1135810729664,17906.725630402154,1,28694.205762668113,0,1.0000524071074323e-07,optimal,optimal,optimal
2025-03-08,ANNUAL REFERENCE ONLY,0.9,1.0,1220.29251569269,14,1220.29251569269,optimal,optimal,17042.942009608847,0.0,0.0,14,5536.635467878749,optimal,optimal,-228.3672010322196,0.0,533.7677953245046,0.6466203253419684,14,10586.000276300972,optimal,optimal,35.27330496211031,46.04094905152232,3.8685464118621664,0.5788451861355582,14,9897.640682062662,optimal,optimal,9.927101990051744,15.76481164054701,0.0,0.5,1202.8580173791343,1202.8580173791343,10800.0,-183.16679408005757,13.580600314669429,28.424196596351656,16888.19941212514,1,28999.41572599211,0,1.00000761449337e-07,optimal,optimal,optimal
2025-03-09,ANNUAL REFERENCE ONLY,0.9,1.0,1202.8580173791343,14,1202.8580173791343,optimal,optimal,47915.99114943257,0.0,0.0,14,9402.268516450586,optimal,optimal,-1994.8437992104598,1.4843769295407583,6184.619085206114,0.6451156423535155,14,7192.644339323686,optimal,optimal,-230.53715096130404,243.4322797858786,1631.6879275022004,0.561685315085434,14,10444.249986873436,optimal,optimal,309.82179864066995,199.14023241180251,88.34162086430604,0.5,1205.4768738453276,1202.8580173791343,10542.36916732535,-1915.559151531094,102.46112766747561,495.4706336038413,46495.90263150532,4,38362.454868368164,0,1.0001531336456537e-07,optimal,optimal,optimal
2025-03-10,ANNUAL REFERENCE ONLY,0.9,1.0,1205.4768738453276,14,1205.4768738453276,optimal,optimal,45599.472170449444,0.0,0.0,14,9932.570538888884,optimal,optimal,67.40593222792016,597.7043247161084,1659.170229224055,0.6591773041260458,14,6855.659655782735,optimal,optimal,-155.8084905405857,98.66665865828054,824.1607536579309,0.5694817941234427,14,10476.262309702784,optimal,optimal,352.3091079136276,214.91114002296467,0.0,0.5,1200.0000000519697,1200.0000000519697,10789.195538888884,263.9065496009621,164.7816842918122,770.1738741296437,46633.55259418005,8,39555.42627275488,0,1.00000761449337e-07,optimal,optimal,optimal
2025-03-11,ANNUAL REFERENCE ONLY,0.9,1.0,1200.0000000519697,14,1200.0000000519697,optimal,optimal,40722.18759506309,0.0,0.0,14,9982.150925925926,optimal,optimal,3418.47676824341,4124.452779485768,3.410605131648481e-13,0.636085468987753,14,6913.539222282551,optimal,optimal,-295.671109699623,0.0,734.0224497205603,0.5680371344828185,14,10492.511950676519,optimal,optimal,413.5341013080463,276.73924439113114,0.0,0.5,1205.9293635655304,1200.0000000519697,10800.0,3536.339759851833,32.76902187903074,136.90389154864977,44395.43124646358,3,38909.61038491779,0,1.0000186193792614e-07,optimal,optimal,optimal
2025-03-12,ANNUAL REFERENCE ONLY,0.9,1.0,1205.9293635655304,14,1205.9293635655304,optimal,optimal,47856.58173210421,0.0,0.0,14,9204.35365348766,optimal,optimal,-2640.092111829728,1.1160701563434259,8324.183892861138,0.6560580958531174,14,7781.43373011944,optimal,optimal,-307.59709661408203,165.55818857316154,1752.9197581969313,0.5399984401412427,14,10420.461922685186,optimal,optimal,315.22791481432,180.90330701017007,0.0,0.5,1200.7225880362232,1200.7225880362232,10468.374980846982,-2632.46129362949,368.5165627788676,1486.0329757174575,46710.15341419218,16,36973.5142776923,0,1.0000803740695119e-07,optimal,optimal,optimal
2025-03-13,ANNUAL REFERENCE ONLY,0.9,1.0,1200.7225880362232,14,1200.7225880362232,optimal,optimal,47574.27013415913,0.0,0.0,14,9423.612628981484,optimal,optimal,-1103.388480703063,177.10218567097513,4108.938198391907,0.6387062446289143,14,7951.288008226342,optimal,optimal,-283.45286351980826,24.936729638996837,1184.8220382744198,0.5458782883609149,14,10525.455937981815,optimal,optimal,105.08048911439133,65.68040006739602,20.749455886560533,0.5,1208.8042499941262,1200.0000000520304,10565.315289042868,-1281.7608551084797,220.88226684746743,1230.4712415701797,47522.98052062083,4,37754.15489212917,0,1.0001531336456537e-07,optimal,optimal,optimal
2025-03-14,ANNUAL REFERENCE ONLY,0.9,1.0,1208.8042499941262,14,1208.8042499941262,optimal,optimal,16264.942461816552,0.0,0.0,14,5089.461374492039,optimal,optimal,184.7410975710183,258.7814475787097,155.9762343842009,0.6539428791476438,14,10381.184623296233,optimal,optimal,-40.734646837977486,27.323397156201906,186.35351049015574,0.533223195554687,14,9630.140240740744,optimal,optimal,392.84652541519995,218.42709999999695,16.491160761484103,0.5,1272.9516111754147,1208.8042499941262,10649.096786990656,536.8529761482407,64.14684022571168,253.9840154430587,17055.779453407853,2,28430.172024413532,0,1.0000858901548782e-07,optimal,optimal,optimal
2025-03-15,ANNUAL REFERENCE ONLY,0.9,1.0,1272.9516111754147,14,1272.9516111754147,optimal,optimal,15451.62803863944,0.0,0.0,14,4471.333836111112,optimal,optimal,257.15255909465225,291.97845059788904,91.41734110523706,0.6218591920046695,14,8274.461166915118,optimal,optimal,-9.199832161429342,31.33086708349316,122.92501277861625,0.5614954490340502,14,9804.828385756246,optimal,optimal,259.22974926260594,144.28201115271207,11.458822090178819,0.5,1200.0000000519697,1200.0000000519697,10643.016684521675,507.1824761958288,785.8729047683602,1809.657180591604,17768.467695426873,21,27902.079480692293,0,1.000011716314475e-07,optimal,optimal,optimal
2025-03-16,ANNUAL REFERENCE ONLY,0.9,1.0,1200.0000000519697,14,1200.0000000519697,optimal,optimal,45027.513777558706,0.0,0.0,14,9347.288110061727,optimal,optimal,-755.33272811633,13.880730965063435,2424.2780926580413,0.5813955069181171,14,7270.585125313926,optimal,optimal,-518.7760502514581,23.9438416666668,1560.017740673749,0.5981624245819492,14,10484.815434079073,optimal,optimal,398.9934676272634,267.3727759954998,0.0,0.5,1246.9815650833134,1200.0000000519697,10562.687606814405,-875.1153107405247,400.92250074542164,1440.8587626711942,45593.257229489376,12,38007.84720297976,0,1.0001108967117034e-07,optimal,optimal,optimal
2025-03-17,ANNUAL REFERENCE ONLY,0.9,1.0,1246.9815650833134,14,1246.9815650833134,optimal,optimal,41471.72951256702,0.0,0.0,14,9328.344283425924,optimal,optimal,-1902.7782115899909,3.4348184476714323,6970.327069942302,0.5486254321164702,14,6137.003116875582,optimal,optimal,418.19304692834635,574.970090169799,376.6874331746509,0.6121487272201767,14,10237.874768558971,optimal,optimal,525.2900460024676,316.68734200111015,0.0,0.5,1230.9203706030676,1200.0,10372.412250781725,-959.2951186591769,912.5622154337709,3898.451111180807,44410.885505088656,19,38019.60689071213,0,1.0001108967117034e-07,optimal,optimal,optimal
2025-03-18,ANNUAL REFERENCE ONLY,0.9,1.0,1230.9203706030676,14,1230.9203706030676,optimal,optimal,47800.40390729216,0.0,0.0,14,9410.466028796294,optimal,optimal,-1723.5498423122704,192.210292315068,6325.848201727542,0.5534793120615912,14,6872.219567263181,optimal,optimal,-909.7418790917374,0.0,2748.120805892744,0.6320757713266153,14,10541.29104821451,optimal,optimal,370.95110109375946,216.5447232736072,0.0,0.5,1257.8584915640774,1230.9203706030676,10635.352728995043,-2262.340620310248,2.0050538990550828e-07,7.000003178816769e-07,45538.06328768191,0,37391.70764035673,0,1.0000095358009275e-07,optimal,optimal,optimal
2025-03-19,ANNUAL REFERENCE ONLY,0.9,1.0,1257.8584915640774,14,1257.8584915640774,optimal,optimal,39361.37905947027,0.0,0.0,14,9417.682676018514,optimal,optimal,1121.8878675519074,1314.0672655766991,1726.7687510247165,0.555083801606982,14,4973.2712834631675,optimal,optimal,1115.0550343908976,1298.910671174267,22.203780421739634,0.683135864879147,14,10616.038565619778,optimal,optimal,253.025888415096,149.27195760886633,0.0,0.5,1280.082780556718,1257.8584915640774,10644.847294014839,2489.9687903579015,94.32629735824318,209.02707541311682,42060.374925241296,1,37693.79126168359,0,1.000011716314475e-07,optimal,optimal,optimal
2025-03-20,ANNUAL REFERENCE ONLY,0.9,1.0,1280.082780556718,14,1280.082780556718,optimal,optimal,44584.486206907146,0.0,0.0,14,9265.726026944449,optimal,optimal,-1853.9947422328044,316.87667355924196,7467.778309909253,0.5534805697044803,14,5408.8854376157815,optimal,optimal,326.0571362690455,409.57108936383196,0.0,0.6529613453245442,14,10456.840434627356,optimal,optimal,353.2835854914876,261.2897645000963,0.0,0.5,1324.9795157268827,1200.0,10456.840434627356,-1174.6540204722712,620.0461961402789,2143.410925666772,45553.24311210165,8,37812.62823120581,0,1.0000252359532169e-07,optimal,optimal,optimal
2025-03-21,ANNUAL REFERENCE ONLY,0.9,1.0,1324.9795157268827,14,1324.9795157268827,optimal,optimal,15285.42415001673,0.0,0.0,14,3722.834212962963,optimal,optimal,153.8488521668144,343.91335201071195,576.9407360971114,0.5401286105414042,14,10272.675705686992,optimal,optimal,75.99650199545174,71.00730616576377,88.2030080290239,0.6582630896959252,14,9658.310601851847,optimal,optimal,421.2850427607766,256.9064571519608,0.0,0.5,1351.2650173204668,1200.0,10459.806652523728,651.1303969230428,127.97371440292676,489.2143709246829,16425.768917864454,7,26494.98150851109,0,1.0000712245528121e-07,optimal,optimal,optimal
2025-03-22,ANNUAL REFERENCE ONLY,0.9,1.0,1351.2650173204668,14,1351.2650173204668,optimal,optimal,16442.774960644245,0.0,0.0,14,4774.7123080912,optimal,optimal,-106.55428367536739,0.0,248.8237650833315,0.5894160965675708,14,10167.468439022696,optimal,optimal,-143.44442165908083,12.966269817195325,357.5223614468516,0.6778761296245728,14,9846.086278901417,optimal,optimal,325.2036392296951,181.03721618519276,0.0,0.5,1320.674143120144,1278.760987532693,10558.198417563353,75.20493389524688,3.4160389191248474e-07,1.3999969628893267e-06,16517.979895939487,0,26586.28633145846,0,1.0000712245528121e-07,optimal,optimal,optimal
2025-03-23,ANNUAL REFERENCE ONLY,0.9,1.0,1320.674143120144,14,1320.674143120144,optimal,optimal,45573.8044166084,0.0,0.0,14,9243.42653299383,optimal,optimal,-1503.1597123249744,0.0,4480.328477170635,0.604680337046331,14,7653.573116341353,optimal,optimal,-916.0703833594241,0.0,3081.606244878864,0.6606491051688281,14,10472.669523099024,optimal,optimal,507.2068753039231,278.3736705174259,0.0,0.5,1299.411152283281,1200.0,10630.879269526491,-1912.0232203804753,15.21257189457947,98.38352426961806,43760.16472049754,2,34795.155137662376,0,1.000014018472939e-07,optimal,optimal,optimal
2025-03-24,ANNUAL REFERENCE ONLY,0.9,1.0,1299.411152283281,14,1299.411152283281,optimal,optimal,42639.02674031453,0.0,0.0,14,9458.23081472222,optimal,optimal,-749.9918261245482,504.3149612135689,4420.101723161647,0.625847212400099,14,7713.291381845209,optimal,optimal,-556.9535849785109,0.7919058238492198,2220.875557556066,0.6680930884731737,14,10612.703613402002,optimal,optimal,264.5324232316043,152.10278488028388,0.0,0.4968047411243277,1245.0004184101965,1245.0004184101965,10637.330933774641,-1042.4129878714548,3.2099699866194364e-07,1.300003844296771e-06,41596.613753743084,0,36708.240557024146,0,1.0000529982789886e-07,optimal,optimal,optimal
2025-03-25,ANNUAL REFERENCE ONLY,0.9,1.0,1245.0004184101965,14,1245.0004184101965,optimal,optimal,47395.041851550624,0.0,0.0,14,8483.566821452723,optimal,optimal,-2758.749886239167,1.0295290954148868,8768.410449758365,0.6367138138872621,14,7335.478295114163,optimal,optimal,-564.6359262615014,13.25659737154727,2322.1188507225206,0.6452323882228014,14,10341.81648636104,optimal,optimal,573.1940374141369,385.9743133223694,0.0,0.5037799605761082,1256.202510889921,1200.0,10344.749467842521,-2750.191775086532,422.0243083765305,1719.3927063987974,46364.242782862886,15,34029.8771513774,0,1.0000803740695119e-07,optimal,optimal,optimal
2025-03-26,ANNUAL REFERENCE ONLY,0.9,1.0,1256.202510889921,14,1256.202510889921,optimal,optimal,40476.17367315924,0.0,0.0,14,9682.5525966358,optimal,optimal,-649.8185891101683,0.6269573070817387,2187.6127493578106,0.6371733192991729,14,7182.051527672136,optimal,optimal,-783.9224145286578,15.306161773196095,2700.530260346573,0.6186870025368991,14,10575.08193424348,optimal,optimal,380.1572961060584,199.14280834769335,0.0,0.4989177013686874,1337.6137420455686,1256.202510889921,10580.847321944442,-1053.5837075327677,2.404620331564592e-07,4.999998152972693e-07,39422.58996612647,0,36303.3862466736,0,1.00000761449337e-07,optimal,optimal,optimal
2025-03-27,ANNUAL REFERENCE ONLY,0.9,1.0,1337.6137420455686,14,1337.6137420455686,optimal,optimal,43328.9784329428,0.0,0.0,14,9608.715734783946,optimal,optimal,-664.277780560377,519.3098677027267,4013.2492235889167,0.6494599042311157,14,7705.384619306053,optimal,optimal,-861.7456271826459,0.0,2770.9524153017715,0.6550543943706506,14,10562.984638966858,optimal,optimal,384.10957642638385,209.83051382533313,0.0,0.49442850001477917,1337.552799896341,1274.6047244823164,10564.49792401575,-1141.9138313166388,3.3919246335245056e-07,1.199999939463214e-06,42187.06460282616,0,35603.05270690273,0,1.0000230759033003e-07,optimal,optimal,optimal
2025-03-28,ANNUAL REFERENCE ONLY,0.9,1.0,1337.552799896341,14,1337.552799896341,optimal,optimal,15633.294394348908,0.0,0.0,14,5027.274648672187,optimal,optimal,-55.41146805002869,51.89767036753818,221.8323983053913,0.6557618751627033,14,10551.688100375799,optimal,optimal,-46.75207210282391,0.0,101.47415453682477,0.6722824725269285,14,9802.66134134441,optimal,optimal,359.3052296347061,206.05972975695076,0.0,0.4932652057912807,1334.126435954509,1262.4492839325203,10597.350397024773,257.1416894818535,1.2051201406142393e-07,5.999960619898048e-07,15890.436084430758,0,26856.65990955261,0,1.0000116321862151e-07,optimal,optimal,optimal
2025-03-29,ANNUAL REFERENCE ONLY,0.9,1.0,1334.126435954509,14,1334.126435954509,optimal,optimal,14920.56628150581,0.0,0.0,14,4255.768323830901,optimal,optimal,412.74988115765797,312.7862292324271,57.65136127735567,0.6491035754663508,14,10311.885590429114,optimal,optimal,-11.86140415773009,11.209450915374816,48.940812143457634,0.6576525656718423,14,9759.882247866486,optimal,optimal,377.4995648972464,211.0880826069205,0.0,0.4892728972851948,1363.8372524414162,1334.126435954509,10593.11922887768,778.3880418971743,11.512974114049372,61.83618369983331,15760.790507102818,1,25993.071219550573,0,1.0000186193792614e-07,optimal,optimal,optimal
2025-03-30,ANNUAL REFERENCE ONLY,0.9,1.0,1363.8372524414162,14,1363.8372524414162,optimal,optimal,41893.920451882295,0.0,0.0,14,9480.078075493828,optimal,optimal,-1864.8898869971167,1.966502655999991,6540.875427066531,0.6774188755970981,14,6985.291226063105,optimal,optimal,-711.4606856264153,97.7124800080401,2694.459844243075,0.6638361125423499,14,10449.957082152989,optimal,optimal,410.171726058091,298.8927552829074,0.0,0.49386075930982226,1294.4625047899015,1294.4625047899015,10449.957082152989,-2166.1788465654413,320.06943326131375,1175.7253590972387,40903.466964414096,7,35480.56098256086,0,1.0000030670198612e-07,optimal,optimal,optimal
2025-03-31,ANNUAL REFERENCE ONLY,0.9,1.0,1294.4625047899015,14,1294.4625047899015,optimal,optimal,36491.55548482148,0.0,0.0,14,9559.534256697527,optimal,optimal,3872.65618973512,4198.670338554967,55.64269431104242,0.7007541112959871,14,7436.669734475313,optimal,optimal,-733.9015586532122,80.32588805222504,2248.884090943326,0.6196350307683708,14,10468.890870484132,optimal,optimal,359.45604178772845,270.023005212517,0.0,0.5001585889713717,1286.5296219971262,1286.5296219971262,10519.151466574069,3498.210672869636,1.0793457245678683e-07,2.999975841546984e-07,39989.766157991115,0,36058.520954125735,0,1.00000761449337e-07,optimal,optimal,optimal
2025-04-01,ANNUAL REFERENCE ONLY,0.9,1.0,1286.5296219971262,14,1286.5296219971262,optimal,optimal,44259.486871086105,0.0,0.0,14,9428.528601882716,optimal,optimal,-1003.8496197456122,239.8627459701513,3801.4249134593783,0.6913151977904117,14,8985.551855139998,optimal,optimal,-874.2028579824772,0.0,3329.3308647047725,0.6313767006042824,14,10413.677731773969,optimal,optimal,454.6755885934317,242.91274449078833,31.105055863599315,0.4972912453923081,1252.1867728300733,1239.192225855623,10486.84184576785,-1423.3768891346576,124.38536740528681,638.5937576125827,43474.70373956403,6,32936.01767348575,0,1.0000030670198612e-07,optimal,optimal,optimal
2025-04-02,ANNUAL REFERENCE ONLY,0.9,1.0,1252.1867728300733,14,1252.1867728300733,optimal,optimal,42231.9595127128,0.0,0.0,14,9516.204534629627,optimal,optimal,296.03282576078277,835.4633710378762,1563.2857352654291,0.6858448122388939,14,8197.45614238612,optimal,optimal,-691.8212007851955,0.0,2511.3879138344196,0.6469556504080453,14,10419.613088643217,optimal,optimal,349.53167699394464,191.7440972674824,59.69479203070902,0.4982120151269431,1257.531822659575,1200.0,10550.243384980984,-46.2566980304681,45.42640150756534,307.4763216836613,42493.17913636599,3,34835.15634519841,0,1.0000803740695119e-07,optimal,optimal,optimal
2025-04-03,ANNUAL REFERENCE ONLY,0.9,1.0,1257.531822659575,14,1257.531822659575,optimal,optimal,43840.67397046064,0.0,0.0,14,9739.363097129632,optimal,optimal,-2087.7802694368884,0.0,6341.504891762615,0.6716607669290972,14,8328.689343237758,optimal,optimal,-519.9987195830844,83.9151733931401,2177.124309069556,0.6263611627275693,14,10543.44048321962,optimal,optimal,331.63539642887116,214.0031794363069,0.0,0.5010187762420668,1235.621586940422,1231.114931348327,10643.266653133138,-2276.143592591102,30.466796074647178,65.03537269587281,41629.56575056541,2,34925.32433877185,0,1.0000020870393201e-07,optimal,optimal,optimal
2025-04-04,ANNUAL REFERENCE ONLY,0.9,1.0,1235.621586940422,14,1235.621586940422,optimal,optimal,14349.446895041594,0.0,0.0,14,4009.8284021604923,optimal,optimal,-69.92341650550847,3.067091803087711,170.146511899284,0.7094430859168679,14,10434.522729336153,optimal,optimal,55.940148923799974,88.57528452379916,0.0,0.6192805849579917,14,9739.784626115388,optimal,optimal,456.86005565025073,300.5388894059477,0.0,0.4998240333546893,1306.7790231853994,1235.621586940422,10479.598003851585,442.8767880685422,1.8832047453014176e-07,3.999998186761331e-07,14792.323683510136,0,25329.26522290901,0,1.00000761449337e-07,optimal,optimal,optimal
2025-04-05,ANNUAL REFERENCE ONLY,0.9,1.0,1306.7790231853994,14,1306.7790231853994,optimal,optimal,13924.897438335407,0.0,0.0,14,3270.5727376514396,optimal,optimal,104.64507868067008,232.09991160800584,100.83300505855618,0.6762029553813047,14,10438.346534626557,optimal,optimal,-29.847720121359863,0.0,58.884701635892334,0.599186518018132,14,9568.585455463393,optimal,optimal,611.8214444866871,357.8994123749532,95.16377795561183,0.504379573288567,1254.51627301563,1217.5672933596418,10463.639201427111,686.6188030459973,220.36296858005392,1033.1932031823567,15644.709444563761,6,24827.19784290099,0,1.0000030670198612e-07,optimal,optimal,optimal
2025-04-06,ANNUAL REFERENCE ONLY,0.9,1.0,1254.51627301563,14,1254.51627301563,optimal,optimal,40676.9172779754,0.0,0.0,14,9847.834467870367,optimal,optimal,-1362.7091943355342,179.26000870236777,5325.866821029884,0.6695448291013596,14,7097.563632353887,optimal,optimal,79.71225899465873,219.87474027334946,968.5706975926282,0.5999473299642929,14,10613.028200790355,optimal,optimal,271.4143947297736,146.05199033577708,0.0,0.5095663463864637,1257.4784548443329,1254.51627301563,10668.502523425923,-1011.5825406111019,77.66605568499209,278.4464332237636,39943.78117058806,4,37428.86206572932,0,1.0000030670198612e-07,optimal,optimal,optimal
2025-04-07,ANNUAL REFERENCE ONLY,0.9,1.0,1257.4784548443329,14,1257.4784548443329,optimal,optimal,35547.63930133635,0.0,0.0,14,9595.86243879629,optimal,optimal,1258.0802894893561,1123.8523962846398,363.8650659126246,0.6489355204906598,14,7161.245643570939,optimal,optimal,-82.08933349500953,0.0,184.08515804871865,0.6085036587709575,14,10583.788776666073,optimal,optimal,320.1456931107888,175.99463443475167,0.0,0.504914426033732,1250.5314518257155,1222.071195168515,10603.872951231528,1496.1366491051353,6.438234719593239,13.584675260000235,37057.36062570148,1,36959.875509459474,0,1.0000803740695119e-07,optimal,optimal,optimal
2025-04-08,ANNUAL REFERENCE ONLY,0.9,1.0,1250.5314518257155,14,1250.5314518257155,optimal,optimal,42149.419618665044,0.0,0.0,14,9923.065841296295,optimal,optimal,-1416.2441220905685,203.12554819431676,5081.783994763807,0.6734807836550142,14,7025.637959298837,optimal,optimal,-664.8925974166493,0.0,2271.1223158268263,0.5998208452657893,14,10580.861642271111,optimal,optimal,310.30354414290485,166.65479712589033,0.0,0.5042844884466241,1200.0000000519697,1200.0000000519697,10751.256582037036,-1770.833175364313,63.81317572234777,153.74714142153846,40532.33358472227,5,37224.21375777083,0,1.0002258932217956e-07,optimal,optimal,optimal
2025-04-09,ANNUAL REFERENCE ONLY,0.9,1.0,1200.0000000519697,14,1200.0000000519697,optimal,optimal,40782.483563459806,0.0,0.0,14,9937.934762499995,optimal,optimal,-54.56708214376053,50.52864754016302,422.0676040573094,0.6834713667078797,14,4991.977779659566,optimal,optimal,487.27390450907046,655.2210734208912,199.8690721693414,0.5804985346684775,14,10569.705110914436,optimal,optimal,311.4345857000873,170.53002094300075,2.4093249374195347e-06,0.503154632052482,1200.0000000519697,1200.0000000519697,10742.631984722218,744.1414080653972,71.54222728036505,150.9736101438677,41677.59858166907,3,37555.16361505787,0,1.0000803740695119e-07,optimal,optimal,optimal
2025-04-10,ANNUAL REFERENCE ONLY,0.9,1.0,1200.0000000519697,14,1200.0000000519697,optimal,optimal,39941.597838263726,0.0,0.0,14,9837.52282157408,optimal,optimal,-164.32217742493307,0.0,485.59433954649353,0.6968524037986352,14,6359.003203024445,optimal,optimal,-773.5677658448776,0.0,1996.8630343930363,0.5851150357648676,14,10573.548447035464,optimal,optimal,342.5508324648208,191.9161113676695,0.0,0.5018979100426225,1212.777716889802,1200.0000000519697,10667.759395648154,-595.3391108049899,16.18587612880781,33.97415406672532,39380.23288152546,1,37424.06618560573,0,1.00000761449337e-07,optimal,optimal,optimal
2025-04-11,ANNUAL REFERENCE ONLY,0.9,1.0,1212.777716889802,14,1212.777716889802,optimal,optimal,13114.021900859794,0.0,0.0,14,2890.4950479030445,optimal,optimal,540.9543502567604,398.3963686146685,0.0,0.6406059088795468,14,9598.085063289154,optimal,optimal,-72.3879414036463,5.115325558595771,164.02282629641223,0.5893266957832822,14,9661.97789382711,optimal,optimal,490.06817997313306,314.73140429667626,0.0,0.5043051561119479,1206.3722223262228,1200.0,10598.026110213032,958.6345888262472,145.6686939495946,465.2972216341441,14537.953711320186,5,24640.885314393003,0,1.000001930151484e-07,optimal,optimal,optimal
2025-04-12,ANNUAL REFERENCE ONLY,0.9,1.0,1206.3722223262228,14,1206.3722223262228,optimal,optimal,15096.491040779041,0.0,0.0,14,3411.4997993194193,optimal,optimal,-568.4290918063791,0.0,1354.0432314122959,0.6672594618968734,14,10612.820427975588,optimal,optimal,48.14670688611764,35.6408397132777,0.0,0.5893240458451492,14,9702.143698753525,optimal,optimal,458.16978335646047,259.8094119396896,2.9152505256940913,0.5037448283990364,1219.2818355749646,1206.3722223262228,10612.820427975588,-62.112601563801036,1.2085648517972043e-07,5.999982090794219e-07,15034.37843981524,0,24228.59663168261,0,1.0000245765695582e-07,optimal,optimal,optimal
2025-04-13,ANNUAL REFERENCE ONLY,0.9,1.0,1219.2818355749646,14,1219.2818355749646,optimal,optimal,38298.85278596464,0.0,0.0,14,9967.8,optimal,optimal,-1219.7533178554595,0.0,3672.644104496219,0.6936873228154161,14,6434.519881291273,optimal,optimal,238.87492024525926,224.14983388171453,250.67782525696774,0.590654658396544,14,10478.442594763728,optimal,optimal,523.7672279772587,283.39060080635636,49.934035814671,0.4988526446594867,1201.7844539501689,1201.334795570826,10800.0,-457.1111696329415,587.3918231426768,2623.9127955186314,40465.65441185034,17,36523.37624917115,0,1.0000007932831068e-07,optimal,optimal,optimal
2025-04-14,ANNUAL REFERENCE ONLY,0.9,1.0,1201.7844539501689,14,1201.7844539501689,optimal,optimal,40799.395446539274,0.0,0.0,14,9597.05727581121,optimal,optimal,-2837.1465144126137,0.0,8380.243200415549,0.6787565671771497,14,5999.720507244107,optimal,optimal,-430.69719692580543,0.0,1216.0742247067412,0.6081907264652692,14,10465.806784748444,optimal,optimal,552.5743684437832,302.1804763617249,0.0,0.5022004431023772,1201.731046443193,1200.0,10465.806784748444,-2715.269342894636,369.11652352851183,1913.7586712188204,39997.88477486346,18,35862.68061462262,0,1.0000053407566156e-07,optimal,optimal,optimal
2025-04-15,ANNUAL REFERENCE ONLY,0.9,1.0,1201.731046443193,14,1201.731046443193,optimal,optimal,35301.90781115631,0.0,0.0,14,9995.36144888889,optimal,optimal,1017.8231660298507,1156.849241222564,1830.333078687976,0.6631824258594174,14,8277.194631903101,optimal,optimal,-331.2922022584105,15.238454893433072,1181.3029391487605,0.6042793466045485,14,10411.705815139048,optimal,optimal,685.5950034159133,365.14905596347216,54.14892178268065,0.5028888103214648,1206.7952866174362,1201.731046443193,10787.772560000001,1372.1259671873536,130.52149629084215,629.1401740538824,37303.17395239755,4,33775.956636633025,0,1.0001108967117034e-07,optimal,optimal,optimal
2025-04-16,ANNUAL REFERENCE ONLY,0.9,1.0,1206.7952866174362,14,1206.7952866174362,optimal,optimal,38989.60396799719,0.0,0.0,14,9832.712260734668,optimal,optimal,523.2756944694985,988.8442768061636,2558.511368120647,0.6460894092234675,14,6479.182188953655,optimal,optimal,-144.1665980856422,32.16403578121333,596.8389147859396,0.5905654569337081,14,10650.905471339396,optimal,optimal,237.22389900160778,132.8386157667224,54.148977266164415,0.5115926708380105,1200.0000000519697,1200.0000000519697,10673.677114458296,616.3329953854641,117.82467413966398,287.2419562078292,39893.17891959048,6,36443.26658381337,0,1.0000803740695119e-07,optimal,optimal,optimal
2025-04-17,ANNUAL REFERENCE ONLY,0.9,1.0,1200.0000000519697,14,1200.0000000519697,optimal,optimal,36161.63100138478,0.0,0.0,14,9299.453479074076,optimal,optimal,145.45779825653065,224.56766531378912,58.37006479193084,0.6195968484936182,14,5840.760829625624,optimal,optimal,-8.418234348748987,16.64811851315733,154.71579091490685,0.6027059062547465,14,10497.966895305537,optimal,optimal,506.0890788178797,271.4652276943386,54.142675235707145,0.510166951221623,1200.302403461947,1200.0000000519697,10770.345145740741,643.1286427256614,6.156293815551913e-08,2.000040636223275e-07,36804.75964431045,0,37000.3021919146,0,1.51969743455993e-07,optimal,optimal,optimal
2025-04-18,ANNUAL REFERENCE ONLY,0.9,1.0,1200.302403461947,14,1200.302403461947,optimal,optimal,13469.007264112797,0.0,0.0,14,2971.317213338351,optimal,optimal,85.53845121089687,137.62159979265465,289.5306605760694,0.645089905047508,14,9855.26468577692,optimal,optimal,15.233594711996547,35.41925926304907,15.216573272458033,0.571131874574879,14,9843.712734105904,optimal,optimal,273.9460013694035,178.85702224935739,0.0,0.5112610386975741,1225.1013845219452,1200.302403461947,10594.209044704068,374.71804729229694,9.360012563246065e-08,2e-07,13843.725311605094,0,24745.90797255261,0,1.0000258043874055e-07,optimal,optimal,optimal
2025-04-19,ANNUAL REFERENCE ONLY,0.9,1.0,1225.1013845219452,14,1225.1013845219452,optimal,optimal,13036.75224299718,0.0,0.0,14,3380.0587937047007,optimal,optimal,33.21537043727327,71.21756836220953,247.1620626543209,0.6319473992529635,14,10535.921952594106,optimal,optimal,376.4906791146206,363.60587977312775,0.0,0.5826997005768462,14,9734.401932669742,optimal,optimal,402.3161691924207,264.26731367355256,124.03037659752667,0.5080215898416776,1208.1552836157218,1208.1552836157218,10535.921952594106,812.0222187443146,1.454271064985665e-07,3.000001691375928e-07,13848.774462041494,0,24371.296576094588,0,1.0000097233842098e-07,optimal,optimal,optimal
2025-04-20,ANNUAL REFERENCE ONLY,0.9,1.0,1208.1552836157218,14,1208.1552836157218,optimal,optimal,36088.67365350261,0.0,0.0,14,9789.343758611116,optimal,optimal,-433.39382796571647,62.931175616510814,2143.723524343839,0.6073341468644926,14,6339.245908796299,optimal,optimal,-164.97618823489475,51.530209838817086,880.9977194406597,0.6111158833352179,14,10719.346504043075,optimal,optimal,142.09345751203648,75.74024715925745,0.0,0.5132304054344883,1200.0000000519697,1200.0000000519697,10744.580853422414,-456.2765586885747,54.09735561504745,115.66014685235686,35748.05724166639,1,36764.160932404404,0,1.0000374550145351e-07,optimal,optimal,optimal
2025-04-21,ANNUAL REFERENCE ONLY,0.9,1.0,1200.0000000519697,14,1200.0000000519697,optimal,optimal,38101.101184752006,0.0,0.0,14,9746.904168320914,optimal,optimal,-2390.91736737753,0.0,8868.952011182688,0.6253216562577153,14,7042.275469617213,optimal,optimal,-261.94571870208597,22.24178800230675,782.4996068693936,0.6007158765197587,14,10405.96464393706,optimal,optimal,671.4860400138633,350.2977935528842,0.0,0.5134253152998147,1213.3488956858155,1200.0000000519697,10511.490742394988,-1981.3770460657524,144.12169855612535,520.9366524383621,36640.66079112461,8,33977.308872579044,0,1.0001531336456537e-07,optimal,optimal,optimal
2025-04-22,ANNUAL REFERENCE ONLY,0.9,1.0,1213.3488956858155,14,1213.3488956858155,optimal,optimal,34231.22830609746,0.0,0.0,14,9604.317892855739,optimal,optimal,1453.016891885923,1159.1433987811456,0.0,0.6435025635047428,14,7582.987781281664,optimal,optimal,-336.0635476785545,56.082311624148474,1398.8600616565254,0.6296844276844874,14,10655.960983142144,optimal,optimal,224.680448715578,120.72353980053799,13.131528589489815,0.5113693121866998,1200.0000000519694,1200.0000000519694,10660.961802910322,1341.6337929229464,275.56524988900094,895.1688171720743,36468.03091619248,7,33588.11801759345,0,1.0000529982789886e-07,optimal,optimal,optimal
2025-04-23,ANNUAL REFERENCE ONLY,0.9,1.0,1200.0000000519694,14,1200.0000000519694,optimal,optimal,32951.82181302921,0.0,0.0,14,8963.023607888817,optimal,optimal,1127.7209960297253,1157.6707309406365,0.0,0.6652018081171397,14,6566.550073748101,optimal,optimal,-2.1056569725777425,12.716306338336267,95.18800566724235,0.634829254027098,14,10419.531295014529,optimal,optimal,636.3001025541552,333.0193998397675,6.394371128677335,0.5036252860087479,1200.0000000519697,1200.0000000519694,10429.76983011104,1761.9154416113029,108.77841655616265,362.3781899890371,35076.11544462955,4,35204.51644647134,0,1.0000803740695119e-07,optimal,optimal,optimal
2025-04-24,ANNUAL REFERENCE ONLY,0.9,1.0,1200.0000000519697,14,1200.0000000519697,optimal,optimal,34013.587213554594,0.0,0.0,14,9921.716972574917,optimal,optimal,-274.4848599580699,83.50168848739145,1812.1726204645192,0.6912673015858386,14,7563.164771278622,optimal,optimal,195.2544416668235,197.24548062271003,227.75943795733576,0.6520926938239926,14,10686.21490442954,optimal,optimal,141.4260386184643,86.82199885164039,60.328547115147785,0.5028857172901148,1200.0000000519694,1200.0000000519694,10699.12771295795,62.19562032721794,19.529506176933392,41.75408420483951,34117.536918086655,1,33447.34756702354,0,1.0001531336456537e-07,optimal,optimal,optimal
2025-04-25,ANNUAL REFERENCE ONLY,0.9,1.0,1200.0000000519694,14,1200.0000000519694,optimal,optimal,13162.11759952147,0.0,0.0,14,2867.5690835493824,optimal,optimal,53.36509141696221,105.20665586597187,306.9530385364023,0.6817311944384786,14,10573.542808229575,optimal,optimal,-176.9638000429667,0.0,376.40518952929966,0.6363749218033539,14,9845.89423469181,optimal,optimal,277.35557750019075,222.63257015251793,0.0,0.49178572554188016,1228.2599297994266,1200.0,10573.542808229577,153.75686887418624,143.15183877773364,517.8727397846804,13833.747208180337,7,23268.246739492763,0,1.0000258043874055e-07,optimal,optimal,optimal
2025-04-26,ANNUAL REFERENCE ONLY,0.9,1.0,1228.2599297994266,14,1228.2599297994266,optimal,optimal,12643.428341426683,0.0,0.0,14,2314.8801187654303,optimal,optimal,104.25392294050485,82.71787913431021,26.316017029886268,0.68235784829596,14,10161.28708283751,optimal,optimal,45.60534300549912,80.62453578504515,37.60628900995246,0.6546457848793954,14,9853.84389009556,optimal,optimal,265.698347187341,180.21403471484055,7.614166702964356e-07,0.48895997035494543,1200.0000000519697,1199.9999999999998,10594.49801981341,415.557613133345,218.5984204563279,869.8550683028534,13928.841022862882,9,23462.65509918902,0,1.00000761449337e-07,optimal,optimal,optimal
2025-04-27,ANNUAL REFERENCE ONLY,0.9,1.0,1200.0000000519697,14,1200.0000000519697,optimal,optimal,33121.955749776076,0.0,0.0,14,9265.05965027777,optimal,optimal,161.00931821567383,369.5105445311809,1247.005236371117,0.6685449852451066,14,7311.9127560185125,optimal,optimal,-25.32011342930931,112.48515586007363,497.52269816015814,0.6363660385418936,14,10303.520255262574,optimal,optimal,730.0675272433173,411.57884057618355,0.0,0.48601436749670646,1200.0000000519697,1200.0000000519697,10678.056316944438,865.7567320296818,810.0835310737807,3313.013856335442,37300.7263381412,20,35940.65445896758,0,1.0000030670198612e-07,optimal,optimal,optimal
2025-04-28,ANNUAL REFERENCE ONLY,0.9,1.0,1200.0000000519697,14,1200.0000000519697,optimal,optimal,40095.91926981934,0.0,0.0,14,10010.672139074073,optimal,optimal,-583.1303733065077,71.64043845709989,2340.49926069351,0.6360380262969082,14,6168.971731525031,optimal,optimal,-154.66734745435775,67.16745224448891,804.9207598609737,0.6472560070857856,14,10532.792556043043,optimal,optimal,386.09417254321227,241.49596550758557,0.0,0.49128042178914716,1213.5933106283233,1200.0000000519697,10786.048064999999,-351.7035482176533,2.4946878225879345e-07,1.0000051418231124e-06,39744.21572260169,0,36127.86251379703,0,1.0000245765695582e-07,optimal,optimal,optimal
2025-04-29,ANNUAL REFERENCE ONLY,0.9,1.0,1213.5933106283233,14,1213.5933106283233,optimal,optimal,34138.50086753558,0.0,0.0,14,9316.04242870371,optimal,optimal,10.099431307618712,341.95315588537636,1807.741327509149,0.5976011825390406,14,9219.669547777783,optimal,optimal,93.08616166351126,126.23535488860074,165.00555386015583,0.6543095372023991,14,10471.417821698042,optimal,optimal,510.3997435258381,293.08124215130493,0.0,0.4937930323404398,1218.1521943063194,1213.5933106283233,10680.973484259264,613.5853364969681,335.98547454633524,1354.8282063213928,36106.91441035394,6,32648.473833931595,0,1.000085205760115e-07,optimal,optimal,optimal
2025-04-30,ANNUAL REFERENCE ONLY,0.9,1.0,1218.1521943063194,14,1218.1521943063194,optimal,optimal,32791.58347019726,0.0,0.0,14,8120.271669430345,optimal,optimal,-159.48001353434015,0.0,670.3381947937172,0.5740318658404769,14,6185.030997022938,optimal,optimal,-71.31908656602612,0.0,145.78847227113738,0.67107790681695,14,10310.569337960822,optimal,optimal,707.6033815419788,440.90934412624955,0.0,0.4975611829940708,1200.0000000519697,1199.9999999999998,10394.343093637817,476.80428144161255,139.39674216214246,536.3481552199659,33804.73590685884,8,33225.34099310348,0,1.0000292149925372e-07,optimal,optimal,optimal
2025-05-01,ANNUAL REFERENCE ONLY,0.9,1.0,1200.0000000519697,14,1200.0000000519697,optimal,optimal,34317.95511068404,0.0,0.0,14,9208.606455092595,optimal,optimal,-286.39579520568884,35.75118382566662,1331.9611157591405,0.5620565283427029,14,7269.762892685191,optimal,optimal,-154.20220779723684,0.0,333.65729965562645,0.6419027216171779,14,10302.125823643943,optimal,optimal,749.4453921866763,436.58798547807726,0.0,0.50271368485792,1200.000000050103,1199.9999999999998,10533.953695833336,308.8473891837506,2427.5252106558182,11271.154900282741,45897.957400150524,29,36080.44134978523,0,1.0000087513617473e-07,optimal,optimal,optimal
2025-05-02,ANNUAL REFERENCE ONLY,0.9,1.0,1200.000000050103,14,1200.000000050103,optimal,optimal,15992.47174951489,0.0,0.0,14,3221.6671999197965,optimal,optimal,-51.53249410207977,0.0,99.52934295108206,0.5564958485916337,14,8952.730366508678,optimal,optimal,-41.809552283700064,0.0,84.72090420344884,0.6609513899290419,14,9009.251658012106,optimal,optimal,2327.6954924781653,1241.8148083995584,0.0,0.5059890836015601,1440.6387334245944,1200.000000050103,9270.34880992558,2234.3534460923856,485.6181697052522,2387.3794732056595,20614.204668812938,8,21913.855369502424,0,1.0000115935326903e-07,optimal,optimal,optimal
2025-05-03,ANNUAL REFERENCE ONLY,0.9,1.0,1440.6387334245944,14,1440.6387334245944,optimal,optimal,15039.799344395802,0.0,0.0,14,3026.699997918051,optimal,optimal,-90.1671340121746,0.0,188.42888622240565,0.5394404610795432,14,9197.430273163549,optimal,optimal,198.81837423984652,134.2936973746307,0.0,0.6475721298297373,14,8869.051031427622,optimal,optimal,2488.445003904343,1328.73123495502,0.0,0.503318333021994,1619.8370244732018,1200.0000000159278,9198.02835146899,2597.0962441320153,426.39928994299214,2490.895221385383,20127.790809913204,7,21404.771007613115,0,1.0000258043874055e-07,optimal,optimal,optimal
2025-05-04,ANNUAL REFERENCE ONLY,0.9,1.0,1619.8370244732018,14,1619.8370244732018,optimal,optimal,37022.58645536434,0.0,0.0,14,9981.624971912815,optimal,optimal,-748.3864425670698,131.85372082267963,4037.296569757489,0.5430646147471601,14,8282.646757722869,optimal,optimal,-399.18024471758036,0.0,962.6095143473725,0.6401290513762119,14,8701.033192191073,optimal,optimal,3357.752240282215,1837.6054538067328,0.0,0.5013300733504729,1451.205436243542,1200.0,10662.984694135037,2210.1855529975646,1219.5296728951766,5800.47662001865,45033.248628380556,22,27346.304005100148,0,1.0000195516113308e-07,optimal,optimal,optimal
2025-05-05,ANNUAL REFERENCE ONLY,0.9,1.0,1451.205436243542,14,1451.205436243542,optimal,optimal,39125.056186817405,0.0,0.0,14,10015.800491574082,optimal,optimal,-1026.8003833606058,0.0,2609.3398492870706,0.5324815600799475,14,6497.59684677723,optimal,optimal,-364.7012550988446,9.236303761805061,1389.609066287703,0.6431997159404194,14,8748.980572176459,optimal,optimal,3413.2626731139567,1831.461286450957,1.8172042184825161,0.500828878493704,1532.9286510199659,1200.0,10739.244473055564,2021.7610346545061,940.3560815180296,4561.060103712603,45707.87732518451,16,32391.848904455066,0,1.0000260886044998e-07,optimal,optimal,optimal
2025-05-06,ANNUAL REFERENCE ONLY,0.9,1.0,1532.9286510199659,14,1532.9286510199659,optimal,optimal,33372.43841770785,0.0,0.0,14,7036.774313024702,optimal,optimal,1136.0242164998992,1053.7317538173215,380.0114713793755,0.5646785068807457,14,5121.018105000001,optimal,optimal,1291.5826862210513,1409.9273395477674,92.81843298030316,0.6044219334885613,14,8723.903595893793,optimal,optimal,3278.413778554251,1772.5843479907153,0.0,0.5055075724842293,1200.0000000519697,1200.0,8723.903595893793,5706.020681275202,1499.3033179045606,7586.04718595224,46664.50628493528,24,30714.70733310425,0,1.0000121619668789e-07,optimal,optimal,optimal
2025-05-07,ANNUAL REFERENCE ONLY,0.9,1.0,1200.0000000519697,14,1200.0000000519697,optimal,optimal,36998.3178525069,0.0,0.0,14,9440.473511413928,optimal,optimal,365.39765606020023,322.2282255770731,332.5408327149349,0.566875293551075,14,6141.102882710225,optimal,optimal,-103.10815300431645,1.0628374789409918,253.69972768410398,0.5889126347063195,14,9184.929664631933,optimal,optimal,2814.636734262078,1437.749723170193,20.719578523787618,0.5070298171669906,1454.3673016160265,1200.0000000159275,10570.906585449071,3076.9262373179617,1065.8523442459975,5979.545464083596,46054.78955390846,20,33287.03926556897,0,1.0000684369515511e-07,optimal,optimal,optimal
2025-05-08,ANNUAL REFERENCE ONLY,0.9,1.0,1454.3673016160265,14,1454.3673016160265,optimal,optimal,40943.735189614345,0.0,0.0,14,9832.532684310543,optimal,optimal,-817.5579192749145,260.4210388547574,4548.42094771705,0.5851807619954906,14,6258.748317111436,optimal,optimal,272.7424932409987,283.50585314012835,203.04184664533852,0.5887850983901098,14,9195.08199872238,optimal,optimal,2822.559499603688,1429.920360312344,60.64611785671902,0.4990362085800908,1589.3201532763862,1208.168972254624,10555.055832458691,2277.744073569772,956.4758884559008,4148.647748786168,47370.12701197029,16,31563.838771321727,0,1.0001531336456537e-07,optimal,optimal,optimal
2025-05-09,ANNUAL REFERENCE ONLY,0.9,1.0,1589.3201532763862,14,1589.3201532763862,optimal,optimal,16201.240504569372,0.0,0.0,14,3178.562086138846,optimal,optimal,506.1309366854368,329.6375819898647,6.360040653972305,0.5828378273268697,14,8348.511141342717,optimal,optimal,54.2169327489528,107.45632691241155,278.6924171793579,0.6106769077868192,14,9181.86126538909,optimal,optimal,2672.933244711342,1450.2284136272726,63.277268215577664,0.5084599939648704,1753.7225703353008,1280.6254115856764,9181.86126538909,3233.2811141457314,5.297110264718655e-07,1.7000083837354398e-06,19434.52162041511,0,20855.348922087283,0,1.000009651761502e-07,optimal,optimal,optimal
2025-05-10,ANNUAL REFERENCE ONLY,0.9,1.0,1753.7225703353008,14,1753.7225703353008,optimal,optimal,16240.149017685511,0.0,0.0,14,3840.3303396567635,optimal,optimal,894.9577850902286,621.473477177287,0.0,0.6124674265745421,14,8358.207873686955,optimal,optimal,-117.26109455706035,5.890700932848517,277.1481644462814,0.6135156098982888,14,9155.063245849424,optimal,optimal,2683.140940196404,1457.6579516649476,57.37735893130141,0.5174193229173041,1720.5943957247068,1372.9403318912218,9155.063245849424,3460.837630729572,257.07842122072225,1156.6450314341907,20857.631679849273,5,19656.942263503257,0,1.0000621841754764e-07,optimal,optimal,optimal
2025-05-11,ANNUAL REFERENCE ONLY,0.9,1.0,1720.5943957247068,14,1720.5943957247068,optimal,optimal,39546.252254938205,0.0,0.0,14,9682.498899296466,optimal,optimal,126.82041759451299,637.4445543799757,2571.742703382129,0.6128798386458739,14,6628.243233864985,optimal,optimal,17.29414457861214,166.95734802437656,1043.3235384767095,0.6064088480203318,14,9221.653755490566,optimal,optimal,2753.0639594760823,1401.2068044529217,60.212817657639775,0.5179237835685995,1434.0793337531466,1200.0000000159278,10351.61510300017,2897.1785216492076,519.1035985966148,2917.1256686002066,45360.55644518762,10,30715.09153823909,0,1.0000420058986493e-07,optimal,optimal,optimal
2025-05-12,ANNUAL REFERENCE ONLY,0.9,1.0,1434.0793337531466,14,1434.0793337531466,optimal,optimal,35565.043768913834,0.0,0.0,14,9264.429769317076,optimal,optimal,2103.41434438309,1792.966823843698,0.0,0.6222051305743269,14,7267.466639415333,optimal,optimal,68.72999037961486,85.64308828933872,289.27892271889556,0.6042043258947416,14,9196.770415463418,optimal,optimal,2817.312938716218,1423.8477147804667,37.47504244405446,0.5147239641943456,1520.7585809917737,1200.000000015928,10578.598602611479,4989.457273478923,411.46235194345957,1997.4848132644147,42551.98585565717,9,28231.358121547943,0,1.0000420058986493e-07,optimal,optimal,optimal
2025-05-13,ANNUAL REFERENCE ONLY,0.9,1.0,1520.7585809917737,14,1520.7585809917737,optimal,optimal,41109.73303016236,0.0,0.0,14,9958.63257176732,optimal,optimal,-929.5429758623732,701.181001857177,6066.764793298187,0.6096449450743807,14,6464.430958868597,optimal,optimal,107.15748821383673,247.0892091681824,837.6413381380635,0.6109347968771492,14,9178.303874978816,optimal,optimal,2815.044723875674,1430.5974184113393,59.94792061944648,0.5129126391594787,1491.819980806664,1200.000000015928,10727.189778518514,1992.6592362271376,512.785998092867,2732.0896044033157,45834.48187079281,13,30359.644443969933,0,1.0000343513638653e-07,optimal,optimal,optimal
2025-05-14,ANNUAL REFERENCE ONLY,0.9,1.0,1491.819980806664,14,1491.819980806664,optimal,optimal,40357.98264935255,0.0,0.0,14,9823.683350800433,optimal,optimal,-229.01864325416034,43.75656948844181,837.8371729202856,0.6287185154858466,14,5976.513928134454,optimal,optimal,-625.9097967431163,0.0,1846.4011080362968,0.5923866460924188,14,9229.097970968807,optimal,optimal,2692.7389123634994,1376.5358952090537,5.6758182081650075,0.5051761010413914,1439.1097029774285,1221.10011463898,10549.163443393025,1837.8104723662227,6.875882686794617e-07,1.9999989976179677e-06,42195.79312371877,0,30325.312018096138,0,1.0000803740695119e-07,optimal,optimal,optimal
2025-05-15,ANNUAL REFERENCE ONLY,0.9,1.0,1439.1097029774285,14,1439.1097029774285,optimal,optimal,41287.92468798678,0.0,0.0,14,9825.399502537708,optimal,optimal,382.1403226460308,376.1947385066439,249.8882537633861,0.5880965951884245,14,6956.976016787903,optimal,optimal,-831.6093416574377,0.0,2335.505403595407,0.6413907975808933,14,9573.51272837848,optimal,optimal,2069.9533043361216,1070.0433612305478,5.4414334090349845,0.5023496857229169,1432.1251491026617,1432.1251491026617,10658.174397981935,1620.4842853247148,3.6245759589026227e-07,9.000025512245429e-07,42908.408974211496,0,30905.97458242804,0,1.0000339045745932e-07,optimal,optimal,optimal
2025-05-16,ANNUAL REFERENCE ONLY,0.9,1.0,1432.1251491026617,14,1432.1251491026617,optimal,optimal,17292.986273227696,0.0,0.0,14,2494.2775622501063,optimal,optimal,-88.96419819999474,0.0,170.36238605186978,0.5807333829636694,14,8350.24188368872,optimal,optimal,-238.87036640921423,0.0,508.19529254554425,0.6697991599322327,14,9206.784334737054,optimal,optimal,2546.5349216893424,1400.8519790213384,161.93213093636535,0.49022271234302023,1442.6634466535584,1432.1251491026617,9206.784334737054,2218.7003570801335,6.718768930568134e-07,1.6999949320496855e-06,19511.686632007822,0,18593.17847811166,0,1.000043994281441e-07,optimal,optimal,optimal
2025-05-17,ANNUAL REFERENCE ONLY,0.9,1.0,1442.6634466535584,14,1442.6634466535584,optimal,optimal,17223.480433647135,0.0,0.0,14,2191.4009985546245,optimal,optimal,-27.59844949524517,14.14949405900271,107.71263400064657,0.5642788474441499,14,8339.42100774898,optimal,optimal,-31.452413543281033,71.0080751487061,308.30347037868495,0.6626488208544578,14,9175.877283004897,optimal,optimal,2665.850980759918,1440.088300293517,116.78218057447725,0.47940430771132864,1614.7608138495305,1423.2521596556319,9175.877283004897,2606.800117721392,283.50146272225237,1317.8043029604828,21148.08485432901,6,19230.127174943176,0,1.0000099996432255e-07,optimal,optimal,optimal
2025-05-18,ANNUAL REFERENCE ONLY,0.9,1.0,1614.7608138495305,14,1614.7608138495305,optimal,optimal,42987.07313327877,0.0,0.0,14,9677.18259033449,optimal,optimal,-715.877521126008,290.9198312549414,4039.712237839297,0.5552544511539624,14,6413.96071819923,optimal,optimal,-136.95359261065536,43.331627596534304,603.2171263750381,0.6579382952051857,14,9761.883435578595,optimal,optimal,1773.684185679059,898.6603928139536,2.0353284117503563,0.4951790349470917,1561.4758264377442,1561.4758264377442,10372.567364986919,920.8530719423957,4.969266404303625e-07,1.100023352217704e-06,43907.926206321186,0,31764.2168207209,0,1.0000099996432255e-07,optimal,optimal,optimal
2025-05-19,ANNUAL REFERENCE ONLY,0.9,1.0,1561.4758264377442,14,1561.4758264377442,optimal,optimal,38955.443110858774,0.0,0.0,14,10071.468341944443,optimal,optimal,-374.46949370308806,526.7611598038472,4354.717600985628,0.57627531086384,14,7948.693469608385,optimal,optimal,-103.26078954010951,13.171213204779933,465.02224711312124,0.6551490172527845,14,9588.47852200305,optimal,optimal,2104.994949242099,1068.2367679481738,94.21086239676639,0.4869027646502461,1675.4815800052463,1441.7722801834582,10755.473897499998,1627.2646659989016,8.232500535175406,55.52409804999666,40638.23187490767,1,28984.617007489698,0,1.0000803740695119e-07,optimal,optimal,optimal
2025-05-20,ANNUAL REFERENCE ONLY,0.9,1.0,1675.4815800052463,14,1675.4815800052463,optimal,optimal,38878.82212104257,0.0,0.0,14,10128.53287037037,optimal,optimal,528.2935237348639,651.4073846054828,1179.9130323153797,0.5737972755335464,14,6519.470889329757,optimal,optimal,74.9135765048988,126.83056077104442,22.896523709596863,0.6409757704854452,14,9375.873051057551,optimal,optimal,2444.620303393345,1229.8013525544652,72.65531757783248,0.4864471924874341,1688.994018108209,1573.198300839474,10800.0,3047.8274036331077,119.66933698653669,462.074560951081,42388.72408562675,2,29360.084290707156,0,1.0000415471722592e-07,optimal,optimal,optimal
2025-05-21,ANNUAL REFERENCE ONLY,0.9,1.0,1688.994018108209,14,1688.994018108209,optimal,optimal,36506.68728267168,0.0,0.0,14,8451.07093445713,optimal,optimal,1259.57024759976,1489.1581480077941,0.0,0.5685082670468646,14,6876.197349956986,optimal,optimal,228.7952395743915,329.27542016716006,870.4316697672588,0.6532667259997932,14,9322.759767210484,optimal,optimal,2557.5073462652567,1319.1807814335543,0.0,0.49013871318365915,1575.2274385047863,1556.3844385626905,9695.3199344182,4045.872833439408,140.4900793342655,526.657626221314,41079.2177423324,3,28186.971798548773,0,1.0000343513638653e-07,optimal,optimal,optimal
2025-05-22,ANNUAL REFERENCE ONLY,0.9,1.0,1575.2274385047863,14,1575.2274385047863,optimal,optimal,36944.83080526537,0.0,0.0,14,9381.812150246915,optimal,optimal,-267.45712993649136,37.5732730109745,900.0338107973705,0.591923604047443,14,7601.856583580248,optimal,optimal,-347.3598067876744,0.0,716.7639370746912,0.6250893073790399,14,9774.569430417694,optimal,optimal,1828.6029993456352,927.2335481395995,-1.1368683772161603e-13,0.4967499063622417,1357.728322448002,1357.728322448002,10641.365279876543,1213.7860626214695,106.15458770014891,387.5147473199279,38546.13161520676,4,30723.784897553443,0,1.0001531336456537e-07,optimal,optimal,optimal
2025-05-23,ANNUAL REFERENCE ONLY,0.9,1.0,1357.728322448002,14,1357.728322448002,optimal,optimal,15283.09591247141,0.0,0.0,14,2133.463310987655,optimal,optimal,-32.60878892875265,0.0,65.31160947633819,0.6286188202783171,14,9401.546623559241,optimal,optimal,125.19342073118894,196.5855753822964,0.0,0.5954141752638227,14,9373.42516840481,optimal,optimal,1960.817435317352,1048.81314772394,0.0,0.5052994604995769,1616.4566561715258,1357.728322448002,9420.809405108685,2053.402067119788,1.4575827958400662e-07,3.0000001015318953e-07,17336.497979891195,0,20062.903296584747,0,1.000043994281441e-07,optimal,optimal,optimal
2025-05-24,ANNUAL REFERENCE ONLY,0.9,1.0,1616.4566561715258,14,1616.4566561715258,optimal,optimal,16050.94052349568,0.0,0.0,14,1874.9894271296291,optimal,optimal,-208.49472901481283,52.58750261240726,561.1823133455541,0.6142470598441125,14,9048.97980157177,optimal,optimal,-142.8160954445437,0.0,263.98400356254365,0.5634376313290766,14,9594.983822631768,optimal,optimal,1770.1526756885046,1070.290848270389,0.0,0.5062499574038256,1657.3868935202852,1325.6106075632229,9642.36957367507,1418.841851229148,1.0845217411241257e-07,2.999988424155162e-07,17469.782375024824,0,19136.519627775582,0,1.00000761449337e-07,optimal,optimal,optimal
2025-05-25,ANNUAL REFERENCE ONLY,0.9,1.0,1657.3868935202852,14,1657.3868935202852,optimal,optimal,37390.50544238943,0.0,0.0,14,9862.812304876545,optimal,optimal,-862.6614178959361,29.20772058333518,3589.8504831895866,0.6349394761297966,14,9237.028047298047,optimal,optimal,-86.53948240467511,0.0,146.43442483515884,0.5513013261352812,14,9667.191333904155,optimal,optimal,2029.495282751158,1023.7800872018354,0.0,0.4863585004275528,1505.662042144562,1446.880220668855,10799.999999999998,1080.2943824505467,103.25815345462982,520.984112856268,38991.78393769625,5,28687.267019815128,0,1.00000761449337e-07,optimal,optimal,optimal
2025-05-26,ANNUAL REFERENCE ONLY,0.9,1.0,1505.662042144562,14,1505.662042144562,optimal,optimal,36474.595736019546,0.0,0.0,14,9366.265466972935,optimal,optimal,-387.7282505917546,21.113230870459915,886.0941768610744,0.6219222320018284,14,4507.971293639603,optimal,optimal,1256.9769330003976,1786.9982706391015,0.0,0.5518940192800226,14,10049.185946641453,optimal,optimal,1264.6027368257558,679.741455629353,0.0,0.4973434985470992,1440.0864796220087,1409.8141456866206,10603.826948454416,2133.8514192343987,110.10412267311706,426.75216038565736,39035.199315639606,5,33287.74051409426,0,1.0000067618420871e-07,optimal,optimal,optimal
2025-05-27,ANNUAL REFERENCE ONLY,0.9,1.0,1440.0864796220087,14,1440.0864796220087,optimal,optimal,34431.9179804567,0.0,0.0,14,6813.430310000005,optimal,optimal,1735.4206721623991,2225.3966176574895,0.0,0.6357303952212594,14,5861.698040000005,optimal,optimal,-364.4522811780124,8.609488567719609,1163.925239638736,0.5838652431269783,14,10163.607483080865,optimal,optimal,901.7993647356262,582.3981558422615,0.0,0.4886651889197987,1352.5205937435603,1352.5205937435603,10197.610483137827,2272.7677557200127,1.4124200978493952e-07,3.0000031582203517e-07,36704.68573647672,0,31602.837682422352,0,1.0000030670198612e-07,optimal,optimal,optimal
2025-05-28,ANNUAL REFERENCE ONLY,0.9,1.0,1352.5205937435603,14,1352.5205937435603,optimal,optimal,38090.780686162994,0.0,0.0,14,9972.60030635802,optimal,optimal,-399.6290332222932,356.5024501741665,3112.711668798558,0.5908321569580908,14,6342.7137920495825,optimal,optimal,-460.12827419119344,193.52929724843057,2701.3512198347207,0.5951818170057571,14,10065.74896214613,optimal,optimal,923.1016938086898,498.91667242373853,0.0,0.4837875310871463,1332.2466475194753,1332.2466475194753,10669.667898950613,63.34438639520317,1.0900076699475941e-07,3.000084818973846e-07,38154.12507285821,0,31789.838848944215,0,1.0000858901548782e-07,optimal,optimal,optimal
2025-05-29,ANNUAL REFERENCE ONLY,0.9,1.0,1332.2466475194753,14,1332.2466475194753,optimal,optimal,37018.75755868068,0.0,0.0,14,9658.287763086415,optimal,optimal,411.59389471202235,385.13048357487685,207.22485659236486,0.5763922328316364,14,7280.500142822793,optimal,optimal,-793.1271160023915,14.945965820254514,3036.9399362911035,0.5866434162268607,14,10297.314898679948,optimal,optimal,764.7535493612661,478.0857307806703,0.0,0.48108784470784305,1220.0114937246835,1202.241641975309,10326.502114938266,383.2203280708969,517.3926784154469,2426.760605699662,39828.73849245124,16,33073.20040055413,0,1.0000030670198612e-07,optimal,optimal,optimal
2025-05-30,ANNUAL REFERENCE ONLY,0.9,1.0,1220.0114937246835,14,1220.0114937246835,optimal,optimal,14350.273155453608,0.0,0.0,14,2349.2937016666665,optimal,optimal,289.96993172255424,274.935014403731,72.65652991861977,0.5411803619026859,14,10149.750696646855,optimal,optimal,167.59225789796895,136.87387078828112,126.24838508113933,0.5706245179616362,14,9935.832239065383,optimal,optimal,802.2494463076864,539.9396144016257,0.0,0.4741642960742968,1308.5852126320412,1220.0114937246835,10309.843028762503,1259.8116359282096,2.9759451487302333e-07,6.999980708329076e-07,15610.084792081816,0,22095.900055825485,0,1.00000761449337e-07,optimal,optimal,optimal
2025-05-31,ANNUAL REFERENCE ONLY,0.9,1.0,1308.5852126320412,14,1308.5852126320412,optimal,optimal,16047.450057258415,0.0,0.0,14,2847.674103950798,optimal,optimal,-430.2725350156695,0.0,978.6036867863363,0.5552075506942729,14,10509.943452839687,optimal,optimal,-116.36053334233377,12.118393602093285,273.9008788090306,0.605237812413648,14,10300.484580576938,optimal,optimal,370.35441525494315,249.58111521590192,0.0,0.48422532798077766,1200.0000000519694,1200.0000000519694,10538.772315244194,-176.2786531030601,58.582571010888785,125.24953682116316,15996.420940976519,1,22643.654366430237,0,1.000043994281441e-07,optimal,optimal,optimal
2025-06-01,ANNUAL REFERENCE ONLY,0.9,1.0,1200.0000000519694,14,1200.0000000519694,optimal,optimal,47589.73526164363,0.0,0.0,14,8062.089532314814,optimal,optimal,608.4085182286425,1822.7045058314202,4404.6518606298105,0.5666485845600128,14,7132.530454745862,optimal,optimal,-1236.7706985276097,0.0,3398.312213541193,0.6415188020531732,14,10341.911905204024,optimal,optimal,790.1730170549482,427.16481445463245,0.0,0.4818533196753399,1200.000000050103,1199.9999999999998,10385.30454732053,161.81083675598097,4499.169765940201,20158.755898886753,67910.30199728637,49,35809.841037136255,0,1.000059910438722e-07,optimal,optimal,optimal
2025-06-02,ANNUAL REFERENCE ONLY,0.9,1.0,1200.000000050103,14,1200.000000050103,optimal,optimal,50049.42792455293,0.0,0.0,14,8391.731087709879,optimal,optimal,-2224.0375804813316,51.851214870247645,7539.682774337569,0.5870249423054743,14,5622.610907696111,optimal,optimal,3283.273678886565,3160.1995289560236,592.7006525014916,0.6439861693109434,14,8378.927166494279,optimal,optimal,3664.4813009960335,1922.6872950873203,0.0,0.48757590409122953,1277.9061143674262,1200.000000050103,9151.119976598768,4723.717399401266,808.05502253466,3877.9357103369293,58651.08103429113,14,32648.77950581949,0,1.0002258932217956e-07,optimal,optimal,optimal
2025-06-03,ANNUAL REFERENCE ONLY,0.9,1.0,1277.9061143674262,14,1277.9061143674262,optimal,optimal,46150.482370088386,0.0,0.0,14,8350.6925387903,optimal,optimal,2229.914683584778,2195.817848615823,2116.2315824654615,0.600796204059773,14,7258.503225582417,optimal,optimal,192.01794277807417,337.412700156034,736.583018283899,0.623137584468961,14,8656.986408371593,optimal,optimal,3418.9325001907805,1813.4738489067809,68.08355637285482,0.49230641353782917,1379.512441735351,1277.9061143674262,9126.417075827336,5840.865126553632,116.92072868283348,790.5243047555714,52781.87180139759,4,30209.40298464086,0,1.0000803740695119e-07,optimal,optimal,optimal
2025-06-04,ANNUAL REFERENCE ONLY,0.9,1.0,1379.512441735351,14,1379.512441735351,optimal,optimal,53289.94168851862,0.0,0.0,14,7860.475843932622,optimal,optimal,-3530.104161220567,129.92312898488325,10816.469478139574,0.5954185206083834,14,7542.665926065885,optimal,optimal,1696.944575046021,1568.884957445115,0.0,0.6221504156147986,14,8749.704560472635,optimal,optimal,3193.8165689292277,1693.2135201467229,64.73943227551193,0.50561548891682,1328.0967124436816,1200.0000000159275,9442.803462226448,1360.6569827546816,116.44365657231808,805.2391168933337,55455.83778816664,4,30209.70982066475,0,1.0000053407566156e-07,optimal,optimal,optimal
2025-06-05,ANNUAL REFERENCE ONLY,0.9,1.0,1328.0967124436816,14,1328.0967124436816,optimal,optimal,45331.64034173869,0.0,0.0,14,8024.8173652092455,optimal,optimal,1358.7825152322173,1757.6165211463908,1883.0341703194138,0.6271448997395878,14,5141.729776778785,optimal,optimal,2835.9268798769185,2715.41248103465,19.745527708723507,0.6119180322598419,14,8622.747966740362,optimal,optimal,3383.2916058311334,1812.0157738846565,64.9410711499265,0.5039157795352526,1200.0000000519697,1200.0000000159275,8845.847582193253,7578.001000940269,596.8990899537648,3676.31455966864,56585.955902347596,7,33362.06581699892,0,1.0000803740695119e-07,optimal,optimal,optimal
2025-06-06,ANNUAL REFERENCE ONLY,0.9,1.0,1200.0000000519697,14,1200.0000000519697,optimal,optimal,22351.308199566178,0.0,0.0,14,2879.159543279905,optimal,optimal,-472.1434855410523,49.35699987834865,1179.1431390899106,0.6491237145562508,14,6919.181587932672,optimal,optimal,-281.918542976732,0.0,639.3468988760727,0.6193737432473572,14,8639.809562493587,optimal,optimal,3700.9497525935153,1947.437831158327,12.441261338883985,0.5068166741019111,1538.5485368838981,1200.0000000159275,8639.809562493587,2946.887724075731,2242.9667460975375,10775.096307949203,36073.29223159111,20,20666.97907056175,0,1.0000803740695119e-07,optimal,optimal,optimal
2025-06-07,ANNUAL REFERENCE ONLY,0.9,1.0,1538.5485368838981,14,1538.5485368838981,optimal,optimal,22699.93231084651,0.0,0.0,14,5844.735038754277,optimal,optimal,-714.6821595354493,0.0,2025.7267281153308,0.630734207783951,14,7243.443361791981,optimal,optimal,661.4180470154962,511.7227365736638,130.69117010666713,0.619506135247758,14,8663.13323146754,optimal,optimal,3689.161592092058,1920.2798746102465,1.1368683772161603e-13,0.5075122047091997,1640.4006655807968,1200.0000000159278,8663.13323146754,3635.897479572105,1695.5734214768977,8635.100716889989,34970.9305073086,16,20196.749688687963,0,1.0000803740695119e-07,optimal,optimal,optimal
2025-06-08,ANNUAL REFERENCE ONLY,0.9,1.0,1640.4006655807968,14,1640.4006655807968,optimal,optimal,47365.01790495063,0.0,0.0,14,9879.346319455255,optimal,optimal,567.7915642078435,897.4704061253836,892.7719741751541,0.6311028432083742,14,8201.754495888425,optimal,optimal,277.87149023930317,383.18080480873704,515.5137098548707,0.5873036668672389,14,9337.269421896997,optimal,optimal,2578.0503918895038,1305.5474661643696,0.0,0.5185860629251362,1780.5602999430773,1201.0033148472173,10568.398171307106,3423.7134463366506,121.01960683237603,816.2167372109274,51604.94808849821,1,29140.496040273167,0,1.0000420058986493e-07,optimal,optimal,optimal
2025-06-09,ANNUAL REFERENCE ONLY,0.9,1.0,1780.5602999430773,14,1780.5602999430773,optimal,optimal,53623.73698884867,0.0,0.0,14,9280.661095056807,optimal,optimal,-1004.471884282816,0.0,2467.283142977783,0.6421747253364459,14,8177.013559857244,optimal,optimal,-217.1026685585392,0.0,661.1572706136925,0.5550189168663944,14,9337.269421896997,optimal,optimal,2586.9123383919205,1310.187711601179,0.0,0.5076792954802422,1697.6574727530922,1200.000000015928,10262.388719623294,1365.3377855505653,230.24947531577126,1568.3925009782747,56557.467275377516,2,32916.39913195173,0,1.0000420058986493e-07,optimal,optimal,optimal
2025-06-10,ANNUAL REFERENCE ONLY,0.9,1.0,1697.6574727530922,14,1697.6574727530922,optimal,optimal,50392.03132512586,0.0,0.0,14,10100.721406944444,optimal,optimal,711.2762836002576,1041.6668408504443,121.02229060524897,0.6359704973850039,14,5874.5622238859705,optimal,optimal,2032.2259679871563,2034.668593475557,80.22293570329418,0.5514512131454722,14,9317.300739890212,optimal,optimal,2654.621520278556,1334.392445955718,0.0,0.5001111296016376,1660.6046609919922,1348.147331810065,10782.4269625,5398.12377186597,5.443259419112387e-07,1.8000587112382161e-06,55790.15509879189,0,35448.78281884019,0,1.0000420058986493e-07,optimal,optimal,optimal
2025-06-11,ANNUAL REFERENCE ONLY,0.9,1.0,1660.6046609919922,14,1660.6046609919922,optimal,optimal,54689.81417289124,0.0,0.0,14,10075.911574074073,optimal,optimal,1378.8205391572258,2006.057789369494,480.1886467457503,0.6599042917744563,14,5074.487363610157,optimal,optimal,366.79782562537656,488.2115939163674,308.2311562889996,0.5395194116416968,14,9337.269421896995,optimal,optimal,2486.9249896226893,1265.2712656992758,0.0,0.48826100731901323,1623.7837173262183,1200.0,10799.999999999998,4232.543354405292,448.6750769325876,2107.338688313967,61029.6962156105,9,39308.76888635977,0,1.0000415471722592e-07,optimal,optimal,optimal
2025-06-12,ANNUAL REFERENCE ONLY,0.9,1.0,1623.7837173262183,14,1623.7837173262183,optimal,optimal,53434.014139245795,0.0,0.0,14,10039.324085989441,optimal,optimal,993.9127763233473,1451.028330459652,62.25315884154806,0.6301193606221761,14,7570.564958100729,optimal,optimal,-308.83051298300495,2.65349650110511,762.7364469032896,0.5744243290526387,14,9337.145217533583,optimal,optimal,2603.7096515892504,1319.7509063006228,0.0,0.5018332704546623,1608.1561623061298,1454.8932946228215,10791.006956359812,3288.7919149295926,5.81813040378157e-07,2.0000288519653622e-06,56722.80605617542,0,34681.552498792385,0,1.0000420058986493e-07,optimal,optimal,optimal
2025-06-13,ANNUAL REFERENCE ONLY,0.9,1.0,1608.1561623061298,14,1608.1561623061298,optimal,optimal,23663.225559856415,0.0,0.0,14,4125.747516313272,optimal,optimal,-713.5325524214102,0.0,1681.0387533882013,0.6242399681456574,14,7073.131250124055,optimal,optimal,424.4079691515392,345.3901685798863,77.45297584703714,0.5669753230324613,14,8715.08256462825,optimal,optimal,3664.739329988156,1881.7023675545151,0.0,0.5099189288390025,1604.011878662792,1200.0000000159275,8715.08256462825,3375.614746718285,1132.4076204130272,5362.030845750304,32400.871152325006,15,20015.402352328612,0,1.000043994281441e-07,optimal,optimal,optimal
2025-06-14,ANNUAL REFERENCE ONLY,0.9,1.0,1604.011878662792,14,1604.011878662792,optimal,optimal,23765.096562842966,0.0,0.0,14,3591.144465551844,optimal,optimal,-402.17528968336484,0.0,918.3187959303998,0.6235149057632725,14,6921.300460935407,optimal,optimal,-248.1010497791693,0.0,564.3122616909529,0.5762993327995513,14,8735.293532048676,optimal,optimal,3612.955489516967,1863.574390209932,1.5845418406672942,0.5132157683447175,1542.1965348701106,1200.0000000159275,8735.293532048676,2962.679150054433,1064.1698388685095,4968.4546504071595,31696.230363304556,14,19201.313629614087,0,1.0000803740695119e-07,optimal,optimal,optimal
2025-06-15,ANNUAL REFERENCE ONLY,0.9,1.0,1542.1965348701106,14,1542.1965348701106,optimal,optimal,52412.85396787434,0.0,0.0,14,10108.6604475,optimal,optimal,2807.585183152877,4024.6880789712914,292.44975413227945,0.6146972657557176,14,6148.872301896792,optimal,optimal,1024.1483584151056,1103.550232378819,119.23804579046126,0.5517131793820905,14,9336.918736019341,optimal,optimal,2463.380402701913,1248.5318642431446,0.0,0.5184838190839023,1487.8402053995846,1370.4549105488272,10793.7604475,6295.113944269896,4.351098056075729e-07,1.5999775402855905e-06,58707.967913744214,0,37846.442796585754,0,1.0000415471722592e-07,optimal,optimal,optimal
2025-06-16,ANNUAL REFERENCE ONLY,0.9,1.0,1487.8402053995846,14,1487.8402053995846,optimal,optimal,54583.34434339783,0.0,0.0,14,9955.228417106831,optimal,optimal,2159.7980580683716,3027.1492909765184,153.0435243637569,0.6193389243829498,14,5710.645113786676,optimal,optimal,382.18060456714625,529.8493148115901,379.2993163444436,0.5741348667196463,14,9398.562077897495,optimal,optimal,2503.1402591650863,1243.0515661445247,0.0,0.513763216558851,1624.5273792245775,1200.0,10765.8699325,5045.118921800604,216.35909603611796,1056.4996038523557,60684.96286905079,5,38506.620513780756,0,1.0003714123740792e-07,optimal,optimal,optimal
2025-06-17,ANNUAL REFERENCE ONLY,0.9,1.0,1624.5273792245775,14,1624.5273792245775,optimal,optimal,55470.52862309576,0.0,0.0,14,10088.136221759258,optimal,optimal,2927.572482533644,3857.369735846127,106.33768485023346,0.5949626481298967,14,6701.612425724264,optimal,optimal,238.37374835926238,381.3090623106159,352.56710144854384,0.5631299982467897,14,9398.334601576753,optimal,optimal,2424.779717653494,1204.0781989106906,0.0,0.5658927919111729,1687.6314100721042,1620.6578636917363,10782.426962499998,5590.7259485464,3.212095292636562e-07,1.2999788671265378e-06,61061.25457294214,0,37817.84359350102,0,1.0000343513638653e-07,optimal,optimal,optimal
2025-06-18,ANNUAL REFERENCE ONLY,0.9,1.0,1687.6314100721042,14,1687.6314100721042,optimal,optimal,55816.44827167424,0.0,0.0,14,10128.018166203703,optimal,optimal,2955.0793428224115,3904.7833102520867,63.61638199896777,0.6020235205475214,14,7919.448219661304,optimal,optimal,-816.2121437481555,0.3050514107237632,2279.1244159069597,0.5498425464571668,14,9398.613395145145,optimal,optimal,2536.7312216463897,1259.1695042263723,1.1368683772161603e-13,0.5630220884129864,1763.3507366686617,1687.6314100721042,10800.0,4675.598420720646,2.9146474026188965e-07,8.999947492052569e-07,60492.04669329488,0,34523.417427871245,0,1.0000343513638653e-07,optimal,optimal,optimal
2025-06-19,ANNUAL REFERENCE ONLY,0.9,1.0,1763.3507366686617,14,1763.3507366686617,optimal,optimal,52875.05109676241,0.0,0.0,14,10014.486109577756,optimal,optimal,16.190411006616312,137.0943572236281,340.33709237095013,0.5577903607428186,14,7740.763341069013,optimal,optimal,1770.140356298259,1777.1992150127,53.81561276303535,0.5989886677092385,14,9398.613395145145,optimal,optimal,2578.2940136502575,1281.0185121982859,1.1368683772161603e-13,0.5464077990122872,1853.1801053728573,1763.3507366686617,10729.875979909195,4364.624780955133,2.935516986336841e-07,9.000214026940285e-07,57239.67587861756,0,30285.536564817718,0,1.0001525652114651e-07,optimal,optimal,optimal
2025-06-20,ANNUAL REFERENCE ONLY,0.9,1.0,1853.1801053728573,14,1853.1801053728573,optimal,optimal,24663.74399573764,0.0,0.0,14,4245.16601090164,optimal,optimal,144.90135578252298,130.43000995269333,1.1368683772161603e-13,0.578479287725168,14,7028.625958908415,optimal,optimal,-10.341517471028823,57.427967718107325,87.47566890729922,0.5815499330392405,14,9175.690145211052,optimal,optimal,2700.1826240405708,1406.9101034873192,3.410605131648481e-13,0.5757366746932912,1852.65915923451,1852.65915923451,9175.690145211052,2834.742462352065,2.9302604587263465e-07,9.999838616617127e-07,27498.486459089687,0,18025.275234841836,0,1.0000339045745932e-07,optimal,optimal,optimal
2025-06-21,ANNUAL REFERENCE ONLY,0.9,1.0,1852.65915923451,14,1852.65915923451,optimal,optimal,24050.884511158074,0.0,0.0,14,3719.041485973211,optimal,optimal,440.29604973275775,352.43706546374995,0.0,0.5927749342757916,14,7122.680389272779,optimal,optimal,-224.9230536107978,0.0,466.67333800327225,0.5738372418743976,14,9445.598095111554,optimal,optimal,2367.4688500442403,1205.9190905800474,0.0,0.559413731876346,1963.7069488354637,1852.65915923451,9445.598095111554,2582.8418461662004,4.5708991237921726e-07,1.3999928254525e-06,26633.726358724267,0,19209.116439268877,0,1.0000423708333984e-07,optimal,optimal,optimal
2025-06-22,ANNUAL REFERENCE ONLY,0.9,1.0,1963.7069488354637,14,1963.7069488354637,optimal,optimal,47896.18670105885,0.0,0.0,14,10063.04974835922,optimal,optimal,1105.5022556903855,914.8051911883051,61.528003848191986,0.5728972797433772,14,6077.219612113795,optimal,optimal,1492.1660440426126,1580.6903083110342,35.59991407396592,0.570835193695159,14,9715.238147094198,optimal,optimal,1954.9636178133544,999.4149624558505,81.872867472715,0.555524516666299,1731.3409385393568,1719.8977039750016,10716.250291530167,4552.631917546352,3.6128956042934286e-07,9.999923410598512e-07,52448.81861960519,0,34492.71574959793,0,1.0000229480056077e-07,optimal,optimal,optimal
2025-06-23,ANNUAL REFERENCE ONLY,0.9,1.0,1731.3409385393568,14,1731.3409385393568,optimal,optimal,49082.87502144109,0.0,0.0,14,10108.193055555555,optimal,optimal,1590.5089513533308,1271.9211205073848,39.45437807459385,0.5478457584488032,14,7454.605415887503,optimal,optimal,-180.60018413680598,0.0,457.4551341056475,0.5619297357762374,14,9702.105826844432,optimal,optimal,1887.9977832016477,986.8407623377793,0.0,0.5720722180019336,1785.9789667744667,1731.3409385393568,10800.0,3297.9065504181726,3.4392041587623276e-07,1.000009955108271e-06,52380.78157285927,0,33478.671655069906,0,1.0000315205616061e-07,optimal,optimal,optimal
2025-06-24,ANNUAL REFERENCE ONLY,0.9,1.0,1785.9789667744667,14,1785.9789667744667,optimal,optimal,56252.146401743455,0.0,0.0,14,9784.163720502638,optimal,optimal,2.2531135408416834,439.1441400400638,1429.552381442972,0.5532714297404863,14,7055.105896859227,optimal,optimal,-308.10602148366235,0.0,893.2511625316661,0.571298303327644,14,10042.245949005135,optimal,optimal,1197.6464108367977,610.7844498131942,1.1368683772161603e-13,0.5349504933453456,1565.3048649635396,1565.3048649635396,10527.53608161375,891.7935028939771,4.677096127890276e-08,9.999297253525578e-08,57143.939904737425,0,38718.07082586679,0,1.0000099996432255e-07,optimal,optimal,optimal
2025-06-25,ANNUAL REFERENCE ONLY,0.9,1.0,1565.3048649635396,14,1565.3048649635396,optimal,optimal,49243.715506445056,0.0,0.0,14,10098.926867191352,optimal,optimal,2151.4752136269735,2217.555669123358,1389.3793255076628,0.5550212135591391,14,8951.3151445699,optimal,optimal,337.40843547890773,610.1185701569048,1361.5994746889396,0.571904353746946,14,10027.949556007794,optimal,optimal,1257.8226924106302,661.1505080429727,71.09991554759984,0.4999812136413801,1640.1241876762595,1565.3048649635396,10770.143070895056,3746.7063415165117,9.397509005840307e-08,1.9999877831978665e-07,52990.42184816157,0,34314.36417120365,0,1.0000099996432255e-07,optimal,optimal,optimal
2025-06-26,ANNUAL REFERENCE ONLY,0.9,1.0,1640.1241876762595,14,1640.1241876762595,optimal,optimal,47457.85192946065,0.0,0.0,14,10096.770582716046,optimal,optimal,1825.1348660358485,1984.787782752077,62.948386069325124,0.6154476994763852,14,7769.601114860747,optimal,optimal,71.16332812703256,194.79159031033794,235.6347319764924,0.5203880635663166,14,9867.506315741059,optimal,optimal,1330.297307458738,689.8394549874762,81.8175584084369,0.5057891811807994,1689.3718636023546,1640.1241876762595,10790.595582716047,3226.5955016216194,1.4068099122999203e-07,2.9999975722175794e-07,50684.44743138227,0,31321.599674519985,0,1.0002258932217956e-07,optimal,optimal,optimal
2025-06-27,ANNUAL REFERENCE ONLY,0.9,1.0,1689.3718636023546,14,1689.3718636023546,optimal,optimal,22135.474718205423,0.0,0.0,14,3996.9264196604945,optimal,optimal,53.71424939134462,58.19872650444056,80.53420780797791,0.6066326695946632,14,8370.845884567414,optimal,optimal,-382.29497197561136,40.640624611786016,947.9971471932007,0.5512498505646977,14,9892.805260039446,optimal,optimal,1424.9351344733345,804.9440292761908,0.0,0.4697623913490641,1919.298886933769,1689.3718636023546,9892.805260039446,1096.3544118890677,2.1701124905266582e-07,5.999983015252837e-07,23231.82913069449,0,20535.985056935515,0,1.0000803740695119e-07,optimal,optimal,optimal
2025-06-28,ANNUAL REFERENCE ONLY,0.9,1.0,1919.298886933769,14,1919.298886933769,optimal,optimal,20706.321051403633,0.0,0.0,14,3183.104475308647,optimal,optimal,30.776404466792123,28.339409605250765,0.0,0.6263606816706172,14,9416.665956186494,optimal,optimal,461.85543960325515,374.6048412215502,0.0,0.5493182795582746,14,10186.916358763243,optimal,optimal,967.1940544882009,513.7149061453792,0.0,0.4702148716167222,1735.4713401737924,1735.4713401737924,10186.916358763243,1459.8258985582481,1.6778322552370084e-07,7.00014740306142e-07,22166.146950661896,0,21516.68157132522,0,1.0000245765695582e-07,optimal,optimal,optimal
2025-06-29,ANNUAL REFERENCE ONLY,0.9,1.0,1735.4713401737924,14,1735.4713401737924,optimal,optimal,44304.703875072744,0.0,0.0,14,9447.760397098767,optimal,optimal,1013.6239327175201,1036.5108583393849,972.2918248123202,0.6246779494178623,14,6671.51665349723,optimal,optimal,1296.4601424249336,1510.1787092330062,0.0,0.5793197463728676,14,10718.812924538648,optimal,optimal,27.589093483216107,32.57029695376468,54.856429097289116,0.4645075981095681,1282.0522248616992,1277.8194799365722,10775.236192525012,2337.67316862567,653.2402186509711,2479.7181588018534,49122.09520250026,10,35611.40936711675,0,1.0001531336456537e-07,optimal,optimal,optimal
2025-06-30,ANNUAL REFERENCE ONLY,0.9,1.0,1282.0522248616992,14,1282.0522248616992,optimal,optimal,50371.23625052924,0.0,0.0,14,10039.720411111106,optimal,optimal,-683.1087569269157,271.87309033477084,3031.163998568635,0.6433867460932854,14,6079.992080361416,optimal,optimal,-281.2170886969188,41.9174190189849,883.3428996126041,0.6233322134458623,14,10666.9567018719,optimal,optimal,39.28034524802858,262.351278060823,190.3880733816145,0.456541570106709,1200.0000000519697,1200.0000000519697,10800.0,-925.045500375806,235.61074193332053,733.557268856973,50179.74801901041,4,37363.289770769756,0,1.0000803740695119e-07,optimal,optimal,optimal
2025-07-01,ANNUAL REFERENCE ONLY,0.9,1.0,1200.0000000519697,14,1200.0000000519697,optimal,optimal,43808.93281280634,0.0,0.0,14,7812.49116570805,optimal,optimal,1875.088079839726,1889.4855773783268,35.38308724951867,0.6223888745227221,14,3147.980701173216,optimal,optimal,1175.6643671292254,1296.8153048658091,77.88289609555989,0.6339064583071483,14,10261.3271074311,optimal,optimal,474.88359704309835,336.0257250751549,0.0,0.4503187111115669,1200.000000050103,1200.0,10284.624630222186,3525.6360440120498,9833.588086977972,38910.101202598766,86244.67005941716,71,38480.091428134154,0,1.0000121619668789e-07,optimal,optimal,optimal
2025-07-02,ANNUAL REFERENCE ONLY,0.9,1.0,1200.000000050103,14,1200.000000050103,optimal,optimal,49313.15218301337,0.0,0.0,14,8623.998415949387,optimal,optimal,168.30895229157537,264.5074719958076,95.39447875156543,0.6318581878861456,14,3939.979995951481,optimal,optimal,2022.7868383790183,2113.0717210856296,111.32003572359577,0.6565159889571802,14,9531.395915956697,optimal,optimal,2167.6423237896224,1075.9608590190223,0.0,0.4807376963185259,1287.9253200368992,1200.000000015928,9539.272441134137,4358.738114460216,564.0602677186517,3190.6169694230075,56862.507266896595,15,34906.50899865434,0,1.00000761449337e-07,optimal,optimal,optimal
2025-07-03,ANNUAL REFERENCE ONLY,0.9,1.0,1287.9253200368992,14,1287.9253200368992,optimal,optimal,54929.13990522473,0.0,0.0,14,8455.041909447857,optimal,optimal,2684.629017601625,2499.5625277253157,1095.2624140745907,0.6293130427185609,14,8125.836138220459,optimal,optimal,-655.4663129998164,55.73444568638297,2383.434842810305,0.6484613479486222,14,9005.233160651816,optimal,optimal,3213.7535068349707,1604.8217541362656,-3.410605131648481e-13,0.48495836823884836,1240.5236325365522,1200.0000000225125,9813.272316043443,5242.916211436779,1391.4456780305802,3620.921707434709,63792.97782409622,19,35010.07648658082,0,1.0000343513638653e-07,optimal,optimal,optimal
2025-07-04,ANNUAL REFERENCE ONLY,0.9,1.0,1240.5236325365522,14,1240.5236325365522,optimal,optimal,23518.804479066122,0.0,0.0,14,2491.4866430413704,optimal,optimal,814.1281694009041,631.2962111294651,0.0,0.6117813098637833,14,8776.374886366,optimal,optimal,-53.943508740955465,5.124453896055684,158.17467100901013,0.6291220723833791,14,8709.113698007117,optimal,optimal,3645.77238174312,1873.7620178209536,71.92872328208492,0.4768004473645112,1200.0000000519697,1200.0000000159275,8805.362932175543,4405.957042403069,809.9343844057864,4266.474219471747,32191.235740940938,14,21042.42107686046,0,1.0000803740695119e-07,optimal,optimal,optimal
2025-07-05,ANNUAL REFERENCE ONLY,0.9,1.0,1200.0000000519697,14,1200.0000000519697,optimal,optimal,24808.558065047728,0.0,0.0,14,3318.4982990000917,optimal,optimal,-310.0070438627088,0.0,699.6716751020433,0.5799769342284965,14,7363.021870110281,optimal,optimal,415.01793221707635,317.5967465536043,0.0,0.62099626206334,14,8390.708175173122,optimal,optimal,4316.401787953044,2173.307814125789,0.0,0.47722337628354167,1235.7025198733434,1200.0000000159275,8390.708175173122,4421.412676307411,1800.323332014994,8810.060975912522,38040.03171726766,15,20830.931859684068,0,1.000043994281441e-07,optimal,optimal,optimal
2025-07-06,ANNUAL REFERENCE ONLY,0.9,1.0,1235.7025198733434,14,1235.7025198733434,optimal,optimal,52527.20804716267,0.0,0.0,14,8882.403555075945,optimal,optimal,3524.3613988471475,4170.836446482716,79.76386153957694,0.602757847203642,14,4409.573573606405,optimal,optimal,2515.3475364821124,2290.9085605152272,29.93208234377471,0.6149385538492571,14,9127.844571059204,optimal,optimal,3024.749633442395,1506.3138385787367,1.1368683772161603e-13,0.4995744855278361,1284.357887147243,1200.0,9689.242937753064,9064.458568771654,1162.436717870424,6574.720248966767,68166.38686490108,14,37161.08710782661,0,1.0001531336456537e-07,optimal,optimal,optimal
2025-07-07,ANNUAL REFERENCE ONLY,0.9,1.0,1284.357887147243,14,1284.357887147243,optimal,optimal,53949.62472161361,0.0,0.0,14,9041.377232462786,optimal,optimal,-1877.7250256116754,0.0,5449.680376388214,0.5892678260807079,14,5169.267625496955,optimal,optimal,3405.484804554238,3289.606768136148,68.80331608652716,0.5702832642182791,14,8998.306657390825,optimal,optimal,3065.0922924875185,1575.193912263795,0.0,0.4902076745875216,1356.7250478266333,1200.0000000159275,9753.574963905332,4592.852071430081,408.5682291517915,2781.2111806650955,61323.68797370879,3,33553.469488324576,0,1.0000343513638653e-07,optimal,optimal,optimal
2025-07-08,ANNUAL REFERENCE ONLY,0.9,1.0,1356.7250478266333,14,1356.7250478266333,optimal,optimal,62542.99499308973,0.0,0.0,14,9749.351499309825,optimal,optimal,-2219.814304523621,136.87212896227823,6705.3376537513595,0.6014441198810454,14,7432.93202222841,optimal,optimal,408.6620734995078,359.47169297891685,154.18581989270706,0.5318654791787983,14,8998.30665739082,optimal,optimal,3174.428937295909,1595.3415489137765,0.0,0.4955390161746349,1866.6039225530396,1255.2364220333072,10504.163999309825,1363.2767062717955,3.9908838608826833e-07,1.4000063916194449e-06,63906.27170076153,0,32891.868860452414,0,1.0000803740695119e-07,optimal,optimal,optimal
2025-07-09,ANNUAL REFERENCE ONLY,0.9,1.0,1866.6039225530396,14,1866.6039225530396,optimal,optimal,61723.6375473281,0.0,0.0,14,9638.997428148148,optimal,optimal,-1850.830960958673,50.45655073007481,5192.674379265101,0.604398050773774,14,8547.896222297737,optimal,optimal,-264.1088050352854,193.96193006895476,1827.5465556564582,0.520608619646706,14,8998.306657390822,optimal,optimal,3170.4015845786007,1599.4961904383638,0.0,0.5072446008422778,1793.873790076792,1393.3472552108599,10361.87428,1055.4618185846425,2.6850004378977186,18.100928999982585,62797.20029491273,1,30436.0592063265,0,1.0000803740695119e-07,optimal,optimal,optimal
2025-07-10,ANNUAL REFERENCE ONLY,0.9,1.0,1793.873790076792,14,1793.873790076792,optimal,optimal,57482.63486543838,0.0,0.0,14,10055.95739543048,optimal,optimal,-514.158839020144,576.3763210412583,3992.160097009629,0.5934121845975558,14,5242.554772325855,optimal,optimal,1954.1846358183388,1997.6604603058063,17.760854525424065,0.5607540624811105,14,8998.306657390822,optimal,optimal,3152.591116351169,1589.7525080207047,0.0,0.5070689334858468,1741.8113949084234,1202.1377095718985,10788.44813617122,4592.616913149364,4.974695368160029e-07,1.70000962344684e-06,62075.251780287756,0,33042.18963153737,0,1.0002986527979374e-07,optimal,optimal,optimal
2025-07-11,ANNUAL REFERENCE ONLY,0.9,1.0,1741.8113949084234,14,1741.8113949084234,optimal,optimal,30281.13811289195,0.0,0.0,14,5791.165779317476,optimal,optimal,-273.55462432657515,1.841359359992466,786.2664858279447,0.5926042405347488,14,6301.709387519272,optimal,optimal,-327.25974187177417,0.0,744.3983426089575,0.5693215717201286,14,8396.431887861787,optimal,optimal,4218.633486253842,2162.6781998597207,0.0,0.508539228862091,1694.1283961104841,1409.5546027946011,8396.431887861787,3617.819120055493,559.9940386911264,2630.0870093600597,36529.0442423075,11,20089.56236637332,0,1.0001167538575828e-07,optimal,optimal,optimal
2025-07-12,ANNUAL REFERENCE ONLY,0.9,1.0,1694.1283961104841,14,1694.1283961104841,optimal,optimal,28664.550843420482,0.0,0.0,14,5378.132945563623,optimal,optimal,717.0191596679754,567.9379744556552,14.487504073668784,0.606576767075662,14,6365.399384374217,optimal,optimal,368.4359882330674,313.09696926399295,1.1368683772161603e-13,0.5806300519809174,14,8502.879733650105,optimal,optimal,4084.698698859755,2065.424597713419,0.0,0.5085334659069823,1671.9430409435936,1200.0000000159275,8502.879733650105,5170.153846760798,569.9819309047149,2925.3290673549486,36760.03375753623,10,19599.571737027887,0,1.0000420058986493e-07,optimal,optimal,optimal
2025-07-13,ANNUAL REFERENCE ONLY,0.9,1.0,1671.9430409435936,14,1671.9430409435936,optimal,optimal,61886.4704564231,0.0,0.0,14,10064.354166666664,optimal,optimal,-3000.2786310768724,0.0,7981.279939533357,0.6267020258670438,14,6791.558545098803,optimal,optimal,-576.4417770308364,0.0,1374.7677553153567,0.5668323577579993,14,8998.306657390822,optimal,optimal,3133.162493868145,1617.4823398409694,0.0,0.4905380460918264,1606.0417389019315,1200.000000015928,10799.999999999998,-443.55791423956407,91.2374495704914,632.7871273944351,62075.69966957797,2,31170.075534143685,0,1.0002986527979374e-07,optimal,optimal,optimal
2025-07-14,ANNUAL REFERENCE ONLY,0.9,1.0,1606.0417389019315,14,1606.0417389019315,optimal,optimal,57580.471814471864,0.0,0.0,14,10029.172685185185,optimal,optimal,-1733.458197423265,147.37056712899596,5647.614968910748,0.6450013501404055,14,7411.886947248905,optimal,optimal,629.3597625253096,590.725091499954,99.84643713846913,0.5834369520900139,14,8926.608898149609,optimal,optimal,3306.220087807919,1674.7341366543872,0.0,0.48453850799441545,1558.562325974864,1200.000000015928,10800.0,2202.121652909964,230.90084497994957,1566.3491560331063,61348.942623414936,2,30315.013377053227,0,1.0000420058986493e-07,optimal,optimal,optimal
2025-07-15,ANNUAL REFERENCE ONLY,0.9,1.0,1558.562325974864,14,1558.562325974864,optimal,optimal,65591.53647634745,0.0,0.0,14,10036.193055555555,optimal,optimal,-2424.739218828386,224.73190473905356,7735.866472475922,0.6506489292797772,14,8433.351803348927,optimal,optimal,-367.01484458400296,3.8837373420456025,1183.1219633882215,0.6088113474966974,14,8998.306657390822,optimal,optimal,3145.5811085648884,1600.1669938630416,0.0,0.5101322637149865,1504.5147768541474,1504.5147768541474,10800.000000000002,353.8270451524995,2.1415205964433468e-07,7.999788346367381e-07,65945.36352229993,0,30134.847627918363,0,1.0000420058986493e-07,optimal,optimal,optimal
2025-07-16,ANNUAL REFERENCE ONLY,0.9,1.0,1504.5147768541474,14,1504.5147768541474,optimal,optimal,63998.08319264515,0.0,0.0,14,9935.46574074074,optimal,optimal,-2357.832213915464,0.0,6188.876544584544,0.6311860433981887,14,7917.011403304557,optimal,optimal,793.0428728709805,882.202545044045,43.06649526584063,0.5807522912369402,14,8998.306657490819,optimal,optimal,3013.12267661804,1565.8218812914815,0.0,0.5069650481154939,1582.5881070793043,1504.5147768541474,10799.999999999998,1448.3333355735565,1.393192388348019e-07,5.999839167865502e-07,65446.41652881869,0,29022.571966058727,0,1.0000343513638653e-07,optimal,optimal,optimal
2025-07-17,ANNUAL REFERENCE ONLY,0.9,1.0,1582.5881070793043,14,1582.5881070793043,optimal,optimal,62452.045520697546,0.0,0.0,14,10019.576851851849,optimal,optimal,-368.7449415987073,488.24234420690965,2729.331695649662,0.6472194924808269,14,8173.369418637551,optimal,optimal,298.4157251461795,287.2769605723515,297.8196745725954,0.5804425848915047,14,8998.30665739082,optimal,optimal,3158.4872702559287,1594.640316560674,0.0,0.4855623145837197,1700.8766483247705,1582.5881070793043,10799.999999999996,3088.158053803401,1.3025268350586733e-07,4.999775302446323e-07,65540.20357500092,0,29846.119567809023,0,1.0001531336456537e-07,optimal,optimal,optimal
2025-07-18,ANNUAL REFERENCE ONLY,0.9,1.0,1700.8766483247705,14,1700.8766483247705,optimal,optimal,36636.38582801158,0.0,0.0,14,8993.966633417893,optimal,optimal,-925.9402885587195,33.92761390636588,2955.905319876845,0.6665750117721818,14,7596.342540914459,optimal,optimal,-522.0608753269704,2.309896838082068,1344.3638536995104,0.5893982797533883,14,8998.306657390822,optimal,optimal,3181.3709673451044,1638.9672849706353,0.0,0.48855617495764103,1802.5416490046082,1700.8766483247705,9792.989725971556,1733.3698034594145,1.7693426931653466e-07,5.999984134566147e-07,38369.75563207099,0,18886.489387566464,0,1.0000420058986493e-07,optimal,optimal,optimal
2025-07-19,ANNUAL REFERENCE ONLY,0.9,1.0,1802.5416490046082,14,1802.5416490046082,optimal,optimal,35876.85233530235,0.0,0.0,14,7137.875280848606,optimal,optimal,-1359.3597453373955,41.47357646686362,4003.652769887258,0.6808718762423347,14,6134.917198691423,optimal,optimal,52.89208368598259,86.78009744521808,174.3244689758954,0.5993598314486152,14,8916.930537120192,optimal,optimal,3308.4833145674484,1643.0389217690129,0.0,0.5057960428083532,1949.306837563448,1802.5416490046082,8916.930537120192,2002.0156529160356,1.3625920212900973e-07,4.999937747427792e-07,37878.86798871838,0,17618.100975929534,0,1.0000803740695119e-07,optimal,optimal,optimal
2025-07-20,ANNUAL REFERENCE ONLY,0.9,1.0,1949.306837563448,14,1949.306837563448,optimal,optimal,65078.805194939734,0.0,0.0,14,10059.50925925926,optimal,optimal,-1797.991071174722,19.260238721726296,5332.125795696704,0.6443010835617982,14,10108.397897016743,optimal,optimal,-1299.2344448295048,47.42570818239913,5023.783112323908,0.6141895715509814,14,9304.803901764473,optimal,optimal,2713.8730914586185,1348.4286922492875,-1.1368683772161603e-13,0.5064420781720695,2014.7461973263576,1949.306837563448,10800.0,-383.3524245456083,2.519886279462161e-07,8.000133745374115e-07,64695.45277119414,0,28472.16334559675,0,1.0001525652114651e-07,optimal,optimal,optimal
2025-07-21,ANNUAL REFERENCE ONLY,0.9,1.0,2014.7461973263576,14,2014.7461973263576,optimal,optimal,62103.87501354858,0.0,0.0,14,9932.35059722222,optimal,optimal,-1123.3439049623712,188.7252044844115,4236.281848236717,0.6194333230147602,14,8948.032506053187,optimal,optimal,-463.0274449798534,27.478100265333296,1829.6927559969342,0.629078853246667,14,8799.355487229492,optimal,optimal,3369.3131062554303,1739.589911998307,0.0,0.5134354369374285,2026.1976058700702,2001.504883763776,10705.090874999996,1782.9417563132056,2.0766542786268057e-07,8.000126191385789e-07,63886.816770661804,0,28044.31840173307,0,1.0000413749366999e-07,optimal,optimal,optimal
2025-07-22,ANNUAL REFERENCE ONLY,0.9,1.0,2026.1976058700702,14,2026.1976058700702,optimal,optimal,58287.39129984071,0.0,0.0,14,9880.413398382465,optimal,optimal,1529.7027795401225,1418.1178734695416,576.1775478176908,0.5993431724678634,14,8880.24966788798,optimal,optimal,-1541.3704841243384,0.0,4839.697714863203,0.6384158458164514,14,9733.14679730792,optimal,optimal,1780.6041104668282,986.835876249954,0.0,0.5052835955299944,1641.3734245416658,1641.3734245416658,10679.455528012095,1768.9364058826122,3.268194705670458e-07,8.000155906031978e-07,60056.327706523334,0,31627.73678813817,0,1.0002258932217956e-07,optimal,optimal,optimal
2025-07-23,ANNUAL REFERENCE ONLY,0.9,1.0,1641.3734245416658,14,1641.3734245416658,optimal,optimal,65647.44818884564,0.0,0.0,14,9667.720218706692,optimal,optimal,-3591.413452899608,6.989054363012315,10325.537226790046,0.5532181002391109,14,7755.039136939968,optimal,optimal,-1054.3772368494253,0.0,3513.932173897682,0.6827085152670207,14,9678.644151194629,optimal,optimal,1812.71085688781,1004.4697660054487,0.0,0.5064264684426584,1633.7858592064492,1633.7858592064492,10422.652163151137,-2833.0798328612227,2.3313622541556066e-07,6.000044952727875e-07,62814.36835658442,0,33665.545956460686,0,1.0000053407566156e-07,optimal,optimal,optimal
2025-07-24,ANNUAL REFERENCE ONLY,0.9,1.0,1633.7858592064492,14,1633.7858592064492,optimal,optimal,64912.15813227225,0.0,0.0,14,9965.501851851852,optimal,optimal,-3030.678721297678,0.0,8723.235466970276,0.5681151815794115,14,8473.332313943898,optimal,optimal,-1259.9845702005991,0.0,3942.563439456958,0.6722880502106728,14,9699.724258636283,optimal,optimal,1854.0771646011806,1023.5483138424219,0.0,0.5175804121251129,1733.6725219973505,1633.7858592064492,10800.0,-2436.5861268970957,3.4804589236469493e-07,8.000203213583517e-07,62475.57200617517,0,32899.88306992539,0,1.0001531336456537e-07,optimal,optimal,optimal
2025-07-25,ANNUAL REFERENCE ONLY,0.9,1.0,1733.6725219973505,14,1733.6725219973505,optimal,optimal,28389.20902064649,0.0,0.0,14,4595.708406006401,optimal,optimal,34.70894707297626,110.6991389533123,344.3913041777813,0.5879387658426031,14,7905.392661355672,optimal,optimal,-295.4993597550063,9.514838144041029,682.657223962553,0.6771507577489974,14,9592.488133807128,optimal,optimal,1996.838129581108,1096.3780165101248,0.0,0.520445022069929,1821.8207555035685,1733.6725219973505,9592.488133807128,1736.0477168990778,1.968987148704263e-07,9.00007381510659e-07,30125.256738445572,0,20109.82180769244,0,1.0000529982789886e-07,optimal,optimal,optimal
2025-07-26,ANNUAL REFERENCE ONLY,0.9,1.0,1821.8207555035685,14,1821.8207555035685,optimal,optimal,29393.30370305506,0.0,0.0,14,6073.234225584666,optimal,optimal,102.33908292805349,250.35247710057388,1174.3173221125346,0.5524001479890683,14,7909.235285002927,optimal,optimal,-168.10015219075,29.581174157906872,424.6278089055936,0.6929331862144068,14,9602.811554576012,optimal,optimal,2103.132969931007,1106.6837975561982,0.0,0.4997036655370702,1885.1366269305754,1821.8207555035685,9602.811554576012,2037.3719006683107,3.5675269441275343e-07,9.999911414662166e-07,31430.675604723358,0,20710.46029550805,0,1.0001167538575828e-07,optimal,optimal,optimal
2025-07-27,ANNUAL REFERENCE ONLY,0.9,1.0,1885.1366269305754,14,1885.1366269305754,optimal,optimal,53889.01552595614,0.0,0.0,14,9981.995018796297,optimal,optimal,805.2102319943363,687.290141597864,0.0,0.5572692996239261,14,7150.123119213757,optimal,optimal,873.2448657942141,963.1701945822699,0.0,0.7022875778576999,14,9842.066939076094,optimal,optimal,1689.5760030849194,877.5417516613664,0.0,0.5079411092011257,2006.3270162538226,1885.1366269305754,10774.5612225,3368.0311008734698,9.441463202823835e-08,2.000004473326044e-07,57257.04662702962,0,33293.72143527509,0,1.0000803740695119e-07,optimal,optimal,optimal
2025-07-28,ANNUAL REFERENCE ONLY,0.9,1.0,2006.3270162538226,14,2006.3270162538226,optimal,optimal,56107.20559254053,0.0,0.0,14,10048.331481481482,optimal,optimal,2119.7992913431794,2196.4808464937473,110.95496095157432,0.5669349841822207,14,6171.702436994459,optimal,optimal,-50.884478726665144,1.345184673569091e-07,84.58840449418784,0.6987673547957276,14,9992.50010179982,optimal,optimal,1452.9495686348378,721.4674940051273,0.0,0.5089455842339056,1985.5722090046409,1590.7650976354996,10800.0,3521.864381251352,9.416599891414117e-08,1.999998928818968e-07,59629.069973991885,0,36724.19620619223,0,1.0000803740695119e-07,optimal,optimal,optimal
2025-07-29,ANNUAL REFERENCE ONLY,0.9,1.0,1985.5722090046409,14,1985.5722090046409,optimal,optimal,50052.65846432676,0.0,0.0,14,9790.622399406651,optimal,optimal,2760.1498269537105,3248.600541674177,324.1859654763369,0.5914602178437613,14,6609.310022496726,optimal,optimal,33.00300476232915,33.47186455338062,55.214081081356426,0.6868136429178141,14,10800.0,optimal,optimal,-35.886067345120715,0.0,55.08553102001888,0.510491972858503,1208.8493013034838,1208.8493013034838,10800.0,2757.2667643709187,20.763517280275764,131.50057614620084,52941.425804843886,3,37159.347677850754,0,1.0002986527979374e-07,optimal,optimal,optimal
2025-07-30,ANNUAL REFERENCE ONLY,0.9,1.0,1208.8493013034838,14,1208.8493013034838,optimal,optimal,47061.11491884936,0.0,0.0,14,9842.349835036155,optimal,optimal,4527.681601520917,5262.279601966715,33.20188674819576,0.654204473306902,14,5949.571460735205,optimal,optimal,1014.314240679384,1304.5510114568524,45.16919251215802,0.652497963327409,14,10767.521444444445,optimal,optimal,7.112828410870083,12.823209711966683,50.56246784724655,0.5000731589747589,1231.2965116659382,1208.8493013034838,10800.0,5549.108670611171,9.360012563246065e-08,2e-07,52610.22358966053,0,37796.9127410222,0,1.0002258932217956e-07,optimal,optimal,optimal
2025-07-31,ANNUAL REFERENCE ONLY,0.9,1.0,1231.2965116659382,14,1231.2965116659382,optimal,optimal,51612.99962894611,0.0,0.0,14,9848.746094660492,optimal,optimal,-768.4741082065239,191.23636790833052,3223.198590891871,0.6613648342625045,14,7014.720941105721,optimal,optimal,299.9501352916188,363.15494334498584,49.183074483982864,0.6200909042655893,14,10767.274101233039,optimal,optimal,39.65168409512188,30.521979890210446,35.127560086453606,0.5071376805535281,1200.0000000519697,1200.0000000000005,10800.0,-428.8722888197832,920.4201847492034,3921.7160215683493,55105.84336169468,18,40154.95367180776,0,1.0002258932217956e-07,optimal,optimal,optimal
2025-08-01,ANNUAL REFERENCE ONLY,0.9,1.0,1200.0000000519697,14,1200.0000000519697,optimal,optimal,24782.96818152158,0.0,0.0,14,2246.514187515738,optimal,optimal,-318.47514157017287,196.73832221477483,1329.5009498131692,0.6423474842960483,14,10311.178871497523,optimal,optimal,-332.34496626800376,0.0,747.4672894548986,0.615474445307042,14,10585.778150585074,optimal,optimal,101.05414020628373,142.60602722582672,0.0,0.5045150786150058,1233.8197195624543,1200.0000000519697,10796.960285962175,-549.765967631893,329.8892151879451,792.6367404075096,25025.838954297196,7,23734.876847146792,0,1.000001930151484e-07,optimal,optimal,optimal
2025-08-02,ANNUAL REFERENCE ONLY,0.9,1.0,1233.8197195624543,14,1233.8197195624543,optimal,optimal,26147.351147666435,0.0,0.0,14,3319.8870579629624,optimal,optimal,-768.2321513152135,0.0,1924.968438973081,0.6637971135427935,14,10163.529619071736,optimal,optimal,-210.4286803512085,0.0,515.3178825604443,0.5888508494191401,14,10761.904345367619,optimal,optimal,-11.195508410834755,155.21461974583158,171.45860145755262,0.5079195232936229,1211.3151369273978,1211.3151369273978,10800.0,-989.8563400772568,9.416604968101472e-08,2e-07,25157.49480778918,0,23511.05506542277,0,1.0000053407566156e-07,optimal,optimal,optimal
2025-08-03,ANNUAL REFERENCE ONLY,0.9,1.0,1211.3151369273978,14,1211.3151369273978,optimal,optimal,45346.82644677638,0.0,0.0,14,9115.367020277787,optimal,optimal,352.4665098378457,582.4477578209853,1513.0138065867775,0.6943276497015121,14,7421.9645202777865,optimal,optimal,-579.5529597731008,0.0,1456.2656100546628,0.5710653724186749,14,10692.773520813727,optimal,optimal,28.79934011164656,73.34271481514855,28.427758901154675,0.49877163418668213,1218.3976932604269,1200.0,10765.797767621372,-198.28710982360857,663.7590046551086,2856.447988010475,48004.98732496325,18,35305.648315047336,0,1.0000030670198612e-07,optimal,optimal,optimal
2025-08-04,ANNUAL REFERENCE ONLY,0.9,1.0,1218.3976932604269,14,1218.3976932604269,optimal,optimal,49079.84322624482,0.0,0.0,14,9883.699775907418,optimal,optimal,-749.8656906795813,0.0,2776.823303370863,0.6781838080750646,14,7604.113729883029,optimal,optimal,-1035.1582332660628,0.0,3119.5089797583846,0.5356602184347384,14,10217.821582023074,optimal,optimal,802.0436469599726,499.3703410164656,0.0,0.4980777765779526,1262.8584868365253,1218.3976932604269,10799.999999999998,-982.9802769856715,49.44041652533127,218.1306820755154,48314.99363133466,2,33578.83192766964,0,1.0001531336456537e-07,optimal,optimal,optimal
2025-08-05,ANNUAL REFERENCE ONLY,0.9,1.0,1262.8584868365253,14,1262.8584868365253,optimal,optimal,48173.397243447354,0.0,0.0,14,9933.66062046845,optimal,optimal,-583.9111145240029,0.0,2369.6587305442863,0.6514070044717825,14,6626.184740792075,optimal,optimal,-594.6529544797095,6.662596888535177,1838.2766311251717,0.5443884935415514,14,10525.053174297604,optimal,optimal,330.87254535227044,250.26133027768606,0.0,0.48534017238128213,1329.1264859172425,1262.8584868365253,10772.67325627092,-847.6915236514419,1.884451889911224e-07,4.0000025097033356e-07,47325.70572019592,0,34328.75733206045,0,1.0000030670198612e-07,optimal,optimal,optimal
2025-08-06,ANNUAL REFERENCE ONLY,0.9,1.0,1329.1264859172425,14,1329.1264859172425,optimal,optimal,53825.02256295549,0.0,0.0,14,9842.136726665298,optimal,optimal,-2265.4007233050734,0.0,6784.112261331456,0.6525128315425098,14,7745.021040439844,optimal,optimal,-459.6652126394409,143.5303346351929,1657.2587491721133,0.5641193725018402,14,10417.745590255892,optimal,optimal,117.31787453827855,227.34413599937284,50.000739476793605,0.4982502357568159,1303.3647678778925,1303.3647678778925,10800.0,-2607.748061406236,2.365373416263126e-07,4.999998952442184e-07,51217.27450204925,0,35253.74488742788,0,1.0000030670198612e-07,optimal,optimal,optimal
2025-08-07,ANNUAL REFERENCE ONLY,0.9,1.0,1303.3647678778925,14,1303.3647678778925,optimal,optimal,52982.54073246704,0.0,0.0,14,9906.359890123456,optimal,optimal,-2115.720862709307,431.17745767505176,9909.295541030391,0.6429302233506177,14,7589.1271170988175,optimal,optimal,-607.1406059017835,320.83639454869547,3221.13703198635,0.5904319249953356,14,10438.413034856987,optimal,optimal,132.91768324786892,87.49669668260061,0.0,0.49365180016289073,1352.3365955262925,1303.3647678778925,10710.781911442728,-2589.9437853632217,8.555416902629434,57.804673208336006,50450.40162031216,1,34782.58964965106,0,1.0002258932217956e-07,optimal,optimal,optimal
2025-08-08,ANNUAL REFERENCE ONLY,0.9,1.0,1352.3365955262925,14,1352.3365955262925,optimal,optimal,24060.066328176792,0.0,0.0,14,3780.6090831210186,optimal,optimal,-95.80422814044215,13.980826043954664,262.79845126055244,0.6613503777986639,14,10285.351126959014,optimal,optimal,-1.685421358150819,50.23910156494287,151.2950562370501,0.6143149845224394,14,10471.70203838707,optimal,optimal,236.7940299678404,160.20253591057482,0.0,0.48978286400541393,1363.8576163993396,1352.3365955262925,10701.08000927567,139.30438046924743,2.7730907413041217e-07,1.0000014936442312e-06,24199.37070964604,0,24512.68381633642,0,1.000043994281441e-07,optimal,optimal,optimal
2025-08-09,ANNUAL REFERENCE ONLY,0.9,1.0,1363.8576163993396,14,1363.8576163993396,optimal,optimal,24203.476867744623,0.0,0.0,14,3301.836682129872,optimal,optimal,-241.60040292247217,0.0,549.6712148007109,0.6663683445946732,14,10772.192790326062,optimal,optimal,151.76454644926997,174.8860079121943,152.09613546610478,0.6094412019941925,14,10606.087786526436,optimal,optimal,2.842800735498861,2.0224101234967082,0.0,0.48784474955739615,1444.7576704885194,1363.8576163993396,10800.0,-86.99305573770334,3.097281065108477e-07,9.99997689423526e-07,24116.483813006915,0,24500.5549509079,0,1.000043994281441e-07,optimal,optimal,optimal
2025-08-10,ANNUAL REFERENCE ONLY,0.9,1.0,1444.7576704885194,14,1444.7576704885194,optimal,optimal,50288.75088933393,0.0,0.0,14,9529.18927450617,optimal,optimal,-1833.7416111274658,11.002994117816039,6334.387411718899,0.6211170180936489,14,7998.3063691358,optimal,optimal,-350.5660921211392,131.53870932596485,1130.3398850133751,0.5994622316985663,14,10533.015592602209,optimal,optimal,92.24597803051361,228.33276630002135,85.95319316093781,0.48912844105552206,1355.5109892634023,1355.5109892634023,10799.999999999996,-2092.0617252180914,1.8797314677148302e-07,4e-07,48196.68916451585,0,33767.88733835695,0,1.0000030670198612e-07,optimal,optimal,optimal
2025-08-11,ANNUAL REFERENCE ONLY,0.9,1.0,1355.5109892634023,14,1355.5109892634023,optimal,optimal,48141.43245206819,0.0,0.0,14,10057.57962962963,optimal,optimal,-539.4230669758625,346.71806681961834,4274.491573730669,0.6385870856108259,14,7565.504982037037,optimal,optimal,-351.31654944550326,234.31142642651992,2320.385601607,0.6294949192170012,14,10522.782210988089,optimal,optimal,234.96676322627093,149.2229914736813,0.0,0.48150932555188575,1361.0655113938099,1355.5109892634023,10800.0,-655.7728531950949,136.33751464564048,631.3434342873447,48117.00303316044,5,35185.9202366725,0,1.0001531336456537e-07,optimal,optimal,optimal
2025-08-12,ANNUAL REFERENCE ONLY,0.9,1.0,1361.0655113938099,14,1361.0655113938099,optimal,optimal,51985.44042635682,0.0,0.0,14,9669.841582535773,optimal,optimal,-1030.1947413009118,563.8472232379767,6187.351301073075,0.6579314646080543,14,7530.978089022061,optimal,optimal,-568.0968824454694,131.2483452442425,2263.1769584423428,0.6305485638247644,14,10402.226880257727,optimal,optimal,155.2669749677399,224.11950857982984,0.0,0.4938825578324993,1381.8744824154319,1361.0655113938099,10558.297411023766,-1443.0246487786412,1.411172447607759e-07,2.999997772055394e-07,50542.41577787818,0,33239.97310232825,0,1.00000761449337e-07,optimal,optimal,optimal
2025-08-13,ANNUAL REFERENCE ONLY,0.9,1.0,1381.8744824154319,14,1381.8744824154319,optimal,optimal,46940.9540557028,0.0,0.0,14,9793.394099125924,optimal,optimal,-790.0623931376622,1.2766334466185754,3171.079357620436,0.6636250719910565,14,6571.133199311108,optimal,optimal,175.7393617501868,259.11747202178844,282.9549671841015,0.6375764052198012,14,10234.730063586438,optimal,optimal,792.3736249282875,421.99886287748177,0.0,0.48636710448639064,1325.4387137407366,1325.4387137407366,10641.335346039505,178.0505935408122,72.06168896998487,411.6641382904728,47530.66878753409,3,33382.27587863886,0,1.0000803740695119e-07,optimal,optimal,optimal
2025-08-14,ANNUAL REFERENCE ONLY,0.9,1.0,1325.4387137407366,14,1325.4387137407366,optimal,optimal,47230.07752061522,0.0,0.0,14,9135.610966882716,optimal,optimal,958.8355782131755,1203.7596452871321,66.92512883558875,0.6482080247719977,14,5965.884835364202,optimal,optimal,-792.1214197640518,0.0,2141.032117502872,0.6253723534546054,14,10520.797024216288,optimal,optimal,220.32409894266962,194.8703865479681,0.0,0.49129040229744053,1317.1901486074273,1317.1901486074273,10756.57170550207,387.0382573917933,35.284883521304906,242.1111734208232,47859.22695142784,3,37881.16734081582,0,1.0000030670198612e-07,optimal,optimal,optimal
2025-08-15,ANNUAL REFERENCE ONLY,0.9,1.0,1317.1901486074273,14,1317.1901486074273,optimal,optimal,24706.002116798678,0.0,0.0,14,3066.52704582748,optimal,optimal,-341.43037528541464,0.0,744.6831708387579,0.5942642764271766,14,10722.318348588782,optimal,optimal,-187.35596386062105,9.194654794805388,417.38095216900143,0.6003820666342511,14,10651.384831704692,optimal,optimal,150.8061611904351,115.1767417705479,0.0,0.49087435448079364,1254.1071720742418,1254.1071720742418,10764.673862997426,-377.98017795560065,2.3264987645897447e-07,7.000025881443436e-07,24328.02193954308,0,25390.877450013773,0,1.0000245765695582e-07,optimal,optimal,optimal
2025-08-16,ANNUAL REFERENCE ONLY,0.9,1.0,1254.1071720742418,14,1254.1071720742418,optimal,optimal,25682.489187114006,0.0,0.0,14,2183.8584907407408,optimal,optimal,-649.6339466678774,284.79851474476226,2323.4708630250116,0.6479028246009881,14,10767.619701329839,optimal,optimal,-209.62720872939903,14.604036111110304,493.8431827152921,0.650273640697687,14,10716.308098764604,optimal,optimal,57.650431489531144,47.05572251238205,0.0,0.48962799250387584,1415.340378861468,1200.0,10800.0,-801.6107239077453,327.1388474842798,910.2754362385699,25791.15389944483,6,23784.974358050913,0,1.0000803740695119e-07,optimal,optimal,optimal
2025-08-17,ANNUAL REFERENCE ONLY,0.9,1.0,1415.340378861468,14,1415.340378861468,optimal,optimal,47638.492336255076,0.0,0.0,14,9925.273771123278,optimal,optimal,-812.2539234758885,47.51356780687797,3275.376204751653,0.6915579962073286,14,8256.905726139472,optimal,optimal,-74.80963504313038,415.9829479927614,2580.2219892278504,0.687609971666008,14,10489.960267722605,optimal,optimal,426.57458741643427,226.59762516651583,0.0,0.4890451458000555,1252.0808807755975,1252.0808807755975,10702.170530382538,-460.4889711025846,57.323411508143515,189.16725781222272,47367.17062296472,1,35006.51267717962,0,1.0002258932217956e-07,optimal,optimal,optimal
2025-08-18,ANNUAL REFERENCE ONLY,0.9,1.0,1252.0808807755975,14,1252.0808807755975,optimal,optimal,46851.249686037765,0.0,0.0,14,9401.039090184806,optimal,optimal,-204.68053098385357,1.3085666393765223,440.1920879818896,0.6781507460751997,14,7691.699341265053,optimal,optimal,-849.3768945108177,0.0,2667.8652383490953,0.7021593032559368,14,10705.957785175864,optimal,optimal,35.77034021399518,107.63924962919491,81.38075980755923,0.4956374248803409,1218.6874267184503,1218.6874267184503,10800.0,-1018.287085280676,49.657583426934224,337.01907178333846,46169.98167254043,4,36802.7566229514,0,1.0000803740695119e-07,optimal,optimal,optimal
2025-08-19,ANNUAL REFERENCE ONLY,0.9,1.0,1218.6874267184503,14,1218.6874267184503,optimal,optimal,45520.79254845124,0.0,0.0,14,8792.210994660496,optimal,optimal,-673.6069034351539,3.5977837921413993,1722.0332540848653,0.6762293729044987,14,7246.420394290128,optimal,optimal,-44.65655447019602,144.14161102943365,928.0423043549462,0.7092207232563178,14,10718.688898058934,optimal,optimal,41.686730479220536,91.99564243508735,60.985107508836904,0.48853685624552856,1216.567733663479,1200.0,10799.99999994759,-676.5767274261294,358.6424193098357,1137.823875659627,45982.03969668473,6,36242.20739732663,0,1.0000053407566156e-07,optimal,optimal,optimal
2025-08-20,ANNUAL REFERENCE ONLY,0.9,1.0,1216.567733663479,14,1216.567733663479,optimal,optimal,50327.136145037424,0.0,0.0,14,9903.163108703702,optimal,optimal,-453.4800372476827,805.6787712552324,4708.609102295485,0.6574229186077033,14,6912.6580500890095,optimal,optimal,-616.2094608295894,0.0,2012.9447450111072,0.7019358162136711,14,10399.035943496478,optimal,optimal,614.5660381217157,371.0726141845646,39.12007763452118,0.4949869553886707,1205.7245591476274,1205.7245591476274,10765.758871601558,-455.1234599555563,865.5968597172273,2497.622454650951,52369.635139732825,16,39038.358907043315,0,1.0000030670198612e-07,optimal,optimal,optimal
2025-08-21,ANNUAL REFERENCE ONLY,0.9,1.0,1205.7245591476274,14,1205.7245591476274,optimal,optimal,48130.374537911455,0.0,0.0,14,9560.866470185181,optimal,optimal,-997.468621963294,102.01985698730596,4021.3424465825797,0.6557292115046435,14,8061.449215842745,optimal,optimal,-489.87369960577854,0.0,1696.9549127500932,0.701031780265046,14,10764.223825614476,optimal,optimal,35.33779443833115,28.382592545858756,12.151238080434528,0.4890039359765646,1200.0000000519697,1200.0000000519697,10799.157651415331,-1452.0045271307413,18.236304125329028,38.908864922117864,46717.27887570283,3,35328.59371863064,0,1.0000007932831068e-07,optimal,optimal,optimal
2025-08-22,ANNUAL REFERENCE ONLY,0.9,1.0,1200.0000000519697,14,1200.0000000519697,optimal,optimal,24248.893906189456,0.0,0.0,14,2571.4857565740735,optimal,optimal,-195.04482365015144,201.3462365001239,1071.4080819279216,0.6583197393672393,14,10485.020445241269,optimal,optimal,-108.38593488261618,0.0,236.35057156791936,0.6948573172098758,14,10697.488793497712,optimal,optimal,128.42300765262289,100.99261423449684,22.482049062933584,0.4915124480488121,1217.8629612463667,1200.0,10800.0,-175.00775088014476,447.9936644576229,1643.9360854208671,25717.82224073018,9,25905.71575316313,0,1.0000030670198612e-07,optimal,optimal,optimal
2025-08-23,ANNUAL REFERENCE ONLY,0.9,1.0,1217.8629612463667,14,1217.8629612463667,optimal,optimal,23325.787146657225,0.0,0.0,14,3574.7137800925934,optimal,optimal,522.2635728317173,381.641016453536,5.884555246914488,0.6058134901014761,14,10800.0,optimal,optimal,516.5337792470701,377.1464683414605,0.0,0.6601162024122131,14,10636.282780718342,optimal,optimal,-6.935733297687727,0.0,10.781236471972235,0.5029916316476155,1212.1064815854816,1212.1064815854816,10800.0,1031.8616187810997,3.140376209463226,6.706273393987139,24364.35503883231,1,25130.235155116156,0,1.0000007932831068e-07,optimal,optimal,optimal
2025-08-24,ANNUAL REFERENCE ONLY,0.9,1.0,1212.1064815854816,14,1212.1064815854816,optimal,optimal,46606.88004861759,0.0,0.0,14,8518.790363086418,optimal,optimal,-726.958173138374,111.72015273753661,1987.0362472379134,0.5308569644877952,14,6756.781176404672,optimal,optimal,902.3647320769958,896.2731384225717,673.0485793570765,0.6662297406499984,14,10310.840568608452,optimal,optimal,577.448801283771,297.17757032892985,-1.1368683772161603e-13,0.5073888090741119,1214.0905173919737,1212.1064815854816,10409.717693866329,752.8553602223927,18.484185947858357,57.18960594624661,47416.925014786226,3,36850.346205546724,0,1.000010314555766e-07,optimal,optimal,optimal
2025-08-25,ANNUAL REFERENCE ONLY,0.9,1.0,1214.0905173919737,14,1214.0905173919737,optimal,optimal,59837.67995701327,0.0,0.0,14,9505.626055246914,optimal,optimal,-2174.0491932008604,136.06465095029796,5950.321164032521,0.499913215657138,14,7953.91768855117,optimal,optimal,-1697.6382321779677,5.811199444217323,4934.544681808459,0.6300758947746071,14,10477.316670458385,optimal,optimal,360.79470309380775,266.57172844182725,0.0,0.5027275256935653,1231.5410169262555,1214.0905173919737,10534.547014266078,-3510.8927222850207,50.079226526979625,106.06215190470539,56432.84938663296,2,35571.9686700082,0,1.00000761449337e-07,optimal,optimal,optimal
2025-08-26,ANNUAL REFERENCE ONLY,0.9,1.0,1231.5410169262555,14,1231.5410169262555,optimal,optimal,46929.94475587315,0.0,0.0,14,9342.140458024685,optimal,optimal,1575.210958051007,2366.345029893911,0.0,0.5979866448858352,14,6970.027170997402,optimal,optimal,-653.3517977405945,3.7910033431576267,2109.5505252168746,0.6922316638062922,14,10605.883440866553,optimal,optimal,184.5266532935231,162.17223827124758,20.791706319925055,0.5063891595728066,1251.851221555849,1231.5410169262555,10755.677435030864,1106.3858136039357,9.360012563246065e-08,2e-07,48036.330569677084,0,36921.940284193224,0,1.00000761449337e-07,optimal,optimal,optimal
2025-08-27,ANNUAL REFERENCE ONLY,0.9,1.0,1251.851221555849,14,1251.851221555849,optimal,optimal,47334.154818068666,0.0,0.0,14,9861.471902759797,optimal,optimal,4200.273061758009,5164.5141529085195,0.0,0.6062777887328278,14,7561.3622839389145,optimal,optimal,-286.96529382153744,163.97739249989212,1978.6734531475781,0.6933488819564549,14,10553.326742896705,optimal,optimal,285.3715225707667,171.12570507820192,0.0,0.4985681945747256,1267.0901834329147,1251.851221555849,10698.052458315353,4198.679290507238,9.360012563246065e-08,2e-07,51532.8341087759,0,35702.87234654369,0,1.0000803740695119e-07,optimal,optimal,optimal
2025-08-28,ANNUAL REFERENCE ONLY,0.9,1.0,1267.0901834329147,14,1267.0901834329147,optimal,optimal,45462.03341625279,0.0,0.0,14,9751.84215796409,optimal,optimal,4941.183774877791,5624.534928858906,-1.1368683772161603e-13,0.5940174345430578,14,5697.180921861998,optimal,optimal,534.9576485368955,436.4407563511626,163.28990907016953,0.7006368353842833,14,10570.611391617613,optimal,optimal,261.7833190446101,152.3797198912058,0.0,0.5019018731063353,1245.8884275980995,1245.8884275980995,10619.37641722335,5737.924742459296,25.554630287578455,99.80190240757665,51299.76006111966,2,37598.83704026113,0,1.0000803740695119e-07,optimal,optimal,optimal
2025-08-29,ANNUAL REFERENCE ONLY,0.9,1.0,1245.8884275980995,14,1245.8884275980995,optimal,optimal,26278.380347194747,0.0,0.0,14,4760.066535246911,optimal,optimal,-733.3849387842974,0.0,1740.9554205217228,0.6068280399524457,14,10730.733045187528,optimal,optimal,472.5975754267594,383.33335460236924,11.677084572980243,0.699339001927485,14,10643.571880045922,optimal,optimal,4.841000601066447,3.4439586675694636,-2.2737367544323206e-13,0.5021990957497002,1282.2482784436152,1245.8884275980995,10752.667545360953,-255.9463627564716,2.653044824365884e-07,6.999987557927852e-07,26022.433985138272,0,26482.12945768835,0,1.000043994281441e-07,optimal,optimal,optimal
2025-08-30,ANNUAL REFERENCE ONLY,0.9,1.0,1282.2482784436152,14,1282.2482784436152,optimal,optimal,25699.6391607955,0.0,0.0,14,3554.9406819936617,optimal,optimal,-391.3557413753886,127.65767615752623,1441.2592677621424,0.630167851511901,14,10763.128395711736,optimal,optimal,-64.43168043454664,24.420765188064372,251.5245724524284,0.7088846325347387,14,10638.731398148147,optimal,optimal,4.512195728616532,3.2100420649641914,0.0,0.49209123444232894,1200.0000000519697,1200.0000000519697,10800.0,-451.27522608131875,79.91422612382199,169.61724330781448,25417.981178021997,4,25232.20757680234,0,1.0000030670198612e-07,optimal,optimal,optimal
2025-08-31,ANNUAL REFERENCE ONLY,0.9,1.0,1200.0000000519697,14,1200.0000000519697,optimal,optimal,47876.28578535537,0.0,0.0,14,9133.32824074074,optimal,optimal,-158.20861981839056,62.67276802754566,564.7840220254989,0.663126539336752,14,5428.853922222222,optimal,optimal,-441.52580453838243,54.07718193800463,1453.0160313762055,0.7116215683822784,14,10348.74522851636,optimal,optimal,568.7944564335174,311.2905661435434,0.0,0.4881845379014907,1226.8883140252578,1200.0000000519697,10800.0,-30.939967923255494,344.46584129960337,1389.1483323771736,49234.494149809296,9,37857.31071998601,0,1.0000803740695119e-07,optimal,optimal,optimal
2025-09-01,ANNUAL REFERENCE ONLY,0.9,1.0,1226.8883140252578,14,1226.8883140252578,optimal,optimal,53456.26754546753,0.0,0.0,14,9824.78889555555,optimal,optimal,-2949.123044665263,0.0,8546.597528814913,0.6857825686932912,14,7748.979567798475,optimal,optimal,217.399296385257,672.4307178955055,2795.0783660214915,0.7027734359632896,14,10626.632791128806,optimal,optimal,64.91848644645073,45.26678818775035,7.649578049005285e-07,0.4926448635117142,1263.6529423583038,1226.8883140252578,10725.511050670719,-2666.8052618335555,4.677268475210477e-08,1e-07,50789.46228373398,0,32379.4686711867,0,1.0002986527979374e-07,optimal,optimal,optimal
2025-09-02,ANNUAL REFERENCE ONLY,0.9,1.0,1263.6529423583038,14,1263.6529423583038,optimal,optimal,47373.881395599456,0.0,0.0,14,9958.661574074073,optimal,optimal,1205.7372280999982,1260.8449375854912,0.0,0.6467821852969481,14,7627.187423015064,optimal,optimal,-686.6661571512604,50.11867827139713,3024.026394543744,0.6591325437812325,14,10637.907088139384,optimal,optimal,75.95041284948753,52.25085747801046,0.0,0.4946689038145473,1421.3506784116266,1263.6529423583038,10800.0,595.0214837982253,9.360012563246065e-08,2e-07,47968.902879597685,0,32958.97132174109,0,1.00000761449337e-07,optimal,optimal,optimal
2025-09-03,ANNUAL REFERENCE ONLY,0.9,1.0,1421.3506784116266,14,1421.3506784116266,optimal,optimal,50211.95509288677,0.0,0.0,14,9973.114351851851,optimal,optimal,-1106.856103437786,121.70779625373919,4277.9754321888995,0.6330887283931688,14,7830.4320157841885,optimal,optimal,-373.0512128038689,164.74913900761482,2502.375408263117,0.6585883797181437,14,10671.363351491193,optimal,optimal,20.046632792876302,14.72434891630844,0.0,0.5006507811115972,1553.449619629991,1421.3506784116266,10800.0,-1459.8606834487784,9.360012563246065e-08,2e-07,48752.09440963799,0,32201.4589040343,0,1.0001531336456537e-07,optimal,optimal,optimal
2025-09-04,ANNUAL REFERENCE ONLY,0.9,1.0,1553.449619629991,14,1553.449619629991,optimal,optimal,49924.71108662741,0.0,0.0,14,9967.729413333333,optimal,optimal,-971.5656639598614,112.90785692797772,3695.294621181618,0.6470932374180206,14,8639.691097460527,optimal,optimal,-659.1882386312362,11.697648808054623,2350.873858573373,0.6595582772279038,14,10696.603146671312,optimal,optimal,15.87450080815612,11.293352950663568,7.614291803117157e-07,0.49963566447790875,1693.8630206235673,1553.449619629991,10800.0,-1614.8794017829414,4.677268475210477e-08,1e-07,48309.83168494447,0,34196.6566155739,0,1.0000053407566156e-07,optimal,optimal,optimal
2025-09-05,ANNUAL REFERENCE ONLY,0.9,1.0,1693.8630206235673,14,1693.8630206235673,optimal,optimal,24997.398676500754,0.0,0.0,14,6285.144829938268,optimal,optimal,-461.0053819336434,0.0,1039.2174262261783,0.643060192890471,14,10753.31213565956,optimal,optimal,-54.30209181256653,0.0,117.57327603183181,0.6614877220633096,14,10800.0,optimal,optimal,-2.252073203270663,0.0,3.5858184910035606,0.49731762989364126,2008.528479356159,1693.8630206235673,10800.0,-517.5595469494806,1.8220173523712669e-07,8.00012745735512e-07,24479.839130351287,0,23196.261296316574,0,1.0000793690778663e-07,optimal,optimal,optimal
2025-09-06,ANNUAL REFERENCE ONLY,0.9,1.0,2008.528479356159,14,2008.528479356159,optimal,optimal,24457.90553433066,0.0,0.0,14,5970.086744799627,optimal,optimal,-327.49091017485694,0.0,726.6372478395755,0.629681704470789,14,10798.729765283786,optimal,optimal,-248.35690827800943,16.10554625505328,585.0619172555271,0.6401143806251246,14,10800.0,optimal,optimal,-2.3832466974025355,9.319020738720537,13.11147172875593,0.5015551084953167,2010.3578754642913,2008.528479356159,10800.0,-578.2310651502689,1.9707879482137736e-07,9.00023772651548e-07,23879.674470080416,0,23715.99110162235,0,1.0000797601605882e-07,optimal,optimal,optimal
2025-09-07,ANNUAL REFERENCE ONLY,0.9,1.0,2010.3578754642913,14,2010.3578754642913,optimal,optimal,46821.96728765119,0.0,0.0,14,9984.83587037037,optimal,optimal,508.0289362070754,805.8341616383851,482.23520427688845,0.6191595196935172,14,8067.127983797605,optimal,optimal,-708.5242184213139,10.474732872793926,2447.9444386801833,0.5952285741769116,14,10800.0,optimal,optimal,-24.43784987804687,156.22385739605633,191.24742488031586,0.5047063537616997,2016.3825261163202,2010.3578754642913,10800.0,-224.93313209228538,9.360012563246065e-08,2e-07,46597.034155758905,0,33852.504944098415,0,1.0000803740695119e-07,optimal,optimal,optimal
2025-09-08,ANNUAL REFERENCE ONLY,0.9,1.0,2016.3825261163202,14,2016.3825261163202,optimal,optimal,47311.68626618152,0.0,0.0,14,9888.266311666668,optimal,optimal,-1695.3562681452104,0.0,4836.8438465670615,0.5890050815376172,14,8655.089780221935,optimal,optimal,396.3176499133325,839.4608825492885,2383.2335774729445,0.6161005294772953,14,10789.198746075383,optimal,optimal,-17.451222083110082,153.89817623575343,177.82391991463004,0.5044000864482837,2135.5518898068303,2016.3825261163202,10800.0,-1316.489840314988,9.360012563246065e-08,2e-07,45995.19642606653,0,33942.327337545314,0,1.0002258932217956e-07,optimal,optimal,optimal
2025-09-09,ANNUAL REFERENCE ONLY,0.9,1.0,2135.5518898068303,14,2135.5518898068303,optimal,optimal,41004.82402011495,0.0,0.0,14,9981.140277777778,optimal,optimal,270.1314469373088,329.7290627360809,474.5619554029699,0.5832907549539084,14,8779.686509259262,optimal,optimal,125.68705899683043,108.78915367439565,0.0,0.605951522756062,14,10800.0,optimal,optimal,-23.055610297059367,148.06732400633487,181.56506510665469,0.5041177237320598,2229.5323781298785,2135.5518898068303,10800.0,372.76289563707985,9.360012563246065e-08,2e-07,41377.58691595204,0,33605.66603317845,0,1.00000761449337e-07,optimal,optimal,optimal
2025-09-10,ANNUAL REFERENCE ONLY,0.9,1.0,2229.5323781298785,14,2229.5323781298785,optimal,optimal,48321.840542372134,0.0,0.0,14,9910.323185185185,optimal,optimal,-2384.505964171259,0.0,6824.955601509939,0.5988800152636744,14,7804.605003643125,optimal,optimal,1048.0617796175134,1141.6613226283164,1163.5041749640682,0.5945906680289522,14,10800.0,optimal,optimal,-25.443162456170143,151.5916633919772,188.1003015583462,0.49891275148838615,2275.536831846124,2229.5323781298785,10800.0,-1361.8873470099159,9.360012563246065e-08,2e-07,46959.95319556222,0,35905.85799448425,0,1.0000803740695119e-07,optimal,optimal,optimal
2025-09-11,ANNUAL REFERENCE ONLY,0.9,1.0,2275.536831846124,14,2275.536831846124,optimal,optimal,48343.94379436416,0.0,0.0,14,9977.201879814815,optimal,optimal,-3076.500141362756,0.0,9807.996157275003,0.5880415537816107,14,6890.503450113786,optimal,optimal,-500.25450205550504,60.406322183254844,2262.639729365532,0.6259278212838969,14,10800.0,optimal,optimal,-57.35157160334423,100.51579120872145,188.15220763395894,0.49993537315028147,2354.675823587113,2139.2003057407405,10800.0,-3634.1062150216053,9.360012563246065e-08,2e-07,44709.83757954256,0,34942.49389452211,0,1.0000087513617473e-07,optimal,optimal,optimal
2025-09-12,ANNUAL REFERENCE ONLY,0.9,1.0,2354.675823587113,14,2354.675823587113,optimal,optimal,19911.908774666303,0.0,0.0,14,4776.944911944445,optimal,optimal,-94.21227530910332,4.0042527777779355,220.78652778083966,0.6520319708155243,14,10800.0,optimal,optimal,622.1713705644171,486.07013099501825,23.5853166666667,0.6564116385705948,14,10800.0,optimal,optimal,-6.044737513412507,0.0,12.247464276286294,0.5015770938912641,2553.6307954574086,2354.675823587113,10800.0,521.9143577419012,15.595933447926033,96.0163640838635,20529.839496492066,1,24859.80278112487,0,1.00000761449337e-07,optimal,optimal,optimal
2025-09-13,ANNUAL REFERENCE ONLY,0.9,1.0,2553.6307954574086,14,2553.6307954574086,optimal,optimal,19972.486030518165,0.0,0.0,14,5091.101735185183,optimal,optimal,131.63148877167907,109.51676695549043,3.794990684763671e-06,0.6284207535701016,14,10727.242583914329,optimal,optimal,232.34283684748095,189.0526890303201,23.585313807206923,0.6742835971285835,14,10800.0,optimal,optimal,1.0000181898940357e-07,7.962215542558923e-08,7.962155627296648e-08,0.4962766172060653,2611.8050738609118,2527.171261334067,10800.0,363.97432571916187,32.45626563029997,147.92970935588696,20484.390065593212,2,24102.979617820696,0,1.000043994281441e-07,optimal,optimal,optimal
2025-09-14,ANNUAL REFERENCE ONLY,0.9,1.0,2611.8050738609118,14,2611.8050738609118,optimal,optimal,48556.15206908152,0.0,0.0,14,9986.40375925926,optimal,optimal,-1620.5639436312708,319.1581695817255,5493.051303202974,0.5997059312486834,14,8187.598462759649,optimal,optimal,-401.96271906344265,2.6013453378199305,1813.139162411955,0.6705761840013984,14,10800.0,optimal,optimal,9.999636202119292e-08,1.5590327723915328e-07,0.0,0.4999769143926499,2312.436521338512,2116.8701714814797,10800.000000000002,-2022.526662594717,1.4542688540512691e-07,2.9999970956187093e-07,46533.62540678681,0,32579.973215703976,0,1.0000803740695119e-07,optimal,optimal,optimal
2025-09-15,ANNUAL REFERENCE ONLY,0.9,1.0,2312.436521338512,14,2312.436521338512,optimal,optimal,34771.50065061934,0.0,0.0,14,8854.220444102537,optimal,optimal,624.1162002425399,813.5736156100575,636.1375875353561,0.6397064326178523,14,7090.78443,optimal,optimal,-160.15218166048447,65.59445964085546,543.8171052259443,0.6536509014215771,14,10799.999999957698,optimal,optimal,-152.46280748917056,0.0,236.74368689728018,0.5046865898593866,1271.741064861352,1200.0,10800.0,311.5012110928849,3468.4249732622225,15652.76368886941,50735.76555058164,47,36875.62646975533,0,1.0000803740695119e-07,optimal,optimal,optimal
2025-09-16,ANNUAL REFERENCE ONLY,0.9,1.0,1271.741064861352,14,1271.741064861352,optimal,optimal,45536.96248369037,0.0,0.0,14,9268.524421355472,optimal,optimal,-956.1538747761015,233.39547546178628,3813.763933726512,0.6305962899285288,14,7952.406674326028,optimal,optimal,-821.7791037950673,31.413391102518982,3203.6445523999887,0.6633295134036267,14,10692.641908047264,optimal,optimal,195.39742517232585,97.25219027587666,0.0,0.5020586530000306,1200.0000000519697,1200.0,10800.0,-1582.535553398843,743.9977070945683,2493.9067235965886,46448.33365388811,23,36487.307235614324,0,1.0000030670198612e-07,optimal,optimal,optimal
2025-09-17,ANNUAL REFERENCE ONLY,0.9,1.0,1200.0000000519697,14,1200.0000000519697,optimal,optimal,43961.642469728286,0.0,0.0,14,9655.803699814807,optimal,optimal,-554.0563719452846,260.0318185194519,2857.4946317694044,0.6569124032531548,14,6659.793598023212,optimal,optimal,-741.2458784818454,0.0,2261.7841108166576,0.7042296545107055,14,10800.0,optimal,optimal,9.999272404238584e-08,7.320469962219875e-08,7.320661780643379e-08,0.5065692278951262,1466.0638182230305,1200.0000000519697,10800.0,-1295.302250327137,2.3570685927675616e-07,4.999998416977177e-07,42666.34021990115,0,37104.81306280445,0,1.0000030670198612e-07,optimal,optimal,optimal
2025-09-18,ANNUAL REFERENCE ONLY,0.9,1.0,1466.0638182230305,14,1466.0638182230305,optimal,optimal,38673.54392297099,0.0,0.0,14,9658.294307559327,optimal,optimal,3991.180122353303,4973.303021957684,0.0,0.6625954661139571,14,7655.077508352775,optimal,optimal,-480.6234954672552,0.0,1819.9048382896501,0.7085562913375641,14,10800.0,optimal,optimal,1.0000727595761417e-07,7.321465421512977e-08,7.3215090466263e-08,0.504025400438964,1431.566647651784,1200.0,10800.0,3510.5566269860547,213.6272297215806,925.3456202271894,43109.44617018424,5,37591.05882326558,0,1.00000761449337e-07,optimal,optimal,optimal
2025-09-19,ANNUAL REFERENCE ONLY,0.9,1.0,1431.566647651784,14,1431.566647651784,optimal,optimal,18074.16951322763,0.0,0.0,14,3304.1970370370364,optimal,optimal,635.9025142867841,591.1222170288755,0.0,0.6040508381564603,14,10459.442078279568,optimal,optimal,-137.91973573227992,0.0,313.4370915879016,0.6796524299449376,14,10796.957520850281,optimal,optimal,-13.563680848986076,0.0,46.468118658277184,0.507404420116446,1846.1803039861607,1200.0,10800.0,484.41909770551814,83.45405345959841,198.05627510560333,18756.64488603875,6,26616.43803006539,0,1.0000098882301245e-07,optimal,optimal,optimal
2025-09-20,ANNUAL REFERENCE ONLY,0.9,1.0,1846.1803039861607,14,1846.1803039861607,optimal,optimal,18163.649170920788,0.0,0.0,14,3926.5789067568435,optimal,optimal,14.431178768224664,71.88973353337884,137.44518292699792,0.618494856602712,14,10730.328557591745,optimal,optimal,-124.86986233663346,3.322371549074887e-06,266.64964586662734,0.6813228947568293,14,10715.144451538881,optimal,optimal,53.244260722586944,47.95867440239581,0.0,0.5136720437185134,1760.2973115548987,1200.0,10800.0,-57.19442284582185,57.82205390094236,217.762108244814,18324.216856319777,3,27897.340510850394,0,1.00000761449337e-07,optimal,optimal,optimal
2025-09-21,ANNUAL REFERENCE ONLY,0.9,1.0,1760.2973115548987,14,1760.2973115548987,optimal,optimal,43833.94906059857,0.0,0.0,14,9681.519879999996,optimal,optimal,-685.413485885293,2.8638922880771434,1888.1287338799027,0.6346557534713684,14,8125.677658829307,optimal,optimal,-506.4355918068548,191.10424271388416,2934.723932359283,0.671496083884096,14,10779.953018518518,optimal,optimal,-9.525488630039796,35.49352671398051,49.339727213979074,0.5098321209063945,1426.0019453209522,1200.0,10800.0,-1201.3745663221875,16.738510736229216,106.49523735307965,42739.06973162947,2,34285.9910943602,0,1.0000053407566156e-07,optimal,optimal,optimal
2025-09-22,ANNUAL REFERENCE ONLY,0.9,1.0,1426.0019453209522,14,1426.0019453209522,optimal,optimal,47083.118210500914,0.0,0.0,14,9687.83292657406,optimal,optimal,-1862.8833115772875,0.0,6031.089417404454,0.5961856585986904,14,7401.418647922205,optimal,optimal,-955.5355387514437,0.0,3121.543150108985,0.6889689027780561,14,10800.0,optimal,optimal,-21.15056198008536,18.755016166664312,50.643499999996266,0.5062345508562796,1378.5898049493408,1349.6409758333332,10800.0,-2839.569412308817,10.906666902051187,73.52184049999438,44317.070638692094,1,36671.91236224926,0,1.0000124461839732e-07,optimal,optimal,optimal
2025-09-23,ANNUAL REFERENCE ONLY,0.9,1.0,1378.5898049493408,14,1378.5898049493408,optimal,optimal,46419.04246525405,0.0,0.0,14,9851.377266111103,optimal,optimal,-1142.3213963761082,0.0,3408.6325531244984,0.6007918642121185,14,7519.94992175687,optimal,optimal,-662.1392882635125,0.0,2589.02257082361,0.7102688362697962,14,10800.0,optimal,optimal,-21.150561980099916,18.75501616666331,50.64349999999541,0.5065599454064115,1510.728523112871,1199.9999999999998,10800.0,-1825.6112466197205,63.142587915445844,188.94920806299066,44782.380426697324,3,37567.67302801481,0,1.00000761449337e-07,optimal,optimal,optimal
2025-09-24,ANNUAL REFERENCE ONLY,0.9,1.0,1510.728523112871,14,1510.728523112871,optimal,optimal,40034.75557448582,0.0,0.0,14,9569.610170092588,optimal,optimal,259.1486352835556,273.5798873339358,0.0,0.5845800036227553,14,5769.953019720671,optimal,optimal,1271.5326327174255,1415.7510965612682,0.0,0.6814649911595012,14,10500.43032722222,optimal,optimal,435.10139294175974,274.94304465083445,12.065807197973783,0.48410891445068943,1563.9959846322865,1324.1543822222227,10518.889218373757,1965.782660942741,470.25434112464234,1695.1020541383741,43695.64028956694,13,35545.131460329605,0,1.0000803740695119e-07,optimal,optimal,optimal
2025-09-25,ANNUAL REFERENCE ONLY,0.9,1.0,1563.9959846322865,14,1563.9959846322865,optimal,optimal,44808.953422034574,0.0,0.0,14,9664.068998703695,optimal,optimal,254.66603891264745,621.7135685000648,886.6529634197508,0.6106822775604211,14,7609.598567617317,optimal,optimal,-574.62429203665,0.0,2399.949554038497,0.6951975924865397,14,10671.707032265858,optimal,optimal,139.60328035109265,115.46367096072868,13.654999999999403,0.4935107371796599,1381.5589786635537,1381.5589786635537,10794.542730000001,-180.35497277290992,15.371666996657035,103.49743236666197,44732.095881628324,1,34568.025274154264,0,1.0000803740695119e-07,optimal,optimal,optimal
2025-09-26,ANNUAL REFERENCE ONLY,0.9,1.0,1381.5589786635537,14,1381.5589786635537,optimal,optimal,19483.58074863794,0.0,0.0,14,4825.198301312262,optimal,optimal,-489.7517048086891,3.883456568531629e-06,1198.4463801756349,0.5936470483673373,14,10549.759125677623,optimal,optimal,-81.54240228420426,3.883352683718464e-06,178.3755403696182,0.6908282922012393,14,10800.0,optimal,optimal,-8.498193983676936,0.0,13.655007766810625,0.4917545984170671,1564.8093292418744,1381.5589786635537,10800.0,-579.7923010765703,1.4076993147153636e-07,2.999999883788405e-07,18903.78844786137,0,26882.78109650264,0,1.0000803740695119e-07,optimal,optimal,optimal
2025-09-27,ANNUAL REFERENCE ONLY,0.9,1.0,1564.8093292418744,14,1564.8093292418744,optimal,optimal,18260.883655417554,0.0,0.0,14,4102.892342508064,optimal,optimal,905.0918198364516,749.7026001931899,0.0,0.6131489689521806,14,10496.052016873839,optimal,optimal,-89.65786991103127,2.5685949763924865e-06,218.78628109311978,0.6867856362317303,14,10775.948927283729,optimal,optimal,5.1254036887011525,7.990966198408386,3.3223588837400076e-06,0.49981201675419523,1200.0000000519694,1200.0,10800.0,820.5593536141214,194.8882755129399,485.9949801631663,19567.43798919484,6,28166.445504619936,0,1.000043994281441e-07,optimal,optimal,optimal
2025-09-28,ANNUAL REFERENCE ONLY,0.9,1.0,1200.0000000519694,14,1200.0000000519694,optimal,optimal,45976.58631878716,0.0,0.0,14,9845.668753425922,optimal,optimal,1523.2835158237494,1856.9020660645647,92.52226305919937,0.6321563900124563,14,7690.308654218391,optimal,optimal,-926.2346824282946,2.268818239150239,3024.4539816799406,0.7126581472204747,14,10579.262391124737,optimal,optimal,316.92184180914705,206.20899500765333,0.0,0.5,1200.00000005197,1200.0000000519694,10792.259206564375,913.9706752046019,189.0178960751156,790.4213138803811,47680.978307872145,8,36387.57223114457,0,1.0000053407566156e-07,optimal,optimal,optimal
2025-09-29,ANNUAL REFERENCE ONLY,0.9,1.0,1200.00000005197,14,1200.00000005197,optimal,optimal,48619.73980337669,0.0,0.0,14,9695.118990370362,optimal,optimal,-2276.2008443732634,0.0,6983.508363960398,0.6144343877010789,14,6862.246010476507,optimal,optimal,-583.994891444702,0.0,1884.7199820195153,0.719233625917075,14,10720.060193121637,optimal,optimal,74.8849938836785,78.82852683982387,0.0,0.5,1200.0000000519697,1200.0000000519697,10730.943278121636,-2785.310741934287,150.42023731610774,415.1618169464305,46249.59087838883,5,37520.30649459162,0,1.0000803740695119e-07,optimal,optimal,optimal
2025-09-30,ANNUAL REFERENCE ONLY,0.9,1.0,1200.0000000519697,14,1200.0000000519697,optimal,optimal,48456.66651976792,0.0,0.0,14,9764.664970370372,optimal,optimal,-956.1834627260472,0.929190839313037,2450.4201280833813,0.5785224911004776,14,6094.151415070062,optimal,optimal,-327.6439815981221,0.2159905529073285,910.839603912304,0.7006620415934224,14,10729.298148148147,optimal,optimal,74.46737111491815,70.94129305500144,0.0,0.5,1222.0234077019331,1200.0000000519697,10800.0,-1209.3600732092511,16.926450145426994,114.36355972499994,47361.67000628367,1,39644.16291078959,0,1.00000761449337e-07,optimal,optimal,optimal
2025-10-01,ANNUAL REFERENCE ONLY,0.9,1.0,1222.0234077019331,14,1222.0234077019331,optimal,optimal,44612.09487393311,0.0,0.0,14,9837.311421959852,optimal,optimal,-1040.9301079409274,93.78037072321365,3716.4016482670463,0.6042615832452569,14,7517.752163014279,optimal,optimal,-1023.4966964711066,19.43563084389791,3929.6051114232755,0.6756748356135558,14,10776.61759259259,optimal,optimal,10.91368133024222,17.27399397547653,0.0,0.5,1202.9813147455884,1202.9813147455884,10800.0,-2053.513123081792,1.3808669472763078e-07,5.00002576523184e-07,42558.58175135132,0,36440.49557767574,0,1.0000245765695582e-07,optimal,optimal,optimal
2025-10-02,ANNUAL REFERENCE ONLY,0.9,1.0,1202.9813147455884,14,1202.9813147455884,optimal,optimal,49858.22635153122,0.0,0.0,14,9488.698416165818,optimal,optimal,-2632.8533150420053,0.35555054459166513,7236.064624590365,0.5675653477939547,14,7529.8896425809635,optimal,optimal,-1184.9832440737744,0.2159905529073285,4268.331718779483,0.674236325977098,14,10800.0,optimal,optimal,-0.006177829779369148,0.21599055290732333,0.2159905529073285,0.5,1275.0947180388985,1202.9813147455884,10800.0,-3817.8427369455594,1.2330877006587335e-07,3.999982055167492e-07,46040.38361498566,0,34346.42666760844,0,1.0000245765695582e-07,optimal,optimal,optimal
2025-10-03,ANNUAL REFERENCE ONLY,0.9,1.0,1275.0947180388985,14,1275.0947180388985,optimal,optimal,17667.534762022973,0.0,0.0,14,4622.212363672839,optimal,optimal,-24.678495816343307,5.259222946585567,100.84699403396748,0.6140312385817182,14,10482.441218137528,optimal,optimal,129.58083026774804,120.23182867530068,83.75415456372545,0.721302899256523,14,10723.73484061725,optimal,optimal,-7.228588986136708,0.0,11.824946005094903,0.5,1470.0461669915592,1275.0947180388985,10800.0,97.67374546526801,2.41555359474828e-07,1.2000102126923594e-06,17765.20850868825,0,26864.157540395125,0,1.000049660433433e-07,optimal,optimal,optimal
2025-10-04,ANNUAL REFERENCE ONLY,0.9,1.0,1470.0461669915592,14,1470.0461669915592,optimal,optimal,19945.83174316494,0.0,0.0,14,5876.257053641452,optimal,optimal,-321.76728297823576,0.0,1053.3684148087418,0.5931058327415998,14,10800.0,optimal,optimal,-125.02303990621735,0.0,295.06725803389327,0.7237860924086845,14,10800.0,optimal,optimal,-7.0869762919890835,0.0,34.340656215379624,0.5,1609.322135883701,1470.0461669915592,10800.0,-453.87729917644214,1.65048832738867e-07,9.000029145023291e-07,19491.954444888503,0,28125.82221664814,0,1.5196951608231757e-07,optimal,optimal,optimal
2025-10-05,ANNUAL REFERENCE ONLY,0.9,1.0,1609.322135883701,14,1609.322135883701,optimal,optimal,48460.651234587305,0.0,0.0,14,9806.259242129618,optimal,optimal,-2724.0842471520814,0.0,8693.468730727853,0.615012849808885,14,7932.339585815142,optimal,optimal,-683.7472776171352,8.201175637529111,2811.8055270767145,0.7160787742827459,14,10795.361111111111,optimal,optimal,4.441730205056195,4.174999999999727,5.866443342111891,0.5,1505.4579982546184,1505.4579982546184,10800.0,-3403.3897945641606,6.159972212775793e-08,2.0000095358009274e-07,45057.26144022315,0,34622.047975910435,0,1.5196997082966845e-07,optimal,optimal,optimal
2025-10-06,ANNUAL REFERENCE ONLY,0.9,1.0,1505.4579982546184,14,1505.4579982546184,optimal,optimal,41731.02025545601,0.0,0.0,14,9946.739594814813,optimal,optimal,245.3704852309085,351.1750792529376,67.4575409781412,0.6664023081337624,14,6208.96756900841,optimal,optimal,-499.7132604576988,19.47907483302083,1564.7521246904757,0.703363351169106,14,10785.926851851851,optimal,optimal,8.194233819015757,7.910400283383183,6.472356459358958,0.5,1595.5760843460166,1505.4579982546184,10800.0,-246.14854140777456,116.74168421134758,415.93470487069084,41900.806418918924,3,37011.41007227479,0,1.5196951608231757e-07,optimal,optimal,optimal
2025-10-07,ANNUAL REFERENCE ONLY,0.9,1.0,1595.5760843460166,14,1595.5760843460166,optimal,optimal,44438.978408902956,0.0,0.0,14,9837.995570728162,optimal,optimal,-678.9023578447895,22.79820413952251,2500.4973513994296,0.7054307139853566,14,7605.948993128341,optimal,optimal,-314.9483179511135,164.38970786779487,2259.673763113121,0.6870807020300234,14,10800.0,optimal,optimal,-1.492400956264498,0.0,6.980360412811872,0.5,1623.987022757461,1595.5760843460166,10800.0,-995.3430767521676,44.60160520020772,169.9261643473031,43613.56149649809,3,36514.328222909025,0,1.51969743455993e-07,optimal,optimal,optimal
2025-10-08,ANNUAL REFERENCE ONLY,0.9,1.0,1623.987022757461,14,1623.987022757461,optimal,optimal,41264.28636972737,0.0,0.0,14,9921.03224575902,optimal,optimal,-834.0290456625374,0.0,3020.672626838985,0.6856846870882619,14,6115.250839740571,optimal,optimal,-480.3866602696223,0.9887234648091408,1815.274382078815,0.7039747817089401,14,10653.378955331695,optimal,optimal,236.47218124040162,131.95894020147526,0.0,0.5,1785.34981186782,1495.3940494806316,10800.0,-1077.943524691758,4.6827440880355886e-08,9.999999999999998e-08,40186.342845135616,0,38112.28474240724,0,1.0000053407566156e-07,optimal,optimal,optimal
2025-10-09,ANNUAL REFERENCE ONLY,0.9,1.0,1785.34981186782,14,1785.34981186782,optimal,optimal,48230.592003400896,0.0,0.0,14,9673.469538148152,optimal,optimal,-4312.180731348417,0.0,13649.361634397676,0.7076360083793053,14,6181.736280773971,optimal,optimal,-397.76060397484326,46.022334876471064,1987.6595883836283,0.6817761195095178,14,10643.366377690565,optimal,optimal,252.68696349123564,134.81359341182565,9.607157745451467,0.5,1830.4580626165334,1785.34981186782,10800.0,-4457.254371832025,104.97655092628851,427.48224439929504,44200.81987596817,4,36814.30961237697,0,1.00000761449337e-07,optimal,optimal,optimal
2025-10-10,ANNUAL REFERENCE ONLY,0.9,1.0,1830.4580626165334,14,1830.4580626165334,optimal,optimal,17242.50125994767,0.0,0.0,14,4839.0069200666585,optimal,optimal,-276.6656486162982,0.0,651.7054889923268,0.7229791324986041,14,10799.999999999998,optimal,optimal,-9.202051845447237,50.22362448869717,183.29829439984945,0.6251893437062719,14,10199.994558209983,optimal,optimal,277.8410763189051,153.44656427768075,7.22232399945847,0.5,2097.118222147732,1389.2714571036959,10800.0,-8.026624142840319,170.6209368695916,852.3511743308063,18086.825810135633,3,28277.223958131322,0,1.00000761449337e-07,optimal,optimal,optimal
2025-10-11,ANNUAL REFERENCE ONLY,0.9,1.0,2097.118222147732,14,2097.118222147732,optimal,optimal,17791.601690471223,0.0,0.0,14,5798.210845007313,optimal,optimal,-86.92445604175994,15.90018127764688,254.9580053602221,0.7294486736746663,14,10800.0,optimal,optimal,11.851751462895805,63.61026497086851,178.86226693827948,0.6691803681742314,14,10196.165948152211,optimal,optimal,245.09089510990015,135.41731332967623,9.47135675417378,0.5,2153.0974269835797,1919.8772592592532,10800.000000000002,170.018190531036,8.031332321579196,39.19290160078856,18000.812782603047,1,28155.95178988917,0,1.0000098882301245e-07,optimal,optimal,optimal
2025-10-12,ANNUAL REFERENCE ONLY,0.9,1.0,2153.0974269835797,14,2153.0974269835797,optimal,optimal,40720.070045054286,0.0,0.0,14,9946.876133703705,optimal,optimal,-285.6837808263961,177.17357178340296,1493.3159615772859,0.6990063100453638,14,7670.242234032138,optimal,optimal,-287.9066173426188,228.02148269497644,2419.2050043846143,0.6616851296961284,14,10525.409462610869,optimal,optimal,161.97759514794882,109.39627556818813,3.1025187726811107e-07,0.5,1948.4485817936531,1847.288836909413,10797.915930000001,-411.61280302106604,656.6217537467905,2627.4365698166393,42935.893811849855,16,34368.19266173491,0,1.00000761449337e-07,optimal,optimal,optimal
2025-10-13,ANNUAL REFERENCE ONLY,0.9,1.0,1948.4485817936531,14,1948.4485817936531,optimal,optimal,42619.19980735404,0.0,0.0,14,9870.466342949378,optimal,optimal,-1484.4280208748974,42.26356562632341,5140.7949473683875,0.6560808539672203,14,6908.705998442796,optimal,optimal,-320.05793000920744,209.49050589872832,2296.462910458932,0.6592464914403803,14,10434.369410949319,optimal,optimal,292.7563625260802,207.16827331227887,4.547473508864641e-13,0.5,2233.8879687858844,1686.490730575208,10800.0,-1511.7295883580246,349.1442757461698,1250.8357344301269,42358.30595342614,5,36574.07650552865,0,1.0000258043874055e-07,optimal,optimal,optimal
2025-10-14,ANNUAL REFERENCE ONLY,0.9,1.0,2233.8879687858844,14,2233.8879687858844,optimal,optimal,44263.71203479047,0.0,0.0,14,9750.355791291422,optimal,optimal,-2093.940132053483,19.567457144630616,7491.782969713928,0.6356180682518217,14,5157.058256611433,optimal,optimal,636.8955583771815,814.8860284640352,154.54185333928936,0.6289051318304175,14,10722.227799137754,optimal,optimal,-23.96763696825004,0.0,41.52329943226746,0.5,1686.5196824100653,1258.0747799620042,10800.0,-1481.0122106445515,404.27908606066535,1060.6725754249462,43843.37239957087,10,37324.41203166977,0,1.0000258043874055e-07,optimal,optimal,optimal
2025-10-15,ANNUAL REFERENCE ONLY,0.9,1.0,1686.5196824100653,14,1686.5196824100653,optimal,optimal,44614.097905184186,0.0,0.0,14,9532.820373425928,optimal,optimal,-2147.1026018171115,0.0,7084.435523297681,0.6241099840039948,14,6797.306390663495,optimal,optimal,-163.41875900495592,8.754204505147868,531.4789112566615,0.612734340928349,14,10799.99999944117,optimal,optimal,-18.930578539186936,0.0,35.28670400220273,0.5,1254.7866245934483,1200.0,10800.0,-2329.4519393612545,995.5090861005225,4679.329234357477,46963.97520018041,17,37715.88381078406,0,1.0000121619668789e-07,optimal,optimal,optimal
2025-10-16,ANNUAL REFERENCE ONLY,0.9,1.0,1254.7866245934483,14,1254.7866245934483,optimal,optimal,43002.28864866641,0.0,0.0,14,9485.900000740736,optimal,optimal,-183.7619509929799,578.4855522260475,3079.0086785479134,0.6240783348975945,14,6943.562817299787,optimal,optimal,-33.09135384036274,44.48711021769901,338.63967267872397,0.6058262606377399,14,10351.276986099349,optimal,optimal,363.1643896742564,261.2164041772525,0.0,0.5,1234.063542384168,1200.0,10796.368043085577,146.3110848409138,369.74587967101746,1565.5641166444266,44714.163850151745,12,39022.681869638654,0,1.00000761449337e-07,optimal,optimal,optimal
2025-10-17,ANNUAL REFERENCE ONLY,0.9,1.0,1234.063542384168,14,1234.063542384168,optimal,optimal,15382.567861093114,0.0,0.0,14,4907.653792037036,optimal,optimal,928.1772173871241,713.2318117463515,0.0,0.595429986245888,14,9849.536992893862,optimal,optimal,350.2003566920017,264.5682127113365,0.0,0.5953783339604475,14,9901.090536200401,optimal,optimal,-9.577111067954172,0.0,19.404540913693587,0.5,1231.687435179311,1211.1351852372154,10800.0,1268.8004630111716,203.58009005743634,431.3597588634166,17082.728082967704,7,28585.45054760536,0,1.0000258043874055e-07,optimal,optimal,optimal
2025-10-18,ANNUAL REFERENCE ONLY,0.9,1.0,1231.687435179311,14,1231.687435179311,optimal,optimal,18573.953385989338,0.0,0.0,14,5066.76108212963,optimal,optimal,-430.2842978028411,146.53838480242243,1505.5745695687147,0.6162718245639713,14,10382.358397462529,optimal,optimal,-218.67395323040262,0.0,577.595950030489,0.5800187525540095,14,10004.453435185183,optimal,optimal,92.15522388093555,60.286038025714646,0.0,0.5,1661.5635273330477,1231.687435179311,10800.0,-556.8030271523081,1.8958597661116112e-07,3.999997565211743e-07,18017.150359237028,0,28717.336262398443,0,1.00000761449337e-07,optimal,optimal,optimal
2025-10-19,ANNUAL REFERENCE ONLY,0.9,1.0,1661.5635273330477,14,1661.5635273330477,optimal,optimal,48157.313123549764,0.0,0.0,14,9359.277396975313,optimal,optimal,-1305.5286353073611,17.17370748751523,3675.593227836247,0.5959382686137891,14,6717.189664160935,optimal,optimal,-845.9336254171512,14.895554651925977,2729.1401554807685,0.641273597980538,14,10645.148562650074,optimal,optimal,250.32663590878576,137.18962694826814,46.681172536665066,0.5,1303.8341925597892,1199.9999999999998,10645.148562650074,-1901.1356248157267,139.24657241167094,587.4966891044155,46843.67418783846,6,38618.34278470045,0,1.0001531336456537e-07,optimal,optimal,optimal
2025-10-20,ANNUAL REFERENCE ONLY,0.9,1.0,1303.8341925597892,14,1303.8341925597892,optimal,optimal,51678.28299543415,0.0,0.0,14,8631.019813271261,optimal,optimal,-1598.747308663122,0.0,4153.9488153999755,0.6081069385819874,14,7662.120118663381,optimal,optimal,-1209.5723529298714,0.0,3928.011955036127,0.6499756723256045,14,10769.563055476992,optimal,optimal,36.2234966559146,27.393250070706813,57.80080504846764,0.5,1247.0775339776426,1247.0775339776426,10800.0,-2772.0961649370793,2.8824049364988273e-07,6.000001366515791e-07,48906.18683109707,0,35476.1830648795,0,1.00000761449337e-07,optimal,optimal,optimal
2025-10-21,ANNUAL REFERENCE ONLY,0.9,1.0,1247.0775339776426,14,1247.0775339776426,optimal,optimal,50320.465459894855,0.0,0.0,14,8702.930050617284,optimal,optimal,-764.2311316694546,326.9352731079161,3028.6592560587,0.6039133043197872,14,6518.758853107336,optimal,optimal,-1077.1719796053374,3.883942305115397,3077.4332345579232,0.6976568241940679,14,10678.048744166668,optimal,optimal,193.80349208762632,109.75613024999632,54.77667990616134,0.5,1417.8892476262827,1247.0775339776426,10799.78035787037,-1647.5996191871657,2.4094110570320656e-07,5.000000652628842e-07,48672.865841207684,0,39448.80559310492,0,1.0000803740695119e-07,optimal,optimal,optimal
2025-10-22,ANNUAL REFERENCE ONLY,0.9,1.0,1417.8892476262827,14,1417.8892476262827,optimal,optimal,48292.50118011813,0.0,0.0,14,9860.147518518514,optimal,optimal,-1844.2747647428407,3.2979358424511247,4858.519928640149,0.6333220614856504,14,6973.904761097089,optimal,optimal,12.786624828716697,404.19424006703133,1783.0693414276598,0.7184096883531815,14,10622.730544074075,optimal,optimal,290.55704471332433,159.5425103333323,49.46524578939078,0.5,1200.0550884614881,1200.0550884614881,10799.999999999996,-1540.9310952007997,406.2836473066524,1851.0512066376482,48602.62129155498,14,39117.6868861432,0,1.00000761449337e-07,optimal,optimal,optimal
2025-10-23,ANNUAL REFERENCE ONLY,0.9,1.0,1200.0550884614881,14,1200.0550884614881,optimal,optimal,55791.33667124476,0.0,0.0,14,9611.327534413582,optimal,optimal,-4129.632325401618,36.04210690417665,12086.45245800065,0.6232857971048535,14,7700.351787907434,optimal,optimal,-936.9937158420516,7.229241299133378,3380.384129584442,0.7293140175437892,14,10609.761022361028,optimal,optimal,315.02545711620695,170.8159048750747,39.69567522166337,0.5,1351.8223824337697,1200.0550884614881,10736.697728379546,-4751.600584127463,223.13619072528795,1111.6513189110697,52151.38740602837,5,36546.29129797955,0,1.00000761449337e-07,optimal,optimal,optimal
2025-10-24,ANNUAL REFERENCE ONLY,0.9,1.0,1351.8223824337697,14,1351.8223824337697,optimal,optimal,17771.83110698845,0.0,0.0,14,5781.103819822133,optimal,optimal,-79.01837243888333,36.31428922798517,318.67184816259197,0.6597195528603261,14,10136.52499389621,optimal,optimal,-85.90517418948077,0.0,210.44968729263292,0.7400301973414284,14,9731.763611111111,optimal,optimal,321.9618727948993,177.19965549999853,11.87491301841384,0.5,1318.6336369067574,1200.0,10414.13455375713,157.0383261665352,253.96475853320612,1225.832120247336,19154.70155340232,10,29769.245870110775,0,1.0000007932831068e-07,optimal,optimal,optimal
2025-10-25,ANNUAL REFERENCE ONLY,0.9,1.0,1318.6336369067574,14,1318.6336369067574,optimal,optimal,18622.817458027326,0.0,0.0,14,6932.759314629627,optimal,optimal,-307.19666496845167,19.885468742925973,1045.4922388165794,0.6527394262979661,14,10675.362867477304,optimal,optimal,-49.37023644475524,34.193823264228854,261.37861928233076,0.7205918945388222,14,9855.89033573785,optimal,optimal,175.3204488054727,104.4077895026017,8.739078874413167,0.5,1257.3997242628222,1208.1405000575853,10800.0,-181.2464526077342,22.70580201344112,47.10064116640069,18488.671646585994,3,29785.822322271295,0,1.00000761449337e-07,optimal,optimal,optimal
2025-10-26,ANNUAL REFERENCE ONLY,0.9,1.0,1257.3997242628222,14,1257.3997242628222,optimal,optimal,51979.2300375592,0.0,0.0,14,9644.183478889212,optimal,optimal,-3166.5492785758465,52.10373194498413,9227.239574059251,0.6914850993062307,14,7124.606509343506,optimal,optimal,-521.1704701494608,0.0,1735.500389027689,0.6585080158449913,14,10586.764854979778,optimal,optimal,323.9677370934252,173.5557971848673,33.28668919649719,0.5,1271.8165211988014,1257.3997242628222,10675.31877090083,-3363.7520116318824,343.6749899479336,1691.3216729287155,50306.79969885603,7,37704.14591608145,0,1.0001531336456537e-07,optimal,optimal,optimal
2025-10-27,ANNUAL REFERENCE ONLY,0.9,1.0,1271.8165211988014,14,1271.8165211988014,optimal,optimal,47504.601919736844,0.0,0.0,14,9710.207624537037,optimal,optimal,-173.4370393367724,52.856914900375045,637.8892540562659,0.6855013025672245,14,7033.277451322443,optimal,optimal,-692.571572681948,3.488962271136643,2211.1559546442595,0.6656010325838919,14,10633.451321307542,optimal,optimal,233.76033760192783,131.53797748987915,53.4741096065369,0.5,1268.9913412713777,1268.9913412713777,10673.502473149634,-632.2482744167926,19.744933475527436,92.48526803333928,46964.83891335339,1,38099.096651852204,0,1.0000030670198612e-07,optimal,optimal,optimal
2025-10-28,ANNUAL REFERENCE ONLY,0.9,1.0,1268.9913412713777,14,1268.9913412713777,optimal,optimal,47398.44815244507,0.0,0.0,14,9766.554907222215,optimal,optimal,-455.9486827811786,91.80932788142638,1417.9264556496048,0.6581267460430973,14,6476.89963049485,optimal,optimal,-279.55820450117693,0.0,789.9227116173919,0.6537784065972004,14,10627.070671640664,optimal,optimal,248.06142068226387,137.28056219006896,47.346054422839586,0.5,1214.366727494168,1214.366727494168,10689.74756256172,-487.4454666000917,372.14369406504954,1669.719929151132,48580.72261499611,14,38903.05997624309,0,1.0000030670198612e-07,optimal,optimal,optimal
2025-10-29,ANNUAL REFERENCE ONLY,0.9,1.0,1214.366727494168,14,1214.366727494168,optimal,optimal,52814.174030504386,0.0,0.0,14,7341.344522530864,optimal,optimal,630.3057379945742,1331.4265696670286,3225.0383494287717,0.6626436549441066,14,7047.001590523006,optimal,optimal,-1031.6843910648463,1.3963182911980994,3052.7503338040065,0.6250178719797282,14,10593.431804019292,optimal,optimal,308.41833708589104,167.55554304930564,44.02714588755842,0.5,1205.83452537027,1205.83452537027,10654.708499019293,-92.96031598438105,173.68106802524645,684.2245415780817,53405.43825609809,6,35874.38052883789,0,1.0000030670198612e-07,optimal,optimal,optimal
2025-10-30,ANNUAL REFERENCE ONLY,0.9,1.0,1205.83452537027,14,1205.83452537027,optimal,optimal,46835.96928755622,0.0,0.0,14,9918.751601851847,optimal,optimal,-928.1438753799023,119.22521168668743,3094.943088723653,0.6859141030998875,14,7291.17911284588,optimal,optimal,-435.5440334776075,0.0,1590.6065746991574,0.6005136020708411,14,10591.002424859244,optimal,optimal,311.9668158651503,169.74198429334785,41.7623787700413,0.5,1215.2430866453897,1205.83452537027,10799.999999999996,-1051.7210929923594,461.3599769213783,1958.9993539840452,47743.2475485479,14,39464.16083132329,0,1.0000181009672815e-07,optimal,optimal,optimal
2025-10-31,ANNUAL REFERENCE ONLY,0.9,1.0,1215.2430866453897,14,1215.2430866453897,optimal,optimal,20426.00128710377,0.0,0.0,14,6908.731244166669,optimal,optimal,-771.0806275878176,0.0,2267.772694182853,0.6507488524084334,14,9993.13894231482,optimal,optimal,-198.43103654694917,0.0,509.91758858005255,0.6198523595818243,14,10004.809667950136,optimal,optimal,98.69428458284531,71.93527939513893,32.81243980164923,0.5,1234.7073864983279,1215.2430866453897,10800.0,-870.8173795519215,1.4219271929254358e-07,2.999999826125532e-07,19555.183907851846,0,31151.23075346037,0,1.00000761449337e-07,optimal,optimal,optimal
2025-11-01,ANNUAL REFERENCE ONLY,0.9,1.0,1234.7073864983279,14,1234.7073864983279,optimal,optimal,18207.149917787407,0.0,0.0,14,5621.911563796292,optimal,optimal,-29.60255113102248,156.87899723319254,512.9683221608,0.6410246185903478,14,9874.380135166506,optimal,optimal,-83.24895409628057,0.0,215.53380869077859,0.6317449824394097,14,9786.479326883453,optimal,optimal,199.81023498398116,129.13126413822602,30.351936268761417,0.5,1266.9511260645359,1234.7073864983279,10695.839863489697,86.95872975667811,2.414923769667302e-07,1.200007591301255e-06,18294.108648744095,0,30359.09004631223,0,1.0000858901548782e-07,optimal,optimal,optimal
2025-11-02,ANNUAL REFERENCE ONLY,0.9,1.0,1266.9511260645359,14,1266.9511260645359,optimal,optimal,47583.10916262092,0.0,0.0,14,9737.187424907406,optimal,optimal,1567.0392734626073,2083.4569417009006,130.2706022791599,0.5994814303277578,14,6413.6103529632455,optimal,optimal,-702.7384715513188,0.0,1822.623840887915,0.6503119814650782,14,10683.595461256617,optimal,optimal,81.1143741094594,64.57035190822722,0.0,0.5,1249.0343186868004,1200.0,10745.511405942872,945.4151760207479,24.922414069385177,164.02124640227612,48692.54558504395,3,42188.70824911396,0,1.0000096040130302e-07,optimal,optimal,optimal
2025-11-03,ANNUAL REFERENCE ONLY,0.9,1.0,1249.0343186868004,14,1249.0343186868004,optimal,optimal,50467.3984092225,0.0,0.0,14,9517.618361042907,optimal,optimal,-730.0197158703168,57.469669683543714,2339.5222639589624,0.5896482199902451,14,7051.866485038852,optimal,optimal,-634.4276846544242,0.0,1804.5852408859473,0.6739523527996194,14,10591.06795477845,optimal,optimal,253.4974283902292,140.7154795650232,1.0345641378992494,0.5,1200.8527778817781,1200.8527778817781,10754.525254357857,-1110.9499721345117,11.925057972155164,25.46596205137871,49381.914399139365,1,37191.515994488625,0,1.0000374550145351e-07,optimal,optimal,optimal
2025-11-04,ANNUAL REFERENCE ONLY,0.9,1.0,1200.8527778817781,14,1200.8527778817781,optimal,optimal,46609.18671093432,0.0,0.0,14,9849.855806759258,optimal,optimal,704.7038869611923,1052.4978007114767,384.79516735853895,0.6281012898687836,14,7226.723680010797,optimal,optimal,-531.7265286460905,0.0,1608.4038589511647,0.673179015848715,14,10493.36404363367,optimal,optimal,420.54536006537734,229.18824024999947,10.863124017664813,0.5,1224.8721164951326,1200.8527778817781,10751.130593796295,593.5227183804791,321.73606872488966,1759.6967079014585,48962.40613721626,10,37480.83326110017,0,1.0000053407566156e-07,optimal,optimal,optimal
2025-11-05,ANNUAL REFERENCE ONLY,0.9,1.0,1224.8721164951326,14,1224.8721164951326,optimal,optimal,52353.68834806981,0.0,0.0,14,9568.40725450617,optimal,optimal,-1799.0449288578097,0.0,5179.773739328166,0.5920785111541341,14,6153.015277153354,optimal,optimal,-288.15485548840735,1.4042873372899294,851.0504139138885,0.6676410491382238,14,10438.880441576415,optimal,optimal,530.4818029539193,289.7168300051335,5.053072480611479,0.5,1295.8590653283009,1224.8721164951326,10485.228589724564,-1556.717981392298,206.98477366655118,891.620789821118,51688.59115649863,8,38663.191855489335,0,1.0000928796216613e-07,optimal,optimal,optimal
2025-11-06,ANNUAL REFERENCE ONLY,0.9,1.0,1295.8590653283009,14,1295.8590653283009,optimal,optimal,48429.35525496995,0.0,0.0,14,9663.46219262801,optimal,optimal,495.3729256272775,751.4276198201384,194.7798028894656,0.6056448768441841,14,5703.610712142625,optimal,optimal,58.59517767993307,117.45280439494829,248.14146065619255,0.6730696154480342,14,10720.630246270284,optimal,optimal,13.302250731768401,11.299458486787785,13.535566947627773,0.5,1250.1101852891852,1204.7402831370462,10792.170568373063,567.2703540389789,178.86998738881832,687.6334766372768,49684.259085646205,5,40798.239898147345,0,1.0001531336456537e-07,optimal,optimal,optimal
2025-11-07,ANNUAL REFERENCE ONLY,0.9,1.0,1250.1101852891852,14,1250.1101852891852,optimal,optimal,18491.26669159552,0.0,0.0,14,7142.981910211396,optimal,optimal,-71.0314087162213,0.0,224.42288415285714,0.5944304297866826,14,8365.831645211396,optimal,optimal,96.12422369878293,75.19155541864255,-5.684341886080802e-14,0.644245306882481,14,9937.829419877178,optimal,optimal,333.22206075737466,187.62210495919567,3.432900598233747,0.5,1206.66076127489,1206.66076127489,10720.045748254186,358.31487573993627,4.0192988528548727e-07,1.3999978168229063e-06,18849.58156873545,0,32799.573082673276,0,1.0000245765695582e-07,optimal,optimal,optimal
2025-11-08,ANNUAL REFERENCE ONLY,0.9,1.0,1206.66076127489,14,1206.66076127489,optimal,optimal,18752.850986330115,0.0,0.0,14,7020.073040007112,optimal,optimal,-153.49831423161672,0.0,434.1722463577855,0.5360200940336662,14,9388.478847229335,optimal,optimal,37.79660876209257,38.22528042614084,14.501272985765524,0.6511079275741689,14,9946.97860939062,optimal,optimal,19.818930936402616,16.15877667416827,0.0,0.5,1275.7266774283682,1206.66076127489,10728.491649709333,-95.88277453312153,1.7389584109741458e-07,5.00003214129174e-07,18656.968212296997,0,31419.285045898883,0,1.0000357178796548e-07,optimal,optimal,optimal
2025-11-09,ANNUAL REFERENCE ONLY,0.9,1.0,1275.7266774283682,14,1275.7266774283682,optimal,optimal,50308.94013628391,0.0,0.0,14,9796.224028425926,optimal,optimal,-634.5219281384642,-2.2737367544323206e-13,1735.643682994724,0.5716560774920459,14,6490.955223698476,optimal,optimal,-243.5952596410724,35.76843980947751,872.0657162511612,0.6369604007475251,14,10438.113746770205,optimal,optimal,535.440317143056,292.11025932681304,0.0,0.5,1247.8385879111001,1247.8385879111001,10719.833408055556,-342.67687063648066,488.4581454348875,2084.383090716294,52050.64635636372,15,39130.986165246366,0,1.0000803740695119e-07,optimal,optimal,optimal
2025-11-10,ANNUAL REFERENCE ONLY,0.9,1.0,1247.8385879111001,14,1247.8385879111001,optimal,optimal,50980.91579583485,0.0,0.0,14,9746.660183981481,optimal,optimal,927.2594107365795,1351.1018053061237,440.69573882374993,0.5784313471023356,14,5735.628572529604,optimal,optimal,-621.6744758263965,0.0,1649.5373923798938,0.603119091167064,14,10575.233821856262,optimal,optimal,258.0709300344635,151.12716866269693,95.24637896582972,0.5,1246.0876198011754,1200.0,10670.806628425926,563.6558649446465,100.01501534693587,317.82040816344926,51862.39206894294,2,41271.491576585715,0,1.0000007932831068e-07,optimal,optimal,optimal
2025-11-11,ANNUAL REFERENCE ONLY,0.9,1.0,1246.0876198011754,14,1246.0876198011754,optimal,optimal,52591.503149436634,0.0,0.0,14,10783.494757222225,optimal,optimal,-918.5370103939068,0.9248683079233615,2504.523697119357,0.56544249425727,14,7863.918843901172,optimal,optimal,-623.4819839919519,0.0,1985.122127427967,0.6095260124372635,14,10570.520019585761,optimal,optimal,315.74098749766864,179.71868996165801,8.952063378981418e-06,0.5,1201.395344996973,1201.395344996973,10783.494757222225,-1226.27800688819,50.99235846237659,107.70026388767343,51472.925406436116,2,36119.222802070784,0,1.0000245765695582e-07,optimal,optimal,optimal
2025-11-12,ANNUAL REFERENCE ONLY,0.9,1.0,1201.395344996973,14,1201.395344996973,optimal,optimal,49707.26475133552,0.0,0.0,14,9727.073788796297,optimal,optimal,1405.0311968427477,1828.570696612855,197.36453796267483,0.5890809995151818,14,7162.918276133916,optimal,optimal,-797.024120344068,0.0,2414.476065553,0.6583960570675689,14,10618.908965960161,optimal,optimal,266.80159115805435,162.98193063585381,139.21687836012165,0.5,1214.9070762165766,1201.395344996973,10668.16764727876,874.8086676567341,2.0269174137336896e-07,4.999986279519362e-07,50582.07341949225,0,40701.156621105176,0,1.00000761449337e-07,optimal,optimal,optimal
2025-11-13,ANNUAL REFERENCE ONLY,0.9,1.0,1214.9070762165766,14,1214.9070762165766,optimal,optimal,48280.61252804401,0.0,0.0,14,9784.001975555553,optimal,optimal,286.5940120252264,411.1087848358645,40.04649168741139,0.5225003258566686,14,7823.445087003242,optimal,optimal,92.12614970412612,206.54381646408945,479.2086767571898,0.6788667019721996,14,10546.884661284903,optimal,optimal,390.418357566082,227.80380484358614,147.59213661725477,0.5,1232.4165621808468,1200.0,10585.490702601777,769.1385192954345,1368.8599055484997,5311.072944720341,54360.823992059784,18,37196.93407469298,0,1.0000809425037005e-07,optimal,optimal,optimal
2025-11-14,ANNUAL REFERENCE ONLY,0.9,1.0,1232.4165621808468,14,1232.4165621808468,optimal,optimal,19330.19256776419,0.0,0.0,14,6871.594861573275,optimal,optimal,-254.97049556856913,0.0,666.6346229388377,0.5631412446455989,14,8098.5667849066085,optimal,optimal,52.1651527766218,93.3579090459907,58.07619663977007,0.713943163078806,14,9950.546940914046,optimal,optimal,348.7089966083933,224.44034041209505,1.851832047350399e-05,0.5,1256.1545826962779,1232.4165621808468,10707.254226526044,145.90365381644597,1.5527932782259535e-07,5.999881446361541e-07,19476.096222180622,0,31876.21979282926,0,1.00000761449337e-07,optimal,optimal,optimal
2025-11-15,ANNUAL REFERENCE ONLY,0.9,1.0,1256.1545826962779,14,1256.1545826962779,optimal,optimal,20517.309116472847,0.0,0.0,14,8233.703699352958,optimal,optimal,-368.4628702659655,0.0,1263.1062784754195,0.5644223062205483,14,8852.024415834438,optimal,optimal,-193.6059441666374,0.0,520.7236783083933,0.7219302716104341,14,9879.00040020024,optimal,optimal,239.4492014455338,219.45153816746733,9.32902649999869,0.5,1277.014352837011,1246.5823055555568,10683.724064181495,-322.61961298706916,1.883154803195612e-07,3.999999218436187e-07,20194.689503885777,0,33013.21128642688,0,1.000043994281441e-07,optimal,optimal,optimal
2025-11-16,ANNUAL REFERENCE ONLY,0.9,1.0,1277.014352837011,14,1277.014352837011,optimal,optimal,50430.81764654064,0.0,0.0,14,9791.082775740739,optimal,optimal,2087.0628614811276,2669.323570402059,282.5528126908065,0.5754778662058917,14,7021.194407816271,optimal,optimal,-250.26987436958814,0.8511531198114426,670.3859984995547,0.7299085137389502,14,10481.877808998595,optimal,optimal,338.71032507264243,259.7127792964531,0.0,0.5,1200.0000000519697,1200.0000000519697,10733.213534999997,2175.5033121841816,95.4870952599291,203.02764009141103,52809.348598816236,3,41000.00920343575,0,1.0000793690778663e-07,optimal,optimal,optimal
2025-11-17,ANNUAL REFERENCE ONLY,0.9,1.0,1200.0000000519697,14,1200.0000000519697,optimal,optimal,48601.49973729677,0.0,0.0,14,9956.720142407403,optimal,optimal,3800.8792951619166,4729.299612351711,13.567199974416894,0.5762013447116232,14,6806.581610244046,optimal,optimal,-190.18367093135822,0.0,545.0839814307608,0.7187183987348076,14,10597.070649485324,optimal,optimal,183.52304483594634,157.12138497853906,0.0,0.5,1250.4035642998704,1200.0000000519697,10796.962734999996,3794.2186690665044,1.387181023947125e-07,4.999947478201648e-07,52395.71840686327,0,40593.485974138326,0,1.0001531336456537e-07,optimal,optimal,optimal
2025-11-18,ANNUAL REFERENCE ONLY,0.9,1.0,1250.4035642998704,14,1250.4035642998704,optimal,optimal,51231.461664328715,0.0,0.0,14,9502.427778775198,optimal,optimal,-7.037035598384045,185.30346688417626,763.4877469152101,0.5795089002903506,14,4626.179409612217,optimal,optimal,921.9281454161235,1135.5790765988434,8.392922515163946,0.6973608707522304,14,10572.286126568646,optimal,optimal,221.50003491293606,170.94858197239424,0.0,0.5,1231.7739686745747,1231.7739686745747,10690.759477479369,1136.3911447306755,59.76095948579222,126.60359328924046,52494.45640234863,1,42821.97363508458,0,1.0001531336456537e-07,optimal,optimal,optimal
2025-11-19,ANNUAL REFERENCE ONLY,0.9,1.0,1231.7739686745747,14,1231.7739686745747,optimal,optimal,50532.517846220566,0.0,0.0,14,9480.324837471762,optimal,optimal,3297.4031857470527,3743.1256945984537,152.419622750035,0.5547178464017956,14,7097.955988147516,optimal,optimal,-373.11889732983474,49.904048355644136,1191.9187436038228,0.6938958369563653,14,10584.333457528091,optimal,optimal,164.91504319926312,133.37273687937935,0.0,0.5,1200.0000000519697,1200.0000000519697,10682.199568826802,3089.199331616481,58.56237417581202,128.50447963424233,53750.22165747129,3,41926.79362806263,0,1.00000761449337e-07,optimal,optimal,optimal
2025-11-20,ANNUAL REFERENCE ONLY,0.9,1.0,1200.0000000519697,14,1200.0000000519697,optimal,optimal,50637.168228573326,0.0,0.0,14,9775.056792962958,optimal,optimal,709.6179161651365,1039.0630266458825,77.14260454108535,0.5666547547120749,14,6872.1308820450895,optimal,optimal,318.62949161839714,396.63357950507736,43.196186841936424,0.689654782987584,14,10611.188764443632,optimal,optimal,184.44113628994018,138.71500678515048,0.0,0.5,1204.6925926965928,1200.0000000519697,10707.44773778157,1212.6885440734738,68.61178710328385,145.92017089929325,51995.776943546094,2,41957.03132283501,0,1.0002258932217956e-07,optimal,optimal,optimal
2025-11-21,ANNUAL REFERENCE ONLY,0.9,1.0,1204.6925926965928,14,1204.6925926965928,optimal,optimal,19508.220290647965,0.0,0.0,14,7012.551783734565,optimal,optimal,161.34797190610072,216.0860103820728,155.2903302478594,0.5454508869813367,14,7792.880265421126,optimal,optimal,-26.299185340379,4.7288394943529966,88.84431859402035,0.6931012819685736,14,10060.076074776625,optimal,optimal,238.96279251311003,198.84837886770322,0.0,0.5,1226.0343108250072,1204.6925926965928,10634.32330843411,374.01157907883174,23.36388672426671,49.53219766783633,19931.764067394633,2,33283.34531488772,0,1.0000858901548782e-07,optimal,optimal,optimal
2025-11-22,ANNUAL REFERENCE ONLY,0.9,1.0,1226.0343108250072,14,1226.0343108250072,optimal,optimal,21389.62627929003,0.0,0.0,14,9412.023893858024,optimal,optimal,-503.2992678667114,12.615819655340886,2017.528764975904,0.5756722183957265,14,8692.22898737654,optimal,optimal,-75.81086461442543,11.751063359211287,261.4549243002093,0.6672304762239792,14,9797.447137406909,optimal,optimal,547.3963865676943,357.21735275740275,0.0,0.5,1237.541009047824,1226.0343108250072,10611.53206915145,-31.713745913442494,3.247124521061871e-07,1.3000053522138843e-06,21357.912534676594,0,33520.33701745095,0,1.0000512520491611e-07,optimal,optimal,optimal
2025-11-23,ANNUAL REFERENCE ONLY,0.9,1.0,1237.541009047824,14,1237.541009047824,optimal,optimal,51319.42175666239,0.0,0.0,14,9814.484149074082,optimal,optimal,2044.942962243425,2395.551458373385,29.775470346771385,0.5628043563649002,14,6614.3675608139965,optimal,optimal,-292.39145977475056,0.0,786.0577916576643,0.6811739361076712,14,10676.277099700264,optimal,optimal,97.06159858777315,80.33755893642845,0.0,0.5,1237.6162281507534,1237.541009047824,10754.304428201285,1849.6131010564477,2.181392777218952e-07,5.99999060416667e-07,53169.03485831884,0,41749.83283095407,0,1.0000803740695119e-07,optimal,optimal,optimal
2025-11-24,ANNUAL REFERENCE ONLY,0.9,1.0,1237.6162281507534,14,1237.6162281507534,optimal,optimal,50447.76212174892,0.0,0.0,14,9786.205442242754,optimal,optimal,689.2258188926635,1009.0972202067583,99.57237988591125,0.5704536516586654,14,6535.679699155224,optimal,optimal,196.58187869605098,252.60975679427685,25.75821181973879,0.6944796938643858,14,10635.291239564553,optimal,optimal,146.93191441970262,114.69638686515327,0.0,0.5,1200.00000005197,1200.00000005197,10717.420769691305,1032.7396120084172,131.3336065760503,327.8418440133563,51808.34357777069,5,40985.02154211275,0,1.0001531336456537e-07,optimal,optimal,optimal
2025-11-25,ANNUAL REFERENCE ONLY,0.9,1.0,1200.00000005197,14,1200.00000005197,optimal,optimal,58570.19879451706,0.0,0.0,14,10017.996245349072,optimal,optimal,-1035.438077874941,6.439166666666779,2589.0519641348874,0.5763086702412551,14,7099.667071206296,optimal,optimal,-1267.3985508747144,0.0,3255.0457861029136,0.717740743423785,14,10650.99738710021,optimal,optimal,164.6128472178309,125.19068494314693,0.0,0.5,1221.6945448441143,1200.00000005197,10716.180400740901,-2138.223781531825,2.15568168126311e-07,8.000026314339265e-07,56431.975013785246,0,39246.11929949543,0,1.0001531336456537e-07,optimal,optimal,optimal
2025-11-26,ANNUAL REFERENCE ONLY,0.9,1.0,1221.6945448441143,14,1221.6945448441143,optimal,optimal,54652.725866613786,0.0,0.0,14,9266.912659646012,optimal,optimal,1372.4429647095296,1282.2091929034589,150.4460817797691,0.6340134390522131,14,6612.27421558706,optimal,optimal,-828.7806170650518,0.0,2048.800245780616,0.7410057820406697,14,10668.875878584351,optimal,optimal,134.33428100256737,109.10004260741958,0.0,0.5,1200.0000000519697,1200.0000000519697,10716.214399195467,677.9966286470451,0.35488460659166504,0.7587436965100809,55331.48123895734,1,41473.365485062546,0,1.0000181009672815e-07,optimal,optimal,optimal
2025-11-27,ANNUAL REFERENCE ONLY,0.9,1.0,1200.0000000519697,14,1200.0000000519697,optimal,optimal,53172.98862184793,0.0,0.0,14,9777.075810185188,optimal,optimal,1139.2385713379472,1625.3432446534957,53.70408525358221,0.6554728666658158,14,7412.225142162758,optimal,optimal,-604.444299083,0.0,1588.1887644933327,0.740533622654681,14,10654.911089611696,optimal,optimal,158.495133695792,121.66835268280843,0.0,0.5,1257.6650288170479,1200.0000000519697,10738.41153240741,693.2894059507391,2.569107858774109e-07,1.3000094331668154e-06,53866.27802909868,0,41063.12923660392,0,1.0000797601605882e-07,optimal,optimal,optimal
2025-11-28,ANNUAL REFERENCE ONLY,0.9,1.0,1257.6650288170479,14,1257.6650288170479,optimal,optimal,19742.007926239134,0.0,0.0,14,8083.4614521444455,optimal,optimal,694.0467840340635,1105.2474195138172,69.28825327069592,0.6224258006104395,14,6893.544546500886,optimal,optimal,-318.96361678071554,5.209969132755418,1263.9496074742958,0.7137057759730643,14,9670.25725925926,optimal,optimal,416.1580753061118,243.7447202272365,0.6416975339111559,0.5,1313.4426250141014,1200.0,10508.239160673875,791.2412425594598,263.4909421716258,1237.2250765833494,21770.47424538194,13,33815.84749688498,0,1.000043994281441e-07,optimal,optimal,optimal
2025-11-29,ANNUAL REFERENCE ONLY,0.9,1.0,1313.4426250141014,14,1313.4426250141014,optimal,optimal,24830.35962394511,0.0,0.0,14,10262.986097962963,optimal,optimal,-1144.132702846721,0.0,4385.387758883889,0.6261367661118301,14,7757.649900545196,optimal,optimal,-418.5779519841788,175.0971038927875,2749.1649063312,0.7046256168568605,14,9941.618974830311,optimal,optimal,211.99069262438402,157.74288923509943,0.0,0.5,1200.0000000519697,1200.0000000519697,10794.531885,-1350.7199622065157,134.46479858427074,374.14194788232805,23853.78160962092,5,32838.768754862394,0,1.000043994281441e-07,optimal,optimal,optimal
2025-11-30,ANNUAL REFERENCE ONLY,0.9,1.0,1200.0000000519697,14,1200.0000000519697,optimal,optimal,54826.123109033506,0.0,0.0,14,9208.528295462964,optimal,optimal,3185.0057657698267,2991.887455289071,306.94281822170296,0.647150766950558,14,6932.320712597429,optimal,optimal,-406.4467009623995,0.0,1261.0330432023766,0.6826902121732598,14,10686.50429984352,optimal,optimal,138.0355152672447,93.23446347416764,0.0,0.5,1240.063410647749,1200.0000000519697,10800.0,2916.5945800746717,2.3566428639290636e-07,4.999997981172783e-07,57742.71768960817,0,41344.54701837346,0,1.0000803740695119e-07,optimal,optimal,optimal
2025-12-01,ANNUAL REFERENCE ONLY,0.9,1.0,1240.063410647749,14,1240.063410647749,optimal,optimal,57533.838501700135,0.0,0.0,14,8897.647848188188,optimal,optimal,252.975254975826,437.1006852278132,292.8285449935572,0.6480937728237002,14,6346.758732371087,optimal,optimal,-657.1613051998579,-1.1368683772161603e-13,1871.9081773739094,0.6837976880765383,14,10530.083045819614,optimal,optimal,409.2352884994827,232.92831209568286,0.0,0.5,1200.0000000519697,1200.0,10579.888768119059,5.0492382754508185,4458.688171286566,16103.895887756682,73642.78362773226,51,41989.82591355106,0,1.0001531336456537e-07,optimal,optimal,optimal
2025-12-02,ANNUAL REFERENCE ONLY,0.9,1.0,1200.0000000519697,14,1200.0000000519697,optimal,optimal,60498.62250594425,0.0,0.0,14,7735.550911616596,optimal,optimal,3433.748878111378,2863.8713505407377,867.3726423775104,0.6373469217235631,14,6402.874235781145,optimal,optimal,-148.8880248803842,1.53635011418487,450.0943340208738,0.698151824277246,14,10580.761836508815,optimal,optimal,366.2201226672907,197.3143471420674,22.7681494107426,0.5,1243.0689450366513,1199.9999999999998,10698.203732743672,3651.080975898284,1099.6812656013462,4985.731846475865,69135.4353283184,23,40876.200316939605,0,1.000017846308765e-07,optimal,optimal,optimal
2025-12-03,ANNUAL REFERENCE ONLY,0.9,1.0,1243.0689450366513,14,1243.0689450366513,optimal,optimal,54065.6020147822,0.0,0.0,14,8904.633829043207,optimal,optimal,5740.290904345266,5657.680130275715,0.0,0.6011636494476029,14,6392.612011268283,optimal,optimal,2586.6597837870495,2590.890989181748,53.88005946249996,0.6828126305031081,14,10365.195733462962,optimal,optimal,630.689147409633,347.2665648833328,0.0,0.5,1207.2991476208963,1200.0000000524478,10388.676469912938,8957.63983554195,747.9723539787936,2417.53048304553,65440.77233336968,17,42081.80812882946,0,1.0000314887292916e-07,optimal,optimal,optimal
2025-12-04,ANNUAL REFERENCE ONLY,0.9,1.0,1207.2991476208963,14,1207.2991476208963,optimal,optimal,63737.26534898527,0.0,0.0,14,7711.2005906644445,optimal,optimal,2465.4976041326577,3476.2031358542763,6012.689861930937,0.6469914132980007,14,6425.715566773519,optimal,optimal,-634.2992025382707,0.0,1766.8809595439595,0.6829347665238384,14,10466.916302207204,optimal,optimal,568.4410210979395,299.775328013516,10.974670895022522,0.5,1201.0030212079853,1200.0,10591.446890582198,2399.6394226923267,2574.761040481358,9982.626234786894,76119.53100646449,28,38997.68552402146,0,1.0000405836763093e-07,optimal,optimal,optimal
2025-12-05,ANNUAL REFERENCE ONLY,0.9,1.0,1201.0030212079853,14,1201.0030212079853,optimal,optimal,26711.848544412944,0.0,0.0,14,9581.564781851848,optimal,optimal,-508.1638423648153,46.38026957803709,2089.6749805195946,0.7050248310853137,14,7493.210018885966,optimal,optimal,-291.78945001171155,205.96010120670522,2433.208093984507,0.7083751452770298,14,9683.079287037035,optimal,optimal,625.6465841312503,350.7162923313762,8.206284772677744e-07,0.5,1210.0657231978116,1201.0030212079853,10261.299584703262,-174.30670824527658,384.3993711589359,1644.1448301816692,28181.68666634934,14,35237.704466421645,0,1.0000030670198612e-07,optimal,optimal,optimal
2025-12-06,ANNUAL REFERENCE ONLY,0.9,1.0,1210.0657231978116,14,1210.0657231978116,optimal,optimal,28440.47767523786,0.0,0.0,14,9954.636234259258,optimal,optimal,-1185.4292117583398,0.0,4058.8816189489953,0.7033072971369774,14,6783.873622055975,optimal,optimal,-365.2272334163364,68.11614700156125,1973.3810767231057,0.7163603649450242,14,9707.285639642405,optimal,optimal,639.0253543419168,361.9808799871823,34.15402181208489,0.5,1323.254611367203,1210.0657231978116,10584.391539814815,-911.6310908327595,464.95603911861394,1969.1197651941309,29497.96634959923,11,34751.051440036375,0,1.0000465522352897e-07,optimal,optimal,optimal
2025-12-07,ANNUAL REFERENCE ONLY,0.9,1.0,1323.254611367203,14,1323.254611367203,optimal,optimal,65520.89322614037,0.0,0.0,14,6656.795534194382,optimal,optimal,1498.511338648037,2728.768626987122,6116.6974523560175,0.66595392826543,14,7384.705687158235,optimal,optimal,-301.6891052349027,18.636432001433036,1018.3601429623366,0.7134224198127438,14,10551.340627160951,optimal,optimal,423.9762485541207,223.79343555514282,-1.5916157281026244e-12,0.5,1200.0000000519697,1200.0000000519697,10650.461595568775,1620.7984819672552,261.47812911875303,1115.6874178792682,68257.37912598689,8,40254.98138905669,0,1.0002986527979374e-07,optimal,optimal,optimal
2025-12-08,ANNUAL REFERENCE ONLY,0.9,1.0,1200.0000000519697,14,1200.0000000519697,optimal,optimal,67862.40813393758,0.0,0.0,14,7318.081567500004,optimal,optimal,2332.089557019207,2216.5859939302572,1560.4545935646875,0.6748298045951765,14,7989.573618757308,optimal,optimal,-884.1162509178765,0.04074393453004177,2804.692726377274,0.7129415335056082,14,10550.98442553543,optimal,optimal,413.0744018416728,224.11401701811602,0.0,0.5,1252.1283497206548,1200.0000000519697,10735.50933823844,1861.0477079430032,6.854481260766324,14.387556446274647,69737.84339832686,1,37724.7420638988,0,1.0002986527979374e-07,optimal,optimal,optimal
2025-12-09,ANNUAL REFERENCE ONLY,0.9,1.0,1252.1283497206548,14,1252.1283497206548,optimal,optimal,67175.33338070124,0.0,0.0,14,7066.994644225242,optimal,optimal,1947.6170200879715,2605.1510580830673,4191.946323843194,0.6535076837597821,14,6792.656335331017,optimal,optimal,71.3124220732635,327.96632151261997,868.5905007557053,0.7266800834160356,14,10488.695009340221,optimal,optimal,522.006086926553,280.17449159380124,1.1368683772161603e-13,0.5,1245.675309740274,1199.9999999999998,10563.8104486109,2540.935529087788,196.80936072877338,474.16490271112593,70190.43381250015,5,39245.93569825633,0,1.0001108967117034e-07,optimal,optimal,optimal
2025-12-10,ANNUAL REFERENCE ONLY,0.9,1.0,1245.675309740274,14,1245.675309740274,optimal,optimal,64112.36089502977,0.0,0.0,14,6777.24695280549,optimal,optimal,4736.79672586362,3904.4242569781527,1207.46327316323,0.6664523456234175,14,6874.854554602237,optimal,optimal,-331.4014635677312,0.0,1054.7819207913958,0.7000657071234228,14,10549.721260817527,optimal,optimal,414.90954140540157,225.2508652642254,-1.1368683772161603e-13,0.5,1219.7922553718258,1200.0000000523119,10549.721260817527,4820.30480370129,861.2887071351645,1894.4198032193663,70827.08550195042,8,37976.93337259053,0,1.000444171950221e-07,optimal,optimal,optimal
2025-12-11,ANNUAL REFERENCE ONLY,0.9,1.0,1219.7922553718258,14,1219.7922553718258,optimal,optimal,66584.37070204825,0.0,0.0,14,8523.05454179012,optimal,optimal,368.58628772564316,1522.1064946634633,4610.06441231815,0.6359059092224846,14,8050.235119774404,optimal,optimal,-663.9675276987263,10.395655066794347,2300.237606731453,0.7090983830792559,14,10549.721260817529,optimal,optimal,414.9095414053987,225.2508652642249,1.1368683772161603e-13,0.5,1222.2119632571423,1200.000000052935,10799.999999999998,119.52830143231563,61.09818271476063,128.24508586637617,66832.14408934696,1,38862.146525992495,0,1.0000395650422434e-07,optimal,optimal,optimal
2025-12-12,ANNUAL REFERENCE ONLY,0.9,1.0,1222.2119632571423,14,1222.2119632571423,optimal,optimal,29596.76966770985,0.0,0.0,14,9608.167166666673,optimal,optimal,-337.37875181411476,84.8606808296303,1635.647722308035,0.5997985749225176,14,8085.044887786762,optimal,optimal,-122.40965186057008,298.3037134278635,2103.6702722387085,0.6801044106827698,14,9937.039738145724,optimal,optimal,476.67394255992457,272.99000738919426,1.1368683772161603e-13,0.5,1304.1143479019122,1202.5459230108358,10441.184169689643,16.885538885239725,273.02907716173644,1147.8931420667825,30761.548348661872,9,32213.569542339596,0,1.0000712245528121e-07,optimal,optimal,optimal
2025-12-13,ANNUAL REFERENCE ONLY,0.9,1.0,1304.1143479019122,14,1304.1143479019122,optimal,optimal,30452.230375213956,0.0,0.0,14,9697.31541601852,optimal,optimal,-473.6628214121125,307.7436402905836,2709.5274192932275,0.5924307501719098,14,7785.992303874153,optimal,optimal,-352.4364810173073,36.96022483103462,1592.100709529128,0.6719426003764143,14,9825.729421453763,optimal,optimal,558.9020337976355,317.8399196649723,8.2064517151511e-07,0.5,1298.8653644575254,1283.773533464814,10365.6468975,-267.19726863178437,115.6332853532478,472.6965438793022,30657.72965046147,5,32503.50213821616,0,1.0000712245528121e-07,optimal,optimal,optimal
2025-12-14,ANNUAL REFERENCE ONLY,0.9,1.0,1298.8653644575254,14,1298.8653644575254,optimal,optimal,63549.38475108689,0.0,0.0,14,8845.668906820985,optimal,optimal,1853.5656152189324,1702.8817148654116,983.9290391856928,0.6050975231865059,14,6919.874959299742,optimal,optimal,460.0086477733413,661.5258685659235,512.0159011858954,0.6781637259127381,14,10587.334873747152,optimal,optimal,360.264071781747,191.3986136275622,1.1368683772161603e-13,0.5,1200.0000000519697,1200.0000000519697,10741.600731641822,2673.838334774021,45.61201751799834,256.9644309499221,66480.18751681084,2,40813.341075168646,0,1.00000761449337e-07,optimal,optimal,optimal
2025-12-15,ANNUAL REFERENCE ONLY,0.9,1.0,1200.0000000519697,14,1200.0000000519697,optimal,optimal,65777.12141015619,0.0,0.0,14,9922.645006671839,optimal,optimal,1308.7898775842764,1078.4914709901411,489.45680806196526,0.6068051861111756,14,6924.96262056874,optimal,optimal,6.3918846239677976,165.81773451588072,545.812356514785,0.6642991777460127,14,10555.093928284186,optimal,optimal,416.3289802803978,220.41546454423192,1.1368683772161603e-13,0.5,1219.9215067823077,1200.0000000519697,10770.667085828522,1731.5107424886419,6.064843547655724,12.79681988592815,67521.42897253076,1,39300.29636050716,0,1.0000292149925372e-07,optimal,optimal,optimal
2025-12-16,ANNUAL REFERENCE ONLY,0.9,1.0,1219.9215067823077,14,1219.9215067823077,optimal,optimal,70117.22342975339,0.0,0.0,14,8696.310275281894,optimal,optimal,554.9821050839664,1343.3432285279766,3485.3234467475304,0.6599077346479698,14,8050.235119774408,optimal,optimal,-606.5517007755195,0.0,1919.2531217307,0.6049856786354371,14,10547.917983780493,optimal,optimal,418.0453229597857,226.87381459755386,0.0,0.5,1200.0000000519694,1200.0000000519694,10793.33293079257,366.4757272682326,18.326571950444976,39.182211375703304,70522.88136839733,1,37855.24530887729,0,1.0000793690778663e-07,optimal,optimal,optimal
2025-12-17,ANNUAL REFERENCE ONLY,0.9,1.0,1200.0000000519694,14,1200.0000000519694,optimal,optimal,69587.92165140685,0.0,0.0,14,8575.727307779121,optimal,optimal,-301.7369953975438,833.9849887545954,4400.699736754224,0.6447440358894859,14,8150.659818607724,optimal,optimal,-529.6305847122429,51.147971769890546,2002.1491676193857,0.6016560314471937,14,10603.959460076856,optimal,optimal,333.5315924825002,176.4364859308288,0.0,0.5,1224.1135323135434,1200.0000000519694,10773.281867334208,-497.8359876272866,2.09571058573551e-07,1.2000018715776604e-06,69090.08566497958,0,37946.41282692872,0,1.0001531336456537e-07,optimal,optimal,optimal
2025-12-18,ANNUAL REFERENCE ONLY,0.9,1.0,1224.1135323135434,14,1224.1135323135434,optimal,optimal,64386.95301153622,0.0,0.0,14,8526.579667474369,optimal,optimal,2722.3397699668258,2745.0314640706,100.12086753195642,0.64919780053371,14,8166.93207548086,optimal,optimal,-301.69886235040104,1.1368683772161603e-13,1008.9627828086423,0.5752075999806714,14,10576.365447434324,optimal,optimal,368.6274960768343,196.51526397577692,1.1368683772161603e-13,0.5,1232.8794354622792,1216.683481552702,10800.0,2789.2684036932587,3.515337864403049e-07,1.4999997307792e-06,67176.22141672947,0,36832.07379149503,0,1.0000245765695582e-07,optimal,optimal,optimal
2025-12-19,ANNUAL REFERENCE ONLY,0.9,1.0,1232.8794354622792,14,1232.8794354622792,optimal,optimal,27727.5472352149,0.0,0.0,14,10164.65294064815,optimal,optimal,786.9397397704262,1088.1123621559345,0.9166189177276465,0.6377550056766438,14,7619.92136996383,optimal,optimal,-370.53635479104634,12.111672897204585,1448.4318472781747,0.5658187992682979,14,9849.875877870369,optimal,optimal,508.65523511824375,282.9435459852778,0.0,0.5,1332.6781858495303,1212.2966566205898,10785.0047925,925.0586200976236,66.28711608816647,303.01738814878826,28955.623243461316,3,32358.90095898228,0,1.0000712245528121e-07,optimal,optimal,optimal
2025-12-20,ANNUAL REFERENCE ONLY,0.9,1.0,1332.6781858495303,14,1332.6781858495303,optimal,optimal,29409.852921462843,0.0,0.0,14,10194.885730185184,optimal,optimal,-642.1781514642032,0.0,1831.0429301006022,0.6727523463040284,14,7255.033218620954,optimal,optimal,-324.81223106227554,24.46794166666666,1218.9400004858385,0.5324825227496145,14,9871.127379721598,optimal,optimal,507.0594034250018,339.61235825056156,0.0,0.5,1293.6239509181337,1293.6239509181337,10738.450545,-459.9309791014769,220.61191943459272,929.8338907800917,29879.755833141455,9,33668.95913053219,0,1.0000712245528121e-07,optimal,optimal,optimal
2025-12-21,ANNUAL REFERENCE ONLY,0.9,1.0,1293.6239509181337,14,1293.6239509181337,optimal,optimal,65181.21777728838,0.0,0.0,14,10042.710824761998,optimal,optimal,-291.6372229557463,163.5018117355964,1462.7836184895498,0.6735423800968104,14,8633.673131336702,optimal,optimal,-407.44117104844224,79.41230686375775,1804.890293997229,0.5161612824884895,14,10502.625914485347,optimal,optimal,398.6900078749779,211.6443666776558,0.0,0.5,1256.14334253629,1246.4338521003092,10800.000000000002,-300.3883861292107,1.702730059307117e-07,4.999973078203766e-07,64880.829391659165,0,39668.02743535745,0,1.0000042038882384e-07,optimal,optimal,optimal
2025-12-22,ANNUAL REFERENCE ONLY,0.9,1.0,1256.14334253629,14,1256.14334253629,optimal,optimal,63579.16106907677,0.0,0.0,14,10000.44132444646,optimal,optimal,-271.6702609922661,130.77177379799673,1301.8093866097297,0.6370181998310713,14,8340.469714847757,optimal,optimal,-426.34009317639743,31.88647508199889,1739.5949681556053,0.5162576220476149,14,10681.596642229635,optimal,optimal,122.64631810628197,106.56302199332724,0.0,0.5,1200.0000000519697,1200.0,10729.072378558029,-575.3640360623815,149.98661934822684,725.455194705404,63729.25222771979,7,42424.304378770874,0,1.0001531336456537e-07,optimal,optimal,optimal
2025-12-23,ANNUAL REFERENCE ONLY,0.9,1.0,1200.0000000519697,14,1200.0000000519697,optimal,optimal,65389.87062008692,0.0,0.0,14,10335.533984170643,optimal,optimal,-1147.4836239754816,0.0,3334.394628131269,0.5966270834504038,14,8353.023669553684,optimal,optimal,-594.4995166380985,0.0,2140.9560411826674,0.5658864161025032,14,10591.811416735287,optimal,optimal,250.8443007432135,151.66472493824224,-1.1368683772161603e-13,0.5,1200.0000000519697,1200.0000000519697,10776.85105290138,-1491.1388398703664,50.99659389879479,107.94868015251095,64006.68046036907,5,42120.24929019506,0,1.0000529982789886e-07,optimal,optimal,optimal
2025-12-24,ANNUAL REFERENCE ONLY,0.9,1.0,1200.0000000519697,14,1200.0000000519697,optimal,optimal,64643.2330288949,0.0,0.0,14,8577.06404574074,optimal,optimal,1485.9009353175638,1560.6245925391463,1541.662345439439,0.5970461351492158,14,8375.51402831881,optimal,optimal,-774.7855101475735,0.0,2579.9281153031757,0.5788801508142505,14,10565.76132342562,optimal,optimal,273.16693076794326,159.75569141095357,-1.1368683772161603e-13,0.5,1211.6575814430548,1200.0000000519697,10761.766964055652,984.2823559379335,144.54883253130276,843.279308229278,66470.79469306211,3,40533.98895933619,0,1.0002258932217956e-07,optimal,optimal,optimal
2025-12-25,ANNUAL REFERENCE ONLY,0.9,1.0,1211.6575814430548,14,1211.6575814430548,optimal,optimal,61617.03735186647,0.0,0.0,14,9150.222189266744,optimal,optimal,1050.9776737169586,1184.907763032768,1415.87987307526,0.5742701733120054,14,7462.9339915697365,optimal,optimal,217.93691456741274,297.7196985245024,406.74551255871717,0.5564793848446332,14,10556.819369729626,optimal,optimal,309.8517628225774,183.15756724333784,76.61801175384024,0.5,1214.5403670367184,1200.0,10697.549236169853,1578.7663511069488,116.7913851977617,272.0635770470804,63467.8672800205,4,42034.91223267335,0,1.0000803740695119e-07,optimal,optimal,optimal
2025-12-26,ANNUAL REFERENCE ONLY,0.9,1.0,1214.5403670367184,14,1214.5403670367184,optimal,optimal,27417.096213822755,0.0,0.0,14,10219.283333333333,optimal,optimal,-364.93057677312845,160.54292600623978,2019.0338676534743,0.5819003276456636,14,7960.035512041777,optimal,optimal,-441.5150555535445,31.41779945751584,1851.2474191819447,0.6129184612127577,14,9933.318166633653,optimal,optimal,341.3794777341555,215.41576309555865,75.96539662863478,0.5,1222.427982010526,1214.5403670367184,10800.0,-465.0661545925174,329.41684475243585,1149.7847788371357,28101.814838067374,9,36205.81796782864,0,1.0001167538575828e-07,optimal,optimal,optimal
2025-12-27,ANNUAL REFERENCE ONLY,0.9,1.0,1222.427982010526,14,1222.427982010526,optimal,optimal,28316.398710856578,0.0,0.0,14,10096.426503981484,optimal,optimal,-515.4052032449266,88.198768847113,2218.267712707161,0.5667241990353776,14,7876.4042540630435,optimal,optimal,-378.22355642247993,35.66112572122748,1618.0594327426186,0.6464055111115669,14,9781.036666666667,optimal,optimal,509.695870540497,298.9130630658441,16.728213392105097,0.5,1273.6133559153243,1222.427982010526,10667.752429907408,-383.93288912690946,96.41031685058331,490.44973685068885,28422.915558580356,6,35314.80298309143,0,1.0000529982789886e-07,optimal,optimal,optimal
2025-12-28,ANNUAL REFERENCE ONLY,0.9,1.0,1273.6133559153243,14,1273.6133559153243,optimal,optimal,63979.06282882178,0.0,0.0,14,8635.17194830247,optimal,optimal,1509.56352623779,1793.0262236441513,2295.2153292075886,0.581553872172904,14,8190.90853972137,optimal,optimal,-691.3202316339821,39.7385697398272,2299.8993479974597,0.6439108888432244,14,10509.289919259258,optimal,optimal,404.6924351513255,225.9340726666702,20.439987230238657,0.5,1237.7301722707837,1237.7301722707837,10776.357452485683,1222.9357297551335,201.85770190748954,519.8133811110217,65721.81193968793,5,39606.422357797885,0,1.0000245765695582e-07,optimal,optimal,optimal
2025-12-29,ANNUAL REFERENCE ONLY,0.9,1.0,1237.7301722707837,14,1237.7301722707837,optimal,optimal,60924.8342568979,0.0,0.0,14,10142.544905740744,optimal,optimal,987.9537387453887,963.2319264375848,308.40635805207353,0.6005516501070849,14,6834.444069550646,optimal,optimal,-235.76508030091722,61.21295003078562,838.3635192828119,0.6641562355769401,14,10562.584657975203,optimal,optimal,189.88086998200302,146.48797448898245,0.0,0.5,1204.9279260945448,1204.9279260945448,10800.0,942.0695284264744,2.9193964061097505e-07,1.1000137203225678e-06,61866.90378642439,0,44474.5084229293,0,1.0001108967117034e-07,optimal,optimal,optimal
2025-12-30,ANNUAL REFERENCE ONLY,0.9,1.0,1204.9279260945448,14,1204.9279260945448,optimal,optimal,61082.21201218152,0.0,0.0,14,10016.639634845678,optimal,optimal,1675.1153384396891,1465.0663944619873,724.6687201793119,0.6007256872824439,14,6465.458682899031,optimal,optimal,-722.5818361130232,3.1056010288067455,2026.5876048289285,0.6126122709541754,14,10616.798563771692,optimal,optimal,184.32132545488565,160.22485824333634,0.0,0.5,1246.1268593982159,1200.0,10757.913954277155,1136.8548277815516,224.38626867884525,1056.21016174089,63275.27700170396,5,42207.650811007166,0,1.0000230759033003e-07,optimal,optimal,optimal
2025-12-31,ANNUAL REFERENCE ONLY,0.9,1.0,1246.1268593982159,14,1246.1268593982159,optimal,optimal,62240.999010918036,0.0,0.0,14,10117.958147592599,optimal,optimal,648.9161736876108,679.3453297634554,892.1598124908987,0.5666711450276865,14,6730.681349964624,optimal,optimal,-198.6287843482067,27.680108363638055,722.9101808920791,0.6313463178122489,14,10616.798563618608,optimal,optimal,171.55403355485322,140.31950743989933,0.0,0.5,1200.0000000519697,1200.0000000519697,10756.01396245551,621.8414228942573,61.43322054264073,129.29107817075734,62992.13151198305,3,43717.26656933705,0,1.0000030670198612e-07,optimal,optimal,optimal
