Hour,Region,GPU_Demand
0,RegionA,31
0,RegionB,97
0,RegionC,17
0,RegionD,312
0,RegionE,84
0,RegionF,116
1,RegionA,24
1,RegionB,9
1,RegionC,194
1,RegionD,193
1,RegionE,139
1,RegionF,194
2,RegionA,43
2,RegionB,192
2,RegionC,17
2,RegionD,367
2,RegionE,96
2,RegionF,194
3,RegionA,41
3,RegionB,94
3,RegionC,0
3,RegionD,114
3,RegionE,165
3,RegionF,118
4,RegionA,29
4,RegionB,44
4,RegionC,17
4,RegionD,147
4,RegionE,191
4,RegionF,10
5,RegionA,15
5,RegionB,7
5,RegionC,39
5,RegionD,172
5,RegionE,71
5,RegionF,151
6,RegionA,7
6,RegionB,84
6,RegionC,100
6,RegionD,124
6,RegionE,0
6,RegionF,148
7,RegionA,38
7,RegionB,41
7,RegionC,107
7,RegionD,304
7,RegionE,190
7,RegionF,90
8,RegionA,108
8,RegionB,53
8,RegionC,21
8,RegionD,147
8,RegionE,105
8,RegionF,142
9,RegionA,0
9,RegionB,42
9,RegionC,29
9,RegionD,119
9,RegionE,159
9,RegionF,10
10,RegionA,5
10,RegionB,21
10,RegionC,33
10,RegionD,123
10,RegionE,328
10,RegionF,290
11,RegionA,29
11,RegionB,35
11,RegionC,21
11,RegionD,301
11,RegionE,21
11,RegionF,262
12,RegionA,22
12,RegionB,126
12,RegionC,73
12,RegionD,120
12,RegionE,127
12,RegionF,25
13,RegionA,108
13,RegionB,30
13,RegionC,74
13,RegionD,25
13,RegionE,293
13,RegionF,223
14,RegionA,17
14,RegionB,26
14,RegionC,15
14,RegionD,248
14,RegionE,163
14,RegionF,114
15,RegionA,13
15,RegionB,133
15,RegionC,52
15,RegionD,267
15,RegionE,90
15,RegionF,234
16,RegionA,98
16,RegionB,152
16,RegionC,15
16,RegionD,6
16,RegionE,23
16,RegionF,0
17,RegionA,28
17,RegionB,91
17,RegionC,29
17,RegionD,93
17,RegionE,220
17,RegionF,373
18,RegionA,70
18,RegionB,132
18,RegionC,95
18,RegionD,176
18,RegionE,0
18,RegionF,130
19,RegionA,302
19,RegionB,167
19,RegionC,24
19,RegionD,216
19,RegionE,45
19,RegionF,75
20,RegionA,41
20,RegionB,77
20,RegionC,5
20,RegionD,177
20,RegionE,125
20,RegionF,152
21,RegionA,85
21,RegionB,172
21,RegionC,13
21,RegionD,95
21,RegionE,334
21,RegionF,406
22,RegionA,20
22,RegionB,19
22,RegionC,59
22,RegionD,135
22,RegionE,0
22,RegionF,16
23,RegionA,127
23,RegionB,37
23,RegionC,16
23,RegionD,106
23,RegionE,17
23,RegionF,132
24,RegionA,27
24,RegionB,16
24,RegionC,0
24,RegionD,191
24,RegionE,100
24,RegionF,342
25,RegionA,11
25,RegionB,154
25,RegionC,9
25,RegionD,0
25,RegionE,170
25,RegionF,61
26,RegionA,14
26,RegionB,5
26,RegionC,97
26,RegionD,100
26,RegionE,160
26,RegionF,312
27,RegionA,12
27,RegionB,37
27,RegionC,124
27,RegionD,187
27,RegionE,124
27,RegionF,243
28,RegionA,31
28,RegionB,23
28,RegionC,45
28,RegionD,556
28,RegionE,191
28,RegionF,350
29,RegionA,135
29,RegionB,10
29,RegionC,47
29,RegionD,353
29,RegionE,351
29,RegionF,128
30,RegionA,164
30,RegionB,117
30,RegionC,8
30,RegionD,31
30,RegionE,76
30,RegionF,0
31,RegionA,86
31,RegionB,20
31,RegionC,11
31,RegionD,39
31,RegionE,22
31,RegionF,0
32,RegionA,4
32,RegionB,69
32,RegionC,239
32,RegionD,179
32,RegionE,236
32,RegionF,478
33,RegionA,67
33,RegionB,6
33,RegionC,83
33,RegionD,63
33,RegionE,335
33,RegionF,177
34,RegionA,91
34,RegionB,39
34,RegionC,160
34,RegionD,307
34,RegionE,318
34,RegionF,225
35,RegionA,21
35,RegionB,8
35,RegionC,54
35,RegionD,222
35,RegionE,102
35,RegionF,16
36,RegionA,93
36,RegionB,91
36,RegionC,12
36,RegionD,364
36,RegionE,0
36,RegionF,131
37,RegionA,83
37,RegionB,32
37,RegionC,39
37,RegionD,82
37,RegionE,150
37,RegionF,118
38,RegionA,5
38,RegionB,29
38,RegionC,130
38,RegionD,66
38,RegionE,264
38,RegionF,48
39,RegionA,68
39,RegionB,26
39,RegionC,19
39,RegionD,194
39,RegionE,127
39,RegionF,97
40,RegionA,38
40,RegionB,15
40,RegionC,31
40,RegionD,157
40,RegionE,13
40,RegionF,465
41,RegionA,34
41,RegionB,55
41,RegionC,193
41,RegionD,144
41,RegionE,126
41,RegionF,112
42,RegionA,54
42,RegionB,9
42,RegionC,17
42,RegionD,74
42,RegionE,146
42,RegionF,173
43,RegionA,75
43,RegionB,72
43,RegionC,162
43,RegionD,149
43,RegionE,52
43,RegionF,75
44,RegionA,112
44,RegionB,89
44,RegionC,61
44,RegionD,396
44,RegionE,133
44,RegionF,125
45,RegionA,30
45,RegionB,23
45,RegionC,33
45,RegionD,103
45,RegionE,209
45,RegionF,106
46,RegionA,74
46,RegionB,13
46,RegionC,43
46,RegionD,24
46,RegionE,147
46,RegionF,117
47,RegionA,84
47,RegionB,38
47,RegionC,0
47,RegionD,24
47,RegionE,204
47,RegionF,35
48,RegionA,74
48,RegionB,80
48,RegionC,108
48,RegionD,140
48,RegionE,219
48,RegionF,179
49,RegionA,25
49,RegionB,68
49,RegionC,135
49,RegionD,259
49,RegionE,64
49,RegionF,113
50,RegionA,104
50,RegionB,35
50,RegionC,13
50,RegionD,86
50,RegionE,157
50,RegionF,93
51,RegionA,98
51,RegionB,38
51,RegionC,124
51,RegionD,41
51,RegionE,5
51,RegionF,266
52,RegionA,34
52,RegionB,28
52,RegionC,14
52,RegionD,31
52,RegionE,117
52,RegionF,71
53,RegionA,21
53,RegionB,19
53,RegionC,41
53,RegionD,365
53,RegionE,328
53,RegionF,76
54,RegionA,28
54,RegionB,51
54,RegionC,33
54,RegionD,129
54,RegionE,7
54,RegionF,289
55,RegionA,12
55,RegionB,119
55,RegionC,12
55,RegionD,151
55,RegionE,224
55,RegionF,5
56,RegionA,20
56,RegionB,21
56,RegionC,50
56,RegionD,265
56,RegionE,157
56,RegionF,23
57,RegionA,48
57,RegionB,110
57,RegionC,29
57,RegionD,385
57,RegionE,41
57,RegionF,250
58,RegionA,51
58,RegionB,36
58,RegionC,138
58,RegionD,355
58,RegionE,12
58,RegionF,42
59,RegionA,0
59,RegionB,29
59,RegionC,21
59,RegionD,52
59,RegionE,33
59,RegionF,7
60,RegionA,15
60,RegionB,47
60,RegionC,117
60,RegionD,246
60,RegionE,97
60,RegionF,24
61,RegionA,27
61,RegionB,43
61,RegionC,20
61,RegionD,337
61,RegionE,188
61,RegionF,242
62,RegionA,127
62,RegionB,47
62,RegionC,0
62,RegionD,201
62,RegionE,6
62,RegionF,132
63,RegionA,138
63,RegionB,21
63,RegionC,25
63,RegionD,419
63,RegionE,96
63,RegionF,46
64,RegionA,20
64,RegionB,24
64,RegionC,78
64,RegionD,224
64,RegionE,0
64,RegionF,123
65,RegionA,9
65,RegionB,21
65,RegionC,5
65,RegionD,180
65,RegionE,83
65,RegionF,115
66,RegionA,160
66,RegionB,15
66,RegionC,21
66,RegionD,370
66,RegionE,60
66,RegionF,146
67,RegionA,138
67,RegionB,19
67,RegionC,74
67,RegionD,210
67,RegionE,83
67,RegionF,240
68,RegionA,14
68,RegionB,6
68,RegionC,36
68,RegionD,133
68,RegionE,97
68,RegionF,0
69,RegionA,107
69,RegionB,123
69,RegionC,32
69,RegionD,319
69,RegionE,310
69,RegionF,193
70,RegionA,44
70,RegionB,35
70,RegionC,111
70,RegionD,0
70,RegionE,229
70,RegionF,40
71,RegionA,52
71,RegionB,23
71,RegionC,71
71,RegionD,26
71,RegionE,159
71,RegionF,318
72,RegionA,125
72,RegionB,24
72,RegionC,33
72,RegionD,122
72,RegionE,72
72,RegionF,123
73,RegionA,58
73,RegionB,26
73,RegionC,27
73,RegionD,18
73,RegionE,172
73,RegionF,95
74,RegionA,25
74,RegionB,48
74,RegionC,30
74,RegionD,380
74,RegionE,375
74,RegionF,6
75,RegionA,7
75,RegionB,22
75,RegionC,29
75,RegionD,330
75,RegionE,235
75,RegionF,251
76,RegionA,25
76,RegionB,6
76,RegionC,28
76,RegionD,322
76,RegionE,170
76,RegionF,98
77,RegionA,197
77,RegionB,20
77,RegionC,75
77,RegionD,128
77,RegionE,14
77,RegionF,205
78,RegionA,51
78,RegionB,12
78,RegionC,4
78,RegionD,160
78,RegionE,112
78,RegionF,0
79,RegionA,33
79,RegionB,37
79,RegionC,146
79,RegionD,5
79,RegionE,117
79,RegionF,62
80,RegionA,0
80,RegionB,88
80,RegionC,47
80,RegionD,137
80,RegionE,33
80,RegionF,194
81,RegionA,68
81,RegionB,6
81,RegionC,28
81,RegionD,92
81,RegionE,168
81,RegionF,25
82,RegionA,118
82,RegionB,91
82,RegionC,50
82,RegionD,242
82,RegionE,126
82,RegionF,116
83,RegionA,63
83,RegionB,156
83,RegionC,91
83,RegionD,70
83,RegionE,133
83,RegionF,114
84,RegionA,25
84,RegionB,107
84,RegionC,9
84,RegionD,215
84,RegionE,109
84,RegionF,116
85,RegionA,21
85,RegionB,19
85,RegionC,183
85,RegionD,58
85,RegionE,0
85,RegionF,122
86,RegionA,36
86,RegionB,39
86,RegionC,7
86,RegionD,100
86,RegionE,120
86,RegionF,78
87,RegionA,19
87,RegionB,72
87,RegionC,125
87,RegionD,29
87,RegionE,330
87,RegionF,158
88,RegionA,25
88,RegionB,40
88,RegionC,185
88,RegionD,278
88,RegionE,98
88,RegionF,54
89,RegionA,69
89,RegionB,22
89,RegionC,16
89,RegionD,175
89,RegionE,229
89,RegionF,59
90,RegionA,31
90,RegionB,20
90,RegionC,6
90,RegionD,107
90,RegionE,128
90,RegionF,123
91,RegionA,138
91,RegionB,47
91,RegionC,9
91,RegionD,216
91,RegionE,9
91,RegionF,154
92,RegionA,47
92,RegionB,19
92,RegionC,22
92,RegionD,265
92,RegionE,467
92,RegionF,18
93,RegionA,51
93,RegionB,10
93,RegionC,41
93,RegionD,60
93,RegionE,84
93,RegionF,29
94,RegionA,65
94,RegionB,18
94,RegionC,60
94,RegionD,278
94,RegionE,86
94,RegionF,128
95,RegionA,8
95,RegionB,125
95,RegionC,59
95,RegionD,229
95,RegionE,327
95,RegionF,177
96,RegionA,11
96,RegionB,102
96,RegionC,43
96,RegionD,279
96,RegionE,8
96,RegionF,64
97,RegionA,52
97,RegionB,36
97,RegionC,47
97,RegionD,144
97,RegionE,71
97,RegionF,389
98,RegionA,47
98,RegionB,5
98,RegionC,30
98,RegionD,106
98,RegionE,126
98,RegionF,111
99,RegionA,21
99,RegionB,19
99,RegionC,44
99,RegionD,67
99,RegionE,113
99,RegionF,13
100,RegionA,15
100,RegionB,105
100,RegionC,13
100,RegionD,102
100,RegionE,0
100,RegionF,35
101,RegionA,44
101,RegionB,14
101,RegionC,23
101,RegionD,158
101,RegionE,184
101,RegionF,23
102,RegionA,197
102,RegionB,33
102,RegionC,0
102,RegionD,144
102,RegionE,23
102,RegionF,138
103,RegionA,32
103,RegionB,26
103,RegionC,69
103,RegionD,118
103,RegionE,199
103,RegionF,88
104,RegionA,25
104,RegionB,22
104,RegionC,71
104,RegionD,276
104,RegionE,246
104,RegionF,197
105,RegionA,29
105,RegionB,49
105,RegionC,33
105,RegionD,97
105,RegionE,74
105,RegionF,224
106,RegionA,42
106,RegionB,38
106,RegionC,66
106,RegionD,0
106,RegionE,56
106,RegionF,0
107,RegionA,8
107,RegionB,90
107,RegionC,75
107,RegionD,26
107,RegionE,185
107,RegionF,206
108,RegionA,28
108,RegionB,147
108,RegionC,8
108,RegionD,37
108,RegionE,130
108,RegionF,183
109,RegionA,69
109,RegionB,37
109,RegionC,128
109,RegionD,307
109,RegionE,8
109,RegionF,384
110,RegionA,49
110,RegionB,4
110,RegionC,127
110,RegionD,419
110,RegionE,80
110,RegionF,55
111,RegionA,4
111,RegionB,76
111,RegionC,130
111,RegionD,212
111,RegionE,6
111,RegionF,89
112,RegionA,46
112,RegionB,28
112,RegionC,100
112,RegionD,392
112,RegionE,293
112,RegionF,16
113,RegionA,42
113,RegionB,18
113,RegionC,83
113,RegionD,99
113,RegionE,25
113,RegionF,103
114,RegionA,45
114,RegionB,11
114,RegionC,113
114,RegionD,274
114,RegionE,141
114,RegionF,220
115,RegionA,6
115,RegionB,130
115,RegionC,7
115,RegionD,277
115,RegionE,133
115,RegionF,233
116,RegionA,13
116,RegionB,101
116,RegionC,6
116,RegionD,331
116,RegionE,176
116,RegionF,114
117,RegionA,29
117,RegionB,26
117,RegionC,18
117,RegionD,279
117,RegionE,211
117,RegionF,17
118,RegionA,101
118,RegionB,45
118,RegionC,34
118,RegionD,187
118,RegionE,139
118,RegionF,138
119,RegionA,138
119,RegionB,26
119,RegionC,47
119,RegionD,220
119,RegionE,154
119,RegionF,189
120,RegionA,33
120,RegionB,11
120,RegionC,41
120,RegionD,230
120,RegionE,172
120,RegionF,272
121,RegionA,61
121,RegionB,83
121,RegionC,127
121,RegionD,435
121,RegionE,107
121,RegionF,94
122,RegionA,60
122,RegionB,27
122,RegionC,142
122,RegionD,234
122,RegionE,219
122,RegionF,133
123,RegionA,44
123,RegionB,23
123,RegionC,26
123,RegionD,314
123,RegionE,287
123,RegionF,42
124,RegionA,65
124,RegionB,100
124,RegionC,229
124,RegionD,262
124,RegionE,77
124,RegionF,166
125,RegionA,3
125,RegionB,118
125,RegionC,28
125,RegionD,80
125,RegionE,19
125,RegionF,193
126,RegionA,46
126,RegionB,137
126,RegionC,9
126,RegionD,392
126,RegionE,129
126,RegionF,0
127,RegionA,28
127,RegionB,42
127,RegionC,82
127,RegionD,310
127,RegionE,124
127,RegionF,262
128,RegionA,36
128,RegionB,9
128,RegionC,65
128,RegionD,274
128,RegionE,131
128,RegionF,53
129,RegionA,4
129,RegionB,12
129,RegionC,34
129,RegionD,220
129,RegionE,32
129,RegionF,197
130,RegionA,34
130,RegionB,33
130,RegionC,8
130,RegionD,0
130,RegionE,118
130,RegionF,0
131,RegionA,23
131,RegionB,27
131,RegionC,17
131,RegionD,201
131,RegionE,64
131,RegionF,346
132,RegionA,14
132,RegionB,103
132,RegionC,51
132,RegionD,160
132,RegionE,33
132,RegionF,244
133,RegionA,0
133,RegionB,149
133,RegionC,12
133,RegionD,439
133,RegionE,127
133,RegionF,217
134,RegionA,12
134,RegionB,62
134,RegionC,82
134,RegionD,134
134,RegionE,62
134,RegionF,121
135,RegionA,11
135,RegionB,17
135,RegionC,25
135,RegionD,211
135,RegionE,235
135,RegionF,119
136,RegionA,69
136,RegionB,119
136,RegionC,9
136,RegionD,164
136,RegionE,18
136,RegionF,21
137,RegionA,47
137,RegionB,83
137,RegionC,5
137,RegionD,262
137,RegionE,122
137,RegionF,29
138,RegionA,86
138,RegionB,65
138,RegionC,7
138,RegionD,323
138,RegionE,170
138,RegionF,6
139,RegionA,53
139,RegionB,19
139,RegionC,6
139,RegionD,150
139,RegionE,176
139,RegionF,125
140,RegionA,135
140,RegionB,165
140,RegionC,63
140,RegionD,0
140,RegionE,44
140,RegionF,244
141,RegionA,61
141,RegionB,67
141,RegionC,18
141,RegionD,329
141,RegionE,151
141,RegionF,30
142,RegionA,34
142,RegionB,170
142,RegionC,15
142,RegionD,70
142,RegionE,140
142,RegionF,37
143,RegionA,8
143,RegionB,26
143,RegionC,53
143,RegionD,0
143,RegionE,155
143,RegionF,136
144,RegionA,48
144,RegionB,14
144,RegionC,0
144,RegionD,303
144,RegionE,140
144,RegionF,354
145,RegionA,35
145,RegionB,103
145,RegionC,56
145,RegionD,95
145,RegionE,187
145,RegionF,0
146,RegionA,57
146,RegionB,29
146,RegionC,3
146,RegionD,139
146,RegionE,245
146,RegionF,121
147,RegionA,18
147,RegionB,113
147,RegionC,46
147,RegionD,250
147,RegionE,148
147,RegionF,375
148,RegionA,181
148,RegionB,138
148,RegionC,73
148,RegionD,211
148,RegionE,35
148,RegionF,168
149,RegionA,27
149,RegionB,58
149,RegionC,55
149,RegionD,238
149,RegionE,53
149,RegionF,131
150,RegionA,211
150,RegionB,87
150,RegionC,84
150,RegionD,154
150,RegionE,73
150,RegionF,71
151,RegionA,29
151,RegionB,168
151,RegionC,99
151,RegionD,122
151,RegionE,181
151,RegionF,106
152,RegionA,58
152,RegionB,72
152,RegionC,26
152,RegionD,252
152,RegionE,467
152,RegionF,111
153,RegionA,65
153,RegionB,153
153,RegionC,154
153,RegionD,333
153,RegionE,0
153,RegionF,5
154,RegionA,93
154,RegionB,116
154,RegionC,7
154,RegionD,173
154,RegionE,185
154,RegionF,135
155,RegionA,4
155,RegionB,11
155,RegionC,8
155,RegionD,18
155,RegionE,74
155,RegionF,160
156,RegionA,10
156,RegionB,19
156,RegionC,42
156,RegionD,22
156,RegionE,107
156,RegionF,341
157,RegionA,162
157,RegionB,80
157,RegionC,99
157,RegionD,93
157,RegionE,107
157,RegionF,11
158,RegionA,2
158,RegionB,23
158,RegionC,11
158,RegionD,203
158,RegionE,277
158,RegionF,215
159,RegionA,33
159,RegionB,26
159,RegionC,115
159,RegionD,106
159,RegionE,148
159,RegionF,114
160,RegionA,17
160,RegionB,3
160,RegionC,140
160,RegionD,81
160,RegionE,151
160,RegionF,40
161,RegionA,52
161,RegionB,27
161,RegionC,9
161,RegionD,625
161,RegionE,19
161,RegionF,166
162,RegionA,30
162,RegionB,55
162,RegionC,6
162,RegionD,142
162,RegionE,63
162,RegionF,57
163,RegionA,128
163,RegionB,25
163,RegionC,16
163,RegionD,332
163,RegionE,44
163,RegionF,143
164,RegionA,105
164,RegionB,141
164,RegionC,17
164,RegionD,13
164,RegionE,170
164,RegionF,38
165,RegionA,88
165,RegionB,158
165,RegionC,93
165,RegionD,0
165,RegionE,145
165,RegionF,162
166,RegionA,112
166,RegionB,61
166,RegionC,3
166,RegionD,40
166,RegionE,395
166,RegionF,193
167,RegionA,56
167,RegionB,41
167,RegionC,15
167,RegionD,61
167,RegionE,95
167,RegionF,15
168,RegionA,127
168,RegionB,18
168,RegionC,10
168,RegionD,206
168,RegionE,223
168,RegionF,250
169,RegionA,15
169,RegionB,0
169,RegionC,21
169,RegionD,129
169,RegionE,0
169,RegionF,273
170,RegionA,141
170,RegionB,191
170,RegionC,85
170,RegionD,417
170,RegionE,90
170,RegionF,156
171,RegionA,28
171,RegionB,32
171,RegionC,33
171,RegionD,233
171,RegionE,88
171,RegionF,379
172,RegionA,8
172,RegionB,135
172,RegionC,42
172,RegionD,155
172,RegionE,41
172,RegionF,103
173,RegionA,95
173,RegionB,122
173,RegionC,101
173,RegionD,122
173,RegionE,34
173,RegionF,299
174,RegionA,11
174,RegionB,24
174,RegionC,90
174,RegionD,131
174,RegionE,298
174,RegionF,6
175,RegionA,247
175,RegionB,25
175,RegionC,0
175,RegionD,75
175,RegionE,117
175,RegionF,260
176,RegionA,13
176,RegionB,27
176,RegionC,18
176,RegionD,25
176,RegionE,148
176,RegionF,132
177,RegionA,108
177,RegionB,16
177,RegionC,51
177,RegionD,25
177,RegionE,159
177,RegionF,115
178,RegionA,17
178,RegionB,33
178,RegionC,5
178,RegionD,158
178,RegionE,105
178,RegionF,140
179,RegionA,105
179,RegionB,92
179,RegionC,86
179,RegionD,11
179,RegionE,153
179,RegionF,153
180,RegionA,33
180,RegionB,32
180,RegionC,28
180,RegionD,363
180,RegionE,161
180,RegionF,0
181,RegionA,77
181,RegionB,23
181,RegionC,24
181,RegionD,262
181,RegionE,108
181,RegionF,86
182,RegionA,16
182,RegionB,35
182,RegionC,9
182,RegionD,415
182,RegionE,85
182,RegionF,137
183,RegionA,69
183,RegionB,116
183,RegionC,99
183,RegionD,232
183,RegionE,183
183,RegionF,123
184,RegionA,125
184,RegionB,44
184,RegionC,20
184,RegionD,296
184,RegionE,269
184,RegionF,173
185,RegionA,51
185,RegionB,26
185,RegionC,81
185,RegionD,156
185,RegionE,150
185,RegionF,106
186,RegionA,26
186,RegionB,58
186,RegionC,147
186,RegionD,41
186,RegionE,38
186,RegionF,18
187,RegionA,3
187,RegionB,53
187,RegionC,9
187,RegionD,291
187,RegionE,28
187,RegionF,193
188,RegionA,47
188,RegionB,28
188,RegionC,157
188,RegionD,246
188,RegionE,41
188,RegionF,215
189,RegionA,19
189,RegionB,86
189,RegionC,39
189,RegionD,290
189,RegionE,18
189,RegionF,39
190,RegionA,134
190,RegionB,49
190,RegionC,207
190,RegionD,150
190,RegionE,222
190,RegionF,51
191,RegionA,33
191,RegionB,19
191,RegionC,80
191,RegionD,3
191,RegionE,445
191,RegionF,21
192,RegionA,44
192,RegionB,141
192,RegionC,199
192,RegionD,449
192,RegionE,75
192,RegionF,88
193,RegionA,31
193,RegionB,52
193,RegionC,39
193,RegionD,112
193,RegionE,147
193,RegionF,110
194,RegionA,3
194,RegionB,9
194,RegionC,4
194,RegionD,30
194,RegionE,257
194,RegionF,323
195,RegionA,13
195,RegionB,0
195,RegionC,85
195,RegionD,686
195,RegionE,158
195,RegionF,81
196,RegionA,34
196,RegionB,12
196,RegionC,109
196,RegionD,142
196,RegionE,69
196,RegionF,143
197,RegionA,0
197,RegionB,143
197,RegionC,55
197,RegionD,136
197,RegionE,222
197,RegionF,36
198,RegionA,2
198,RegionB,38
198,RegionC,57
198,RegionD,83
198,RegionE,139
198,RegionF,195
199,RegionA,6
199,RegionB,139
199,RegionC,122
199,RegionD,505
199,RegionE,7
199,RegionF,18
200,RegionA,16
200,RegionB,18
200,RegionC,11
200,RegionD,151
200,RegionE,107
200,RegionF,124
201,RegionA,33
201,RegionB,42
201,RegionC,39
201,RegionD,333
201,RegionE,145
201,RegionF,90
202,RegionA,176
202,RegionB,75
202,RegionC,13
202,RegionD,325
202,RegionE,165
202,RegionF,36
203,RegionA,117
203,RegionB,9
203,RegionC,51
203,RegionD,188
203,RegionE,8
203,RegionF,25
204,RegionA,76
204,RegionB,92
204,RegionC,15
204,RegionD,289
204,RegionE,153
204,RegionF,74
205,RegionA,25
205,RegionB,24
205,RegionC,43
205,RegionD,322
205,RegionE,26
205,RegionF,147
206,RegionA,10
206,RegionB,110
206,RegionC,3
206,RegionD,80
206,RegionE,216
206,RegionF,124
207,RegionA,8
207,RegionB,43
207,RegionC,10
207,RegionD,126
207,RegionE,20
207,RegionF,55
208,RegionA,49
208,RegionB,31
208,RegionC,81
208,RegionD,243
208,RegionE,118
208,RegionF,51
209,RegionA,128
209,RegionB,22
209,RegionC,36
209,RegionD,76
209,RegionE,225
209,RegionF,21
210,RegionA,16
210,RegionB,85
210,RegionC,146
210,RegionD,298
210,RegionE,116
210,RegionF,0
211,RegionA,19
211,RegionB,116
211,RegionC,9
211,RegionD,97
211,RegionE,167
211,RegionF,10
212,RegionA,16
212,RegionB,17
212,RegionC,12
212,RegionD,403
212,RegionE,186
212,RegionF,151
213,RegionA,108
213,RegionB,16
213,RegionC,37
213,RegionD,54
213,RegionE,261
213,RegionF,88
214,RegionA,56
214,RegionB,48
214,RegionC,3
214,RegionD,193
214,RegionE,36
214,RegionF,357
215,RegionA,32
215,RegionB,25
215,RegionC,127
215,RegionD,98
215,RegionE,183
215,RegionF,205
216,RegionA,8
216,RegionB,0
216,RegionC,9
216,RegionD,108
216,RegionE,82
216,RegionF,319
217,RegionA,105
217,RegionB,39
217,RegionC,5
217,RegionD,189
217,RegionE,261
217,RegionF,267
218,RegionA,30
218,RegionB,63
218,RegionC,23
218,RegionD,297
218,RegionE,432
218,RegionF,20
219,RegionA,65
219,RegionB,41
219,RegionC,9
219,RegionD,144
219,RegionE,468
219,RegionF,216
220,RegionA,35
220,RegionB,66
220,RegionC,131
220,RegionD,90
220,RegionE,141
220,RegionF,208
221,RegionA,62
221,RegionB,22
221,RegionC,10
221,RegionD,220
221,RegionE,129
221,RegionF,97
222,RegionA,32
222,RegionB,0
222,RegionC,30
222,RegionD,180
222,RegionE,155
222,RegionF,319
223,RegionA,34
223,RegionB,105
223,RegionC,47
223,RegionD,559
223,RegionE,126
223,RegionF,57
224,RegionA,97
224,RegionB,52
224,RegionC,94
224,RegionD,298
224,RegionE,96
224,RegionF,75
225,RegionA,108
225,RegionB,119
225,RegionC,9
225,RegionD,91
225,RegionE,0
225,RegionF,124
226,RegionA,15
226,RegionB,54
226,RegionC,46
226,RegionD,318
226,RegionE,0
226,RegionF,208
227,RegionA,131
227,RegionB,16
227,RegionC,0
227,RegionD,114
227,RegionE,121
227,RegionF,500
228,RegionA,31
228,RegionB,47
228,RegionC,22
228,RegionD,211
228,RegionE,273
228,RegionF,421
229,RegionA,5
229,RegionB,135
229,RegionC,50
229,RegionD,337
229,RegionE,167
229,RegionF,427
230,RegionA,71
230,RegionB,70
230,RegionC,15
230,RegionD,62
230,RegionE,81
230,RegionF,261
231,RegionA,18
231,RegionB,7
231,RegionC,24
231,RegionD,73
231,RegionE,158
231,RegionF,7
232,RegionA,156
232,RegionB,51
232,RegionC,133
232,RegionD,94
232,RegionE,201
232,RegionF,126
233,RegionA,5
233,RegionB,39
233,RegionC,120
233,RegionD,165
233,RegionE,125
233,RegionF,172
234,RegionA,23
234,RegionB,31
234,RegionC,16
234,RegionD,28
234,RegionE,133
234,RegionF,99
235,RegionA,34
235,RegionB,102
235,RegionC,0
235,RegionD,541
235,RegionE,111
235,RegionF,258
236,RegionA,15
236,RegionB,34
236,RegionC,13
236,RegionD,320
236,RegionE,178
236,RegionF,282
237,RegionA,48
237,RegionB,99
237,RegionC,221
237,RegionD,35
237,RegionE,0
237,RegionF,0
238,RegionA,132
238,RegionB,53
238,RegionC,57
238,RegionD,150
238,RegionE,80
238,RegionF,0
239,RegionA,33
239,RegionB,23
239,RegionC,21
239,RegionD,57
239,RegionE,10
239,RegionF,219
240,RegionA,30
240,RegionB,21
240,RegionC,54
240,RegionD,159
240,RegionE,156
240,RegionF,246
241,RegionA,13
241,RegionB,101
241,RegionC,54
241,RegionD,100
241,RegionE,140
241,RegionF,302
242,RegionA,42
242,RegionB,23
242,RegionC,17
242,RegionD,139
242,RegionE,94
242,RegionF,220
243,RegionA,4
243,RegionB,11
243,RegionC,15
243,RegionD,290
243,RegionE,298
243,RegionF,154
244,RegionA,52
244,RegionB,30
244,RegionC,68
244,RegionD,182
244,RegionE,236
244,RegionF,0
245,RegionA,195
245,RegionB,98
245,RegionC,39
245,RegionD,131
245,RegionE,193
245,RegionF,172
246,RegionA,12
246,RegionB,2
246,RegionC,134
246,RegionD,237
246,RegionE,140
246,RegionF,149
247,RegionA,15
247,RegionB,33
247,RegionC,6
247,RegionD,354
247,RegionE,77
247,RegionF,27
248,RegionA,10
248,RegionB,32
248,RegionC,3
248,RegionD,116
248,RegionE,69
248,RegionF,102
249,RegionA,53
249,RegionB,41
249,RegionC,116
249,RegionD,218
249,RegionE,35
249,RegionF,258
250,RegionA,17
250,RegionB,22
250,RegionC,27
250,RegionD,569
250,RegionE,327
250,RegionF,39
251,RegionA,36
251,RegionB,27
251,RegionC,11
251,RegionD,138
251,RegionE,16
251,RegionF,310
252,RegionA,85
252,RegionB,25
252,RegionC,43
252,RegionD,399
252,RegionE,1
252,RegionF,178
253,RegionA,104
253,RegionB,107
253,RegionC,91
253,RegionD,308
253,RegionE,35
253,RegionF,197
254,RegionA,39
254,RegionB,12
254,RegionC,41
254,RegionD,121
254,RegionE,111
254,RegionF,33
255,RegionA,148
255,RegionB,277
255,RegionC,0
255,RegionD,291
255,RegionE,9
255,RegionF,145
256,RegionA,65
256,RegionB,13
256,RegionC,50
256,RegionD,149
256,RegionE,0
256,RegionF,0
257,RegionA,13
257,RegionB,31
257,RegionC,73
257,RegionD,276
257,RegionE,76
257,RegionF,101
258,RegionA,35
258,RegionB,101
258,RegionC,20
258,RegionD,367
258,RegionE,329
258,RegionF,32
259,RegionA,2
259,RegionB,140
259,RegionC,156
259,RegionD,187
259,RegionE,137
259,RegionF,149
260,RegionA,295
260,RegionB,23
260,RegionC,0
260,RegionD,273
260,RegionE,157
260,RegionF,110
261,RegionA,19
261,RegionB,34
261,RegionC,51
261,RegionD,95
261,RegionE,178
261,RegionF,135
262,RegionA,75
262,RegionB,40
262,RegionC,25
262,RegionD,196
262,RegionE,104
262,RegionF,54
263,RegionA,23
263,RegionB,59
263,RegionC,97
263,RegionD,92
263,RegionE,87
263,RegionF,258
264,RegionA,83
264,RegionB,84
264,RegionC,0
264,RegionD,156
264,RegionE,0
264,RegionF,19
265,RegionA,94
265,RegionB,114
265,RegionC,113
265,RegionD,340
265,RegionE,0
265,RegionF,55
266,RegionA,24
266,RegionB,102
266,RegionC,19
266,RegionD,347
266,RegionE,456
266,RegionF,68
267,RegionA,26
267,RegionB,107
267,RegionC,9
267,RegionD,85
267,RegionE,155
267,RegionF,134
268,RegionA,11
268,RegionB,72
268,RegionC,20
268,RegionD,252
268,RegionE,57
268,RegionF,152
269,RegionA,58
269,RegionB,29
269,RegionC,0
269,RegionD,99
269,RegionE,171
269,RegionF,245
270,RegionA,169
270,RegionB,91
270,RegionC,28
270,RegionD,453
270,RegionE,73
270,RegionF,183
271,RegionA,28
271,RegionB,99
271,RegionC,35
271,RegionD,125
271,RegionE,427
271,RegionF,278
272,RegionA,36
272,RegionB,14
272,RegionC,19
272,RegionD,77
272,RegionE,8
272,RegionF,200
273,RegionA,48
273,RegionB,126
273,RegionC,18
273,RegionD,106
273,RegionE,122
273,RegionF,285
274,RegionA,56
274,RegionB,40
274,RegionC,38
274,RegionD,15
274,RegionE,93
274,RegionF,21
275,RegionA,63
275,RegionB,125
275,RegionC,93
275,RegionD,447
275,RegionE,171
275,RegionF,228
276,RegionA,46
276,RegionB,8
276,RegionC,53
276,RegionD,229
276,RegionE,167
276,RegionF,0
277,RegionA,37
277,RegionB,129
277,RegionC,26
277,RegionD,91
277,RegionE,171
277,RegionF,60
278,RegionA,12
278,RegionB,21
278,RegionC,89
278,RegionD,395
278,RegionE,193
278,RegionF,41
279,RegionA,101
279,RegionB,61
279,RegionC,87
279,RegionD,186
279,RegionE,105
279,RegionF,131
280,RegionA,97
280,RegionB,9
280,RegionC,0
280,RegionD,202
280,RegionE,186
280,RegionF,53
281,RegionA,70
281,RegionB,3
281,RegionC,65
281,RegionD,225
281,RegionE,131
281,RegionF,136
282,RegionA,108
282,RegionB,360
282,RegionC,3
282,RegionD,120
282,RegionE,0
282,RegionF,10
283,RegionA,34
283,RegionB,21
283,RegionC,50
283,RegionD,420
283,RegionE,0
283,RegionF,16
284,RegionA,46
284,RegionB,90
284,RegionC,80
284,RegionD,265
284,RegionE,69
284,RegionF,9
285,RegionA,15
285,RegionB,68
285,RegionC,32
285,RegionD,173
285,RegionE,17
285,RegionF,0
286,RegionA,10
286,RegionB,202
286,RegionC,43
286,RegionD,96
286,RegionE,17
286,RegionF,59
287,RegionA,26
287,RegionB,122
287,RegionC,47
287,RegionD,149
287,RegionE,110
287,RegionF,29
288,RegionA,57
288,RegionB,41
288,RegionC,5
288,RegionD,193
288,RegionE,121
288,RegionF,296
289,RegionA,22
289,RegionB,30
289,RegionC,13
289,RegionD,82
289,RegionE,294
289,RegionF,203
290,RegionA,41
290,RegionB,165
290,RegionC,155
290,RegionD,365
290,RegionE,184
290,RegionF,85
291,RegionA,27
291,RegionB,48
291,RegionC,33
291,RegionD,84
291,RegionE,86
291,RegionF,0
292,RegionA,27
292,RegionB,71
292,RegionC,50
292,RegionD,5
292,RegionE,0
292,RegionF,723
293,RegionA,17
293,RegionB,133
293,RegionC,0
293,RegionD,324
293,RegionE,2
293,RegionF,180
294,RegionA,16
294,RegionB,18
294,RegionC,56
294,RegionD,252
294,RegionE,21
294,RegionF,280
295,RegionA,66
295,RegionB,44
295,RegionC,7
295,RegionD,215
295,RegionE,55
295,RegionF,0
296,RegionA,68
296,RegionB,2
296,RegionC,6
296,RegionD,25
296,RegionE,61
296,RegionF,5
297,RegionA,102
297,RegionB,68
297,RegionC,3
297,RegionD,134
297,RegionE,104
297,RegionF,64
298,RegionA,16
298,RegionB,48
298,RegionC,42
298,RegionD,332
298,RegionE,0
298,RegionF,79
299,RegionA,22
299,RegionB,28
299,RegionC,130
299,RegionD,238
299,RegionE,56
299,RegionF,247
300,RegionA,23
300,RegionB,26
300,RegionC,14
300,RegionD,4
300,RegionE,320
300,RegionF,82
301,RegionA,127
301,RegionB,19
301,RegionC,47
301,RegionD,261
301,RegionE,124
301,RegionF,213
302,RegionA,8
302,RegionB,22
302,RegionC,14
302,RegionD,311
302,RegionE,7
302,RegionF,56
303,RegionA,20
303,RegionB,15
303,RegionC,105
303,RegionD,237
303,RegionE,177
303,RegionF,35
304,RegionA,9
304,RegionB,99
304,RegionC,263
304,RegionD,158
304,RegionE,37
304,RegionF,255
305,RegionA,65
305,RegionB,74
305,RegionC,19
305,RegionD,95
305,RegionE,303
305,RegionF,233
306,RegionA,58
306,RegionB,39
306,RegionC,4
306,RegionD,108
306,RegionE,48
306,RegionF,190
307,RegionA,29
307,RegionB,17
307,RegionC,39
307,RegionD,146
307,RegionE,132
307,RegionF,174
308,RegionA,73
308,RegionB,1
308,RegionC,12
308,RegionD,341
308,RegionE,381
308,RegionF,67
309,RegionA,21
309,RegionB,87
309,RegionC,6
309,RegionD,36
309,RegionE,185
309,RegionF,20
310,RegionA,29
310,RegionB,33
310,RegionC,7
310,RegionD,162
310,RegionE,31
310,RegionF,29
311,RegionA,18
311,RegionB,6
311,RegionC,86
311,RegionD,271
311,RegionE,95
311,RegionF,96
312,RegionA,25
312,RegionB,22
312,RegionC,12
312,RegionD,140
312,RegionE,7
312,RegionF,288
313,RegionA,45
313,RegionB,126
313,RegionC,8
313,RegionD,246
313,RegionE,230
313,RegionF,7
314,RegionA,133
314,RegionB,253
314,RegionC,8
314,RegionD,245
314,RegionE,305
314,RegionF,369
315,RegionA,5
315,RegionB,9
315,RegionC,144
315,RegionD,179
315,RegionE,361
315,RegionF,95
316,RegionA,113
316,RegionB,80
316,RegionC,38
316,RegionD,238
316,RegionE,134
316,RegionF,5
317,RegionA,8
317,RegionB,37
317,RegionC,177
317,RegionD,366
317,RegionE,135
317,RegionF,19
318,RegionA,125
318,RegionB,77
318,RegionC,142
318,RegionD,555
318,RegionE,1
318,RegionF,195
319,RegionA,39
319,RegionB,0
319,RegionC,42
319,RegionD,244
319,RegionE,129
319,RegionF,78
320,RegionA,100
320,RegionB,53
320,RegionC,5
320,RegionD,146
320,RegionE,108
320,RegionF,247
321,RegionA,85
321,RegionB,41
321,RegionC,151
321,RegionD,126
321,RegionE,110
321,RegionF,195
322,RegionA,17
322,RegionB,28
322,RegionC,0
322,RegionD,283
322,RegionE,71
322,RegionF,238
323,RegionA,24
323,RegionB,105
323,RegionC,4
323,RegionD,125
323,RegionE,120
323,RegionF,149
324,RegionA,15
324,RegionB,24
324,RegionC,3
324,RegionD,46
324,RegionE,285
324,RegionF,142
325,RegionA,108
325,RegionB,71
325,RegionC,36
325,RegionD,252
325,RegionE,37
325,RegionF,300
326,RegionA,24
326,RegionB,15
326,RegionC,3
326,RegionD,295
326,RegionE,230
326,RegionF,21
327,RegionA,125
327,RegionB,13
327,RegionC,17
327,RegionD,497
327,RegionE,142
327,RegionF,119
328,RegionA,125
328,RegionB,283
328,RegionC,21
328,RegionD,34
328,RegionE,192
328,RegionF,186
329,RegionA,7
329,RegionB,30
329,RegionC,1
329,RegionD,112
329,RegionE,294
329,RegionF,290
330,RegionA,45
330,RegionB,34
330,RegionC,16
330,RegionD,52
330,RegionE,378
330,RegionF,0
331,RegionA,32
331,RegionB,54
331,RegionC,0
331,RegionD,299
331,RegionE,208
331,RegionF,0
332,RegionA,52
332,RegionB,50
332,RegionC,22
332,RegionD,18
332,RegionE,0
332,RegionF,86
333,RegionA,170
333,RegionB,10
333,RegionC,7
333,RegionD,169
333,RegionE,37
333,RegionF,273
334,RegionA,69
334,RegionB,21
334,RegionC,16
334,RegionD,144
334,RegionE,303
334,RegionF,95
335,RegionA,77
335,RegionB,41
335,RegionC,85
335,RegionD,90
335,RegionE,133
335,RegionF,120
336,RegionA,25
336,RegionB,14
336,RegionC,55
336,RegionD,242
336,RegionE,0
336,RegionF,4
337,RegionA,175
337,RegionB,101
337,RegionC,11
337,RegionD,164
337,RegionE,47
337,RegionF,62
338,RegionA,30
338,RegionB,42
338,RegionC,29
338,RegionD,230
338,RegionE,62
338,RegionF,315
339,RegionA,38
339,RegionB,8
339,RegionC,34
339,RegionD,90
339,RegionE,179
339,RegionF,24
340,RegionA,24
340,RegionB,34
340,RegionC,48
340,RegionD,31
340,RegionE,11
340,RegionF,29
341,RegionA,10
341,RegionB,28
341,RegionC,141
341,RegionD,149
341,RegionE,146
341,RegionF,174
342,RegionA,5
342,RegionB,204
342,RegionC,31
342,RegionD,229
342,RegionE,464
342,RegionF,205
343,RegionA,5
343,RegionB,30
343,RegionC,19
343,RegionD,115
343,RegionE,120
343,RegionF,115
344,RegionA,19
344,RegionB,16
344,RegionC,6
344,RegionD,367
344,RegionE,13
344,RegionF,126
345,RegionA,25
345,RegionB,18
345,RegionC,22
345,RegionD,71
345,RegionE,211
345,RegionF,196
346,RegionA,149
346,RegionB,83
346,RegionC,17
346,RegionD,257
346,RegionE,217
346,RegionF,147
347,RegionA,61
347,RegionB,79
347,RegionC,135
347,RegionD,396
347,RegionE,223
347,RegionF,39
348,RegionA,72
348,RegionB,159
348,RegionC,25
348,RegionD,103
348,RegionE,314
348,RegionF,68
349,RegionA,64
349,RegionB,22
349,RegionC,24
349,RegionD,181
349,RegionE,147
349,RegionF,131
350,RegionA,35
350,RegionB,115
350,RegionC,10
350,RegionD,178
350,RegionE,110
350,RegionF,136
351,RegionA,71
351,RegionB,115
351,RegionC,17
351,RegionD,160
351,RegionE,292
351,RegionF,99
352,RegionA,15
352,RegionB,20
352,RegionC,66
352,RegionD,147
352,RegionE,0
352,RegionF,89
353,RegionA,15
353,RegionB,160
353,RegionC,25
353,RegionD,36
353,RegionE,54
353,RegionF,366
354,RegionA,13
354,RegionB,38
354,RegionC,102
354,RegionD,64
354,RegionE,30
354,RegionF,256
355,RegionA,31
355,RegionB,29
355,RegionC,32
355,RegionD,246
355,RegionE,149
355,RegionF,30
356,RegionA,108
356,RegionB,29
356,RegionC,79
356,RegionD,177
356,RegionE,0
356,RegionF,473
357,RegionA,23
357,RegionB,42
357,RegionC,7
357,RegionD,256
357,RegionE,73
357,RegionF,52
358,RegionA,14
358,RegionB,116
358,RegionC,3
358,RegionD,234
358,RegionE,88
358,RegionF,93
359,RegionA,4
359,RegionB,99
359,RegionC,25
359,RegionD,108
359,RegionE,34
359,RegionF,287
360,RegionA,72
360,RegionB,81
360,RegionC,4
360,RegionD,113
360,RegionE,117
360,RegionF,279
361,RegionA,84
361,RegionB,14
361,RegionC,129
361,RegionD,164
361,RegionE,28
361,RegionF,124
362,RegionA,44
362,RegionB,9
362,RegionC,4
362,RegionD,197
362,RegionE,167
362,RegionF,238
363,RegionA,37
363,RegionB,29
363,RegionC,2
363,RegionD,193
363,RegionE,16
363,RegionF,228
364,RegionA,176
364,RegionB,15
364,RegionC,70
364,RegionD,300
364,RegionE,64
364,RegionF,0
365,RegionA,95
365,RegionB,81
365,RegionC,35
365,RegionD,248
365,RegionE,24
365,RegionF,204
366,RegionA,132
366,RegionB,110
366,RegionC,49
366,RegionD,240
366,RegionE,115
366,RegionF,22
367,RegionA,29
367,RegionB,12
367,RegionC,60
367,RegionD,215
367,RegionE,186
367,RegionF,23
368,RegionA,24
368,RegionB,218
368,RegionC,30
368,RegionD,35
368,RegionE,151
368,RegionF,0
369,RegionA,88
369,RegionB,43
369,RegionC,22
369,RegionD,406
369,RegionE,170
369,RegionF,103
370,RegionA,115
370,RegionB,15
370,RegionC,47
370,RegionD,307
370,RegionE,9
370,RegionF,189
371,RegionA,14
371,RegionB,4
371,RegionC,16
371,RegionD,359
371,RegionE,247
371,RegionF,62
372,RegionA,10
372,RegionB,0
372,RegionC,29
372,RegionD,55
372,RegionE,108
372,RegionF,227
373,RegionA,90
373,RegionB,38
373,RegionC,6
373,RegionD,198
373,RegionE,31
373,RegionF,68
374,RegionA,12
374,RegionB,40
374,RegionC,22
374,RegionD,65
374,RegionE,140
374,RegionF,51
375,RegionA,16
375,RegionB,20
375,RegionC,0
375,RegionD,51
375,RegionE,120
375,RegionF,360
376,RegionA,40
376,RegionB,62
376,RegionC,25
376,RegionD,126
376,RegionE,19
376,RegionF,16
377,RegionA,90
377,RegionB,7
377,RegionC,111
377,RegionD,90
377,RegionE,112
377,RegionF,76
378,RegionA,10
378,RegionB,18
378,RegionC,61
378,RegionD,89
378,RegionE,167
378,RegionF,36
379,RegionA,7
379,RegionB,9
379,RegionC,0
379,RegionD,323
379,RegionE,180
379,RegionF,72
380,RegionA,42
380,RegionB,121
380,RegionC,24
380,RegionD,523
380,RegionE,71
380,RegionF,166
381,RegionA,89
381,RegionB,66
381,RegionC,119
381,RegionD,210
381,RegionE,45
381,RegionF,18
382,RegionA,36
382,RegionB,10
382,RegionC,118
382,RegionD,667
382,RegionE,27
382,RegionF,237
383,RegionA,39
383,RegionB,9
383,RegionC,98
383,RegionD,251
383,RegionE,54
383,RegionF,351
384,RegionA,37
384,RegionB,32
384,RegionC,0
384,RegionD,276
384,RegionE,17
384,RegionF,70
385,RegionA,20
385,RegionB,0
385,RegionC,32
385,RegionD,163
385,RegionE,34
385,RegionF,190
386,RegionA,0
386,RegionB,9
386,RegionC,7
386,RegionD,86
386,RegionE,245
386,RegionF,66
387,RegionA,94
387,RegionB,28
387,RegionC,5
387,RegionD,278
387,RegionE,207
387,RegionF,8
388,RegionA,76
388,RegionB,6
388,RegionC,19
388,RegionD,441
388,RegionE,105
388,RegionF,53
389,RegionA,21
389,RegionB,76
389,RegionC,36
389,RegionD,141
389,RegionE,49
389,RegionF,171
390,RegionA,76
390,RegionB,15
390,RegionC,11
390,RegionD,280
390,RegionE,18
390,RegionF,167
391,RegionA,26
391,RegionB,20
391,RegionC,43
391,RegionD,350
391,RegionE,107
391,RegionF,203
392,RegionA,42
392,RegionB,12
392,RegionC,18
392,RegionD,352
392,RegionE,125
392,RegionF,146
393,RegionA,59
393,RegionB,26
393,RegionC,14
393,RegionD,330
393,RegionE,395
393,RegionF,76
394,RegionA,11
394,RegionB,9
394,RegionC,4
394,RegionD,251
394,RegionE,0
394,RegionF,486
395,RegionA,19
395,RegionB,9
395,RegionC,107
395,RegionD,90
395,RegionE,60
395,RegionF,155
396,RegionA,32
396,RegionB,12
396,RegionC,9
396,RegionD,3
396,RegionE,269
396,RegionF,54
397,RegionA,13
397,RegionB,70
397,RegionC,0
397,RegionD,85
397,RegionE,84
397,RegionF,96
398,RegionA,41
398,RegionB,6
398,RegionC,44
398,RegionD,72
398,RegionE,254
398,RegionF,125
399,RegionA,22
399,RegionB,17
399,RegionC,8
399,RegionD,139
399,RegionE,143
399,RegionF,232
400,RegionA,60
400,RegionB,21
400,RegionC,24
400,RegionD,463
400,RegionE,151
400,RegionF,207
401,RegionA,21
401,RegionB,4
401,RegionC,46
401,RegionD,180
401,RegionE,55
401,RegionF,185
402,RegionA,53
402,RegionB,41
402,RegionC,126
402,RegionD,79
402,RegionE,132
402,RegionF,284
403,RegionA,41
403,RegionB,0
403,RegionC,34
403,RegionD,439
403,RegionE,53
403,RegionF,115
404,RegionA,46
404,RegionB,27
404,RegionC,197
404,RegionD,18
404,RegionE,2
404,RegionF,83
405,RegionA,33
405,RegionB,62
405,RegionC,8
405,RegionD,216
405,RegionE,344
405,RegionF,47
406,RegionA,42
406,RegionB,24
406,RegionC,11
406,RegionD,292
406,RegionE,224
406,RegionF,123
407,RegionA,98
407,RegionB,95
407,RegionC,24
407,RegionD,13
407,RegionE,135
407,RegionF,77
408,RegionA,85
408,RegionB,188
408,RegionC,109
408,RegionD,328
408,RegionE,42
408,RegionF,75
409,RegionA,30
409,RegionB,5
409,RegionC,98
409,RegionD,211
409,RegionE,182
409,RegionF,187
410,RegionA,103
410,RegionB,42
410,RegionC,69
410,RegionD,107
410,RegionE,165
410,RegionF,261
411,RegionA,89
411,RegionB,107
411,RegionC,36
411,RegionD,163
411,RegionE,236
411,RegionF,197
412,RegionA,20
412,RegionB,43
412,RegionC,4
412,RegionD,82
412,RegionE,178
412,RegionF,21
413,RegionA,12
413,RegionB,63
413,RegionC,11
413,RegionD,336
413,RegionE,124
413,RegionF,319
414,RegionA,29
414,RegionB,15
414,RegionC,110
414,RegionD,512
414,RegionE,252
414,RegionF,72
415,RegionA,42
415,RegionB,23
415,RegionC,16
415,RegionD,0
415,RegionE,183
415,RegionF,97
416,RegionA,54
416,RegionB,60
416,RegionC,0
416,RegionD,0
416,RegionE,187
416,RegionF,152
417,RegionA,55
417,RegionB,15
417,RegionC,32
417,RegionD,130
417,RegionE,137
417,RegionF,190
418,RegionA,51
418,RegionB,15
418,RegionC,16
418,RegionD,89
418,RegionE,192
418,RegionF,123
419,RegionA,68
419,RegionB,103
419,RegionC,48
419,RegionD,315
419,RegionE,6
419,RegionF,74
420,RegionA,19
420,RegionB,28
420,RegionC,31
420,RegionD,158
420,RegionE,132
420,RegionF,143
421,RegionA,70
421,RegionB,0
421,RegionC,72
421,RegionD,214
421,RegionE,190
421,RegionF,60
422,RegionA,59
422,RegionB,30
422,RegionC,126
422,RegionD,381
422,RegionE,19
422,RegionF,118
423,RegionA,75
423,RegionB,31
423,RegionC,23
423,RegionD,262
423,RegionE,139
423,RegionF,175
424,RegionA,10
424,RegionB,52
424,RegionC,172
424,RegionD,71
424,RegionE,239
424,RegionF,262
425,RegionA,28
425,RegionB,112
425,RegionC,27
425,RegionD,190
425,RegionE,152
425,RegionF,130
426,RegionA,14
426,RegionB,60
426,RegionC,7
426,RegionD,263
426,RegionE,145
426,RegionF,0
427,RegionA,57
427,RegionB,174
427,RegionC,21
427,RegionD,249
427,RegionE,0
427,RegionF,0
428,RegionA,82
428,RegionB,7
428,RegionC,26
428,RegionD,263
428,RegionE,9
428,RegionF,196
429,RegionA,25
429,RegionB,50
429,RegionC,30
429,RegionD,610
429,RegionE,9
429,RegionF,116
430,RegionA,11
430,RegionB,16
430,RegionC,21
430,RegionD,178
430,RegionE,423
430,RegionF,127
431,RegionA,32
431,RegionB,55
431,RegionC,5
431,RegionD,355
431,RegionE,67
431,RegionF,0
432,RegionA,7
432,RegionB,43
432,RegionC,7
432,RegionD,192
432,RegionE,199
432,RegionF,335
433,RegionA,67
433,RegionB,8
433,RegionC,256
433,RegionD,38
433,RegionE,8
433,RegionF,198
434,RegionA,157
434,RegionB,28
434,RegionC,37
434,RegionD,262
434,RegionE,104
434,RegionF,237
435,RegionA,308
435,RegionB,28
435,RegionC,39
435,RegionD,50
435,RegionE,289
435,RegionF,130
436,RegionA,11
436,RegionB,91
436,RegionC,35
436,RegionD,51
436,RegionE,118
436,RegionF,113
437,RegionA,93
437,RegionB,22
437,RegionC,134
437,RegionD,289
437,RegionE,62
437,RegionF,153
438,RegionA,155
438,RegionB,43
438,RegionC,25
438,RegionD,109
438,RegionE,197
438,RegionF,124
439,RegionA,51
439,RegionB,5
439,RegionC,19
439,RegionD,251
439,RegionE,155
439,RegionF,0
440,RegionA,2
440,RegionB,32
440,RegionC,4
440,RegionD,211
440,RegionE,152
440,RegionF,257
441,RegionA,32
441,RegionB,39
441,RegionC,57
441,RegionD,428
441,RegionE,219
441,RegionF,113
442,RegionA,56
442,RegionB,19
442,RegionC,18
442,RegionD,190
442,RegionE,138
442,RegionF,290
443,RegionA,131
443,RegionB,7
443,RegionC,27
443,RegionD,134
443,RegionE,23
443,RegionF,7
444,RegionA,38
444,RegionB,18
444,RegionC,41
444,RegionD,199
444,RegionE,68
444,RegionF,165
445,RegionA,15
445,RegionB,30
445,RegionC,22
445,RegionD,600
445,RegionE,135
445,RegionF,264
446,RegionA,43
446,RegionB,8
446,RegionC,41
446,RegionD,103
446,RegionE,0
446,RegionF,223
447,RegionA,123
447,RegionB,37
447,RegionC,21
447,RegionD,302
447,RegionE,203
447,RegionF,255
448,RegionA,64
448,RegionB,25
448,RegionC,13
448,RegionD,0
448,RegionE,159
448,RegionF,152
449,RegionA,147
449,RegionB,191
449,RegionC,4
449,RegionD,218
449,RegionE,42
449,RegionF,88
450,RegionA,50
450,RegionB,42
450,RegionC,28
450,RegionD,0
450,RegionE,60
450,RegionF,144
451,RegionA,59
451,RegionB,150
451,RegionC,22
451,RegionD,98
451,RegionE,98
451,RegionF,97
452,RegionA,32
452,RegionB,23
452,RegionC,9
452,RegionD,207
452,RegionE,109
452,RegionF,144
453,RegionA,153
453,RegionB,116
453,RegionC,101
453,RegionD,29
453,RegionE,261
453,RegionF,247
454,RegionA,42
454,RegionB,16
454,RegionC,42
454,RegionD,145
454,RegionE,245
454,RegionF,67
455,RegionA,32
455,RegionB,14
455,RegionC,49
455,RegionD,316
455,RegionE,116
455,RegionF,113
456,RegionA,24
456,RegionB,48
456,RegionC,10
456,RegionD,163
456,RegionE,81
456,RegionF,125
457,RegionA,114
457,RegionB,3
457,RegionC,2
457,RegionD,70
457,RegionE,52
457,RegionF,78
458,RegionA,22
458,RegionB,33
458,RegionC,24
458,RegionD,7
458,RegionE,22
458,RegionF,86
459,RegionA,73
459,RegionB,30
459,RegionC,23
459,RegionD,173
459,RegionE,179
459,RegionF,101
460,RegionA,17
460,RegionB,13
460,RegionC,19
460,RegionD,236
460,RegionE,123
460,RegionF,246
461,RegionA,56
461,RegionB,34
461,RegionC,7
461,RegionD,169
461,RegionE,15
461,RegionF,49
462,RegionA,43
462,RegionB,11
462,RegionC,74
462,RegionD,488
462,RegionE,92
462,RegionF,4
463,RegionA,60
463,RegionB,8
463,RegionC,6
463,RegionD,0
463,RegionE,22
463,RegionF,102
464,RegionA,10
464,RegionB,19
464,RegionC,0
464,RegionD,218
464,RegionE,295
464,RegionF,128
465,RegionA,4
465,RegionB,14
465,RegionC,12
465,RegionD,313
465,RegionE,0
465,RegionF,268
466,RegionA,8
466,RegionB,19
466,RegionC,3
466,RegionD,310
466,RegionE,32
466,RegionF,94
467,RegionA,191
467,RegionB,127
467,RegionC,8
467,RegionD,128
467,RegionE,35
467,RegionF,159
468,RegionA,21
468,RegionB,182
468,RegionC,37
468,RegionD,117
468,RegionE,49
468,RegionF,24
469,RegionA,43
469,RegionB,14
469,RegionC,22
469,RegionD,514
469,RegionE,98
469,RegionF,96
470,RegionA,29
470,RegionB,62
470,RegionC,21
470,RegionD,266
470,RegionE,18
470,RegionF,29
471,RegionA,0
471,RegionB,45
471,RegionC,133
471,RegionD,194
471,RegionE,341
471,RegionF,133
472,RegionA,20
472,RegionB,1
472,RegionC,21
472,RegionD,58
472,RegionE,214
472,RegionF,234
473,RegionA,16
473,RegionB,37
473,RegionC,13
473,RegionD,37
473,RegionE,12
473,RegionF,240
474,RegionA,49
474,RegionB,161
474,RegionC,24
474,RegionD,113
474,RegionE,438
474,RegionF,97
475,RegionA,119
475,RegionB,27
475,RegionC,19
475,RegionD,119
475,RegionE,76
475,RegionF,144
476,RegionA,44
476,RegionB,39
476,RegionC,191
476,RegionD,281
476,RegionE,18
476,RegionF,129
477,RegionA,14
477,RegionB,217
477,RegionC,13
477,RegionD,78
477,RegionE,204
477,RegionF,141
478,RegionA,10
478,RegionB,18
478,RegionC,79
478,RegionD,23
478,RegionE,100
478,RegionF,0
479,RegionA,27
479,RegionB,3
479,RegionC,39
479,RegionD,133
479,RegionE,181
479,RegionF,7
480,RegionA,37
480,RegionB,75
480,RegionC,22
480,RegionD,369
480,RegionE,93
480,RegionF,237
481,RegionA,25
481,RegionB,123
481,RegionC,9
481,RegionD,259
481,RegionE,234
481,RegionF,199
482,RegionA,19
482,RegionB,19
482,RegionC,6
482,RegionD,325
482,RegionE,216
482,RegionF,125
483,RegionA,18
483,RegionB,180
483,RegionC,33
483,RegionD,201
483,RegionE,0
483,RegionF,1
484,RegionA,194
484,RegionB,56
484,RegionC,309
484,RegionD,51
484,RegionE,46
484,RegionF,392
485,RegionA,63
485,RegionB,0
485,RegionC,22
485,RegionD,40
485,RegionE,183
485,RegionF,0
486,RegionA,1
486,RegionB,69
486,RegionC,142
486,RegionD,137
486,RegionE,0
486,RegionF,323
487,RegionA,13
487,RegionB,59
487,RegionC,109
487,RegionD,109
487,RegionE,16
487,RegionF,246
488,RegionA,30
488,RegionB,112
488,RegionC,19
488,RegionD,62
488,RegionE,72
488,RegionF,93
489,RegionA,30
489,RegionB,51
489,RegionC,39
489,RegionD,109
489,RegionE,270
489,RegionF,16
490,RegionA,0
490,RegionB,4
490,RegionC,8
490,RegionD,296
490,RegionE,262
490,RegionF,168
491,RegionA,9
491,RegionB,43
491,RegionC,23
491,RegionD,97
491,RegionE,209
491,RegionF,113
492,RegionA,10
492,RegionB,136
492,RegionC,46
492,RegionD,236
492,RegionE,78
492,RegionF,34
493,RegionA,8
493,RegionB,143
493,RegionC,94
493,RegionD,19
493,RegionE,191
493,RegionF,174
494,RegionA,53
494,RegionB,61
494,RegionC,43
494,RegionD,21
494,RegionE,209
494,RegionF,163
495,RegionA,114
495,RegionB,114
495,RegionC,10
495,RegionD,216
495,RegionE,174
495,RegionF,0
496,RegionA,26
496,RegionB,42
496,RegionC,145
496,RegionD,124
496,RegionE,0
496,RegionF,50
497,RegionA,63
497,RegionB,13
497,RegionC,12
497,RegionD,270
497,RegionE,173
497,RegionF,45
498,RegionA,0
498,RegionB,16
498,RegionC,0
498,RegionD,74
498,RegionE,128
498,RegionF,72
499,RegionA,143
499,RegionB,26
499,RegionC,126
499,RegionD,17
499,RegionE,9
499,RegionF,228
500,RegionA,29
500,RegionB,131
500,RegionC,15
500,RegionD,248
500,RegionE,119
500,RegionF,12
501,RegionA,188
501,RegionB,11
501,RegionC,18
501,RegionD,8
501,RegionE,17
501,RegionF,369
502,RegionA,17
502,RegionB,21
502,RegionC,18
502,RegionD,179
502,RegionE,13
502,RegionF,0
503,RegionA,52
503,RegionB,20
503,RegionC,43
503,RegionD,400
503,RegionE,72
503,RegionF,355
504,RegionA,25
504,RegionB,53
504,RegionC,22
504,RegionD,109
504,RegionE,33
504,RegionF,148
505,RegionA,37
505,RegionB,124
505,RegionC,13
505,RegionD,336
505,RegionE,232
505,RegionF,149
506,RegionA,38
506,RegionB,56
506,RegionC,32
506,RegionD,136
506,RegionE,344
506,RegionF,71
507,RegionA,9
507,RegionB,63
507,RegionC,17
507,RegionD,291
507,RegionE,229
507,RegionF,226
508,RegionA,133
508,RegionB,97
508,RegionC,11
508,RegionD,38
508,RegionE,259
508,RegionF,69
509,RegionA,57
509,RegionB,32
509,RegionC,4
509,RegionD,256
509,RegionE,100
509,RegionF,170
510,RegionA,77
510,RegionB,63
510,RegionC,72
510,RegionD,309
510,RegionE,258
510,RegionF,173
511,RegionA,33
511,RegionB,11
511,RegionC,64
511,RegionD,134
511,RegionE,120
511,RegionF,62
512,RegionA,56
512,RegionB,113
512,RegionC,6
512,RegionD,159
512,RegionE,167
512,RegionF,298
513,RegionA,24
513,RegionB,20
513,RegionC,1
513,RegionD,139
513,RegionE,28
513,RegionF,81
514,RegionA,97
514,RegionB,38
514,RegionC,44
514,RegionD,16
514,RegionE,48
514,RegionF,80
515,RegionA,10
515,RegionB,31
515,RegionC,6
515,RegionD,227
515,RegionE,218
515,RegionF,53
516,RegionA,37
516,RegionB,45
516,RegionC,41
516,RegionD,120
516,RegionE,46
516,RegionF,160
517,RegionA,138
517,RegionB,32
517,RegionC,16
517,RegionD,202
517,RegionE,115
517,RegionF,158
518,RegionA,65
518,RegionB,17
518,RegionC,21
518,RegionD,245
518,RegionE,29
518,RegionF,266
519,RegionA,60
519,RegionB,87
519,RegionC,145
519,RegionD,143
519,RegionE,259
519,RegionF,47
520,RegionA,37
520,RegionB,42
520,RegionC,38
520,RegionD,135
520,RegionE,116
520,RegionF,210
521,RegionA,74
521,RegionB,146
521,RegionC,2
521,RegionD,84
521,RegionE,228
521,RegionF,119
522,RegionA,215
522,RegionB,82
522,RegionC,13
522,RegionD,317
522,RegionE,7
522,RegionF,184
523,RegionA,22
523,RegionB,8
523,RegionC,7
523,RegionD,152
523,RegionE,67
523,RegionF,86
524,RegionA,4
524,RegionB,31
524,RegionC,123
524,RegionD,71
524,RegionE,79
524,RegionF,0
525,RegionA,23
525,RegionB,132
525,RegionC,106
525,RegionD,175
525,RegionE,130
525,RegionF,104
526,RegionA,109
526,RegionB,82
526,RegionC,86
526,RegionD,81
526,RegionE,261
526,RegionF,62
527,RegionA,149
527,RegionB,67
527,RegionC,67
527,RegionD,172
527,RegionE,92
527,RegionF,188
528,RegionA,110
528,RegionB,34
528,RegionC,3
528,RegionD,160
528,RegionE,0
528,RegionF,130
529,RegionA,15
529,RegionB,19
529,RegionC,16
529,RegionD,516
529,RegionE,167
529,RegionF,4
530,RegionA,13
530,RegionB,13
530,RegionC,125
530,RegionD,233
530,RegionE,43
530,RegionF,95
531,RegionA,28
531,RegionB,58
531,RegionC,13
531,RegionD,480
531,RegionE,372
531,RegionF,210
532,RegionA,41
532,RegionB,79
532,RegionC,20
532,RegionD,156
532,RegionE,184
532,RegionF,51
533,RegionA,101
533,RegionB,12
533,RegionC,129
533,RegionD,6
533,RegionE,19
533,RegionF,141
534,RegionA,101
534,RegionB,90
534,RegionC,66
534,RegionD,221
534,RegionE,18
534,RegionF,178
535,RegionA,178
535,RegionB,58
535,RegionC,171
535,RegionD,26
535,RegionE,281
535,RegionF,0
536,RegionA,47
536,RegionB,101
536,RegionC,26
536,RegionD,129
536,RegionE,192
536,RegionF,0
537,RegionA,17
537,RegionB,8
537,RegionC,112
537,RegionD,60
537,RegionE,77
537,RegionF,260
538,RegionA,37
538,RegionB,0
538,RegionC,7
538,RegionD,145
538,RegionE,138
538,RegionF,107
539,RegionA,33
539,RegionB,136
539,RegionC,129
539,RegionD,364
539,RegionE,252
539,RegionF,37
540,RegionA,11
540,RegionB,147
540,RegionC,20
540,RegionD,55
540,RegionE,37
540,RegionF,222
541,RegionA,5
541,RegionB,29
541,RegionC,146
541,RegionD,82
541,RegionE,121
541,RegionF,182
542,RegionA,23
542,RegionB,35
542,RegionC,47
542,RegionD,34
542,RegionE,199
542,RegionF,22
543,RegionA,21
543,RegionB,62
543,RegionC,181
543,RegionD,420
543,RegionE,291
543,RegionF,302
544,RegionA,9
544,RegionB,15
544,RegionC,13
544,RegionD,15
544,RegionE,329
544,RegionF,232
545,RegionA,35
545,RegionB,10
545,RegionC,27
545,RegionD,78
545,RegionE,394
545,RegionF,163
546,RegionA,30
546,RegionB,7
546,RegionC,70
546,RegionD,143
546,RegionE,145
546,RegionF,100
547,RegionA,44
547,RegionB,9
547,RegionC,10
547,RegionD,220
547,RegionE,378
547,RegionF,16
548,RegionA,69
548,RegionB,13
548,RegionC,22
548,RegionD,295
548,RegionE,213
548,RegionF,74
549,RegionA,0
549,RegionB,67
549,RegionC,113
549,RegionD,27
549,RegionE,312
549,RegionF,95
550,RegionA,29
550,RegionB,23
550,RegionC,43
550,RegionD,255
550,RegionE,202
550,RegionF,4
551,RegionA,113
551,RegionB,49
551,RegionC,23
551,RegionD,149
551,RegionE,69
551,RegionF,136
552,RegionA,23
552,RegionB,6
552,RegionC,0
552,RegionD,119
552,RegionE,0
552,RegionF,128
553,RegionA,108
553,RegionB,74
553,RegionC,18
553,RegionD,370
553,RegionE,20
553,RegionF,267
554,RegionA,15
554,RegionB,5
554,RegionC,0
554,RegionD,301
554,RegionE,259
554,RegionF,92
555,RegionA,47
555,RegionB,61
555,RegionC,161
555,RegionD,162
555,RegionE,90
555,RegionF,223
556,RegionA,21
556,RegionB,91
556,RegionC,12
556,RegionD,123
556,RegionE,336
556,RegionF,408
557,RegionA,40
557,RegionB,25
557,RegionC,94
557,RegionD,58
557,RegionE,14
557,RegionF,182
558,RegionA,71
558,RegionB,64
558,RegionC,19
558,RegionD,165
558,RegionE,127
558,RegionF,24
559,RegionA,132
559,RegionB,51
559,RegionC,30
559,RegionD,48
559,RegionE,0
559,RegionF,133
560,RegionA,30
560,RegionB,35
560,RegionC,99
560,RegionD,225
560,RegionE,76
560,RegionF,101
561,RegionA,20
561,RegionB,25
561,RegionC,63
561,RegionD,50
561,RegionE,317
561,RegionF,23
562,RegionA,133
562,RegionB,56
562,RegionC,23
562,RegionD,238
562,RegionE,91
562,RegionF,131
563,RegionA,89
563,RegionB,70
563,RegionC,32
563,RegionD,368
563,RegionE,85
563,RegionF,128
564,RegionA,15
564,RegionB,26
564,RegionC,140
564,RegionD,162
564,RegionE,30
564,RegionF,123
565,RegionA,75
565,RegionB,8
565,RegionC,6
565,RegionD,374
565,RegionE,113
565,RegionF,319
566,RegionA,149
566,RegionB,40
566,RegionC,55
566,RegionD,114
566,RegionE,72
566,RegionF,16
567,RegionA,38
567,RegionB,6
567,RegionC,9
567,RegionD,225
567,RegionE,113
567,RegionF,47
568,RegionA,131
568,RegionB,46
568,RegionC,13
568,RegionD,232
568,RegionE,152
568,RegionF,132
569,RegionA,9
569,RegionB,39
569,RegionC,21
569,RegionD,42
569,RegionE,0
569,RegionF,55
570,RegionA,122
570,RegionB,47
570,RegionC,117
570,RegionD,237
570,RegionE,24
570,RegionF,33
571,RegionA,20
571,RegionB,0
571,RegionC,162
571,RegionD,183
571,RegionE,288
571,RegionF,123
572,RegionA,154
572,RegionB,25
572,RegionC,28
572,RegionD,252
572,RegionE,227
572,RegionF,43
573,RegionA,36
573,RegionB,34
573,RegionC,5
573,RegionD,224
573,RegionE,346
573,RegionF,159
574,RegionA,104
574,RegionB,27
574,RegionC,16
574,RegionD,164
574,RegionE,0
574,RegionF,64
575,RegionA,54
575,RegionB,184
575,RegionC,5
575,RegionD,320
575,RegionE,26
575,RegionF,150
576,RegionA,146
576,RegionB,86
576,RegionC,17
576,RegionD,6
576,RegionE,52
576,RegionF,106
577,RegionA,65
577,RegionB,3
577,RegionC,25
577,RegionD,196
577,RegionE,120
577,RegionF,209
578,RegionA,59
578,RegionB,52
578,RegionC,42
578,RegionD,5
578,RegionE,27
578,RegionF,55
579,RegionA,9
579,RegionB,33
579,RegionC,31
579,RegionD,35
579,RegionE,124
579,RegionF,345
580,RegionA,82
580,RegionB,24
580,RegionC,129
580,RegionD,75
580,RegionE,107
580,RegionF,5
581,RegionA,27
581,RegionB,31
581,RegionC,23
581,RegionD,91
581,RegionE,0
581,RegionF,224
582,RegionA,122
582,RegionB,135
582,RegionC,23
582,RegionD,188
582,RegionE,0
582,RegionF,27
583,RegionA,35
583,RegionB,34
583,RegionC,36
583,RegionD,157
583,RegionE,188
583,RegionF,7
584,RegionA,31
584,RegionB,45
584,RegionC,20
584,RegionD,63
584,RegionE,68
584,RegionF,65
585,RegionA,15
585,RegionB,20
585,RegionC,48
585,RegionD,125
585,RegionE,66
585,RegionF,0
586,RegionA,26
586,RegionB,13
586,RegionC,17
586,RegionD,110
586,RegionE,149
586,RegionF,270
587,RegionA,8
587,RegionB,7
587,RegionC,113
587,RegionD,33
587,RegionE,5
587,RegionF,81
588,RegionA,62
588,RegionB,11
588,RegionC,138
588,RegionD,603
588,RegionE,57
588,RegionF,169
589,RegionA,0
589,RegionB,17
589,RegionC,38
589,RegionD,380
589,RegionE,0
589,RegionF,83
590,RegionA,24
590,RegionB,136
590,RegionC,41
590,RegionD,116
590,RegionE,0
590,RegionF,124
591,RegionA,22
591,RegionB,40
591,RegionC,92
591,RegionD,163
591,RegionE,17
591,RegionF,78
592,RegionA,6
592,RegionB,26
592,RegionC,24
592,RegionD,128
592,RegionE,279
592,RegionF,113
593,RegionA,32
593,RegionB,136
593,RegionC,39
593,RegionD,32
593,RegionE,166
593,RegionF,161
594,RegionA,21
594,RegionB,36
594,RegionC,154
594,RegionD,123
594,RegionE,184
594,RegionF,60
595,RegionA,112
595,RegionB,12
595,RegionC,54
595,RegionD,200
595,RegionE,216
595,RegionF,59
596,RegionA,88
596,RegionB,42
596,RegionC,198
596,RegionD,297
596,RegionE,167
596,RegionF,184
597,RegionA,61
597,RegionB,90
597,RegionC,11
597,RegionD,27
597,RegionE,4
597,RegionF,327
598,RegionA,13
598,RegionB,152
598,RegionC,97
598,RegionD,292
598,RegionE,0
598,RegionF,0
599,RegionA,2
599,RegionB,26
599,RegionC,28
599,RegionD,308
599,RegionE,15
599,RegionF,88
600,RegionA,190
600,RegionB,30
600,RegionC,127
600,RegionD,156
600,RegionE,58
600,RegionF,272
601,RegionA,68
601,RegionB,42
601,RegionC,4
601,RegionD,290
601,RegionE,228
601,RegionF,123
602,RegionA,51
602,RegionB,74
602,RegionC,101
602,RegionD,122
602,RegionE,75
602,RegionF,0
603,RegionA,85
603,RegionB,70
603,RegionC,80
603,RegionD,286
603,RegionE,280
603,RegionF,193
604,RegionA,2
604,RegionB,105
604,RegionC,27
604,RegionD,359
604,RegionE,135
604,RegionF,145
605,RegionA,84
605,RegionB,100
605,RegionC,0
605,RegionD,206
605,RegionE,296
605,RegionF,262
606,RegionA,19
606,RegionB,43
606,RegionC,20
606,RegionD,243
606,RegionE,114
606,RegionF,162
607,RegionA,89
607,RegionB,53
607,RegionC,102
607,RegionD,59
607,RegionE,74
607,RegionF,55
608,RegionA,37
608,RegionB,91
608,RegionC,26
608,RegionD,357
608,RegionE,136
608,RegionF,153
609,RegionA,124
609,RegionB,7
609,RegionC,36
609,RegionD,115
609,RegionE,165
609,RegionF,40
610,RegionA,8
610,RegionB,168
610,RegionC,32
610,RegionD,274
610,RegionE,25
610,RegionF,422
611,RegionA,40
611,RegionB,8
611,RegionC,109
611,RegionD,169
611,RegionE,147
611,RegionF,297
612,RegionA,20
612,RegionB,82
612,RegionC,114
612,RegionD,189
612,RegionE,274
612,RegionF,99
613,RegionA,38
613,RegionB,123
613,RegionC,7
613,RegionD,134
613,RegionE,221
613,RegionF,159
614,RegionA,17
614,RegionB,22
614,RegionC,40
614,RegionD,287
614,RegionE,156
614,RegionF,97
615,RegionA,5
615,RegionB,33
615,RegionC,34
615,RegionD,120
615,RegionE,93
615,RegionF,136
616,RegionA,17
616,RegionB,56
616,RegionC,16
616,RegionD,213
616,RegionE,19
616,RegionF,160
617,RegionA,37
617,RegionB,7
617,RegionC,80
617,RegionD,7
617,RegionE,162
617,RegionF,114
618,RegionA,3
618,RegionB,112
618,RegionC,29
618,RegionD,433
618,RegionE,131
618,RegionF,133
619,RegionA,124
619,RegionB,8
619,RegionC,12
619,RegionD,105
619,RegionE,130
619,RegionF,33
620,RegionA,19
620,RegionB,55
620,RegionC,73
620,RegionD,135
620,RegionE,137
620,RegionF,38
621,RegionA,167
621,RegionB,197
621,RegionC,50
621,RegionD,134
621,RegionE,23
621,RegionF,71
622,RegionA,21
622,RegionB,22
622,RegionC,129
622,RegionD,288
622,RegionE,167
622,RegionF,248
623,RegionA,119
623,RegionB,22
623,RegionC,8
623,RegionD,79
623,RegionE,249
623,RegionF,146
624,RegionA,158
624,RegionB,11
624,RegionC,25
624,RegionD,356
624,RegionE,192
624,RegionF,73
625,RegionA,25
625,RegionB,161
625,RegionC,4
625,RegionD,141
625,RegionE,255
625,RegionF,99
626,RegionA,12
626,RegionB,38
626,RegionC,92
626,RegionD,114
626,RegionE,21
626,RegionF,120
627,RegionA,180
627,RegionB,14
627,RegionC,7
627,RegionD,83
627,RegionE,316
627,RegionF,335
628,RegionA,77
628,RegionB,33
628,RegionC,31
628,RegionD,2
628,RegionE,186
628,RegionF,215
629,RegionA,4
629,RegionB,15
629,RegionC,32
629,RegionD,141
629,RegionE,120
629,RegionF,152
630,RegionA,23
630,RegionB,28
630,RegionC,40
630,RegionD,397
630,RegionE,97
630,RegionF,31
631,RegionA,19
631,RegionB,186
631,RegionC,117
631,RegionD,170
631,RegionE,35
631,RegionF,268
632,RegionA,49
632,RegionB,158
632,RegionC,44
632,RegionD,22
632,RegionE,253
632,RegionF,41
633,RegionA,138
633,RegionB,55
633,RegionC,71
633,RegionD,92
633,RegionE,227
633,RegionF,409
634,RegionA,65
634,RegionB,5
634,RegionC,70
634,RegionD,598
634,RegionE,205
634,RegionF,61
635,RegionA,219
635,RegionB,7
635,RegionC,25
635,RegionD,58
635,RegionE,121
635,RegionF,340
636,RegionA,20
636,RegionB,95
636,RegionC,7
636,RegionD,176
636,RegionE,0
636,RegionF,5
637,RegionA,4
637,RegionB,37
637,RegionC,95
637,RegionD,384
637,RegionE,142
637,RegionF,58
638,RegionA,15
638,RegionB,93
638,RegionC,28
638,RegionD,0
638,RegionE,64
638,RegionF,241
639,RegionA,33
639,RegionB,23
639,RegionC,115
639,RegionD,330
639,RegionE,37
639,RegionF,38
640,RegionA,35
640,RegionB,44
640,RegionC,157
640,RegionD,212
640,RegionE,72
640,RegionF,200
641,RegionA,25
641,RegionB,63
641,RegionC,22
641,RegionD,85
641,RegionE,215
641,RegionF,111
642,RegionA,119
642,RegionB,50
642,RegionC,8
642,RegionD,214
642,RegionE,146
642,RegionF,85
643,RegionA,30
643,RegionB,5
643,RegionC,104
643,RegionD,80
643,RegionE,70
643,RegionF,67
644,RegionA,61
644,RegionB,87
644,RegionC,0
644,RegionD,0
644,RegionE,130
644,RegionF,82
645,RegionA,39
645,RegionB,2
645,RegionC,123
645,RegionD,393
645,RegionE,138
645,RegionF,19
646,RegionA,27
646,RegionB,17
646,RegionC,19
646,RegionD,37
646,RegionE,174
646,RegionF,182
647,RegionA,26
647,RegionB,68
647,RegionC,119
647,RegionD,155
647,RegionE,68
647,RegionF,13
648,RegionA,63
648,RegionB,34
648,RegionC,107
648,RegionD,123
648,RegionE,266
648,RegionF,0
649,RegionA,26
649,RegionB,4
649,RegionC,20
649,RegionD,76
649,RegionE,154
649,RegionF,284
650,RegionA,0
650,RegionB,25
650,RegionC,16
650,RegionD,141
650,RegionE,89
650,RegionF,62
651,RegionA,36
651,RegionB,14
651,RegionC,94
651,RegionD,417
651,RegionE,149
651,RegionF,32
652,RegionA,252
652,RegionB,36
652,RegionC,12
652,RegionD,190
652,RegionE,53
652,RegionF,266
653,RegionA,75
653,RegionB,115
653,RegionC,5
653,RegionD,33
653,RegionE,91
653,RegionF,60
654,RegionA,14
654,RegionB,130
654,RegionC,41
654,RegionD,200
654,RegionE,186
654,RegionF,221
655,RegionA,116
655,RegionB,14
655,RegionC,16
655,RegionD,274
655,RegionE,374
655,RegionF,67
656,RegionA,26
656,RegionB,57
656,RegionC,176
656,RegionD,194
656,RegionE,102
656,RegionF,109
657,RegionA,14
657,RegionB,7
657,RegionC,22
657,RegionD,239
657,RegionE,72
657,RegionF,0
658,RegionA,109
658,RegionB,11
658,RegionC,11
658,RegionD,291
658,RegionE,0
658,RegionF,3
659,RegionA,98
659,RegionB,15
659,RegionC,112
659,RegionD,392
659,RegionE,141
659,RegionF,5
660,RegionA,24
660,RegionB,29
660,RegionC,252
660,RegionD,178
660,RegionE,40
660,RegionF,325
661,RegionA,56
661,RegionB,9
661,RegionC,27
661,RegionD,174
661,RegionE,122
661,RegionF,140
662,RegionA,7
662,RegionB,56
662,RegionC,79
662,RegionD,155
662,RegionE,150
662,RegionF,0
663,RegionA,43
663,RegionB,103
663,RegionC,29
663,RegionD,164
663,RegionE,108
663,RegionF,165
664,RegionA,37
664,RegionB,12
664,RegionC,16
664,RegionD,229
664,RegionE,0
664,RegionF,161
665,RegionA,12
665,RegionB,5
665,RegionC,104
665,RegionD,141
665,RegionE,0
665,RegionF,317
666,RegionA,51
666,RegionB,39
666,RegionC,14
666,RegionD,64
666,RegionE,81
666,RegionF,219
667,RegionA,31
667,RegionB,105
667,RegionC,23
667,RegionD,301
667,RegionE,36
667,RegionF,21
668,RegionA,54
668,RegionB,27
668,RegionC,0
668,RegionD,257
668,RegionE,23
668,RegionF,0
669,RegionA,30
669,RegionB,45
669,RegionC,31
669,RegionD,232
669,RegionE,290
669,RegionF,75
670,RegionA,9
670,RegionB,24
670,RegionC,16
670,RegionD,47
670,RegionE,196
670,RegionF,26
671,RegionA,121
671,RegionB,120
671,RegionC,7
671,RegionD,161
671,RegionE,316
671,RegionF,202
672,RegionA,1
672,RegionB,48
672,RegionC,31
672,RegionD,220
672,RegionE,121
672,RegionF,308
673,RegionA,14
673,RegionB,173
673,RegionC,47
673,RegionD,89
673,RegionE,178
673,RegionF,0
674,RegionA,5
674,RegionB,142
674,RegionC,7
674,RegionD,288
674,RegionE,209
674,RegionF,268
675,RegionA,159
675,RegionB,50
675,RegionC,49
675,RegionD,235
675,RegionE,7
675,RegionF,0
676,RegionA,99
676,RegionB,14
676,RegionC,44
676,RegionD,102
676,RegionE,44
676,RegionF,215
677,RegionA,40
677,RegionB,27
677,RegionC,19
677,RegionD,253
677,RegionE,10
677,RegionF,0
678,RegionA,31
678,RegionB,85
678,RegionC,138
678,RegionD,262
678,RegionE,72
678,RegionF,34
679,RegionA,28
679,RegionB,110
679,RegionC,7
679,RegionD,0
679,RegionE,281
679,RegionF,388
680,RegionA,141
680,RegionB,39
680,RegionC,24
680,RegionD,209
680,RegionE,5
680,RegionF,88
681,RegionA,42
681,RegionB,255
681,RegionC,7
681,RegionD,323
681,RegionE,288
681,RegionF,72
682,RegionA,11
682,RegionB,34
682,RegionC,3
682,RegionD,259
682,RegionE,0
682,RegionF,276
683,RegionA,14
683,RegionB,31
683,RegionC,14
683,RegionD,375
683,RegionE,109
683,RegionF,322
684,RegionA,158
684,RegionB,15
684,RegionC,2
684,RegionD,200
684,RegionE,152
684,RegionF,95
685,RegionA,24
685,RegionB,25
685,RegionC,90
685,RegionD,233
685,RegionE,102
685,RegionF,54
686,RegionA,50
686,RegionB,25
686,RegionC,13
686,RegionD,489
686,RegionE,146
686,RegionF,92
687,RegionA,26
687,RegionB,80
687,RegionC,5
687,RegionD,61
687,RegionE,343
687,RegionF,176
688,RegionA,29
688,RegionB,7
688,RegionC,5
688,RegionD,286
688,RegionE,143
688,RegionF,111
689,RegionA,20
689,RegionB,45
689,RegionC,38
689,RegionD,320
689,RegionE,58
689,RegionF,185
690,RegionA,114
690,RegionB,55
690,RegionC,22
690,RegionD,110
690,RegionE,5
690,RegionF,152
691,RegionA,16
691,RegionB,4
691,RegionC,18
691,RegionD,241
691,RegionE,202
691,RegionF,119
692,RegionA,36
692,RegionB,46
692,RegionC,1
692,RegionD,166
692,RegionE,0
692,RegionF,180
693,RegionA,117
693,RegionB,11
693,RegionC,17
693,RegionD,69
693,RegionE,279
693,RegionF,145
694,RegionA,41
694,RegionB,11
694,RegionC,5
694,RegionD,230
694,RegionE,149
694,RegionF,321
695,RegionA,4
695,RegionB,16
695,RegionC,108
695,RegionD,139
695,RegionE,228
695,RegionF,282
696,RegionA,12
696,RegionB,9
696,RegionC,24
696,RegionD,241
696,RegionE,166
696,RegionF,76
697,RegionA,44
697,RegionB,12
697,RegionC,10
697,RegionD,152
697,RegionE,119
697,RegionF,286
698,RegionA,136
698,RegionB,17
698,RegionC,246
698,RegionD,266
698,RegionE,163
698,RegionF,199
699,RegionA,29
699,RegionB,126
699,RegionC,35
699,RegionD,245
699,RegionE,0
699,RegionF,137
700,RegionA,28
700,RegionB,71
700,RegionC,26
700,RegionD,23
700,RegionE,21
700,RegionF,80
701,RegionA,12
701,RegionB,8
701,RegionC,74
701,RegionD,226
701,RegionE,136
701,RegionF,128
702,RegionA,71
702,RegionB,18
702,RegionC,0
702,RegionD,90
702,RegionE,277
702,RegionF,0
703,RegionA,150
703,RegionB,20
703,RegionC,61
703,RegionD,45
703,RegionE,191
703,RegionF,109
704,RegionA,12
704,RegionB,40
704,RegionC,65
704,RegionD,187
704,RegionE,0
704,RegionF,0
705,RegionA,35
705,RegionB,48
705,RegionC,6
705,RegionD,528
705,RegionE,0
705,RegionF,87
706,RegionA,122
706,RegionB,32
706,RegionC,74
706,RegionD,376
706,RegionE,105
706,RegionF,48
707,RegionA,6
707,RegionB,131
707,RegionC,18
707,RegionD,153
707,RegionE,200
707,RegionF,105
708,RegionA,231
708,RegionB,36
708,RegionC,36
708,RegionD,367
708,RegionE,352
708,RegionF,137
709,RegionA,10
709,RegionB,10
709,RegionC,8
709,RegionD,184
709,RegionE,247
709,RegionF,19
710,RegionA,22
710,RegionB,12
710,RegionC,15
710,RegionD,53
710,RegionE,232
710,RegionF,102
711,RegionA,124
711,RegionB,37
711,RegionC,21
711,RegionD,65
711,RegionE,17
711,RegionF,53
712,RegionA,3
712,RegionB,11
712,RegionC,107
712,RegionD,216
712,RegionE,153
712,RegionF,150
713,RegionA,58
713,RegionB,124
713,RegionC,93
713,RegionD,392
713,RegionE,323
713,RegionF,126
714,RegionA,36
714,RegionB,13
714,RegionC,64
714,RegionD,172
714,RegionE,236
714,RegionF,66
715,RegionA,13
715,RegionB,19
715,RegionC,87
715,RegionD,89
715,RegionE,205
715,RegionF,17
716,RegionA,45
716,RegionB,31
716,RegionC,26
716,RegionD,172
716,RegionE,404
716,RegionF,72
717,RegionA,13
717,RegionB,21
717,RegionC,46
717,RegionD,167
717,RegionE,162
717,RegionF,188
718,RegionA,215
718,RegionB,3
718,RegionC,14
718,RegionD,72
718,RegionE,149
718,RegionF,0
719,RegionA,245
719,RegionB,80
719,RegionC,138
719,RegionD,226
719,RegionE,229
719,RegionF,0
720,RegionA,79
720,RegionB,23
720,RegionC,1
720,RegionD,368
720,RegionE,107
720,RegionF,251
721,RegionA,75
721,RegionB,105
721,RegionC,41
721,RegionD,106
721,RegionE,438
721,RegionF,160
722,RegionA,27
722,RegionB,39
722,RegionC,32
722,RegionD,5
722,RegionE,0
722,RegionF,153
723,RegionA,40
723,RegionB,50
723,RegionC,9
723,RegionD,41
723,RegionE,156
723,RegionF,48
724,RegionA,156
724,RegionB,4
724,RegionC,34
724,RegionD,193
724,RegionE,233
724,RegionF,71
725,RegionA,46
725,RegionB,59
725,RegionC,13
725,RegionD,201
725,RegionE,162
725,RegionF,170
726,RegionA,27
726,RegionB,140
726,RegionC,37
726,RegionD,39
726,RegionE,21
726,RegionF,183
727,RegionA,33
727,RegionB,25
727,RegionC,42
727,RegionD,279
727,RegionE,297
727,RegionF,0
728,RegionA,11
728,RegionB,43
728,RegionC,15
728,RegionD,291
728,RegionE,131
728,RegionF,268
729,RegionA,42
729,RegionB,37
729,RegionC,143
729,RegionD,5
729,RegionE,291
729,RegionF,215
730,RegionA,59
730,RegionB,5
730,RegionC,118
730,RegionD,114
730,RegionE,0
730,RegionF,175
731,RegionA,107
731,RegionB,9
731,RegionC,48
731,RegionD,61
731,RegionE,223
731,RegionF,71
732,RegionA,151
732,RegionB,135
732,RegionC,39
732,RegionD,176
732,RegionE,13
732,RegionF,79
733,RegionA,21
733,RegionB,53
733,RegionC,6
733,RegionD,98
733,RegionE,244
733,RegionF,14
734,RegionA,38
734,RegionB,30
734,RegionC,13
734,RegionD,0
734,RegionE,63
734,RegionF,157
735,RegionA,5
735,RegionB,35
735,RegionC,20
735,RegionD,167
735,RegionE,134
735,RegionF,4
736,RegionA,44
736,RegionB,82
736,RegionC,101
736,RegionD,268
736,RegionE,102
736,RegionF,42
737,RegionA,139
737,RegionB,13
737,RegionC,144
737,RegionD,258
737,RegionE,19
737,RegionF,362
738,RegionA,193
738,RegionB,31
738,RegionC,15
738,RegionD,255
738,RegionE,224
738,RegionF,150
739,RegionA,129
739,RegionB,73
739,RegionC,38
739,RegionD,321
739,RegionE,164
739,RegionF,97
740,RegionA,43
740,RegionB,17
740,RegionC,49
740,RegionD,98
740,RegionE,122
740,RegionF,148
741,RegionA,116
741,RegionB,51
741,RegionC,10
741,RegionD,302
741,RegionE,133
741,RegionF,350
742,RegionA,3
742,RegionB,30
742,RegionC,149
742,RegionD,213
742,RegionE,107
742,RegionF,107
743,RegionA,59
743,RegionB,20
743,RegionC,32
743,RegionD,80
743,RegionE,212
743,RegionF,7
744,RegionA,6
744,RegionB,6
744,RegionC,76
744,RegionD,203
744,RegionE,194
744,RegionF,217
745,RegionA,21
745,RegionB,38
745,RegionC,46
745,RegionD,155
745,RegionE,90
745,RegionF,134
746,RegionA,30
746,RegionB,57
746,RegionC,15
746,RegionD,179
746,RegionE,248
746,RegionF,138
747,RegionA,0
747,RegionB,28
747,RegionC,46
747,RegionD,130
747,RegionE,77
747,RegionF,119
748,RegionA,14
748,RegionB,40
748,RegionC,18
748,RegionD,546
748,RegionE,128
748,RegionF,25
749,RegionA,19
749,RegionB,89
749,RegionC,2
749,RegionD,289
749,RegionE,90
749,RegionF,280
750,RegionA,49
750,RegionB,14
750,RegionC,13
750,RegionD,40
750,RegionE,122
750,RegionF,182
751,RegionA,20
751,RegionB,31
751,RegionC,13
751,RegionD,183
751,RegionE,193
751,RegionF,172
752,RegionA,155
752,RegionB,13
752,RegionC,15
752,RegionD,98
752,RegionE,266
752,RegionF,132
753,RegionA,106
753,RegionB,98
753,RegionC,93
753,RegionD,189
753,RegionE,231
753,RegionF,128
754,RegionA,0
754,RegionB,37
754,RegionC,0
754,RegionD,198
754,RegionE,67
754,RegionF,106
755,RegionA,49
755,RegionB,134
755,RegionC,7
755,RegionD,345
755,RegionE,78
755,RegionF,73
756,RegionA,93
756,RegionB,26
756,RegionC,30
756,RegionD,193
756,RegionE,40
756,RegionF,206
757,RegionA,57
757,RegionB,17
757,RegionC,26
757,RegionD,116
757,RegionE,95
757,RegionF,96
758,RegionA,40
758,RegionB,3
758,RegionC,11
758,RegionD,419
758,RegionE,22
758,RegionF,47
759,RegionA,40
759,RegionB,0
759,RegionC,24
759,RegionD,294
759,RegionE,0
759,RegionF,31
760,RegionA,184
760,RegionB,57
760,RegionC,21
760,RegionD,122
760,RegionE,242
760,RegionF,147
761,RegionA,4
761,RegionB,3
761,RegionC,22
761,RegionD,58
761,RegionE,20
761,RegionF,320
762,RegionA,23
762,RegionB,46
762,RegionC,103
762,RegionD,227
762,RegionE,100
762,RegionF,96
763,RegionA,182
763,RegionB,25
763,RegionC,79
763,RegionD,241
763,RegionE,112
763,RegionF,43
764,RegionA,18
764,RegionB,5
764,RegionC,134
764,RegionD,193
764,RegionE,2
764,RegionF,355
765,RegionA,146
765,RegionB,120
765,RegionC,23
765,RegionD,155
765,RegionE,98
765,RegionF,284
766,RegionA,27
766,RegionB,31
766,RegionC,24
766,RegionD,180
766,RegionE,114
766,RegionF,113
767,RegionA,14
767,RegionB,33
767,RegionC,18
767,RegionD,69
767,RegionE,114
767,RegionF,352
768,RegionA,25
768,RegionB,113
768,RegionC,44
768,RegionD,42
768,RegionE,203
768,RegionF,7
769,RegionA,36
769,RegionB,124
769,RegionC,63
769,RegionD,17
769,RegionE,279
769,RegionF,251
770,RegionA,12
770,RegionB,105
770,RegionC,20
770,RegionD,94
770,RegionE,83
770,RegionF,221
771,RegionA,178
771,RegionB,52
771,RegionC,45
771,RegionD,35
771,RegionE,110
771,RegionF,17
772,RegionA,9
772,RegionB,60
772,RegionC,28
772,RegionD,195
772,RegionE,97
772,RegionF,18
773,RegionA,124
773,RegionB,56
773,RegionC,43
773,RegionD,278
773,RegionE,74
773,RegionF,40
774,RegionA,4
774,RegionB,189
774,RegionC,31
774,RegionD,62
774,RegionE,221
774,RegionF,201
775,RegionA,19
775,RegionB,9
775,RegionC,16
775,RegionD,251
775,RegionE,72
775,RegionF,46
776,RegionA,52
776,RegionB,97
776,RegionC,8
776,RegionD,217
776,RegionE,0
776,RegionF,0
777,RegionA,24
777,RegionB,45
777,RegionC,155
777,RegionD,101
777,RegionE,108
777,RegionF,55
778,RegionA,124
778,RegionB,37
778,RegionC,10
778,RegionD,27
778,RegionE,213
778,RegionF,386
779,RegionA,16
779,RegionB,23
779,RegionC,162
779,RegionD,85
779,RegionE,90
779,RegionF,25
780,RegionA,94
780,RegionB,121
780,RegionC,10
780,RegionD,134
780,RegionE,16
780,RegionF,311
781,RegionA,18
781,RegionB,25
781,RegionC,29
781,RegionD,152
781,RegionE,164
781,RegionF,0
782,RegionA,148
782,RegionB,44
782,RegionC,12
782,RegionD,222
782,RegionE,28
782,RegionF,181
783,RegionA,37
783,RegionB,37
783,RegionC,115
783,RegionD,333
783,RegionE,56
783,RegionF,157
784,RegionA,39
784,RegionB,86
784,RegionC,25
784,RegionD,0
784,RegionE,193
784,RegionF,146
785,RegionA,0
785,RegionB,17
785,RegionC,21
785,RegionD,34
785,RegionE,95
785,RegionF,121
786,RegionA,24
786,RegionB,17
786,RegionC,49
786,RegionD,0
786,RegionE,316
786,RegionF,184
787,RegionA,136
787,RegionB,27
787,RegionC,146
787,RegionD,403
787,RegionE,269
787,RegionF,12
788,RegionA,57
788,RegionB,24
788,RegionC,11
788,RegionD,201
788,RegionE,40
788,RegionF,186
789,RegionA,135
789,RegionB,121
789,RegionC,0
789,RegionD,224
789,RegionE,156
789,RegionF,112
790,RegionA,29
790,RegionB,94
790,RegionC,12
790,RegionD,164
790,RegionE,16
790,RegionF,230
791,RegionA,85
791,RegionB,48
791,RegionC,4
791,RegionD,97
791,RegionE,239
791,RegionF,131
792,RegionA,37
792,RegionB,35
792,RegionC,21
792,RegionD,245
792,RegionE,157
792,RegionF,148
793,RegionA,74
793,RegionB,140
793,RegionC,65
793,RegionD,139
793,RegionE,106
793,RegionF,233
794,RegionA,10
794,RegionB,0
794,RegionC,10
794,RegionD,286
794,RegionE,175
794,RegionF,136
795,RegionA,47
795,RegionB,33
795,RegionC,88
795,RegionD,204
795,RegionE,0
795,RegionF,60
796,RegionA,57
796,RegionB,7
796,RegionC,20
796,RegionD,159
796,RegionE,64
796,RegionF,238
797,RegionA,16
797,RegionB,52
797,RegionC,21
797,RegionD,91
797,RegionE,172
797,RegionF,179
798,RegionA,103
798,RegionB,24
798,RegionC,7
798,RegionD,385
798,RegionE,72
798,RegionF,10
799,RegionA,17
799,RegionB,44
799,RegionC,0
799,RegionD,141
799,RegionE,107
799,RegionF,249
800,RegionA,26
800,RegionB,8
800,RegionC,52
800,RegionD,83
800,RegionE,193
800,RegionF,109
801,RegionA,50
801,RegionB,11
801,RegionC,20
801,RegionD,372
801,RegionE,80
801,RegionF,7
802,RegionA,73
802,RegionB,77
802,RegionC,13
802,RegionD,325
802,RegionE,0
802,RegionF,10
803,RegionA,99
803,RegionB,44
803,RegionC,20
803,RegionD,172
803,RegionE,19
803,RegionF,124
804,RegionA,70
804,RegionB,42
804,RegionC,114
804,RegionD,123
804,RegionE,89
804,RegionF,208
805,RegionA,153
805,RegionB,12
805,RegionC,21
805,RegionD,116
805,RegionE,137
805,RegionF,87
806,RegionA,43
806,RegionB,10
806,RegionC,228
806,RegionD,19
806,RegionE,72
806,RegionF,110
807,RegionA,38
807,RegionB,144
807,RegionC,19
807,RegionD,102
807,RegionE,4
807,RegionF,225
808,RegionA,69
808,RegionB,21
808,RegionC,1
808,RegionD,94
808,RegionE,213
808,RegionF,83
809,RegionA,9
809,RegionB,3
809,RegionC,54
809,RegionD,10
809,RegionE,158
809,RegionF,25
810,RegionA,28
810,RegionB,13
810,RegionC,9
810,RegionD,211
810,RegionE,117
810,RegionF,213
811,RegionA,20
811,RegionB,0
811,RegionC,111
811,RegionD,201
811,RegionE,117
811,RegionF,19
812,RegionA,23
812,RegionB,45
812,RegionC,1
812,RegionD,202
812,RegionE,249
812,RegionF,156
813,RegionA,52
813,RegionB,122
813,RegionC,22
813,RegionD,118
813,RegionE,49
813,RegionF,408
814,RegionA,10
814,RegionB,25
814,RegionC,10
814,RegionD,85
814,RegionE,24
814,RegionF,217
815,RegionA,22
815,RegionB,48
815,RegionC,36
815,RegionD,252
815,RegionE,110
815,RegionF,162
816,RegionA,113
816,RegionB,119
816,RegionC,26
816,RegionD,40
816,RegionE,107
816,RegionF,143
817,RegionA,34
817,RegionB,8
817,RegionC,19
817,RegionD,253
817,RegionE,90
817,RegionF,0
818,RegionA,46
818,RegionB,173
818,RegionC,28
818,RegionD,278
818,RegionE,0
818,RegionF,181
819,RegionA,76
819,RegionB,141
819,RegionC,114
819,RegionD,412
819,RegionE,283
819,RegionF,117
820,RegionA,30
820,RegionB,38
820,RegionC,16
820,RegionD,82
820,RegionE,323
820,RegionF,140
821,RegionA,21
821,RegionB,30
821,RegionC,13
821,RegionD,100
821,RegionE,183
821,RegionF,87
822,RegionA,28
822,RegionB,143
822,RegionC,104
822,RegionD,191
822,RegionE,118
822,RegionF,127
823,RegionA,23
823,RegionB,45
823,RegionC,79
823,RegionD,75
823,RegionE,178
823,RegionF,147
824,RegionA,149
824,RegionB,8
824,RegionC,18
824,RegionD,111
824,RegionE,163
824,RegionF,217
825,RegionA,10
825,RegionB,5
825,RegionC,24
825,RegionD,80
825,RegionE,128
825,RegionF,8
826,RegionA,51
826,RegionB,123
826,RegionC,24
826,RegionD,46
826,RegionE,61
826,RegionF,358
827,RegionA,138
827,RegionB,144
827,RegionC,20
827,RegionD,4
827,RegionE,184
827,RegionF,44
828,RegionA,68
828,RegionB,36
828,RegionC,33
828,RegionD,209
828,RegionE,40
828,RegionF,38
829,RegionA,8
829,RegionB,81
829,RegionC,182
829,RegionD,306
829,RegionE,9
829,RegionF,0
830,RegionA,89
830,RegionB,41
830,RegionC,51
830,RegionD,49
830,RegionE,494
830,RegionF,116
831,RegionA,43
831,RegionB,40
831,RegionC,183
831,RegionD,67
831,RegionE,253
831,RegionF,60
832,RegionA,13
832,RegionB,43
832,RegionC,42
832,RegionD,317
832,RegionE,95
832,RegionF,86
833,RegionA,12
833,RegionB,23
833,RegionC,49
833,RegionD,48
833,RegionE,104
833,RegionF,188
834,RegionA,43
834,RegionB,20
834,RegionC,6
834,RegionD,168
834,RegionE,19
834,RegionF,208
835,RegionA,66
835,RegionB,36
835,RegionC,19
835,RegionD,15
835,RegionE,139
835,RegionF,226
836,RegionA,27
836,RegionB,10
836,RegionC,3
836,RegionD,455
836,RegionE,181
836,RegionF,131
837,RegionA,124
837,RegionB,18
837,RegionC,35
837,RegionD,24
837,RegionE,169
837,RegionF,199
838,RegionA,32
838,RegionB,20
838,RegionC,101
838,RegionD,272
838,RegionE,123
838,RegionF,218
839,RegionA,16
839,RegionB,51
839,RegionC,36
839,RegionD,303
839,RegionE,211
839,RegionF,1
840,RegionA,32
840,RegionB,1
840,RegionC,83
840,RegionD,47
840,RegionE,119
840,RegionF,32
841,RegionA,169
841,RegionB,9
841,RegionC,4
841,RegionD,109
841,RegionE,137
841,RegionF,230
842,RegionA,230
842,RegionB,21
842,RegionC,6
842,RegionD,148
842,RegionE,136
842,RegionF,29
843,RegionA,120
843,RegionB,34
843,RegionC,38
843,RegionD,97
843,RegionE,120
843,RegionF,436
844,RegionA,193
844,RegionB,54
844,RegionC,6
844,RegionD,243
844,RegionE,95
844,RegionF,130
845,RegionA,12
845,RegionB,18
845,RegionC,17
845,RegionD,10
845,RegionE,27
845,RegionF,91
846,RegionA,35
846,RegionB,16
846,RegionC,108
846,RegionD,0
846,RegionE,104
846,RegionF,154
847,RegionA,142
847,RegionB,4
847,RegionC,123
847,RegionD,232
847,RegionE,168
847,RegionF,20
848,RegionA,114
848,RegionB,39
848,RegionC,19
848,RegionD,116
848,RegionE,114
848,RegionF,238
849,RegionA,26
849,RegionB,5
849,RegionC,112
849,RegionD,266
849,RegionE,23
849,RegionF,212
850,RegionA,55
850,RegionB,12
850,RegionC,35
850,RegionD,212
850,RegionE,87
850,RegionF,250
851,RegionA,35
851,RegionB,14
851,RegionC,20
851,RegionD,130
851,RegionE,146
851,RegionF,132
852,RegionA,51
852,RegionB,25
852,RegionC,37
852,RegionD,225
852,RegionE,175
852,RegionF,16
853,RegionA,106
853,RegionB,36
853,RegionC,18
853,RegionD,245
853,RegionE,127
853,RegionF,29
854,RegionA,32
854,RegionB,119
854,RegionC,14
854,RegionD,109
854,RegionE,109
854,RegionF,72
855,RegionA,2
855,RegionB,0
855,RegionC,15
855,RegionD,151
855,RegionE,52
855,RegionF,282
856,RegionA,50
856,RegionB,128
856,RegionC,24
856,RegionD,164
856,RegionE,53
856,RegionF,389
857,RegionA,76
857,RegionB,116
857,RegionC,7
857,RegionD,24
857,RegionE,68
857,RegionF,25
858,RegionA,35
858,RegionB,55
858,RegionC,42
858,RegionD,136
858,RegionE,173
858,RegionF,84
859,RegionA,22
859,RegionB,30
859,RegionC,66
859,RegionD,145
859,RegionE,452
859,RegionF,161
860,RegionA,38
860,RegionB,30
860,RegionC,13
860,RegionD,211
860,RegionE,0
860,RegionF,149
861,RegionA,29
861,RegionB,43
861,RegionC,26
861,RegionD,332
861,RegionE,244
861,RegionF,498
862,RegionA,23
862,RegionB,1
862,RegionC,21
862,RegionD,644
862,RegionE,103
862,RegionF,100
863,RegionA,36
863,RegionB,107
863,RegionC,25
863,RegionD,247
863,RegionE,43
863,RegionF,72
864,RegionA,59
864,RegionB,34
864,RegionC,9
864,RegionD,12
864,RegionE,63
864,RegionF,0
865,RegionA,31
865,RegionB,17
865,RegionC,13
865,RegionD,279
865,RegionE,100
865,RegionF,71
866,RegionA,5
866,RegionB,31
866,RegionC,5
866,RegionD,12
866,RegionE,32
866,RegionF,158
867,RegionA,183
867,RegionB,34
867,RegionC,76
867,RegionD,203
867,RegionE,146
867,RegionF,40
868,RegionA,20
868,RegionB,27
868,RegionC,11
868,RegionD,368
868,RegionE,309
868,RegionF,65
869,RegionA,43
869,RegionB,18
869,RegionC,53
869,RegionD,334
869,RegionE,238
869,RegionF,166
870,RegionA,41
870,RegionB,33
870,RegionC,12
870,RegionD,577
870,RegionE,66
870,RegionF,96
871,RegionA,36
871,RegionB,45
871,RegionC,27
871,RegionD,258
871,RegionE,36
871,RegionF,286
872,RegionA,26
872,RegionB,119
872,RegionC,48
872,RegionD,152
872,RegionE,108
872,RegionF,102
873,RegionA,38
873,RegionB,26
873,RegionC,38
873,RegionD,83
873,RegionE,165
873,RegionF,312
874,RegionA,69
874,RegionB,62
874,RegionC,16
874,RegionD,35
874,RegionE,62
874,RegionF,87
875,RegionA,39
875,RegionB,0
875,RegionC,53
875,RegionD,57
875,RegionE,0
875,RegionF,239
876,RegionA,21
876,RegionB,47
876,RegionC,40
876,RegionD,178
876,RegionE,26
876,RegionF,77
877,RegionA,130
877,RegionB,17
877,RegionC,7
877,RegionD,282
877,RegionE,128
877,RegionF,344
878,RegionA,64
878,RegionB,33
878,RegionC,8
878,RegionD,0
878,RegionE,89
878,RegionF,21
879,RegionA,15
879,RegionB,85
879,RegionC,0
879,RegionD,319
879,RegionE,373
879,RegionF,215
880,RegionA,17
880,RegionB,41
880,RegionC,5
880,RegionD,300
880,RegionE,79
880,RegionF,153
881,RegionA,32
881,RegionB,35
881,RegionC,29
881,RegionD,72
881,RegionE,138
881,RegionF,183
882,RegionA,135
882,RegionB,126
882,RegionC,104
882,RegionD,142
882,RegionE,112
882,RegionF,162
883,RegionA,33
883,RegionB,11
883,RegionC,84
883,RegionD,384
883,RegionE,0
883,RegionF,81
884,RegionA,19
884,RegionB,15
884,RegionC,0
884,RegionD,127
884,RegionE,19
884,RegionF,331
885,RegionA,23
885,RegionB,127
885,RegionC,44
885,RegionD,23
885,RegionE,138
885,RegionF,221
886,RegionA,59
886,RegionB,46
886,RegionC,28
886,RegionD,19
886,RegionE,98
886,RegionF,125
887,RegionA,39
887,RegionB,66
887,RegionC,136
887,RegionD,280
887,RegionE,68
887,RegionF,105
888,RegionA,32
888,RegionB,31
888,RegionC,39
888,RegionD,10
888,RegionE,155
888,RegionF,127
889,RegionA,10
889,RegionB,93
889,RegionC,13
889,RegionD,436
889,RegionE,225
889,RegionF,100
890,RegionA,105
890,RegionB,111
890,RegionC,22
890,RegionD,21
890,RegionE,339
890,RegionF,0
891,RegionA,39
891,RegionB,49
891,RegionC,195
891,RegionD,311
891,RegionE,20
891,RegionF,83
892,RegionA,61
892,RegionB,54
892,RegionC,39
892,RegionD,106
892,RegionE,219
892,RegionF,288
893,RegionA,13
893,RegionB,29
893,RegionC,0
893,RegionD,364
893,RegionE,165
893,RegionF,0
894,RegionA,8
894,RegionB,50
894,RegionC,3
894,RegionD,271
894,RegionE,155
894,RegionF,52
895,RegionA,3
895,RegionB,6
895,RegionC,16
895,RegionD,302
895,RegionE,213
895,RegionF,5
896,RegionA,115
896,RegionB,73
896,RegionC,48
896,RegionD,293
896,RegionE,219
896,RegionF,0
897,RegionA,26
897,RegionB,117
897,RegionC,6
897,RegionD,154
897,RegionE,197
897,RegionF,63
898,RegionA,6
898,RegionB,22
898,RegionC,0
898,RegionD,171
898,RegionE,159
898,RegionF,61
899,RegionA,30
899,RegionB,112
899,RegionC,20
899,RegionD,116
899,RegionE,177
899,RegionF,117
900,RegionA,0
900,RegionB,39
900,RegionC,43
900,RegionD,244
900,RegionE,49
900,RegionF,165
901,RegionA,43
901,RegionB,54
901,RegionC,19
901,RegionD,28
901,RegionE,23
901,RegionF,121
902,RegionA,143
902,RegionB,10
902,RegionC,2
902,RegionD,439
902,RegionE,200
902,RegionF,153
903,RegionA,28
903,RegionB,17
903,RegionC,42
903,RegionD,177
903,RegionE,0
903,RegionF,108
904,RegionA,19
904,RegionB,27
904,RegionC,49
904,RegionD,229
904,RegionE,5
904,RegionF,91
905,RegionA,51
905,RegionB,45
905,RegionC,18
905,RegionD,249
905,RegionE,0
905,RegionF,65
906,RegionA,168
906,RegionB,24
906,RegionC,26
906,RegionD,195
906,RegionE,185
906,RegionF,77
907,RegionA,17
907,RegionB,3
907,RegionC,88
907,RegionD,43
907,RegionE,40
907,RegionF,223
908,RegionA,148
908,RegionB,15
908,RegionC,0
908,RegionD,0
908,RegionE,26
908,RegionF,184
909,RegionA,22
909,RegionB,39
909,RegionC,15
909,RegionD,112
909,RegionE,453
909,RegionF,507
910,RegionA,40
910,RegionB,106
910,RegionC,40
910,RegionD,258
910,RegionE,187
910,RegionF,74
911,RegionA,46
911,RegionB,24
911,RegionC,18
911,RegionD,566
911,RegionE,74
911,RegionF,421
912,RegionA,39
912,RegionB,174
912,RegionC,29
912,RegionD,192
912,RegionE,44
912,RegionF,131
913,RegionA,6
913,RegionB,10
913,RegionC,165
913,RegionD,412
913,RegionE,256
913,RegionF,149
914,RegionA,48
914,RegionB,66
914,RegionC,20
914,RegionD,168
914,RegionE,145
914,RegionF,239
915,RegionA,39
915,RegionB,77
915,RegionC,0
915,RegionD,137
915,RegionE,0
915,RegionF,78
916,RegionA,171
916,RegionB,123
916,RegionC,26
916,RegionD,91
916,RegionE,121
916,RegionF,227
917,RegionA,40
917,RegionB,50
917,RegionC,0
917,RegionD,166
917,RegionE,38
917,RegionF,284
918,RegionA,32
918,RegionB,19
918,RegionC,21
918,RegionD,114
918,RegionE,110
918,RegionF,266
919,RegionA,168
919,RegionB,13
919,RegionC,9
919,RegionD,194
919,RegionE,56
919,RegionF,128
920,RegionA,201
920,RegionB,37
920,RegionC,0
920,RegionD,140
920,RegionE,161
920,RegionF,120
921,RegionA,29
921,RegionB,120
921,RegionC,15
921,RegionD,203
921,RegionE,102
921,RegionF,235
922,RegionA,33
922,RegionB,28
922,RegionC,28
922,RegionD,78
922,RegionE,107
922,RegionF,53
923,RegionA,54
923,RegionB,3
923,RegionC,137
923,RegionD,74
923,RegionE,358
923,RegionF,129
924,RegionA,14
924,RegionB,6
924,RegionC,58
924,RegionD,244
924,RegionE,52
924,RegionF,0
925,RegionA,110
925,RegionB,50
925,RegionC,0
925,RegionD,204
925,RegionE,185
925,RegionF,109
926,RegionA,23
926,RegionB,6
926,RegionC,6
926,RegionD,95
926,RegionE,15
926,RegionF,125
927,RegionA,16
927,RegionB,13
927,RegionC,36
927,RegionD,252
927,RegionE,116
927,RegionF,81
928,RegionA,181
928,RegionB,14
928,RegionC,89
928,RegionD,162
928,RegionE,129
928,RegionF,263
929,RegionA,53
929,RegionB,61
929,RegionC,32
929,RegionD,188
929,RegionE,4
929,RegionF,18
930,RegionA,26
930,RegionB,23
930,RegionC,25
930,RegionD,217
930,RegionE,177
930,RegionF,88
931,RegionA,28
931,RegionB,42
931,RegionC,17
931,RegionD,333
931,RegionE,30
931,RegionF,129
932,RegionA,43
932,RegionB,99
932,RegionC,88
932,RegionD,127
932,RegionE,0
932,RegionF,271
933,RegionA,56
933,RegionB,73
933,RegionC,42
933,RegionD,280
933,RegionE,168
933,RegionF,217
934,RegionA,12
934,RegionB,47
934,RegionC,9
934,RegionD,251
934,RegionE,114
934,RegionF,25
935,RegionA,27
935,RegionB,6
935,RegionC,5
935,RegionD,107
935,RegionE,13
935,RegionF,397
936,RegionA,40
936,RegionB,17
936,RegionC,18
936,RegionD,364
936,RegionE,183
936,RegionF,273
937,RegionA,5
937,RegionB,80
937,RegionC,27
937,RegionD,114
937,RegionE,47
937,RegionF,9
938,RegionA,32
938,RegionB,11
938,RegionC,55
938,RegionD,225
938,RegionE,153
938,RegionF,12
939,RegionA,27
939,RegionB,2
939,RegionC,38
939,RegionD,131
939,RegionE,29
939,RegionF,154
940,RegionA,18
940,RegionB,0
940,RegionC,2
940,RegionD,620
940,RegionE,82
940,RegionF,155
941,RegionA,62
941,RegionB,58
941,RegionC,8
941,RegionD,247
941,RegionE,102
941,RegionF,216
942,RegionA,236
942,RegionB,10
942,RegionC,42
942,RegionD,405
942,RegionE,95
942,RegionF,0
943,RegionA,25
943,RegionB,92
943,RegionC,20
943,RegionD,422
943,RegionE,212
943,RegionF,253
944,RegionA,5
944,RegionB,20
944,RegionC,152
944,RegionD,328
944,RegionE,14
944,RegionF,312
945,RegionA,25
945,RegionB,22
945,RegionC,2
945,RegionD,168
945,RegionE,54
945,RegionF,91
946,RegionA,15
946,RegionB,41
946,RegionC,8
946,RegionD,214
946,RegionE,170
946,RegionF,100
947,RegionA,79
947,RegionB,12
947,RegionC,0
947,RegionD,304
947,RegionE,277
947,RegionF,235
948,RegionA,5
948,RegionB,151
948,RegionC,7
948,RegionD,272
948,RegionE,135
948,RegionF,72
949,RegionA,12
949,RegionB,20
949,RegionC,65
949,RegionD,53
949,RegionE,29
949,RegionF,185
950,RegionA,34
950,RegionB,82
950,RegionC,37
950,RegionD,171
950,RegionE,165
950,RegionF,104
951,RegionA,29
951,RegionB,28
951,RegionC,25
951,RegionD,100
951,RegionE,427
951,RegionF,127
952,RegionA,12
952,RegionB,182
952,RegionC,50
952,RegionD,140
952,RegionE,476
952,RegionF,126
953,RegionA,79
953,RegionB,35
953,RegionC,34
953,RegionD,229
953,RegionE,232
953,RegionF,58
954,RegionA,6
954,RegionB,142
954,RegionC,34
954,RegionD,124
954,RegionE,0
954,RegionF,204
955,RegionA,84
955,RegionB,84
955,RegionC,46
955,RegionD,15
955,RegionE,197
955,RegionF,19
956,RegionA,71
956,RegionB,28
956,RegionC,11
956,RegionD,58
956,RegionE,26
956,RegionF,46
957,RegionA,57
957,RegionB,141
957,RegionC,52
957,RegionD,138
957,RegionE,34
957,RegionF,173
958,RegionA,29
958,RegionB,121
958,RegionC,79
958,RegionD,127
958,RegionE,70
958,RegionF,36
959,RegionA,23
959,RegionB,26
959,RegionC,25
959,RegionD,97
959,RegionE,93
959,RegionF,273
960,RegionA,82
960,RegionB,87
960,RegionC,22
960,RegionD,108
960,RegionE,66
960,RegionF,287
961,RegionA,12
961,RegionB,106
961,RegionC,21
961,RegionD,59
961,RegionE,219
961,RegionF,130
962,RegionA,36
962,RegionB,53
962,RegionC,43
962,RegionD,137
962,RegionE,326
962,RegionF,85
963,RegionA,42
963,RegionB,44
963,RegionC,8
963,RegionD,232
963,RegionE,256
963,RegionF,33
964,RegionA,5
964,RegionB,30
964,RegionC,26
964,RegionD,41
964,RegionE,68
964,RegionF,249
965,RegionA,34
965,RegionB,19
965,RegionC,45
965,RegionD,202
965,RegionE,224
965,RegionF,69
966,RegionA,136
966,RegionB,33
966,RegionC,19
966,RegionD,177
966,RegionE,178
966,RegionF,107
967,RegionA,169
967,RegionB,25
967,RegionC,48
967,RegionD,245
967,RegionE,179
967,RegionF,177
968,RegionA,16
968,RegionB,119
968,RegionC,24
968,RegionD,251
968,RegionE,182
968,RegionF,137
969,RegionA,56
969,RegionB,75
969,RegionC,70
969,RegionD,298
969,RegionE,265
969,RegionF,46
970,RegionA,34
970,RegionB,4
970,RegionC,81
970,RegionD,121
970,RegionE,159
970,RegionF,172
971,RegionA,6
971,RegionB,7
971,RegionC,17
971,RegionD,219
971,RegionE,114
971,RegionF,130
972,RegionA,85
972,RegionB,71
972,RegionC,7
972,RegionD,47
972,RegionE,225
972,RegionF,159
973,RegionA,194
973,RegionB,14
973,RegionC,20
973,RegionD,95
973,RegionE,180
973,RegionF,16
974,RegionA,20
974,RegionB,22
974,RegionC,6
974,RegionD,26
974,RegionE,0
974,RegionF,0
975,RegionA,47
975,RegionB,33
975,RegionC,37
975,RegionD,23
975,RegionE,106
975,RegionF,3
976,RegionA,29
976,RegionB,43
976,RegionC,4
976,RegionD,21
976,RegionE,94
976,RegionF,125
977,RegionA,100
977,RegionB,49
977,RegionC,30
977,RegionD,123
977,RegionE,241
977,RegionF,129
978,RegionA,31
978,RegionB,22
978,RegionC,28
978,RegionD,191
978,RegionE,88
978,RegionF,102
979,RegionA,21
979,RegionB,26
979,RegionC,4
979,RegionD,385
979,RegionE,0
979,RegionF,172
980,RegionA,28
980,RegionB,61
980,RegionC,25
980,RegionD,528
980,RegionE,151
980,RegionF,230
981,RegionA,15
981,RegionB,90
981,RegionC,20
981,RegionD,157
981,RegionE,0
981,RegionF,35
982,RegionA,136
982,RegionB,55
982,RegionC,47
982,RegionD,0
982,RegionE,0
982,RegionF,144
983,RegionA,11
983,RegionB,19
983,RegionC,129
983,RegionD,286
983,RegionE,99
983,RegionF,81
984,RegionA,43
984,RegionB,27
984,RegionC,49
984,RegionD,110
984,RegionE,0
984,RegionF,169
985,RegionA,50
985,RegionB,5
985,RegionC,119
985,RegionD,201
985,RegionE,142
985,RegionF,85
986,RegionA,224
986,RegionB,18
986,RegionC,30
986,RegionD,109
986,RegionE,0
986,RegionF,138
987,RegionA,36
987,RegionB,102
987,RegionC,73
987,RegionD,115
987,RegionE,122
987,RegionF,124
988,RegionA,23
988,RegionB,27
988,RegionC,40
988,RegionD,0
988,RegionE,15
988,RegionF,87
989,RegionA,30
989,RegionB,0
989,RegionC,0
989,RegionD,358
989,RegionE,16
989,RegionF,167
990,RegionA,3
990,RegionB,123
990,RegionC,244
990,RegionD,69
990,RegionE,224
990,RegionF,140
991,RegionA,125
991,RegionB,63
991,RegionC,237
991,RegionD,358
991,RegionE,276
991,RegionF,50
992,RegionA,148
992,RegionB,26
992,RegionC,52
992,RegionD,76
992,RegionE,328
992,RegionF,350
993,RegionA,21
993,RegionB,27
993,RegionC,12
993,RegionD,285
993,RegionE,101
993,RegionF,83
994,RegionA,70
994,RegionB,22
994,RegionC,16
994,RegionD,156
994,RegionE,26
994,RegionF,0
995,RegionA,11
995,RegionB,0
995,RegionC,79
995,RegionD,15
995,RegionE,87
995,RegionF,23
996,RegionA,70
996,RegionB,21
996,RegionC,37
996,RegionD,272
996,RegionE,47
996,RegionF,144
997,RegionA,61
997,RegionB,56
997,RegionC,41
997,RegionD,44
997,RegionE,20
997,RegionF,24
998,RegionA,46
998,RegionB,25
998,RegionC,104
998,RegionD,213
998,RegionE,214
998,RegionF,137
999,RegionA,113
999,RegionB,82
999,RegionC,8
999,RegionD,113
999,RegionE,332
999,RegionF,83
1000,RegionA,127
1000,RegionB,204
1000,RegionC,13
1000,RegionD,60
1000,RegionE,53
1000,RegionF,131
1001,RegionA,29
1001,RegionB,25
1001,RegionC,121
1001,RegionD,125
1001,RegionE,225
1001,RegionF,231
1002,RegionA,139
1002,RegionB,49
1002,RegionC,2
1002,RegionD,340
1002,RegionE,158
1002,RegionF,324
1003,RegionA,121
1003,RegionB,72
1003,RegionC,23
1003,RegionD,18
1003,RegionE,134
1003,RegionF,64
1004,RegionA,11
1004,RegionB,19
1004,RegionC,1
1004,RegionD,269
1004,RegionE,137
1004,RegionF,53
1005,RegionA,150
1005,RegionB,20
1005,RegionC,39
1005,RegionD,426
1005,RegionE,124
1005,RegionF,41
1006,RegionA,141
1006,RegionB,84
1006,RegionC,9
1006,RegionD,144
1006,RegionE,182
1006,RegionF,141
1007,RegionA,49
1007,RegionB,40
1007,RegionC,7
1007,RegionD,148
1007,RegionE,16
1007,RegionF,176
1008,RegionA,35
1008,RegionB,23
1008,RegionC,4
1008,RegionD,22
1008,RegionE,213
1008,RegionF,215
1009,RegionA,117
1009,RegionB,25
1009,RegionC,27
1009,RegionD,333
1009,RegionE,13
1009,RegionF,227
1010,RegionA,145
1010,RegionB,17
1010,RegionC,39
1010,RegionD,298
1010,RegionE,148
1010,RegionF,175
1011,RegionA,30
1011,RegionB,28
1011,RegionC,21
1011,RegionD,334
1011,RegionE,304
1011,RegionF,25
1012,RegionA,45
1012,RegionB,5
1012,RegionC,34
1012,RegionD,5
1012,RegionE,312
1012,RegionF,253
1013,RegionA,41
1013,RegionB,32
1013,RegionC,7
1013,RegionD,140
1013,RegionE,130
1013,RegionF,192
1014,RegionA,60
1014,RegionB,21
1014,RegionC,1
1014,RegionD,424
1014,RegionE,96
1014,RegionF,116
1015,RegionA,21
1015,RegionB,31
1015,RegionC,17
1015,RegionD,220
1015,RegionE,23
1015,RegionF,23
1016,RegionA,135
1016,RegionB,36
1016,RegionC,89
1016,RegionD,273
1016,RegionE,89
1016,RegionF,203
1017,RegionA,16
1017,RegionB,99
1017,RegionC,11
1017,RegionD,241
1017,RegionE,116
1017,RegionF,40
1018,RegionA,39
1018,RegionB,31
1018,RegionC,89
1018,RegionD,176
1018,RegionE,186
1018,RegionF,64
1019,RegionA,41
1019,RegionB,76
1019,RegionC,9
1019,RegionD,188
1019,RegionE,126
1019,RegionF,285
1020,RegionA,175
1020,RegionB,27
1020,RegionC,6
1020,RegionD,107
1020,RegionE,50
1020,RegionF,0
1021,RegionA,44
1021,RegionB,18
1021,RegionC,22
1021,RegionD,187
1021,RegionE,195
1021,RegionF,0
1022,RegionA,228
1022,RegionB,9
1022,RegionC,15
1022,RegionD,176
1022,RegionE,40
1022,RegionF,129
1023,RegionA,21
1023,RegionB,94
1023,RegionC,27
1023,RegionD,154
1023,RegionE,54
1023,RegionF,228
1024,RegionA,30
1024,RegionB,70
1024,RegionC,179
1024,RegionD,285
1024,RegionE,263
1024,RegionF,184
1025,RegionA,35
1025,RegionB,127
1025,RegionC,100
1025,RegionD,341
1025,RegionE,155
1025,RegionF,228
1026,RegionA,24
1026,RegionB,0
1026,RegionC,12
1026,RegionD,307
1026,RegionE,331
1026,RegionF,368
1027,RegionA,83
1027,RegionB,127
1027,RegionC,23
1027,RegionD,112
1027,RegionE,11
1027,RegionF,226
1028,RegionA,43
1028,RegionB,34
1028,RegionC,35
1028,RegionD,190
1028,RegionE,50
1028,RegionF,151
1029,RegionA,41
1029,RegionB,6
1029,RegionC,13
1029,RegionD,243
1029,RegionE,129
1029,RegionF,28
1030,RegionA,30
1030,RegionB,44
1030,RegionC,2
1030,RegionD,226
1030,RegionE,67
1030,RegionF,8
1031,RegionA,21
1031,RegionB,10
1031,RegionC,23
1031,RegionD,186
1031,RegionE,109
1031,RegionF,87
1032,RegionA,124
1032,RegionB,13
1032,RegionC,6
1032,RegionD,561
1032,RegionE,148
1032,RegionF,104
1033,RegionA,116
1033,RegionB,27
1033,RegionC,21
1033,RegionD,243
1033,RegionE,93
1033,RegionF,93
1034,RegionA,123
1034,RegionB,174
1034,RegionC,30
1034,RegionD,248
1034,RegionE,4
1034,RegionF,78
1035,RegionA,17
1035,RegionB,169
1035,RegionC,12
1035,RegionD,177
1035,RegionE,129
1035,RegionF,208
1036,RegionA,13
1036,RegionB,110
1036,RegionC,106
1036,RegionD,200
1036,RegionE,169
1036,RegionF,124
1037,RegionA,8
1037,RegionB,2
1037,RegionC,15
1037,RegionD,90
1037,RegionE,113
1037,RegionF,82
1038,RegionA,33
1038,RegionB,18
1038,RegionC,5
1038,RegionD,17
1038,RegionE,43
1038,RegionF,0
1039,RegionA,7
1039,RegionB,94
1039,RegionC,15
1039,RegionD,170
1039,RegionE,12
1039,RegionF,191
1040,RegionA,102
1040,RegionB,120
1040,RegionC,7
1040,RegionD,157
1040,RegionE,133
1040,RegionF,108
1041,RegionA,17
1041,RegionB,41
1041,RegionC,112
1041,RegionD,153
1041,RegionE,120
1041,RegionF,167
1042,RegionA,40
1042,RegionB,19
1042,RegionC,29
1042,RegionD,177
1042,RegionE,168
1042,RegionF,63
1043,RegionA,174
1043,RegionB,29
1043,RegionC,21
1043,RegionD,188
1043,RegionE,64
1043,RegionF,93
1044,RegionA,119
1044,RegionB,34
1044,RegionC,0
1044,RegionD,13
1044,RegionE,115
1044,RegionF,365
1045,RegionA,82
1045,RegionB,30
1045,RegionC,16
1045,RegionD,80
1045,RegionE,267
1045,RegionF,195
1046,RegionA,49
1046,RegionB,198
1046,RegionC,19
1046,RegionD,162
1046,RegionE,177
1046,RegionF,45
1047,RegionA,25
1047,RegionB,22
1047,RegionC,50
1047,RegionD,271
1047,RegionE,357
1047,RegionF,106
1048,RegionA,127
1048,RegionB,37
1048,RegionC,17
1048,RegionD,106
1048,RegionE,10
1048,RegionF,128
1049,RegionA,54
1049,RegionB,10
1049,RegionC,120
1049,RegionD,157
1049,RegionE,97
1049,RegionF,0
1050,RegionA,10
1050,RegionB,104
1050,RegionC,36
1050,RegionD,306
1050,RegionE,127
1050,RegionF,103
1051,RegionA,22
1051,RegionB,28
1051,RegionC,31
1051,RegionD,119
1051,RegionE,258
1051,RegionF,6
1052,RegionA,26
1052,RegionB,82
1052,RegionC,17
1052,RegionD,38
1052,RegionE,155
1052,RegionF,7
1053,RegionA,21
1053,RegionB,97
1053,RegionC,17
1053,RegionD,700
1053,RegionE,43
1053,RegionF,162
1054,RegionA,60
1054,RegionB,31
1054,RegionC,1
1054,RegionD,68
1054,RegionE,261
1054,RegionF,260
1055,RegionA,21
1055,RegionB,15
1055,RegionC,202
1055,RegionD,193
1055,RegionE,33
1055,RegionF,81
1056,RegionA,8
1056,RegionB,31
1056,RegionC,32
1056,RegionD,253
1056,RegionE,357
1056,RegionF,5
1057,RegionA,135
1057,RegionB,58
1057,RegionC,87
1057,RegionD,45
1057,RegionE,226
1057,RegionF,104
1058,RegionA,21
1058,RegionB,21
1058,RegionC,93
1058,RegionD,0
1058,RegionE,173
1058,RegionF,66
1059,RegionA,82
1059,RegionB,64
1059,RegionC,24
1059,RegionD,150
1059,RegionE,61
1059,RegionF,355
1060,RegionA,31
1060,RegionB,33
1060,RegionC,87
1060,RegionD,68
1060,RegionE,249
1060,RegionF,0
1061,RegionA,24
1061,RegionB,18
1061,RegionC,33
1061,RegionD,123
1061,RegionE,198
1061,RegionF,112
1062,RegionA,15
1062,RegionB,43
1062,RegionC,4
1062,RegionD,76
1062,RegionE,11
1062,RegionF,143
1063,RegionA,29
1063,RegionB,50
1063,RegionC,157
1063,RegionD,184
1063,RegionE,321
1063,RegionF,38
1064,RegionA,10
1064,RegionB,16
1064,RegionC,17
1064,RegionD,84
1064,RegionE,126
1064,RegionF,122
1065,RegionA,56
1065,RegionB,29
1065,RegionC,135
1065,RegionD,115
1065,RegionE,9
1065,RegionF,145
1066,RegionA,21
1066,RegionB,47
1066,RegionC,64
1066,RegionD,144
1066,RegionE,153
1066,RegionF,122
1067,RegionA,36
1067,RegionB,29
1067,RegionC,1
1067,RegionD,105
1067,RegionE,208
1067,RegionF,95
1068,RegionA,63
1068,RegionB,55
1068,RegionC,16
1068,RegionD,205
1068,RegionE,71
1068,RegionF,145
1069,RegionA,126
1069,RegionB,156
1069,RegionC,64
1069,RegionD,121
1069,RegionE,8
1069,RegionF,200
1070,RegionA,6
1070,RegionB,15
1070,RegionC,6
1070,RegionD,10
1070,RegionE,261
1070,RegionF,91
1071,RegionA,8
1071,RegionB,35
1071,RegionC,134
1071,RegionD,205
1071,RegionE,124
1071,RegionF,280
1072,RegionA,54
1072,RegionB,34
1072,RegionC,38
1072,RegionD,388
1072,RegionE,376
1072,RegionF,88
1073,RegionA,23
1073,RegionB,61
1073,RegionC,14
1073,RegionD,58
1073,RegionE,142
1073,RegionF,82
1074,RegionA,11
1074,RegionB,107
1074,RegionC,101
1074,RegionD,192
1074,RegionE,98
1074,RegionF,74
1075,RegionA,85
1075,RegionB,55
1075,RegionC,99
1075,RegionD,129
1075,RegionE,88
1075,RegionF,49
1076,RegionA,17
1076,RegionB,98
1076,RegionC,10
1076,RegionD,460
1076,RegionE,88
1076,RegionF,310
1077,RegionA,0
1077,RegionB,62
1077,RegionC,0
1077,RegionD,263
1077,RegionE,127
1077,RegionF,67
1078,RegionA,10
1078,RegionB,57
1078,RegionC,16
1078,RegionD,124
1078,RegionE,180
1078,RegionF,138
1079,RegionA,10
1079,RegionB,63
1079,RegionC,125
1079,RegionD,255
1079,RegionE,138
1079,RegionF,100
1080,RegionA,24
1080,RegionB,66
1080,RegionC,26
1080,RegionD,147
1080,RegionE,104
1080,RegionF,2
1081,RegionA,5
1081,RegionB,21
1081,RegionC,111
1081,RegionD,160
1081,RegionE,94
1081,RegionF,73
1082,RegionA,9
1082,RegionB,23
1082,RegionC,30
1082,RegionD,135
1082,RegionE,54
1082,RegionF,112
1083,RegionA,23
1083,RegionB,78
1083,RegionC,16
1083,RegionD,83
1083,RegionE,162
1083,RegionF,253
1084,RegionA,44
1084,RegionB,6
1084,RegionC,147
1084,RegionD,151
1084,RegionE,17
1084,RegionF,193
1085,RegionA,22
1085,RegionB,17
1085,RegionC,117
1085,RegionD,148
1085,RegionE,29
1085,RegionF,164
1086,RegionA,39
1086,RegionB,13
1086,RegionC,34
1086,RegionD,292
1086,RegionE,221
1086,RegionF,299
1087,RegionA,6
1087,RegionB,62
1087,RegionC,32
1087,RegionD,194
1087,RegionE,25
1087,RegionF,49
1088,RegionA,67
1088,RegionB,29
1088,RegionC,59
1088,RegionD,218
1088,RegionE,134
1088,RegionF,154
1089,RegionA,73
1089,RegionB,5
1089,RegionC,80
1089,RegionD,122
1089,RegionE,191
1089,RegionF,377
1090,RegionA,26
1090,RegionB,110
1090,RegionC,26
1090,RegionD,229
1090,RegionE,197
1090,RegionF,95
1091,RegionA,6
1091,RegionB,29
1091,RegionC,62
1091,RegionD,130
1091,RegionE,67
1091,RegionF,222
1092,RegionA,174
1092,RegionB,9
1092,RegionC,73
1092,RegionD,114
1092,RegionE,44
1092,RegionF,220
1093,RegionA,17
1093,RegionB,0
1093,RegionC,96
1093,RegionD,225
1093,RegionE,189
1093,RegionF,220
1094,RegionA,20
1094,RegionB,38
1094,RegionC,78
1094,RegionD,144
1094,RegionE,111
1094,RegionF,146
1095,RegionA,243
1095,RegionB,11
1095,RegionC,146
1095,RegionD,7
1095,RegionE,13
1095,RegionF,197
1096,RegionA,24
1096,RegionB,13
1096,RegionC,74
1096,RegionD,161
1096,RegionE,22
1096,RegionF,386
1097,RegionA,23
1097,RegionB,61
1097,RegionC,44
1097,RegionD,12
1097,RegionE,63
1097,RegionF,0
1098,RegionA,119
1098,RegionB,7
1098,RegionC,61
1098,RegionD,94
1098,RegionE,48
1098,RegionF,199
1099,RegionA,20
1099,RegionB,31
1099,RegionC,86
1099,RegionD,242
1099,RegionE,180
1099,RegionF,198
1100,RegionA,165
1100,RegionB,32
1100,RegionC,22
1100,RegionD,78
1100,RegionE,350
1100,RegionF,97
1101,RegionA,47
1101,RegionB,7
1101,RegionC,64
1101,RegionD,163
1101,RegionE,145
1101,RegionF,335
1102,RegionA,32
1102,RegionB,31
1102,RegionC,21
1102,RegionD,128
1102,RegionE,125
1102,RegionF,36
1103,RegionA,125
1103,RegionB,157
1103,RegionC,20
1103,RegionD,347
1103,RegionE,146
1103,RegionF,191
1104,RegionA,245
1104,RegionB,142
1104,RegionC,132
1104,RegionD,19
1104,RegionE,46
1104,RegionF,52
1105,RegionA,12
1105,RegionB,21
1105,RegionC,18
1105,RegionD,18
1105,RegionE,104
1105,RegionF,109
1106,RegionA,39
1106,RegionB,7
1106,RegionC,14
1106,RegionD,47
1106,RegionE,85
1106,RegionF,421
1107,RegionA,257
1107,RegionB,32
1107,RegionC,52
1107,RegionD,249
1107,RegionE,79
1107,RegionF,225
1108,RegionA,45
1108,RegionB,35
1108,RegionC,58
1108,RegionD,197
1108,RegionE,216
1108,RegionF,282
1109,RegionA,211
1109,RegionB,14
1109,RegionC,0
1109,RegionD,230
1109,RegionE,20
1109,RegionF,16
1110,RegionA,15
1110,RegionB,53
1110,RegionC,5
1110,RegionD,169
1110,RegionE,135
1110,RegionF,102
1111,RegionA,181
1111,RegionB,205
1111,RegionC,8
1111,RegionD,135
1111,RegionE,99
1111,RegionF,16
1112,RegionA,27
1112,RegionB,43
1112,RegionC,123
1112,RegionD,254
1112,RegionE,226
1112,RegionF,209
1113,RegionA,166
1113,RegionB,9
1113,RegionC,7
1113,RegionD,216
1113,RegionE,160
1113,RegionF,151
1114,RegionA,16
1114,RegionB,44
1114,RegionC,6
1114,RegionD,131
1114,RegionE,254
1114,RegionF,356
1115,RegionA,84
1115,RegionB,5
1115,RegionC,0
1115,RegionD,135
1115,RegionE,143
1115,RegionF,16
1116,RegionA,32
1116,RegionB,37
1116,RegionC,63
1116,RegionD,462
1116,RegionE,156
1116,RegionF,146
1117,RegionA,7
1117,RegionB,22
1117,RegionC,26
1117,RegionD,65
1117,RegionE,190
1117,RegionF,214
1118,RegionA,116
1118,RegionB,110
1118,RegionC,7
1118,RegionD,256
1118,RegionE,103
1118,RegionF,23
1119,RegionA,169
1119,RegionB,118
1119,RegionC,127
1119,RegionD,540
1119,RegionE,102
1119,RegionF,206
1120,RegionA,50
1120,RegionB,25
1120,RegionC,2
1120,RegionD,135
1120,RegionE,0
1120,RegionF,230
1121,RegionA,40
1121,RegionB,51
1121,RegionC,57
1121,RegionD,136
1121,RegionE,236
1121,RegionF,326
1122,RegionA,35
1122,RegionB,20
1122,RegionC,87
1122,RegionD,28
1122,RegionE,86
1122,RegionF,203
1123,RegionA,20
1123,RegionB,18
1123,RegionC,129
1123,RegionD,298
1123,RegionE,8
1123,RegionF,7
1124,RegionA,70
1124,RegionB,141
1124,RegionC,26
1124,RegionD,37
1124,RegionE,197
1124,RegionF,92
1125,RegionA,2
1125,RegionB,22
1125,RegionC,0
1125,RegionD,92
1125,RegionE,260
1125,RegionF,27
1126,RegionA,51
1126,RegionB,68
1126,RegionC,1
1126,RegionD,138
1126,RegionE,17
1126,RegionF,143
1127,RegionA,30
1127,RegionB,14
1127,RegionC,3
1127,RegionD,410
1127,RegionE,106
1127,RegionF,16
1128,RegionA,67
1128,RegionB,13
1128,RegionC,85
1128,RegionD,302
1128,RegionE,153
1128,RegionF,66
1129,RegionA,12
1129,RegionB,43
1129,RegionC,4
1129,RegionD,28
1129,RegionE,0
1129,RegionF,9
1130,RegionA,7
1130,RegionB,22
1130,RegionC,46
1130,RegionD,308
1130,RegionE,103
1130,RegionF,117
1131,RegionA,46
1131,RegionB,59
1131,RegionC,17
1131,RegionD,127
1131,RegionE,146
1131,RegionF,88
1132,RegionA,31
1132,RegionB,41
1132,RegionC,25
1132,RegionD,237
1132,RegionE,4
1132,RegionF,79
1133,RegionA,27
1133,RegionB,34
1133,RegionC,13
1133,RegionD,251
1133,RegionE,6
1133,RegionF,0
1134,RegionA,21
1134,RegionB,137
1134,RegionC,105
1134,RegionD,0
1134,RegionE,70
1134,RegionF,221
1135,RegionA,18
1135,RegionB,42
1135,RegionC,85
1135,RegionD,80
1135,RegionE,139
1135,RegionF,72
1136,RegionA,3
1136,RegionB,39
1136,RegionC,109
1136,RegionD,114
1136,RegionE,181
1136,RegionF,87
1137,RegionA,32
1137,RegionB,5
1137,RegionC,41
1137,RegionD,358
1137,RegionE,233
1137,RegionF,90
1138,RegionA,66
1138,RegionB,26
1138,RegionC,1
1138,RegionD,227
1138,RegionE,154
1138,RegionF,29
1139,RegionA,189
1139,RegionB,47
1139,RegionC,7
1139,RegionD,291
1139,RegionE,212
1139,RegionF,286
1140,RegionA,51
1140,RegionB,34
1140,RegionC,133
1140,RegionD,218
1140,RegionE,220
1140,RegionF,63
1141,RegionA,9
1141,RegionB,33
1141,RegionC,240
1141,RegionD,66
1141,RegionE,112
1141,RegionF,99
1142,RegionA,85
1142,RegionB,9
1142,RegionC,117
1142,RegionD,35
1142,RegionE,118
1142,RegionF,143
1143,RegionA,29
1143,RegionB,16
1143,RegionC,5
1143,RegionD,206
1143,RegionE,84
1143,RegionF,122
1144,RegionA,60
1144,RegionB,5
1144,RegionC,40
1144,RegionD,201
1144,RegionE,158
1144,RegionF,459
1145,RegionA,43
1145,RegionB,7
1145,RegionC,32
1145,RegionD,201
1145,RegionE,171
1145,RegionF,124
1146,RegionA,8
1146,RegionB,10
1146,RegionC,29
1146,RegionD,132
1146,RegionE,91
1146,RegionF,442
1147,RegionA,19
1147,RegionB,131
1147,RegionC,124
1147,RegionD,106
1147,RegionE,35
1147,RegionF,180
1148,RegionA,31
1148,RegionB,18
1148,RegionC,130
1148,RegionD,103
1148,RegionE,107
1148,RegionF,169
1149,RegionA,5
1149,RegionB,188
1149,RegionC,18
1149,RegionD,204
1149,RegionE,98
1149,RegionF,58
1150,RegionA,16
1150,RegionB,116
1150,RegionC,38
1150,RegionD,394
1150,RegionE,59
1150,RegionF,40
1151,RegionA,103
1151,RegionB,6
1151,RegionC,4
1151,RegionD,86
1151,RegionE,135
1151,RegionF,167
1152,RegionA,57
1152,RegionB,48
1152,RegionC,35
1152,RegionD,143
1152,RegionE,96
1152,RegionF,0
1153,RegionA,54
1153,RegionB,156
1153,RegionC,32
1153,RegionD,225
1153,RegionE,162
1153,RegionF,181
1154,RegionA,81
1154,RegionB,39
1154,RegionC,133
1154,RegionD,172
1154,RegionE,277
1154,RegionF,132
1155,RegionA,4
1155,RegionB,23
1155,RegionC,21
1155,RegionD,209
1155,RegionE,4
1155,RegionF,131
1156,RegionA,58
1156,RegionB,32
1156,RegionC,5
1156,RegionD,126
1156,RegionE,23
1156,RegionF,277
1157,RegionA,12
1157,RegionB,39
1157,RegionC,9
1157,RegionD,84
1157,RegionE,172
1157,RegionF,89
1158,RegionA,24
1158,RegionB,30
1158,RegionC,54
1158,RegionD,130
1158,RegionE,0
1158,RegionF,30
1159,RegionA,102
1159,RegionB,35
1159,RegionC,35
1159,RegionD,332
1159,RegionE,311
1159,RegionF,141
1160,RegionA,15
1160,RegionB,41
1160,RegionC,28
1160,RegionD,31
1160,RegionE,178
1160,RegionF,127
1161,RegionA,32
1161,RegionB,26
1161,RegionC,11
1161,RegionD,128
1161,RegionE,78
1161,RegionF,219
1162,RegionA,105
1162,RegionB,15
1162,RegionC,249
1162,RegionD,154
1162,RegionE,162
1162,RegionF,138
1163,RegionA,39
1163,RegionB,22
1163,RegionC,22
1163,RegionD,16
1163,RegionE,193
1163,RegionF,158
1164,RegionA,16
1164,RegionB,1
1164,RegionC,20
1164,RegionD,207
1164,RegionE,133
1164,RegionF,206
1165,RegionA,25
1165,RegionB,23
1165,RegionC,4
1165,RegionD,218
1165,RegionE,213
1165,RegionF,35
1166,RegionA,21
1166,RegionB,56
1166,RegionC,9
1166,RegionD,155
1166,RegionE,0
1166,RegionF,13
1167,RegionA,58
1167,RegionB,158
1167,RegionC,21
1167,RegionD,225
1167,RegionE,160
1167,RegionF,32
1168,RegionA,43
1168,RegionB,0
1168,RegionC,123
1168,RegionD,50
1168,RegionE,93
1168,RegionF,292
1169,RegionA,52
1169,RegionB,28
1169,RegionC,46
1169,RegionD,0
1169,RegionE,201
1169,RegionF,14
1170,RegionA,42
1170,RegionB,22
1170,RegionC,96
1170,RegionD,221
1170,RegionE,91
1170,RegionF,77
1171,RegionA,28
1171,RegionB,4
1171,RegionC,1
1171,RegionD,76
1171,RegionE,85
1171,RegionF,212
1172,RegionA,34
1172,RegionB,29
1172,RegionC,30
1172,RegionD,29
1172,RegionE,38
1172,RegionF,39
1173,RegionA,143
1173,RegionB,131
1173,RegionC,18
1173,RegionD,138
1173,RegionE,119
1173,RegionF,158
1174,RegionA,0
1174,RegionB,39
1174,RegionC,23
1174,RegionD,422
1174,RegionE,147
1174,RegionF,188
1175,RegionA,70
1175,RegionB,100
1175,RegionC,23
1175,RegionD,114
1175,RegionE,125
1175,RegionF,145
1176,RegionA,14
1176,RegionB,9
1176,RegionC,25
1176,RegionD,79
1176,RegionE,245
1176,RegionF,234
1177,RegionA,8
1177,RegionB,18
1177,RegionC,24
1177,RegionD,378
1177,RegionE,169
1177,RegionF,0
1178,RegionA,44
1178,RegionB,0
1178,RegionC,9
1178,RegionD,249
1178,RegionE,91
1178,RegionF,371
1179,RegionA,119
1179,RegionB,57
1179,RegionC,2
1179,RegionD,250
1179,RegionE,152
1179,RegionF,328
1180,RegionA,58
1180,RegionB,7
1180,RegionC,0
1180,RegionD,159
1180,RegionE,178
1180,RegionF,29
1181,RegionA,64
1181,RegionB,4
1181,RegionC,32
1181,RegionD,45
1181,RegionE,24
1181,RegionF,489
1182,RegionA,26
1182,RegionB,44
1182,RegionC,13
1182,RegionD,272
1182,RegionE,0
1182,RegionF,275
1183,RegionA,34
1183,RegionB,118
1183,RegionC,33
1183,RegionD,336
1183,RegionE,23
1183,RegionF,359
1184,RegionA,50
1184,RegionB,12
1184,RegionC,127
1184,RegionD,26
1184,RegionE,60
1184,RegionF,255
1185,RegionA,49
1185,RegionB,156
1185,RegionC,59
1185,RegionD,134
1185,RegionE,258
1185,RegionF,194
1186,RegionA,154
1186,RegionB,28
1186,RegionC,13
1186,RegionD,96
1186,RegionE,243
1186,RegionF,5
1187,RegionA,88
1187,RegionB,29
1187,RegionC,104
1187,RegionD,340
1187,RegionE,398
1187,RegionF,8
1188,RegionA,30
1188,RegionB,11
1188,RegionC,12
1188,RegionD,129
1188,RegionE,99
1188,RegionF,128
1189,RegionA,0
1189,RegionB,131
1189,RegionC,14
1189,RegionD,147
1189,RegionE,0
1189,RegionF,148
1190,RegionA,54
1190,RegionB,67
1190,RegionC,44
1190,RegionD,63
1190,RegionE,149
1190,RegionF,284
1191,RegionA,113
1191,RegionB,36
1191,RegionC,86
1191,RegionD,115
1191,RegionE,170
1191,RegionF,173
1192,RegionA,12
1192,RegionB,19
1192,RegionC,5
1192,RegionD,388
1192,RegionE,171
1192,RegionF,139
1193,RegionA,11
1193,RegionB,44
1193,RegionC,36
1193,RegionD,342
1193,RegionE,247
1193,RegionF,208
1194,RegionA,44
1194,RegionB,40
1194,RegionC,6
1194,RegionD,53
1194,RegionE,77
1194,RegionF,130
1195,RegionA,83
1195,RegionB,137
1195,RegionC,7
1195,RegionD,401
1195,RegionE,80
1195,RegionF,129
1196,RegionA,26
1196,RegionB,24
1196,RegionC,21
1196,RegionD,491
1196,RegionE,20
1196,RegionF,0
1197,RegionA,32
1197,RegionB,57
1197,RegionC,25
1197,RegionD,243
1197,RegionE,95
1197,RegionF,132
1198,RegionA,39
1198,RegionB,95
1198,RegionC,38
1198,RegionD,31
1198,RegionE,103
1198,RegionF,100
1199,RegionA,16
1199,RegionB,9
1199,RegionC,2
1199,RegionD,54
1199,RegionE,190
1199,RegionF,156
1200,RegionA,15
1200,RegionB,236
1200,RegionC,154
1200,RegionD,61
1200,RegionE,1
1200,RegionF,78
1201,RegionA,92
1201,RegionB,39
1201,RegionC,77
1201,RegionD,121
1201,RegionE,104
1201,RegionF,314
1202,RegionA,34
1202,RegionB,22
1202,RegionC,32
1202,RegionD,58
1202,RegionE,162
1202,RegionF,92
1203,RegionA,12
1203,RegionB,23
1203,RegionC,26
1203,RegionD,475
1203,RegionE,372
1203,RegionF,49
1204,RegionA,167
1204,RegionB,32
1204,RegionC,3
1204,RegionD,438
1204,RegionE,41
1204,RegionF,55
1205,RegionA,18
1205,RegionB,36
1205,RegionC,19
1205,RegionD,92
1205,RegionE,65
1205,RegionF,67
1206,RegionA,75
1206,RegionB,102
1206,RegionC,34
1206,RegionD,251
1206,RegionE,107
1206,RegionF,345
1207,RegionA,129
1207,RegionB,49
1207,RegionC,7
1207,RegionD,40
1207,RegionE,0
1207,RegionF,32
1208,RegionA,29
1208,RegionB,155
1208,RegionC,93
1208,RegionD,117
1208,RegionE,9
1208,RegionF,439
1209,RegionA,33
1209,RegionB,18
1209,RegionC,31
1209,RegionD,142
1209,RegionE,160
1209,RegionF,126
1210,RegionA,48
1210,RegionB,146
1210,RegionC,130
1210,RegionD,318
1210,RegionE,124
1210,RegionF,5
1211,RegionA,78
1211,RegionB,31
1211,RegionC,60
1211,RegionD,472
1211,RegionE,149
1211,RegionF,426
1212,RegionA,17
1212,RegionB,28
1212,RegionC,121
1212,RegionD,166
1212,RegionE,34
1212,RegionF,197
1213,RegionA,36
1213,RegionB,8
1213,RegionC,12
1213,RegionD,152
1213,RegionE,15
1213,RegionF,225
1214,RegionA,11
1214,RegionB,40
1214,RegionC,22
1214,RegionD,190
1214,RegionE,29
1214,RegionF,102
1215,RegionA,135
1215,RegionB,7
1215,RegionC,49
1215,RegionD,290
1215,RegionE,286
1215,RegionF,4
1216,RegionA,97
1216,RegionB,65
1216,RegionC,10
1216,RegionD,167
1216,RegionE,138
1216,RegionF,24
1217,RegionA,74
1217,RegionB,8
1217,RegionC,31
1217,RegionD,394
1217,RegionE,72
1217,RegionF,97
1218,RegionA,0
1218,RegionB,54
1218,RegionC,6
1218,RegionD,302
1218,RegionE,157
1218,RegionF,176
1219,RegionA,23
1219,RegionB,69
1219,RegionC,0
1219,RegionD,180
1219,RegionE,288
1219,RegionF,0
1220,RegionA,4
1220,RegionB,16
1220,RegionC,47
1220,RegionD,129
1220,RegionE,416
1220,RegionF,44
1221,RegionA,207
1221,RegionB,10
1221,RegionC,12
1221,RegionD,227
1221,RegionE,20
1221,RegionF,61
1222,RegionA,40
1222,RegionB,48
1222,RegionC,14
1222,RegionD,325
1222,RegionE,357
1222,RegionF,289
1223,RegionA,0
1223,RegionB,20
1223,RegionC,10
1223,RegionD,227
1223,RegionE,363
1223,RegionF,223
1224,RegionA,100
1224,RegionB,158
1224,RegionC,41
1224,RegionD,335
1224,RegionE,417
1224,RegionF,0
1225,RegionA,26
1225,RegionB,162
1225,RegionC,50
1225,RegionD,85
1225,RegionE,204
1225,RegionF,213
1226,RegionA,36
1226,RegionB,9
1226,RegionC,41
1226,RegionD,271
1226,RegionE,64
1226,RegionF,47
1227,RegionA,56
1227,RegionB,104
1227,RegionC,29
1227,RegionD,128
1227,RegionE,229
1227,RegionF,0
1228,RegionA,148
1228,RegionB,19
1228,RegionC,37
1228,RegionD,318
1228,RegionE,272
1228,RegionF,79
1229,RegionA,48
1229,RegionB,22
1229,RegionC,35
1229,RegionD,340
1229,RegionE,54
1229,RegionF,119
1230,RegionA,46
1230,RegionB,1
1230,RegionC,18
1230,RegionD,221
1230,RegionE,127
1230,RegionF,131
1231,RegionA,63
1231,RegionB,126
1231,RegionC,95
1231,RegionD,178
1231,RegionE,301
1231,RegionF,314
1232,RegionA,17
1232,RegionB,124
1232,RegionC,0
1232,RegionD,306
1232,RegionE,160
1232,RegionF,272
1233,RegionA,10
1233,RegionB,210
1233,RegionC,115
1233,RegionD,125
1233,RegionE,304
1233,RegionF,32
1234,RegionA,19
1234,RegionB,32
1234,RegionC,23
1234,RegionD,223
1234,RegionE,152
1234,RegionF,256
1235,RegionA,10
1235,RegionB,30
1235,RegionC,238
1235,RegionD,301
1235,RegionE,173
1235,RegionF,263
1236,RegionA,108
1236,RegionB,20
1236,RegionC,18
1236,RegionD,45
1236,RegionE,107
1236,RegionF,105
1237,RegionA,10
1237,RegionB,42
1237,RegionC,18
1237,RegionD,114
1237,RegionE,59
1237,RegionF,119
1238,RegionA,36
1238,RegionB,27
1238,RegionC,9
1238,RegionD,146
1238,RegionE,36
1238,RegionF,222
1239,RegionA,126
1239,RegionB,14
1239,RegionC,5
1239,RegionD,445
1239,RegionE,127
1239,RegionF,342
1240,RegionA,12
1240,RegionB,14
1240,RegionC,11
1240,RegionD,334
1240,RegionE,141
1240,RegionF,277
1241,RegionA,47
1241,RegionB,2
1241,RegionC,115
1241,RegionD,332
1241,RegionE,0
1241,RegionF,87
1242,RegionA,48
1242,RegionB,194
1242,RegionC,7
1242,RegionD,186
1242,RegionE,208
1242,RegionF,104
1243,RegionA,46
1243,RegionB,154
1243,RegionC,12
1243,RegionD,193
1243,RegionE,14
1243,RegionF,12
1244,RegionA,33
1244,RegionB,14
1244,RegionC,122
1244,RegionD,325
1244,RegionE,121
1244,RegionF,175
1245,RegionA,6
1245,RegionB,16
1245,RegionC,30
1245,RegionD,484
1245,RegionE,195
1245,RegionF,291
1246,RegionA,24
1246,RegionB,8
1246,RegionC,1
1246,RegionD,317
1246,RegionE,222
1246,RegionF,102
1247,RegionA,12
1247,RegionB,39
1247,RegionC,76
1247,RegionD,203
1247,RegionE,108
1247,RegionF,179
1248,RegionA,19
1248,RegionB,154
1248,RegionC,20
1248,RegionD,122
1248,RegionE,113
1248,RegionF,166
1249,RegionA,28
1249,RegionB,3
1249,RegionC,39
1249,RegionD,29
1249,RegionE,109
1249,RegionF,51
1250,RegionA,9
1250,RegionB,292
1250,RegionC,50
1250,RegionD,111
1250,RegionE,130
1250,RegionF,116
1251,RegionA,129
1251,RegionB,34
1251,RegionC,12
1251,RegionD,204
1251,RegionE,182
1251,RegionF,90
1252,RegionA,118
1252,RegionB,56
1252,RegionC,195
1252,RegionD,267
1252,RegionE,319
1252,RegionF,209
1253,RegionA,188
1253,RegionB,40
1253,RegionC,7
1253,RegionD,240
1253,RegionE,233
1253,RegionF,31
1254,RegionA,57
1254,RegionB,135
1254,RegionC,13
1254,RegionD,209
1254,RegionE,223
1254,RegionF,114
1255,RegionA,53
1255,RegionB,28
1255,RegionC,30
1255,RegionD,72
1255,RegionE,112
1255,RegionF,198
1256,RegionA,48
1256,RegionB,123
1256,RegionC,83
1256,RegionD,67
1256,RegionE,218
1256,RegionF,0
1257,RegionA,128
1257,RegionB,35
1257,RegionC,12
1257,RegionD,67
1257,RegionE,117
1257,RegionF,0
1258,RegionA,9
1258,RegionB,52
1258,RegionC,155
1258,RegionD,245
1258,RegionE,44
1258,RegionF,53
1259,RegionA,51
1259,RegionB,49
1259,RegionC,49
1259,RegionD,130
1259,RegionE,327
1259,RegionF,167
1260,RegionA,26
1260,RegionB,30
1260,RegionC,4
1260,RegionD,135
1260,RegionE,23
1260,RegionF,36
1261,RegionA,118
1261,RegionB,22
1261,RegionC,152
1261,RegionD,218
1261,RegionE,49
1261,RegionF,178
1262,RegionA,215
1262,RegionB,7
1262,RegionC,29
1262,RegionD,32
1262,RegionE,175
1262,RegionF,51
1263,RegionA,35
1263,RegionB,120
1263,RegionC,35
1263,RegionD,181
1263,RegionE,163
1263,RegionF,146
1264,RegionA,112
1264,RegionB,0
1264,RegionC,33
1264,RegionD,102
1264,RegionE,235
1264,RegionF,27
1265,RegionA,68
1265,RegionB,10
1265,RegionC,5
1265,RegionD,242
1265,RegionE,119
1265,RegionF,172
1266,RegionA,10
1266,RegionB,66
1266,RegionC,26
1266,RegionD,372
1266,RegionE,85
1266,RegionF,93
1267,RegionA,83
1267,RegionB,31
1267,RegionC,26
1267,RegionD,359
1267,RegionE,18
1267,RegionF,136
1268,RegionA,30
1268,RegionB,56
1268,RegionC,105
1268,RegionD,69
1268,RegionE,39
1268,RegionF,258
1269,RegionA,7
1269,RegionB,17
1269,RegionC,30
1269,RegionD,235
1269,RegionE,6
1269,RegionF,3
1270,RegionA,3
1270,RegionB,105
1270,RegionC,8
1270,RegionD,272
1270,RegionE,59
1270,RegionF,413
1271,RegionA,117
1271,RegionB,125
1271,RegionC,12
1271,RegionD,266
1271,RegionE,294
1271,RegionF,107
1272,RegionA,11
1272,RegionB,134
1272,RegionC,25
1272,RegionD,56
1272,RegionE,0
1272,RegionF,16
1273,RegionA,15
1273,RegionB,7
1273,RegionC,8
1273,RegionD,248
1273,RegionE,189
1273,RegionF,166
1274,RegionA,29
1274,RegionB,28
1274,RegionC,15
1274,RegionD,152
1274,RegionE,124
1274,RegionF,156
1275,RegionA,2
1275,RegionB,32
1275,RegionC,28
1275,RegionD,211
1275,RegionE,36
1275,RegionF,44
1276,RegionA,46
1276,RegionB,106
1276,RegionC,30
1276,RegionD,343
1276,RegionE,0
1276,RegionF,120
1277,RegionA,92
1277,RegionB,27
1277,RegionC,34
1277,RegionD,315
1277,RegionE,84
1277,RegionF,76
1278,RegionA,12
1278,RegionB,90
1278,RegionC,48
1278,RegionD,541
1278,RegionE,127
1278,RegionF,0
1279,RegionA,107
1279,RegionB,20
1279,RegionC,13
1279,RegionD,256
1279,RegionE,227
1279,RegionF,54
1280,RegionA,106
1280,RegionB,11
1280,RegionC,0
1280,RegionD,0
1280,RegionE,173
1280,RegionF,61
1281,RegionA,46
1281,RegionB,111
1281,RegionC,0
1281,RegionD,305
1281,RegionE,203
1281,RegionF,267
1282,RegionA,138
1282,RegionB,44
1282,RegionC,36
1282,RegionD,317
1282,RegionE,126
1282,RegionF,353
1283,RegionA,50
1283,RegionB,18
1283,RegionC,9
1283,RegionD,276
1283,RegionE,112
1283,RegionF,136
1284,RegionA,60
1284,RegionB,32
1284,RegionC,82
1284,RegionD,178
1284,RegionE,367
1284,RegionF,38
1285,RegionA,5
1285,RegionB,98
1285,RegionC,0
1285,RegionD,120
1285,RegionE,156
1285,RegionF,235
1286,RegionA,2
1286,RegionB,19
1286,RegionC,17
1286,RegionD,224
1286,RegionE,32
1286,RegionF,46
1287,RegionA,20
1287,RegionB,64
1287,RegionC,22
1287,RegionD,119
1287,RegionE,279
1287,RegionF,74
1288,RegionA,10
1288,RegionB,57
1288,RegionC,58
1288,RegionD,407
1288,RegionE,16
1288,RegionF,96
1289,RegionA,93
1289,RegionB,3
1289,RegionC,37
1289,RegionD,54
1289,RegionE,186
1289,RegionF,19
1290,RegionA,114
1290,RegionB,124
1290,RegionC,44
1290,RegionD,0
1290,RegionE,52
1290,RegionF,105
1291,RegionA,29
1291,RegionB,30
1291,RegionC,38
1291,RegionD,138
1291,RegionE,47
1291,RegionF,226
1292,RegionA,27
1292,RegionB,37
1292,RegionC,13
1292,RegionD,54
1292,RegionE,35
1292,RegionF,45
1293,RegionA,7
1293,RegionB,0
1293,RegionC,205
1293,RegionD,169
1293,RegionE,21
1293,RegionF,147
1294,RegionA,31
1294,RegionB,32
1294,RegionC,5
1294,RegionD,146
1294,RegionE,20
1294,RegionF,26
1295,RegionA,8
1295,RegionB,138
1295,RegionC,94
1295,RegionD,390
1295,RegionE,113
1295,RegionF,0
1296,RegionA,102
1296,RegionB,25
1296,RegionC,19
1296,RegionD,19
1296,RegionE,238
1296,RegionF,13
1297,RegionA,10
1297,RegionB,117
1297,RegionC,76
1297,RegionD,79
1297,RegionE,0
1297,RegionF,181
1298,RegionA,167
1298,RegionB,214
1298,RegionC,9
1298,RegionD,395
1298,RegionE,151
1298,RegionF,275
1299,RegionA,11
1299,RegionB,119
1299,RegionC,47
1299,RegionD,271
1299,RegionE,220
1299,RegionF,0
1300,RegionA,9
1300,RegionB,13
1300,RegionC,10
1300,RegionD,108
1300,RegionE,470
1300,RegionF,75
1301,RegionA,25
1301,RegionB,7
1301,RegionC,27
1301,RegionD,5
1301,RegionE,61
1301,RegionF,244
1302,RegionA,148
1302,RegionB,15
1302,RegionC,17
1302,RegionD,179
1302,RegionE,70
1302,RegionF,106
1303,RegionA,143
1303,RegionB,27
1303,RegionC,39
1303,RegionD,261
1303,RegionE,403
1303,RegionF,21
1304,RegionA,41
1304,RegionB,45
1304,RegionC,32
1304,RegionD,327
1304,RegionE,0
1304,RegionF,284
1305,RegionA,134
1305,RegionB,31
1305,RegionC,11
1305,RegionD,67
1305,RegionE,152
1305,RegionF,0
1306,RegionA,62
1306,RegionB,85
1306,RegionC,21
1306,RegionD,31
1306,RegionE,165
1306,RegionF,187
1307,RegionA,34
1307,RegionB,103
1307,RegionC,124
1307,RegionD,203
1307,RegionE,120
1307,RegionF,130
1308,RegionA,12
1308,RegionB,53
1308,RegionC,11
1308,RegionD,42
1308,RegionE,217
1308,RegionF,252
1309,RegionA,46
1309,RegionB,54
1309,RegionC,43
1309,RegionD,120
1309,RegionE,157
1309,RegionF,107
1310,RegionA,97
1310,RegionB,21
1310,RegionC,29
1310,RegionD,14
1310,RegionE,374
1310,RegionF,81
1311,RegionA,114
1311,RegionB,25
1311,RegionC,6
1311,RegionD,330
1311,RegionE,147
1311,RegionF,292
1312,RegionA,13
1312,RegionB,43
1312,RegionC,52
1312,RegionD,240
1312,RegionE,280
1312,RegionF,269
1313,RegionA,44
1313,RegionB,10
1313,RegionC,18
1313,RegionD,290
1313,RegionE,139
1313,RegionF,84
1314,RegionA,12
1314,RegionB,17
1314,RegionC,22
1314,RegionD,234
1314,RegionE,251
1314,RegionF,385
1315,RegionA,34
1315,RegionB,58
1315,RegionC,186
1315,RegionD,41
1315,RegionE,58
1315,RegionF,169
1316,RegionA,6
1316,RegionB,55
1316,RegionC,18
1316,RegionD,77
1316,RegionE,135
1316,RegionF,75
1317,RegionA,70
1317,RegionB,30
1317,RegionC,11
1317,RegionD,422
1317,RegionE,342
1317,RegionF,313
1318,RegionA,104
1318,RegionB,21
1318,RegionC,74
1318,RegionD,196
1318,RegionE,79
1318,RegionF,28
1319,RegionA,16
1319,RegionB,51
1319,RegionC,69
1319,RegionD,205
1319,RegionE,364
1319,RegionF,145
1320,RegionA,31
1320,RegionB,39
1320,RegionC,26
1320,RegionD,92
1320,RegionE,103
1320,RegionF,7
1321,RegionA,17
1321,RegionB,12
1321,RegionC,115
1321,RegionD,116
1321,RegionE,226
1321,RegionF,254
1322,RegionA,21
1322,RegionB,38
1322,RegionC,26
1322,RegionD,128
1322,RegionE,117
1322,RegionF,152
1323,RegionA,7
1323,RegionB,74
1323,RegionC,52
1323,RegionD,236
1323,RegionE,122
1323,RegionF,45
1324,RegionA,108
1324,RegionB,66
1324,RegionC,100
1324,RegionD,500
1324,RegionE,8
1324,RegionF,35
1325,RegionA,31
1325,RegionB,62
1325,RegionC,77
1325,RegionD,106
1325,RegionE,12
1325,RegionF,107
1326,RegionA,63
1326,RegionB,28
1326,RegionC,7
1326,RegionD,25
1326,RegionE,65
1326,RegionF,211
1327,RegionA,41
1327,RegionB,70
1327,RegionC,5
1327,RegionD,26
1327,RegionE,182
1327,RegionF,309
1328,RegionA,16
1328,RegionB,95
1328,RegionC,55
1328,RegionD,211
1328,RegionE,64
1328,RegionF,21
1329,RegionA,226
1329,RegionB,17
1329,RegionC,6
1329,RegionD,178
1329,RegionE,42
1329,RegionF,298
1330,RegionA,176
1330,RegionB,11
1330,RegionC,7
1330,RegionD,221
1330,RegionE,29
1330,RegionF,117
1331,RegionA,39
1331,RegionB,0
1331,RegionC,120
1331,RegionD,315
1331,RegionE,268
1331,RegionF,91
1332,RegionA,83
1332,RegionB,149
1332,RegionC,188
1332,RegionD,4
1332,RegionE,71
1332,RegionF,246
1333,RegionA,4
1333,RegionB,209
1333,RegionC,18
1333,RegionD,19
1333,RegionE,137
1333,RegionF,160
1334,RegionA,14
1334,RegionB,79
1334,RegionC,215
1334,RegionD,25
1334,RegionE,217
1334,RegionF,75
1335,RegionA,22
1335,RegionB,22
1335,RegionC,45
1335,RegionD,185
1335,RegionE,105
1335,RegionF,12
1336,RegionA,17
1336,RegionB,27
1336,RegionC,53
1336,RegionD,122
1336,RegionE,48
1336,RegionF,7
1337,RegionA,96
1337,RegionB,48
1337,RegionC,193
1337,RegionD,14
1337,RegionE,97
1337,RegionF,63
1338,RegionA,13
1338,RegionB,42
1338,RegionC,4
1338,RegionD,243
1338,RegionE,96
1338,RegionF,160
1339,RegionA,37
1339,RegionB,144
1339,RegionC,96
1339,RegionD,84
1339,RegionE,218
1339,RegionF,68
1340,RegionA,151
1340,RegionB,66
1340,RegionC,24
1340,RegionD,339
1340,RegionE,208
1340,RegionF,34
1341,RegionA,44
1341,RegionB,16
1341,RegionC,6
1341,RegionD,187
1341,RegionE,57
1341,RegionF,212
1342,RegionA,56
1342,RegionB,22
1342,RegionC,5
1342,RegionD,277
1342,RegionE,107
1342,RegionF,166
1343,RegionA,53
1343,RegionB,87
1343,RegionC,1
1343,RegionD,61
1343,RegionE,0
1343,RegionF,146
1344,RegionA,14
1344,RegionB,159
1344,RegionC,6
1344,RegionD,275
1344,RegionE,337
1344,RegionF,123
1345,RegionA,16
1345,RegionB,118
1345,RegionC,3
1345,RegionD,117
1345,RegionE,182
1345,RegionF,148
1346,RegionA,8
1346,RegionB,104
1346,RegionC,18
1346,RegionD,100
1346,RegionE,274
1346,RegionF,218
1347,RegionA,28
1347,RegionB,2
1347,RegionC,11
1347,RegionD,113
1347,RegionE,113
1347,RegionF,113
1348,RegionA,14
1348,RegionB,21
1348,RegionC,19
1348,RegionD,101
1348,RegionE,57
1348,RegionF,269
1349,RegionA,15
1349,RegionB,57
1349,RegionC,8
1349,RegionD,11
1349,RegionE,306
1349,RegionF,0
1350,RegionA,27
1350,RegionB,35
1350,RegionC,106
1350,RegionD,270
1350,RegionE,101
1350,RegionF,384
1351,RegionA,42
1351,RegionB,4
1351,RegionC,11
1351,RegionD,98
1351,RegionE,99
1351,RegionF,136
1352,RegionA,85
1352,RegionB,25
1352,RegionC,28
1352,RegionD,69
1352,RegionE,230
1352,RegionF,0
1353,RegionA,82
1353,RegionB,91
1353,RegionC,25
1353,RegionD,144
1353,RegionE,159
1353,RegionF,202
1354,RegionA,40
1354,RegionB,46
1354,RegionC,47
1354,RegionD,289
1354,RegionE,212
1354,RegionF,103
1355,RegionA,12
1355,RegionB,25
1355,RegionC,27
1355,RegionD,105
1355,RegionE,217
1355,RegionF,278
1356,RegionA,37
1356,RegionB,18
1356,RegionC,75
1356,RegionD,535
1356,RegionE,142
1356,RegionF,55
1357,RegionA,46
1357,RegionB,81
1357,RegionC,9
1357,RegionD,238
1357,RegionE,355
1357,RegionF,170
1358,RegionA,21
1358,RegionB,294
1358,RegionC,24
1358,RegionD,26
1358,RegionE,132
1358,RegionF,38
1359,RegionA,21
1359,RegionB,90
1359,RegionC,15
1359,RegionD,496
1359,RegionE,118
1359,RegionF,18
1360,RegionA,19
1360,RegionB,8
1360,RegionC,28
1360,RegionD,309
1360,RegionE,145
1360,RegionF,100
1361,RegionA,62
1361,RegionB,49
1361,RegionC,21
1361,RegionD,155
1361,RegionE,161
1361,RegionF,59
1362,RegionA,20
1362,RegionB,17
1362,RegionC,146
1362,RegionD,113
1362,RegionE,167
1362,RegionF,0
1363,RegionA,40
1363,RegionB,65
1363,RegionC,15
1363,RegionD,79
1363,RegionE,208
1363,RegionF,133
1364,RegionA,106
1364,RegionB,90
1364,RegionC,4
1364,RegionD,81
1364,RegionE,234
1364,RegionF,102
1365,RegionA,19
1365,RegionB,34
1365,RegionC,4
1365,RegionD,115
1365,RegionE,48
1365,RegionF,292
1366,RegionA,37
1366,RegionB,55
1366,RegionC,10
1366,RegionD,76
1366,RegionE,21
1366,RegionF,509
1367,RegionA,117
1367,RegionB,11
1367,RegionC,12
1367,RegionD,217
1367,RegionE,21
1367,RegionF,270
1368,RegionA,17
1368,RegionB,146
1368,RegionC,7
1368,RegionD,126
1368,RegionE,188
1368,RegionF,187
1369,RegionA,64
1369,RegionB,270
1369,RegionC,24
1369,RegionD,61
1369,RegionE,244
1369,RegionF,0
1370,RegionA,4
1370,RegionB,149
1370,RegionC,16
1370,RegionD,234
1370,RegionE,314
1370,RegionF,57
1371,RegionA,16
1371,RegionB,218
1371,RegionC,26
1371,RegionD,603
1371,RegionE,153
1371,RegionF,104
1372,RegionA,96
1372,RegionB,23
1372,RegionC,31
1372,RegionD,279
1372,RegionE,82
1372,RegionF,82
1373,RegionA,12
1373,RegionB,8
1373,RegionC,12
1373,RegionD,353
1373,RegionE,94
1373,RegionF,9
1374,RegionA,26
1374,RegionB,84
1374,RegionC,14
1374,RegionD,51
1374,RegionE,420
1374,RegionF,161
1375,RegionA,127
1375,RegionB,47
1375,RegionC,144
1375,RegionD,58
1375,RegionE,100
1375,RegionF,277
1376,RegionA,16
1376,RegionB,46
1376,RegionC,37
1376,RegionD,118
1376,RegionE,258
1376,RegionF,0
1377,RegionA,133
1377,RegionB,180
1377,RegionC,24
1377,RegionD,209
1377,RegionE,101
1377,RegionF,199
1378,RegionA,25
1378,RegionB,171
1378,RegionC,177
1378,RegionD,42
1378,RegionE,166
1378,RegionF,33
1379,RegionA,51
1379,RegionB,121
1379,RegionC,13
1379,RegionD,267
1379,RegionE,102
1379,RegionF,134
1380,RegionA,5
1380,RegionB,20
1380,RegionC,59
1380,RegionD,142
1380,RegionE,0
1380,RegionF,70
1381,RegionA,159
1381,RegionB,59
1381,RegionC,27
1381,RegionD,169
1381,RegionE,72
1381,RegionF,119
1382,RegionA,19
1382,RegionB,48
1382,RegionC,80
1382,RegionD,137
1382,RegionE,120
1382,RegionF,170
1383,RegionA,112
1383,RegionB,21
1383,RegionC,114
1383,RegionD,165
1383,RegionE,206
1383,RegionF,168
1384,RegionA,29
1384,RegionB,246
1384,RegionC,38
1384,RegionD,326
1384,RegionE,332
1384,RegionF,264
1385,RegionA,35
1385,RegionB,23
1385,RegionC,14
1385,RegionD,319
1385,RegionE,129
1385,RegionF,0
1386,RegionA,45
1386,RegionB,36
1386,RegionC,0
1386,RegionD,192
1386,RegionE,75
1386,RegionF,209
1387,RegionA,57
1387,RegionB,75
1387,RegionC,27
1387,RegionD,211
1387,RegionE,96
1387,RegionF,65
1388,RegionA,34
1388,RegionB,37
1388,RegionC,89
1388,RegionD,19
1388,RegionE,19
1388,RegionF,141
1389,RegionA,190
1389,RegionB,36
1389,RegionC,25
1389,RegionD,176
1389,RegionE,0
1389,RegionF,78
1390,RegionA,63
1390,RegionB,33
1390,RegionC,101
1390,RegionD,245
1390,RegionE,104
1390,RegionF,181
1391,RegionA,32
1391,RegionB,23
1391,RegionC,34
1391,RegionD,125
1391,RegionE,125
1391,RegionF,98
1392,RegionA,44
1392,RegionB,23
1392,RegionC,7
1392,RegionD,61
1392,RegionE,244
1392,RegionF,245
1393,RegionA,62
1393,RegionB,79
1393,RegionC,32
1393,RegionD,120
1393,RegionE,264
1393,RegionF,96
1394,RegionA,28
1394,RegionB,6
1394,RegionC,41
1394,RegionD,121
1394,RegionE,50
1394,RegionF,55
1395,RegionA,12
1395,RegionB,32
1395,RegionC,9
1395,RegionD,233
1395,RegionE,302
1395,RegionF,55
1396,RegionA,31
1396,RegionB,0
1396,RegionC,7
1396,RegionD,26
1396,RegionE,309
1396,RegionF,108
1397,RegionA,137
1397,RegionB,0
1397,RegionC,31
1397,RegionD,352
1397,RegionE,61
1397,RegionF,12
1398,RegionA,56
1398,RegionB,22
1398,RegionC,23
1398,RegionD,208
1398,RegionE,236
1398,RegionF,52
1399,RegionA,29
1399,RegionB,14
1399,RegionC,25
1399,RegionD,330
1399,RegionE,157
1399,RegionF,237
1400,RegionA,69
1400,RegionB,16
1400,RegionC,19
1400,RegionD,157
1400,RegionE,0
1400,RegionF,184
1401,RegionA,99
1401,RegionB,31
1401,RegionC,35
1401,RegionD,19
1401,RegionE,117
1401,RegionF,134
1402,RegionA,25
1402,RegionB,2
1402,RegionC,119
1402,RegionD,84
1402,RegionE,94
1402,RegionF,95
1403,RegionA,115
1403,RegionB,17
1403,RegionC,145
1403,RegionD,214
1403,RegionE,16
1403,RegionF,95
1404,RegionA,42
1404,RegionB,60
1404,RegionC,26
1404,RegionD,311
1404,RegionE,145
1404,RegionF,121
1405,RegionA,33
1405,RegionB,4
1405,RegionC,28
1405,RegionD,288
1405,RegionE,12
1405,RegionF,121
1406,RegionA,4
1406,RegionB,102
1406,RegionC,8
1406,RegionD,265
1406,RegionE,147
1406,RegionF,210
1407,RegionA,7
1407,RegionB,14
1407,RegionC,85
1407,RegionD,131
1407,RegionE,0
1407,RegionF,175
1408,RegionA,81
1408,RegionB,23
1408,RegionC,27
1408,RegionD,21
1408,RegionE,4
1408,RegionF,71
1409,RegionA,11
1409,RegionB,119
1409,RegionC,46
1409,RegionD,144
1409,RegionE,51
1409,RegionF,274
1410,RegionA,39
1410,RegionB,130
1410,RegionC,38
1410,RegionD,132
1410,RegionE,115
1410,RegionF,120
1411,RegionA,16
1411,RegionB,129
1411,RegionC,12
1411,RegionD,139
1411,RegionE,72
1411,RegionF,93
1412,RegionA,36
1412,RegionB,0
1412,RegionC,34
1412,RegionD,273
1412,RegionE,295
1412,RegionF,114
1413,RegionA,26
1413,RegionB,13
1413,RegionC,11
1413,RegionD,115
1413,RegionE,139
1413,RegionF,160
1414,RegionA,115
1414,RegionB,90
1414,RegionC,14
1414,RegionD,183
1414,RegionE,116
1414,RegionF,332
1415,RegionA,5
1415,RegionB,125
1415,RegionC,93
1415,RegionD,102
1415,RegionE,0
1415,RegionF,0
1416,RegionA,213
1416,RegionB,25
1416,RegionC,14
1416,RegionD,61
1416,RegionE,124
1416,RegionF,12
1417,RegionA,9
1417,RegionB,82
1417,RegionC,0
1417,RegionD,218
1417,RegionE,8
1417,RegionF,121
1418,RegionA,135
1418,RegionB,144
1418,RegionC,174
1418,RegionD,55
1418,RegionE,130
1418,RegionF,176
1419,RegionA,75
1419,RegionB,45
1419,RegionC,2
1419,RegionD,77
1419,RegionE,81
1419,RegionF,164
1420,RegionA,95
1420,RegionB,6
1420,RegionC,22
1420,RegionD,234
1420,RegionE,0
1420,RegionF,108
1421,RegionA,20
1421,RegionB,15
1421,RegionC,29
1421,RegionD,260
1421,RegionE,42
1421,RegionF,160
1422,RegionA,27
1422,RegionB,193
1422,RegionC,24
1422,RegionD,20
1422,RegionE,59
1422,RegionF,12
1423,RegionA,162
1423,RegionB,10
1423,RegionC,10
1423,RegionD,322
1423,RegionE,62
1423,RegionF,171
1424,RegionA,14
1424,RegionB,33
1424,RegionC,56
1424,RegionD,201
1424,RegionE,139
1424,RegionF,74
1425,RegionA,44
1425,RegionB,101
1425,RegionC,70
1425,RegionD,141
1425,RegionE,222
1425,RegionF,106
1426,RegionA,71
1426,RegionB,12
1426,RegionC,19
1426,RegionD,65
1426,RegionE,175
1426,RegionF,216
1427,RegionA,8
1427,RegionB,53
1427,RegionC,0
1427,RegionD,241
1427,RegionE,10
1427,RegionF,235
1428,RegionA,5
1428,RegionB,125
1428,RegionC,5
1428,RegionD,287
1428,RegionE,53
1428,RegionF,164
1429,RegionA,29
1429,RegionB,22
1429,RegionC,84
1429,RegionD,102
1429,RegionE,61
1429,RegionF,6
1430,RegionA,58
1430,RegionB,11
1430,RegionC,0
1430,RegionD,153
1430,RegionE,148
1430,RegionF,22
1431,RegionA,39
1431,RegionB,58
1431,RegionC,0
1431,RegionD,301
1431,RegionE,117
1431,RegionF,74
1432,RegionA,17
1432,RegionB,16
1432,RegionC,20
1432,RegionD,110
1432,RegionE,266
1432,RegionF,123
1433,RegionA,59
1433,RegionB,11
1433,RegionC,24
1433,RegionD,415
1433,RegionE,37
1433,RegionF,203
1434,RegionA,83
1434,RegionB,9
1434,RegionC,24
1434,RegionD,110
1434,RegionE,7
1434,RegionF,0
1435,RegionA,35
1435,RegionB,21
1435,RegionC,1
1435,RegionD,103
1435,RegionE,115
1435,RegionF,0
1436,RegionA,27
1436,RegionB,5
1436,RegionC,69
1436,RegionD,118
1436,RegionE,178
1436,RegionF,215
1437,RegionA,31
1437,RegionB,68
1437,RegionC,26
1437,RegionD,45
1437,RegionE,137
1437,RegionF,100
1438,RegionA,56
1438,RegionB,11
1438,RegionC,112
1438,RegionD,220
1438,RegionE,101
1438,RegionF,68
1439,RegionA,29
1439,RegionB,5
1439,RegionC,39
1439,RegionD,55
1439,RegionE,302
1439,RegionF,73
1440,RegionA,11
1440,RegionB,17
1440,RegionC,134
1440,RegionD,155
1440,RegionE,158
1440,RegionF,67
1441,RegionA,125
1441,RegionB,61
1441,RegionC,39
1441,RegionD,156
1441,RegionE,206
1441,RegionF,0
1442,RegionA,113
1442,RegionB,14
1442,RegionC,7
1442,RegionD,183
1442,RegionE,10
1442,RegionF,174
1443,RegionA,17
1443,RegionB,0
1443,RegionC,106
1443,RegionD,365
1443,RegionE,158
1443,RegionF,0
1444,RegionA,7
1444,RegionB,58
1444,RegionC,71
1444,RegionD,271
1444,RegionE,111
1444,RegionF,238
1445,RegionA,126
1445,RegionB,124
1445,RegionC,8
1445,RegionD,230
1445,RegionE,162
1445,RegionF,256
1446,RegionA,62
1446,RegionB,31
1446,RegionC,12
1446,RegionD,248
1446,RegionE,170
1446,RegionF,0
1447,RegionA,41
1447,RegionB,5
1447,RegionC,24
1447,RegionD,73
1447,RegionE,0
1447,RegionF,22
1448,RegionA,33
1448,RegionB,9
1448,RegionC,25
1448,RegionD,165
1448,RegionE,39
1448,RegionF,65
1449,RegionA,21
1449,RegionB,78
1449,RegionC,161
1449,RegionD,289
1449,RegionE,287
1449,RegionF,80
1450,RegionA,121
1450,RegionB,14
1450,RegionC,161
1450,RegionD,82
1450,RegionE,0
1450,RegionF,113
1451,RegionA,0
1451,RegionB,39
1451,RegionC,9
1451,RegionD,115
1451,RegionE,142
1451,RegionF,70
1452,RegionA,150
1452,RegionB,53
1452,RegionC,0
1452,RegionD,291
1452,RegionE,18
1452,RegionF,21
1453,RegionA,38
1453,RegionB,49
1453,RegionC,12
1453,RegionD,159
1453,RegionE,93
1453,RegionF,60
1454,RegionA,19
1454,RegionB,29
1454,RegionC,0
1454,RegionD,269
1454,RegionE,263
1454,RegionF,138
1455,RegionA,33
1455,RegionB,172
1455,RegionC,16
1455,RegionD,81
1455,RegionE,54
1455,RegionF,0
1456,RegionA,45
1456,RegionB,10
1456,RegionC,26
1456,RegionD,225
1456,RegionE,98
1456,RegionF,152
1457,RegionA,12
1457,RegionB,27
1457,RegionC,144
1457,RegionD,362
1457,RegionE,179
1457,RegionF,19
1458,RegionA,142
1458,RegionB,235
1458,RegionC,53
1458,RegionD,0
1458,RegionE,223
1458,RegionF,111
1459,RegionA,42
1459,RegionB,54
1459,RegionC,13
1459,RegionD,112
1459,RegionE,37
1459,RegionF,0
1460,RegionA,100
1460,RegionB,139
1460,RegionC,17
1460,RegionD,58
1460,RegionE,91
1460,RegionF,76
1461,RegionA,8
1461,RegionB,16
1461,RegionC,119
1461,RegionD,9
1461,RegionE,144
1461,RegionF,93
1462,RegionA,161
1462,RegionB,25
1462,RegionC,28
1462,RegionD,85
1462,RegionE,51
1462,RegionF,360
1463,RegionA,260
1463,RegionB,0
1463,RegionC,126
1463,RegionD,209
1463,RegionE,85
1463,RegionF,210
1464,RegionA,30
1464,RegionB,171
1464,RegionC,20
1464,RegionD,236
1464,RegionE,33
1464,RegionF,81
1465,RegionA,28
1465,RegionB,63
1465,RegionC,11
1465,RegionD,0
1465,RegionE,195
1465,RegionF,126
1466,RegionA,48
1466,RegionB,169
1466,RegionC,101
1466,RegionD,177
1466,RegionE,103
1466,RegionF,105
1467,RegionA,93
1467,RegionB,38
1467,RegionC,46
1467,RegionD,554
1467,RegionE,85
1467,RegionF,93
1468,RegionA,135
1468,RegionB,108
1468,RegionC,0
1468,RegionD,380
1468,RegionE,266
1468,RegionF,22
1469,RegionA,14
1469,RegionB,45
1469,RegionC,28
1469,RegionD,277
1469,RegionE,120
1469,RegionF,183
1470,RegionA,90
1470,RegionB,69
1470,RegionC,8
1470,RegionD,173
1470,RegionE,234
1470,RegionF,150
1471,RegionA,38
1471,RegionB,30
1471,RegionC,38
1471,RegionD,56
1471,RegionE,203
1471,RegionF,245
1472,RegionA,26
1472,RegionB,28
1472,RegionC,10
1472,RegionD,286
1472,RegionE,224
1472,RegionF,132
1473,RegionA,59
1473,RegionB,41
1473,RegionC,17
1473,RegionD,137
1473,RegionE,379
1473,RegionF,10
1474,RegionA,111
1474,RegionB,13
1474,RegionC,22
1474,RegionD,276
1474,RegionE,6
1474,RegionF,349
1475,RegionA,44
1475,RegionB,21
1475,RegionC,29
1475,RegionD,291
1475,RegionE,77
1475,RegionF,0
1476,RegionA,39
1476,RegionB,61
1476,RegionC,163
1476,RegionD,166
1476,RegionE,240
1476,RegionF,69
1477,RegionA,77
1477,RegionB,124
1477,RegionC,26
1477,RegionD,322
1477,RegionE,129
1477,RegionF,0
1478,RegionA,9
1478,RegionB,16
1478,RegionC,9
1478,RegionD,13
1478,RegionE,107
1478,RegionF,114
1479,RegionA,116
1479,RegionB,12
1479,RegionC,40
1479,RegionD,144
1479,RegionE,176
1479,RegionF,29
1480,RegionA,11
1480,RegionB,163
1480,RegionC,15
1480,RegionD,31
1480,RegionE,35
1480,RegionF,57
1481,RegionA,142
1481,RegionB,23
1481,RegionC,94
1481,RegionD,279
1481,RegionE,10
1481,RegionF,213
1482,RegionA,55
1482,RegionB,0
1482,RegionC,59
1482,RegionD,222
1482,RegionE,23
1482,RegionF,306
1483,RegionA,73
1483,RegionB,50
1483,RegionC,48
1483,RegionD,323
1483,RegionE,96
1483,RegionF,38
1484,RegionA,44
1484,RegionB,25
1484,RegionC,40
1484,RegionD,222
1484,RegionE,58
1484,RegionF,156
1485,RegionA,28
1485,RegionB,9
1485,RegionC,63
1485,RegionD,148
1485,RegionE,51
1485,RegionF,0
1486,RegionA,30
1486,RegionB,17
1486,RegionC,193
1486,RegionD,25
1486,RegionE,62
1486,RegionF,176
1487,RegionA,68
1487,RegionB,55
1487,RegionC,40
1487,RegionD,98
1487,RegionE,244
1487,RegionF,143
1488,RegionA,69
1488,RegionB,15
1488,RegionC,31
1488,RegionD,411
1488,RegionE,52
1488,RegionF,172
1489,RegionA,14
1489,RegionB,34
1489,RegionC,0
1489,RegionD,551
1489,RegionE,100
1489,RegionF,79
1490,RegionA,87
1490,RegionB,143
1490,RegionC,59
1490,RegionD,32
1490,RegionE,231
1490,RegionF,63
1491,RegionA,33
1491,RegionB,48
1491,RegionC,24
1491,RegionD,61
1491,RegionE,246
1491,RegionF,94
1492,RegionA,52
1492,RegionB,16
1492,RegionC,171
1492,RegionD,638
1492,RegionE,10
1492,RegionF,149
1493,RegionA,41
1493,RegionB,27
1493,RegionC,36
1493,RegionD,151
1493,RegionE,190
1493,RegionF,253
1494,RegionA,18
1494,RegionB,24
1494,RegionC,21
1494,RegionD,117
1494,RegionE,122
1494,RegionF,26
1495,RegionA,55
1495,RegionB,50
1495,RegionC,15
1495,RegionD,253
1495,RegionE,30
1495,RegionF,170
1496,RegionA,71
1496,RegionB,27
1496,RegionC,77
1496,RegionD,178
1496,RegionE,438
1496,RegionF,158
1497,RegionA,2
1497,RegionB,191
1497,RegionC,26
1497,RegionD,220
1497,RegionE,308
1497,RegionF,112
1498,RegionA,13
1498,RegionB,24
1498,RegionC,21
1498,RegionD,396
1498,RegionE,131
1498,RegionF,149
1499,RegionA,38
1499,RegionB,31
1499,RegionC,208
1499,RegionD,116
1499,RegionE,146
1499,RegionF,90
1500,RegionA,25
1500,RegionB,32
1500,RegionC,3
1500,RegionD,164
1500,RegionE,267
1500,RegionF,53
1501,RegionA,25
1501,RegionB,2
1501,RegionC,96
1501,RegionD,35
1501,RegionE,9
1501,RegionF,145
1502,RegionA,5
1502,RegionB,36
1502,RegionC,2
1502,RegionD,94
1502,RegionE,72
1502,RegionF,294
1503,RegionA,7
1503,RegionB,49
1503,RegionC,153
1503,RegionD,260
1503,RegionE,95
1503,RegionF,4
1504,RegionA,8
1504,RegionB,111
1504,RegionC,6
1504,RegionD,236
1504,RegionE,68
1504,RegionF,165
1505,RegionA,101
1505,RegionB,122
1505,RegionC,13
1505,RegionD,121
1505,RegionE,121
1505,RegionF,115
1506,RegionA,8
1506,RegionB,38
1506,RegionC,102
1506,RegionD,108
1506,RegionE,44
1506,RegionF,98
1507,RegionA,186
1507,RegionB,4
1507,RegionC,13
1507,RegionD,442
1507,RegionE,78
1507,RegionF,103
1508,RegionA,19
1508,RegionB,40
1508,RegionC,21
1508,RegionD,350
1508,RegionE,231
1508,RegionF,202
1509,RegionA,22
1509,RegionB,142
1509,RegionC,27
1509,RegionD,353
1509,RegionE,152
1509,RegionF,23
1510,RegionA,6
1510,RegionB,13
1510,RegionC,25
1510,RegionD,320
1510,RegionE,52
1510,RegionF,120
1511,RegionA,6
1511,RegionB,85
1511,RegionC,16
1511,RegionD,616
1511,RegionE,370
1511,RegionF,207
1512,RegionA,28
1512,RegionB,53
1512,RegionC,5
1512,RegionD,15
1512,RegionE,359
1512,RegionF,362
1513,RegionA,135
1513,RegionB,4
1513,RegionC,10
1513,RegionD,71
1513,RegionE,5
1513,RegionF,125
1514,RegionA,25
1514,RegionB,16
1514,RegionC,37
1514,RegionD,334
1514,RegionE,18
1514,RegionF,0
1515,RegionA,22
1515,RegionB,106
1515,RegionC,7
1515,RegionD,178
1515,RegionE,195
1515,RegionF,155
1516,RegionA,31
1516,RegionB,21
1516,RegionC,1
1516,RegionD,155
1516,RegionE,110
1516,RegionF,153
1517,RegionA,89
1517,RegionB,30
1517,RegionC,122
1517,RegionD,179
1517,RegionE,175
1517,RegionF,106
1518,RegionA,7
1518,RegionB,102
1518,RegionC,88
1518,RegionD,137
1518,RegionE,136
1518,RegionF,45
1519,RegionA,160
1519,RegionB,54
1519,RegionC,55
1519,RegionD,75
1519,RegionE,298
1519,RegionF,387
1520,RegionA,10
1520,RegionB,4
1520,RegionC,156
1520,RegionD,213
1520,RegionE,32
1520,RegionF,19
1521,RegionA,25
1521,RegionB,14
1521,RegionC,61
1521,RegionD,132
1521,RegionE,53
1521,RegionF,129
1522,RegionA,33
1522,RegionB,26
1522,RegionC,30
1522,RegionD,264
1522,RegionE,276
1522,RegionF,235
1523,RegionA,20
1523,RegionB,12
1523,RegionC,39
1523,RegionD,87
1523,RegionE,89
1523,RegionF,106
1524,RegionA,27
1524,RegionB,17
1524,RegionC,87
1524,RegionD,189
1524,RegionE,122
1524,RegionF,254
1525,RegionA,28
1525,RegionB,31
1525,RegionC,36
1525,RegionD,151
1525,RegionE,13
1525,RegionF,17
1526,RegionA,52
1526,RegionB,124
1526,RegionC,43
1526,RegionD,267
1526,RegionE,30
1526,RegionF,70
1527,RegionA,144
1527,RegionB,10
1527,RegionC,103
1527,RegionD,234
1527,RegionE,123
1527,RegionF,88
1528,RegionA,4
1528,RegionB,78
1528,RegionC,36
1528,RegionD,483
1528,RegionE,238
1528,RegionF,423
1529,RegionA,13
1529,RegionB,14
1529,RegionC,87
1529,RegionD,144
1529,RegionE,89
1529,RegionF,20
1530,RegionA,55
1530,RegionB,37
1530,RegionC,58
1530,RegionD,215
1530,RegionE,107
1530,RegionF,106
1531,RegionA,108
1531,RegionB,2
1531,RegionC,74
1531,RegionD,42
1531,RegionE,190
1531,RegionF,245
1532,RegionA,41
1532,RegionB,55
1532,RegionC,9
1532,RegionD,221
1532,RegionE,414
1532,RegionF,140
1533,RegionA,18
1533,RegionB,22
1533,RegionC,5
1533,RegionD,187
1533,RegionE,56
1533,RegionF,49
1534,RegionA,15
1534,RegionB,48
1534,RegionC,72
1534,RegionD,98
1534,RegionE,197
1534,RegionF,0
1535,RegionA,26
1535,RegionB,14
1535,RegionC,7
1535,RegionD,120
1535,RegionE,51
1535,RegionF,19
1536,RegionA,9
1536,RegionB,14
1536,RegionC,16
1536,RegionD,156
1536,RegionE,148
1536,RegionF,289
1537,RegionA,110
1537,RegionB,45
1537,RegionC,189
1537,RegionD,201
1537,RegionE,346
1537,RegionF,108
1538,RegionA,29
1538,RegionB,73
1538,RegionC,28
1538,RegionD,115
1538,RegionE,0
1538,RegionF,205
1539,RegionA,47
1539,RegionB,11
1539,RegionC,55
1539,RegionD,254
1539,RegionE,88
1539,RegionF,93
1540,RegionA,56
1540,RegionB,103
1540,RegionC,22
1540,RegionD,207
1540,RegionE,96
1540,RegionF,113
1541,RegionA,154
1541,RegionB,128
1541,RegionC,16
1541,RegionD,264
1541,RegionE,264
1541,RegionF,216
1542,RegionA,14
1542,RegionB,195
1542,RegionC,7
1542,RegionD,119
1542,RegionE,99
1542,RegionF,27
1543,RegionA,37
1543,RegionB,22
1543,RegionC,73
1543,RegionD,221
1543,RegionE,157
1543,RegionF,149
1544,RegionA,33
1544,RegionB,52
1544,RegionC,15
1544,RegionD,327
1544,RegionE,224
1544,RegionF,65
1545,RegionA,68
1545,RegionB,12
1545,RegionC,25
1545,RegionD,28
1545,RegionE,80
1545,RegionF,208
1546,RegionA,38
1546,RegionB,19
1546,RegionC,6
1546,RegionD,603
1546,RegionE,266
1546,RegionF,323
1547,RegionA,23
1547,RegionB,53
1547,RegionC,33
1547,RegionD,349
1547,RegionE,50
1547,RegionF,42
1548,RegionA,41
1548,RegionB,17
1548,RegionC,53
1548,RegionD,71
1548,RegionE,19
1548,RegionF,7
1549,RegionA,4
1549,RegionB,28
1549,RegionC,23
1549,RegionD,207
1549,RegionE,0
1549,RegionF,110
1550,RegionA,40
1550,RegionB,27
1550,RegionC,32
1550,RegionD,123
1550,RegionE,168
1550,RegionF,162
1551,RegionA,95
1551,RegionB,11
1551,RegionC,41
1551,RegionD,159
1551,RegionE,98
1551,RegionF,89
1552,RegionA,17
1552,RegionB,5
1552,RegionC,12
1552,RegionD,188
1552,RegionE,181
1552,RegionF,29
1553,RegionA,16
1553,RegionB,6
1553,RegionC,19
1553,RegionD,141
1553,RegionE,177
1553,RegionF,142
1554,RegionA,14
1554,RegionB,47
1554,RegionC,2
1554,RegionD,53
1554,RegionE,4
1554,RegionF,144
1555,RegionA,24
1555,RegionB,96
1555,RegionC,21
1555,RegionD,218
1555,RegionE,238
1555,RegionF,112
1556,RegionA,32
1556,RegionB,173
1556,RegionC,57
1556,RegionD,566
1556,RegionE,59
1556,RegionF,196
1557,RegionA,51
1557,RegionB,150
1557,RegionC,76
1557,RegionD,324
1557,RegionE,289
1557,RegionF,36
1558,RegionA,144
1558,RegionB,27
1558,RegionC,23
1558,RegionD,70
1558,RegionE,133
1558,RegionF,254
1559,RegionA,37
1559,RegionB,41
1559,RegionC,185
1559,RegionD,21
1559,RegionE,41
1559,RegionF,327
1560,RegionA,33
1560,RegionB,41
1560,RegionC,123
1560,RegionD,210
1560,RegionE,159
1560,RegionF,114
1561,RegionA,44
1561,RegionB,75
1561,RegionC,105
1561,RegionD,409
1561,RegionE,164
1561,RegionF,75
1562,RegionA,33
1562,RegionB,207
1562,RegionC,7
1562,RegionD,262
1562,RegionE,270
1562,RegionF,41
1563,RegionA,4
1563,RegionB,157
1563,RegionC,24
1563,RegionD,107
1563,RegionE,30
1563,RegionF,63
1564,RegionA,66
1564,RegionB,39
1564,RegionC,1
1564,RegionD,108
1564,RegionE,203
1564,RegionF,75
1565,RegionA,73
1565,RegionB,110
1565,RegionC,22
1565,RegionD,164
1565,RegionE,146
1565,RegionF,0
1566,RegionA,97
1566,RegionB,58
1566,RegionC,8
1566,RegionD,58
1566,RegionE,102
1566,RegionF,121
1567,RegionA,64
1567,RegionB,57
1567,RegionC,19
1567,RegionD,88
1567,RegionE,146
1567,RegionF,150
1568,RegionA,138
1568,RegionB,30
1568,RegionC,53
1568,RegionD,83
1568,RegionE,36
1568,RegionF,198
1569,RegionA,115
1569,RegionB,43
1569,RegionC,64
1569,RegionD,234
1569,RegionE,128
1569,RegionF,86
1570,RegionA,11
1570,RegionB,9
1570,RegionC,186
1570,RegionD,225
1570,RegionE,124
1570,RegionF,72
1571,RegionA,28
1571,RegionB,52
1571,RegionC,64
1571,RegionD,129
1571,RegionE,43
1571,RegionF,11
1572,RegionA,201
1572,RegionB,66
1572,RegionC,28
1572,RegionD,19
1572,RegionE,127
1572,RegionF,42
1573,RegionA,53
1573,RegionB,73
1573,RegionC,30
1573,RegionD,301
1573,RegionE,85
1573,RegionF,74
1574,RegionA,10
1574,RegionB,3
1574,RegionC,250
1574,RegionD,474
1574,RegionE,499
1574,RegionF,0
1575,RegionA,23
1575,RegionB,53
1575,RegionC,97
1575,RegionD,31
1575,RegionE,0
1575,RegionF,43
1576,RegionA,54
1576,RegionB,54
1576,RegionC,21
1576,RegionD,72
1576,RegionE,150
1576,RegionF,206
1577,RegionA,17
1577,RegionB,14
1577,RegionC,12
1577,RegionD,181
1577,RegionE,0
1577,RegionF,161
1578,RegionA,55
1578,RegionB,37
1578,RegionC,87
1578,RegionD,162
1578,RegionE,91
1578,RegionF,255
1579,RegionA,22
1579,RegionB,12
1579,RegionC,155
1579,RegionD,243
1579,RegionE,66
1579,RegionF,43
1580,RegionA,37
1580,RegionB,222
1580,RegionC,14
1580,RegionD,113
1580,RegionE,80
1580,RegionF,96
1581,RegionA,7
1581,RegionB,41
1581,RegionC,69
1581,RegionD,185
1581,RegionE,116
1581,RegionF,118
1582,RegionA,52
1582,RegionB,17
1582,RegionC,128
1582,RegionD,150
1582,RegionE,270
1582,RegionF,339
1583,RegionA,45
1583,RegionB,0
1583,RegionC,32
1583,RegionD,88
1583,RegionE,237
1583,RegionF,170
1584,RegionA,11
1584,RegionB,48
1584,RegionC,142
1584,RegionD,327
1584,RegionE,30
1584,RegionF,6
1585,RegionA,8
1585,RegionB,31
1585,RegionC,40
1585,RegionD,300
1585,RegionE,29
1585,RegionF,189
1586,RegionA,29
1586,RegionB,103
1586,RegionC,130
1586,RegionD,194
1586,RegionE,107
1586,RegionF,179
1587,RegionA,52
1587,RegionB,86
1587,RegionC,73
1587,RegionD,51
1587,RegionE,243
1587,RegionF,89
1588,RegionA,14
1588,RegionB,184
1588,RegionC,10
1588,RegionD,46
1588,RegionE,5
1588,RegionF,312
1589,RegionA,16
1589,RegionB,16
1589,RegionC,29
1589,RegionD,50
1589,RegionE,94
1589,RegionF,151
1590,RegionA,39
1590,RegionB,45
1590,RegionC,63
1590,RegionD,305
1590,RegionE,164
1590,RegionF,0
1591,RegionA,92
1591,RegionB,21
1591,RegionC,111
1591,RegionD,292
1591,RegionE,54
1591,RegionF,12
1592,RegionA,23
1592,RegionB,26
1592,RegionC,123
1592,RegionD,215
1592,RegionE,140
1592,RegionF,152
1593,RegionA,33
1593,RegionB,39
1593,RegionC,38
1593,RegionD,118
1593,RegionE,225
1593,RegionF,280
1594,RegionA,102
1594,RegionB,69
1594,RegionC,9
1594,RegionD,360
1594,RegionE,4
1594,RegionF,491
1595,RegionA,219
1595,RegionB,41
1595,RegionC,11
1595,RegionD,277
1595,RegionE,101
1595,RegionF,223
1596,RegionA,86
1596,RegionB,9
1596,RegionC,29
1596,RegionD,518
1596,RegionE,138
1596,RegionF,148
1597,RegionA,141
1597,RegionB,32
1597,RegionC,67
1597,RegionD,404
1597,RegionE,188
1597,RegionF,76
1598,RegionA,12
1598,RegionB,11
1598,RegionC,143
1598,RegionD,461
1598,RegionE,124
1598,RegionF,209
1599,RegionA,24
1599,RegionB,164
1599,RegionC,59
1599,RegionD,372
1599,RegionE,180
1599,RegionF,435
1600,RegionA,122
1600,RegionB,62
1600,RegionC,65
1600,RegionD,167
1600,RegionE,87
1600,RegionF,174
1601,RegionA,80
1601,RegionB,70
1601,RegionC,40
1601,RegionD,49
1601,RegionE,0
1601,RegionF,0
1602,RegionA,48
1602,RegionB,49
1602,RegionC,30
1602,RegionD,29
1602,RegionE,214
1602,RegionF,92
1603,RegionA,22
1603,RegionB,17
1603,RegionC,50
1603,RegionD,36
1603,RegionE,161
1603,RegionF,16
1604,RegionA,32
1604,RegionB,38
1604,RegionC,21
1604,RegionD,143
1604,RegionE,319
1604,RegionF,52
1605,RegionA,21
1605,RegionB,50
1605,RegionC,33
1605,RegionD,248
1605,RegionE,162
1605,RegionF,299
1606,RegionA,48
1606,RegionB,37
1606,RegionC,9
1606,RegionD,279
1606,RegionE,26
1606,RegionF,139
1607,RegionA,17
1607,RegionB,69
1607,RegionC,13
1607,RegionD,284
1607,RegionE,86
1607,RegionF,37
1608,RegionA,30
1608,RegionB,77
1608,RegionC,10
1608,RegionD,524
1608,RegionE,104
1608,RegionF,0
1609,RegionA,31
1609,RegionB,44
1609,RegionC,173
1609,RegionD,172
1609,RegionE,2
1609,RegionF,386
1610,RegionA,12
1610,RegionB,32
1610,RegionC,135
1610,RegionD,12
1610,RegionE,360
1610,RegionF,178
1611,RegionA,85
1611,RegionB,158
1611,RegionC,14
1611,RegionD,126
1611,RegionE,114
1611,RegionF,190
1612,RegionA,7
1612,RegionB,157
1612,RegionC,126
1612,RegionD,0
1612,RegionE,44
1612,RegionF,211
1613,RegionA,113
1613,RegionB,23
1613,RegionC,4
1613,RegionD,179
1613,RegionE,260
1613,RegionF,220
1614,RegionA,94
1614,RegionB,6
1614,RegionC,8
1614,RegionD,326
1614,RegionE,0
1614,RegionF,299
1615,RegionA,19
1615,RegionB,69
1615,RegionC,24
1615,RegionD,188
1615,RegionE,142
1615,RegionF,201
1616,RegionA,75
1616,RegionB,10
1616,RegionC,16
1616,RegionD,154
1616,RegionE,103
1616,RegionF,218
1617,RegionA,85
1617,RegionB,6
1617,RegionC,130
1617,RegionD,196
1617,RegionE,196
1617,RegionF,328
1618,RegionA,19
1618,RegionB,46
1618,RegionC,134
1618,RegionD,129
1618,RegionE,181
1618,RegionF,181
1619,RegionA,116
1619,RegionB,128
1619,RegionC,30
1619,RegionD,349
1619,RegionE,0
1619,RegionF,6
1620,RegionA,43
1620,RegionB,20
1620,RegionC,6
1620,RegionD,25
1620,RegionE,44
1620,RegionF,80
1621,RegionA,41
1621,RegionB,29
1621,RegionC,21
1621,RegionD,69
1621,RegionE,63
1621,RegionF,42
1622,RegionA,13
1622,RegionB,9
1622,RegionC,38
1622,RegionD,167
1622,RegionE,0
1622,RegionF,384
1623,RegionA,48
1623,RegionB,20
1623,RegionC,15
1623,RegionD,88
1623,RegionE,57
1623,RegionF,115
1624,RegionA,28
1624,RegionB,28
1624,RegionC,0
1624,RegionD,340
1624,RegionE,18
1624,RegionF,196
1625,RegionA,92
1625,RegionB,17
1625,RegionC,74
1625,RegionD,127
1625,RegionE,37
1625,RegionF,107
1626,RegionA,15
1626,RegionB,156
1626,RegionC,22
1626,RegionD,18
1626,RegionE,152
1626,RegionF,152
1627,RegionA,6
1627,RegionB,68
1627,RegionC,7
1627,RegionD,211
1627,RegionE,76
1627,RegionF,174
1628,RegionA,43
1628,RegionB,10
1628,RegionC,3
1628,RegionD,446
1628,RegionE,348
1628,RegionF,86
1629,RegionA,8
1629,RegionB,31
1629,RegionC,107
1629,RegionD,369
1629,RegionE,73
1629,RegionF,327
1630,RegionA,51
1630,RegionB,18
1630,RegionC,54
1630,RegionD,73
1630,RegionE,75
1630,RegionF,393
1631,RegionA,227
1631,RegionB,16
1631,RegionC,16
1631,RegionD,441
1631,RegionE,170
1631,RegionF,13
1632,RegionA,11
1632,RegionB,53
1632,RegionC,8
1632,RegionD,414
1632,RegionE,7
1632,RegionF,277
1633,RegionA,28
1633,RegionB,118
1633,RegionC,27
1633,RegionD,38
1633,RegionE,102
1633,RegionF,1
1634,RegionA,28
1634,RegionB,57
1634,RegionC,120
1634,RegionD,134
1634,RegionE,189
1634,RegionF,276
1635,RegionA,277
1635,RegionB,2
1635,RegionC,29
1635,RegionD,521
1635,RegionE,133
1635,RegionF,63
1636,RegionA,23
1636,RegionB,128
1636,RegionC,9
1636,RegionD,16
1636,RegionE,0
1636,RegionF,136
1637,RegionA,88
1637,RegionB,37
1637,RegionC,13
1637,RegionD,121
1637,RegionE,119
1637,RegionF,38
1638,RegionA,42
1638,RegionB,25
1638,RegionC,43
1638,RegionD,76
1638,RegionE,0
1638,RegionF,92
1639,RegionA,147
1639,RegionB,33
1639,RegionC,46
1639,RegionD,555
1639,RegionE,106
1639,RegionF,265
1640,RegionA,52
1640,RegionB,135
1640,RegionC,12
1640,RegionD,0
1640,RegionE,167
1640,RegionF,13
1641,RegionA,29
1641,RegionB,73
1641,RegionC,7
1641,RegionD,175
1641,RegionE,479
1641,RegionF,60
1642,RegionA,175
1642,RegionB,24
1642,RegionC,8
1642,RegionD,26
1642,RegionE,163
1642,RegionF,32
1643,RegionA,31
1643,RegionB,9
1643,RegionC,26
1643,RegionD,80
1643,RegionE,105
1643,RegionF,0
1644,RegionA,237
1644,RegionB,205
1644,RegionC,24
1644,RegionD,7
1644,RegionE,161
1644,RegionF,214
1645,RegionA,109
1645,RegionB,19
1645,RegionC,31
1645,RegionD,273
1645,RegionE,380
1645,RegionF,23
1646,RegionA,54
1646,RegionB,20
1646,RegionC,18
1646,RegionD,466
1646,RegionE,127
1646,RegionF,96
1647,RegionA,18
1647,RegionB,6
1647,RegionC,19
1647,RegionD,80
1647,RegionE,26
1647,RegionF,383
1648,RegionA,40
1648,RegionB,129
1648,RegionC,16
1648,RegionD,86
1648,RegionE,151
1648,RegionF,42
1649,RegionA,18
1649,RegionB,25
1649,RegionC,30
1649,RegionD,273
1649,RegionE,50
1649,RegionF,125
1650,RegionA,27
1650,RegionB,45
1650,RegionC,41
1650,RegionD,151
1650,RegionE,418
1650,RegionF,112
1651,RegionA,171
1651,RegionB,115
1651,RegionC,4
1651,RegionD,287
1651,RegionE,93
1651,RegionF,91
1652,RegionA,21
1652,RegionB,7
1652,RegionC,28
1652,RegionD,362
1652,RegionE,154
1652,RegionF,126
1653,RegionA,12
1653,RegionB,5
1653,RegionC,54
1653,RegionD,252
1653,RegionE,146
1653,RegionF,98
1654,RegionA,129
1654,RegionB,7
1654,RegionC,136
1654,RegionD,61
1654,RegionE,188
1654,RegionF,277
1655,RegionA,53
1655,RegionB,36
1655,RegionC,208
1655,RegionD,181
1655,RegionE,181
1655,RegionF,205
1656,RegionA,32
1656,RegionB,41
1656,RegionC,10
1656,RegionD,208
1656,RegionE,360
1656,RegionF,81
1657,RegionA,10
1657,RegionB,134
1657,RegionC,13
1657,RegionD,134
1657,RegionE,266
1657,RegionF,583
1658,RegionA,12
1658,RegionB,32
1658,RegionC,11
1658,RegionD,303
1658,RegionE,104
1658,RegionF,45
1659,RegionA,12
1659,RegionB,53
1659,RegionC,73
1659,RegionD,192
1659,RegionE,287
1659,RegionF,108
1660,RegionA,35
1660,RegionB,133
1660,RegionC,137
1660,RegionD,294
1660,RegionE,178
1660,RegionF,73
1661,RegionA,44
1661,RegionB,23
1661,RegionC,120
1661,RegionD,10
1661,RegionE,30
1661,RegionF,29
1662,RegionA,124
1662,RegionB,109
1662,RegionC,21
1662,RegionD,120
1662,RegionE,115
1662,RegionF,37
1663,RegionA,12
1663,RegionB,63
1663,RegionC,101
1663,RegionD,18
1663,RegionE,210
1663,RegionF,234
1664,RegionA,29
1664,RegionB,52
1664,RegionC,40
1664,RegionD,522
1664,RegionE,147
1664,RegionF,51
1665,RegionA,15
1665,RegionB,32
1665,RegionC,50
1665,RegionD,279
1665,RegionE,25
1665,RegionF,28
1666,RegionA,23
1666,RegionB,19
1666,RegionC,10
1666,RegionD,72
1666,RegionE,108
1666,RegionF,125
1667,RegionA,37
1667,RegionB,148
1667,RegionC,1
1667,RegionD,334
1667,RegionE,131
1667,RegionF,287
1668,RegionA,88
1668,RegionB,52
1668,RegionC,10
1668,RegionD,97
1668,RegionE,126
1668,RegionF,20
1669,RegionA,166
1669,RegionB,14
1669,RegionC,19
1669,RegionD,181
1669,RegionE,53
1669,RegionF,308
1670,RegionA,5
1670,RegionB,96
1670,RegionC,11
1670,RegionD,164
1670,RegionE,202
1670,RegionF,73
1671,RegionA,98
1671,RegionB,36
1671,RegionC,53
1671,RegionD,413
1671,RegionE,28
1671,RegionF,116
1672,RegionA,21
1672,RegionB,39
1672,RegionC,186
1672,RegionD,170
1672,RegionE,69
1672,RegionF,121
1673,RegionA,56
1673,RegionB,106
1673,RegionC,67
1673,RegionD,367
1673,RegionE,65
1673,RegionF,38
1674,RegionA,23
1674,RegionB,27
1674,RegionC,62
1674,RegionD,125
1674,RegionE,38
1674,RegionF,198
1675,RegionA,32
1675,RegionB,8
1675,RegionC,10
1675,RegionD,174
1675,RegionE,57
1675,RegionF,8
1676,RegionA,55
1676,RegionB,101
1676,RegionC,11
1676,RegionD,248
1676,RegionE,14
1676,RegionF,255
1677,RegionA,65
1677,RegionB,15
1677,RegionC,138
1677,RegionD,54
1677,RegionE,115
1677,RegionF,15
1678,RegionA,29
1678,RegionB,53
1678,RegionC,4
1678,RegionD,250
1678,RegionE,244
1678,RegionF,168
1679,RegionA,13
1679,RegionB,57
1679,RegionC,11
1679,RegionD,30
1679,RegionE,305
1679,RegionF,0
1680,RegionA,14
1680,RegionB,23
1680,RegionC,42
1680,RegionD,119
1680,RegionE,158
1680,RegionF,109
1681,RegionA,8
1681,RegionB,27
1681,RegionC,24
1681,RegionD,316
1681,RegionE,3
1681,RegionF,194
1682,RegionA,75
1682,RegionB,19
1682,RegionC,24
1682,RegionD,102
1682,RegionE,139
1682,RegionF,280
1683,RegionA,107
1683,RegionB,87
1683,RegionC,36
1683,RegionD,355
1683,RegionE,162
1683,RegionF,8
1684,RegionA,49
1684,RegionB,180
1684,RegionC,134
1684,RegionD,182
1684,RegionE,272
1684,RegionF,58
1685,RegionA,17
1685,RegionB,46
1685,RegionC,167
1685,RegionD,75
1685,RegionE,244
1685,RegionF,85
1686,RegionA,19
1686,RegionB,6
1686,RegionC,6
1686,RegionD,183
1686,RegionE,232
1686,RegionF,163
1687,RegionA,56
1687,RegionB,51
1687,RegionC,92
1687,RegionD,494
1687,RegionE,20
1687,RegionF,0
1688,RegionA,28
1688,RegionB,26
1688,RegionC,0
1688,RegionD,187
1688,RegionE,394
1688,RegionF,204
1689,RegionA,37
1689,RegionB,50
1689,RegionC,10
1689,RegionD,225
1689,RegionE,84
1689,RegionF,112
1690,RegionA,56
1690,RegionB,55
1690,RegionC,114
1690,RegionD,85
1690,RegionE,28
1690,RegionF,231
1691,RegionA,161
1691,RegionB,10
1691,RegionC,258
1691,RegionD,547
1691,RegionE,95
1691,RegionF,131
1692,RegionA,24
1692,RegionB,137
1692,RegionC,32
1692,RegionD,222
1692,RegionE,259
1692,RegionF,346
1693,RegionA,20
1693,RegionB,106
1693,RegionC,6
1693,RegionD,73
1693,RegionE,17
1693,RegionF,154
1694,RegionA,87
1694,RegionB,74
1694,RegionC,33
1694,RegionD,120
1694,RegionE,265
1694,RegionF,107
1695,RegionA,38
1695,RegionB,153
1695,RegionC,122
1695,RegionD,203
1695,RegionE,320
1695,RegionF,95
1696,RegionA,88
1696,RegionB,17
1696,RegionC,15
1696,RegionD,105
1696,RegionE,179
1696,RegionF,103
1697,RegionA,45
1697,RegionB,8
1697,RegionC,45
1697,RegionD,81
1697,RegionE,282
1697,RegionF,270
1698,RegionA,49
1698,RegionB,0
1698,RegionC,17
1698,RegionD,144
1698,RegionE,434
1698,RegionF,111
1699,RegionA,28
1699,RegionB,44
1699,RegionC,33
1699,RegionD,123
1699,RegionE,69
1699,RegionF,100
1700,RegionA,21
1700,RegionB,17
1700,RegionC,23
1700,RegionD,111
1700,RegionE,141
1700,RegionF,40
1701,RegionA,51
1701,RegionB,112
1701,RegionC,23
1701,RegionD,128
1701,RegionE,74
1701,RegionF,241
1702,RegionA,14
1702,RegionB,41
1702,RegionC,97
1702,RegionD,148
1702,RegionE,216
1702,RegionF,165
1703,RegionA,13
1703,RegionB,19
1703,RegionC,114
1703,RegionD,229
1703,RegionE,140
1703,RegionF,0
1704,RegionA,23
1704,RegionB,116
1704,RegionC,23
1704,RegionD,68
1704,RegionE,59
1704,RegionF,38
1705,RegionA,140
1705,RegionB,55
1705,RegionC,6
1705,RegionD,329
1705,RegionE,178
1705,RegionF,0
1706,RegionA,102
1706,RegionB,14
1706,RegionC,47
1706,RegionD,308
1706,RegionE,61
1706,RegionF,13
1707,RegionA,60
1707,RegionB,45
1707,RegionC,26
1707,RegionD,204
1707,RegionE,192
1707,RegionF,410
1708,RegionA,0
1708,RegionB,49
1708,RegionC,2
1708,RegionD,62
1708,RegionE,279
1708,RegionF,22
1709,RegionA,127
1709,RegionB,21
1709,RegionC,52
1709,RegionD,275
1709,RegionE,187
1709,RegionF,169
1710,RegionA,61
1710,RegionB,73
1710,RegionC,137
1710,RegionD,160
1710,RegionE,179
1710,RegionF,104
1711,RegionA,27
1711,RegionB,22
1711,RegionC,19
1711,RegionD,138
1711,RegionE,236
1711,RegionF,13
1712,RegionA,16
1712,RegionB,79
1712,RegionC,17
1712,RegionD,175
1712,RegionE,231
1712,RegionF,176
1713,RegionA,3
1713,RegionB,41
1713,RegionC,28
1713,RegionD,611
1713,RegionE,119
1713,RegionF,18
1714,RegionA,21
1714,RegionB,16
1714,RegionC,25
1714,RegionD,302
1714,RegionE,218
1714,RegionF,112
1715,RegionA,236
1715,RegionB,115
1715,RegionC,1
1715,RegionD,449
1715,RegionE,49
1715,RegionF,58
1716,RegionA,66
1716,RegionB,6
1716,RegionC,25
1716,RegionD,91
1716,RegionE,150
1716,RegionF,67
1717,RegionA,53
1717,RegionB,184
1717,RegionC,33
1717,RegionD,199
1717,RegionE,210
1717,RegionF,19
1718,RegionA,76
1718,RegionB,101
1718,RegionC,5
1718,RegionD,80
1718,RegionE,26
1718,RegionF,217
1719,RegionA,101
1719,RegionB,43
1719,RegionC,68
1719,RegionD,270
1719,RegionE,94
1719,RegionF,3
1720,RegionA,36
1720,RegionB,82
1720,RegionC,14
1720,RegionD,68
1720,RegionE,96
1720,RegionF,22
1721,RegionA,24
1721,RegionB,0
1721,RegionC,46
1721,RegionD,93
1721,RegionE,99
1721,RegionF,145
1722,RegionA,24
1722,RegionB,44
1722,RegionC,80
1722,RegionD,275
1722,RegionE,451
1722,RegionF,111
1723,RegionA,20
1723,RegionB,125
1723,RegionC,19
1723,RegionD,215
1723,RegionE,267
1723,RegionF,198
1724,RegionA,36
1724,RegionB,93
1724,RegionC,27
1724,RegionD,91
1724,RegionE,29
1724,RegionF,119
1725,RegionA,25
1725,RegionB,21
1725,RegionC,16
1725,RegionD,351
1725,RegionE,75
1725,RegionF,142
1726,RegionA,87
1726,RegionB,14
1726,RegionC,30
1726,RegionD,16
1726,RegionE,167
1726,RegionF,65
1727,RegionA,137
1727,RegionB,50
1727,RegionC,6
1727,RegionD,121
1727,RegionE,216
1727,RegionF,434
1728,RegionA,94
1728,RegionB,49
1728,RegionC,59
1728,RegionD,260
1728,RegionE,84
1728,RegionF,113
1729,RegionA,41
1729,RegionB,14
1729,RegionC,21
1729,RegionD,84
1729,RegionE,100
1729,RegionF,99
1730,RegionA,19
1730,RegionB,7
1730,RegionC,72
1730,RegionD,318
1730,RegionE,224
1730,RegionF,129
1731,RegionA,24
1731,RegionB,8
1731,RegionC,7
1731,RegionD,313
1731,RegionE,84
1731,RegionF,211
1732,RegionA,17
1732,RegionB,70
1732,RegionC,240
1732,RegionD,96
1732,RegionE,70
1732,RegionF,212
1733,RegionA,35
1733,RegionB,62
1733,RegionC,3
1733,RegionD,411
1733,RegionE,118
1733,RegionF,138
1734,RegionA,14
1734,RegionB,38
1734,RegionC,22
1734,RegionD,193
1734,RegionE,110
1734,RegionF,77
1735,RegionA,83
1735,RegionB,40
1735,RegionC,21
1735,RegionD,98
1735,RegionE,35
1735,RegionF,117
1736,RegionA,10
1736,RegionB,39
1736,RegionC,35
1736,RegionD,162
1736,RegionE,79
1736,RegionF,356
1737,RegionA,150
1737,RegionB,284
1737,RegionC,55
1737,RegionD,214
1737,RegionE,252
1737,RegionF,325
1738,RegionA,12
1738,RegionB,6
1738,RegionC,115
1738,RegionD,279
1738,RegionE,100
1738,RegionF,0
1739,RegionA,3
1739,RegionB,25
1739,RegionC,12
1739,RegionD,72
1739,RegionE,70
1739,RegionF,68
1740,RegionA,26
1740,RegionB,29
1740,RegionC,60
1740,RegionD,25
1740,RegionE,431
1740,RegionF,72
1741,RegionA,149
1741,RegionB,93
1741,RegionC,5
1741,RegionD,94
1741,RegionE,223
1741,RegionF,29
1742,RegionA,23
1742,RegionB,24
1742,RegionC,2
1742,RegionD,101
1742,RegionE,202
1742,RegionF,105
1743,RegionA,48
1743,RegionB,10
1743,RegionC,15
1743,RegionD,209
1743,RegionE,48
1743,RegionF,257
1744,RegionA,32
1744,RegionB,23
1744,RegionC,39
1744,RegionD,197
1744,RegionE,45
1744,RegionF,211
1745,RegionA,24
1745,RegionB,9
1745,RegionC,10
1745,RegionD,171
1745,RegionE,88
1745,RegionF,253
1746,RegionA,52
1746,RegionB,30
1746,RegionC,28
1746,RegionD,116
1746,RegionE,189
1746,RegionF,288
1747,RegionA,77
1747,RegionB,9
1747,RegionC,5
1747,RegionD,310
1747,RegionE,128
1747,RegionF,273
1748,RegionA,26
1748,RegionB,101
1748,RegionC,123
1748,RegionD,123
1748,RegionE,20
1748,RegionF,60
1749,RegionA,41
1749,RegionB,56
1749,RegionC,9
1749,RegionD,103
1749,RegionE,189
1749,RegionF,363
1750,RegionA,32
1750,RegionB,6
1750,RegionC,26
1750,RegionD,70
1750,RegionE,246
1750,RegionF,144
1751,RegionA,31
1751,RegionB,0
1751,RegionC,0
1751,RegionD,53
1751,RegionE,364
1751,RegionF,188
1752,RegionA,226
1752,RegionB,152
1752,RegionC,39
1752,RegionD,62
1752,RegionE,7
1752,RegionF,53
1753,RegionA,18
1753,RegionB,23
1753,RegionC,32
1753,RegionD,318
1753,RegionE,25
1753,RegionF,18
1754,RegionA,25
1754,RegionB,17
1754,RegionC,3
1754,RegionD,148
1754,RegionE,348
1754,RegionF,0
1755,RegionA,18
1755,RegionB,14
1755,RegionC,20
1755,RegionD,289
1755,RegionE,232
1755,RegionF,117
1756,RegionA,15
1756,RegionB,13
1756,RegionC,30
1756,RegionD,256
1756,RegionE,55
1756,RegionF,400
1757,RegionA,121
1757,RegionB,26
1757,RegionC,51
1757,RegionD,119
1757,RegionE,101
1757,RegionF,129
1758,RegionA,155
1758,RegionB,10
1758,RegionC,163
1758,RegionD,265
1758,RegionE,257
1758,RegionF,203
1759,RegionA,43
1759,RegionB,46
1759,RegionC,21
1759,RegionD,169
1759,RegionE,168
1759,RegionF,108
1760,RegionA,38
1760,RegionB,34
1760,RegionC,65
1760,RegionD,19
1760,RegionE,186
1760,RegionF,0
1761,RegionA,16
1761,RegionB,116
1761,RegionC,0
1761,RegionD,383
1761,RegionE,27
1761,RegionF,228
1762,RegionA,7
1762,RegionB,0
1762,RegionC,11
1762,RegionD,19
1762,RegionE,85
1762,RegionF,0
1763,RegionA,26
1763,RegionB,73
1763,RegionC,10
1763,RegionD,468
1763,RegionE,126
1763,RegionF,314
1764,RegionA,4
1764,RegionB,74
1764,RegionC,134
1764,RegionD,281
1764,RegionE,409
1764,RegionF,207
1765,RegionA,9
1765,RegionB,93
1765,RegionC,40
1765,RegionD,64
1765,RegionE,213
1765,RegionF,38
1766,RegionA,16
1766,RegionB,40
1766,RegionC,25
1766,RegionD,137
1766,RegionE,169
1766,RegionF,85
1767,RegionA,104
1767,RegionB,80
1767,RegionC,10
1767,RegionD,216
1767,RegionE,155
1767,RegionF,106
1768,RegionA,10
1768,RegionB,43
1768,RegionC,5
1768,RegionD,354
1768,RegionE,155
1768,RegionF,343
1769,RegionA,17
1769,RegionB,105
1769,RegionC,42
1769,RegionD,135
1769,RegionE,149
1769,RegionF,101
1770,RegionA,58
1770,RegionB,31
1770,RegionC,32
1770,RegionD,9
1770,RegionE,198
1770,RegionF,147
1771,RegionA,93
1771,RegionB,138
1771,RegionC,35
1771,RegionD,157
1771,RegionE,0
1771,RegionF,367
1772,RegionA,91
1772,RegionB,50
1772,RegionC,30
1772,RegionD,29
1772,RegionE,248
1772,RegionF,301
1773,RegionA,105
1773,RegionB,38
1773,RegionC,18
1773,RegionD,12
1773,RegionE,20
1773,RegionF,10
1774,RegionA,19
1774,RegionB,55
1774,RegionC,26
1774,RegionD,378
1774,RegionE,31
1774,RegionF,74
1775,RegionA,192
1775,RegionB,3
1775,RegionC,131
1775,RegionD,348
1775,RegionE,63
1775,RegionF,215
1776,RegionA,79
1776,RegionB,145
1776,RegionC,128
1776,RegionD,222
1776,RegionE,444
1776,RegionF,0
1777,RegionA,24
1777,RegionB,135
1777,RegionC,4
1777,RegionD,220
1777,RegionE,310
1777,RegionF,65
1778,RegionA,6
1778,RegionB,32
1778,RegionC,35
1778,RegionD,257
1778,RegionE,175
1778,RegionF,87
1779,RegionA,284
1779,RegionB,23
1779,RegionC,42
1779,RegionD,366
1779,RegionE,7
1779,RegionF,195
1780,RegionA,24
1780,RegionB,33
1780,RegionC,85
1780,RegionD,166
1780,RegionE,238
1780,RegionF,67
1781,RegionA,81
1781,RegionB,23
1781,RegionC,24
1781,RegionD,121
1781,RegionE,49
1781,RegionF,187
1782,RegionA,76
1782,RegionB,54
1782,RegionC,69
1782,RegionD,255
1782,RegionE,114
1782,RegionF,384
1783,RegionA,128
1783,RegionB,168
1783,RegionC,12
1783,RegionD,259
1783,RegionE,125
1783,RegionF,149
1784,RegionA,11
1784,RegionB,52
1784,RegionC,15
1784,RegionD,181
1784,RegionE,128
1784,RegionF,41
1785,RegionA,2
1785,RegionB,151
1785,RegionC,50
1785,RegionD,27
1785,RegionE,54
1785,RegionF,32
1786,RegionA,77
1786,RegionB,109
1786,RegionC,140
1786,RegionD,200
1786,RegionE,82
1786,RegionF,44
1787,RegionA,9
1787,RegionB,112
1787,RegionC,2
1787,RegionD,71
1787,RegionE,124
1787,RegionF,33
1788,RegionA,146
1788,RegionB,30
1788,RegionC,6
1788,RegionD,112
1788,RegionE,201
1788,RegionF,142
1789,RegionA,45
1789,RegionB,38
1789,RegionC,37
1789,RegionD,439
1789,RegionE,198
1789,RegionF,21
1790,RegionA,39
1790,RegionB,5
1790,RegionC,101
1790,RegionD,172
1790,RegionE,21
1790,RegionF,79
1791,RegionA,50
1791,RegionB,8
1791,RegionC,34
1791,RegionD,37
1791,RegionE,16
1791,RegionF,0
1792,RegionA,187
1792,RegionB,71
1792,RegionC,74
1792,RegionD,163
1792,RegionE,320
1792,RegionF,124
1793,RegionA,114
1793,RegionB,17
1793,RegionC,40
1793,RegionD,169
1793,RegionE,171
1793,RegionF,262
1794,RegionA,11
1794,RegionB,47
1794,RegionC,9
1794,RegionD,94
1794,RegionE,117
1794,RegionF,232
1795,RegionA,29
1795,RegionB,37
1795,RegionC,18
1795,RegionD,290
1795,RegionE,0
1795,RegionF,22
1796,RegionA,10
1796,RegionB,14
1796,RegionC,34
1796,RegionD,371
1796,RegionE,0
1796,RegionF,111
1797,RegionA,26
1797,RegionB,139
1797,RegionC,17
1797,RegionD,131
1797,RegionE,0
1797,RegionF,114
1798,RegionA,72
1798,RegionB,49
1798,RegionC,42
1798,RegionD,276
1798,RegionE,273
1798,RegionF,13
1799,RegionA,177
1799,RegionB,14
1799,RegionC,30
1799,RegionD,85
1799,RegionE,64
1799,RegionF,46
1800,RegionA,124
1800,RegionB,30
1800,RegionC,38
1800,RegionD,240
1800,RegionE,180
1800,RegionF,82
1801,RegionA,10
1801,RegionB,50
1801,RegionC,50
1801,RegionD,192
1801,RegionE,135
1801,RegionF,176
1802,RegionA,23
1802,RegionB,67
1802,RegionC,27
1802,RegionD,129
1802,RegionE,134
1802,RegionF,268
1803,RegionA,0
1803,RegionB,163
1803,RegionC,28
1803,RegionD,92
1803,RegionE,150
1803,RegionF,389
1804,RegionA,43
1804,RegionB,37
1804,RegionC,2
1804,RegionD,62
1804,RegionE,86
1804,RegionF,79
1805,RegionA,213
1805,RegionB,25
1805,RegionC,0
1805,RegionD,5
1805,RegionE,178
1805,RegionF,133
1806,RegionA,35
1806,RegionB,40
1806,RegionC,26
1806,RegionD,130
1806,RegionE,23
1806,RegionF,149
1807,RegionA,113
1807,RegionB,5
1807,RegionC,15
1807,RegionD,467
1807,RegionE,166
1807,RegionF,117
1808,RegionA,140
1808,RegionB,39
1808,RegionC,2
1808,RegionD,102
1808,RegionE,12
1808,RegionF,298
1809,RegionA,91
1809,RegionB,3
1809,RegionC,38
1809,RegionD,199
1809,RegionE,124
1809,RegionF,0
1810,RegionA,102
1810,RegionB,3
1810,RegionC,0
1810,RegionD,114
1810,RegionE,150
1810,RegionF,270
1811,RegionA,106
1811,RegionB,4
1811,RegionC,31
1811,RegionD,431
1811,RegionE,73
1811,RegionF,321
1812,RegionA,38
1812,RegionB,65
1812,RegionC,32
1812,RegionD,228
1812,RegionE,117
1812,RegionF,140
1813,RegionA,177
1813,RegionB,130
1813,RegionC,56
1813,RegionD,462
1813,RegionE,343
1813,RegionF,102
1814,RegionA,43
1814,RegionB,10
1814,RegionC,57
1814,RegionD,149
1814,RegionE,264
1814,RegionF,72
1815,RegionA,16
1815,RegionB,45
1815,RegionC,7
1815,RegionD,28
1815,RegionE,48
1815,RegionF,0
1816,RegionA,19
1816,RegionB,4
1816,RegionC,27
1816,RegionD,404
1816,RegionE,23
1816,RegionF,128
1817,RegionA,58
1817,RegionB,84
1817,RegionC,22
1817,RegionD,145
1817,RegionE,96
1817,RegionF,364
1818,RegionA,118
1818,RegionB,134
1818,RegionC,0
1818,RegionD,92
1818,RegionE,100
1818,RegionF,198
1819,RegionA,15
1819,RegionB,210
1819,RegionC,14
1819,RegionD,279
1819,RegionE,61
1819,RegionF,225
1820,RegionA,18
1820,RegionB,14
1820,RegionC,16
1820,RegionD,340
1820,RegionE,349
1820,RegionF,23
1821,RegionA,105
1821,RegionB,49
1821,RegionC,205
1821,RegionD,336
1821,RegionE,330
1821,RegionF,147
1822,RegionA,58
1822,RegionB,21
1822,RegionC,29
1822,RegionD,146
1822,RegionE,25
1822,RegionF,600
1823,RegionA,120
1823,RegionB,72
1823,RegionC,25
1823,RegionD,457
1823,RegionE,333
1823,RegionF,31
1824,RegionA,91
1824,RegionB,39
1824,RegionC,195
1824,RegionD,140
1824,RegionE,17
1824,RegionF,162
1825,RegionA,27
1825,RegionB,46
1825,RegionC,15
1825,RegionD,25
1825,RegionE,192
1825,RegionF,38
1826,RegionA,51
1826,RegionB,30
1826,RegionC,17
1826,RegionD,128
1826,RegionE,0
1826,RegionF,71
1827,RegionA,41
1827,RegionB,149
1827,RegionC,17
1827,RegionD,0
1827,RegionE,181
1827,RegionF,144
1828,RegionA,17
1828,RegionB,2
1828,RegionC,26
1828,RegionD,147
1828,RegionE,144
1828,RegionF,88
1829,RegionA,32
1829,RegionB,25
1829,RegionC,139
1829,RegionD,334
1829,RegionE,18
1829,RegionF,224
1830,RegionA,12
1830,RegionB,16
1830,RegionC,23
1830,RegionD,153
1830,RegionE,7
1830,RegionF,142
1831,RegionA,132
1831,RegionB,19
1831,RegionC,14
1831,RegionD,49
1831,RegionE,181
1831,RegionF,168
1832,RegionA,355
1832,RegionB,17
1832,RegionC,5
1832,RegionD,451
1832,RegionE,19
1832,RegionF,146
1833,RegionA,42
1833,RegionB,83
1833,RegionC,18
1833,RegionD,171
1833,RegionE,140
1833,RegionF,243
1834,RegionA,193
1834,RegionB,24
1834,RegionC,46
1834,RegionD,185
1834,RegionE,318
1834,RegionF,32
1835,RegionA,61
1835,RegionB,58
1835,RegionC,28
1835,RegionD,75
1835,RegionE,160
1835,RegionF,72
1836,RegionA,8
1836,RegionB,145
1836,RegionC,76
1836,RegionD,136
1836,RegionE,18
1836,RegionF,6
1837,RegionA,47
1837,RegionB,15
1837,RegionC,0
1837,RegionD,11
1837,RegionE,93
1837,RegionF,392
1838,RegionA,43
1838,RegionB,41
1838,RegionC,185
1838,RegionD,348
1838,RegionE,98
1838,RegionF,539
1839,RegionA,30
1839,RegionB,24
1839,RegionC,5
1839,RegionD,48
1839,RegionE,19
1839,RegionF,115
1840,RegionA,28
1840,RegionB,22
1840,RegionC,38
1840,RegionD,31
1840,RegionE,98
1840,RegionF,106
1841,RegionA,59
1841,RegionB,6
1841,RegionC,35
1841,RegionD,334
1841,RegionE,143
1841,RegionF,66
1842,RegionA,103
1842,RegionB,17
1842,RegionC,129
1842,RegionD,107
1842,RegionE,190
1842,RegionF,110
1843,RegionA,23
1843,RegionB,27
1843,RegionC,6
1843,RegionD,156
1843,RegionE,24
1843,RegionF,33
1844,RegionA,25
1844,RegionB,7
1844,RegionC,27
1844,RegionD,263
1844,RegionE,184
1844,RegionF,43
1845,RegionA,27
1845,RegionB,28
1845,RegionC,28
1845,RegionD,593
1845,RegionE,175
1845,RegionF,160
1846,RegionA,31
1846,RegionB,21
1846,RegionC,45
1846,RegionD,265
1846,RegionE,0
1846,RegionF,142
1847,RegionA,118
1847,RegionB,12
1847,RegionC,16
1847,RegionD,140
1847,RegionE,275
1847,RegionF,43
1848,RegionA,141
1848,RegionB,2
1848,RegionC,20
1848,RegionD,0
1848,RegionE,224
1848,RegionF,171
1849,RegionA,51
1849,RegionB,106
1849,RegionC,5
1849,RegionD,462
1849,RegionE,195
1849,RegionF,70
1850,RegionA,115
1850,RegionB,126
1850,RegionC,27
1850,RegionD,43
1850,RegionE,56
1850,RegionF,90
1851,RegionA,62
1851,RegionB,11
1851,RegionC,87
1851,RegionD,357
1851,RegionE,55
1851,RegionF,301
1852,RegionA,7
1852,RegionB,51
1852,RegionC,126
1852,RegionD,129
1852,RegionE,152
1852,RegionF,286
1853,RegionA,65
1853,RegionB,8
1853,RegionC,20
1853,RegionD,277
1853,RegionE,130
1853,RegionF,91
1854,RegionA,30
1854,RegionB,14
1854,RegionC,186
1854,RegionD,179
1854,RegionE,0
1854,RegionF,52
1855,RegionA,28
1855,RegionB,31
1855,RegionC,137
1855,RegionD,83
1855,RegionE,21
1855,RegionF,179
1856,RegionA,181
1856,RegionB,42
1856,RegionC,13
1856,RegionD,16
1856,RegionE,15
1856,RegionF,298
1857,RegionA,10
1857,RegionB,15
1857,RegionC,54
1857,RegionD,125
1857,RegionE,62
1857,RegionF,289
1858,RegionA,76
1858,RegionB,12
1858,RegionC,34
1858,RegionD,194
1858,RegionE,121
1858,RegionF,86
1859,RegionA,38
1859,RegionB,20
1859,RegionC,119
1859,RegionD,203
1859,RegionE,48
1859,RegionF,305
1860,RegionA,22
1860,RegionB,146
1860,RegionC,3
1860,RegionD,170
1860,RegionE,4
1860,RegionF,121
1861,RegionA,20
1861,RegionB,18
1861,RegionC,28
1861,RegionD,261
1861,RegionE,71
1861,RegionF,128
1862,RegionA,13
1862,RegionB,17
1862,RegionC,21
1862,RegionD,138
1862,RegionE,116
1862,RegionF,7
1863,RegionA,24
1863,RegionB,12
1863,RegionC,40
1863,RegionD,117
1863,RegionE,204
1863,RegionF,121
1864,RegionA,3
1864,RegionB,51
1864,RegionC,28
1864,RegionD,145
1864,RegionE,79
1864,RegionF,26
1865,RegionA,7
1865,RegionB,34
1865,RegionC,10
1865,RegionD,161
1865,RegionE,48
1865,RegionF,310
1866,RegionA,71
1866,RegionB,18
1866,RegionC,9
1866,RegionD,407
1866,RegionE,136
1866,RegionF,131
1867,RegionA,113
1867,RegionB,38
1867,RegionC,7
1867,RegionD,165
1867,RegionE,248
1867,RegionF,20
1868,RegionA,148
1868,RegionB,73
1868,RegionC,8
1868,RegionD,64
1868,RegionE,357
1868,RegionF,249
1869,RegionA,100
1869,RegionB,6
1869,RegionC,34
1869,RegionD,213
1869,RegionE,184
1869,RegionF,265
1870,RegionA,43
1870,RegionB,119
1870,RegionC,6
1870,RegionD,114
1870,RegionE,286
1870,RegionF,180
1871,RegionA,12
1871,RegionB,30
1871,RegionC,1
1871,RegionD,24
1871,RegionE,245
1871,RegionF,76
1872,RegionA,66
1872,RegionB,0
1872,RegionC,37
1872,RegionD,40
1872,RegionE,20
1872,RegionF,25
1873,RegionA,39
1873,RegionB,7
1873,RegionC,95
1873,RegionD,73
1873,RegionE,119
1873,RegionF,406
1874,RegionA,149
1874,RegionB,63
1874,RegionC,25
1874,RegionD,243
1874,RegionE,151
1874,RegionF,289
1875,RegionA,10
1875,RegionB,14
1875,RegionC,53
1875,RegionD,355
1875,RegionE,111
1875,RegionF,116
1876,RegionA,5
1876,RegionB,153
1876,RegionC,44
1876,RegionD,279
1876,RegionE,245
1876,RegionF,81
1877,RegionA,15
1877,RegionB,39
1877,RegionC,89
1877,RegionD,95
1877,RegionE,321
1877,RegionF,133
1878,RegionA,25
1878,RegionB,9
1878,RegionC,34
1878,RegionD,152
1878,RegionE,153
1878,RegionF,62
1879,RegionA,47
1879,RegionB,99
1879,RegionC,80
1879,RegionD,167
1879,RegionE,74
1879,RegionF,171
1880,RegionA,80
1880,RegionB,229
1880,RegionC,23
1880,RegionD,219
1880,RegionE,40
1880,RegionF,84
1881,RegionA,18
1881,RegionB,16
1881,RegionC,4
1881,RegionD,21
1881,RegionE,151
1881,RegionF,0
1882,RegionA,58
1882,RegionB,0
1882,RegionC,58
1882,RegionD,217
1882,RegionE,195
1882,RegionF,369
1883,RegionA,209
1883,RegionB,6
1883,RegionC,0
1883,RegionD,227
1883,RegionE,6
1883,RegionF,258
1884,RegionA,125
1884,RegionB,24
1884,RegionC,3
1884,RegionD,108
1884,RegionE,290
1884,RegionF,136
1885,RegionA,24
1885,RegionB,22
1885,RegionC,13
1885,RegionD,265
1885,RegionE,92
1885,RegionF,34
1886,RegionA,17
1886,RegionB,44
1886,RegionC,69
1886,RegionD,212
1886,RegionE,60
1886,RegionF,91
1887,RegionA,53
1887,RegionB,16
1887,RegionC,7
1887,RegionD,190
1887,RegionE,157
1887,RegionF,0
1888,RegionA,133
1888,RegionB,29
1888,RegionC,33
1888,RegionD,373
1888,RegionE,130
1888,RegionF,103
1889,RegionA,26
1889,RegionB,92
1889,RegionC,8
1889,RegionD,302
1889,RegionE,172
1889,RegionF,47
1890,RegionA,14
1890,RegionB,11
1890,RegionC,69
1890,RegionD,79
1890,RegionE,18
1890,RegionF,184
1891,RegionA,80
1891,RegionB,39
1891,RegionC,6
1891,RegionD,10
1891,RegionE,331
1891,RegionF,82
1892,RegionA,171
1892,RegionB,26
1892,RegionC,12
1892,RegionD,146
1892,RegionE,49
1892,RegionF,158
1893,RegionA,6
1893,RegionB,15
1893,RegionC,3
1893,RegionD,113
1893,RegionE,132
1893,RegionF,184
1894,RegionA,30
1894,RegionB,42
1894,RegionC,30
1894,RegionD,110
1894,RegionE,44
1894,RegionF,44
1895,RegionA,30
1895,RegionB,28
1895,RegionC,133
1895,RegionD,13
1895,RegionE,55
1895,RegionF,41
1896,RegionA,16
1896,RegionB,138
1896,RegionC,12
1896,RegionD,302
1896,RegionE,336
1896,RegionF,63
1897,RegionA,15
1897,RegionB,168
1897,RegionC,15
1897,RegionD,73
1897,RegionE,149
1897,RegionF,151
1898,RegionA,0
1898,RegionB,15
1898,RegionC,42
1898,RegionD,158
1898,RegionE,89
1898,RegionF,44
1899,RegionA,36
1899,RegionB,14
1899,RegionC,1
1899,RegionD,23
1899,RegionE,183
1899,RegionF,132
1900,RegionA,28
1900,RegionB,68
1900,RegionC,19
1900,RegionD,468
1900,RegionE,23
1900,RegionF,97
1901,RegionA,23
1901,RegionB,64
1901,RegionC,40
1901,RegionD,142
1901,RegionE,169
1901,RegionF,68
1902,RegionA,19
1902,RegionB,22
1902,RegionC,110
1902,RegionD,70
1902,RegionE,0
1902,RegionF,132
1903,RegionA,131
1903,RegionB,28
1903,RegionC,94
1903,RegionD,4
1903,RegionE,166
1903,RegionF,139
1904,RegionA,26
1904,RegionB,40
1904,RegionC,47
1904,RegionD,159
1904,RegionE,7
1904,RegionF,99
1905,RegionA,22
1905,RegionB,7
1905,RegionC,34
1905,RegionD,240
1905,RegionE,38
1905,RegionF,137
1906,RegionA,17
1906,RegionB,9
1906,RegionC,44
1906,RegionD,141
1906,RegionE,11
1906,RegionF,115
1907,RegionA,12
1907,RegionB,35
1907,RegionC,49
1907,RegionD,54
1907,RegionE,139
1907,RegionF,30
1908,RegionA,46
1908,RegionB,111
1908,RegionC,87
1908,RegionD,16
1908,RegionE,196
1908,RegionF,140
1909,RegionA,252
1909,RegionB,113
1909,RegionC,12
1909,RegionD,255
1909,RegionE,229
1909,RegionF,30
1910,RegionA,77
1910,RegionB,25
1910,RegionC,68
1910,RegionD,157
1910,RegionE,29
1910,RegionF,45
1911,RegionA,30
1911,RegionB,2
1911,RegionC,162
1911,RegionD,99
1911,RegionE,180
1911,RegionF,222
1912,RegionA,98
1912,RegionB,60
1912,RegionC,108
1912,RegionD,198
1912,RegionE,126
1912,RegionF,45
1913,RegionA,5
1913,RegionB,61
1913,RegionC,122
1913,RegionD,7
1913,RegionE,9
1913,RegionF,165
1914,RegionA,11
1914,RegionB,156
1914,RegionC,136
1914,RegionD,295
1914,RegionE,62
1914,RegionF,117
1915,RegionA,42
1915,RegionB,3
1915,RegionC,44
1915,RegionD,29
1915,RegionE,245
1915,RegionF,100
1916,RegionA,28
1916,RegionB,96
1916,RegionC,12
1916,RegionD,7
1916,RegionE,20
1916,RegionF,23
1917,RegionA,71
1917,RegionB,154
1917,RegionC,14
1917,RegionD,174
1917,RegionE,237
1917,RegionF,161
1918,RegionA,68
1918,RegionB,36
1918,RegionC,41
1918,RegionD,212
1918,RegionE,191
1918,RegionF,253
1919,RegionA,16
1919,RegionB,19
1919,RegionC,20
1919,RegionD,202
1919,RegionE,356
1919,RegionF,128
1920,RegionA,47
1920,RegionB,14
1920,RegionC,39
1920,RegionD,233
1920,RegionE,97
1920,RegionF,0
1921,RegionA,158
1921,RegionB,15
1921,RegionC,18
1921,RegionD,211
1921,RegionE,197
1921,RegionF,186
1922,RegionA,12
1922,RegionB,139
1922,RegionC,113
1922,RegionD,314
1922,RegionE,124
1922,RegionF,0
1923,RegionA,99
1923,RegionB,19
1923,RegionC,82
1923,RegionD,13
1923,RegionE,303
1923,RegionF,176
1924,RegionA,46
1924,RegionB,74
1924,RegionC,57
1924,RegionD,327
1924,RegionE,144
1924,RegionF,245
1925,RegionA,267
1925,RegionB,70
1925,RegionC,5
1925,RegionD,121
1925,RegionE,164
1925,RegionF,13
1926,RegionA,22
1926,RegionB,20
1926,RegionC,234
1926,RegionD,366
1926,RegionE,17
1926,RegionF,274
1927,RegionA,11
1927,RegionB,32
1927,RegionC,0
1927,RegionD,401
1927,RegionE,80
1927,RegionF,88
1928,RegionA,29
1928,RegionB,141
1928,RegionC,143
1928,RegionD,178
1928,RegionE,27
1928,RegionF,67
1929,RegionA,30
1929,RegionB,9
1929,RegionC,121
1929,RegionD,61
1929,RegionE,179
1929,RegionF,291
1930,RegionA,56
1930,RegionB,33
1930,RegionC,99
1930,RegionD,102
1930,RegionE,12
1930,RegionF,97
1931,RegionA,51
1931,RegionB,12
1931,RegionC,13
1931,RegionD,270
1931,RegionE,125
1931,RegionF,98
1932,RegionA,25
1932,RegionB,17
1932,RegionC,19
1932,RegionD,297
1932,RegionE,126
1932,RegionF,0
1933,RegionA,31
1933,RegionB,32
1933,RegionC,37
1933,RegionD,449
1933,RegionE,0
1933,RegionF,0
1934,RegionA,107
1934,RegionB,30
1934,RegionC,58
1934,RegionD,128
1934,RegionE,386
1934,RegionF,342
1935,RegionA,56
1935,RegionB,13
1935,RegionC,9
1935,RegionD,196
1935,RegionE,232
1935,RegionF,251
1936,RegionA,8
1936,RegionB,0
1936,RegionC,5
1936,RegionD,186
1936,RegionE,0
1936,RegionF,129
1937,RegionA,20
1937,RegionB,23
1937,RegionC,119
1937,RegionD,268
1937,RegionE,170
1937,RegionF,94
1938,RegionA,11
1938,RegionB,35
1938,RegionC,6
1938,RegionD,73
1938,RegionE,81
1938,RegionF,86
1939,RegionA,132
1939,RegionB,146
1939,RegionC,129
1939,RegionD,435
1939,RegionE,263
1939,RegionF,181
1940,RegionA,65
1940,RegionB,102
1940,RegionC,19
1940,RegionD,98
1940,RegionE,57
1940,RegionF,31
1941,RegionA,24
1941,RegionB,143
1941,RegionC,183
1941,RegionD,60
1941,RegionE,89
1941,RegionF,117
1942,RegionA,13
1942,RegionB,40
1942,RegionC,39
1942,RegionD,381
1942,RegionE,153
1942,RegionF,14
1943,RegionA,23
1943,RegionB,18
1943,RegionC,45
1943,RegionD,166
1943,RegionE,229
1943,RegionF,93
1944,RegionA,20
1944,RegionB,42
1944,RegionC,16
1944,RegionD,322
1944,RegionE,461
1944,RegionF,0
1945,RegionA,31
1945,RegionB,17
1945,RegionC,158
1945,RegionD,78
1945,RegionE,326
1945,RegionF,48
1946,RegionA,26
1946,RegionB,73
1946,RegionC,144
1946,RegionD,82
1946,RegionE,30
1946,RegionF,236
1947,RegionA,33
1947,RegionB,2
1947,RegionC,0
1947,RegionD,59
1947,RegionE,46
1947,RegionF,4
1948,RegionA,5
1948,RegionB,33
1948,RegionC,47
1948,RegionD,344
1948,RegionE,377
1948,RegionF,329
1949,RegionA,79
1949,RegionB,24
1949,RegionC,14
1949,RegionD,97
1949,RegionE,97
1949,RegionF,143
1950,RegionA,32
1950,RegionB,53
1950,RegionC,35
1950,RegionD,227
1950,RegionE,10
1950,RegionF,80
1951,RegionA,104
1951,RegionB,20
1951,RegionC,39
1951,RegionD,172
1951,RegionE,130
1951,RegionF,217
1952,RegionA,14
1952,RegionB,60
1952,RegionC,26
1952,RegionD,251
1952,RegionE,416
1952,RegionF,75
1953,RegionA,96
1953,RegionB,72
1953,RegionC,4
1953,RegionD,246
1953,RegionE,108
1953,RegionF,0
1954,RegionA,120
1954,RegionB,15
1954,RegionC,22
1954,RegionD,242
1954,RegionE,86
1954,RegionF,116
1955,RegionA,10
1955,RegionB,0
1955,RegionC,38
1955,RegionD,235
1955,RegionE,148
1955,RegionF,202
1956,RegionA,10
1956,RegionB,3
1956,RegionC,50
1956,RegionD,381
1956,RegionE,27
1956,RegionF,46
1957,RegionA,32
1957,RegionB,80
1957,RegionC,0
1957,RegionD,44
1957,RegionE,87
1957,RegionF,131
1958,RegionA,76
1958,RegionB,160
1958,RegionC,39
1958,RegionD,2
1958,RegionE,9
1958,RegionF,54
1959,RegionA,35
1959,RegionB,23
1959,RegionC,76
1959,RegionD,231
1959,RegionE,519
1959,RegionF,36
1960,RegionA,0
1960,RegionB,150
1960,RegionC,31
1960,RegionD,283
1960,RegionE,99
1960,RegionF,123
1961,RegionA,156
1961,RegionB,106
1961,RegionC,43
1961,RegionD,392
1961,RegionE,258
1961,RegionF,8
1962,RegionA,4
1962,RegionB,0
1962,RegionC,23
1962,RegionD,496
1962,RegionE,136
1962,RegionF,284
1963,RegionA,24
1963,RegionB,14
1963,RegionC,7
1963,RegionD,210
1963,RegionE,6
1963,RegionF,23
1964,RegionA,46
1964,RegionB,31
1964,RegionC,0
1964,RegionD,162
1964,RegionE,361
1964,RegionF,151
1965,RegionA,22
1965,RegionB,2
1965,RegionC,90
1965,RegionD,117
1965,RegionE,210
1965,RegionF,106
1966,RegionA,44
1966,RegionB,135
1966,RegionC,97
1966,RegionD,153
1966,RegionE,251
1966,RegionF,73
1967,RegionA,31
1967,RegionB,67
1967,RegionC,23
1967,RegionD,434
1967,RegionE,39
1967,RegionF,14
1968,RegionA,0
1968,RegionB,22
1968,RegionC,47
1968,RegionD,274
1968,RegionE,266
1968,RegionF,177
1969,RegionA,244
1969,RegionB,122
1969,RegionC,3
1969,RegionD,250
1969,RegionE,153
1969,RegionF,60
1970,RegionA,35
1970,RegionB,34
1970,RegionC,23
1970,RegionD,126
1970,RegionE,168
1970,RegionF,22
1971,RegionA,18
1971,RegionB,39
1971,RegionC,116
1971,RegionD,168
1971,RegionE,0
1971,RegionF,26
1972,RegionA,31
1972,RegionB,9
1972,RegionC,0
1972,RegionD,146
1972,RegionE,56
1972,RegionF,198
1973,RegionA,16
1973,RegionB,10
1973,RegionC,13
1973,RegionD,14
1973,RegionE,86
1973,RegionF,56
1974,RegionA,6
1974,RegionB,5
1974,RegionC,120
1974,RegionD,403
1974,RegionE,95
1974,RegionF,286
1975,RegionA,44
1975,RegionB,44
1975,RegionC,21
1975,RegionD,399
1975,RegionE,187
1975,RegionF,86
1976,RegionA,156
1976,RegionB,6
1976,RegionC,39
1976,RegionD,270
1976,RegionE,60
1976,RegionF,29
1977,RegionA,51
1977,RegionB,33
1977,RegionC,35
1977,RegionD,124
1977,RegionE,214
1977,RegionF,0
1978,RegionA,25
1978,RegionB,5
1978,RegionC,105
1978,RegionD,302
1978,RegionE,272
1978,RegionF,133
1979,RegionA,72
1979,RegionB,147
1979,RegionC,19
1979,RegionD,153
1979,RegionE,190
1979,RegionF,207
1980,RegionA,97
1980,RegionB,13
1980,RegionC,119
1980,RegionD,225
1980,RegionE,115
1980,RegionF,101
1981,RegionA,75
1981,RegionB,86
1981,RegionC,15
1981,RegionD,260
1981,RegionE,102
1981,RegionF,296
1982,RegionA,57
1982,RegionB,98
1982,RegionC,105
1982,RegionD,154
1982,RegionE,150
1982,RegionF,0
1983,RegionA,92
1983,RegionB,55
1983,RegionC,129
1983,RegionD,337
1983,RegionE,95
1983,RegionF,110
1984,RegionA,24
1984,RegionB,16
1984,RegionC,17
1984,RegionD,373
1984,RegionE,209
1984,RegionF,171
1985,RegionA,69
1985,RegionB,0
1985,RegionC,22
1985,RegionD,177
1985,RegionE,78
1985,RegionF,85
1986,RegionA,57
1986,RegionB,124
1986,RegionC,14
1986,RegionD,160
1986,RegionE,88
1986,RegionF,9
1987,RegionA,5
1987,RegionB,20
1987,RegionC,36
1987,RegionD,480
1987,RegionE,76
1987,RegionF,112
1988,RegionA,56
1988,RegionB,18
1988,RegionC,102
1988,RegionD,196
1988,RegionE,48
1988,RegionF,69
1989,RegionA,135
1989,RegionB,28
1989,RegionC,21
1989,RegionD,398
1989,RegionE,63
1989,RegionF,13
1990,RegionA,38
1990,RegionB,118
1990,RegionC,43
1990,RegionD,248
1990,RegionE,63
1990,RegionF,4
1991,RegionA,154
1991,RegionB,38
1991,RegionC,27
1991,RegionD,421
1991,RegionE,105
1991,RegionF,149
1992,RegionA,0
1992,RegionB,74
1992,RegionC,26
1992,RegionD,192
1992,RegionE,113
1992,RegionF,145
1993,RegionA,66
1993,RegionB,27
1993,RegionC,18
1993,RegionD,109
1993,RegionE,103
1993,RegionF,223
1994,RegionA,123
1994,RegionB,150
1994,RegionC,45
1994,RegionD,115
1994,RegionE,169
1994,RegionF,75
1995,RegionA,21
1995,RegionB,25
1995,RegionC,43
1995,RegionD,34
1995,RegionE,172
1995,RegionF,62
1996,RegionA,17
1996,RegionB,96
1996,RegionC,28
1996,RegionD,53
1996,RegionE,74
1996,RegionF,68
1997,RegionA,23
1997,RegionB,11
1997,RegionC,7
1997,RegionD,161
1997,RegionE,116
1997,RegionF,0
1998,RegionA,18
1998,RegionB,23
1998,RegionC,144
1998,RegionD,147
1998,RegionE,180
1998,RegionF,52
1999,RegionA,18
1999,RegionB,6
1999,RegionC,54
1999,RegionD,324
1999,RegionE,178
1999,RegionF,69
2000,RegionA,41
2000,RegionB,3
2000,RegionC,86
2000,RegionD,116
2000,RegionE,126
2000,RegionF,63
2001,RegionA,54
2001,RegionB,38
2001,RegionC,53
2001,RegionD,73
2001,RegionE,266
2001,RegionF,201
2002,RegionA,37
2002,RegionB,5
2002,RegionC,46
2002,RegionD,82
2002,RegionE,203
2002,RegionF,67
2003,RegionA,177
2003,RegionB,49
2003,RegionC,1
2003,RegionD,106
2003,RegionE,121
2003,RegionF,217
2004,RegionA,22
2004,RegionB,126
2004,RegionC,7
2004,RegionD,160
2004,RegionE,92
2004,RegionF,225
2005,RegionA,202
2005,RegionB,39
2005,RegionC,0
2005,RegionD,155
2005,RegionE,0
2005,RegionF,100
2006,RegionA,19
2006,RegionB,36
2006,RegionC,8
2006,RegionD,179
2006,RegionE,321
2006,RegionF,95
2007,RegionA,38
2007,RegionB,14
2007,RegionC,104
2007,RegionD,298
2007,RegionE,367
2007,RegionF,138
2008,RegionA,3
2008,RegionB,149
2008,RegionC,1
2008,RegionD,225
2008,RegionE,213
2008,RegionF,119
2009,RegionA,163
2009,RegionB,20
2009,RegionC,42
2009,RegionD,278
2009,RegionE,274
2009,RegionF,70
2010,RegionA,202
2010,RegionB,19
2010,RegionC,35
2010,RegionD,246
2010,RegionE,419
2010,RegionF,224
2011,RegionA,84
2011,RegionB,92
2011,RegionC,35
2011,RegionD,320
2011,RegionE,126
2011,RegionF,159
2012,RegionA,64
2012,RegionB,21
2012,RegionC,114
2012,RegionD,233
2012,RegionE,248
2012,RegionF,51
2013,RegionA,23
2013,RegionB,240
2013,RegionC,157
2013,RegionD,281
2013,RegionE,346
2013,RegionF,158
2014,RegionA,24
2014,RegionB,79
2014,RegionC,5
2014,RegionD,71
2014,RegionE,92
2014,RegionF,501
2015,RegionA,127
2015,RegionB,85
2015,RegionC,128
2015,RegionD,272
2015,RegionE,177
2015,RegionF,140
2016,RegionA,72
2016,RegionB,10
2016,RegionC,33
2016,RegionD,146
2016,RegionE,89
2016,RegionF,201
2017,RegionA,52
2017,RegionB,26
2017,RegionC,60
2017,RegionD,433
2017,RegionE,4
2017,RegionF,48
2018,RegionA,21
2018,RegionB,13
2018,RegionC,0
2018,RegionD,420
2018,RegionE,286
2018,RegionF,185
2019,RegionA,0
2019,RegionB,221
2019,RegionC,13
2019,RegionD,441
2019,RegionE,78
2019,RegionF,265
2020,RegionA,28
2020,RegionB,19
2020,RegionC,19
2020,RegionD,254
2020,RegionE,234
2020,RegionF,7
2021,RegionA,4
2021,RegionB,206
2021,RegionC,53
2021,RegionD,432
2021,RegionE,210
2021,RegionF,126
2022,RegionA,36
2022,RegionB,10
2022,RegionC,11
2022,RegionD,63
2022,RegionE,65
2022,RegionF,123
2023,RegionA,260
2023,RegionB,8
2023,RegionC,123
2023,RegionD,125
2023,RegionE,42
2023,RegionF,163
2024,RegionA,122
2024,RegionB,42
2024,RegionC,120
2024,RegionD,252
2024,RegionE,115
2024,RegionF,177
2025,RegionA,21
2025,RegionB,76
2025,RegionC,22
2025,RegionD,324
2025,RegionE,55
2025,RegionF,0
2026,RegionA,39
2026,RegionB,13
2026,RegionC,34
2026,RegionD,126
2026,RegionE,122
2026,RegionF,291
2027,RegionA,102
2027,RegionB,40
2027,RegionC,0
2027,RegionD,295
2027,RegionE,188
2027,RegionF,58
2028,RegionA,18
2028,RegionB,44
2028,RegionC,42
2028,RegionD,435
2028,RegionE,254
2028,RegionF,87
2029,RegionA,23
2029,RegionB,82
2029,RegionC,43
2029,RegionD,248
2029,RegionE,261
2029,RegionF,114
2030,RegionA,18
2030,RegionB,15
2030,RegionC,54
2030,RegionD,74
2030,RegionE,101
2030,RegionF,94
2031,RegionA,25
2031,RegionB,113
2031,RegionC,23
2031,RegionD,168
2031,RegionE,126
2031,RegionF,111
2032,RegionA,27
2032,RegionB,34
2032,RegionC,38
2032,RegionD,47
2032,RegionE,59
2032,RegionF,152
2033,RegionA,22
2033,RegionB,27
2033,RegionC,44
2033,RegionD,143
2033,RegionE,148
2033,RegionF,138
2034,RegionA,116
2034,RegionB,22
2034,RegionC,17
2034,RegionD,173
2034,RegionE,141
2034,RegionF,9
2035,RegionA,15
2035,RegionB,54
2035,RegionC,70
2035,RegionD,133
2035,RegionE,146
2035,RegionF,214
2036,RegionA,8
2036,RegionB,133
2036,RegionC,30
2036,RegionD,75
2036,RegionE,0
2036,RegionF,0
2037,RegionA,64
2037,RegionB,9
2037,RegionC,122
2037,RegionD,220
2037,RegionE,180
2037,RegionF,186
2038,RegionA,137
2038,RegionB,15
2038,RegionC,81
2038,RegionD,257
2038,RegionE,148
2038,RegionF,200
2039,RegionA,70
2039,RegionB,120
2039,RegionC,98
2039,RegionD,277
2039,RegionE,116
2039,RegionF,109
2040,RegionA,13
2040,RegionB,5
2040,RegionC,94
2040,RegionD,178
2040,RegionE,348
2040,RegionF,184
2041,RegionA,148
2041,RegionB,5
2041,RegionC,117
2041,RegionD,26
2041,RegionE,0
2041,RegionF,83
2042,RegionA,0
2042,RegionB,0
2042,RegionC,44
2042,RegionD,141
2042,RegionE,5
2042,RegionF,51
2043,RegionA,46
2043,RegionB,37
2043,RegionC,45
2043,RegionD,304
2043,RegionE,0
2043,RegionF,17
2044,RegionA,63
2044,RegionB,8
2044,RegionC,23
2044,RegionD,61
2044,RegionE,194
2044,RegionF,66
2045,RegionA,56
2045,RegionB,129
2045,RegionC,38
2045,RegionD,227
2045,RegionE,192
2045,RegionF,26
2046,RegionA,61
2046,RegionB,290
2046,RegionC,28
2046,RegionD,235
2046,RegionE,64
2046,RegionF,309
2047,RegionA,26
2047,RegionB,131
2047,RegionC,27
2047,RegionD,175
2047,RegionE,52
2047,RegionF,16
2048,RegionA,59
2048,RegionB,226
2048,RegionC,16
2048,RegionD,150
2048,RegionE,22
2048,RegionF,258
2049,RegionA,45
2049,RegionB,27
2049,RegionC,36
2049,RegionD,278
2049,RegionE,240
2049,RegionF,112
2050,RegionA,123
2050,RegionB,29
2050,RegionC,29
2050,RegionD,157
2050,RegionE,7
2050,RegionF,26
2051,RegionA,13
2051,RegionB,110
2051,RegionC,21
2051,RegionD,63
2051,RegionE,64
2051,RegionF,126
2052,RegionA,21
2052,RegionB,67
2052,RegionC,199
2052,RegionD,366
2052,RegionE,45
2052,RegionF,66
2053,RegionA,149
2053,RegionB,21
2053,RegionC,1
2053,RegionD,126
2053,RegionE,177
2053,RegionF,0
2054,RegionA,48
2054,RegionB,0
2054,RegionC,43
2054,RegionD,44
2054,RegionE,30
2054,RegionF,0
2055,RegionA,16
2055,RegionB,13
2055,RegionC,28
2055,RegionD,424
2055,RegionE,181
2055,RegionF,147
2056,RegionA,8
2056,RegionB,57
2056,RegionC,119
2056,RegionD,467
2056,RegionE,26
2056,RegionF,115
2057,RegionA,23
2057,RegionB,30
2057,RegionC,16
2057,RegionD,386
2057,RegionE,209
2057,RegionF,121
2058,RegionA,7
2058,RegionB,15
2058,RegionC,129
2058,RegionD,211
2058,RegionE,63
2058,RegionF,79
2059,RegionA,7
2059,RegionB,117
2059,RegionC,29
2059,RegionD,51
2059,RegionE,263
2059,RegionF,111
2060,RegionA,57
2060,RegionB,11
2060,RegionC,9
2060,RegionD,160
2060,RegionE,104
2060,RegionF,242
2061,RegionA,34
2061,RegionB,29
2061,RegionC,33
2061,RegionD,98
2061,RegionE,28
2061,RegionF,290
2062,RegionA,19
2062,RegionB,12
2062,RegionC,35
2062,RegionD,85
2062,RegionE,111
2062,RegionF,198
2063,RegionA,158
2063,RegionB,43
2063,RegionC,12
2063,RegionD,440
2063,RegionE,236
2063,RegionF,201
2064,RegionA,109
2064,RegionB,42
2064,RegionC,19
2064,RegionD,294
2064,RegionE,101
2064,RegionF,12
2065,RegionA,23
2065,RegionB,44
2065,RegionC,0
2065,RegionD,101
2065,RegionE,133
2065,RegionF,371
2066,RegionA,21
2066,RegionB,183
2066,RegionC,25
2066,RegionD,106
2066,RegionE,471
2066,RegionF,60
2067,RegionA,53
2067,RegionB,24
2067,RegionC,16
2067,RegionD,62
2067,RegionE,257
2067,RegionF,149
2068,RegionA,67
2068,RegionB,32
2068,RegionC,115
2068,RegionD,237
2068,RegionE,270
2068,RegionF,67
2069,RegionA,5
2069,RegionB,25
2069,RegionC,20
2069,RegionD,79
2069,RegionE,24
2069,RegionF,269
2070,RegionA,75
2070,RegionB,39
2070,RegionC,0
2070,RegionD,98
2070,RegionE,79
2070,RegionF,149
2071,RegionA,61
2071,RegionB,15
2071,RegionC,27
2071,RegionD,123
2071,RegionE,100
2071,RegionF,0
2072,RegionA,27
2072,RegionB,14
2072,RegionC,115
2072,RegionD,31
2072,RegionE,251
2072,RegionF,136
2073,RegionA,164
2073,RegionB,25
2073,RegionC,45
2073,RegionD,147
2073,RegionE,167
2073,RegionF,0
2074,RegionA,11
2074,RegionB,102
2074,RegionC,15
2074,RegionD,217
2074,RegionE,156
2074,RegionF,313
2075,RegionA,8
2075,RegionB,5
2075,RegionC,23
2075,RegionD,105
2075,RegionE,22
2075,RegionF,134
2076,RegionA,239
2076,RegionB,11
2076,RegionC,148
2076,RegionD,283
2076,RegionE,62
2076,RegionF,133
2077,RegionA,51
2077,RegionB,64
2077,RegionC,185
2077,RegionD,21
2077,RegionE,113
2077,RegionF,159
2078,RegionA,107
2078,RegionB,185
2078,RegionC,14
2078,RegionD,232
2078,RegionE,278
2078,RegionF,109
2079,RegionA,28
2079,RegionB,27
2079,RegionC,16
2079,RegionD,166
2079,RegionE,93
2079,RegionF,151
2080,RegionA,22
2080,RegionB,25
2080,RegionC,65
2080,RegionD,147
2080,RegionE,80
2080,RegionF,98
2081,RegionA,11
2081,RegionB,29
2081,RegionC,113
2081,RegionD,419
2081,RegionE,423
2081,RegionF,0
2082,RegionA,81
2082,RegionB,6
2082,RegionC,22
2082,RegionD,25
2082,RegionE,224
2082,RegionF,73
2083,RegionA,35
2083,RegionB,80
2083,RegionC,7
2083,RegionD,364
2083,RegionE,81
2083,RegionF,115
2084,RegionA,12
2084,RegionB,41
2084,RegionC,57
2084,RegionD,256
2084,RegionE,292
2084,RegionF,0
2085,RegionA,5
2085,RegionB,132
2085,RegionC,21
2085,RegionD,91
2085,RegionE,78
2085,RegionF,67
2086,RegionA,31
2086,RegionB,36
2086,RegionC,33
2086,RegionD,225
2086,RegionE,7
2086,RegionF,141
2087,RegionA,46
2087,RegionB,15
2087,RegionC,38
2087,RegionD,351
2087,RegionE,146
2087,RegionF,116
2088,RegionA,65
2088,RegionB,3
2088,RegionC,58
2088,RegionD,221
2088,RegionE,231
2088,RegionF,108
2089,RegionA,40
2089,RegionB,83
2089,RegionC,7
2089,RegionD,355
2089,RegionE,347
2089,RegionF,112
2090,RegionA,39
2090,RegionB,85
2090,RegionC,11
2090,RegionD,248
2090,RegionE,23
2090,RegionF,154
2091,RegionA,73
2091,RegionB,12
2091,RegionC,44
2091,RegionD,520
2091,RegionE,20
2091,RegionF,0
2092,RegionA,133
2092,RegionB,69
2092,RegionC,167
2092,RegionD,453
2092,RegionE,85
2092,RegionF,82
2093,RegionA,39
2093,RegionB,132
2093,RegionC,153
2093,RegionD,256
2093,RegionE,38
2093,RegionF,88
2094,RegionA,50
2094,RegionB,15
2094,RegionC,170
2094,RegionD,153
2094,RegionE,425
2094,RegionF,184
2095,RegionA,25
2095,RegionB,34
2095,RegionC,37
2095,RegionD,346
2095,RegionE,311
2095,RegionF,0
2096,RegionA,23
2096,RegionB,261
2096,RegionC,24
2096,RegionD,167
2096,RegionE,31
2096,RegionF,129
2097,RegionA,113
2097,RegionB,267
2097,RegionC,32
2097,RegionD,152
2097,RegionE,191
2097,RegionF,167
2098,RegionA,20
2098,RegionB,72
2098,RegionC,0
2098,RegionD,199
2098,RegionE,119
2098,RegionF,21
2099,RegionA,108
2099,RegionB,63
2099,RegionC,21
2099,RegionD,173
2099,RegionE,151
2099,RegionF,106
2100,RegionA,32
2100,RegionB,5
2100,RegionC,107
2100,RegionD,184
2100,RegionE,129
2100,RegionF,12
2101,RegionA,12
2101,RegionB,25
2101,RegionC,48
2101,RegionD,91
2101,RegionE,235
2101,RegionF,32
2102,RegionA,38
2102,RegionB,16
2102,RegionC,21
2102,RegionD,134
2102,RegionE,16
2102,RegionF,50
2103,RegionA,36
2103,RegionB,7
2103,RegionC,40
2103,RegionD,163
2103,RegionE,23
2103,RegionF,157
2104,RegionA,45
2104,RegionB,93
2104,RegionC,41
2104,RegionD,82
2104,RegionE,67
2104,RegionF,36
2105,RegionA,29
2105,RegionB,0
2105,RegionC,253
2105,RegionD,108
2105,RegionE,73
2105,RegionF,14
2106,RegionA,6
2106,RegionB,42
2106,RegionC,86
2106,RegionD,274
2106,RegionE,84
2106,RegionF,136
2107,RegionA,23
2107,RegionB,16
2107,RegionC,22
2107,RegionD,262
2107,RegionE,4
2107,RegionF,77
2108,RegionA,14
2108,RegionB,145
2108,RegionC,136
2108,RegionD,109
2108,RegionE,159
2108,RegionF,108
2109,RegionA,104
2109,RegionB,50
2109,RegionC,91
2109,RegionD,215
2109,RegionE,27
2109,RegionF,57
2110,RegionA,15
2110,RegionB,51
2110,RegionC,11
2110,RegionD,154
2110,RegionE,11
2110,RegionF,233
2111,RegionA,48
2111,RegionB,41
2111,RegionC,40
2111,RegionD,445
2111,RegionE,116
2111,RegionF,70
2112,RegionA,14
2112,RegionB,113
2112,RegionC,16
2112,RegionD,16
2112,RegionE,37
2112,RegionF,210
2113,RegionA,43
2113,RegionB,0
2113,RegionC,3
2113,RegionD,98
2113,RegionE,112
2113,RegionF,25
2114,RegionA,30
2114,RegionB,25
2114,RegionC,97
2114,RegionD,116
2114,RegionE,44
2114,RegionF,444
2115,RegionA,18
2115,RegionB,176
2115,RegionC,0
2115,RegionD,291
2115,RegionE,0
2115,RegionF,69
2116,RegionA,20
2116,RegionB,103
2116,RegionC,6
2116,RegionD,219
2116,RegionE,450
2116,RegionF,144
2117,RegionA,88
2117,RegionB,20
2117,RegionC,116
2117,RegionD,231
2117,RegionE,356
2117,RegionF,232
2118,RegionA,5
2118,RegionB,132
2118,RegionC,3
2118,RegionD,295
2118,RegionE,68
2118,RegionF,151
2119,RegionA,18
2119,RegionB,57
2119,RegionC,62
2119,RegionD,365
2119,RegionE,11
2119,RegionF,76
2120,RegionA,24
2120,RegionB,23
2120,RegionC,85
2120,RegionD,283
2120,RegionE,204
2120,RegionF,72
2121,RegionA,22
2121,RegionB,32
2121,RegionC,97
2121,RegionD,112
2121,RegionE,200
2121,RegionF,161
2122,RegionA,114
2122,RegionB,20
2122,RegionC,24
2122,RegionD,0
2122,RegionE,118
2122,RegionF,224
2123,RegionA,10
2123,RegionB,72
2123,RegionC,44
2123,RegionD,17
2123,RegionE,53
2123,RegionF,99
2124,RegionA,8
2124,RegionB,4
2124,RegionC,2
2124,RegionD,101
2124,RegionE,22
2124,RegionF,109
2125,RegionA,15
2125,RegionB,33
2125,RegionC,78
2125,RegionD,467
2125,RegionE,52
2125,RegionF,70
2126,RegionA,4
2126,RegionB,25
2126,RegionC,40
2126,RegionD,186
2126,RegionE,66
2126,RegionF,99
2127,RegionA,25
2127,RegionB,110
2127,RegionC,46
2127,RegionD,181
2127,RegionE,70
2127,RegionF,101
2128,RegionA,54
2128,RegionB,10
2128,RegionC,68
2128,RegionD,226
2128,RegionE,0
2128,RegionF,359
2129,RegionA,95
2129,RegionB,37
2129,RegionC,14
2129,RegionD,229
2129,RegionE,241
2129,RegionF,125
2130,RegionA,51
2130,RegionB,19
2130,RegionC,26
2130,RegionD,271
2130,RegionE,6
2130,RegionF,159
2131,RegionA,17
2131,RegionB,6
2131,RegionC,0
2131,RegionD,159
2131,RegionE,221
2131,RegionF,41
2132,RegionA,36
2132,RegionB,9
2132,RegionC,0
2132,RegionD,481
2132,RegionE,244
2132,RegionF,149
2133,RegionA,61
2133,RegionB,104
2133,RegionC,23
2133,RegionD,152
2133,RegionE,23
2133,RegionF,34
2134,RegionA,57
2134,RegionB,29
2134,RegionC,84
2134,RegionD,96
2134,RegionE,263
2134,RegionF,4
2135,RegionA,110
2135,RegionB,21
2135,RegionC,13
2135,RegionD,293
2135,RegionE,75
2135,RegionF,16
2136,RegionA,25
2136,RegionB,16
2136,RegionC,19
2136,RegionD,0
2136,RegionE,88
2136,RegionF,33
2137,RegionA,135
2137,RegionB,24
2137,RegionC,7
2137,RegionD,227
2137,RegionE,343
2137,RegionF,142
2138,RegionA,45
2138,RegionB,40
2138,RegionC,22
2138,RegionD,443
2138,RegionE,318
2138,RegionF,0
2139,RegionA,44
2139,RegionB,39
2139,RegionC,9
2139,RegionD,307
2139,RegionE,276
2139,RegionF,319
2140,RegionA,45
2140,RegionB,83
2140,RegionC,0
2140,RegionD,198
2140,RegionE,91
2140,RegionF,457
2141,RegionA,6
2141,RegionB,33
2141,RegionC,11
2141,RegionD,224
2141,RegionE,111
2141,RegionF,167
2142,RegionA,29
2142,RegionB,39
2142,RegionC,4
2142,RegionD,284
2142,RegionE,5
2142,RegionF,62
2143,RegionA,23
2143,RegionB,233
2143,RegionC,5
2143,RegionD,268
2143,RegionE,159
2143,RegionF,301
2144,RegionA,83
2144,RegionB,9
2144,RegionC,122
2144,RegionD,21
2144,RegionE,97
2144,RegionF,59
2145,RegionA,135
2145,RegionB,32
2145,RegionC,12
2145,RegionD,85
2145,RegionE,117
2145,RegionF,237
2146,RegionA,38
2146,RegionB,24
2146,RegionC,25
2146,RegionD,74
2146,RegionE,169
2146,RegionF,428
2147,RegionA,32
2147,RegionB,5
2147,RegionC,46
2147,RegionD,22
2147,RegionE,11
2147,RegionF,136
2148,RegionA,19
2148,RegionB,9
2148,RegionC,24
2148,RegionD,439
2148,RegionE,278
2148,RegionF,210
2149,RegionA,22
2149,RegionB,222
2149,RegionC,108
2149,RegionD,234
2149,RegionE,171
2149,RegionF,185
2150,RegionA,135
2150,RegionB,48
2150,RegionC,8
2150,RegionD,203
2150,RegionE,144
2150,RegionF,132
2151,RegionA,84
2151,RegionB,26
2151,RegionC,33
2151,RegionD,24
2151,RegionE,289
2151,RegionF,237
2152,RegionA,15
2152,RegionB,74
2152,RegionC,43
2152,RegionD,306
2152,RegionE,56
2152,RegionF,16
2153,RegionA,143
2153,RegionB,27
2153,RegionC,107
2153,RegionD,0
2153,RegionE,81
2153,RegionF,27
2154,RegionA,110
2154,RegionB,16
2154,RegionC,19
2154,RegionD,17
2154,RegionE,99
2154,RegionF,117
2155,RegionA,46
2155,RegionB,15
2155,RegionC,26
2155,RegionD,138
2155,RegionE,303
2155,RegionF,256
2156,RegionA,86
2156,RegionB,93
2156,RegionC,19
2156,RegionD,104
2156,RegionE,217
2156,RegionF,33
2157,RegionA,8
2157,RegionB,18
2157,RegionC,0
2157,RegionD,246
2157,RegionE,0
2157,RegionF,288
2158,RegionA,16
2158,RegionB,200
2158,RegionC,15
2158,RegionD,73
2158,RegionE,15
2158,RegionF,221
2159,RegionA,40
2159,RegionB,54
2159,RegionC,12
2159,RegionD,226
2159,RegionE,43
2159,RegionF,7
2160,RegionA,12
2160,RegionB,28
2160,RegionC,17
2160,RegionD,168
2160,RegionE,136
2160,RegionF,127
2161,RegionA,132
2161,RegionB,90
2161,RegionC,121
2161,RegionD,115
2161,RegionE,13
2161,RegionF,67
2162,RegionA,37
2162,RegionB,24
2162,RegionC,11
2162,RegionD,108
2162,RegionE,82
2162,RegionF,0
2163,RegionA,13
2163,RegionB,26
2163,RegionC,8
2163,RegionD,185
2163,RegionE,126
2163,RegionF,367
2164,RegionA,41
2164,RegionB,62
2164,RegionC,92
2164,RegionD,16
2164,RegionE,224
2164,RegionF,83
2165,RegionA,52
2165,RegionB,14
2165,RegionC,24
2165,RegionD,219
2165,RegionE,112
2165,RegionF,45
2166,RegionA,28
2166,RegionB,7
2166,RegionC,62
2166,RegionD,362
2166,RegionE,118
2166,RegionF,169
2167,RegionA,0
2167,RegionB,14
2167,RegionC,38
2167,RegionD,275
2167,RegionE,131
2167,RegionF,189
2168,RegionA,18
2168,RegionB,74
2168,RegionC,94
2168,RegionD,224
2168,RegionE,455
2168,RegionF,228
2169,RegionA,61
2169,RegionB,64
2169,RegionC,46
2169,RegionD,233
2169,RegionE,15
2169,RegionF,177
2170,RegionA,33
2170,RegionB,36
2170,RegionC,13
2170,RegionD,118
2170,RegionE,0
2170,RegionF,165
2171,RegionA,7
2171,RegionB,12
2171,RegionC,53
2171,RegionD,80
2171,RegionE,12
2171,RegionF,0
2172,RegionA,157
2172,RegionB,8
2172,RegionC,13
2172,RegionD,112
2172,RegionE,118
2172,RegionF,144
2173,RegionA,100
2173,RegionB,33
2173,RegionC,15
2173,RegionD,7
2173,RegionE,299
2173,RegionF,216
2174,RegionA,48
2174,RegionB,16
2174,RegionC,158
2174,RegionD,259
2174,RegionE,185
2174,RegionF,326
2175,RegionA,70
2175,RegionB,75
2175,RegionC,2
2175,RegionD,235
2175,RegionE,57
2175,RegionF,335
2176,RegionA,6
2176,RegionB,37
2176,RegionC,22
2176,RegionD,208
2176,RegionE,0
2176,RegionF,6
2177,RegionA,0
2177,RegionB,6
2177,RegionC,244
2177,RegionD,50
2177,RegionE,48
2177,RegionF,82
2178,RegionA,42
2178,RegionB,60
2178,RegionC,32
2178,RegionD,89
2178,RegionE,264
2178,RegionF,211
2179,RegionA,61
2179,RegionB,5
2179,RegionC,45
2179,RegionD,14
2179,RegionE,89
2179,RegionF,67
2180,RegionA,20
2180,RegionB,54
2180,RegionC,0
2180,RegionD,144
2180,RegionE,0
2180,RegionF,382
2181,RegionA,14
2181,RegionB,32
2181,RegionC,81
2181,RegionD,111
2181,RegionE,220
2181,RegionF,0
2182,RegionA,71
2182,RegionB,33
2182,RegionC,48
2182,RegionD,199
2182,RegionE,204
2182,RegionF,128
2183,RegionA,66
2183,RegionB,22
2183,RegionC,19
2183,RegionD,54
2183,RegionE,364
2183,RegionF,123
2184,RegionA,150
2184,RegionB,40
2184,RegionC,64
2184,RegionD,355
2184,RegionE,116
2184,RegionF,140
2185,RegionA,19
2185,RegionB,23
2185,RegionC,124
2185,RegionD,204
2185,RegionE,186
2185,RegionF,255
2186,RegionA,18
2186,RegionB,195
2186,RegionC,30
2186,RegionD,436
2186,RegionE,69
2186,RegionF,0
2187,RegionA,44
2187,RegionB,50
2187,RegionC,99
2187,RegionD,165
2187,RegionE,126
2187,RegionF,150
2188,RegionA,45
2188,RegionB,24
2188,RegionC,142
2188,RegionD,117
2188,RegionE,54
2188,RegionF,364
2189,RegionA,41
2189,RegionB,54
2189,RegionC,15
2189,RegionD,176
2189,RegionE,139
2189,RegionF,0
2190,RegionA,68
2190,RegionB,6
2190,RegionC,73
2190,RegionD,292
2190,RegionE,294
2190,RegionF,52
2191,RegionA,52
2191,RegionB,55
2191,RegionC,6
2191,RegionD,342
2191,RegionE,214
2191,RegionF,21
2192,RegionA,55
2192,RegionB,103
2192,RegionC,97
2192,RegionD,390
2192,RegionE,326
2192,RegionF,117
2193,RegionA,181
2193,RegionB,50
2193,RegionC,60
2193,RegionD,156
2193,RegionE,180
2193,RegionF,184
2194,RegionA,16
2194,RegionB,50
2194,RegionC,7
2194,RegionD,169
2194,RegionE,40
2194,RegionF,282
2195,RegionA,30
2195,RegionB,5
2195,RegionC,123
2195,RegionD,74
2195,RegionE,55
2195,RegionF,58
2196,RegionA,142
2196,RegionB,50
2196,RegionC,29
2196,RegionD,476
2196,RegionE,67
2196,RegionF,274
2197,RegionA,109
2197,RegionB,72
2197,RegionC,43
2197,RegionD,242
2197,RegionE,114
2197,RegionF,87
2198,RegionA,27
2198,RegionB,25
2198,RegionC,9
2198,RegionD,182
2198,RegionE,50
2198,RegionF,128
2199,RegionA,43
2199,RegionB,51
2199,RegionC,14
2199,RegionD,181
2199,RegionE,84
2199,RegionF,184
2200,RegionA,44
2200,RegionB,98
2200,RegionC,66
2200,RegionD,57
2200,RegionE,136
2200,RegionF,39
2201,RegionA,257
2201,RegionB,13
2201,RegionC,15
2201,RegionD,127
2201,RegionE,117
2201,RegionF,361
2202,RegionA,13
2202,RegionB,36
2202,RegionC,17
2202,RegionD,238
2202,RegionE,161
2202,RegionF,46
2203,RegionA,170
2203,RegionB,118
2203,RegionC,103
2203,RegionD,29
2203,RegionE,222
2203,RegionF,277
2204,RegionA,27
2204,RegionB,6
2204,RegionC,16
2204,RegionD,155
2204,RegionE,154
2204,RegionF,232
2205,RegionA,12
2205,RegionB,5
2205,RegionC,75
2205,RegionD,277
2205,RegionE,309
2205,RegionF,202
2206,RegionA,128
2206,RegionB,127
2206,RegionC,56
2206,RegionD,224
2206,RegionE,0
2206,RegionF,70
2207,RegionA,92
2207,RegionB,40
2207,RegionC,174
2207,RegionD,25
2207,RegionE,123
2207,RegionF,213
2208,RegionA,19
2208,RegionB,50
2208,RegionC,12
2208,RegionD,427
2208,RegionE,121
2208,RegionF,99
2209,RegionA,0
2209,RegionB,30
2209,RegionC,17
2209,RegionD,51
2209,RegionE,199
2209,RegionF,120
2210,RegionA,23
2210,RegionB,21
2210,RegionC,9
2210,RegionD,207
2210,RegionE,470
2210,RegionF,25
2211,RegionA,18
2211,RegionB,153
2211,RegionC,22
2211,RegionD,71
2211,RegionE,266
2211,RegionF,258
2212,RegionA,98
2212,RegionB,117
2212,RegionC,100
2212,RegionD,360
2212,RegionE,286
2212,RegionF,310
2213,RegionA,148
2213,RegionB,14
2213,RegionC,5
2213,RegionD,46
2213,RegionE,283
2213,RegionF,6
2214,RegionA,47
2214,RegionB,29
2214,RegionC,10
2214,RegionD,32
2214,RegionE,29
2214,RegionF,80
2215,RegionA,6
2215,RegionB,61
2215,RegionC,28
2215,RegionD,329
2215,RegionE,175
2215,RegionF,112
2216,RegionA,12
2216,RegionB,71
2216,RegionC,129
2216,RegionD,86
2216,RegionE,0
2216,RegionF,83
2217,RegionA,23
2217,RegionB,224
2217,RegionC,122
2217,RegionD,159
2217,RegionE,275
2217,RegionF,299
2218,RegionA,35
2218,RegionB,26
2218,RegionC,30
2218,RegionD,210
2218,RegionE,59
2218,RegionF,23
2219,RegionA,90
2219,RegionB,19
2219,RegionC,1
2219,RegionD,685
2219,RegionE,149
2219,RegionF,236
2220,RegionA,40
2220,RegionB,20
2220,RegionC,151
2220,RegionD,154
2220,RegionE,160
2220,RegionF,177
2221,RegionA,13
2221,RegionB,13
2221,RegionC,15
2221,RegionD,208
2221,RegionE,110
2221,RegionF,73
2222,RegionA,8
2222,RegionB,12
2222,RegionC,31
2222,RegionD,143
2222,RegionE,147
2222,RegionF,9
2223,RegionA,66
2223,RegionB,16
2223,RegionC,125
2223,RegionD,250
2223,RegionE,107
2223,RegionF,150
2224,RegionA,8
2224,RegionB,9
2224,RegionC,32
2224,RegionD,364
2224,RegionE,101
2224,RegionF,82
2225,RegionA,51
2225,RegionB,23
2225,RegionC,53
2225,RegionD,313
2225,RegionE,15
2225,RegionF,269
2226,RegionA,43
2226,RegionB,75
2226,RegionC,13
2226,RegionD,241
2226,RegionE,77
2226,RegionF,206
2227,RegionA,23
2227,RegionB,20
2227,RegionC,125
2227,RegionD,8
2227,RegionE,182
2227,RegionF,29
2228,RegionA,23
2228,RegionB,38
2228,RegionC,89
2228,RegionD,0
2228,RegionE,0
2228,RegionF,183
2229,RegionA,39
2229,RegionB,111
2229,RegionC,150
2229,RegionD,21
2229,RegionE,106
2229,RegionF,312
2230,RegionA,78
2230,RegionB,134
2230,RegionC,31
2230,RegionD,198
2230,RegionE,109
2230,RegionF,25
2231,RegionA,51
2231,RegionB,22
2231,RegionC,7
2231,RegionD,213
2231,RegionE,0
2231,RegionF,366
2232,RegionA,30
2232,RegionB,1
2232,RegionC,11
2232,RegionD,21
2232,RegionE,180
2232,RegionF,80
2233,RegionA,77
2233,RegionB,32
2233,RegionC,0
2233,RegionD,74
2233,RegionE,0
2233,RegionF,340
2234,RegionA,36
2234,RegionB,33
2234,RegionC,125
2234,RegionD,321
2234,RegionE,296
2234,RegionF,60
2235,RegionA,27
2235,RegionB,47
2235,RegionC,17
2235,RegionD,63
2235,RegionE,154
2235,RegionF,140
2236,RegionA,76
2236,RegionB,157
2236,RegionC,40
2236,RegionD,190
2236,RegionE,123
2236,RegionF,320
2237,RegionA,129
2237,RegionB,43
2237,RegionC,94
2237,RegionD,198
2237,RegionE,257
2237,RegionF,179
2238,RegionA,23
2238,RegionB,35
2238,RegionC,117
2238,RegionD,399
2238,RegionE,63
2238,RegionF,96
2239,RegionA,57
2239,RegionB,41
2239,RegionC,17
2239,RegionD,309
2239,RegionE,368
2239,RegionF,13
2240,RegionA,9
2240,RegionB,27
2240,RegionC,8
2240,RegionD,145
2240,RegionE,267
2240,RegionF,48
2241,RegionA,149
2241,RegionB,39
2241,RegionC,15
2241,RegionD,34
2241,RegionE,75
2241,RegionF,233
2242,RegionA,15
2242,RegionB,45
2242,RegionC,27
2242,RegionD,225
2242,RegionE,17
2242,RegionF,125
2243,RegionA,0
2243,RegionB,30
2243,RegionC,34
2243,RegionD,79
2243,RegionE,217
2243,RegionF,74
2244,RegionA,69
2244,RegionB,36
2244,RegionC,14
2244,RegionD,224
2244,RegionE,157
2244,RegionF,445
2245,RegionA,172
2245,RegionB,23
2245,RegionC,70
2245,RegionD,85
2245,RegionE,103
2245,RegionF,202
2246,RegionA,39
2246,RegionB,167
2246,RegionC,14
2246,RegionD,329
2246,RegionE,53
2246,RegionF,26
2247,RegionA,5
2247,RegionB,174
2247,RegionC,96
2247,RegionD,219
2247,RegionE,90
2247,RegionF,0
2248,RegionA,39
2248,RegionB,54
2248,RegionC,48
2248,RegionD,150
2248,RegionE,61
2248,RegionF,113
2249,RegionA,129
2249,RegionB,0
2249,RegionC,15
2249,RegionD,31
2249,RegionE,271
2249,RegionF,231
2250,RegionA,92
2250,RegionB,0
2250,RegionC,7
2250,RegionD,166
2250,RegionE,60
2250,RegionF,120
2251,RegionA,116
2251,RegionB,69
2251,RegionC,70
2251,RegionD,201
2251,RegionE,12
2251,RegionF,1
2252,RegionA,79
2252,RegionB,12
2252,RegionC,27
2252,RegionD,86
2252,RegionE,9
2252,RegionF,119
2253,RegionA,151
2253,RegionB,9
2253,RegionC,69
2253,RegionD,162
2253,RegionE,98
2253,RegionF,15
2254,RegionA,65
2254,RegionB,67
2254,RegionC,7
2254,RegionD,126
2254,RegionE,71
2254,RegionF,47
2255,RegionA,285
2255,RegionB,30
2255,RegionC,4
2255,RegionD,290
2255,RegionE,100
2255,RegionF,194
2256,RegionA,256
2256,RegionB,12
2256,RegionC,38
2256,RegionD,133
2256,RegionE,106
2256,RegionF,76
2257,RegionA,56
2257,RegionB,26
2257,RegionC,100
2257,RegionD,187
2257,RegionE,150
2257,RegionF,29
2258,RegionA,42
2258,RegionB,0
2258,RegionC,125
2258,RegionD,266
2258,RegionE,112
2258,RegionF,152
2259,RegionA,33
2259,RegionB,100
2259,RegionC,9
2259,RegionD,346
2259,RegionE,104
2259,RegionF,27
2260,RegionA,8
2260,RegionB,61
2260,RegionC,12
2260,RegionD,221
2260,RegionE,132
2260,RegionF,52
2261,RegionA,33
2261,RegionB,25
2261,RegionC,72
2261,RegionD,440
2261,RegionE,52
2261,RegionF,191
2262,RegionA,2
2262,RegionB,45
2262,RegionC,75
2262,RegionD,90
2262,RegionE,156
2262,RegionF,91
2263,RegionA,116
2263,RegionB,23
2263,RegionC,76
2263,RegionD,103
2263,RegionE,104
2263,RegionF,56
2264,RegionA,41
2264,RegionB,65
2264,RegionC,13
2264,RegionD,188
2264,RegionE,25
2264,RegionF,120
2265,RegionA,8
2265,RegionB,44
2265,RegionC,18
2265,RegionD,176
2265,RegionE,27
2265,RegionF,62
2266,RegionA,132
2266,RegionB,27
2266,RegionC,91
2266,RegionD,119
2266,RegionE,339
2266,RegionF,90
2267,RegionA,3
2267,RegionB,49
2267,RegionC,74
2267,RegionD,132
2267,RegionE,378
2267,RegionF,23
2268,RegionA,30
2268,RegionB,43
2268,RegionC,20
2268,RegionD,254
2268,RegionE,134
2268,RegionF,161
2269,RegionA,130
2269,RegionB,142
2269,RegionC,22
2269,RegionD,47
2269,RegionE,89
2269,RegionF,23
2270,RegionA,62
2270,RegionB,123
2270,RegionC,115
2270,RegionD,131
2270,RegionE,65
2270,RegionF,208
2271,RegionA,22
2271,RegionB,34
2271,RegionC,0
2271,RegionD,155
2271,RegionE,173
2271,RegionF,33
2272,RegionA,64
2272,RegionB,42
2272,RegionC,124
2272,RegionD,85
2272,RegionE,285
2272,RegionF,125
2273,RegionA,21
2273,RegionB,158
2273,RegionC,6
2273,RegionD,13
2273,RegionE,119
2273,RegionF,39
2274,RegionA,144
2274,RegionB,51
2274,RegionC,15
2274,RegionD,41
2274,RegionE,156
2274,RegionF,0
2275,RegionA,167
2275,RegionB,62
2275,RegionC,50
2275,RegionD,91
2275,RegionE,33
2275,RegionF,122
2276,RegionA,20
2276,RegionB,42
2276,RegionC,11
2276,RegionD,325
2276,RegionE,439
2276,RegionF,14
2277,RegionA,99
2277,RegionB,110
2277,RegionC,29
2277,RegionD,146
2277,RegionE,7
2277,RegionF,402
2278,RegionA,53
2278,RegionB,29
2278,RegionC,69
2278,RegionD,252
2278,RegionE,37
2278,RegionF,124
2279,RegionA,46
2279,RegionB,12
2279,RegionC,124
2279,RegionD,282
2279,RegionE,67
2279,RegionF,229
2280,RegionA,29
2280,RegionB,34
2280,RegionC,130
2280,RegionD,149
2280,RegionE,399
2280,RegionF,263
2281,RegionA,48
2281,RegionB,113
2281,RegionC,40
2281,RegionD,129
2281,RegionE,280
2281,RegionF,55
2282,RegionA,19
2282,RegionB,47
2282,RegionC,36
2282,RegionD,54
2282,RegionE,235
2282,RegionF,176
2283,RegionA,33
2283,RegionB,147
2283,RegionC,24
2283,RegionD,71
2283,RegionE,113
2283,RegionF,179
2284,RegionA,50
2284,RegionB,25
2284,RegionC,17
2284,RegionD,281
2284,RegionE,65
2284,RegionF,80
2285,RegionA,46
2285,RegionB,21
2285,RegionC,42
2285,RegionD,179
2285,RegionE,153
2285,RegionF,237
2286,RegionA,13
2286,RegionB,35
2286,RegionC,37
2286,RegionD,215
2286,RegionE,157
2286,RegionF,8
2287,RegionA,0
2287,RegionB,24
2287,RegionC,24
2287,RegionD,263
2287,RegionE,414
2287,RegionF,195
2288,RegionA,31
2288,RegionB,17
2288,RegionC,10
2288,RegionD,100
2288,RegionE,47
2288,RegionF,372
2289,RegionA,9
2289,RegionB,117
2289,RegionC,38
2289,RegionD,126
2289,RegionE,123
2289,RegionF,25
2290,RegionA,55
2290,RegionB,28
2290,RegionC,14
2290,RegionD,180
2290,RegionE,15
2290,RegionF,61
2291,RegionA,83
2291,RegionB,38
2291,RegionC,11
2291,RegionD,119
2291,RegionE,205
2291,RegionF,172
2292,RegionA,17
2292,RegionB,100
2292,RegionC,20
2292,RegionD,128
2292,RegionE,58
2292,RegionF,25
2293,RegionA,14
2293,RegionB,33
2293,RegionC,0
2293,RegionD,261
2293,RegionE,0
2293,RegionF,81
2294,RegionA,143
2294,RegionB,60
2294,RegionC,32
2294,RegionD,145
2294,RegionE,512
2294,RegionF,63
2295,RegionA,102
2295,RegionB,48
2295,RegionC,7
2295,RegionD,398
2295,RegionE,241
2295,RegionF,0
2296,RegionA,0
2296,RegionB,34
2296,RegionC,2
2296,RegionD,281
2296,RegionE,22
2296,RegionF,180
2297,RegionA,44
2297,RegionB,21
2297,RegionC,108
2297,RegionD,444
2297,RegionE,226
2297,RegionF,351
2298,RegionA,2
2298,RegionB,23
2298,RegionC,41
2298,RegionD,136
2298,RegionE,40
2298,RegionF,13
2299,RegionA,201
2299,RegionB,6
2299,RegionC,9
2299,RegionD,204
2299,RegionE,221
2299,RegionF,10
2300,RegionA,49
2300,RegionB,20
2300,RegionC,123
2300,RegionD,18
2300,RegionE,0
2300,RegionF,487
2301,RegionA,68
2301,RegionB,73
2301,RegionC,7
2301,RegionD,274
2301,RegionE,36
2301,RegionF,191
2302,RegionA,30
2302,RegionB,11
2302,RegionC,136
2302,RegionD,39
2302,RegionE,36
2302,RegionF,65
2303,RegionA,4
2303,RegionB,51
2303,RegionC,15
2303,RegionD,221
2303,RegionE,109
2303,RegionF,36
2304,RegionA,13
2304,RegionB,22
2304,RegionC,85
2304,RegionD,212
2304,RegionE,0
2304,RegionF,0
2305,RegionA,23
2305,RegionB,201
2305,RegionC,10
2305,RegionD,284
2305,RegionE,182
2305,RegionF,18
2306,RegionA,92
2306,RegionB,32
2306,RegionC,7
2306,RegionD,258
2306,RegionE,345
2306,RegionF,56
2307,RegionA,128
2307,RegionB,28
2307,RegionC,30
2307,RegionD,192
2307,RegionE,39
2307,RegionF,159
2308,RegionA,0
2308,RegionB,25
2308,RegionC,36
2308,RegionD,628
2308,RegionE,266
2308,RegionF,159
2309,RegionA,33
2309,RegionB,41
2309,RegionC,6
2309,RegionD,62
2309,RegionE,33
2309,RegionF,398
2310,RegionA,59
2310,RegionB,10
2310,RegionC,56
2310,RegionD,0
2310,RegionE,52
2310,RegionF,159
2311,RegionA,14
2311,RegionB,17
2311,RegionC,4
2311,RegionD,44
2311,RegionE,193
2311,RegionF,84
2312,RegionA,57
2312,RegionB,143
2312,RegionC,46
2312,RegionD,172
2312,RegionE,0
2312,RegionF,212
2313,RegionA,19
2313,RegionB,5
2313,RegionC,18
2313,RegionD,105
2313,RegionE,26
2313,RegionF,176
2314,RegionA,5
2314,RegionB,51
2314,RegionC,3
2314,RegionD,569
2314,RegionE,61
2314,RegionF,406
2315,RegionA,12
2315,RegionB,36
2315,RegionC,6
2315,RegionD,359
2315,RegionE,113
2315,RegionF,220
2316,RegionA,17
2316,RegionB,20
2316,RegionC,50
2316,RegionD,102
2316,RegionE,165
2316,RegionF,50
2317,RegionA,13
2317,RegionB,266
2317,RegionC,28
2317,RegionD,278
2317,RegionE,0
2317,RegionF,222
2318,RegionA,49
2318,RegionB,85
2318,RegionC,20
2318,RegionD,30
2318,RegionE,161
2318,RegionF,246
2319,RegionA,48
2319,RegionB,11
2319,RegionC,22
2319,RegionD,294
2319,RegionE,119
2319,RegionF,303
2320,RegionA,87
2320,RegionB,13
2320,RegionC,19
2320,RegionD,223
2320,RegionE,277
2320,RegionF,17
2321,RegionA,50
2321,RegionB,61
2321,RegionC,6
2321,RegionD,247
2321,RegionE,89
2321,RegionF,169
2322,RegionA,6
2322,RegionB,106
2322,RegionC,12
2322,RegionD,133
2322,RegionE,159
2322,RegionF,35
2323,RegionA,3
2323,RegionB,37
2323,RegionC,45
2323,RegionD,35
2323,RegionE,111
2323,RegionF,166
2324,RegionA,49
2324,RegionB,41
2324,RegionC,2
2324,RegionD,113
2324,RegionE,0
2324,RegionF,233
2325,RegionA,47
2325,RegionB,22
2325,RegionC,35
2325,RegionD,97
2325,RegionE,102
2325,RegionF,28
2326,RegionA,46
2326,RegionB,43
2326,RegionC,19
2326,RegionD,384
2326,RegionE,123
2326,RegionF,171
2327,RegionA,114
2327,RegionB,3
2327,RegionC,43
2327,RegionD,370
2327,RegionE,160
2327,RegionF,92
2328,RegionA,18
2328,RegionB,136
2328,RegionC,10
2328,RegionD,441
2328,RegionE,44
2328,RegionF,187
2329,RegionA,27
2329,RegionB,23
2329,RegionC,24
2329,RegionD,186
2329,RegionE,71
2329,RegionF,35
2330,RegionA,22
2330,RegionB,105
2330,RegionC,237
2330,RegionD,117
2330,RegionE,145
2330,RegionF,45
2331,RegionA,33
2331,RegionB,24
2331,RegionC,27
2331,RegionD,98
2331,RegionE,120
2331,RegionF,70
2332,RegionA,59
2332,RegionB,152
2332,RegionC,78
2332,RegionD,81
2332,RegionE,148
2332,RegionF,98
2333,RegionA,9
2333,RegionB,10
2333,RegionC,19
2333,RegionD,0
2333,RegionE,106
2333,RegionF,176
2334,RegionA,16
2334,RegionB,13
2334,RegionC,3
2334,RegionD,126
2334,RegionE,134
2334,RegionF,79
2335,RegionA,158
2335,RegionB,175
2335,RegionC,26
2335,RegionD,50
2335,RegionE,37
2335,RegionF,28
2336,RegionA,177
2336,RegionB,52
2336,RegionC,34
2336,RegionD,195
2336,RegionE,148
2336,RegionF,54
2337,RegionA,149
2337,RegionB,11
2337,RegionC,61
2337,RegionD,9
2337,RegionE,165
2337,RegionF,173
2338,RegionA,90
2338,RegionB,34
2338,RegionC,81
2338,RegionD,142
2338,RegionE,63
2338,RegionF,150
2339,RegionA,263
2339,RegionB,60
2339,RegionC,39
2339,RegionD,345
2339,RegionE,36
2339,RegionF,0
2340,RegionA,140
2340,RegionB,85
2340,RegionC,37
2340,RegionD,312
2340,RegionE,277
2340,RegionF,230
2341,RegionA,44
2341,RegionB,35
2341,RegionC,110
2341,RegionD,335
2341,RegionE,0
2341,RegionF,217
2342,RegionA,53
2342,RegionB,94
2342,RegionC,90
2342,RegionD,40
2342,RegionE,3
2342,RegionF,257
2343,RegionA,36
2343,RegionB,15
2343,RegionC,70
2343,RegionD,372
2343,RegionE,20
2343,RegionF,28
2344,RegionA,134
2344,RegionB,153
2344,RegionC,14
2344,RegionD,115
2344,RegionE,243
2344,RegionF,159
2345,RegionA,48
2345,RegionB,19
2345,RegionC,45
2345,RegionD,305
2345,RegionE,84
2345,RegionF,215
2346,RegionA,22
2346,RegionB,239
2346,RegionC,18
2346,RegionD,101
2346,RegionE,94
2346,RegionF,88
2347,RegionA,12
2347,RegionB,7
2347,RegionC,14
2347,RegionD,53
2347,RegionE,270
2347,RegionF,55
2348,RegionA,9
2348,RegionB,103
2348,RegionC,27
2348,RegionD,57
2348,RegionE,177
2348,RegionF,281
2349,RegionA,56
2349,RegionB,18
2349,RegionC,113
2349,RegionD,167
2349,RegionE,138
2349,RegionF,39
2350,RegionA,138
2350,RegionB,18
2350,RegionC,85
2350,RegionD,472
2350,RegionE,383
2350,RegionF,212
2351,RegionA,10
2351,RegionB,33
2351,RegionC,48
2351,RegionD,177
2351,RegionE,312
2351,RegionF,140
2352,RegionA,23
2352,RegionB,26
2352,RegionC,16
2352,RegionD,207
2352,RegionE,120
2352,RegionF,127
2353,RegionA,24
2353,RegionB,3
2353,RegionC,67
2353,RegionD,260
2353,RegionE,43
2353,RegionF,138
2354,RegionA,12
2354,RegionB,40
2354,RegionC,30
2354,RegionD,210
2354,RegionE,96
2354,RegionF,31
2355,RegionA,64
2355,RegionB,41
2355,RegionC,36
2355,RegionD,174
2355,RegionE,0
2355,RegionF,220
2356,RegionA,125
2356,RegionB,30
2356,RegionC,27
2356,RegionD,68
2356,RegionE,62
2356,RegionF,445
2357,RegionA,9
2357,RegionB,67
2357,RegionC,68
2357,RegionD,90
2357,RegionE,131
2357,RegionF,45
2358,RegionA,24
2358,RegionB,50
2358,RegionC,21
2358,RegionD,308
2358,RegionE,273
2358,RegionF,51
2359,RegionA,5
2359,RegionB,61
2359,RegionC,37
2359,RegionD,202
2359,RegionE,193
2359,RegionF,330
2360,RegionA,20
2360,RegionB,15
2360,RegionC,51
2360,RegionD,195
2360,RegionE,338
2360,RegionF,245
2361,RegionA,23
2361,RegionB,239
2361,RegionC,41
2361,RegionD,165
2361,RegionE,357
2361,RegionF,148
2362,RegionA,8
2362,RegionB,45
2362,RegionC,8
2362,RegionD,21
2362,RegionE,223
2362,RegionF,127
2363,RegionA,19
2363,RegionB,99
2363,RegionC,5
2363,RegionD,49
2363,RegionE,23
2363,RegionF,118
2364,RegionA,95
2364,RegionB,13
2364,RegionC,138
2364,RegionD,43
2364,RegionE,44
2364,RegionF,125
2365,RegionA,14
2365,RegionB,85
2365,RegionC,29
2365,RegionD,143
2365,RegionE,0
2365,RegionF,126
2366,RegionA,27
2366,RegionB,9
2366,RegionC,74
2366,RegionD,182
2366,RegionE,19
2366,RegionF,198
2367,RegionA,29
2367,RegionB,54
2367,RegionC,20
2367,RegionD,236
2367,RegionE,128
2367,RegionF,196
2368,RegionA,11
2368,RegionB,124
2368,RegionC,19
2368,RegionD,294
2368,RegionE,182
2368,RegionF,13
2369,RegionA,43
2369,RegionB,100
2369,RegionC,3
2369,RegionD,111
2369,RegionE,296
2369,RegionF,334
2370,RegionA,94
2370,RegionB,5
2370,RegionC,4
2370,RegionD,129
2370,RegionE,27
2370,RegionF,122
2371,RegionA,49
2371,RegionB,14
2371,RegionC,192
2371,RegionD,244
2371,RegionE,69
2371,RegionF,158
2372,RegionA,0
2372,RegionB,104
2372,RegionC,17
2372,RegionD,201
2372,RegionE,0
2372,RegionF,176
2373,RegionA,20
2373,RegionB,25
2373,RegionC,9
2373,RegionD,220
2373,RegionE,60
2373,RegionF,172
2374,RegionA,151
2374,RegionB,48
2374,RegionC,5
2374,RegionD,144
2374,RegionE,264
2374,RegionF,105
2375,RegionA,133
2375,RegionB,181
2375,RegionC,12
2375,RegionD,41
2375,RegionE,62
2375,RegionF,8
2376,RegionA,14
2376,RegionB,37
2376,RegionC,7
2376,RegionD,129
2376,RegionE,145
2376,RegionF,141
2377,RegionA,55
2377,RegionB,10
2377,RegionC,114
2377,RegionD,209
2377,RegionE,381
2377,RegionF,323
2378,RegionA,8
2378,RegionB,23
2378,RegionC,38
2378,RegionD,170
2378,RegionE,379
2378,RegionF,305
2379,RegionA,43
2379,RegionB,16
2379,RegionC,28
2379,RegionD,394
2379,RegionE,70
2379,RegionF,111
2380,RegionA,122
2380,RegionB,170
2380,RegionC,34
2380,RegionD,105
2380,RegionE,93
2380,RegionF,345
2381,RegionA,50
2381,RegionB,82
2381,RegionC,117
2381,RegionD,178
2381,RegionE,168
2381,RegionF,191
2382,RegionA,20
2382,RegionB,15
2382,RegionC,99
2382,RegionD,117
2382,RegionE,29
2382,RegionF,181
2383,RegionA,42
2383,RegionB,42
2383,RegionC,2
2383,RegionD,129
2383,RegionE,300
2383,RegionF,159
2384,RegionA,12
2384,RegionB,85
2384,RegionC,23
2384,RegionD,74
2384,RegionE,163
2384,RegionF,179
2385,RegionA,5
2385,RegionB,45
2385,RegionC,40
2385,RegionD,98
2385,RegionE,144
2385,RegionF,400
2386,RegionA,21
2386,RegionB,182
2386,RegionC,19
2386,RegionD,180
2386,RegionE,118
2386,RegionF,126
2387,RegionA,27
2387,RegionB,48
2387,RegionC,116
2387,RegionD,141
2387,RegionE,436
2387,RegionF,226
2388,RegionA,203
2388,RegionB,11
2388,RegionC,18
2388,RegionD,92
2388,RegionE,0
2388,RegionF,345
2389,RegionA,35
2389,RegionB,72
2389,RegionC,13
2389,RegionD,276
2389,RegionE,150
2389,RegionF,48
2390,RegionA,16
2390,RegionB,38
2390,RegionC,7
2390,RegionD,353
2390,RegionE,533
2390,RegionF,102
2391,RegionA,143
2391,RegionB,91
2391,RegionC,8
2391,RegionD,144
2391,RegionE,316
2391,RegionF,79
2392,RegionA,59
2392,RegionB,11
2392,RegionC,34
2392,RegionD,250
2392,RegionE,118
2392,RegionF,251
2393,RegionA,34
2393,RegionB,13
2393,RegionC,22
2393,RegionD,43
2393,RegionE,0
2393,RegionF,246
2394,RegionA,20
2394,RegionB,78
2394,RegionC,0
2394,RegionD,255
2394,RegionE,278
2394,RegionF,356
2395,RegionA,31
2395,RegionB,114
2395,RegionC,13
2395,RegionD,157
2395,RegionE,269
2395,RegionF,149
2396,RegionA,117
2396,RegionB,82
2396,RegionC,32
2396,RegionD,235
2396,RegionE,121
2396,RegionF,135
2397,RegionA,204
2397,RegionB,26
2397,RegionC,16
2397,RegionD,64
2397,RegionE,148
2397,RegionF,115
2398,RegionA,15
2398,RegionB,72
2398,RegionC,28
2398,RegionD,400
2398,RegionE,191
2398,RegionF,161
2399,RegionA,4
2399,RegionB,76
2399,RegionC,61
2399,RegionD,0
2399,RegionE,132
2399,RegionF,272
